experiment,path,run,size_bytes,step
coopG1S0,/home/zhaowenhao/isaaclab_nhb/isaaclab_nhb/logs/rsl_rl/coopG1S0/2026-05-15_21-59-12_coopG1S0_hist5_steadyreward_50k_gui/model_42400.pt,2026-05-15_21-59-12_coopG1S0_hist5_steadyreward_50k_gui,10025991,42400
coopG1S0,/home/zhaowenhao/isaaclab_nhb/isaaclab_nhb/logs/rsl_rl/coopG1S0/2026-05-15_21-59-12_coopG1S0_hist5_steadyreward_50k_gui/model_42600.pt,2026-05-15_21-59-12_coopG1S0_hist5_steadyreward_50k_gui,10025991,42600
coopG1S0,/home/zhaowenhao/isaaclab_nhb/isaaclab_nhb/logs/rsl_rl/coopG1S0/2026-06-06_13-45-36_s0_clean_arm_waist_yaw_from42600_16k_5k/model_42600.pt,2026-06-06_13-45-36_s0_clean_arm_waist_yaw_from42600_16k_5k,10025991,42600
coopG1S0,/home/zhaowenhao/isaaclab_nhb/isaaclab_nhb/logs/rsl_rl/coopG1S0/2026-06-06_13-45-36_s0_clean_arm_waist_yaw_from42600_16k_5k/model_42800.pt,2026-06-06_13-45-36_s0_clean_arm_waist_yaw_from42600_16k_5k,10025991,42800
coopG1S0,/home/zhaowenhao/isaaclab_nhb/isaaclab_nhb/logs/rsl_rl/coopG1S0/2026-06-06_13-45-36_s0_clean_arm_waist_yaw_from42600_16k_5k/model_43000.pt,2026-06-06_13-45-36_s0_clean_arm_waist_yaw_from42600_16k_5k,10025991,43000
coopG1S0,/home/zhaowenhao/isaaclab_nhb/isaaclab_nhb/logs/rsl_rl/coopG1S0/2026-06-06_13-45-36_s0_clean_arm_waist_yaw_from42600_16k_5k/model_43200.pt,2026-06-06_13-45-36_s0_clean_arm_waist_yaw_from42600_16k_5k,10025991,43200
coopG1S0,/home/zhaowenhao/isaaclab_nhb/isaaclab_nhb/logs/rsl_rl/coopG1S0/2026-06-06_13-45-36_s0_clean_arm_waist_yaw_from42600_16k_5k/model_43400.pt,2026-06-06_13-45-36_s0_clean_arm_waist_yaw_from42600_16k_5k,10025991,43400
coopG1S0,/home/zhaowenhao/isaaclab_nhb/isaaclab_nhb/logs/rsl_rl/coopG1S0/2026-06-06_13-45-36_s0_clean_arm_waist_yaw_from42600_16k_5k/model_43600.pt,2026-06-06_13-45-36_s0_clean_arm_waist_yaw_from42600_16k_5k,10025991,43600
coopG1S0,/home/zhaowenhao/isaaclab_nhb/isaaclab_nhb/logs/rsl_rl/coopG1S0/2026-06-06_13-45-36_s0_clean_arm_waist_yaw_from42600_16k_5k/model_43800.pt,2026-06-06_13-45-36_s0_clean_arm_waist_yaw_from42600_16k_5k,10025991,43800
coopG1S0,/home/zhaowenhao/isaaclab_nhb/isaaclab_nhb/logs/rsl_rl/coopG1S0/2026-06-06_13-45-36_s0_clean_arm_waist_yaw_from42600_16k_5k/model_44000.pt,2026-06-06_13-45-36_s0_clean_arm_waist_yaw_from42600_16k_5k,10025991,44000
coopG1S0,/home/zhaowenhao/isaaclab_nhb/isaaclab_nhb/logs/rsl_rl/coopG1S0/2026-06-06_13-45-36_s0_clean_arm_waist_yaw_from42600_16k_5k/model_44200.pt,2026-06-06_13-45-36_s0_clean_arm_waist_yaw_from42600_16k_5k,10025991,44200
coopG1S0,/home/zhaowenhao/isaaclab_nhb/isaaclab_nhb/logs/rsl_rl/coopG1S0/2026-06-06_13-45-36_s0_clean_arm_waist_yaw_from42600_16k_5k/model_44400.pt,2026-06-06_13-45-36_s0_clean_arm_waist_yaw_from42600_16k_5k,10025991,44400
coopG1S0,/home/zhaowenhao/isaaclab_nhb/isaaclab_nhb/logs/rsl_rl/coopG1S0/2026-06-06_13-45-36_s0_clean_arm_waist_yaw_from42600_16k_5k/model_44600.pt,2026-06-06_13-45-36_s0_clean_arm_waist_yaw_from42600_16k_5k,10025991,44600
coopG1S0,/home/zhaowenhao/isaaclab_nhb/isaaclab_nhb/logs/rsl_rl/coopG1S0/2026-06-06_13-45-36_s0_clean_arm_waist_yaw_from42600_16k_5k/model_44800.pt,2026-06-06_13-45-36_s0_clean_arm_waist_yaw_from42600_16k_5k,10025991,44800
coopG1S0,/home/zhaowenhao/isaaclab_nhb/isaaclab_nhb/logs/rsl_rl/coopG1S0/2026-06-06_13-45-36_s0_clean_arm_waist_yaw_from42600_16k_5k/model_45000.pt,2026-06-06_13-45-36_s0_clean_arm_waist_yaw_from42600_16k_5k,10025991,45000
coopG1S0,/home/zhaowenhao/isaaclab_nhb/isaaclab_nhb/logs/rsl_rl/coopG1S0/2026-06-06_13-45-36_s0_clean_arm_waist_yaw_from42600_16k_5k/model_45200.pt,2026-06-06_13-45-36_s0_clean_arm_waist_yaw_from42600_16k_5k,10025991,45200
coopG1S0,/home/zhaowenhao/isaaclab_nhb/isaaclab_nhb/logs/rsl_rl/coopG1S0/2026-06-06_13-45-36_s0_clean_arm_waist_yaw_from42600_16k_5k/model_45400.pt,2026-06-06_13-45-36_s0_clean_arm_waist_yaw_from42600_16k_5k,10025991,45400
coopG1S0,/home/zhaowenhao/isaaclab_nhb/isaaclab_nhb/logs/rsl_rl/coopG1S0/2026-06-06_13-45-36_s0_clean_arm_waist_yaw_from42600_16k_5k/model_45600.pt,2026-06-06_13-45-36_s0_clean_arm_waist_yaw_from42600_16k_5k,10025991,45600
coopG1S0,/home/zhaowenhao/isaaclab_nhb/isaaclab_nhb/logs/rsl_rl/coopG1S0/2026-06-06_13-45-36_s0_clean_arm_waist_yaw_from42600_16k_5k/model_45800.pt,2026-06-06_13-45-36_s0_clean_arm_waist_yaw_from42600_16k_5k,10025991,45800
coopG1S0,/home/zhaowenhao/isaaclab_nhb/isaaclab_nhb/logs/rsl_rl/coopG1S0/2026-06-06_13-45-36_s0_clean_arm_waist_yaw_from42600_16k_5k/model_46000.pt,2026-06-06_13-45-36_s0_clean_arm_waist_yaw_from42600_16k_5k,10025991,46000
coopG1S0,/home/zhaowenhao/isaaclab_nhb/isaaclab_nhb/logs/rsl_rl/coopG1S0/2026-06-06_13-45-36_s0_clean_arm_waist_yaw_from42600_16k_5k/model_46200.pt,2026-06-06_13-45-36_s0_clean_arm_waist_yaw_from42600_16k_5k,10025991,46200
coopG1S0,/home/zhaowenhao/isaaclab_nhb/isaaclab_nhb/logs/rsl_rl/coopG1S0/2026-06-06_13-45-36_s0_clean_arm_waist_yaw_from42600_16k_5k/model_46400.pt,2026-06-06_13-45-36_s0_clean_arm_waist_yaw_from42600_16k_5k,10025991,46400
coopG1S0,/home/zhaowenhao/isaaclab_nhb/isaaclab_nhb/logs/rsl_rl/coopG1S0/2026-06-06_13-45-36_s0_clean_arm_waist_yaw_from42600_16k_5k/model_46600.pt,2026-06-06_13-45-36_s0_clean_arm_waist_yaw_from42600_16k_5k,10025991,46600
coopG1S0,/home/zhaowenhao/isaaclab_nhb/isaaclab_nhb/logs/rsl_rl/coopG1S0/2026-06-06_13-45-36_s0_clean_arm_waist_yaw_from42600_16k_5k/model_46800.pt,2026-06-06_13-45-36_s0_clean_arm_waist_yaw_from42600_16k_5k,10025991,46800
coopG1S0,/home/zhaowenhao/isaaclab_nhb/isaaclab_nhb/logs/rsl_rl/coopG1S0/2026-06-06_13-45-36_s0_clean_arm_waist_yaw_from42600_16k_5k/model_47000.pt,2026-06-06_13-45-36_s0_clean_arm_waist_yaw_from42600_16k_5k,10025991,47000
coopG1S0,/home/zhaowenhao/isaaclab_nhb/isaaclab_nhb/logs/rsl_rl/coopG1S0/2026-06-06_13-45-36_s0_clean_arm_waist_yaw_from42600_16k_5k/model_47200.pt,2026-06-06_13-45-36_s0_clean_arm_waist_yaw_from42600_16k_5k,10025991,47200
coopG1S0,/home/zhaowenhao/isaaclab_nhb/isaaclab_nhb/logs/rsl_rl/coopG1S0/2026-06-06_13-45-36_s0_clean_arm_waist_yaw_from42600_16k_5k/model_47400.pt,2026-06-06_13-45-36_s0_clean_arm_waist_yaw_from42600_16k_5k,10025991,47400
coopG1S0,/home/zhaowenhao/isaaclab_nhb/isaaclab_nhb/logs/rsl_rl/coopG1S0/2026-06-06_13-45-36_s0_clean_arm_waist_yaw_from42600_16k_5k/model_47599.pt,2026-06-06_13-45-36_s0_clean_arm_waist_yaw_from42600_16k_5k,10025991,47599
coopG1S0,/home/zhaowenhao/isaaclab_nhb/isaaclab_nhb/logs/rsl_rl/coopG1S0/2026-06-09_11-36-13_s0_gait_bodyyaw_16k_5k/model_0.pt,2026-06-09_11-36-13_s0_gait_bodyyaw_16k_5k,10456063,0
coopG1S0,/home/zhaowenhao/isaaclab_nhb/isaaclab_nhb/logs/rsl_rl/coopG1S0/2026-06-09_11-36-13_s0_gait_bodyyaw_16k_5k/model_200.pt,2026-06-09_11-36-13_s0_gait_bodyyaw_16k_5k,10456675,200
coopG1S0,/home/zhaowenhao/isaaclab_nhb/isaaclab_nhb/logs/rsl_rl/coopG1S0/2026-06-09_11-36-13_s0_gait_bodyyaw_16k_5k/model_400.pt,2026-06-09_11-36-13_s0_gait_bodyyaw_16k_5k,10456675,400
coopG1S0,/home/zhaowenhao/isaaclab_nhb/isaaclab_nhb/logs/rsl_rl/coopG1S0/2026-06-09_11-36-13_s0_gait_bodyyaw_16k_5k/model_600.pt,2026-06-09_11-36-13_s0_gait_bodyyaw_16k_5k,10456675,600
coopG1S0,/home/zhaowenhao/isaaclab_nhb/isaaclab_nhb/logs/rsl_rl/coopG1S0/2026-06-09_11-36-13_s0_gait_bodyyaw_16k_5k/model_800.pt,2026-06-09_11-36-13_s0_gait_bodyyaw_16k_5k,10456675,800
coopG1S0,/home/zhaowenhao/isaaclab_nhb/isaaclab_nhb/logs/rsl_rl/coopG1S0/2026-06-09_11-36-13_s0_gait_bodyyaw_16k_5k/model_1000.pt,2026-06-09_11-36-13_s0_gait_bodyyaw_16k_5k,10456757,1000
coopG1S0,/home/zhaowenhao/isaaclab_nhb/isaaclab_nhb/logs/rsl_rl/coopG1S0/2026-06-09_11-36-13_s0_gait_bodyyaw_16k_5k/model_1200.pt,2026-06-09_11-36-13_s0_gait_bodyyaw_16k_5k,10456757,1200
coopG1S0,/home/zhaowenhao/isaaclab_nhb/isaaclab_nhb/logs/rsl_rl/coopG1S0/2026-06-09_11-36-13_s0_gait_bodyyaw_16k_5k/model_1400.pt,2026-06-09_11-36-13_s0_gait_bodyyaw_16k_5k,10456757,1400
coopG1S0,/home/zhaowenhao/isaaclab_nhb/isaaclab_nhb/logs/rsl_rl/coopG1S0/2026-06-09_11-36-13_s0_gait_bodyyaw_16k_5k/model_1600.pt,2026-06-09_11-36-13_s0_gait_bodyyaw_16k_5k,10456757,1600
coopG1S0,/home/zhaowenhao/isaaclab_nhb/isaaclab_nhb/logs/rsl_rl/coopG1S0/2026-06-09_11-36-13_s0_gait_bodyyaw_16k_5k/model_1800.pt,2026-06-09_11-36-13_s0_gait_bodyyaw_16k_5k,10456757,1800
coopG1S0,/home/zhaowenhao/isaaclab_nhb/isaaclab_nhb/logs/rsl_rl/coopG1S0/2026-06-09_11-36-13_s0_gait_bodyyaw_16k_5k/model_2000.pt,2026-06-09_11-36-13_s0_gait_bodyyaw_16k_5k,10456757,2000
coopG1S0,/home/zhaowenhao/isaaclab_nhb/isaaclab_nhb/logs/rsl_rl/coopG1S0/2026-06-09_11-36-13_s0_gait_bodyyaw_16k_5k/model_2200.pt,2026-06-09_11-36-13_s0_gait_bodyyaw_16k_5k,10456757,2200
coopG1S0,/home/zhaowenhao/isaaclab_nhb/isaaclab_nhb/logs/rsl_rl/coopG1S0/2026-06-09_11-36-13_s0_gait_bodyyaw_16k_5k/model_2400.pt,2026-06-09_11-36-13_s0_gait_bodyyaw_16k_5k,10456757,2400
coopG1S0,/home/zhaowenhao/isaaclab_nhb/isaaclab_nhb/logs/rsl_rl/coopG1S0/2026-06-09_11-36-13_s0_gait_bodyyaw_16k_5k/model_2600.pt,2026-06-09_11-36-13_s0_gait_bodyyaw_16k_5k,10456757,2600
coopG1S0,/home/zhaowenhao/isaaclab_nhb/isaaclab_nhb/logs/rsl_rl/coopG1S0/2026-06-09_11-36-13_s0_gait_bodyyaw_16k_5k/model_2800.pt,2026-06-09_11-36-13_s0_gait_bodyyaw_16k_5k,10456757,2800
coopG1S0,/home/zhaowenhao/isaaclab_nhb/isaaclab_nhb/logs/rsl_rl/coopG1S0/2026-06-09_11-36-13_s0_gait_bodyyaw_16k_5k/model_3000.pt,2026-06-09_11-36-13_s0_gait_bodyyaw_16k_5k,10456757,3000
coopG1S0,/home/zhaowenhao/isaaclab_nhb/isaaclab_nhb/logs/rsl_rl/coopG1S0/2026-06-09_11-36-13_s0_gait_bodyyaw_16k_5k/model_3200.pt,2026-06-09_11-36-13_s0_gait_bodyyaw_16k_5k,10456757,3200
coopG1S0,/home/zhaowenhao/isaaclab_nhb/isaaclab_nhb/logs/rsl_rl/coopG1S0/2026-06-09_11-36-13_s0_gait_bodyyaw_16k_5k/model_3400.pt,2026-06-09_11-36-13_s0_gait_bodyyaw_16k_5k,10456757,3400
coopG1S0,/home/zhaowenhao/isaaclab_nhb/isaaclab_nhb/logs/rsl_rl/coopG1S0/2026-06-09_11-36-13_s0_gait_bodyyaw_16k_5k/model_3600.pt,2026-06-09_11-36-13_s0_gait_bodyyaw_16k_5k,10456757,3600
coopG1S0,/home/zhaowenhao/isaaclab_nhb/isaaclab_nhb/logs/rsl_rl/coopG1S0/2026-06-09_11-36-13_s0_gait_bodyyaw_16k_5k/model_3800.pt,2026-06-09_11-36-13_s0_gait_bodyyaw_16k_5k,10456757,3800
coopG1S0,/home/zhaowenhao/isaaclab_nhb/isaaclab_nhb/logs/rsl_rl/coopG1S0/2026-06-09_11-36-13_s0_gait_bodyyaw_16k_5k/model_4000.pt,2026-06-09_11-36-13_s0_gait_bodyyaw_16k_5k,10456757,4000
coopG1S0,/home/zhaowenhao/isaaclab_nhb/isaaclab_nhb/logs/rsl_rl/coopG1S0/2026-06-09_11-36-13_s0_gait_bodyyaw_16k_5k/model_4200.pt,2026-06-09_11-36-13_s0_gait_bodyyaw_16k_5k,10456757,4200
coopG1S0,/home/zhaowenhao/isaaclab_nhb/isaaclab_nhb/logs/rsl_rl/coopG1S0/2026-06-09_11-36-13_s0_gait_bodyyaw_16k_5k/model_4400.pt,2026-06-09_11-36-13_s0_gait_bodyyaw_16k_5k,10456757,4400
coopG1S0,/home/zhaowenhao/isaaclab_nhb/isaaclab_nhb/logs/rsl_rl/coopG1S0/2026-06-09_20-22-44_s0_gait_pelvis_feetorient_16k_5k/model_0.pt,2026-06-09_20-22-44_s0_gait_pelvis_feetorient_16k_5k,10456063,0
coopG1S0,/home/zhaowenhao/isaaclab_nhb/isaaclab_nhb/logs/rsl_rl/coopG1S0/2026-06-09_20-22-44_s0_gait_pelvis_feetorient_16k_5k/model_200.pt,2026-06-09_20-22-44_s0_gait_pelvis_feetorient_16k_5k,10456675,200
coopG1S0,/home/zhaowenhao/isaaclab_nhb/isaaclab_nhb/logs/rsl_rl/coopG1S0/2026-06-09_20-22-44_s0_gait_pelvis_feetorient_16k_5k/model_400.pt,2026-06-09_20-22-44_s0_gait_pelvis_feetorient_16k_5k,10456675,400
coopG1S0,/home/zhaowenhao/isaaclab_nhb/isaaclab_nhb/logs/rsl_rl/coopG1S0/2026-06-09_20-22-44_s0_gait_pelvis_feetorient_16k_5k/model_600.pt,2026-06-09_20-22-44_s0_gait_pelvis_feetorient_16k_5k,10456675,600
coopG1S0,/home/zhaowenhao/isaaclab_nhb/isaaclab_nhb/logs/rsl_rl/coopG1S0/2026-06-09_20-22-44_s0_gait_pelvis_feetorient_16k_5k/model_800.pt,2026-06-09_20-22-44_s0_gait_pelvis_feetorient_16k_5k,10456675,800
coopG1S0,/home/zhaowenhao/isaaclab_nhb/isaaclab_nhb/logs/rsl_rl/coopG1S0/2026-06-09_20-22-44_s0_gait_pelvis_feetorient_16k_5k/model_1000.pt,2026-06-09_20-22-44_s0_gait_pelvis_feetorient_16k_5k,10456757,1000
coopG1S0,/home/zhaowenhao/isaaclab_nhb/isaaclab_nhb/logs/rsl_rl/coopG1S0/2026-06-09_20-22-44_s0_gait_pelvis_feetorient_16k_5k/model_1200.pt,2026-06-09_20-22-44_s0_gait_pelvis_feetorient_16k_5k,10456757,1200
coopG1S0,/home/zhaowenhao/isaaclab_nhb/isaaclab_nhb/logs/rsl_rl/coopG1S0/2026-06-09_20-22-44_s0_gait_pelvis_feetorient_16k_5k/model_1400.pt,2026-06-09_20-22-44_s0_gait_pelvis_feetorient_16k_5k,10456757,1400
coopG1S0,/home/zhaowenhao/isaaclab_nhb/isaaclab_nhb/logs/rsl_rl/coopG1S0/2026-06-09_20-22-44_s0_gait_pelvis_feetorient_16k_5k/model_1600.pt,2026-06-09_20-22-44_s0_gait_pelvis_feetorient_16k_5k,10456757,1600
coopG1S0,/home/zhaowenhao/isaaclab_nhb/isaaclab_nhb/logs/rsl_rl/coopG1S0/2026-06-09_20-22-44_s0_gait_pelvis_feetorient_16k_5k/model_1800.pt,2026-06-09_20-22-44_s0_gait_pelvis_feetorient_16k_5k,10456757,1800
coopG1S0,/home/zhaowenhao/isaaclab_nhb/isaaclab_nhb/logs/rsl_rl/coopG1S0/2026-06-09_20-22-44_s0_gait_pelvis_feetorient_16k_5k/model_2000.pt,2026-06-09_20-22-44_s0_gait_pelvis_feetorient_16k_5k,10456757,2000
coopG1S0,/home/zhaowenhao/isaaclab_nhb/isaaclab_nhb/logs/rsl_rl/coopG1S0/2026-06-09_20-22-44_s0_gait_pelvis_feetorient_16k_5k/model_2200.pt,2026-06-09_20-22-44_s0_gait_pelvis_feetorient_16k_5k,10456757,2200
coopG1S0,/home/zhaowenhao/isaaclab_nhb/isaaclab_nhb/logs/rsl_rl/coopG1S0/2026-06-09_20-22-44_s0_gait_pelvis_feetorient_16k_5k/model_2400.pt,2026-06-09_20-22-44_s0_gait_pelvis_feetorient_16k_5k,10456757,2400
coopG1S0,/home/zhaowenhao/isaaclab_nhb/isaaclab_nhb/logs/rsl_rl/coopG1S0/2026-06-09_20-22-44_s0_gait_pelvis_feetorient_16k_5k/model_2600.pt,2026-06-09_20-22-44_s0_gait_pelvis_feetorient_16k_5k,10456757,2600
coopG1S0,/home/zhaowenhao/isaaclab_nhb/isaaclab_nhb/logs/rsl_rl/coopG1S0/2026-06-09_20-22-44_s0_gait_pelvis_feetorient_16k_5k/model_2800.pt,2026-06-09_20-22-44_s0_gait_pelvis_feetorient_16k_5k,10456757,2800
coopG1S0,/home/zhaowenhao/isaaclab_nhb/isaaclab_nhb/logs/rsl_rl/coopG1S0/2026-06-09_20-22-44_s0_gait_pelvis_feetorient_16k_5k/model_3000.pt,2026-06-09_20-22-44_s0_gait_pelvis_feetorient_16k_5k,10456757,3000
coopG1S0,/home/zhaowenhao/isaaclab_nhb/isaaclab_nhb/logs/rsl_rl/coopG1S0/2026-06-09_20-22-44_s0_gait_pelvis_feetorient_16k_5k/model_3200.pt,2026-06-09_20-22-44_s0_gait_pelvis_feetorient_16k_5k,10456757,3200
coopG1S0,/home/zhaowenhao/isaaclab_nhb/isaaclab_nhb/logs/rsl_rl/coopG1S0/2026-06-09_20-22-44_s0_gait_pelvis_feetorient_16k_5k/model_3400.pt,2026-06-09_20-22-44_s0_gait_pelvis_feetorient_16k_5k,10456757,3400
coopG1S0,/home/zhaowenhao/isaaclab_nhb/isaaclab_nhb/logs/rsl_rl/coopG1S0/2026-06-09_20-22-44_s0_gait_pelvis_feetorient_16k_5k/model_3600.pt,2026-06-09_20-22-44_s0_gait_pelvis_feetorient_16k_5k,10456757,3600
coopG1S0,/home/zhaowenhao/isaaclab_nhb/isaaclab_nhb/logs/rsl_rl/coopG1S0/2026-06-09_20-22-44_s0_gait_pelvis_feetorient_16k_5k/model_3800.pt,2026-06-09_20-22-44_s0_gait_pelvis_feetorient_16k_5k,10456757,3800
coopG1S0,/home/zhaowenhao/isaaclab_nhb/isaaclab_nhb/logs/rsl_rl/coopG1S0/2026-06-09_20-22-44_s0_gait_pelvis_feetorient_16k_5k/model_4000.pt,2026-06-09_20-22-44_s0_gait_pelvis_feetorient_16k_5k,10456757,4000
coopG1S0,/home/zhaowenhao/isaaclab_nhb/isaaclab_nhb/logs/rsl_rl/coopG1S0/2026-06-09_20-22-44_s0_gait_pelvis_feetorient_16k_5k/model_4200.pt,2026-06-09_20-22-44_s0_gait_pelvis_feetorient_16k_5k,10456757,4200
coopG1S0,/home/zhaowenhao/isaaclab_nhb/isaaclab_nhb/logs/rsl_rl/coopG1S0/2026-06-09_20-22-44_s0_gait_pelvis_feetorient_16k_5k/model_4400.pt,2026-06-09_20-22-44_s0_gait_pelvis_feetorient_16k_5k,10456757,4400
coopG1S0,/home/zhaowenhao/isaaclab_nhb/isaaclab_nhb/logs/rsl_rl/coopG1S0/2026-06-09_20-22-44_s0_gait_pelvis_feetorient_16k_5k/model_4600.pt,2026-06-09_20-22-44_s0_gait_pelvis_feetorient_16k_5k,10456757,4600
coopG1S0,/home/zhaowenhao/isaaclab_nhb/isaaclab_nhb/logs/rsl_rl/coopG1S0/2026-06-09_20-22-44_s0_gait_pelvis_feetorient_16k_5k/model_4800.pt,2026-06-09_20-22-44_s0_gait_pelvis_feetorient_16k_5k,10456757,4800
coopG1S0,/home/zhaowenhao/isaaclab_nhb/isaaclab_nhb/logs/rsl_rl/coopG1S0/2026-06-09_20-22-44_s0_gait_pelvis_feetorient_16k_5k/model_5000.pt,2026-06-09_20-22-44_s0_gait_pelvis_feetorient_16k_5k,10456757,5000
coopG1S0,/home/zhaowenhao/isaaclab_nhb/isaaclab_nhb/logs/rsl_rl/coopG1S0/2026-06-09_20-22-44_s0_gait_pelvis_feetorient_16k_5k/model_5200.pt,2026-06-09_20-22-44_s0_gait_pelvis_feetorient_16k_5k,10456757,5200
coopG1S0,/home/zhaowenhao/isaaclab_nhb/isaaclab_nhb/logs/rsl_rl/coopG1S0/2026-06-09_20-22-44_s0_gait_pelvis_feetorient_16k_5k/model_5400.pt,2026-06-09_20-22-44_s0_gait_pelvis_feetorient_16k_5k,10456757,5400
coopG1S0,/home/zhaowenhao/isaaclab_nhb/isaaclab_nhb/logs/rsl_rl/coopG1S0/2026-06-09_20-22-44_s0_gait_pelvis_feetorient_16k_5k/model_5600.pt,2026-06-09_20-22-44_s0_gait_pelvis_feetorient_16k_5k,10456757,5600
coopG1S0,/home/zhaowenhao/isaaclab_nhb/isaaclab_nhb/logs/rsl_rl/coopG1S0/2026-06-09_20-22-44_s0_gait_pelvis_feetorient_16k_5k/model_5800.pt,2026-06-09_20-22-44_s0_gait_pelvis_feetorient_16k_5k,10456757,5800
coopG1S0,/home/zhaowenhao/isaaclab_nhb/isaaclab_nhb/logs/rsl_rl/coopG1S0/2026-06-09_20-22-44_s0_gait_pelvis_feetorient_16k_5k/model_6000.pt,2026-06-09_20-22-44_s0_gait_pelvis_feetorient_16k_5k,10456757,6000
coopG1S0,/home/zhaowenhao/isaaclab_nhb/isaaclab_nhb/logs/rsl_rl/coopG1S0/2026-06-09_20-22-44_s0_gait_pelvis_feetorient_16k_5k/model_6200.pt,2026-06-09_20-22-44_s0_gait_pelvis_feetorient_16k_5k,10456757,6200
coopG1S1,/home/zhaowenhao/isaaclab_nhb/isaaclab_nhb/logs/rsl_rl/coopG1S1/2026-05-28_19-29-28_s1_height2_carrypose_fromS0_50k_headless/model_42600.pt,2026-05-28_19-29-28_s1_height2_carrypose_fromS0_50k_headless,10025991,42600
coopG1S1,/home/zhaowenhao/isaaclab_nhb/isaaclab_nhb/logs/rsl_rl/coopG1S1/2026-05-28_19-29-28_s1_height2_carrypose_fromS0_50k_headless/model_42800.pt,2026-05-28_19-29-28_s1_height2_carrypose_fromS0_50k_headless,10025991,42800
coopG1S1,/home/zhaowenhao/isaaclab_nhb/isaaclab_nhb/logs/rsl_rl/coopG1S1/2026-05-28_19-29-28_s1_height2_carrypose_fromS0_50k_headless/model_43000.pt,2026-05-28_19-29-28_s1_height2_carrypose_fromS0_50k_headless,10025991,43000
coopG1S1,/home/zhaowenhao/isaaclab_nhb/isaaclab_nhb/logs/rsl_rl/coopG1S1/2026-05-28_19-29-28_s1_height2_carrypose_fromS0_50k_headless/model_43200.pt,2026-05-28_19-29-28_s1_height2_carrypose_fromS0_50k_headless,10025991,43200
coopG1S1,/home/zhaowenhao/isaaclab_nhb/isaaclab_nhb/logs/rsl_rl/coopG1S1/2026-05-28_19-29-28_s1_height2_carrypose_fromS0_50k_headless/model_43400.pt,2026-05-28_19-29-28_s1_height2_carrypose_fromS0_50k_headless,10025991,43400
coopG1S1,/home/zhaowenhao/isaaclab_nhb/isaaclab_nhb/logs/rsl_rl/coopG1S1/2026-05-28_19-29-28_s1_height2_carrypose_fromS0_50k_headless/model_43600.pt,2026-05-28_19-29-28_s1_height2_carrypose_fromS0_50k_headless,10025991,43600
coopG1S1,/home/zhaowenhao/isaaclab_nhb/isaaclab_nhb/logs/rsl_rl/coopG1S1/2026-05-28_19-29-28_s1_height2_carrypose_fromS0_50k_headless/model_43800.pt,2026-05-28_19-29-28_s1_height2_carrypose_fromS0_50k_headless,10025991,43800
coopG1S1,/home/zhaowenhao/isaaclab_nhb/isaaclab_nhb/logs/rsl_rl/coopG1S1/2026-05-28_19-29-28_s1_height2_carrypose_fromS0_50k_headless/model_44000.pt,2026-05-28_19-29-28_s1_height2_carrypose_fromS0_50k_headless,10025991,44000
coopG1S1,/home/zhaowenhao/isaaclab_nhb/isaaclab_nhb/logs/rsl_rl/coopG1S1/2026-05-28_19-29-28_s1_height2_carrypose_fromS0_50k_headless/model_44200.pt,2026-05-28_19-29-28_s1_height2_carrypose_fromS0_50k_headless,10025991,44200
coopG1S1,/home/zhaowenhao/isaaclab_nhb/isaaclab_nhb/logs/rsl_rl/coopG1S1/2026-05-28_19-29-28_s1_height2_carrypose_fromS0_50k_headless/model_44400.pt,2026-05-28_19-29-28_s1_height2_carrypose_fromS0_50k_headless,10025991,44400
coopG1S1,/home/zhaowenhao/isaaclab_nhb/isaaclab_nhb/logs/rsl_rl/coopG1S1/2026-05-28_19-29-28_s1_height2_carrypose_fromS0_50k_headless/model_44600.pt,2026-05-28_19-29-28_s1_height2_carrypose_fromS0_50k_headless,10025991,44600
coopG1S1,/home/zhaowenhao/isaaclab_nhb/isaaclab_nhb/logs/rsl_rl/coopG1S1/2026-05-28_19-29-28_s1_height2_carrypose_fromS0_50k_headless/model_44800.pt,2026-05-28_19-29-28_s1_height2_carrypose_fromS0_50k_headless,10025991,44800
coopG1S1,/home/zhaowenhao/isaaclab_nhb/isaaclab_nhb/logs/rsl_rl/coopG1S1/2026-05-28_19-29-28_s1_height2_carrypose_fromS0_50k_headless/model_45000.pt,2026-05-28_19-29-28_s1_height2_carrypose_fromS0_50k_headless,10025991,45000
coopG1S1,/home/zhaowenhao/isaaclab_nhb/isaaclab_nhb/logs/rsl_rl/coopG1S1/2026-05-28_19-29-28_s1_height2_carrypose_fromS0_50k_headless/model_45200.pt,2026-05-28_19-29-28_s1_height2_carrypose_fromS0_50k_headless,10025991,45200
coopG1S1,/home/zhaowenhao/isaaclab_nhb/isaaclab_nhb/logs/rsl_rl/coopG1S1/2026-05-28_19-29-28_s1_height2_carrypose_fromS0_50k_headless/model_45400.pt,2026-05-28_19-29-28_s1_height2_carrypose_fromS0_50k_headless,10025991,45400
coopG1S1,/home/zhaowenhao/isaaclab_nhb/isaaclab_nhb/logs/rsl_rl/coopG1S1/2026-05-28_19-29-28_s1_height2_carrypose_fromS0_50k_headless/model_45600.pt,2026-05-28_19-29-28_s1_height2_carrypose_fromS0_50k_headless,10025991,45600
coopG1S1,/home/zhaowenhao/isaaclab_nhb/isaaclab_nhb/logs/rsl_rl/coopG1S1/2026-05-28_19-29-28_s1_height2_carrypose_fromS0_50k_headless/model_45800.pt,2026-05-28_19-29-28_s1_height2_carrypose_fromS0_50k_headless,10025991,45800
coopG1S1,/home/zhaowenhao/isaaclab_nhb/isaaclab_nhb/logs/rsl_rl/coopG1S1/2026-05-28_19-29-28_s1_height2_carrypose_fromS0_50k_headless/model_46000.pt,2026-05-28_19-29-28_s1_height2_carrypose_fromS0_50k_headless,10025991,46000
coopG1S1,/home/zhaowenhao/isaaclab_nhb/isaaclab_nhb/logs/rsl_rl/coopG1S1/2026-05-28_19-29-28_s1_height2_carrypose_fromS0_50k_headless/model_46200.pt,2026-05-28_19-29-28_s1_height2_carrypose_fromS0_50k_headless,10025991,46200
coopG1S1,/home/zhaowenhao/isaaclab_nhb/isaaclab_nhb/logs/rsl_rl/coopG1S1/2026-05-28_19-29-28_s1_height2_carrypose_fromS0_50k_headless/model_46400.pt,2026-05-28_19-29-28_s1_height2_carrypose_fromS0_50k_headless,10025991,46400
coopG1S1,/home/zhaowenhao/isaaclab_nhb/isaaclab_nhb/logs/rsl_rl/coopG1S1/2026-05-28_19-29-28_s1_height2_carrypose_fromS0_50k_headless/model_46600.pt,2026-05-28_19-29-28_s1_height2_carrypose_fromS0_50k_headless,10025991,46600
coopG1S1,/home/zhaowenhao/isaaclab_nhb/isaaclab_nhb/logs/rsl_rl/coopG1S1/2026-05-28_19-29-28_s1_height2_carrypose_fromS0_50k_headless/model_46800.pt,2026-05-28_19-29-28_s1_height2_carrypose_fromS0_50k_headless,10025991,46800
coopG1S1,/home/zhaowenhao/isaaclab_nhb/isaaclab_nhb/logs/rsl_rl/coopG1S1/2026-05-28_19-29-28_s1_height2_carrypose_fromS0_50k_headless/model_47000.pt,2026-05-28_19-29-28_s1_height2_carrypose_fromS0_50k_headless,10025991,47000
coopG1S1,/home/zhaowenhao/isaaclab_nhb/isaaclab_nhb/logs/rsl_rl/coopG1S1/2026-05-28_19-29-28_s1_height2_carrypose_fromS0_50k_headless/model_47200.pt,2026-05-28_19-29-28_s1_height2_carrypose_fromS0_50k_headless,10025991,47200
coopG1S1,/home/zhaowenhao/isaaclab_nhb/isaaclab_nhb/logs/rsl_rl/coopG1S1/2026-05-28_19-29-28_s1_height2_carrypose_fromS0_50k_headless/model_47400.pt,2026-05-28_19-29-28_s1_height2_carrypose_fromS0_50k_headless,10025991,47400
coopG1S1,/home/zhaowenhao/isaaclab_nhb/isaaclab_nhb/logs/rsl_rl/coopG1S1/2026-05-28_19-29-28_s1_height2_carrypose_fromS0_50k_headless/model_47600.pt,2026-05-28_19-29-28_s1_height2_carrypose_fromS0_50k_headless,10025991,47600
coopG1S1,/home/zhaowenhao/isaaclab_nhb/isaaclab_nhb/logs/rsl_rl/coopG1S1/2026-05-28_19-29-28_s1_height2_carrypose_fromS0_50k_headless/model_47800.pt,2026-05-28_19-29-28_s1_height2_carrypose_fromS0_50k_headless,10025991,47800
coopG1S1,/home/zhaowenhao/isaaclab_nhb/isaaclab_nhb/logs/rsl_rl/coopG1S1/2026-05-28_19-29-28_s1_height2_carrypose_fromS0_50k_headless/model_48000.pt,2026-05-28_19-29-28_s1_height2_carrypose_fromS0_50k_headless,10025991,48000
coopG1S1,/home/zhaowenhao/isaaclab_nhb/isaaclab_nhb/logs/rsl_rl/coopG1S1/2026-05-28_19-29-28_s1_height2_carrypose_fromS0_50k_headless/model_48200.pt,2026-05-28_19-29-28_s1_height2_carrypose_fromS0_50k_headless,10025991,48200
coopG1S1,/home/zhaowenhao/isaaclab_nhb/isaaclab_nhb/logs/rsl_rl/coopG1S1/2026-05-28_19-29-28_s1_height2_carrypose_fromS0_50k_headless/model_48400.pt,2026-05-28_19-29-28_s1_height2_carrypose_fromS0_50k_headless,10025991,48400
coopG1S1,/home/zhaowenhao/isaaclab_nhb/isaaclab_nhb/logs/rsl_rl/coopG1S1/2026-05-28_19-29-28_s1_height2_carrypose_fromS0_50k_headless/model_48600.pt,2026-05-28_19-29-28_s1_height2_carrypose_fromS0_50k_headless,10025991,48600
coopG1S1,/home/zhaowenhao/isaaclab_nhb/isaaclab_nhb/logs/rsl_rl/coopG1S1/2026-05-28_19-29-28_s1_height2_carrypose_fromS0_50k_headless/model_48800.pt,2026-05-28_19-29-28_s1_height2_carrypose_fromS0_50k_headless,10025991,48800
coopG1S1,/home/zhaowenhao/isaaclab_nhb/isaaclab_nhb/logs/rsl_rl/coopG1S1/2026-05-28_19-29-28_s1_height2_carrypose_fromS0_50k_headless/model_49000.pt,2026-05-28_19-29-28_s1_height2_carrypose_fromS0_50k_headless,10025991,49000
coopG1S1,/home/zhaowenhao/isaaclab_nhb/isaaclab_nhb/logs/rsl_rl/coopG1S1/2026-05-28_19-29-28_s1_height2_carrypose_fromS0_50k_headless/model_49200.pt,2026-05-28_19-29-28_s1_height2_carrypose_fromS0_50k_headless,10025991,49200
coopG1S1,/home/zhaowenhao/isaaclab_nhb/isaaclab_nhb/logs/rsl_rl/coopG1S1/2026-05-28_19-29-28_s1_height2_carrypose_fromS0_50k_headless/model_49400.pt,2026-05-28_19-29-28_s1_height2_carrypose_fromS0_50k_headless,10025991,49400
coopG1S1,/home/zhaowenhao/isaaclab_nhb/isaaclab_nhb/logs/rsl_rl/coopG1S1/2026-05-28_19-29-28_s1_height2_carrypose_fromS0_50k_headless/model_49600.pt,2026-05-28_19-29-28_s1_height2_carrypose_fromS0_50k_headless,10025991,49600
coopG1S1,/home/zhaowenhao/isaaclab_nhb/isaaclab_nhb/logs/rsl_rl/coopG1S1/2026-05-28_19-29-28_s1_height2_carrypose_fromS0_50k_headless/model_49800.pt,2026-05-28_19-29-28_s1_height2_carrypose_fromS0_50k_headless,10025991,49800
coopG1S1,/home/zhaowenhao/isaaclab_nhb/isaaclab_nhb/logs/rsl_rl/coopG1S1/2026-05-28_19-29-28_s1_height2_carrypose_fromS0_50k_headless/model_50000.pt,2026-05-28_19-29-28_s1_height2_carrypose_fromS0_50k_headless,10025991,50000
coopG1S1,/home/zhaowenhao/isaaclab_nhb/isaaclab_nhb/logs/rsl_rl/coopG1S1/2026-05-28_19-29-28_s1_height2_carrypose_fromS0_50k_headless/model_50200.pt,2026-05-28_19-29-28_s1_height2_carrypose_fromS0_50k_headless,10025991,50200
coopG1S1,/home/zhaowenhao/isaaclab_nhb/isaaclab_nhb/logs/rsl_rl/coopG1S1/2026-05-28_19-29-28_s1_height2_carrypose_fromS0_50k_headless/model_50400.pt,2026-05-28_19-29-28_s1_height2_carrypose_fromS0_50k_headless,10025991,50400
coopG1S1,/home/zhaowenhao/isaaclab_nhb/isaaclab_nhb/logs/rsl_rl/coopG1S1/2026-05-28_19-29-28_s1_height2_carrypose_fromS0_50k_headless/model_50600.pt,2026-05-28_19-29-28_s1_height2_carrypose_fromS0_50k_headless,10025991,50600
coopG1S1,/home/zhaowenhao/isaaclab_nhb/isaaclab_nhb/logs/rsl_rl/coopG1S1/2026-05-28_19-29-28_s1_height2_carrypose_fromS0_50k_headless/model_50800.pt,2026-05-28_19-29-28_s1_height2_carrypose_fromS0_50k_headless,10025991,50800
coopG1S1,/home/zhaowenhao/isaaclab_nhb/isaaclab_nhb/logs/rsl_rl/coopG1S1/2026-05-28_19-29-28_s1_height2_carrypose_fromS0_50k_headless/model_51000.pt,2026-05-28_19-29-28_s1_height2_carrypose_fromS0_50k_headless,10025991,51000
coopG1S1,/home/zhaowenhao/isaaclab_nhb/isaaclab_nhb/logs/rsl_rl/coopG1S1/2026-05-28_19-29-28_s1_height2_carrypose_fromS0_50k_headless/model_51200.pt,2026-05-28_19-29-28_s1_height2_carrypose_fromS0_50k_headless,10025991,51200
coopG1S1,/home/zhaowenhao/isaaclab_nhb/isaaclab_nhb/logs/rsl_rl/coopG1S1/2026-05-28_19-29-28_s1_height2_carrypose_fromS0_50k_headless/model_51400.pt,2026-05-28_19-29-28_s1_height2_carrypose_fromS0_50k_headless,10025991,51400
coopG1S1,/home/zhaowenhao/isaaclab_nhb/isaaclab_nhb/logs/rsl_rl/coopG1S1/2026-05-28_19-29-28_s1_height2_carrypose_fromS0_50k_headless/model_51600.pt,2026-05-28_19-29-28_s1_height2_carrypose_fromS0_50k_headless,10025991,51600
coopG1S1,/home/zhaowenhao/isaaclab_nhb/isaaclab_nhb/logs/rsl_rl/coopG1S1/2026-05-28_19-29-28_s1_height2_carrypose_fromS0_50k_headless/model_51800.pt,2026-05-28_19-29-28_s1_height2_carrypose_fromS0_50k_headless,10025991,51800
coopG1S1,/home/zhaowenhao/isaaclab_nhb/isaaclab_nhb/logs/rsl_rl/coopG1S1/2026-05-28_19-29-28_s1_height2_carrypose_fromS0_50k_headless/model_52000.pt,2026-05-28_19-29-28_s1_height2_carrypose_fromS0_50k_headless,10025991,52000
coopG1S1,/home/zhaowenhao/isaaclab_nhb/isaaclab_nhb/logs/rsl_rl/coopG1S1/2026-05-28_19-29-28_s1_height2_carrypose_fromS0_50k_headless/model_52200.pt,2026-05-28_19-29-28_s1_height2_carrypose_fromS0_50k_headless,10025991,52200
coopG1S1,/home/zhaowenhao/isaaclab_nhb/isaaclab_nhb/logs/rsl_rl/coopG1S1/2026-05-28_19-29-28_s1_height2_carrypose_fromS0_50k_headless/model_52400.pt,2026-05-28_19-29-28_s1_height2_carrypose_fromS0_50k_headless,10025991,52400
coopG1S1,/home/zhaowenhao/isaaclab_nhb/isaaclab_nhb/logs/rsl_rl/coopG1S1/2026-05-28_19-29-28_s1_height2_carrypose_fromS0_50k_headless/model_52600.pt,2026-05-28_19-29-28_s1_height2_carrypose_fromS0_50k_headless,10025991,52600
coopG1S1,/home/zhaowenhao/isaaclab_nhb/isaaclab_nhb/logs/rsl_rl/coopG1S1/2026-05-28_19-29-28_s1_height2_carrypose_fromS0_50k_headless/model_52800.pt,2026-05-28_19-29-28_s1_height2_carrypose_fromS0_50k_headless,10025991,52800
coopG1S1,/home/zhaowenhao/isaaclab_nhb/isaaclab_nhb/logs/rsl_rl/coopG1S1/2026-05-28_19-29-28_s1_height2_carrypose_fromS0_50k_headless/model_53000.pt,2026-05-28_19-29-28_s1_height2_carrypose_fromS0_50k_headless,10025991,53000
coopG1S1,/home/zhaowenhao/isaaclab_nhb/isaaclab_nhb/logs/rsl_rl/coopG1S1/2026-05-28_19-29-28_s1_height2_carrypose_fromS0_50k_headless/model_53200.pt,2026-05-28_19-29-28_s1_height2_carrypose_fromS0_50k_headless,10025991,53200
coopG1S1,/home/zhaowenhao/isaaclab_nhb/isaaclab_nhb/logs/rsl_rl/coopG1S1/2026-05-28_19-29-28_s1_height2_carrypose_fromS0_50k_headless/model_53400.pt,2026-05-28_19-29-28_s1_height2_carrypose_fromS0_50k_headless,10025991,53400
coopG1S1,/home/zhaowenhao/isaaclab_nhb/isaaclab_nhb/logs/rsl_rl/coopG1S1/2026-05-28_19-29-28_s1_height2_carrypose_fromS0_50k_headless/model_53600.pt,2026-05-28_19-29-28_s1_height2_carrypose_fromS0_50k_headless,10025991,53600
coopG1S1,/home/zhaowenhao/isaaclab_nhb/isaaclab_nhb/logs/rsl_rl/coopG1S1/2026-05-28_19-29-28_s1_height2_carrypose_fromS0_50k_headless/model_53800.pt,2026-05-28_19-29-28_s1_height2_carrypose_fromS0_50k_headless,10025991,53800
coopG1S1,/home/zhaowenhao/isaaclab_nhb/isaaclab_nhb/logs/rsl_rl/coopG1S1/2026-05-28_19-29-28_s1_height2_carrypose_fromS0_50k_headless/model_54000.pt,2026-05-28_19-29-28_s1_height2_carrypose_fromS0_50k_headless,10025991,54000
coopG1S1,/home/zhaowenhao/isaaclab_nhb/isaaclab_nhb/logs/rsl_rl/coopG1S1/2026-05-28_19-29-28_s1_height2_carrypose_fromS0_50k_headless/model_54200.pt,2026-05-28_19-29-28_s1_height2_carrypose_fromS0_50k_headless,10025991,54200
coopG1S1,/home/zhaowenhao/isaaclab_nhb/isaaclab_nhb/logs/rsl_rl/coopG1S1/2026-05-28_19-29-28_s1_height2_carrypose_fromS0_50k_headless/model_54400.pt,2026-05-28_19-29-28_s1_height2_carrypose_fromS0_50k_headless,10025991,54400
coopG1S1,/home/zhaowenhao/isaaclab_nhb/isaaclab_nhb/logs/rsl_rl/coopG1S1/2026-05-28_19-29-28_s1_height2_carrypose_fromS0_50k_headless/model_54600.pt,2026-05-28_19-29-28_s1_height2_carrypose_fromS0_50k_headless,10025991,54600
coopG1S1,/home/zhaowenhao/isaaclab_nhb/isaaclab_nhb/logs/rsl_rl/coopG1S1/2026-05-28_19-29-28_s1_height2_carrypose_fromS0_50k_headless/model_54800.pt,2026-05-28_19-29-28_s1_height2_carrypose_fromS0_50k_headless,10025991,54800
coopG1S1,/home/zhaowenhao/isaaclab_nhb/isaaclab_nhb/logs/rsl_rl/coopG1S1/2026-05-28_19-29-28_s1_height2_carrypose_fromS0_50k_headless/model_55000.pt,2026-05-28_19-29-28_s1_height2_carrypose_fromS0_50k_headless,10025991,55000
coopG1S1,/home/zhaowenhao/isaaclab_nhb/isaaclab_nhb/logs/rsl_rl/coopG1S1/2026-05-28_19-29-28_s1_height2_carrypose_fromS0_50k_headless/model_55200.pt,2026-05-28_19-29-28_s1_height2_carrypose_fromS0_50k_headless,10025991,55200
coopG1S1,/home/zhaowenhao/isaaclab_nhb/isaaclab_nhb/logs/rsl_rl/coopG1S1/2026-05-28_19-29-28_s1_height2_carrypose_fromS0_50k_headless/model_55400.pt,2026-05-28_19-29-28_s1_height2_carrypose_fromS0_50k_headless,10025991,55400
coopG1S1,/home/zhaowenhao/isaaclab_nhb/isaaclab_nhb/logs/rsl_rl/coopG1S1/2026-05-28_19-29-28_s1_height2_carrypose_fromS0_50k_headless/model_55600.pt,2026-05-28_19-29-28_s1_height2_carrypose_fromS0_50k_headless,10025991,55600
coopG1S1,/home/zhaowenhao/isaaclab_nhb/isaaclab_nhb/logs/rsl_rl/coopG1S1/2026-05-28_19-29-28_s1_height2_carrypose_fromS0_50k_headless/model_55800.pt,2026-05-28_19-29-28_s1_height2_carrypose_fromS0_50k_headless,10025991,55800
coopG1S1,/home/zhaowenhao/isaaclab_nhb/isaaclab_nhb/logs/rsl_rl/coopG1S1/2026-05-28_19-29-28_s1_height2_carrypose_fromS0_50k_headless/model_56000.pt,2026-05-28_19-29-28_s1_height2_carrypose_fromS0_50k_headless,10025991,56000
coopG1S1,/home/zhaowenhao/isaaclab_nhb/isaaclab_nhb/logs/rsl_rl/coopG1S1/2026-05-28_19-29-28_s1_height2_carrypose_fromS0_50k_headless/model_56200.pt,2026-05-28_19-29-28_s1_height2_carrypose_fromS0_50k_headless,10025991,56200
coopG1S1,/home/zhaowenhao/isaaclab_nhb/isaaclab_nhb/logs/rsl_rl/coopG1S1/2026-05-28_19-29-28_s1_height2_carrypose_fromS0_50k_headless/model_56400.pt,2026-05-28_19-29-28_s1_height2_carrypose_fromS0_50k_headless,10025991,56400
coopG1S1,/home/zhaowenhao/isaaclab_nhb/isaaclab_nhb/logs/rsl_rl/coopG1S1/2026-05-28_19-29-28_s1_height2_carrypose_fromS0_50k_headless/model_56600.pt,2026-05-28_19-29-28_s1_height2_carrypose_fromS0_50k_headless,10025991,56600
coopG1S1,/home/zhaowenhao/isaaclab_nhb/isaaclab_nhb/logs/rsl_rl/coopG1S1/2026-05-28_19-29-28_s1_height2_carrypose_fromS0_50k_headless/model_56800.pt,2026-05-28_19-29-28_s1_height2_carrypose_fromS0_50k_headless,10025991,56800
coopG1S1,/home/zhaowenhao/isaaclab_nhb/isaaclab_nhb/logs/rsl_rl/coopG1S1/2026-05-28_19-29-28_s1_height2_carrypose_fromS0_50k_headless/model_57000.pt,2026-05-28_19-29-28_s1_height2_carrypose_fromS0_50k_headless,10025991,57000
coopG1S1,/home/zhaowenhao/isaaclab_nhb/isaaclab_nhb/logs/rsl_rl/coopG1S1/2026-05-28_19-29-28_s1_height2_carrypose_fromS0_50k_headless/model_57200.pt,2026-05-28_19-29-28_s1_height2_carrypose_fromS0_50k_headless,10025991,57200
coopG1S1,/home/zhaowenhao/isaaclab_nhb/isaaclab_nhb/logs/rsl_rl/coopG1S1/2026-05-28_19-29-28_s1_height2_carrypose_fromS0_50k_headless/model_57400.pt,2026-05-28_19-29-28_s1_height2_carrypose_fromS0_50k_headless,10025991,57400
coopG1S1,/home/zhaowenhao/isaaclab_nhb/isaaclab_nhb/logs/rsl_rl/coopG1S1/2026-05-28_19-29-28_s1_height2_carrypose_fromS0_50k_headless/model_57600.pt,2026-05-28_19-29-28_s1_height2_carrypose_fromS0_50k_headless,10025991,57600
coopG1S1,/home/zhaowenhao/isaaclab_nhb/isaaclab_nhb/logs/rsl_rl/coopG1S1/2026-05-28_19-29-28_s1_height2_carrypose_fromS0_50k_headless/model_57800.pt,2026-05-28_19-29-28_s1_height2_carrypose_fromS0_50k_headless,10025991,57800
coopG1S1,/home/zhaowenhao/isaaclab_nhb/isaaclab_nhb/logs/rsl_rl/coopG1S1/2026-05-28_19-29-28_s1_height2_carrypose_fromS0_50k_headless/model_58000.pt,2026-05-28_19-29-28_s1_height2_carrypose_fromS0_50k_headless,10025991,58000
coopG1S1,/home/zhaowenhao/isaaclab_nhb/isaaclab_nhb/logs/rsl_rl/coopG1S1/2026-05-28_19-29-28_s1_height2_carrypose_fromS0_50k_headless/model_58200.pt,2026-05-28_19-29-28_s1_height2_carrypose_fromS0_50k_headless,10025991,58200
coopG1S1,/home/zhaowenhao/isaaclab_nhb/isaaclab_nhb/logs/rsl_rl/coopG1S1/2026-05-28_19-29-28_s1_height2_carrypose_fromS0_50k_headless/model_58400.pt,2026-05-28_19-29-28_s1_height2_carrypose_fromS0_50k_headless,10025991,58400
coopG1S1,/home/zhaowenhao/isaaclab_nhb/isaaclab_nhb/logs/rsl_rl/coopG1S1/2026-05-28_19-29-28_s1_height2_carrypose_fromS0_50k_headless/model_58600.pt,2026-05-28_19-29-28_s1_height2_carrypose_fromS0_50k_headless,10025991,58600
coopG1S1,/home/zhaowenhao/isaaclab_nhb/isaaclab_nhb/logs/rsl_rl/coopG1S1/2026-05-28_19-29-28_s1_height2_carrypose_fromS0_50k_headless/model_58800.pt,2026-05-28_19-29-28_s1_height2_carrypose_fromS0_50k_headless,10025991,58800
coopG1S1,/home/zhaowenhao/isaaclab_nhb/isaaclab_nhb/logs/rsl_rl/coopG1S1/2026-05-28_19-29-28_s1_height2_carrypose_fromS0_50k_headless/model_59000.pt,2026-05-28_19-29-28_s1_height2_carrypose_fromS0_50k_headless,10025991,59000
coopG1S1,/home/zhaowenhao/isaaclab_nhb/isaaclab_nhb/logs/rsl_rl/coopG1S1/2026-05-28_19-29-28_s1_height2_carrypose_fromS0_50k_headless/model_59200.pt,2026-05-28_19-29-28_s1_height2_carrypose_fromS0_50k_headless,10025991,59200
coopG1S1,/home/zhaowenhao/isaaclab_nhb/isaaclab_nhb/logs/rsl_rl/coopG1S1/2026-05-28_19-29-28_s1_height2_carrypose_fromS0_50k_headless/model_59400.pt,2026-05-28_19-29-28_s1_height2_carrypose_fromS0_50k_headless,10025991,59400
coopG1S1,/home/zhaowenhao/isaaclab_nhb/isaaclab_nhb/logs/rsl_rl/coopG1S1/2026-05-28_19-29-28_s1_height2_carrypose_fromS0_50k_headless/model_59600.pt,2026-05-28_19-29-28_s1_height2_carrypose_fromS0_50k_headless,10025991,59600
coopG1S1,/home/zhaowenhao/isaaclab_nhb/isaaclab_nhb/logs/rsl_rl/coopG1S1/2026-05-28_19-29-28_s1_height2_carrypose_fromS0_50k_headless/model_59800.pt,2026-05-28_19-29-28_s1_height2_carrypose_fromS0_50k_headless,10025991,59800
coopG1S1,/home/zhaowenhao/isaaclab_nhb/isaaclab_nhb/logs/rsl_rl/coopG1S1/2026-05-28_19-29-28_s1_height2_carrypose_fromS0_50k_headless/model_60000.pt,2026-05-28_19-29-28_s1_height2_carrypose_fromS0_50k_headless,10025991,60000
coopG1S1,/home/zhaowenhao/isaaclab_nhb/isaaclab_nhb/logs/rsl_rl/coopG1S1/2026-05-28_19-29-28_s1_height2_carrypose_fromS0_50k_headless/model_60200.pt,2026-05-28_19-29-28_s1_height2_carrypose_fromS0_50k_headless,10025991,60200
coopG1S1,/home/zhaowenhao/isaaclab_nhb/isaaclab_nhb/logs/rsl_rl/coopG1S1/2026-05-28_19-29-28_s1_height2_carrypose_fromS0_50k_headless/model_60400.pt,2026-05-28_19-29-28_s1_height2_carrypose_fromS0_50k_headless,10025991,60400
coopG1S1,/home/zhaowenhao/isaaclab_nhb/isaaclab_nhb/logs/rsl_rl/coopG1S1/2026-05-28_19-29-28_s1_height2_carrypose_fromS0_50k_headless/model_60600.pt,2026-05-28_19-29-28_s1_height2_carrypose_fromS0_50k_headless,10025991,60600
coopG1S1,/home/zhaowenhao/isaaclab_nhb/isaaclab_nhb/logs/rsl_rl/coopG1S1/2026-05-28_19-29-28_s1_height2_carrypose_fromS0_50k_headless/model_60800.pt,2026-05-28_19-29-28_s1_height2_carrypose_fromS0_50k_headless,10025991,60800
coopG1S1,/home/zhaowenhao/isaaclab_nhb/isaaclab_nhb/logs/rsl_rl/coopG1S1/2026-05-28_19-29-28_s1_height2_carrypose_fromS0_50k_headless/model_61000.pt,2026-05-28_19-29-28_s1_height2_carrypose_fromS0_50k_headless,10025991,61000
coopG1S1,/home/zhaowenhao/isaaclab_nhb/isaaclab_nhb/logs/rsl_rl/coopG1S1/2026-05-28_19-29-28_s1_height2_carrypose_fromS0_50k_headless/model_61200.pt,2026-05-28_19-29-28_s1_height2_carrypose_fromS0_50k_headless,10025991,61200
coopG1S1,/home/zhaowenhao/isaaclab_nhb/isaaclab_nhb/logs/rsl_rl/coopG1S1/2026-05-28_19-29-28_s1_height2_carrypose_fromS0_50k_headless/model_61400.pt,2026-05-28_19-29-28_s1_height2_carrypose_fromS0_50k_headless,10025991,61400
coopG1S1,/home/zhaowenhao/isaaclab_nhb/isaaclab_nhb/logs/rsl_rl/coopG1S1/2026-05-28_19-29-28_s1_height2_carrypose_fromS0_50k_headless/model_61600.pt,2026-05-28_19-29-28_s1_height2_carrypose_fromS0_50k_headless,10025991,61600
coopG1S1,/home/zhaowenhao/isaaclab_nhb/isaaclab_nhb/logs/rsl_rl/coopG1S1/2026-05-28_19-29-28_s1_height2_carrypose_fromS0_50k_headless/model_61800.pt,2026-05-28_19-29-28_s1_height2_carrypose_fromS0_50k_headless,10025991,61800
coopG1S1,/home/zhaowenhao/isaaclab_nhb/isaaclab_nhb/logs/rsl_rl/coopG1S1/2026-05-28_19-29-28_s1_height2_carrypose_fromS0_50k_headless/model_62000.pt,2026-05-28_19-29-28_s1_height2_carrypose_fromS0_50k_headless,10025991,62000
coopG1S1,/home/zhaowenhao/isaaclab_nhb/isaaclab_nhb/logs/rsl_rl/coopG1S1/2026-05-28_19-29-28_s1_height2_carrypose_fromS0_50k_headless/model_62200.pt,2026-05-28_19-29-28_s1_height2_carrypose_fromS0_50k_headless,10025991,62200
coopG1S1,/home/zhaowenhao/isaaclab_nhb/isaaclab_nhb/logs/rsl_rl/coopG1S1/2026-05-28_19-29-28_s1_height2_carrypose_fromS0_50k_headless/model_62400.pt,2026-05-28_19-29-28_s1_height2_carrypose_fromS0_50k_headless,10025991,62400
coopG1S1,/home/zhaowenhao/isaaclab_nhb/isaaclab_nhb/logs/rsl_rl/coopG1S1/2026-05-28_19-29-28_s1_height2_carrypose_fromS0_50k_headless/model_62600.pt,2026-05-28_19-29-28_s1_height2_carrypose_fromS0_50k_headless,10025991,62600
coopG1S1,/home/zhaowenhao/isaaclab_nhb/isaaclab_nhb/logs/rsl_rl/coopG1S1/2026-05-28_19-29-28_s1_height2_carrypose_fromS0_50k_headless/model_62800.pt,2026-05-28_19-29-28_s1_height2_carrypose_fromS0_50k_headless,10025991,62800
coopG1S1,/home/zhaowenhao/isaaclab_nhb/isaaclab_nhb/logs/rsl_rl/coopG1S1/2026-05-28_19-29-28_s1_height2_carrypose_fromS0_50k_headless/model_63000.pt,2026-05-28_19-29-28_s1_height2_carrypose_fromS0_50k_headless,10025991,63000
coopG1S1,/home/zhaowenhao/isaaclab_nhb/isaaclab_nhb/logs/rsl_rl/coopG1S1/2026-05-28_19-29-28_s1_height2_carrypose_fromS0_50k_headless/model_63200.pt,2026-05-28_19-29-28_s1_height2_carrypose_fromS0_50k_headless,10025991,63200
coopG1S1,/home/zhaowenhao/isaaclab_nhb/isaaclab_nhb/logs/rsl_rl/coopG1S1/2026-05-28_19-29-28_s1_height2_carrypose_fromS0_50k_headless/model_63400.pt,2026-05-28_19-29-28_s1_height2_carrypose_fromS0_50k_headless,10025991,63400
coopG1S1,/home/zhaowenhao/isaaclab_nhb/isaaclab_nhb/logs/rsl_rl/coopG1S1/2026-05-28_19-29-28_s1_height2_carrypose_fromS0_50k_headless/model_63600.pt,2026-05-28_19-29-28_s1_height2_carrypose_fromS0_50k_headless,10025991,63600
coopG1S1,/home/zhaowenhao/isaaclab_nhb/isaaclab_nhb/logs/rsl_rl/coopG1S1/2026-05-28_19-29-28_s1_height2_carrypose_fromS0_50k_headless/model_63800.pt,2026-05-28_19-29-28_s1_height2_carrypose_fromS0_50k_headless,10025991,63800
coopG1S1,/home/zhaowenhao/isaaclab_nhb/isaaclab_nhb/logs/rsl_rl/coopG1S1/2026-05-28_19-29-28_s1_height2_carrypose_fromS0_50k_headless/model_64000.pt,2026-05-28_19-29-28_s1_height2_carrypose_fromS0_50k_headless,10025991,64000
coopG1S1,/home/zhaowenhao/isaaclab_nhb/isaaclab_nhb/logs/rsl_rl/coopG1S1/2026-05-28_19-29-28_s1_height2_carrypose_fromS0_50k_headless/model_64200.pt,2026-05-28_19-29-28_s1_height2_carrypose_fromS0_50k_headless,10025991,64200
coopG1S1,/home/zhaowenhao/isaaclab_nhb/isaaclab_nhb/logs/rsl_rl/coopG1S1/2026-05-28_19-29-28_s1_height2_carrypose_fromS0_50k_headless/model_64400.pt,2026-05-28_19-29-28_s1_height2_carrypose_fromS0_50k_headless,10025991,64400
coopG1S1,/home/zhaowenhao/isaaclab_nhb/isaaclab_nhb/logs/rsl_rl/coopG1S1/2026-05-28_19-29-28_s1_height2_carrypose_fromS0_50k_headless/model_64600.pt,2026-05-28_19-29-28_s1_height2_carrypose_fromS0_50k_headless,10025991,64600
coopG1S1,/home/zhaowenhao/isaaclab_nhb/isaaclab_nhb/logs/rsl_rl/coopG1S1/2026-05-28_19-29-28_s1_height2_carrypose_fromS0_50k_headless/model_64800.pt,2026-05-28_19-29-28_s1_height2_carrypose_fromS0_50k_headless,10025991,64800
coopG1S1,/home/zhaowenhao/isaaclab_nhb/isaaclab_nhb/logs/rsl_rl/coopG1S1/2026-05-28_19-29-28_s1_height2_carrypose_fromS0_50k_headless/model_65000.pt,2026-05-28_19-29-28_s1_height2_carrypose_fromS0_50k_headless,10025991,65000
coopG1S1,/home/zhaowenhao/isaaclab_nhb/isaaclab_nhb/logs/rsl_rl/coopG1S1/2026-05-28_19-29-28_s1_height2_carrypose_fromS0_50k_headless/model_65200.pt,2026-05-28_19-29-28_s1_height2_carrypose_fromS0_50k_headless,10025991,65200
coopG1S1,/home/zhaowenhao/isaaclab_nhb/isaaclab_nhb/logs/rsl_rl/coopG1S1/2026-05-28_19-29-28_s1_height2_carrypose_fromS0_50k_headless/model_65400.pt,2026-05-28_19-29-28_s1_height2_carrypose_fromS0_50k_headless,10025991,65400
coopG1S1,/home/zhaowenhao/isaaclab_nhb/isaaclab_nhb/logs/rsl_rl/coopG1S1/2026-05-28_19-29-28_s1_height2_carrypose_fromS0_50k_headless/model_65600.pt,2026-05-28_19-29-28_s1_height2_carrypose_fromS0_50k_headless,10025991,65600
coopG1S1,/home/zhaowenhao/isaaclab_nhb/isaaclab_nhb/logs/rsl_rl/coopG1S1/2026-05-28_19-29-28_s1_height2_carrypose_fromS0_50k_headless/model_65800.pt,2026-05-28_19-29-28_s1_height2_carrypose_fromS0_50k_headless,10025991,65800
coopG1S1,/home/zhaowenhao/isaaclab_nhb/isaaclab_nhb/logs/rsl_rl/coopG1S1/2026-05-28_19-29-28_s1_height2_carrypose_fromS0_50k_headless/model_66000.pt,2026-05-28_19-29-28_s1_height2_carrypose_fromS0_50k_headless,10025991,66000
coopG1S1,/home/zhaowenhao/isaaclab_nhb/isaaclab_nhb/logs/rsl_rl/coopG1S1/2026-05-28_19-29-28_s1_height2_carrypose_fromS0_50k_headless/model_66200.pt,2026-05-28_19-29-28_s1_height2_carrypose_fromS0_50k_headless,10025991,66200
coopG1S1,/home/zhaowenhao/isaaclab_nhb/isaaclab_nhb/logs/rsl_rl/coopG1S1/2026-05-28_19-29-28_s1_height2_carrypose_fromS0_50k_headless/model_66400.pt,2026-05-28_19-29-28_s1_height2_carrypose_fromS0_50k_headless,10025991,66400
coopG1S1,/home/zhaowenhao/isaaclab_nhb/isaaclab_nhb/logs/rsl_rl/coopG1S1/2026-05-28_19-29-28_s1_height2_carrypose_fromS0_50k_headless/model_66600.pt,2026-05-28_19-29-28_s1_height2_carrypose_fromS0_50k_headless,10025991,66600
coopG1S1,/home/zhaowenhao/isaaclab_nhb/isaaclab_nhb/logs/rsl_rl/coopG1S1/2026-05-28_19-29-28_s1_height2_carrypose_fromS0_50k_headless/model_66800.pt,2026-05-28_19-29-28_s1_height2_carrypose_fromS0_50k_headless,10025991,66800
coopG1S1,/home/zhaowenhao/isaaclab_nhb/isaaclab_nhb/logs/rsl_rl/coopG1S1/2026-05-28_19-29-28_s1_height2_carrypose_fromS0_50k_headless/model_67000.pt,2026-05-28_19-29-28_s1_height2_carrypose_fromS0_50k_headless,10025991,67000
coopG1S1,/home/zhaowenhao/isaaclab_nhb/isaaclab_nhb/logs/rsl_rl/coopG1S1/2026-05-28_19-29-28_s1_height2_carrypose_fromS0_50k_headless/model_67200.pt,2026-05-28_19-29-28_s1_height2_carrypose_fromS0_50k_headless,10025991,67200
coopG1S1,/home/zhaowenhao/isaaclab_nhb/isaaclab_nhb/logs/rsl_rl/coopG1S1/2026-05-28_19-29-28_s1_height2_carrypose_fromS0_50k_headless/model_67400.pt,2026-05-28_19-29-28_s1_height2_carrypose_fromS0_50k_headless,10025991,67400
coopG1S1,/home/zhaowenhao/isaaclab_nhb/isaaclab_nhb/logs/rsl_rl/coopG1S1/2026-05-28_19-29-28_s1_height2_carrypose_fromS0_50k_headless/model_67600.pt,2026-05-28_19-29-28_s1_height2_carrypose_fromS0_50k_headless,10025991,67600
coopG1S1,/home/zhaowenhao/isaaclab_nhb/isaaclab_nhb/logs/rsl_rl/coopG1S1/2026-05-28_19-29-28_s1_height2_carrypose_fromS0_50k_headless/model_67800.pt,2026-05-28_19-29-28_s1_height2_carrypose_fromS0_50k_headless,10025991,67800
coopG1S1,/home/zhaowenhao/isaaclab_nhb/isaaclab_nhb/logs/rsl_rl/coopG1S1/2026-05-28_19-29-28_s1_height2_carrypose_fromS0_50k_headless/model_68000.pt,2026-05-28_19-29-28_s1_height2_carrypose_fromS0_50k_headless,10025991,68000
coopG1S1,/home/zhaowenhao/isaaclab_nhb/isaaclab_nhb/logs/rsl_rl/coopG1S1/2026-05-28_19-29-28_s1_height2_carrypose_fromS0_50k_headless/model_68200.pt,2026-05-28_19-29-28_s1_height2_carrypose_fromS0_50k_headless,10025991,68200
coopG1S1,/home/zhaowenhao/isaaclab_nhb/isaaclab_nhb/logs/rsl_rl/coopG1S1/2026-05-28_19-29-28_s1_height2_carrypose_fromS0_50k_headless/model_68400.pt,2026-05-28_19-29-28_s1_height2_carrypose_fromS0_50k_headless,10025991,68400
coopG1S1,/home/zhaowenhao/isaaclab_nhb/isaaclab_nhb/logs/rsl_rl/coopG1S1/2026-05-28_19-29-28_s1_height2_carrypose_fromS0_50k_headless/model_68600.pt,2026-05-28_19-29-28_s1_height2_carrypose_fromS0_50k_headless,10025991,68600
coopG1S1,/home/zhaowenhao/isaaclab_nhb/isaaclab_nhb/logs/rsl_rl/coopG1S1/2026-05-28_19-29-28_s1_height2_carrypose_fromS0_50k_headless/model_68800.pt,2026-05-28_19-29-28_s1_height2_carrypose_fromS0_50k_headless,10025991,68800
coopG1S1,/home/zhaowenhao/isaaclab_nhb/isaaclab_nhb/logs/rsl_rl/coopG1S1/2026-05-28_19-29-28_s1_height2_carrypose_fromS0_50k_headless/model_69000.pt,2026-05-28_19-29-28_s1_height2_carrypose_fromS0_50k_headless,10025991,69000
coopG1S1,/home/zhaowenhao/isaaclab_nhb/isaaclab_nhb/logs/rsl_rl/coopG1S1/2026-05-28_19-29-28_s1_height2_carrypose_fromS0_50k_headless/model_69200.pt,2026-05-28_19-29-28_s1_height2_carrypose_fromS0_50k_headless,10025991,69200
coopG1S1,/home/zhaowenhao/isaaclab_nhb/isaaclab_nhb/logs/rsl_rl/coopG1S1/2026-05-28_19-29-28_s1_height2_carrypose_fromS0_50k_headless/model_69400.pt,2026-05-28_19-29-28_s1_height2_carrypose_fromS0_50k_headless,10025991,69400
coopG1S1,/home/zhaowenhao/isaaclab_nhb/isaaclab_nhb/logs/rsl_rl/coopG1S1/2026-05-28_19-29-28_s1_height2_carrypose_fromS0_50k_headless/model_69600.pt,2026-05-28_19-29-28_s1_height2_carrypose_fromS0_50k_headless,10025991,69600
coopG1S1,/home/zhaowenhao/isaaclab_nhb/isaaclab_nhb/logs/rsl_rl/coopG1S1/2026-05-28_19-29-28_s1_height2_carrypose_fromS0_50k_headless/model_69800.pt,2026-05-28_19-29-28_s1_height2_carrypose_fromS0_50k_headless,10025991,69800
coopG1S1,/home/zhaowenhao/isaaclab_nhb/isaaclab_nhb/logs/rsl_rl/coopG1S1/2026-05-28_19-29-28_s1_height2_carrypose_fromS0_50k_headless/model_70000.pt,2026-05-28_19-29-28_s1_height2_carrypose_fromS0_50k_headless,10025991,70000
coopG1S1,/home/zhaowenhao/isaaclab_nhb/isaaclab_nhb/logs/rsl_rl/coopG1S1/2026-05-28_19-29-28_s1_height2_carrypose_fromS0_50k_headless/model_70200.pt,2026-05-28_19-29-28_s1_height2_carrypose_fromS0_50k_headless,10025991,70200
coopG1S1,/home/zhaowenhao/isaaclab_nhb/isaaclab_nhb/logs/rsl_rl/coopG1S1/2026-05-28_19-29-28_s1_height2_carrypose_fromS0_50k_headless/model_70400.pt,2026-05-28_19-29-28_s1_height2_carrypose_fromS0_50k_headless,10025991,70400
coopG1S1,/home/zhaowenhao/isaaclab_nhb/isaaclab_nhb/logs/rsl_rl/coopG1S1/2026-05-28_19-29-28_s1_height2_carrypose_fromS0_50k_headless/model_70600.pt,2026-05-28_19-29-28_s1_height2_carrypose_fromS0_50k_headless,10025991,70600
coopG1S1,/home/zhaowenhao/isaaclab_nhb/isaaclab_nhb/logs/rsl_rl/coopG1S1/2026-05-28_19-29-28_s1_height2_carrypose_fromS0_50k_headless/model_70800.pt,2026-05-28_19-29-28_s1_height2_carrypose_fromS0_50k_headless,10025991,70800
coopG1S1,/home/zhaowenhao/isaaclab_nhb/isaaclab_nhb/logs/rsl_rl/coopG1S1/2026-05-28_19-29-28_s1_height2_carrypose_fromS0_50k_headless/model_71000.pt,2026-05-28_19-29-28_s1_height2_carrypose_fromS0_50k_headless,10025991,71000
coopG1S1,/home/zhaowenhao/isaaclab_nhb/isaaclab_nhb/logs/rsl_rl/coopG1S1/2026-05-28_19-29-28_s1_height2_carrypose_fromS0_50k_headless/model_71200.pt,2026-05-28_19-29-28_s1_height2_carrypose_fromS0_50k_headless,10025991,71200
coopG1S1,/home/zhaowenhao/isaaclab_nhb/isaaclab_nhb/logs/rsl_rl/coopG1S1/2026-05-28_19-29-28_s1_height2_carrypose_fromS0_50k_headless/model_71400.pt,2026-05-28_19-29-28_s1_height2_carrypose_fromS0_50k_headless,10025991,71400
coopG1S1,/home/zhaowenhao/isaaclab_nhb/isaaclab_nhb/logs/rsl_rl/coopG1S1/2026-05-28_19-29-28_s1_height2_carrypose_fromS0_50k_headless/model_71600.pt,2026-05-28_19-29-28_s1_height2_carrypose_fromS0_50k_headless,10025991,71600
coopG1S1,/home/zhaowenhao/isaaclab_nhb/isaaclab_nhb/logs/rsl_rl/coopG1S1/2026-05-28_19-29-28_s1_height2_carrypose_fromS0_50k_headless/model_71800.pt,2026-05-28_19-29-28_s1_height2_carrypose_fromS0_50k_headless,10025991,71800
coopG1S1,/home/zhaowenhao/isaaclab_nhb/isaaclab_nhb/logs/rsl_rl/coopG1S1/2026-05-28_19-29-28_s1_height2_carrypose_fromS0_50k_headless/model_72000.pt,2026-05-28_19-29-28_s1_height2_carrypose_fromS0_50k_headless,10025991,72000
coopG1S1,/home/zhaowenhao/isaaclab_nhb/isaaclab_nhb/logs/rsl_rl/coopG1S1/2026-05-28_19-29-28_s1_height2_carrypose_fromS0_50k_headless/model_72200.pt,2026-05-28_19-29-28_s1_height2_carrypose_fromS0_50k_headless,10025991,72200
coopG1S1,/home/zhaowenhao/isaaclab_nhb/isaaclab_nhb/logs/rsl_rl/coopG1S1/2026-05-28_19-29-28_s1_height2_carrypose_fromS0_50k_headless/model_72400.pt,2026-05-28_19-29-28_s1_height2_carrypose_fromS0_50k_headless,10025991,72400
coopG1S1,/home/zhaowenhao/isaaclab_nhb/isaaclab_nhb/logs/rsl_rl/coopG1S1/2026-05-28_19-29-28_s1_height2_carrypose_fromS0_50k_headless/model_72600.pt,2026-05-28_19-29-28_s1_height2_carrypose_fromS0_50k_headless,10025991,72600
coopG1S1,/home/zhaowenhao/isaaclab_nhb/isaaclab_nhb/logs/rsl_rl/coopG1S1/2026-05-28_19-29-28_s1_height2_carrypose_fromS0_50k_headless/model_72800.pt,2026-05-28_19-29-28_s1_height2_carrypose_fromS0_50k_headless,10025991,72800
coopG1S1,/home/zhaowenhao/isaaclab_nhb/isaaclab_nhb/logs/rsl_rl/coopG1S1/2026-05-28_19-29-28_s1_height2_carrypose_fromS0_50k_headless/model_73000.pt,2026-05-28_19-29-28_s1_height2_carrypose_fromS0_50k_headless,10025991,73000
coopG1S1,/home/zhaowenhao/isaaclab_nhb/isaaclab_nhb/logs/rsl_rl/coopG1S1/2026-05-28_19-29-28_s1_height2_carrypose_fromS0_50k_headless/model_73200.pt,2026-05-28_19-29-28_s1_height2_carrypose_fromS0_50k_headless,10025991,73200
coopG1S1,/home/zhaowenhao/isaaclab_nhb/isaaclab_nhb/logs/rsl_rl/coopG1S1/2026-05-28_19-29-28_s1_height2_carrypose_fromS0_50k_headless/model_73400.pt,2026-05-28_19-29-28_s1_height2_carrypose_fromS0_50k_headless,10025991,73400
coopG1S1,/home/zhaowenhao/isaaclab_nhb/isaaclab_nhb/logs/rsl_rl/coopG1S1/2026-05-28_19-29-28_s1_height2_carrypose_fromS0_50k_headless/model_73600.pt,2026-05-28_19-29-28_s1_height2_carrypose_fromS0_50k_headless,10025991,73600
coopG1S1,/home/zhaowenhao/isaaclab_nhb/isaaclab_nhb/logs/rsl_rl/coopG1S1/2026-05-28_19-29-28_s1_height2_carrypose_fromS0_50k_headless/model_73800.pt,2026-05-28_19-29-28_s1_height2_carrypose_fromS0_50k_headless,10025991,73800
coopG1S1,/home/zhaowenhao/isaaclab_nhb/isaaclab_nhb/logs/rsl_rl/coopG1S1/2026-05-28_19-29-28_s1_height2_carrypose_fromS0_50k_headless/model_74000.pt,2026-05-28_19-29-28_s1_height2_carrypose_fromS0_50k_headless,10025991,74000
coopG1S1,/home/zhaowenhao/isaaclab_nhb/isaaclab_nhb/logs/rsl_rl/coopG1S1/2026-05-28_19-29-28_s1_height2_carrypose_fromS0_50k_headless/model_74200.pt,2026-05-28_19-29-28_s1_height2_carrypose_fromS0_50k_headless,10025991,74200
coopG1S1,/home/zhaowenhao/isaaclab_nhb/isaaclab_nhb/logs/rsl_rl/coopG1S1/2026-05-28_19-29-28_s1_height2_carrypose_fromS0_50k_headless/model_74400.pt,2026-05-28_19-29-28_s1_height2_carrypose_fromS0_50k_headless,10025991,74400
coopG1S1,/home/zhaowenhao/isaaclab_nhb/isaaclab_nhb/logs/rsl_rl/coopG1S1/2026-05-28_19-29-28_s1_height2_carrypose_fromS0_50k_headless/model_74600.pt,2026-05-28_19-29-28_s1_height2_carrypose_fromS0_50k_headless,10025991,74600
coopG1S1,/home/zhaowenhao/isaaclab_nhb/isaaclab_nhb/logs/rsl_rl/coopG1S1/2026-05-28_19-29-28_s1_height2_carrypose_fromS0_50k_headless/model_74800.pt,2026-05-28_19-29-28_s1_height2_carrypose_fromS0_50k_headless,10025991,74800
coopG1S1,/home/zhaowenhao/isaaclab_nhb/isaaclab_nhb/logs/rsl_rl/coopG1S1/2026-05-28_19-29-28_s1_height2_carrypose_fromS0_50k_headless/model_75000.pt,2026-05-28_19-29-28_s1_height2_carrypose_fromS0_50k_headless,10025991,75000
coopG1S1,/home/zhaowenhao/isaaclab_nhb/isaaclab_nhb/logs/rsl_rl/coopG1S1/2026-05-28_19-29-28_s1_height2_carrypose_fromS0_50k_headless/model_75200.pt,2026-05-28_19-29-28_s1_height2_carrypose_fromS0_50k_headless,10025991,75200
coopG1S1,/home/zhaowenhao/isaaclab_nhb/isaaclab_nhb/logs/rsl_rl/coopG1S1/2026-05-28_19-29-28_s1_height2_carrypose_fromS0_50k_headless/model_75400.pt,2026-05-28_19-29-28_s1_height2_carrypose_fromS0_50k_headless,10025991,75400
coopG1S1,/home/zhaowenhao/isaaclab_nhb/isaaclab_nhb/logs/rsl_rl/coopG1S1/2026-05-28_19-29-28_s1_height2_carrypose_fromS0_50k_headless/model_75600.pt,2026-05-28_19-29-28_s1_height2_carrypose_fromS0_50k_headless,10025991,75600
coopG1S1,/home/zhaowenhao/isaaclab_nhb/isaaclab_nhb/logs/rsl_rl/coopG1S1/2026-05-28_19-29-28_s1_height2_carrypose_fromS0_50k_headless/model_75800.pt,2026-05-28_19-29-28_s1_height2_carrypose_fromS0_50k_headless,10025991,75800
coopG1S1,/home/zhaowenhao/isaaclab_nhb/isaaclab_nhb/logs/rsl_rl/coopG1S1/2026-05-28_19-29-28_s1_height2_carrypose_fromS0_50k_headless/model_76000.pt,2026-05-28_19-29-28_s1_height2_carrypose_fromS0_50k_headless,10025991,76000
coopG1S1,/home/zhaowenhao/isaaclab_nhb/isaaclab_nhb/logs/rsl_rl/coopG1S1/2026-05-28_19-29-28_s1_height2_carrypose_fromS0_50k_headless/model_76200.pt,2026-05-28_19-29-28_s1_height2_carrypose_fromS0_50k_headless,10025991,76200
coopG1S1,/home/zhaowenhao/isaaclab_nhb/isaaclab_nhb/logs/rsl_rl/coopG1S1/2026-05-28_19-29-28_s1_height2_carrypose_fromS0_50k_headless/model_76400.pt,2026-05-28_19-29-28_s1_height2_carrypose_fromS0_50k_headless,10025991,76400
coopG1S1,/home/zhaowenhao/isaaclab_nhb/isaaclab_nhb/logs/rsl_rl/coopG1S1/2026-05-28_19-29-28_s1_height2_carrypose_fromS0_50k_headless/model_76600.pt,2026-05-28_19-29-28_s1_height2_carrypose_fromS0_50k_headless,10025991,76600
coopG1S1,/home/zhaowenhao/isaaclab_nhb/isaaclab_nhb/logs/rsl_rl/coopG1S1/2026-05-28_19-29-28_s1_height2_carrypose_fromS0_50k_headless/model_76800.pt,2026-05-28_19-29-28_s1_height2_carrypose_fromS0_50k_headless,10025991,76800
coopG1S1,/home/zhaowenhao/isaaclab_nhb/isaaclab_nhb/logs/rsl_rl/coopG1S1/2026-05-28_19-29-28_s1_height2_carrypose_fromS0_50k_headless/model_77000.pt,2026-05-28_19-29-28_s1_height2_carrypose_fromS0_50k_headless,10025991,77000
coopG1S1,/home/zhaowenhao/isaaclab_nhb/isaaclab_nhb/logs/rsl_rl/coopG1S1/2026-05-28_19-29-28_s1_height2_carrypose_fromS0_50k_headless/model_77200.pt,2026-05-28_19-29-28_s1_height2_carrypose_fromS0_50k_headless,10025991,77200
coopG1S1,/home/zhaowenhao/isaaclab_nhb/isaaclab_nhb/logs/rsl_rl/coopG1S1/2026-05-28_19-29-28_s1_height2_carrypose_fromS0_50k_headless/model_77400.pt,2026-05-28_19-29-28_s1_height2_carrypose_fromS0_50k_headless,10025991,77400
coopG1S1,/home/zhaowenhao/isaaclab_nhb/isaaclab_nhb/logs/rsl_rl/coopG1S1/2026-05-28_19-29-28_s1_height2_carrypose_fromS0_50k_headless/model_77600.pt,2026-05-28_19-29-28_s1_height2_carrypose_fromS0_50k_headless,10025991,77600
coopG1S1,/home/zhaowenhao/isaaclab_nhb/isaaclab_nhb/logs/rsl_rl/coopG1S1/2026-05-28_19-29-28_s1_height2_carrypose_fromS0_50k_headless/model_77800.pt,2026-05-28_19-29-28_s1_height2_carrypose_fromS0_50k_headless,10025991,77800
coopG1S1,/home/zhaowenhao/isaaclab_nhb/isaaclab_nhb/logs/rsl_rl/coopG1S1/2026-05-28_19-29-28_s1_height2_carrypose_fromS0_50k_headless/model_78000.pt,2026-05-28_19-29-28_s1_height2_carrypose_fromS0_50k_headless,10025991,78000
coopG1S1,/home/zhaowenhao/isaaclab_nhb/isaaclab_nhb/logs/rsl_rl/coopG1S1/2026-05-28_19-29-28_s1_height2_carrypose_fromS0_50k_headless/model_78200.pt,2026-05-28_19-29-28_s1_height2_carrypose_fromS0_50k_headless,10025991,78200
coopG1S1,/home/zhaowenhao/isaaclab_nhb/isaaclab_nhb/logs/rsl_rl/coopG1S1/2026-05-28_19-29-28_s1_height2_carrypose_fromS0_50k_headless/model_78400.pt,2026-05-28_19-29-28_s1_height2_carrypose_fromS0_50k_headless,10025991,78400
coopG1S1,/home/zhaowenhao/isaaclab_nhb/isaaclab_nhb/logs/rsl_rl/coopG1S1/2026-05-28_19-29-28_s1_height2_carrypose_fromS0_50k_headless/model_78600.pt,2026-05-28_19-29-28_s1_height2_carrypose_fromS0_50k_headless,10025991,78600
coopG1S1,/home/zhaowenhao/isaaclab_nhb/isaaclab_nhb/logs/rsl_rl/coopG1S1/2026-05-28_19-29-28_s1_height2_carrypose_fromS0_50k_headless/model_78800.pt,2026-05-28_19-29-28_s1_height2_carrypose_fromS0_50k_headless,10025991,78800
coopG1S1,/home/zhaowenhao/isaaclab_nhb/isaaclab_nhb/logs/rsl_rl/coopG1S1/2026-05-28_19-29-28_s1_height2_carrypose_fromS0_50k_headless/model_79000.pt,2026-05-28_19-29-28_s1_height2_carrypose_fromS0_50k_headless,10025991,79000
coopG1S1,/home/zhaowenhao/isaaclab_nhb/isaaclab_nhb/logs/rsl_rl/coopG1S1/2026-05-28_19-29-28_s1_height2_carrypose_fromS0_50k_headless/model_79200.pt,2026-05-28_19-29-28_s1_height2_carrypose_fromS0_50k_headless,10025991,79200
coopG1S1,/home/zhaowenhao/isaaclab_nhb/isaaclab_nhb/logs/rsl_rl/coopG1S1/2026-05-28_19-29-28_s1_height2_carrypose_fromS0_50k_headless/model_79400.pt,2026-05-28_19-29-28_s1_height2_carrypose_fromS0_50k_headless,10025991,79400
coopG1S1,/home/zhaowenhao/isaaclab_nhb/isaaclab_nhb/logs/rsl_rl/coopG1S1/2026-05-28_19-29-28_s1_height2_carrypose_fromS0_50k_headless/model_79600.pt,2026-05-28_19-29-28_s1_height2_carrypose_fromS0_50k_headless,10025991,79600
coopG1S1,/home/zhaowenhao/isaaclab_nhb/isaaclab_nhb/logs/rsl_rl/coopG1S1/2026-05-28_19-29-28_s1_height2_carrypose_fromS0_50k_headless/model_79800.pt,2026-05-28_19-29-28_s1_height2_carrypose_fromS0_50k_headless,10025991,79800
coopG1S1,/home/zhaowenhao/isaaclab_nhb/isaaclab_nhb/logs/rsl_rl/coopG1S1/2026-05-28_19-29-28_s1_height2_carrypose_fromS0_50k_headless/model_80000.pt,2026-05-28_19-29-28_s1_height2_carrypose_fromS0_50k_headless,10025991,80000
coopG1S1,/home/zhaowenhao/isaaclab_nhb/isaaclab_nhb/logs/rsl_rl/coopG1S1/2026-05-28_19-29-28_s1_height2_carrypose_fromS0_50k_headless/model_80200.pt,2026-05-28_19-29-28_s1_height2_carrypose_fromS0_50k_headless,10025991,80200
coopG1S1,/home/zhaowenhao/isaaclab_nhb/isaaclab_nhb/logs/rsl_rl/coopG1S1/2026-05-28_19-29-28_s1_height2_carrypose_fromS0_50k_headless/model_80400.pt,2026-05-28_19-29-28_s1_height2_carrypose_fromS0_50k_headless,10025991,80400
coopG1S1,/home/zhaowenhao/isaaclab_nhb/isaaclab_nhb/logs/rsl_rl/coopG1S1/2026-05-28_19-29-28_s1_height2_carrypose_fromS0_50k_headless/model_80600.pt,2026-05-28_19-29-28_s1_height2_carrypose_fromS0_50k_headless,10025991,80600
coopG1S1,/home/zhaowenhao/isaaclab_nhb/isaaclab_nhb/logs/rsl_rl/coopG1S1/2026-05-28_19-29-28_s1_height2_carrypose_fromS0_50k_headless/model_80800.pt,2026-05-28_19-29-28_s1_height2_carrypose_fromS0_50k_headless,10025991,80800
coopG1S1,/home/zhaowenhao/isaaclab_nhb/isaaclab_nhb/logs/rsl_rl/coopG1S1/2026-05-28_19-29-28_s1_height2_carrypose_fromS0_50k_headless/model_81000.pt,2026-05-28_19-29-28_s1_height2_carrypose_fromS0_50k_headless,10025991,81000
coopG1S1,/home/zhaowenhao/isaaclab_nhb/isaaclab_nhb/logs/rsl_rl/coopG1S1/2026-05-28_19-29-28_s1_height2_carrypose_fromS0_50k_headless/model_81200.pt,2026-05-28_19-29-28_s1_height2_carrypose_fromS0_50k_headless,10025991,81200
coopG1S1,/home/zhaowenhao/isaaclab_nhb/isaaclab_nhb/logs/rsl_rl/coopG1S1/2026-05-28_19-29-28_s1_height2_carrypose_fromS0_50k_headless/model_81400.pt,2026-05-28_19-29-28_s1_height2_carrypose_fromS0_50k_headless,10025991,81400
coopG1S1,/home/zhaowenhao/isaaclab_nhb/isaaclab_nhb/logs/rsl_rl/coopG1S1/2026-05-28_19-29-28_s1_height2_carrypose_fromS0_50k_headless/model_81600.pt,2026-05-28_19-29-28_s1_height2_carrypose_fromS0_50k_headless,10025991,81600
coopG1S1,/home/zhaowenhao/isaaclab_nhb/isaaclab_nhb/logs/rsl_rl/coopG1S1/2026-05-28_19-29-28_s1_height2_carrypose_fromS0_50k_headless/model_81800.pt,2026-05-28_19-29-28_s1_height2_carrypose_fromS0_50k_headless,10025991,81800
coopG1S1,/home/zhaowenhao/isaaclab_nhb/isaaclab_nhb/logs/rsl_rl/coopG1S1/2026-05-28_19-29-28_s1_height2_carrypose_fromS0_50k_headless/model_82000.pt,2026-05-28_19-29-28_s1_height2_carrypose_fromS0_50k_headless,10025991,82000
coopG1S1,/home/zhaowenhao/isaaclab_nhb/isaaclab_nhb/logs/rsl_rl/coopG1S1/2026-05-28_19-29-28_s1_height2_carrypose_fromS0_50k_headless/model_82200.pt,2026-05-28_19-29-28_s1_height2_carrypose_fromS0_50k_headless,10025991,82200
coopG1S1,/home/zhaowenhao/isaaclab_nhb/isaaclab_nhb/logs/rsl_rl/coopG1S1/2026-05-28_19-29-28_s1_height2_carrypose_fromS0_50k_headless/model_82400.pt,2026-05-28_19-29-28_s1_height2_carrypose_fromS0_50k_headless,10025991,82400
coopG1S1,/home/zhaowenhao/isaaclab_nhb/isaaclab_nhb/logs/rsl_rl/coopG1S1/2026-05-28_19-29-28_s1_height2_carrypose_fromS0_50k_headless/model_82600.pt,2026-05-28_19-29-28_s1_height2_carrypose_fromS0_50k_headless,10025991,82600
coopG1S1,/home/zhaowenhao/isaaclab_nhb/isaaclab_nhb/logs/rsl_rl/coopG1S1/2026-05-28_19-29-28_s1_height2_carrypose_fromS0_50k_headless/model_82800.pt,2026-05-28_19-29-28_s1_height2_carrypose_fromS0_50k_headless,10025991,82800
coopG1S1,/home/zhaowenhao/isaaclab_nhb/isaaclab_nhb/logs/rsl_rl/coopG1S1/2026-05-28_19-29-28_s1_height2_carrypose_fromS0_50k_headless/model_83000.pt,2026-05-28_19-29-28_s1_height2_carrypose_fromS0_50k_headless,10025991,83000
coopG1S1,/home/zhaowenhao/isaaclab_nhb/isaaclab_nhb/logs/rsl_rl/coopG1S1/2026-05-28_19-29-28_s1_height2_carrypose_fromS0_50k_headless/model_83200.pt,2026-05-28_19-29-28_s1_height2_carrypose_fromS0_50k_headless,10025991,83200
coopG1S1,/home/zhaowenhao/isaaclab_nhb/isaaclab_nhb/logs/rsl_rl/coopG1S1/2026-05-28_19-29-28_s1_height2_carrypose_fromS0_50k_headless/model_83400.pt,2026-05-28_19-29-28_s1_height2_carrypose_fromS0_50k_headless,10025991,83400
coopG1S1,/home/zhaowenhao/isaaclab_nhb/isaaclab_nhb/logs/rsl_rl/coopG1S1/2026-05-28_19-29-28_s1_height2_carrypose_fromS0_50k_headless/model_83600.pt,2026-05-28_19-29-28_s1_height2_carrypose_fromS0_50k_headless,10025991,83600
coopG1S1,/home/zhaowenhao/isaaclab_nhb/isaaclab_nhb/logs/rsl_rl/coopG1S1/2026-05-28_19-29-28_s1_height2_carrypose_fromS0_50k_headless/model_83800.pt,2026-05-28_19-29-28_s1_height2_carrypose_fromS0_50k_headless,10025991,83800
coopG1S1,/home/zhaowenhao/isaaclab_nhb/isaaclab_nhb/logs/rsl_rl/coopG1S1/2026-05-28_19-29-28_s1_height2_carrypose_fromS0_50k_headless/model_84000.pt,2026-05-28_19-29-28_s1_height2_carrypose_fromS0_50k_headless,10025991,84000
coopG1S1,/home/zhaowenhao/isaaclab_nhb/isaaclab_nhb/logs/rsl_rl/coopG1S1/2026-05-28_19-29-28_s1_height2_carrypose_fromS0_50k_headless/model_84200.pt,2026-05-28_19-29-28_s1_height2_carrypose_fromS0_50k_headless,10025991,84200
coopG1S1,/home/zhaowenhao/isaaclab_nhb/isaaclab_nhb/logs/rsl_rl/coopG1S1/2026-05-28_19-29-28_s1_height2_carrypose_fromS0_50k_headless/model_84400.pt,2026-05-28_19-29-28_s1_height2_carrypose_fromS0_50k_headless,10025991,84400
coopG1S1,/home/zhaowenhao/isaaclab_nhb/isaaclab_nhb/logs/rsl_rl/coopG1S1/2026-05-28_19-29-28_s1_height2_carrypose_fromS0_50k_headless/model_84600.pt,2026-05-28_19-29-28_s1_height2_carrypose_fromS0_50k_headless,10025991,84600
coopG1S1,/home/zhaowenhao/isaaclab_nhb/isaaclab_nhb/logs/rsl_rl/coopG1S1/2026-05-28_19-29-28_s1_height2_carrypose_fromS0_50k_headless/model_84800.pt,2026-05-28_19-29-28_s1_height2_carrypose_fromS0_50k_headless,10025991,84800
coopG1S1,/home/zhaowenhao/isaaclab_nhb/isaaclab_nhb/logs/rsl_rl/coopG1S1/2026-05-28_19-29-28_s1_height2_carrypose_fromS0_50k_headless/model_85000.pt,2026-05-28_19-29-28_s1_height2_carrypose_fromS0_50k_headless,10025991,85000
coopG1S1,/home/zhaowenhao/isaaclab_nhb/isaaclab_nhb/logs/rsl_rl/coopG1S1/2026-05-28_19-29-28_s1_height2_carrypose_fromS0_50k_headless/model_85200.pt,2026-05-28_19-29-28_s1_height2_carrypose_fromS0_50k_headless,10025991,85200
coopG1S1,/home/zhaowenhao/isaaclab_nhb/isaaclab_nhb/logs/rsl_rl/coopG1S1/2026-05-28_19-29-28_s1_height2_carrypose_fromS0_50k_headless/model_85400.pt,2026-05-28_19-29-28_s1_height2_carrypose_fromS0_50k_headless,10025991,85400
coopG1S1,/home/zhaowenhao/isaaclab_nhb/isaaclab_nhb/logs/rsl_rl/coopG1S1/2026-05-28_19-29-28_s1_height2_carrypose_fromS0_50k_headless/model_85600.pt,2026-05-28_19-29-28_s1_height2_carrypose_fromS0_50k_headless,10025991,85600
coopG1S1,/home/zhaowenhao/isaaclab_nhb/isaaclab_nhb/logs/rsl_rl/coopG1S1/2026-05-28_19-29-28_s1_height2_carrypose_fromS0_50k_headless/model_85800.pt,2026-05-28_19-29-28_s1_height2_carrypose_fromS0_50k_headless,10025991,85800
coopG1S1,/home/zhaowenhao/isaaclab_nhb/isaaclab_nhb/logs/rsl_rl/coopG1S1/2026-05-28_19-29-28_s1_height2_carrypose_fromS0_50k_headless/model_86000.pt,2026-05-28_19-29-28_s1_height2_carrypose_fromS0_50k_headless,10025991,86000
coopG1S1,/home/zhaowenhao/isaaclab_nhb/isaaclab_nhb/logs/rsl_rl/coopG1S1/2026-05-28_19-29-28_s1_height2_carrypose_fromS0_50k_headless/model_86200.pt,2026-05-28_19-29-28_s1_height2_carrypose_fromS0_50k_headless,10025991,86200
coopG1S1,/home/zhaowenhao/isaaclab_nhb/isaaclab_nhb/logs/rsl_rl/coopG1S1/2026-05-28_19-29-28_s1_height2_carrypose_fromS0_50k_headless/model_86400.pt,2026-05-28_19-29-28_s1_height2_carrypose_fromS0_50k_headless,10025991,86400
coopG1S1,/home/zhaowenhao/isaaclab_nhb/isaaclab_nhb/logs/rsl_rl/coopG1S1/2026-05-28_19-29-28_s1_height2_carrypose_fromS0_50k_headless/model_86600.pt,2026-05-28_19-29-28_s1_height2_carrypose_fromS0_50k_headless,10025991,86600
coopG1S1,/home/zhaowenhao/isaaclab_nhb/isaaclab_nhb/logs/rsl_rl/coopG1S1/2026-05-28_19-29-28_s1_height2_carrypose_fromS0_50k_headless/model_86800.pt,2026-05-28_19-29-28_s1_height2_carrypose_fromS0_50k_headless,10025991,86800
coopG1S1,/home/zhaowenhao/isaaclab_nhb/isaaclab_nhb/logs/rsl_rl/coopG1S1/2026-05-28_19-29-28_s1_height2_carrypose_fromS0_50k_headless/model_87000.pt,2026-05-28_19-29-28_s1_height2_carrypose_fromS0_50k_headless,10025991,87000
coopG1S1,/home/zhaowenhao/isaaclab_nhb/isaaclab_nhb/logs/rsl_rl/coopG1S1/2026-05-28_19-29-28_s1_height2_carrypose_fromS0_50k_headless/model_87200.pt,2026-05-28_19-29-28_s1_height2_carrypose_fromS0_50k_headless,10025991,87200
coopG1S1,/home/zhaowenhao/isaaclab_nhb/isaaclab_nhb/logs/rsl_rl/coopG1S1/2026-05-28_19-29-28_s1_height2_carrypose_fromS0_50k_headless/model_87400.pt,2026-05-28_19-29-28_s1_height2_carrypose_fromS0_50k_headless,10025991,87400
coopG1S1,/home/zhaowenhao/isaaclab_nhb/isaaclab_nhb/logs/rsl_rl/coopG1S1/2026-05-28_19-29-28_s1_height2_carrypose_fromS0_50k_headless/model_87600.pt,2026-05-28_19-29-28_s1_height2_carrypose_fromS0_50k_headless,10025991,87600
coopG1S1,/home/zhaowenhao/isaaclab_nhb/isaaclab_nhb/logs/rsl_rl/coopG1S1/2026-05-28_19-29-28_s1_height2_carrypose_fromS0_50k_headless/model_87800.pt,2026-05-28_19-29-28_s1_height2_carrypose_fromS0_50k_headless,10025991,87800
coopG1S1,/home/zhaowenhao/isaaclab_nhb/isaaclab_nhb/logs/rsl_rl/coopG1S1/2026-05-28_19-29-28_s1_height2_carrypose_fromS0_50k_headless/model_88000.pt,2026-05-28_19-29-28_s1_height2_carrypose_fromS0_50k_headless,10025991,88000
coopG1S1,/home/zhaowenhao/isaaclab_nhb/isaaclab_nhb/logs/rsl_rl/coopG1S1/2026-05-28_19-29-28_s1_height2_carrypose_fromS0_50k_headless/model_88200.pt,2026-05-28_19-29-28_s1_height2_carrypose_fromS0_50k_headless,10025991,88200
coopG1S1,/home/zhaowenhao/isaaclab_nhb/isaaclab_nhb/logs/rsl_rl/coopG1S1/2026-05-28_19-29-28_s1_height2_carrypose_fromS0_50k_headless/model_88400.pt,2026-05-28_19-29-28_s1_height2_carrypose_fromS0_50k_headless,10025991,88400
coopG1S1,/home/zhaowenhao/isaaclab_nhb/isaaclab_nhb/logs/rsl_rl/coopG1S1/2026-05-28_19-29-28_s1_height2_carrypose_fromS0_50k_headless/model_88600.pt,2026-05-28_19-29-28_s1_height2_carrypose_fromS0_50k_headless,10025991,88600
coopG1S1,/home/zhaowenhao/isaaclab_nhb/isaaclab_nhb/logs/rsl_rl/coopG1S1/2026-05-28_19-29-28_s1_height2_carrypose_fromS0_50k_headless/model_88800.pt,2026-05-28_19-29-28_s1_height2_carrypose_fromS0_50k_headless,10025991,88800
coopG1S1,/home/zhaowenhao/isaaclab_nhb/isaaclab_nhb/logs/rsl_rl/coopG1S1/2026-05-28_19-29-28_s1_height2_carrypose_fromS0_50k_headless/model_89000.pt,2026-05-28_19-29-28_s1_height2_carrypose_fromS0_50k_headless,10025991,89000
coopG1S1,/home/zhaowenhao/isaaclab_nhb/isaaclab_nhb/logs/rsl_rl/coopG1S1/2026-05-28_19-29-28_s1_height2_carrypose_fromS0_50k_headless/model_89200.pt,2026-05-28_19-29-28_s1_height2_carrypose_fromS0_50k_headless,10025991,89200
coopG1S1,/home/zhaowenhao/isaaclab_nhb/isaaclab_nhb/logs/rsl_rl/coopG1S1/2026-05-28_19-29-28_s1_height2_carrypose_fromS0_50k_headless/model_89400.pt,2026-05-28_19-29-28_s1_height2_carrypose_fromS0_50k_headless,10025991,89400
coopG1S1,/home/zhaowenhao/isaaclab_nhb/isaaclab_nhb/logs/rsl_rl/coopG1S1/2026-05-28_19-29-28_s1_height2_carrypose_fromS0_50k_headless/model_89600.pt,2026-05-28_19-29-28_s1_height2_carrypose_fromS0_50k_headless,10025991,89600
coopG1S1,/home/zhaowenhao/isaaclab_nhb/isaaclab_nhb/logs/rsl_rl/coopG1S1/2026-05-28_19-29-28_s1_height2_carrypose_fromS0_50k_headless/model_89800.pt,2026-05-28_19-29-28_s1_height2_carrypose_fromS0_50k_headless,10025991,89800
coopG1S1,/home/zhaowenhao/isaaclab_nhb/isaaclab_nhb/logs/rsl_rl/coopG1S1/2026-05-28_19-29-28_s1_height2_carrypose_fromS0_50k_headless/model_90000.pt,2026-05-28_19-29-28_s1_height2_carrypose_fromS0_50k_headless,10025991,90000
coopG1S1,/home/zhaowenhao/isaaclab_nhb/isaaclab_nhb/logs/rsl_rl/coopG1S1/2026-05-28_19-29-28_s1_height2_carrypose_fromS0_50k_headless/model_90200.pt,2026-05-28_19-29-28_s1_height2_carrypose_fromS0_50k_headless,10025991,90200
coopG1S1,/home/zhaowenhao/isaaclab_nhb/isaaclab_nhb/logs/rsl_rl/coopG1S1/2026-05-28_19-29-28_s1_height2_carrypose_fromS0_50k_headless/model_90400.pt,2026-05-28_19-29-28_s1_height2_carrypose_fromS0_50k_headless,10025991,90400
coopG1S1,/home/zhaowenhao/isaaclab_nhb/isaaclab_nhb/logs/rsl_rl/coopG1S1/2026-05-28_19-29-28_s1_height2_carrypose_fromS0_50k_headless/model_90600.pt,2026-05-28_19-29-28_s1_height2_carrypose_fromS0_50k_headless,10025991,90600
coopG1S1,/home/zhaowenhao/isaaclab_nhb/isaaclab_nhb/logs/rsl_rl/coopG1S1/2026-05-28_19-29-28_s1_height2_carrypose_fromS0_50k_headless/model_90800.pt,2026-05-28_19-29-28_s1_height2_carrypose_fromS0_50k_headless,10025991,90800
coopG1S1,/home/zhaowenhao/isaaclab_nhb/isaaclab_nhb/logs/rsl_rl/coopG1S1/2026-05-28_19-29-28_s1_height2_carrypose_fromS0_50k_headless/model_91000.pt,2026-05-28_19-29-28_s1_height2_carrypose_fromS0_50k_headless,10025991,91000
coopG1S1,/home/zhaowenhao/isaaclab_nhb/isaaclab_nhb/logs/rsl_rl/coopG1S1/2026-05-28_19-29-28_s1_height2_carrypose_fromS0_50k_headless/model_91200.pt,2026-05-28_19-29-28_s1_height2_carrypose_fromS0_50k_headless,10025991,91200
coopG1S1,/home/zhaowenhao/isaaclab_nhb/isaaclab_nhb/logs/rsl_rl/coopG1S1/2026-05-28_19-29-28_s1_height2_carrypose_fromS0_50k_headless/model_91400.pt,2026-05-28_19-29-28_s1_height2_carrypose_fromS0_50k_headless,10025991,91400
coopG1S1,/home/zhaowenhao/isaaclab_nhb/isaaclab_nhb/logs/rsl_rl/coopG1S1/2026-05-28_19-29-28_s1_height2_carrypose_fromS0_50k_headless/model_91600.pt,2026-05-28_19-29-28_s1_height2_carrypose_fromS0_50k_headless,10025991,91600
coopG1S1,/home/zhaowenhao/isaaclab_nhb/isaaclab_nhb/logs/rsl_rl/coopG1S1/2026-05-28_19-29-28_s1_height2_carrypose_fromS0_50k_headless/model_91800.pt,2026-05-28_19-29-28_s1_height2_carrypose_fromS0_50k_headless,10025991,91800
coopG1S1,/home/zhaowenhao/isaaclab_nhb/isaaclab_nhb/logs/rsl_rl/coopG1S1/2026-05-28_19-29-28_s1_height2_carrypose_fromS0_50k_headless/model_92000.pt,2026-05-28_19-29-28_s1_height2_carrypose_fromS0_50k_headless,10025991,92000
coopG1S1,/home/zhaowenhao/isaaclab_nhb/isaaclab_nhb/logs/rsl_rl/coopG1S1/2026-05-28_19-29-28_s1_height2_carrypose_fromS0_50k_headless/model_92200.pt,2026-05-28_19-29-28_s1_height2_carrypose_fromS0_50k_headless,10025991,92200
coopG1S1,/home/zhaowenhao/isaaclab_nhb/isaaclab_nhb/logs/rsl_rl/coopG1S1/2026-05-28_19-29-28_s1_height2_carrypose_fromS0_50k_headless/model_92400.pt,2026-05-28_19-29-28_s1_height2_carrypose_fromS0_50k_headless,10025991,92400
coopG1S1,/home/zhaowenhao/isaaclab_nhb/isaaclab_nhb/logs/rsl_rl/coopG1S1/2026-05-28_19-29-28_s1_height2_carrypose_fromS0_50k_headless/model_92599.pt,2026-05-28_19-29-28_s1_height2_carrypose_fromS0_50k_headless,10025991,92599
coopG1S1,/home/zhaowenhao/isaaclab_nhb/isaaclab_nhb/logs/rsl_rl/coopG1S1/2026-05-30_17-24-12_holdbox/model_0.pt,2026-05-30_17-24-12_holdbox,10025023,0
coopG1S1,/home/zhaowenhao/isaaclab_nhb/isaaclab_nhb/logs/rsl_rl/coopG1S1/2026-06-01_20-06-52_s1_scratch_support_pose_boxup_16k_50k_save1k/model_0.pt,2026-06-01_20-06-52_s1_scratch_support_pose_boxup_16k_50k_save1k,10025023,0
coopG1S1,/home/zhaowenhao/isaaclab_nhb/isaaclab_nhb/logs/rsl_rl/coopG1S1/2026-06-01_20-06-52_s1_scratch_support_pose_boxup_16k_50k_save1k/model_1000.pt,2026-06-01_20-06-52_s1_scratch_support_pose_boxup_16k_50k_save1k,10025717,1000
coopG1S1,/home/zhaowenhao/isaaclab_nhb/isaaclab_nhb/logs/rsl_rl/coopG1S1/2026-06-01_20-06-52_s1_scratch_support_pose_boxup_16k_50k_save1k/model_2000.pt,2026-06-01_20-06-52_s1_scratch_support_pose_boxup_16k_50k_save1k,10025717,2000
coopG1S1,/home/zhaowenhao/isaaclab_nhb/isaaclab_nhb/logs/rsl_rl/coopG1S1/2026-06-01_20-06-52_s1_scratch_support_pose_boxup_16k_50k_save1k/model_3000.pt,2026-06-01_20-06-52_s1_scratch_support_pose_boxup_16k_50k_save1k,10025717,3000
coopG1S1,/home/zhaowenhao/isaaclab_nhb/isaaclab_nhb/logs/rsl_rl/coopG1S1/2026-06-01_20-06-52_s1_scratch_support_pose_boxup_16k_50k_save1k/model_4000.pt,2026-06-01_20-06-52_s1_scratch_support_pose_boxup_16k_50k_save1k,10025717,4000
coopG1S1,/home/zhaowenhao/isaaclab_nhb/isaaclab_nhb/logs/rsl_rl/coopG1S1/2026-06-01_20-06-52_s1_scratch_support_pose_boxup_16k_50k_save1k/model_5000.pt,2026-06-01_20-06-52_s1_scratch_support_pose_boxup_16k_50k_save1k,10025717,5000
coopG1S1,/home/zhaowenhao/isaaclab_nhb/isaaclab_nhb/logs/rsl_rl/coopG1S1/2026-06-01_20-06-52_s1_scratch_support_pose_boxup_16k_50k_save1k/model_6000.pt,2026-06-01_20-06-52_s1_scratch_support_pose_boxup_16k_50k_save1k,10025717,6000
coopG1S1,/home/zhaowenhao/isaaclab_nhb/isaaclab_nhb/logs/rsl_rl/coopG1S1/2026-06-01_20-06-52_s1_scratch_support_pose_boxup_16k_50k_save1k/model_7000.pt,2026-06-01_20-06-52_s1_scratch_support_pose_boxup_16k_50k_save1k,10025717,7000
coopG1S1,/home/zhaowenhao/isaaclab_nhb/isaaclab_nhb/logs/rsl_rl/coopG1S1/2026-06-01_20-06-52_s1_scratch_support_pose_boxup_16k_50k_save1k/model_8000.pt,2026-06-01_20-06-52_s1_scratch_support_pose_boxup_16k_50k_save1k,10025717,8000
coopG1S1,/home/zhaowenhao/isaaclab_nhb/isaaclab_nhb/logs/rsl_rl/coopG1S1/2026-06-01_20-06-52_s1_scratch_support_pose_boxup_16k_50k_save1k/model_9000.pt,2026-06-01_20-06-52_s1_scratch_support_pose_boxup_16k_50k_save1k,10025717,9000
coopG1S1,/home/zhaowenhao/isaaclab_nhb/isaaclab_nhb/logs/rsl_rl/coopG1S1/2026-06-01_20-06-52_s1_scratch_support_pose_boxup_16k_50k_save1k/model_10000.pt,2026-06-01_20-06-52_s1_scratch_support_pose_boxup_16k_50k_save1k,10025991,10000
coopG1S1,/home/zhaowenhao/isaaclab_nhb/isaaclab_nhb/logs/rsl_rl/coopG1S1/2026-06-01_20-06-52_s1_scratch_support_pose_boxup_16k_50k_save1k/model_11000.pt,2026-06-01_20-06-52_s1_scratch_support_pose_boxup_16k_50k_save1k,10025991,11000
coopG1S1,/home/zhaowenhao/isaaclab_nhb/isaaclab_nhb/logs/rsl_rl/coopG1S1/2026-06-01_20-06-52_s1_scratch_support_pose_boxup_16k_50k_save1k/model_12000.pt,2026-06-01_20-06-52_s1_scratch_support_pose_boxup_16k_50k_save1k,10025991,12000
coopG1S1,/home/zhaowenhao/isaaclab_nhb/isaaclab_nhb/logs/rsl_rl/coopG1S1/2026-06-01_20-06-52_s1_scratch_support_pose_boxup_16k_50k_save1k/model_13000.pt,2026-06-01_20-06-52_s1_scratch_support_pose_boxup_16k_50k_save1k,10025991,13000
coopG1S1,/home/zhaowenhao/isaaclab_nhb/isaaclab_nhb/logs/rsl_rl/coopG1S1/2026-06-01_20-06-52_s1_scratch_support_pose_boxup_16k_50k_save1k/model_14000.pt,2026-06-01_20-06-52_s1_scratch_support_pose_boxup_16k_50k_save1k,10025991,14000
coopG1S1,/home/zhaowenhao/isaaclab_nhb/isaaclab_nhb/logs/rsl_rl/coopG1S1/2026-06-01_20-06-52_s1_scratch_support_pose_boxup_16k_50k_save1k/model_15000.pt,2026-06-01_20-06-52_s1_scratch_support_pose_boxup_16k_50k_save1k,10025991,15000
coopG1S1,/home/zhaowenhao/isaaclab_nhb/isaaclab_nhb/logs/rsl_rl/coopG1S1/2026-06-01_20-06-52_s1_scratch_support_pose_boxup_16k_50k_save1k/model_16000.pt,2026-06-01_20-06-52_s1_scratch_support_pose_boxup_16k_50k_save1k,10025991,16000
coopG1S1,/home/zhaowenhao/isaaclab_nhb/isaaclab_nhb/logs/rsl_rl/coopG1S1/2026-06-01_20-06-52_s1_scratch_support_pose_boxup_16k_50k_save1k/model_17000.pt,2026-06-01_20-06-52_s1_scratch_support_pose_boxup_16k_50k_save1k,10025991,17000
coopG1S1,/home/zhaowenhao/isaaclab_nhb/isaaclab_nhb/logs/rsl_rl/coopG1S1/2026-06-01_20-06-52_s1_scratch_support_pose_boxup_16k_50k_save1k/model_18000.pt,2026-06-01_20-06-52_s1_scratch_support_pose_boxup_16k_50k_save1k,10025991,18000
coopG1S1,/home/zhaowenhao/isaaclab_nhb/isaaclab_nhb/logs/rsl_rl/coopG1S1/2026-06-01_20-06-52_s1_scratch_support_pose_boxup_16k_50k_save1k/model_19000.pt,2026-06-01_20-06-52_s1_scratch_support_pose_boxup_16k_50k_save1k,10025991,19000
coopG1S1,/home/zhaowenhao/isaaclab_nhb/isaaclab_nhb/logs/rsl_rl/coopG1S1/2026-06-01_20-06-52_s1_scratch_support_pose_boxup_16k_50k_save1k/model_20000.pt,2026-06-01_20-06-52_s1_scratch_support_pose_boxup_16k_50k_save1k,10025991,20000
coopG1S1,/home/zhaowenhao/isaaclab_nhb/isaaclab_nhb/logs/rsl_rl/coopG1S1/2026-06-01_20-06-52_s1_scratch_support_pose_boxup_16k_50k_save1k/model_21000.pt,2026-06-01_20-06-52_s1_scratch_support_pose_boxup_16k_50k_save1k,10025991,21000
coopG1S1,/home/zhaowenhao/isaaclab_nhb/isaaclab_nhb/logs/rsl_rl/coopG1S1/2026-06-01_20-06-52_s1_scratch_support_pose_boxup_16k_50k_save1k/model_22000.pt,2026-06-01_20-06-52_s1_scratch_support_pose_boxup_16k_50k_save1k,10025991,22000
coopG1S1,/home/zhaowenhao/isaaclab_nhb/isaaclab_nhb/logs/rsl_rl/coopG1S1/2026-06-01_20-06-52_s1_scratch_support_pose_boxup_16k_50k_save1k/model_23000.pt,2026-06-01_20-06-52_s1_scratch_support_pose_boxup_16k_50k_save1k,10025991,23000
coopG1S1,/home/zhaowenhao/isaaclab_nhb/isaaclab_nhb/logs/rsl_rl/coopG1S1/2026-06-01_20-06-52_s1_scratch_support_pose_boxup_16k_50k_save1k/model_24000.pt,2026-06-01_20-06-52_s1_scratch_support_pose_boxup_16k_50k_save1k,10025991,24000
coopG1S1,/home/zhaowenhao/isaaclab_nhb/isaaclab_nhb/logs/rsl_rl/coopG1S1/2026-06-01_20-06-52_s1_scratch_support_pose_boxup_16k_50k_save1k/model_25000.pt,2026-06-01_20-06-52_s1_scratch_support_pose_boxup_16k_50k_save1k,10025991,25000
coopG1S1,/home/zhaowenhao/isaaclab_nhb/isaaclab_nhb/logs/rsl_rl/coopG1S1/2026-06-01_20-06-52_s1_scratch_support_pose_boxup_16k_50k_save1k/model_26000.pt,2026-06-01_20-06-52_s1_scratch_support_pose_boxup_16k_50k_save1k,10025991,26000
coopG1S1,/home/zhaowenhao/isaaclab_nhb/isaaclab_nhb/logs/rsl_rl/coopG1S1/2026-06-01_20-06-52_s1_scratch_support_pose_boxup_16k_50k_save1k/model_27000.pt,2026-06-01_20-06-52_s1_scratch_support_pose_boxup_16k_50k_save1k,10025991,27000
coopG1S1,/home/zhaowenhao/isaaclab_nhb/isaaclab_nhb/logs/rsl_rl/coopG1S1/2026-06-01_20-06-52_s1_scratch_support_pose_boxup_16k_50k_save1k/model_28000.pt,2026-06-01_20-06-52_s1_scratch_support_pose_boxup_16k_50k_save1k,10025991,28000
coopG1S1,/home/zhaowenhao/isaaclab_nhb/isaaclab_nhb/logs/rsl_rl/coopG1S1/2026-06-01_20-06-52_s1_scratch_support_pose_boxup_16k_50k_save1k/model_29000.pt,2026-06-01_20-06-52_s1_scratch_support_pose_boxup_16k_50k_save1k,10025991,29000
coopG1S1,/home/zhaowenhao/isaaclab_nhb/isaaclab_nhb/logs/rsl_rl/coopG1S1/2026-06-01_20-06-52_s1_scratch_support_pose_boxup_16k_50k_save1k/model_30000.pt,2026-06-01_20-06-52_s1_scratch_support_pose_boxup_16k_50k_save1k,10025991,30000
coopG1S1,/home/zhaowenhao/isaaclab_nhb/isaaclab_nhb/logs/rsl_rl/coopG1S1/2026-06-01_20-06-52_s1_scratch_support_pose_boxup_16k_50k_save1k/model_31000.pt,2026-06-01_20-06-52_s1_scratch_support_pose_boxup_16k_50k_save1k,10025991,31000
coopG1S1,/home/zhaowenhao/isaaclab_nhb/isaaclab_nhb/logs/rsl_rl/coopG1S1/2026-06-01_20-06-52_s1_scratch_support_pose_boxup_16k_50k_save1k/model_32000.pt,2026-06-01_20-06-52_s1_scratch_support_pose_boxup_16k_50k_save1k,10025991,32000
coopG1S1,/home/zhaowenhao/isaaclab_nhb/isaaclab_nhb/logs/rsl_rl/coopG1S1/2026-06-01_20-07-28_s1_fromS0_42600_support_pose_boxup_16k_5k_save1k/model_43000.pt,2026-06-01_20-07-28_s1_fromS0_42600_support_pose_boxup_16k_5k_save1k,10025991,43000
coopG1S1,/home/zhaowenhao/isaaclab_nhb/isaaclab_nhb/logs/rsl_rl/coopG1S1/2026-06-01_20-07-28_s1_fromS0_42600_support_pose_boxup_16k_5k_save1k/model_44000.pt,2026-06-01_20-07-28_s1_fromS0_42600_support_pose_boxup_16k_5k_save1k,10025991,44000
coopG1S1,/home/zhaowenhao/isaaclab_nhb/isaaclab_nhb/logs/rsl_rl/coopG1S1/2026-06-01_20-07-28_s1_fromS0_42600_support_pose_boxup_16k_5k_save1k/model_45000.pt,2026-06-01_20-07-28_s1_fromS0_42600_support_pose_boxup_16k_5k_save1k,10025991,45000
coopG1S1,/home/zhaowenhao/isaaclab_nhb/isaaclab_nhb/logs/rsl_rl/coopG1S1/2026-06-01_20-07-28_s1_fromS0_42600_support_pose_boxup_16k_5k_save1k/model_46000.pt,2026-06-01_20-07-28_s1_fromS0_42600_support_pose_boxup_16k_5k_save1k,10025991,46000
coopG1S1,/home/zhaowenhao/isaaclab_nhb/isaaclab_nhb/logs/rsl_rl/coopG1S1/2026-06-01_20-07-28_s1_fromS0_42600_support_pose_boxup_16k_5k_save1k/model_47000.pt,2026-06-01_20-07-28_s1_fromS0_42600_support_pose_boxup_16k_5k_save1k,10025991,47000
coopG1S1,/home/zhaowenhao/isaaclab_nhb/isaaclab_nhb/logs/rsl_rl/coopG1S1/2026-06-01_20-07-28_s1_fromS0_42600_support_pose_boxup_16k_5k_save1k/model_47599.pt,2026-06-01_20-07-28_s1_fromS0_42600_support_pose_boxup_16k_5k_save1k,10025991,47599
coopG1S1,/home/zhaowenhao/isaaclab_nhb/isaaclab_nhb/logs/rsl_rl/coopG1S1/2026-06-02_13-45-44_s1_fromMay28_92599_support_pose_boxup_16k_5k_save1k/model_93000.pt,2026-06-02_13-45-44_s1_fromMay28_92599_support_pose_boxup_16k_5k_save1k,10025991,93000
coopG1S1,/home/zhaowenhao/isaaclab_nhb/isaaclab_nhb/logs/rsl_rl/coopG1S1/2026-06-02_13-45-44_s1_fromMay28_92599_support_pose_boxup_16k_5k_save1k/model_94000.pt,2026-06-02_13-45-44_s1_fromMay28_92599_support_pose_boxup_16k_5k_save1k,10025991,94000
coopG1S1,/home/zhaowenhao/isaaclab_nhb/isaaclab_nhb/logs/rsl_rl/coopG1S1/2026-06-02_13-45-44_s1_fromMay28_92599_support_pose_boxup_16k_5k_save1k/model_95000.pt,2026-06-02_13-45-44_s1_fromMay28_92599_support_pose_boxup_16k_5k_save1k,10025991,95000
coopG1S1,/home/zhaowenhao/isaaclab_nhb/isaaclab_nhb/logs/rsl_rl/coopG1S1/2026-06-02_13-45-44_s1_fromMay28_92599_support_pose_boxup_16k_5k_save1k/model_96000.pt,2026-06-02_13-45-44_s1_fromMay28_92599_support_pose_boxup_16k_5k_save1k,10025991,96000
coopG1S1,/home/zhaowenhao/isaaclab_nhb/isaaclab_nhb/logs/rsl_rl/coopG1S1/2026-06-02_13-45-44_s1_fromMay28_92599_support_pose_boxup_16k_5k_save1k/model_97000.pt,2026-06-02_13-45-44_s1_fromMay28_92599_support_pose_boxup_16k_5k_save1k,10025991,97000
coopG1S1,/home/zhaowenhao/isaaclab_nhb/isaaclab_nhb/logs/rsl_rl/coopG1S1/2026-06-02_13-45-44_s1_fromMay28_92599_support_pose_boxup_16k_5k_save1k/model_97598.pt,2026-06-02_13-45-44_s1_fromMay28_92599_support_pose_boxup_16k_5k_save1k,10025991,97598
coopG1S1,/home/zhaowenhao/isaaclab_nhb/isaaclab_nhb/logs/rsl_rl/coopG1S1/2026-06-03_08-19-24_s1_fromMay30_92599_vel10_hand8_cfg_16k_5k/model_93000.pt,2026-06-03_08-19-24_s1_fromMay30_92599_vel10_hand8_cfg_16k_5k,10025991,93000
coopG1S1,/home/zhaowenhao/isaaclab_nhb/isaaclab_nhb/logs/rsl_rl/coopG1S1/2026-06-03_08-19-24_s1_fromMay30_92599_vel10_hand8_cfg_16k_5k/model_94000.pt,2026-06-03_08-19-24_s1_fromMay30_92599_vel10_hand8_cfg_16k_5k,10025991,94000
coopG1S1,/home/zhaowenhao/isaaclab_nhb/isaaclab_nhb/logs/rsl_rl/coopG1S1/2026-06-03_08-19-24_s1_fromMay30_92599_vel10_hand8_cfg_16k_5k/model_95000.pt,2026-06-03_08-19-24_s1_fromMay30_92599_vel10_hand8_cfg_16k_5k,10025991,95000
coopG1S1,/home/zhaowenhao/isaaclab_nhb/isaaclab_nhb/logs/rsl_rl/coopG1S1/2026-06-03_08-19-24_s1_fromMay30_92599_vel10_hand8_cfg_16k_5k/model_96000.pt,2026-06-03_08-19-24_s1_fromMay30_92599_vel10_hand8_cfg_16k_5k,10025991,96000
coopG1S1,/home/zhaowenhao/isaaclab_nhb/isaaclab_nhb/logs/rsl_rl/coopG1S1/2026-06-03_08-20-14_s1_fromJun02_97598_vel10_hand8_cfg_16k_5k/model_98000.pt,2026-06-03_08-20-14_s1_fromJun02_97598_vel10_hand8_cfg_16k_5k,10025991,98000
coopG1S1,/home/zhaowenhao/isaaclab_nhb/isaaclab_nhb/logs/rsl_rl/coopG1S1/2026-06-03_08-20-14_s1_fromJun02_97598_vel10_hand8_cfg_16k_5k/model_99000.pt,2026-06-03_08-20-14_s1_fromJun02_97598_vel10_hand8_cfg_16k_5k,10025991,99000
coopG1S1,/home/zhaowenhao/isaaclab_nhb/isaaclab_nhb/logs/rsl_rl/coopG1S1/2026-06-03_08-20-14_s1_fromJun02_97598_vel10_hand8_cfg_16k_5k/model_100000.pt,2026-06-03_08-20-14_s1_fromJun02_97598_vel10_hand8_cfg_16k_5k,10026073,100000
coopG1S1,/home/zhaowenhao/isaaclab_nhb/isaaclab_nhb/logs/rsl_rl/coopG1S1/2026-06-03_08-20-14_s1_fromJun02_97598_vel10_hand8_cfg_16k_5k/model_101000.pt,2026-06-03_08-20-14_s1_fromJun02_97598_vel10_hand8_cfg_16k_5k,10026073,101000
coopG1S1,/home/zhaowenhao/isaaclab_nhb/isaaclab_nhb/logs/rsl_rl/coopG1S1/2026-06-04_10-10-45_s1_fromMay30_96000_feet_contact_orient_torso_16k_5k/model_96000.pt,2026-06-04_10-10-45_s1_fromMay30_96000_feet_contact_orient_torso_16k_5k,10025991,96000
coopG1S1,/home/zhaowenhao/isaaclab_nhb/isaaclab_nhb/logs/rsl_rl/coopG1S1/2026-06-04_10-10-45_s1_fromMay30_96000_feet_contact_orient_torso_16k_5k/model_97000.pt,2026-06-04_10-10-45_s1_fromMay30_96000_feet_contact_orient_torso_16k_5k,10025991,97000
coopG1S1,/home/zhaowenhao/isaaclab_nhb/isaaclab_nhb/logs/rsl_rl/coopG1S1/2026-06-04_10-10-45_s1_fromMay30_96000_feet_contact_orient_torso_16k_5k/model_98000.pt,2026-06-04_10-10-45_s1_fromMay30_96000_feet_contact_orient_torso_16k_5k,10025991,98000
coopG1S1,/home/zhaowenhao/isaaclab_nhb/isaaclab_nhb/logs/rsl_rl/coopG1S1/2026-06-04_10-11-08_s1_fromJun02_101000_feet_contact_orient_torso_16k_5k/model_101000.pt,2026-06-04_10-11-08_s1_fromJun02_101000_feet_contact_orient_torso_16k_5k,10026073,101000
coopG1S1,/home/zhaowenhao/isaaclab_nhb/isaaclab_nhb/logs/rsl_rl/coopG1S1/2026-06-04_10-11-08_s1_fromJun02_101000_feet_contact_orient_torso_16k_5k/model_102000.pt,2026-06-04_10-11-08_s1_fromJun02_101000_feet_contact_orient_torso_16k_5k,10026073,102000
coopG1S1,/home/zhaowenhao/isaaclab_nhb/isaaclab_nhb/logs/rsl_rl/coopG1S1/2026-06-04_10-11-08_s1_fromJun02_101000_feet_contact_orient_torso_16k_5k/model_103000.pt,2026-06-04_10-11-08_s1_fromJun02_101000_feet_contact_orient_torso_16k_5k,10026073,103000
coopG1S1,/home/zhaowenhao/isaaclab_nhb/isaaclab_nhb/logs/rsl_rl/coopG1S1/2026-06-06_13-45-42_s1_repair_from43000_hand4_yaw3_16k_5k/model_43000.pt,2026-06-06_13-45-42_s1_repair_from43000_hand4_yaw3_16k_5k,10025991,43000
coopG1S1,/home/zhaowenhao/isaaclab_nhb/isaaclab_nhb/logs/rsl_rl/coopG1S1/2026-06-06_13-45-42_s1_repair_from43000_hand4_yaw3_16k_5k/model_44000.pt,2026-06-06_13-45-42_s1_repair_from43000_hand4_yaw3_16k_5k,10025991,44000
coopG1S1,/home/zhaowenhao/isaaclab_nhb/isaaclab_nhb/logs/rsl_rl/coopG1S1/2026-06-06_13-45-42_s1_repair_from43000_hand4_yaw3_16k_5k/model_45000.pt,2026-06-06_13-45-42_s1_repair_from43000_hand4_yaw3_16k_5k,10025991,45000
coopG1S1,/home/zhaowenhao/isaaclab_nhb/isaaclab_nhb/logs/rsl_rl/coopG1S1/2026-06-06_13-45-42_s1_repair_from43000_hand4_yaw3_16k_5k/model_46000.pt,2026-06-06_13-45-42_s1_repair_from43000_hand4_yaw3_16k_5k,10025991,46000
coopG1S1,/home/zhaowenhao/isaaclab_nhb/isaaclab_nhb/logs/rsl_rl/coopG1S1/2026-06-06_13-45-42_s1_repair_from43000_hand4_yaw3_16k_5k/model_47000.pt,2026-06-06_13-45-42_s1_repair_from43000_hand4_yaw3_16k_5k,10025991,47000
coopG1S1,/home/zhaowenhao/isaaclab_nhb/isaaclab_nhb/logs/rsl_rl/coopG1S1/2026-06-06_19-19-37_s1_repair_from43000_hand4_yaw3_slide_clearance_16k_5k/model_43000.pt,2026-06-06_19-19-37_s1_repair_from43000_hand4_yaw3_slide_clearance_16k_5k,10025991,43000
coopG1S1,/home/zhaowenhao/isaaclab_nhb/isaaclab_nhb/logs/rsl_rl/coopG1S1/2026-06-06_19-19-37_s1_repair_from43000_hand4_yaw3_slide_clearance_16k_5k/model_44000.pt,2026-06-06_19-19-37_s1_repair_from43000_hand4_yaw3_slide_clearance_16k_5k,10025991,44000
coopG1S1,/home/zhaowenhao/isaaclab_nhb/isaaclab_nhb/logs/rsl_rl/coopG1S1/2026-06-06_19-19-37_s1_repair_from43000_hand4_yaw3_slide_clearance_16k_5k/model_45000.pt,2026-06-06_19-19-37_s1_repair_from43000_hand4_yaw3_slide_clearance_16k_5k,10025991,45000
coopG1S1,/home/zhaowenhao/isaaclab_nhb/isaaclab_nhb/logs/rsl_rl/coopG1S1/2026-06-06_19-19-37_s1_repair_from43000_hand4_yaw3_slide_clearance_16k_5k/model_46000.pt,2026-06-06_19-19-37_s1_repair_from43000_hand4_yaw3_slide_clearance_16k_5k,10025991,46000
coopG1S1,/home/zhaowenhao/isaaclab_nhb/isaaclab_nhb/logs/rsl_rl/coopG1S1/2026-06-06_19-19-37_s1_repair_from43000_hand4_yaw3_slide_clearance_16k_5k/model_47000.pt,2026-06-06_19-19-37_s1_repair_from43000_hand4_yaw3_slide_clearance_16k_5k,10025991,47000
coopG1S1,/home/zhaowenhao/isaaclab_nhb/isaaclab_nhb/logs/rsl_rl/coopG1S1/2026-06-06_19-19-37_s1_repair_from43000_hand4_yaw3_slide_clearance_16k_5k/model_47999.pt,2026-06-06_19-19-37_s1_repair_from43000_hand4_yaw3_slide_clearance_16k_5k,10025991,47999
coopG1S1,/home/zhaowenhao/isaaclab_nhb/isaaclab_nhb/logs/rsl_rl/coopG1S1/2026-06-07_12-11-26_s1_from43000_vel1_ang15_height1_hand2_16k_5k/model_43000.pt,2026-06-07_12-11-26_s1_from43000_vel1_ang15_height1_hand2_16k_5k,10025991,43000
coopG1S1,/home/zhaowenhao/isaaclab_nhb/isaaclab_nhb/logs/rsl_rl/coopG1S1/2026-06-07_12-11-26_s1_from43000_vel1_ang15_height1_hand2_16k_5k/model_44000.pt,2026-06-07_12-11-26_s1_from43000_vel1_ang15_height1_hand2_16k_5k,10025991,44000
coopG1S1,/home/zhaowenhao/isaaclab_nhb/isaaclab_nhb/logs/rsl_rl/coopG1S1/2026-06-07_12-11-26_s1_from43000_vel1_ang15_height1_hand2_16k_5k/model_45000.pt,2026-06-07_12-11-26_s1_from43000_vel1_ang15_height1_hand2_16k_5k,10025991,45000
coopG1S1,/home/zhaowenhao/isaaclab_nhb/isaaclab_nhb/logs/rsl_rl/coopG1S1/2026-06-07_12-11-26_s1_from43000_vel1_ang15_height1_hand2_16k_5k/model_46000.pt,2026-06-07_12-11-26_s1_from43000_vel1_ang15_height1_hand2_16k_5k,10025991,46000
coopG1S1,/home/zhaowenhao/isaaclab_nhb/isaaclab_nhb/logs/rsl_rl/coopG1S1/2026-06-07_12-11-26_s1_from43000_vel1_ang15_height1_hand2_16k_5k/model_47000.pt,2026-06-07_12-11-26_s1_from43000_vel1_ang15_height1_hand2_16k_5k,10025991,47000
coopG1S1,/home/zhaowenhao/isaaclab_nhb/isaaclab_nhb/logs/rsl_rl/coopG1S1/2026-06-07_12-11-26_s1_from43000_vel1_ang15_height1_hand2_16k_5k/model_47999.pt,2026-06-07_12-11-26_s1_from43000_vel1_ang15_height1_hand2_16k_5k,10025991,47999
coopG1S1,/home/zhaowenhao/isaaclab_nhb/isaaclab_nhb/logs/rsl_rl/coopG1S1/2026-06-07_23-42-38_s1_scratch_hand_pose_feet_default_16k_50k/model_0.pt,2026-06-07_23-42-38_s1_scratch_hand_pose_feet_default_16k_50k,10025023,0
coopG1S1,/home/zhaowenhao/isaaclab_nhb/isaaclab_nhb/logs/rsl_rl/coopG1S1/2026-06-07_23-42-38_s1_scratch_hand_pose_feet_default_16k_50k/model_1000.pt,2026-06-07_23-42-38_s1_scratch_hand_pose_feet_default_16k_50k,10025717,1000
coopG1S1,/home/zhaowenhao/isaaclab_nhb/isaaclab_nhb/logs/rsl_rl/coopG1S1/2026-06-07_23-42-38_s1_scratch_hand_pose_feet_default_16k_50k/model_2000.pt,2026-06-07_23-42-38_s1_scratch_hand_pose_feet_default_16k_50k,10025717,2000
coopG1S1,/home/zhaowenhao/isaaclab_nhb/isaaclab_nhb/logs/rsl_rl/coopG1S1/2026-06-07_23-42-38_s1_scratch_hand_pose_feet_default_16k_50k/model_3000.pt,2026-06-07_23-42-38_s1_scratch_hand_pose_feet_default_16k_50k,10025717,3000
coopG1S1,/home/zhaowenhao/isaaclab_nhb/isaaclab_nhb/logs/rsl_rl/coopG1S1/2026-06-07_23-42-38_s1_scratch_hand_pose_feet_default_16k_50k/model_4000.pt,2026-06-07_23-42-38_s1_scratch_hand_pose_feet_default_16k_50k,10025717,4000
coopG1S1,/home/zhaowenhao/isaaclab_nhb/isaaclab_nhb/logs/rsl_rl/coopG1S1/2026-06-07_23-42-38_s1_scratch_hand_pose_feet_default_16k_50k/model_5000.pt,2026-06-07_23-42-38_s1_scratch_hand_pose_feet_default_16k_50k,10025717,5000
coopG1S1,/home/zhaowenhao/isaaclab_nhb/isaaclab_nhb/logs/rsl_rl/coopG1S1/2026-06-07_23-42-38_s1_scratch_hand_pose_feet_default_16k_50k/model_6000.pt,2026-06-07_23-42-38_s1_scratch_hand_pose_feet_default_16k_50k,10025717,6000
coopG1S1,/home/zhaowenhao/isaaclab_nhb/isaaclab_nhb/logs/rsl_rl/coopG1S1/2026-06-07_23-42-38_s1_scratch_hand_pose_feet_default_16k_50k/model_7000.pt,2026-06-07_23-42-38_s1_scratch_hand_pose_feet_default_16k_50k,10025717,7000
coopG1S1,/home/zhaowenhao/isaaclab_nhb/isaaclab_nhb/logs/rsl_rl/coopG1S1/2026-06-08_10-54-15_s1_resume3000_forward_no_heading_vel3_std035_no_clearance_term06_16k_50k/model_3000.pt,2026-06-08_10-54-15_s1_resume3000_forward_no_heading_vel3_std035_no_clearance_term06_16k_50k,10025717,3000
coopG1S1,/home/zhaowenhao/isaaclab_nhb/isaaclab_nhb/logs/rsl_rl/coopG1S1/2026-06-08_10-54-15_s1_resume3000_forward_no_heading_vel3_std035_no_clearance_term06_16k_50k/model_4000.pt,2026-06-08_10-54-15_s1_resume3000_forward_no_heading_vel3_std035_no_clearance_term06_16k_50k,10025717,4000
coopG1S1,/home/zhaowenhao/isaaclab_nhb/isaaclab_nhb/logs/rsl_rl/coopG1S1/2026-06-08_10-54-15_s1_resume3000_forward_no_heading_vel3_std035_no_clearance_term06_16k_50k/model_5000.pt,2026-06-08_10-54-15_s1_resume3000_forward_no_heading_vel3_std035_no_clearance_term06_16k_50k,10025717,5000
coopG1S1,/home/zhaowenhao/isaaclab_nhb/isaaclab_nhb/logs/rsl_rl/coopG1S1/2026-06-08_10-54-15_s1_resume3000_forward_no_heading_vel3_std035_no_clearance_term06_16k_50k/model_6000.pt,2026-06-08_10-54-15_s1_resume3000_forward_no_heading_vel3_std035_no_clearance_term06_16k_50k,10025717,6000
coopG1S1,/home/zhaowenhao/isaaclab_nhb/isaaclab_nhb/logs/rsl_rl/coopG1S1/2026-06-08_15-10-20_s1_scratch_forward_footdist_airtime_16k_50k/model_0.pt,2026-06-08_15-10-20_s1_scratch_forward_footdist_airtime_16k_50k,10025023,0
coopG1S1,/home/zhaowenhao/isaaclab_nhb/isaaclab_nhb/logs/rsl_rl/coopG1S1/2026-06-08_15-10-20_s1_scratch_forward_footdist_airtime_16k_50k/model_1000.pt,2026-06-08_15-10-20_s1_scratch_forward_footdist_airtime_16k_50k,10025717,1000
coopG1S1,/home/zhaowenhao/isaaclab_nhb/isaaclab_nhb/logs/rsl_rl/coopG1S1/2026-06-08_15-10-20_s1_scratch_forward_footdist_airtime_16k_50k/model_2000.pt,2026-06-08_15-10-20_s1_scratch_forward_footdist_airtime_16k_50k,10025717,2000
coopG1S1,/home/zhaowenhao/isaaclab_nhb/isaaclab_nhb/logs/rsl_rl/coopG1S1/2026-06-08_15-10-20_s1_scratch_forward_footdist_airtime_16k_50k/model_3000.pt,2026-06-08_15-10-20_s1_scratch_forward_footdist_airtime_16k_50k,10025717,3000
coopG1S1,/home/zhaowenhao/isaaclab_nhb/isaaclab_nhb/logs/rsl_rl/coopG1S1/2026-06-08_15-10-20_s1_scratch_forward_footdist_airtime_16k_50k/model_4000.pt,2026-06-08_15-10-20_s1_scratch_forward_footdist_airtime_16k_50k,10025717,4000
coopG1S1,/home/zhaowenhao/isaaclab_nhb/isaaclab_nhb/logs/rsl_rl/coopG1S1/2026-06-08_15-10-20_s1_scratch_forward_footdist_airtime_16k_50k/model_5000.pt,2026-06-08_15-10-20_s1_scratch_forward_footdist_airtime_16k_50k,10025717,5000
coopG1S1,/home/zhaowenhao/isaaclab_nhb/isaaclab_nhb/logs/rsl_rl/coopG1S1/2026-06-08_15-10-20_s1_scratch_forward_footdist_airtime_16k_50k/model_6000.pt,2026-06-08_15-10-20_s1_scratch_forward_footdist_airtime_16k_50k,10025717,6000
coopG1S1,/home/zhaowenhao/isaaclab_nhb/isaaclab_nhb/logs/rsl_rl/coopG1S1/2026-06-08_15-10-20_s1_scratch_forward_footdist_airtime_16k_50k/model_7000.pt,2026-06-08_15-10-20_s1_scratch_forward_footdist_airtime_16k_50k,10025717,7000
coopG1S1,/home/zhaowenhao/isaaclab_nhb/isaaclab_nhb/logs/rsl_rl/coopG1S1/2026-06-08_15-10-20_s1_scratch_forward_footdist_airtime_16k_50k/model_8000.pt,2026-06-08_15-10-20_s1_scratch_forward_footdist_airtime_16k_50k,10025717,8000
coopG1S1,/home/zhaowenhao/isaaclab_nhb/isaaclab_nhb/logs/rsl_rl/coopG1S1/2026-06-08_15-10-20_s1_scratch_forward_footdist_airtime_16k_50k/model_9000.pt,2026-06-08_15-10-20_s1_scratch_forward_footdist_airtime_16k_50k,10025717,9000
coopG1S1,/home/zhaowenhao/isaaclab_nhb/isaaclab_nhb/logs/rsl_rl/coopG1S1/2026-06-08_15-10-20_s1_scratch_forward_footdist_airtime_16k_50k/model_10000.pt,2026-06-08_15-10-20_s1_scratch_forward_footdist_airtime_16k_50k,10025991,10000
coopG1S1,/home/zhaowenhao/isaaclab_nhb/isaaclab_nhb/logs/rsl_rl/coopG1S1/2026-06-08_15-10-20_s1_scratch_forward_footdist_airtime_16k_50k/model_11000.pt,2026-06-08_15-10-20_s1_scratch_forward_footdist_airtime_16k_50k,10025991,11000
coopG1S1,/home/zhaowenhao/isaaclab_nhb/isaaclab_nhb/logs/rsl_rl/coopG1S1/2026-06-08_15-10-20_s1_scratch_forward_footdist_airtime_16k_50k/model_12000.pt,2026-06-08_15-10-20_s1_scratch_forward_footdist_airtime_16k_50k,10025991,12000
coopG1S1,/home/zhaowenhao/isaaclab_nhb/isaaclab_nhb/logs/rsl_rl/coopG1S1/2026-06-08_15-10-20_s1_scratch_forward_footdist_airtime_16k_50k/model_13000.pt,2026-06-08_15-10-20_s1_scratch_forward_footdist_airtime_16k_50k,10025991,13000
coopG1S1,/home/zhaowenhao/isaaclab_nhb/isaaclab_nhb/logs/rsl_rl/coopG1S1/2026-06-08_15-10-20_s1_scratch_forward_footdist_airtime_16k_50k/model_14000.pt,2026-06-08_15-10-20_s1_scratch_forward_footdist_airtime_16k_50k,10025991,14000
coopG1S1,/home/zhaowenhao/isaaclab_nhb/isaaclab_nhb/logs/rsl_rl/coopG1S1/2026-06-08_15-11-10_s1_resume3000_forward_footdist_airtime_16k_50k/model_1000.pt,2026-06-08_15-11-10_s1_resume3000_forward_footdist_airtime_16k_50k,10025717,1000
coopG1S1,/home/zhaowenhao/isaaclab_nhb/isaaclab_nhb/logs/rsl_rl/coopG1S1/2026-06-08_15-11-10_s1_resume3000_forward_footdist_airtime_16k_50k/model_2000.pt,2026-06-08_15-11-10_s1_resume3000_forward_footdist_airtime_16k_50k,10025717,2000
coopG1S1,/home/zhaowenhao/isaaclab_nhb/isaaclab_nhb/logs/rsl_rl/coopG1S1/2026-06-08_15-11-10_s1_resume3000_forward_footdist_airtime_16k_50k/model_3000.pt,2026-06-08_15-11-10_s1_resume3000_forward_footdist_airtime_16k_50k,10025717,3000
coopG1S1,/home/zhaowenhao/isaaclab_nhb/isaaclab_nhb/logs/rsl_rl/coopG1S1/2026-06-08_15-11-10_s1_resume3000_forward_footdist_airtime_16k_50k/model_4000.pt,2026-06-08_15-11-10_s1_resume3000_forward_footdist_airtime_16k_50k,10025717,4000
coopG1S1,/home/zhaowenhao/isaaclab_nhb/isaaclab_nhb/logs/rsl_rl/coopG1S1/2026-06-08_15-11-10_s1_resume3000_forward_footdist_airtime_16k_50k/model_5000.pt,2026-06-08_15-11-10_s1_resume3000_forward_footdist_airtime_16k_50k,10025717,5000
coopG1S1,/home/zhaowenhao/isaaclab_nhb/isaaclab_nhb/logs/rsl_rl/coopG1S1/2026-06-08_15-11-10_s1_resume3000_forward_footdist_airtime_16k_50k/model_5999.pt,2026-06-08_15-11-10_s1_resume3000_forward_footdist_airtime_16k_50k,10025717,5999
coopG1S1,/home/zhaowenhao/isaaclab_nhb/isaaclab_nhb/logs/rsl_rl/coopG1S1/2026-06-09_11-43-07_s1_scratch_gait_bodyyaw_holdbox_16k_50k/model_0.pt,2026-06-09_11-43-07_s1_scratch_gait_bodyyaw_holdbox_16k_50k,10456063,0
coopG1S1,/home/zhaowenhao/isaaclab_nhb/isaaclab_nhb/logs/rsl_rl/coopG1S1/2026-06-09_11-43-07_s1_scratch_gait_bodyyaw_holdbox_16k_50k/model_1000.pt,2026-06-09_11-43-07_s1_scratch_gait_bodyyaw_holdbox_16k_50k,10456757,1000
coopG1S1,/home/zhaowenhao/isaaclab_nhb/isaaclab_nhb/logs/rsl_rl/coopG1S1/2026-06-09_11-43-07_s1_scratch_gait_bodyyaw_holdbox_16k_50k/model_2000.pt,2026-06-09_11-43-07_s1_scratch_gait_bodyyaw_holdbox_16k_50k,10456757,2000
coopG1S1,/home/zhaowenhao/isaaclab_nhb/isaaclab_nhb/logs/rsl_rl/coopG1S1/2026-06-09_11-43-07_s1_scratch_gait_bodyyaw_holdbox_16k_50k/model_3000.pt,2026-06-09_11-43-07_s1_scratch_gait_bodyyaw_holdbox_16k_50k,10456757,3000
coopG1S1,/home/zhaowenhao/isaaclab_nhb/isaaclab_nhb/logs/rsl_rl/coopG1S1/2026-06-09_11-43-07_s1_scratch_gait_bodyyaw_holdbox_16k_50k/model_4000.pt,2026-06-09_11-43-07_s1_scratch_gait_bodyyaw_holdbox_16k_50k,10456757,4000
coopG1S1,/home/zhaowenhao/isaaclab_nhb/isaaclab_nhb/logs/rsl_rl/coopG1S1/2026-06-09_11-43-07_s1_scratch_gait_bodyyaw_holdbox_16k_50k/model_5000.pt,2026-06-09_11-43-07_s1_scratch_gait_bodyyaw_holdbox_16k_50k,10456757,5000
coopG1S1,/home/zhaowenhao/isaaclab_nhb/isaaclab_nhb/logs/rsl_rl/coopG1S1/2026-06-09_20-22-31_s1_scratch_gait_pelvis_feetorient_holdbox_16k_50k/model_0.pt,2026-06-09_20-22-31_s1_scratch_gait_pelvis_feetorient_holdbox_16k_50k,10456063,0
coopG1S1,/home/zhaowenhao/isaaclab_nhb/isaaclab_nhb/logs/rsl_rl/coopG1S1/2026-06-09_20-22-31_s1_scratch_gait_pelvis_feetorient_holdbox_16k_50k/model_1000.pt,2026-06-09_20-22-31_s1_scratch_gait_pelvis_feetorient_holdbox_16k_50k,10456757,1000
coopG1S1,/home/zhaowenhao/isaaclab_nhb/isaaclab_nhb/logs/rsl_rl/coopG1S1/2026-06-09_20-22-31_s1_scratch_gait_pelvis_feetorient_holdbox_16k_50k/model_2000.pt,2026-06-09_20-22-31_s1_scratch_gait_pelvis_feetorient_holdbox_16k_50k,10456757,2000
coopG1S1,/home/zhaowenhao/isaaclab_nhb/isaaclab_nhb/logs/rsl_rl/coopG1S1/2026-06-09_20-22-31_s1_scratch_gait_pelvis_feetorient_holdbox_16k_50k/model_3000.pt,2026-06-09_20-22-31_s1_scratch_gait_pelvis_feetorient_holdbox_16k_50k,10456757,3000
coopG1S1,/home/zhaowenhao/isaaclab_nhb/isaaclab_nhb/logs/rsl_rl/coopG1S1/2026-06-09_20-22-31_s1_scratch_gait_pelvis_feetorient_holdbox_16k_50k/model_4000.pt,2026-06-09_20-22-31_s1_scratch_gait_pelvis_feetorient_holdbox_16k_50k,10456757,4000
coopG1S1,/home/zhaowenhao/isaaclab_nhb/isaaclab_nhb/logs/rsl_rl/coopG1S1/2026-06-09_20-22-31_s1_scratch_gait_pelvis_feetorient_holdbox_16k_50k/model_5000.pt,2026-06-09_20-22-31_s1_scratch_gait_pelvis_feetorient_holdbox_16k_50k,10456757,5000
coopG1S1,/home/zhaowenhao/isaaclab_nhb/isaaclab_nhb/logs/rsl_rl/coopG1S1/2026-06-09_20-22-31_s1_scratch_gait_pelvis_feetorient_holdbox_16k_50k/model_6000.pt,2026-06-09_20-22-31_s1_scratch_gait_pelvis_feetorient_holdbox_16k_50k,10456757,6000
coopG1S1,/home/zhaowenhao/isaaclab_nhb/isaaclab_nhb/logs/rsl_rl/coopG1S1/2026-06-09_20-22-31_s1_scratch_gait_pelvis_feetorient_holdbox_16k_50k/model_7000.pt,2026-06-09_20-22-31_s1_scratch_gait_pelvis_feetorient_holdbox_16k_50k,10456757,7000
coopG1S1,/home/zhaowenhao/isaaclab_nhb/isaaclab_nhb/logs/rsl_rl/coopG1S1/2026-06-09_20-22-31_s1_scratch_gait_pelvis_feetorient_holdbox_16k_50k/model_8000.pt,2026-06-09_20-22-31_s1_scratch_gait_pelvis_feetorient_holdbox_16k_50k,10456757,8000
coopG1S1,/home/zhaowenhao/isaaclab_nhb/isaaclab_nhb/logs/rsl_rl/coopG1S1/2026-06-09_20-22-31_s1_scratch_gait_pelvis_feetorient_holdbox_16k_50k/model_9000.pt,2026-06-09_20-22-31_s1_scratch_gait_pelvis_feetorient_holdbox_16k_50k,10456757,9000
coopG1S1,/home/zhaowenhao/isaaclab_nhb/isaaclab_nhb/logs/rsl_rl/coopG1S1/2026-06-09_20-22-31_s1_scratch_gait_pelvis_feetorient_holdbox_16k_50k/model_10000.pt,2026-06-09_20-22-31_s1_scratch_gait_pelvis_feetorient_holdbox_16k_50k,10456839,10000
coopG1S1,/home/zhaowenhao/isaaclab_nhb/isaaclab_nhb/logs/rsl_rl/coopG1S1/2026-06-09_20-22-31_s1_scratch_gait_pelvis_feetorient_holdbox_16k_50k/model_11000.pt,2026-06-09_20-22-31_s1_scratch_gait_pelvis_feetorient_holdbox_16k_50k,10456839,11000
coopG1S1,/home/zhaowenhao/isaaclab_nhb/isaaclab_nhb/logs/rsl_rl/coopG1S1/2026-06-09_20-22-31_s1_scratch_gait_pelvis_feetorient_holdbox_16k_50k/model_12000.pt,2026-06-09_20-22-31_s1_scratch_gait_pelvis_feetorient_holdbox_16k_50k,10456839,12000
coopG1S1,/home/zhaowenhao/isaaclab_nhb/isaaclab_nhb/logs/rsl_rl/coopG1S1/2026-06-09_20-22-31_s1_scratch_gait_pelvis_feetorient_holdbox_16k_50k/model_13000.pt,2026-06-09_20-22-31_s1_scratch_gait_pelvis_feetorient_holdbox_16k_50k,10456839,13000
coopG1S1,/home/zhaowenhao/isaaclab_nhb/isaaclab_nhb/logs/rsl_rl/coopG1S1/2026-06-09_20-22-31_s1_scratch_gait_pelvis_feetorient_holdbox_16k_50k/model_14000.pt,2026-06-09_20-22-31_s1_scratch_gait_pelvis_feetorient_holdbox_16k_50k,10456839,14000
coopG1S1,/home/zhaowenhao/isaaclab_nhb/isaaclab_nhb/logs/rsl_rl/coopG1S1/2026-06-09_20-22-31_s1_scratch_gait_pelvis_feetorient_holdbox_16k_50k/model_15000.pt,2026-06-09_20-22-31_s1_scratch_gait_pelvis_feetorient_holdbox_16k_50k,10456839,15000
coopG1S1,/home/zhaowenhao/isaaclab_nhb/isaaclab_nhb/logs/rsl_rl/coopG1S0/2026-06-09_20-22-44_s0_gait_pelvis_feetorient_16k_5k/model_0.pt,2026-06-09_20-22-44_s0_gait_pelvis_feetorient_16k_5k,10456063,0
coopG1S1,/home/zhaowenhao/isaaclab_nhb/isaaclab_nhb/logs/rsl_rl/coopG1S0/2026-06-09_20-22-44_s0_gait_pelvis_feetorient_16k_5k/model_200.pt,2026-06-09_20-22-44_s0_gait_pelvis_feetorient_16k_5k,10456675,200
coopG1S1,/home/zhaowenhao/isaaclab_nhb/isaaclab_nhb/logs/rsl_rl/coopG1S0/2026-06-09_20-22-44_s0_gait_pelvis_feetorient_16k_5k/model_400.pt,2026-06-09_20-22-44_s0_gait_pelvis_feetorient_16k_5k,10456675,400
coopG1S1,/home/zhaowenhao/isaaclab_nhb/isaaclab_nhb/logs/rsl_rl/coopG1S0/2026-06-09_20-22-44_s0_gait_pelvis_feetorient_16k_5k/model_600.pt,2026-06-09_20-22-44_s0_gait_pelvis_feetorient_16k_5k,10456675,600
coopG1S1,/home/zhaowenhao/isaaclab_nhb/isaaclab_nhb/logs/rsl_rl/coopG1S0/2026-06-09_20-22-44_s0_gait_pelvis_feetorient_16k_5k/model_800.pt,2026-06-09_20-22-44_s0_gait_pelvis_feetorient_16k_5k,10456675,800
coopG1S1,/home/zhaowenhao/isaaclab_nhb/isaaclab_nhb/logs/rsl_rl/coopG1S0/2026-06-09_20-22-44_s0_gait_pelvis_feetorient_16k_5k/model_1000.pt,2026-06-09_20-22-44_s0_gait_pelvis_feetorient_16k_5k,10456757,1000
coopG1S1,/home/zhaowenhao/isaaclab_nhb/isaaclab_nhb/logs/rsl_rl/coopG1S0/2026-06-09_20-22-44_s0_gait_pelvis_feetorient_16k_5k/model_1200.pt,2026-06-09_20-22-44_s0_gait_pelvis_feetorient_16k_5k,10456757,1200
coopG1S1,/home/zhaowenhao/isaaclab_nhb/isaaclab_nhb/logs/rsl_rl/coopG1S0/2026-06-09_20-22-44_s0_gait_pelvis_feetorient_16k_5k/model_1400.pt,2026-06-09_20-22-44_s0_gait_pelvis_feetorient_16k_5k,10456757,1400
coopG1S1,/home/zhaowenhao/isaaclab_nhb/isaaclab_nhb/logs/rsl_rl/coopG1S0/2026-06-09_20-22-44_s0_gait_pelvis_feetorient_16k_5k/model_1600.pt,2026-06-09_20-22-44_s0_gait_pelvis_feetorient_16k_5k,10456757,1600
coopG1S1,/home/zhaowenhao/isaaclab_nhb/isaaclab_nhb/logs/rsl_rl/coopG1S0/2026-06-09_20-22-44_s0_gait_pelvis_feetorient_16k_5k/model_1800.pt,2026-06-09_20-22-44_s0_gait_pelvis_feetorient_16k_5k,10456757,1800
coopG1S1,/home/zhaowenhao/isaaclab_nhb/isaaclab_nhb/logs/rsl_rl/coopG1S0/2026-06-09_20-22-44_s0_gait_pelvis_feetorient_16k_5k/model_2000.pt,2026-06-09_20-22-44_s0_gait_pelvis_feetorient_16k_5k,10456757,2000
coopG1S1,/home/zhaowenhao/isaaclab_nhb/isaaclab_nhb/logs/rsl_rl/coopG1S0/2026-06-09_20-22-44_s0_gait_pelvis_feetorient_16k_5k/model_2200.pt,2026-06-09_20-22-44_s0_gait_pelvis_feetorient_16k_5k,10456757,2200
coopG1S1,/home/zhaowenhao/isaaclab_nhb/isaaclab_nhb/logs/rsl_rl/coopG1S0/2026-06-09_20-22-44_s0_gait_pelvis_feetorient_16k_5k/model_2400.pt,2026-06-09_20-22-44_s0_gait_pelvis_feetorient_16k_5k,10456757,2400
coopG1S1,/home/zhaowenhao/isaaclab_nhb/isaaclab_nhb/logs/rsl_rl/coopG1S0/2026-06-09_20-22-44_s0_gait_pelvis_feetorient_16k_5k/model_2600.pt,2026-06-09_20-22-44_s0_gait_pelvis_feetorient_16k_5k,10456757,2600
coopG1S1,/home/zhaowenhao/isaaclab_nhb/isaaclab_nhb/logs/rsl_rl/coopG1S0/2026-06-09_20-22-44_s0_gait_pelvis_feetorient_16k_5k/model_2800.pt,2026-06-09_20-22-44_s0_gait_pelvis_feetorient_16k_5k,10456757,2800
coopG1S1,/home/zhaowenhao/isaaclab_nhb/isaaclab_nhb/logs/rsl_rl/coopG1S0/2026-06-09_20-22-44_s0_gait_pelvis_feetorient_16k_5k/model_3000.pt,2026-06-09_20-22-44_s0_gait_pelvis_feetorient_16k_5k,10456757,3000
coopG1S1,/home/zhaowenhao/isaaclab_nhb/isaaclab_nhb/logs/rsl_rl/coopG1S0/2026-06-09_20-22-44_s0_gait_pelvis_feetorient_16k_5k/model_3200.pt,2026-06-09_20-22-44_s0_gait_pelvis_feetorient_16k_5k,10456757,3200
coopG1S1,/home/zhaowenhao/isaaclab_nhb/isaaclab_nhb/logs/rsl_rl/coopG1S0/2026-06-09_20-22-44_s0_gait_pelvis_feetorient_16k_5k/model_3400.pt,2026-06-09_20-22-44_s0_gait_pelvis_feetorient_16k_5k,10456757,3400
coopG1S1,/home/zhaowenhao/isaaclab_nhb/isaaclab_nhb/logs/rsl_rl/coopG1S0/2026-06-09_20-22-44_s0_gait_pelvis_feetorient_16k_5k/model_3600.pt,2026-06-09_20-22-44_s0_gait_pelvis_feetorient_16k_5k,10456757,3600
coopG1S1,/home/zhaowenhao/isaaclab_nhb/isaaclab_nhb/logs/rsl_rl/coopG1S0/2026-06-09_20-22-44_s0_gait_pelvis_feetorient_16k_5k/model_3800.pt,2026-06-09_20-22-44_s0_gait_pelvis_feetorient_16k_5k,10456757,3800
coopG1S1,/home/zhaowenhao/isaaclab_nhb/isaaclab_nhb/logs/rsl_rl/coopG1S0/2026-06-09_20-22-44_s0_gait_pelvis_feetorient_16k_5k/model_4000.pt,2026-06-09_20-22-44_s0_gait_pelvis_feetorient_16k_5k,10456757,4000
coopG1S1,/home/zhaowenhao/isaaclab_nhb/isaaclab_nhb/logs/rsl_rl/coopG1S0/2026-06-09_20-22-44_s0_gait_pelvis_feetorient_16k_5k/model_4200.pt,2026-06-09_20-22-44_s0_gait_pelvis_feetorient_16k_5k,10456757,4200
coopG1S1,/home/zhaowenhao/isaaclab_nhb/isaaclab_nhb/logs/rsl_rl/coopG1S0/2026-06-09_20-22-44_s0_gait_pelvis_feetorient_16k_5k/model_4400.pt,2026-06-09_20-22-44_s0_gait_pelvis_feetorient_16k_5k,10456757,4400
coopG1S1,/home/zhaowenhao/isaaclab_nhb/isaaclab_nhb/logs/rsl_rl/coopG1S0/2026-06-09_20-22-44_s0_gait_pelvis_feetorient_16k_5k/model_4600.pt,2026-06-09_20-22-44_s0_gait_pelvis_feetorient_16k_5k,10456757,4600
coopG1S1,/home/zhaowenhao/isaaclab_nhb/isaaclab_nhb/logs/rsl_rl/coopG1S0/2026-06-09_20-22-44_s0_gait_pelvis_feetorient_16k_5k/model_4800.pt,2026-06-09_20-22-44_s0_gait_pelvis_feetorient_16k_5k,10456757,4800
coopG1S1,/home/zhaowenhao/isaaclab_nhb/isaaclab_nhb/logs/rsl_rl/coopG1S0/2026-06-09_20-22-44_s0_gait_pelvis_feetorient_16k_5k/model_5000.pt,2026-06-09_20-22-44_s0_gait_pelvis_feetorient_16k_5k,10456757,5000
coopG1S1,/home/zhaowenhao/isaaclab_nhb/isaaclab_nhb/logs/rsl_rl/coopG1S0/2026-06-09_20-22-44_s0_gait_pelvis_feetorient_16k_5k/model_5200.pt,2026-06-09_20-22-44_s0_gait_pelvis_feetorient_16k_5k,10456757,5200
coopG1S1,/home/zhaowenhao/isaaclab_nhb/isaaclab_nhb/logs/rsl_rl/coopG1S0/2026-06-09_20-22-44_s0_gait_pelvis_feetorient_16k_5k/model_5400.pt,2026-06-09_20-22-44_s0_gait_pelvis_feetorient_16k_5k,10456757,5400
coopG1S1,/home/zhaowenhao/isaaclab_nhb/isaaclab_nhb/logs/rsl_rl/coopG1S0/2026-06-09_20-22-44_s0_gait_pelvis_feetorient_16k_5k/model_5600.pt,2026-06-09_20-22-44_s0_gait_pelvis_feetorient_16k_5k,10456757,5600
coopG1S1,/home/zhaowenhao/isaaclab_nhb/isaaclab_nhb/logs/rsl_rl/coopG1S0/2026-06-09_20-22-44_s0_gait_pelvis_feetorient_16k_5k/model_5800.pt,2026-06-09_20-22-44_s0_gait_pelvis_feetorient_16k_5k,10456757,5800
coopG1S1,/home/zhaowenhao/isaaclab_nhb/isaaclab_nhb/logs/rsl_rl/coopG1S0/2026-06-09_20-22-44_s0_gait_pelvis_feetorient_16k_5k/model_6000.pt,2026-06-09_20-22-44_s0_gait_pelvis_feetorient_16k_5k,10456757,6000
coopG1S1,/home/zhaowenhao/isaaclab_nhb/isaaclab_nhb/logs/rsl_rl/coopG1S0/2026-06-09_20-22-44_s0_gait_pelvis_feetorient_16k_5k/model_6200.pt,2026-06-09_20-22-44_s0_gait_pelvis_feetorient_16k_5k,10456757,6200
coopG1S1,/home/zhaowenhao/isaaclab_nhb/isaaclab_nhb/logs/rsl_rl/coopG1S1/2026-06-10_07-38-46_s1_fromS0_3000_gait_pelvis_feetorient_holdbox_16k_5k/model_3000.pt,2026-06-10_07-38-46_s1_fromS0_3000_gait_pelvis_feetorient_holdbox_16k_5k,10456757,3000
coopG1S1,/home/zhaowenhao/isaaclab_nhb/isaaclab_nhb/logs/rsl_rl/coopG1S1/2026-06-10_07-38-46_s1_fromS0_3000_gait_pelvis_feetorient_holdbox_16k_5k/model_4000.pt,2026-06-10_07-38-46_s1_fromS0_3000_gait_pelvis_feetorient_holdbox_16k_5k,10456757,4000
coopG1S1,/home/zhaowenhao/isaaclab_nhb/isaaclab_nhb/logs/rsl_rl/coopG1S1/2026-06-10_07-38-46_s1_fromS0_3000_gait_pelvis_feetorient_holdbox_16k_5k/model_5000.pt,2026-06-10_07-38-46_s1_fromS0_3000_gait_pelvis_feetorient_holdbox_16k_5k,10456757,5000
coopG1S1,/home/zhaowenhao/isaaclab_nhb/isaaclab_nhb/logs/rsl_rl/coopG1S1/2026-06-10_07-38-46_s1_fromS0_3000_gait_pelvis_feetorient_holdbox_16k_5k/model_6000.pt,2026-06-10_07-38-46_s1_fromS0_3000_gait_pelvis_feetorient_holdbox_16k_5k,10456757,6000
coopG1S1,/home/zhaowenhao/isaaclab_nhb/isaaclab_nhb/logs/rsl_rl/coopG1S1/2026-06-10_07-38-46_s1_fromS0_3000_gait_pelvis_feetorient_holdbox_16k_5k/model_7000.pt,2026-06-10_07-38-46_s1_fromS0_3000_gait_pelvis_feetorient_holdbox_16k_5k,10456757,7000
coopG1S1,/home/zhaowenhao/isaaclab_nhb/isaaclab_nhb/logs/rsl_rl/coopG1S1/2026-06-10_07-38-46_s1_fromS0_3000_gait_pelvis_feetorient_holdbox_16k_5k/model_7999.pt,2026-06-10_07-38-46_s1_fromS0_3000_gait_pelvis_feetorient_holdbox_16k_5k,10456757,7999
coopG1S1,/home/zhaowenhao/isaaclab_nhb/isaaclab_nhb/logs/rsl_rl/coopG1S1/2026-06-10_16-57-26_s1_from7999_hand4_gait_pelvis_feetorient_holdbox_16k_5k/model_8000.pt,2026-06-10_16-57-26_s1_from7999_hand4_gait_pelvis_feetorient_holdbox_16k_5k,10456757,8000
coopG1S1,/home/zhaowenhao/isaaclab_nhb/isaaclab_nhb/logs/rsl_rl/coopG1S1/2026-06-10_16-57-26_s1_from7999_hand4_gait_pelvis_feetorient_holdbox_16k_5k/model_9000.pt,2026-06-10_16-57-26_s1_from7999_hand4_gait_pelvis_feetorient_holdbox_16k_5k,10456757,9000
coopG1S1,/home/zhaowenhao/isaaclab_nhb/isaaclab_nhb/logs/rsl_rl/coopG1S1/2026-06-10_16-57-26_s1_from7999_hand4_gait_pelvis_feetorient_holdbox_16k_5k/model_10000.pt,2026-06-10_16-57-26_s1_from7999_hand4_gait_pelvis_feetorient_holdbox_16k_5k,10456839,10000
coopG1S1,/home/zhaowenhao/isaaclab_nhb/isaaclab_nhb/logs/rsl_rl/coopG1S1/2026-06-10_16-57-26_s1_from7999_hand4_gait_pelvis_feetorient_holdbox_16k_5k/model_11000.pt,2026-06-10_16-57-26_s1_from7999_hand4_gait_pelvis_feetorient_holdbox_16k_5k,10456839,11000
coopG1S1,/home/zhaowenhao/isaaclab_nhb/isaaclab_nhb/logs/rsl_rl/coopG1S1/2026-06-10_16-57-26_s1_from7999_hand4_gait_pelvis_feetorient_holdbox_16k_5k/model_12000.pt,2026-06-10_16-57-26_s1_from7999_hand4_gait_pelvis_feetorient_holdbox_16k_5k,10456839,12000
coopG1S1,/home/zhaowenhao/isaaclab_nhb/isaaclab_nhb/logs/rsl_rl/coopG1S1/2026-06-10_16-57-26_s1_from7999_hand4_gait_pelvis_feetorient_holdbox_16k_5k/model_12998.pt,2026-06-10_16-57-26_s1_from7999_hand4_gait_pelvis_feetorient_holdbox_16k_5k,10456839,12998
coopG1S1,/home/zhaowenhao/isaaclab_nhb/isaaclab_nhb/logs/rsl_rl/coopG1S1/2026-06-10_17-12-27_s1_from7999_hand8_torso_pelvis_rp_stronger_16k_5k/model_8000.pt,2026-06-10_17-12-27_s1_from7999_hand8_torso_pelvis_rp_stronger_16k_5k,10456757,8000
coopG1S1,/home/zhaowenhao/isaaclab_nhb/isaaclab_nhb/logs/rsl_rl/coopG1S1/2026-06-10_17-12-27_s1_from7999_hand8_torso_pelvis_rp_stronger_16k_5k/model_9000.pt,2026-06-10_17-12-27_s1_from7999_hand8_torso_pelvis_rp_stronger_16k_5k,10456757,9000
coopG1S1,/home/zhaowenhao/isaaclab_nhb/isaaclab_nhb/logs/rsl_rl/coopG1S1/2026-06-10_17-12-27_s1_from7999_hand8_torso_pelvis_rp_stronger_16k_5k/model_10000.pt,2026-06-10_17-12-27_s1_from7999_hand8_torso_pelvis_rp_stronger_16k_5k,10456839,10000
coopG1S1,/home/zhaowenhao/isaaclab_nhb/isaaclab_nhb/logs/rsl_rl/coopG1S1/2026-06-10_17-12-27_s1_from7999_hand8_torso_pelvis_rp_stronger_16k_5k/model_11000.pt,2026-06-10_17-12-27_s1_from7999_hand8_torso_pelvis_rp_stronger_16k_5k,10456839,11000
coopG1S1,/home/zhaowenhao/isaaclab_nhb/isaaclab_nhb/logs/rsl_rl/coopG1S1/2026-06-10_17-12-27_s1_from7999_hand8_torso_pelvis_rp_stronger_16k_5k/model_12000.pt,2026-06-10_17-12-27_s1_from7999_hand8_torso_pelvis_rp_stronger_16k_5k,10456839,12000
coopG1S1,/home/zhaowenhao/isaaclab_nhb/isaaclab_nhb/logs/rsl_rl/coopG1S1/2026-06-10_17-12-27_s1_from7999_hand8_torso_pelvis_rp_stronger_16k_5k/model_12998.pt,2026-06-10_17-12-27_s1_from7999_hand8_torso_pelvis_rp_stronger_16k_5k,10456839,12998
coopG1S1,/home/zhaowenhao/isaaclab_nhb/isaaclab_nhb/logs/rsl_rl/coopG1S1/2026-06-11_18-54-53_s1_from7999_hand4_torso_pelvis_rp_stronger_16k_5k/model_8000.pt,2026-06-11_18-54-53_s1_from7999_hand4_torso_pelvis_rp_stronger_16k_5k,10456757,8000
coopG1S1,/home/zhaowenhao/isaaclab_nhb/isaaclab_nhb/logs/rsl_rl/coopG1S1/2026-06-11_18-54-53_s1_from7999_hand4_torso_pelvis_rp_stronger_16k_5k/model_9000.pt,2026-06-11_18-54-53_s1_from7999_hand4_torso_pelvis_rp_stronger_16k_5k,10456757,9000
coopG1S1,/home/zhaowenhao/isaaclab_nhb/isaaclab_nhb/logs/rsl_rl/coopG1S1/2026-06-11_18-54-53_s1_from7999_hand4_torso_pelvis_rp_stronger_16k_5k/model_10000.pt,2026-06-11_18-54-53_s1_from7999_hand4_torso_pelvis_rp_stronger_16k_5k,10456839,10000
coopG1S1,/home/zhaowenhao/isaaclab_nhb/isaaclab_nhb/logs/rsl_rl/coopG1S1/2026-06-11_18-54-53_s1_from7999_hand4_torso_pelvis_rp_stronger_16k_5k/model_11000.pt,2026-06-11_18-54-53_s1_from7999_hand4_torso_pelvis_rp_stronger_16k_5k,10456839,11000
coopG1S1,/home/zhaowenhao/isaaclab_nhb/isaaclab_nhb/logs/rsl_rl/coopG1S1/2026-06-11_18-54-53_s1_from7999_hand4_torso_pelvis_rp_stronger_16k_5k/model_12000.pt,2026-06-11_18-54-53_s1_from7999_hand4_torso_pelvis_rp_stronger_16k_5k,10456839,12000
coopG1S1,/home/zhaowenhao/isaaclab_nhb/isaaclab_nhb/logs/rsl_rl/coopG1S1/2026-06-11_18-54-53_s1_from7999_hand4_torso_pelvis_rp_stronger_16k_5k/model_13000.pt,2026-06-11_18-54-53_s1_from7999_hand4_torso_pelvis_rp_stronger_16k_5k,10456839,13000
coopG1S1,/home/zhaowenhao/isaaclab_nhb/isaaclab_nhb/logs/rsl_rl/coopG1S1/2026-06-11_18-54-53_s1_from7999_hand4_torso_pelvis_rp_stronger_16k_5k/model_14000.pt,2026-06-11_18-54-53_s1_from7999_hand4_torso_pelvis_rp_stronger_16k_5k,10456839,14000
coopG1S1,/home/zhaowenhao/isaaclab_nhb/isaaclab_nhb/logs/rsl_rl/coopG1S1/2026-06-11_18-54-53_s1_from7999_hand4_torso_pelvis_rp_stronger_16k_5k/model_15000.pt,2026-06-11_18-54-53_s1_from7999_hand4_torso_pelvis_rp_stronger_16k_5k,10456839,15000
coopG1S1,/home/zhaowenhao/isaaclab_nhb/isaaclab_nhb/logs/rsl_rl/coopG1S1/2026-06-11_18-54-53_s1_from7999_hand4_torso_pelvis_rp_stronger_16k_5k/model_16000.pt,2026-06-11_18-54-53_s1_from7999_hand4_torso_pelvis_rp_stronger_16k_5k,10456839,16000
coopG1S1,/home/zhaowenhao/isaaclab_nhb/isaaclab_nhb/logs/rsl_rl/coopG1S1/2026-06-11_18-54-53_s1_from7999_hand4_torso_pelvis_rp_stronger_16k_5k/model_17000.pt,2026-06-11_18-54-53_s1_from7999_hand4_torso_pelvis_rp_stronger_16k_5k,10456839,17000
coopG1S1,/home/zhaowenhao/isaaclab_nhb/isaaclab_nhb/logs/rsl_rl/coopG1S1/2026-06-11_18-54-53_s1_from7999_hand4_torso_pelvis_rp_stronger_16k_5k/model_18000.pt,2026-06-11_18-54-53_s1_from7999_hand4_torso_pelvis_rp_stronger_16k_5k,10456839,18000
coopG1S1,/home/zhaowenhao/isaaclab_nhb/isaaclab_nhb/logs/rsl_rl/coopG1S1/2026-06-11_18-54-53_s1_from7999_hand4_torso_pelvis_rp_stronger_16k_5k/model_19000.pt,2026-06-11_18-54-53_s1_from7999_hand4_torso_pelvis_rp_stronger_16k_5k,10456839,19000
coopG1S1,/home/zhaowenhao/isaaclab_nhb/isaaclab_nhb/logs/rsl_rl/coopG1S1/2026-06-11_18-54-53_s1_from7999_hand4_torso_pelvis_rp_stronger_16k_5k/model_20000.pt,2026-06-11_18-54-53_s1_from7999_hand4_torso_pelvis_rp_stronger_16k_5k,10456839,20000
coopG1S1,/home/zhaowenhao/isaaclab_nhb/isaaclab_nhb/logs/rsl_rl/coopG1S1/2026-06-11_18-54-53_s1_from7999_hand4_torso_pelvis_rp_stronger_16k_5k/model_21000.pt,2026-06-11_18-54-53_s1_from7999_hand4_torso_pelvis_rp_stronger_16k_5k,10456839,21000
coopG1S1,/home/zhaowenhao/isaaclab_nhb/isaaclab_nhb/logs/rsl_rl/coopG1S1/2026-06-11_18-54-53_s1_from7999_hand4_torso_pelvis_rp_stronger_16k_5k/model_22000.pt,2026-06-11_18-54-53_s1_from7999_hand4_torso_pelvis_rp_stronger_16k_5k,10456839,22000
coopG1S1,/home/zhaowenhao/isaaclab_nhb/isaaclab_nhb/logs/rsl_rl/coopG1S1/2026-06-11_18-54-53_s1_from7999_hand4_torso_pelvis_rp_stronger_16k_5k/model_23000.pt,2026-06-11_18-54-53_s1_from7999_hand4_torso_pelvis_rp_stronger_16k_5k,10456839,23000
coopG1S1,/home/zhaowenhao/isaaclab_nhb/isaaclab_nhb/logs/rsl_rl/coopG1S1/2026-06-11_18-54-53_s1_from7999_hand4_torso_pelvis_rp_stronger_16k_5k/model_24000.pt,2026-06-11_18-54-53_s1_from7999_hand4_torso_pelvis_rp_stronger_16k_5k,10456839,24000
coopG1S1,/home/zhaowenhao/isaaclab_nhb/isaaclab_nhb/logs/rsl_rl/coopG1S1/2026-06-11_18-54-53_s1_from7999_hand4_torso_pelvis_rp_stronger_16k_5k/model_25000.pt,2026-06-11_18-54-53_s1_from7999_hand4_torso_pelvis_rp_stronger_16k_5k,10456839,25000
coopG1S1,/home/zhaowenhao/isaaclab_nhb/isaaclab_nhb/logs/rsl_rl/coopG1S1/2026-06-11_18-54-53_s1_from7999_hand4_torso_pelvis_rp_stronger_16k_5k/model_26000.pt,2026-06-11_18-54-53_s1_from7999_hand4_torso_pelvis_rp_stronger_16k_5k,10456839,26000
coopG1S1,/home/zhaowenhao/isaaclab_nhb/isaaclab_nhb/logs/rsl_rl/coopG1S1/2026-06-11_18-54-53_s1_from7999_hand4_torso_pelvis_rp_stronger_16k_5k/model_27000.pt,2026-06-11_18-54-53_s1_from7999_hand4_torso_pelvis_rp_stronger_16k_5k,10456839,27000
coopG1S1,/home/zhaowenhao/isaaclab_nhb/isaaclab_nhb/logs/rsl_rl/coopG1S1/2026-06-11_18-54-53_s1_from7999_hand4_torso_pelvis_rp_stronger_16k_5k/model_28000.pt,2026-06-11_18-54-53_s1_from7999_hand4_torso_pelvis_rp_stronger_16k_5k,10456839,28000
coopG1S1,/home/zhaowenhao/isaaclab_nhb/isaaclab_nhb/logs/rsl_rl/coopG1S1/2026-06-11_18-54-53_s1_from7999_hand4_torso_pelvis_rp_stronger_16k_5k/model_29000.pt,2026-06-11_18-54-53_s1_from7999_hand4_torso_pelvis_rp_stronger_16k_5k,10456839,29000
coopG1S1,/home/zhaowenhao/isaaclab_nhb/isaaclab_nhb/logs/rsl_rl/coopG1S1/2026-06-11_18-54-53_s1_from7999_hand4_torso_pelvis_rp_stronger_16k_5k/model_30000.pt,2026-06-11_18-54-53_s1_from7999_hand4_torso_pelvis_rp_stronger_16k_5k,10456839,30000
coopG1S1,/home/zhaowenhao/isaaclab_nhb/isaaclab_nhb/logs/rsl_rl/coopG1S1/2026-06-11_18-54-53_s1_from7999_hand4_torso_pelvis_rp_stronger_16k_5k/model_31000.pt,2026-06-11_18-54-53_s1_from7999_hand4_torso_pelvis_rp_stronger_16k_5k,10456839,31000
coopG1S1,/home/zhaowenhao/isaaclab_nhb/isaaclab_nhb/logs/rsl_rl/coopG1S1/2026-06-11_18-54-53_s1_from7999_hand4_torso_pelvis_rp_stronger_16k_5k/model_32000.pt,2026-06-11_18-54-53_s1_from7999_hand4_torso_pelvis_rp_stronger_16k_5k,10456839,32000
coopG1S1,/home/zhaowenhao/isaaclab_nhb/isaaclab_nhb/logs/rsl_rl/coopG1S1/2026-06-11_18-54-53_s1_from7999_hand4_torso_pelvis_rp_stronger_16k_5k/model_33000.pt,2026-06-11_18-54-53_s1_from7999_hand4_torso_pelvis_rp_stronger_16k_5k,10456839,33000
coopG1S1,/home/zhaowenhao/isaaclab_nhb/isaaclab_nhb/logs/rsl_rl/coopG1S1/2026-06-11_18-54-53_s1_from7999_hand4_torso_pelvis_rp_stronger_16k_5k/model_34000.pt,2026-06-11_18-54-53_s1_from7999_hand4_torso_pelvis_rp_stronger_16k_5k,10456839,34000
coopG1S1,/home/zhaowenhao/isaaclab_nhb/isaaclab_nhb/logs/rsl_rl/coopG1S1/2026-06-11_18-54-53_s1_from7999_hand4_torso_pelvis_rp_stronger_16k_5k/model_35000.pt,2026-06-11_18-54-53_s1_from7999_hand4_torso_pelvis_rp_stronger_16k_5k,10456839,35000
coopG1S1,/home/zhaowenhao/isaaclab_nhb/isaaclab_nhb/logs/rsl_rl/coopG1S1/2026-06-11_18-54-53_s1_from7999_hand4_torso_pelvis_rp_stronger_16k_5k/model_36000.pt,2026-06-11_18-54-53_s1_from7999_hand4_torso_pelvis_rp_stronger_16k_5k,10456839,36000
coopG1S1,/home/zhaowenhao/isaaclab_nhb/isaaclab_nhb/logs/rsl_rl/coopG1S1/2026-06-11_18-54-53_s1_from7999_hand4_torso_pelvis_rp_stronger_16k_5k/model_37000.pt,2026-06-11_18-54-53_s1_from7999_hand4_torso_pelvis_rp_stronger_16k_5k,10456839,37000
coopG1S1,/home/zhaowenhao/isaaclab_nhb/isaaclab_nhb/logs/rsl_rl/coopG1S1/2026-06-11_18-54-53_s1_from7999_hand4_torso_pelvis_rp_stronger_16k_5k/model_38000.pt,2026-06-11_18-54-53_s1_from7999_hand4_torso_pelvis_rp_stronger_16k_5k,10456839,38000
coopG1S1,/home/zhaowenhao/isaaclab_nhb/isaaclab_nhb/logs/rsl_rl/coopG1S1/2026-06-11_18-54-53_s1_from7999_hand4_torso_pelvis_rp_stronger_16k_5k/model_39000.pt,2026-06-11_18-54-53_s1_from7999_hand4_torso_pelvis_rp_stronger_16k_5k,10456839,39000
coopG1S1,/home/zhaowenhao/isaaclab_nhb/isaaclab_nhb/logs/rsl_rl/coopG1S1/2026-06-11_18-54-53_s1_from7999_hand4_torso_pelvis_rp_stronger_16k_5k/model_40000.pt,2026-06-11_18-54-53_s1_from7999_hand4_torso_pelvis_rp_stronger_16k_5k,10456839,40000
coopG1S1,/home/zhaowenhao/isaaclab_nhb/isaaclab_nhb/logs/rsl_rl/coopG1S1/2026-06-11_18-54-53_s1_from7999_hand4_torso_pelvis_rp_stronger_16k_5k/model_41000.pt,2026-06-11_18-54-53_s1_from7999_hand4_torso_pelvis_rp_stronger_16k_5k,10456839,41000
coopG1S1,/home/zhaowenhao/isaaclab_nhb/isaaclab_nhb/logs/rsl_rl/coopG1S1/2026-06-11_18-54-53_s1_from7999_hand4_torso_pelvis_rp_stronger_16k_5k/model_42000.pt,2026-06-11_18-54-53_s1_from7999_hand4_torso_pelvis_rp_stronger_16k_5k,10456839,42000
coopG1S1,/home/zhaowenhao/isaaclab_nhb/isaaclab_nhb/logs/rsl_rl/coopG1S1/2026-06-11_18-54-53_s1_from7999_hand4_torso_pelvis_rp_stronger_16k_5k/model_43000.pt,2026-06-11_18-54-53_s1_from7999_hand4_torso_pelvis_rp_stronger_16k_5k,10456839,43000
coopG1S1,/home/zhaowenhao/isaaclab_nhb/isaaclab_nhb/logs/rsl_rl/coopG1S1/2026-06-11_18-54-53_s1_from7999_hand4_torso_pelvis_rp_stronger_16k_5k/model_44000.pt,2026-06-11_18-54-53_s1_from7999_hand4_torso_pelvis_rp_stronger_16k_5k,10456839,44000
coopG1S1,/home/zhaowenhao/isaaclab_nhb/isaaclab_nhb/logs/rsl_rl/coopG1S1/2026-06-11_18-54-53_s1_from7999_hand4_torso_pelvis_rp_stronger_16k_5k/model_45000.pt,2026-06-11_18-54-53_s1_from7999_hand4_torso_pelvis_rp_stronger_16k_5k,10456839,45000
coopG1S1,/home/zhaowenhao/isaaclab_nhb/isaaclab_nhb/logs/rsl_rl/coopG1S1/2026-06-11_18-54-53_s1_from7999_hand4_torso_pelvis_rp_stronger_16k_5k/model_46000.pt,2026-06-11_18-54-53_s1_from7999_hand4_torso_pelvis_rp_stronger_16k_5k,10456839,46000
coopG1S1,/home/zhaowenhao/isaaclab_nhb/isaaclab_nhb/logs/rsl_rl/coopG1S1/2026-06-11_18-54-53_s1_from7999_hand4_torso_pelvis_rp_stronger_16k_5k/model_47000.pt,2026-06-11_18-54-53_s1_from7999_hand4_torso_pelvis_rp_stronger_16k_5k,10456839,47000
coopG1S1,/home/zhaowenhao/isaaclab_nhb/isaaclab_nhb/logs/rsl_rl/coopG1S1/2026-06-11_18-54-53_s1_from7999_hand4_torso_pelvis_rp_stronger_16k_5k/model_48000.pt,2026-06-11_18-54-53_s1_from7999_hand4_torso_pelvis_rp_stronger_16k_5k,10456839,48000
coopG1S1,/home/zhaowenhao/isaaclab_nhb/isaaclab_nhb/logs/rsl_rl/coopG1S1/2026-06-11_18-54-53_s1_from7999_hand4_torso_pelvis_rp_stronger_16k_5k/model_49000.pt,2026-06-11_18-54-53_s1_from7999_hand4_torso_pelvis_rp_stronger_16k_5k,10456839,49000
coopG1S1,/home/zhaowenhao/isaaclab_nhb/isaaclab_nhb/logs/rsl_rl/coopG1S1/2026-06-11_18-54-53_s1_from7999_hand4_torso_pelvis_rp_stronger_16k_5k/model_50000.pt,2026-06-11_18-54-53_s1_from7999_hand4_torso_pelvis_rp_stronger_16k_5k,10456839,50000
coopG1S1,/home/zhaowenhao/isaaclab_nhb/isaaclab_nhb/logs/rsl_rl/coopG1S1/2026-06-11_18-54-53_s1_from7999_hand4_torso_pelvis_rp_stronger_16k_5k/model_51000.pt,2026-06-11_18-54-53_s1_from7999_hand4_torso_pelvis_rp_stronger_16k_5k,10456839,51000
coopG1S1,/home/zhaowenhao/isaaclab_nhb/isaaclab_nhb/logs/rsl_rl/coopG1S1/2026-06-12_19-53-42_holdbox/model_13000.pt,2026-06-12_19-53-42_holdbox,10456839,13000
coopG1S1,/home/zhaowenhao/isaaclab_nhb/isaaclab_nhb/logs/rsl_rl/coopG1S1/2026-06-12_19-53-42_holdbox/model_14000.pt,2026-06-12_19-53-42_holdbox,10456839,14000
coopG1S1,/home/zhaowenhao/isaaclab_nhb/isaaclab_nhb/logs/rsl_rl/coopG1S1/2026-06-12_19-53-42_holdbox/model_15000.pt,2026-06-12_19-53-42_holdbox,10456839,15000
coopG1S1,/home/zhaowenhao/isaaclab_nhb/isaaclab_nhb/logs/rsl_rl/coopG1S1/2026-06-12_19-53-42_holdbox/model_16000.pt,2026-06-12_19-53-42_holdbox,10456839,16000
coopG1S1,/home/zhaowenhao/isaaclab_nhb/isaaclab_nhb/logs/rsl_rl/coopG1S1/2026-06-12_19-53-42_holdbox/model_17000.pt,2026-06-12_19-53-42_holdbox,10456839,17000
coopG1S1,/home/zhaowenhao/isaaclab_nhb/isaaclab_nhb/logs/rsl_rl/coopG1S1/2026-06-12_19-53-42_holdbox/model_18000.pt,2026-06-12_19-53-42_holdbox,10456839,18000
coopG1S1,/home/zhaowenhao/isaaclab_nhb/isaaclab_nhb/logs/rsl_rl/coopG1S1/2026-06-12_19-53-42_holdbox/model_19000.pt,2026-06-12_19-53-42_holdbox,10456839,19000
coopG1S1,/home/zhaowenhao/isaaclab_nhb/isaaclab_nhb/logs/rsl_rl/coopG1S1/2026-06-12_19-53-42_holdbox/model_20000.pt,2026-06-12_19-53-42_holdbox,10456839,20000
coopG1S1,/home/zhaowenhao/isaaclab_nhb/isaaclab_nhb/logs/rsl_rl/coopG1S1/2026-06-12_19-53-42_holdbox/model_21000.pt,2026-06-12_19-53-42_holdbox,10456839,21000
coopG1S1,/home/zhaowenhao/isaaclab_nhb/isaaclab_nhb/logs/rsl_rl/coopG1S1/2026-06-12_19-53-42_holdbox/model_22000.pt,2026-06-12_19-53-42_holdbox,10456839,22000
coopG1S1,/home/zhaowenhao/isaaclab_nhb/isaaclab_nhb/logs/rsl_rl/coopG1S1/2026-06-12_19-53-42_holdbox/model_23000.pt,2026-06-12_19-53-42_holdbox,10456839,23000
coopG1S1,/home/zhaowenhao/isaaclab_nhb/isaaclab_nhb/logs/rsl_rl/coopG1S1/2026-06-12_19-53-42_holdbox/model_24000.pt,2026-06-12_19-53-42_holdbox,10456839,24000
coopG1S1,/home/zhaowenhao/isaaclab_nhb/isaaclab_nhb/logs/rsl_rl/coopG1S1/2026-06-12_19-53-42_holdbox/model_25000.pt,2026-06-12_19-53-42_holdbox,10456839,25000
coopG1S1,/home/zhaowenhao/isaaclab_nhb/isaaclab_nhb/logs/rsl_rl/coopG1S1/2026-06-12_19-53-42_holdbox/model_26000.pt,2026-06-12_19-53-42_holdbox,10456839,26000
coopG1S1,/home/zhaowenhao/isaaclab_nhb/isaaclab_nhb/logs/rsl_rl/coopG1S1/2026-06-12_19-53-42_holdbox/model_27000.pt,2026-06-12_19-53-42_holdbox,10456839,27000
coopG1S1,/home/zhaowenhao/isaaclab_nhb/isaaclab_nhb/logs/rsl_rl/coopG1S1/2026-06-12_19-53-42_holdbox/model_28000.pt,2026-06-12_19-53-42_holdbox,10456839,28000
coopG1S1,/home/zhaowenhao/isaaclab_nhb/isaaclab_nhb/logs/rsl_rl/coopG1S1/2026-06-12_19-53-42_holdbox/model_29000.pt,2026-06-12_19-53-42_holdbox,10456839,29000
coopG1S1,/home/zhaowenhao/isaaclab_nhb/isaaclab_nhb/logs/rsl_rl/coopG1S1/2026-06-12_19-53-42_holdbox/model_30000.pt,2026-06-12_19-53-42_holdbox,10456839,30000
coopG1S1,/home/zhaowenhao/isaaclab_nhb/isaaclab_nhb/logs/rsl_rl/coopG1S1/2026-06-12_19-53-42_holdbox/model_31000.pt,2026-06-12_19-53-42_holdbox,10456839,31000
coopG1S1,/home/zhaowenhao/isaaclab_nhb/isaaclab_nhb/logs/rsl_rl/coopG1S1/2026-06-12_19-53-42_holdbox/model_32000.pt,2026-06-12_19-53-42_holdbox,10456839,32000
coopG1S1,/home/zhaowenhao/isaaclab_nhb/isaaclab_nhb/logs/rsl_rl/coopG1S1/2026-06-12_19-53-42_holdbox/model_33000.pt,2026-06-12_19-53-42_holdbox,10456839,33000
coopG1S1,/home/zhaowenhao/isaaclab_nhb/isaaclab_nhb/logs/rsl_rl/coopG1S1/2026-06-12_19-53-42_holdbox/model_34000.pt,2026-06-12_19-53-42_holdbox,10456839,34000
coopG1S1,/home/zhaowenhao/isaaclab_nhb/isaaclab_nhb/logs/rsl_rl/coopG1S1/2026-06-12_19-53-42_holdbox/model_35000.pt,2026-06-12_19-53-42_holdbox,10456839,35000
coopG1S1,/home/zhaowenhao/isaaclab_nhb/isaaclab_nhb/logs/rsl_rl/coopG1S1/2026-06-12_19-53-42_holdbox/model_36000.pt,2026-06-12_19-53-42_holdbox,10456839,36000
coopG1S1,/home/zhaowenhao/isaaclab_nhb/isaaclab_nhb/logs/rsl_rl/coopG1S1/2026-06-12_19-53-42_holdbox/model_37000.pt,2026-06-12_19-53-42_holdbox,10456839,37000
coopG1S1,/home/zhaowenhao/isaaclab_nhb/isaaclab_nhb/logs/rsl_rl/coopG1S1/2026-06-12_19-53-42_holdbox/model_38000.pt,2026-06-12_19-53-42_holdbox,10456839,38000
coopG1S1,/home/zhaowenhao/isaaclab_nhb/isaaclab_nhb/logs/rsl_rl/coopG1S1/2026-06-12_19-53-42_holdbox/model_39000.pt,2026-06-12_19-53-42_holdbox,10456839,39000
coopG1S1,/home/zhaowenhao/isaaclab_nhb/isaaclab_nhb/logs/rsl_rl/coopG1S1/2026-06-12_19-53-42_holdbox/model_40000.pt,2026-06-12_19-53-42_holdbox,10456839,40000
coopG1S1,/home/zhaowenhao/isaaclab_nhb/isaaclab_nhb/logs/rsl_rl/coopG1S1/2026-06-12_19-53-42_holdbox/model_41000.pt,2026-06-12_19-53-42_holdbox,10456839,41000
coopG1S1,/home/zhaowenhao/isaaclab_nhb/isaaclab_nhb/logs/rsl_rl/coopG1S1/2026-06-14_12-54-00_s1_from12998_hand8_rp_plus04_16k_50k/model_13000.pt,2026-06-14_12-54-00_s1_from12998_hand8_rp_plus04_16k_50k,10456839,13000
coopG1S1,/home/zhaowenhao/isaaclab_nhb/isaaclab_nhb/logs/rsl_rl/coopG1S1/2026-06-14_12-54-00_s1_from12998_hand8_rp_plus04_16k_50k/model_14000.pt,2026-06-14_12-54-00_s1_from12998_hand8_rp_plus04_16k_50k,10456839,14000
coopG1S1,/home/zhaowenhao/isaaclab_nhb/isaaclab_nhb/logs/rsl_rl/coopG1S1/2026-06-14_12-54-00_s1_from12998_hand8_rp_plus04_16k_50k/model_15000.pt,2026-06-14_12-54-00_s1_from12998_hand8_rp_plus04_16k_50k,10456839,15000
coopG1S1,/home/zhaowenhao/isaaclab_nhb/isaaclab_nhb/logs/rsl_rl/coopG1S1/2026-06-14_12-54-00_s1_from12998_hand8_rp_plus04_16k_50k/model_16000.pt,2026-06-14_12-54-00_s1_from12998_hand8_rp_plus04_16k_50k,10456839,16000
coopG1S1,/home/zhaowenhao/isaaclab_nhb/isaaclab_nhb/logs/rsl_rl/coopG1S1/2026-06-14_12-54-00_s1_from12998_hand8_rp_plus04_16k_50k/model_17000.pt,2026-06-14_12-54-00_s1_from12998_hand8_rp_plus04_16k_50k,10456839,17000
coopG1S1,/home/zhaowenhao/isaaclab_nhb/isaaclab_nhb/logs/rsl_rl/coopG1S1/2026-06-14_12-54-00_s1_from12998_hand8_rp_plus04_16k_50k/model_18000.pt,2026-06-14_12-54-00_s1_from12998_hand8_rp_plus04_16k_50k,10456839,18000
coopG1S1,/home/zhaowenhao/isaaclab_nhb/isaaclab_nhb/logs/rsl_rl/coopG1S1/2026-06-14_12-54-00_s1_from12998_hand8_rp_plus04_16k_50k/model_19000.pt,2026-06-14_12-54-00_s1_from12998_hand8_rp_plus04_16k_50k,10456839,19000
coopG1S1,/home/zhaowenhao/isaaclab_nhb/isaaclab_nhb/logs/rsl_rl/coopG1S1/2026-06-14_12-54-15_s1_from7999_hand4_rp_plus04_16k_50k/model_8000.pt,2026-06-14_12-54-15_s1_from7999_hand4_rp_plus04_16k_50k,10456757,8000
coopG1S1,/home/zhaowenhao/isaaclab_nhb/isaaclab_nhb/logs/rsl_rl/coopG1S1/2026-06-14_12-54-15_s1_from7999_hand4_rp_plus04_16k_50k/model_9000.pt,2026-06-14_12-54-15_s1_from7999_hand4_rp_plus04_16k_50k,10456757,9000
coopG1S1,/home/zhaowenhao/isaaclab_nhb/isaaclab_nhb/logs/rsl_rl/coopG1S1/2026-06-14_12-54-15_s1_from7999_hand4_rp_plus04_16k_50k/model_10000.pt,2026-06-14_12-54-15_s1_from7999_hand4_rp_plus04_16k_50k,10456839,10000
coopG1S1,/home/zhaowenhao/isaaclab_nhb/isaaclab_nhb/logs/rsl_rl/coopG1S1/2026-06-14_12-54-15_s1_from7999_hand4_rp_plus04_16k_50k/model_11000.pt,2026-06-14_12-54-15_s1_from7999_hand4_rp_plus04_16k_50k,10456839,11000
coopG1S1,/home/zhaowenhao/isaaclab_nhb/isaaclab_nhb/logs/rsl_rl/coopG1S1/2026-06-14_12-54-15_s1_from7999_hand4_rp_plus04_16k_50k/model_12000.pt,2026-06-14_12-54-15_s1_from7999_hand4_rp_plus04_16k_50k,10456839,12000
coopG1S1,/home/zhaowenhao/isaaclab_nhb/isaaclab_nhb/logs/rsl_rl/coopG1S1/2026-06-14_12-54-15_s1_from7999_hand4_rp_plus04_16k_50k/model_13000.pt,2026-06-14_12-54-15_s1_from7999_hand4_rp_plus04_16k_50k,10456839,13000
coopG1S1,/home/zhaowenhao/isaaclab_nhb/isaaclab_nhb/logs/rsl_rl/coopG1S1/2026-06-14_12-54-15_s1_from7999_hand4_rp_plus04_16k_50k/model_14000.pt,2026-06-14_12-54-15_s1_from7999_hand4_rp_plus04_16k_50k,10456839,14000
coopG1S1,/home/zhaowenhao/isaaclab_nhb/isaaclab_nhb/logs/rsl_rl/coopG1S1/2026-06-14_21-51-53_s1_from2026-06-10_17-12-2712998/model_13000.pt,2026-06-14_21-51-53_s1_from2026-06-10_17-12-2712998,10456839,13000
coopG1S1,/home/zhaowenhao/isaaclab_nhb/isaaclab_nhb/logs/rsl_rl/coopG1S1/2026-06-14_21-51-53_s1_from2026-06-10_17-12-2712998/model_14000.pt,2026-06-14_21-51-53_s1_from2026-06-10_17-12-2712998,10456839,14000
coopG1S1,/home/zhaowenhao/isaaclab_nhb/isaaclab_nhb/logs/rsl_rl/coopG1S1/2026-06-14_21-51-53_s1_from2026-06-10_17-12-2712998/model_15000.pt,2026-06-14_21-51-53_s1_from2026-06-10_17-12-2712998,10456839,15000
coopG1S1,/home/zhaowenhao/isaaclab_nhb/isaaclab_nhb/logs/rsl_rl/coopG1S1/2026-06-14_21-51-53_s1_from2026-06-10_17-12-2712998/model_16000.pt,2026-06-14_21-51-53_s1_from2026-06-10_17-12-2712998,10456839,16000
coopG1S1,/home/zhaowenhao/isaaclab_nhb/isaaclab_nhb/logs/rsl_rl/coopG1S1/2026-06-14_21-51-53_s1_from2026-06-10_17-12-2712998/model_17000.pt,2026-06-14_21-51-53_s1_from2026-06-10_17-12-2712998,10456839,17000
coopG1S1,/home/zhaowenhao/isaaclab_nhb/isaaclab_nhb/logs/rsl_rl/coopG1S1/2026-06-14_21-51-53_s1_from2026-06-10_17-12-2712998/model_18000.pt,2026-06-14_21-51-53_s1_from2026-06-10_17-12-2712998,10456839,18000
coopG1S1,/home/zhaowenhao/isaaclab_nhb/isaaclab_nhb/logs/rsl_rl/coopG1S1/2026-06-14_21-51-53_s1_from2026-06-10_17-12-2712998/model_19000.pt,2026-06-14_21-51-53_s1_from2026-06-10_17-12-2712998,10456839,19000
coopG1S1,/home/zhaowenhao/isaaclab_nhb/isaaclab_nhb/logs/rsl_rl/coopG1S1/2026-06-14_21-51-53_s1_from2026-06-10_17-12-2712998/model_20000.pt,2026-06-14_21-51-53_s1_from2026-06-10_17-12-2712998,10456839,20000
coopG1S1,/home/zhaowenhao/isaaclab_nhb/isaaclab_nhb/logs/rsl_rl/coopG1S1/2026-06-14_21-51-53_s1_from2026-06-10_17-12-2712998/model_21000.pt,2026-06-14_21-51-53_s1_from2026-06-10_17-12-2712998,10456839,21000
coopG1S1,/home/zhaowenhao/isaaclab_nhb/isaaclab_nhb/logs/rsl_rl/coopG1S1/2026-06-14_21-51-53_s1_from2026-06-10_17-12-2712998/model_22000.pt,2026-06-14_21-51-53_s1_from2026-06-10_17-12-2712998,10456839,22000
coopG1S1,/home/zhaowenhao/isaaclab_nhb/isaaclab_nhb/logs/rsl_rl/coopG1S1/2026-06-14_21-51-53_s1_from2026-06-10_17-12-2712998/model_23000.pt,2026-06-14_21-51-53_s1_from2026-06-10_17-12-2712998,10456839,23000
coopG1S1,/home/zhaowenhao/isaaclab_nhb/isaaclab_nhb/logs/rsl_rl/coopG1S1/2026-06-14_21-51-53_s1_from2026-06-10_17-12-2712998/model_24000.pt,2026-06-14_21-51-53_s1_from2026-06-10_17-12-2712998,10456839,24000
coopG1S1,/home/zhaowenhao/isaaclab_nhb/isaaclab_nhb/logs/rsl_rl/coopG1S1/2026-06-14_21-51-53_s1_from2026-06-10_17-12-2712998/model_25000.pt,2026-06-14_21-51-53_s1_from2026-06-10_17-12-2712998,10456839,25000
coopG1S1,/home/zhaowenhao/isaaclab_nhb/isaaclab_nhb/logs/rsl_rl/coopG1S1/2026-06-14_21-51-53_s1_from2026-06-10_17-12-2712998/model_26000.pt,2026-06-14_21-51-53_s1_from2026-06-10_17-12-2712998,10456839,26000
coopG1S1,/home/zhaowenhao/isaaclab_nhb/isaaclab_nhb/logs/rsl_rl/coopG1S1/2026-06-14_21-51-53_s1_from2026-06-10_17-12-2712998/model_27000.pt,2026-06-14_21-51-53_s1_from2026-06-10_17-12-2712998,10456839,27000
coopG1S1,/home/zhaowenhao/isaaclab_nhb/isaaclab_nhb/logs/rsl_rl/coopG1S1/2026-06-14_21-51-53_s1_from2026-06-10_17-12-2712998/model_28000.pt,2026-06-14_21-51-53_s1_from2026-06-10_17-12-2712998,10456839,28000
coopG1S1,/home/zhaowenhao/isaaclab_nhb/isaaclab_nhb/logs/rsl_rl/coopG1S1/2026-06-14_21-51-53_s1_from2026-06-10_17-12-2712998/model_29000.pt,2026-06-14_21-51-53_s1_from2026-06-10_17-12-2712998,10456839,29000
coopG1S1,/home/zhaowenhao/isaaclab_nhb/isaaclab_nhb/logs/rsl_rl/coopG1S1/2026-06-14_21-51-53_s1_from2026-06-10_17-12-2712998/model_30000.pt,2026-06-14_21-51-53_s1_from2026-06-10_17-12-2712998,10456839,30000
coopG1S1,/home/zhaowenhao/isaaclab_nhb/isaaclab_nhb/logs/rsl_rl/coopG1S1/2026-06-14_21-51-53_s1_from2026-06-10_17-12-2712998/model_31000.pt,2026-06-14_21-51-53_s1_from2026-06-10_17-12-2712998,10456839,31000
coopG1S1,/home/zhaowenhao/isaaclab_nhb/isaaclab_nhb/logs/rsl_rl/coopG1S1/2026-06-14_21-51-53_s1_from2026-06-10_17-12-2712998/model_32000.pt,2026-06-14_21-51-53_s1_from2026-06-10_17-12-2712998,10456839,32000
coopG1S1,/home/zhaowenhao/isaaclab_nhb/isaaclab_nhb/logs/rsl_rl/coopG1S1/2026-06-14_21-51-53_s1_from2026-06-10_17-12-2712998/model_33000.pt,2026-06-14_21-51-53_s1_from2026-06-10_17-12-2712998,10456839,33000
coopG1S1,/home/zhaowenhao/isaaclab_nhb/isaaclab_nhb/logs/rsl_rl/coopG1S1/2026-06-14_21-51-53_s1_from2026-06-10_17-12-2712998/model_34000.pt,2026-06-14_21-51-53_s1_from2026-06-10_17-12-2712998,10456839,34000
coopG1S1,/home/zhaowenhao/isaaclab_nhb/isaaclab_nhb/logs/rsl_rl/coopG1S1/2026-06-14_21-51-53_s1_from2026-06-10_17-12-2712998/model_35000.pt,2026-06-14_21-51-53_s1_from2026-06-10_17-12-2712998,10456839,35000
coopG1S1,/home/zhaowenhao/isaaclab_nhb/isaaclab_nhb/logs/rsl_rl/coopG1S1/2026-06-14_21-51-53_s1_from2026-06-10_17-12-2712998/model_36000.pt,2026-06-14_21-51-53_s1_from2026-06-10_17-12-2712998,10456839,36000
coopG1S1,/home/zhaowenhao/isaaclab_nhb/isaaclab_nhb/logs/rsl_rl/coopG1S1/2026-06-14_21-51-53_s1_from2026-06-10_17-12-2712998/model_37000.pt,2026-06-14_21-51-53_s1_from2026-06-10_17-12-2712998,10456839,37000
coopG1S1,/home/zhaowenhao/isaaclab_nhb/isaaclab_nhb/logs/rsl_rl/coopG1S1/2026-06-14_21-51-53_s1_from2026-06-10_17-12-2712998/model_38000.pt,2026-06-14_21-51-53_s1_from2026-06-10_17-12-2712998,10456839,38000
coopG1S1,/home/zhaowenhao/isaaclab_nhb/isaaclab_nhb/logs/rsl_rl/coopG1S1/2026-06-14_21-51-53_s1_from2026-06-10_17-12-2712998/model_39000.pt,2026-06-14_21-51-53_s1_from2026-06-10_17-12-2712998,10456839,39000
coopG1S1,/home/zhaowenhao/isaaclab_nhb/isaaclab_nhb/logs/rsl_rl/coopG1S1/2026-06-14_21-51-53_s1_from2026-06-10_17-12-2712998/model_40000.pt,2026-06-14_21-51-53_s1_from2026-06-10_17-12-2712998,10456839,40000
coopG1S1,/home/zhaowenhao/isaaclab_nhb/isaaclab_nhb/logs/rsl_rl/coopG1S1/2026-06-14_21-51-53_s1_from2026-06-10_17-12-2712998/model_41000.pt,2026-06-14_21-51-53_s1_from2026-06-10_17-12-2712998,10456839,41000
coopG1S1,/home/zhaowenhao/isaaclab_nhb/isaaclab_nhb/logs/rsl_rl/coopG1S1/2026-06-14_21-51-53_s1_from2026-06-10_17-12-2712998/model_42000.pt,2026-06-14_21-51-53_s1_from2026-06-10_17-12-2712998,10456839,42000
coopG1S1,/home/zhaowenhao/isaaclab_nhb/isaaclab_nhb/logs/rsl_rl/coopG1S1/2026-06-14_21-51-53_s1_from2026-06-10_17-12-2712998/model_43000.pt,2026-06-14_21-51-53_s1_from2026-06-10_17-12-2712998,10456839,43000
coopG1S1,/home/zhaowenhao/isaaclab_nhb/isaaclab_nhb/logs/rsl_rl/coopG1S1/2026-06-14_21-51-53_s1_from2026-06-10_17-12-2712998/model_44000.pt,2026-06-14_21-51-53_s1_from2026-06-10_17-12-2712998,10456839,44000
coopG1S1,/home/zhaowenhao/isaaclab_nhb/isaaclab_nhb/logs/rsl_rl/coopG1S1/2026-06-14_21-51-53_s1_from2026-06-10_17-12-2712998/model_45000.pt,2026-06-14_21-51-53_s1_from2026-06-10_17-12-2712998,10456839,45000
coopG1S1,/home/zhaowenhao/isaaclab_nhb/isaaclab_nhb/logs/rsl_rl/coopG1S1/2026-06-14_21-51-53_s1_from2026-06-10_17-12-2712998/model_46000.pt,2026-06-14_21-51-53_s1_from2026-06-10_17-12-2712998,10456839,46000
coopG1S1,/home/zhaowenhao/isaaclab_nhb/isaaclab_nhb/logs/rsl_rl/coopG1S1/2026-06-14_21-51-53_s1_from2026-06-10_17-12-2712998/model_47000.pt,2026-06-14_21-51-53_s1_from2026-06-10_17-12-2712998,10456839,47000
coopG1S1,/home/zhaowenhao/isaaclab_nhb/isaaclab_nhb/logs/rsl_rl/coopG1S1/2026-06-14_21-51-53_s1_from2026-06-10_17-12-2712998/model_48000.pt,2026-06-14_21-51-53_s1_from2026-06-10_17-12-2712998,10456839,48000
coopG1S1,/home/zhaowenhao/isaaclab_nhb/isaaclab_nhb/logs/rsl_rl/coopG1S1/2026-06-14_21-51-53_s1_from2026-06-10_17-12-2712998/model_49000.pt,2026-06-14_21-51-53_s1_from2026-06-10_17-12-2712998,10456839,49000
coopG1S1,/home/zhaowenhao/isaaclab_nhb/isaaclab_nhb/logs/rsl_rl/coopG1S1/2026-06-14_21-51-53_s1_from2026-06-10_17-12-2712998/model_50000.pt,2026-06-14_21-51-53_s1_from2026-06-10_17-12-2712998,10456839,50000
coopG1S1,/home/zhaowenhao/isaaclab_nhb/isaaclab_nhb/logs/rsl_rl/coopG1S1/2026-06-14_21-51-53_s1_from2026-06-10_17-12-2712998/model_51000.pt,2026-06-14_21-51-53_s1_from2026-06-10_17-12-2712998,10456839,51000
coopG1S1,/home/zhaowenhao/isaaclab_nhb/isaaclab_nhb/logs/rsl_rl/coopG1S1/2026-06-14_21-51-53_s1_from2026-06-10_17-12-2712998/model_52000.pt,2026-06-14_21-51-53_s1_from2026-06-10_17-12-2712998,10456839,52000
coopG1S1,/home/zhaowenhao/isaaclab_nhb/isaaclab_nhb/logs/rsl_rl/coopG1S1/2026-06-14_21-51-53_s1_from2026-06-10_17-12-2712998/model_53000.pt,2026-06-14_21-51-53_s1_from2026-06-10_17-12-2712998,10456839,53000
coopG1S1,/home/zhaowenhao/isaaclab_nhb/isaaclab_nhb/logs/rsl_rl/coopG1S1/2026-06-14_21-51-53_s1_from2026-06-10_17-12-2712998/model_54000.pt,2026-06-14_21-51-53_s1_from2026-06-10_17-12-2712998,10456839,54000
coopG1S1,/home/zhaowenhao/isaaclab_nhb/isaaclab_nhb/logs/rsl_rl/coopG1S1/2026-06-14_21-51-53_s1_from2026-06-10_17-12-2712998/model_55000.pt,2026-06-14_21-51-53_s1_from2026-06-10_17-12-2712998,10456839,55000
coopG1S1,/home/zhaowenhao/isaaclab_nhb/isaaclab_nhb/logs/rsl_rl/coopG1S1/2026-06-14_21-51-53_s1_from2026-06-10_17-12-2712998/model_56000.pt,2026-06-14_21-51-53_s1_from2026-06-10_17-12-2712998,10456839,56000
coopG1S1,/home/zhaowenhao/isaaclab_nhb/isaaclab_nhb/logs/rsl_rl/coopG1S1/2026-06-14_21-51-53_s1_from2026-06-10_17-12-2712998/model_57000.pt,2026-06-14_21-51-53_s1_from2026-06-10_17-12-2712998,10456839,57000
coopG1S1,/home/zhaowenhao/isaaclab_nhb/isaaclab_nhb/logs/rsl_rl/coopG1S1/2026-06-14_21-51-53_s1_from2026-06-10_17-12-2712998/model_58000.pt,2026-06-14_21-51-53_s1_from2026-06-10_17-12-2712998,10456839,58000
coopG1S1,/home/zhaowenhao/isaaclab_nhb/isaaclab_nhb/logs/rsl_rl/coopG1S1/2026-06-14_21-51-53_s1_from2026-06-10_17-12-2712998/model_59000.pt,2026-06-14_21-51-53_s1_from2026-06-10_17-12-2712998,10456839,59000
coopG1S1,/home/zhaowenhao/isaaclab_nhb/isaaclab_nhb/logs/rsl_rl/coopG1S1/2026-06-14_21-51-53_s1_from2026-06-10_17-12-2712998/model_60000.pt,2026-06-14_21-51-53_s1_from2026-06-10_17-12-2712998,10456839,60000
coopG1S1,/home/zhaowenhao/isaaclab_nhb/isaaclab_nhb/logs/rsl_rl/coopG1S1/2026-06-14_21-51-53_s1_from2026-06-10_17-12-2712998/model_61000.pt,2026-06-14_21-51-53_s1_from2026-06-10_17-12-2712998,10456839,61000
coopG1S1,/home/zhaowenhao/isaaclab_nhb/isaaclab_nhb/logs/rsl_rl/coopG1S1/2026-06-14_21-51-53_s1_from2026-06-10_17-12-2712998/model_62000.pt,2026-06-14_21-51-53_s1_from2026-06-10_17-12-2712998,10456839,62000
coopG1S1,/home/zhaowenhao/isaaclab_nhb/isaaclab_nhb/logs/rsl_rl/coopG1S1/2026-06-14_21-51-53_s1_from2026-06-10_17-12-2712998/model_62997.pt,2026-06-14_21-51-53_s1_from2026-06-10_17-12-2712998,10456839,62997
coopG1S1,/home/zhaowenhao/isaaclab_nhb/isaaclab_nhb/logs/rsl_rl/coopG1S1/2026-06-14_21-52-04_s1_from2026-06-10_07-38-467999/model_8000.pt,2026-06-14_21-52-04_s1_from2026-06-10_07-38-467999,10456757,8000
coopG1S1,/home/zhaowenhao/isaaclab_nhb/isaaclab_nhb/logs/rsl_rl/coopG1S1/2026-06-14_21-52-04_s1_from2026-06-10_07-38-467999/model_9000.pt,2026-06-14_21-52-04_s1_from2026-06-10_07-38-467999,10456757,9000
coopG1S1,/home/zhaowenhao/isaaclab_nhb/isaaclab_nhb/logs/rsl_rl/coopG1S1/2026-06-14_21-52-04_s1_from2026-06-10_07-38-467999/model_10000.pt,2026-06-14_21-52-04_s1_from2026-06-10_07-38-467999,10456839,10000
coopG1S1,/home/zhaowenhao/isaaclab_nhb/isaaclab_nhb/logs/rsl_rl/coopG1S1/2026-06-14_21-52-04_s1_from2026-06-10_07-38-467999/model_11000.pt,2026-06-14_21-52-04_s1_from2026-06-10_07-38-467999,10456839,11000
coopG1S1,/home/zhaowenhao/isaaclab_nhb/isaaclab_nhb/logs/rsl_rl/coopG1S1/2026-06-14_21-52-04_s1_from2026-06-10_07-38-467999/model_12000.pt,2026-06-14_21-52-04_s1_from2026-06-10_07-38-467999,10456839,12000
coopG1S1,/home/zhaowenhao/isaaclab_nhb/isaaclab_nhb/logs/rsl_rl/coopG1S1/2026-06-14_21-52-04_s1_from2026-06-10_07-38-467999/model_13000.pt,2026-06-14_21-52-04_s1_from2026-06-10_07-38-467999,10456839,13000
coopG1S1,/home/zhaowenhao/isaaclab_nhb/isaaclab_nhb/logs/rsl_rl/coopG1S1/2026-06-14_21-52-04_s1_from2026-06-10_07-38-467999/model_14000.pt,2026-06-14_21-52-04_s1_from2026-06-10_07-38-467999,10456839,14000
coopG1S1,/home/zhaowenhao/isaaclab_nhb/isaaclab_nhb/logs/rsl_rl/coopG1S1/2026-06-14_21-52-04_s1_from2026-06-10_07-38-467999/model_15000.pt,2026-06-14_21-52-04_s1_from2026-06-10_07-38-467999,10456839,15000
coopG1S1,/home/zhaowenhao/isaaclab_nhb/isaaclab_nhb/logs/rsl_rl/coopG1S1/2026-06-14_21-52-04_s1_from2026-06-10_07-38-467999/model_16000.pt,2026-06-14_21-52-04_s1_from2026-06-10_07-38-467999,10456839,16000
coopG1S1,/home/zhaowenhao/isaaclab_nhb/isaaclab_nhb/logs/rsl_rl/coopG1S1/2026-06-14_21-52-04_s1_from2026-06-10_07-38-467999/model_17000.pt,2026-06-14_21-52-04_s1_from2026-06-10_07-38-467999,10456839,17000
coopG1S1,/home/zhaowenhao/isaaclab_nhb/isaaclab_nhb/logs/rsl_rl/coopG1S1/2026-06-14_21-52-04_s1_from2026-06-10_07-38-467999/model_18000.pt,2026-06-14_21-52-04_s1_from2026-06-10_07-38-467999,10456839,18000
coopG1S1,/home/zhaowenhao/isaaclab_nhb/isaaclab_nhb/logs/rsl_rl/coopG1S1/2026-06-14_21-52-04_s1_from2026-06-10_07-38-467999/model_19000.pt,2026-06-14_21-52-04_s1_from2026-06-10_07-38-467999,10456839,19000
coopG1S1,/home/zhaowenhao/isaaclab_nhb/isaaclab_nhb/logs/rsl_rl/coopG1S1/2026-06-14_21-52-04_s1_from2026-06-10_07-38-467999/model_20000.pt,2026-06-14_21-52-04_s1_from2026-06-10_07-38-467999,10456839,20000
coopG1S1,/home/zhaowenhao/isaaclab_nhb/isaaclab_nhb/logs/rsl_rl/coopG1S1/2026-06-14_21-52-04_s1_from2026-06-10_07-38-467999/model_21000.pt,2026-06-14_21-52-04_s1_from2026-06-10_07-38-467999,10456839,21000
coopG1S1,/home/zhaowenhao/isaaclab_nhb/isaaclab_nhb/logs/rsl_rl/coopG1S1/2026-06-14_21-52-04_s1_from2026-06-10_07-38-467999/model_22000.pt,2026-06-14_21-52-04_s1_from2026-06-10_07-38-467999,10456839,22000
coopG1S1,/home/zhaowenhao/isaaclab_nhb/isaaclab_nhb/logs/rsl_rl/coopG1S1/2026-06-14_21-52-04_s1_from2026-06-10_07-38-467999/model_23000.pt,2026-06-14_21-52-04_s1_from2026-06-10_07-38-467999,10456839,23000
coopG1S1,/home/zhaowenhao/isaaclab_nhb/isaaclab_nhb/logs/rsl_rl/coopG1S1/2026-06-14_21-52-04_s1_from2026-06-10_07-38-467999/model_24000.pt,2026-06-14_21-52-04_s1_from2026-06-10_07-38-467999,10456839,24000
coopG1S1,/home/zhaowenhao/isaaclab_nhb/isaaclab_nhb/logs/rsl_rl/coopG1S1/2026-06-14_21-52-04_s1_from2026-06-10_07-38-467999/model_25000.pt,2026-06-14_21-52-04_s1_from2026-06-10_07-38-467999,10456839,25000
coopG1S1,/home/zhaowenhao/isaaclab_nhb/isaaclab_nhb/logs/rsl_rl/coopG1S1/2026-06-14_21-52-04_s1_from2026-06-10_07-38-467999/model_26000.pt,2026-06-14_21-52-04_s1_from2026-06-10_07-38-467999,10456839,26000
coopG1S1,/home/zhaowenhao/isaaclab_nhb/isaaclab_nhb/logs/rsl_rl/coopG1S1/2026-06-14_21-52-04_s1_from2026-06-10_07-38-467999/model_27000.pt,2026-06-14_21-52-04_s1_from2026-06-10_07-38-467999,10456839,27000
coopG1S1,/home/zhaowenhao/isaaclab_nhb/isaaclab_nhb/logs/rsl_rl/coopG1S1/2026-06-14_21-52-04_s1_from2026-06-10_07-38-467999/model_28000.pt,2026-06-14_21-52-04_s1_from2026-06-10_07-38-467999,10456839,28000
coopG1S1,/home/zhaowenhao/isaaclab_nhb/isaaclab_nhb/logs/rsl_rl/coopG1S1/2026-06-14_21-52-04_s1_from2026-06-10_07-38-467999/model_29000.pt,2026-06-14_21-52-04_s1_from2026-06-10_07-38-467999,10456839,29000
coopG1S1,/home/zhaowenhao/isaaclab_nhb/isaaclab_nhb/logs/rsl_rl/coopG1S1/2026-06-14_21-52-04_s1_from2026-06-10_07-38-467999/model_30000.pt,2026-06-14_21-52-04_s1_from2026-06-10_07-38-467999,10456839,30000
coopG1S1,/home/zhaowenhao/isaaclab_nhb/isaaclab_nhb/logs/rsl_rl/coopG1S1/2026-06-14_21-52-04_s1_from2026-06-10_07-38-467999/model_31000.pt,2026-06-14_21-52-04_s1_from2026-06-10_07-38-467999,10456839,31000
coopG1S1,/home/zhaowenhao/isaaclab_nhb/isaaclab_nhb/logs/rsl_rl/coopG1S1/2026-06-14_21-52-04_s1_from2026-06-10_07-38-467999/model_32000.pt,2026-06-14_21-52-04_s1_from2026-06-10_07-38-467999,10456839,32000
coopG1S1,/home/zhaowenhao/isaaclab_nhb/isaaclab_nhb/logs/rsl_rl/coopG1S1/2026-06-14_21-52-04_s1_from2026-06-10_07-38-467999/model_33000.pt,2026-06-14_21-52-04_s1_from2026-06-10_07-38-467999,10456839,33000
coopG1S1,/home/zhaowenhao/isaaclab_nhb/isaaclab_nhb/logs/rsl_rl/coopG1S1/2026-06-14_21-52-04_s1_from2026-06-10_07-38-467999/model_34000.pt,2026-06-14_21-52-04_s1_from2026-06-10_07-38-467999,10456839,34000
coopG1S1,/home/zhaowenhao/isaaclab_nhb/isaaclab_nhb/logs/rsl_rl/coopG1S1/2026-06-14_21-52-04_s1_from2026-06-10_07-38-467999/model_35000.pt,2026-06-14_21-52-04_s1_from2026-06-10_07-38-467999,10456839,35000
coopG1S1,/home/zhaowenhao/isaaclab_nhb/isaaclab_nhb/logs/rsl_rl/coopG1S1/2026-06-14_21-52-04_s1_from2026-06-10_07-38-467999/model_36000.pt,2026-06-14_21-52-04_s1_from2026-06-10_07-38-467999,10456839,36000
coopG1S1,/home/zhaowenhao/isaaclab_nhb/isaaclab_nhb/logs/rsl_rl/coopG1S1/2026-06-14_21-52-04_s1_from2026-06-10_07-38-467999/model_37000.pt,2026-06-14_21-52-04_s1_from2026-06-10_07-38-467999,10456839,37000
coopG1S1,/home/zhaowenhao/isaaclab_nhb/isaaclab_nhb/logs/rsl_rl/coopG1S1/2026-06-14_21-52-04_s1_from2026-06-10_07-38-467999/model_38000.pt,2026-06-14_21-52-04_s1_from2026-06-10_07-38-467999,10456839,38000
coopG1S1,/home/zhaowenhao/isaaclab_nhb/isaaclab_nhb/logs/rsl_rl/coopG1S1/2026-06-14_21-52-04_s1_from2026-06-10_07-38-467999/model_39000.pt,2026-06-14_21-52-04_s1_from2026-06-10_07-38-467999,10456839,39000
coopG1S1,/home/zhaowenhao/isaaclab_nhb/isaaclab_nhb/logs/rsl_rl/coopG1S1/2026-06-14_21-52-04_s1_from2026-06-10_07-38-467999/model_40000.pt,2026-06-14_21-52-04_s1_from2026-06-10_07-38-467999,10456839,40000
coopG1S1,/home/zhaowenhao/isaaclab_nhb/isaaclab_nhb/logs/rsl_rl/coopG1S1/2026-06-14_21-52-04_s1_from2026-06-10_07-38-467999/model_41000.pt,2026-06-14_21-52-04_s1_from2026-06-10_07-38-467999,10456839,41000
coopG1S1,/home/zhaowenhao/isaaclab_nhb/isaaclab_nhb/logs/rsl_rl/coopG1S1/2026-06-14_21-52-04_s1_from2026-06-10_07-38-467999/model_42000.pt,2026-06-14_21-52-04_s1_from2026-06-10_07-38-467999,10456839,42000
coopG1S1,/home/zhaowenhao/isaaclab_nhb/isaaclab_nhb/logs/rsl_rl/coopG1S1/2026-06-14_21-52-04_s1_from2026-06-10_07-38-467999/model_43000.pt,2026-06-14_21-52-04_s1_from2026-06-10_07-38-467999,10456839,43000
coopG1S1,/home/zhaowenhao/isaaclab_nhb/isaaclab_nhb/logs/rsl_rl/coopG1S1/2026-06-14_21-52-04_s1_from2026-06-10_07-38-467999/model_44000.pt,2026-06-14_21-52-04_s1_from2026-06-10_07-38-467999,10456839,44000
coopG1S1,/home/zhaowenhao/isaaclab_nhb/isaaclab_nhb/logs/rsl_rl/coopG1S1/2026-06-14_21-52-04_s1_from2026-06-10_07-38-467999/model_45000.pt,2026-06-14_21-52-04_s1_from2026-06-10_07-38-467999,10456839,45000
coopG1S1,/home/zhaowenhao/isaaclab_nhb/isaaclab_nhb/logs/rsl_rl/coopG1S1/2026-06-14_21-52-04_s1_from2026-06-10_07-38-467999/model_46000.pt,2026-06-14_21-52-04_s1_from2026-06-10_07-38-467999,10456839,46000
coopG1S1,/home/zhaowenhao/isaaclab_nhb/isaaclab_nhb/logs/rsl_rl/coopG1S1/2026-06-14_21-52-04_s1_from2026-06-10_07-38-467999/model_47000.pt,2026-06-14_21-52-04_s1_from2026-06-10_07-38-467999,10456839,47000
coopG1S1,/home/zhaowenhao/isaaclab_nhb/isaaclab_nhb/logs/rsl_rl/coopG1S1/2026-06-14_21-52-04_s1_from2026-06-10_07-38-467999/model_48000.pt,2026-06-14_21-52-04_s1_from2026-06-10_07-38-467999,10456839,48000
coopG1S1,/home/zhaowenhao/isaaclab_nhb/isaaclab_nhb/logs/rsl_rl/coopG1S1/2026-06-14_21-52-04_s1_from2026-06-10_07-38-467999/model_49000.pt,2026-06-14_21-52-04_s1_from2026-06-10_07-38-467999,10456839,49000
coopG1S1,/home/zhaowenhao/isaaclab_nhb/isaaclab_nhb/logs/rsl_rl/coopG1S1/2026-06-14_21-52-04_s1_from2026-06-10_07-38-467999/model_50000.pt,2026-06-14_21-52-04_s1_from2026-06-10_07-38-467999,10456839,50000
coopG1S1,/home/zhaowenhao/isaaclab_nhb/isaaclab_nhb/logs/rsl_rl/coopG1S1/2026-06-14_21-52-04_s1_from2026-06-10_07-38-467999/model_51000.pt,2026-06-14_21-52-04_s1_from2026-06-10_07-38-467999,10456839,51000
coopG1S1,/home/zhaowenhao/isaaclab_nhb/isaaclab_nhb/logs/rsl_rl/coopG1S1/2026-06-14_21-52-04_s1_from2026-06-10_07-38-467999/model_52000.pt,2026-06-14_21-52-04_s1_from2026-06-10_07-38-467999,10456839,52000
coopG1S1,/home/zhaowenhao/isaaclab_nhb/isaaclab_nhb/logs/rsl_rl/coopG1S1/2026-06-14_21-52-04_s1_from2026-06-10_07-38-467999/model_53000.pt,2026-06-14_21-52-04_s1_from2026-06-10_07-38-467999,10456839,53000
coopG1S1,/home/zhaowenhao/isaaclab_nhb/isaaclab_nhb/logs/rsl_rl/coopG1S1/2026-06-14_21-52-04_s1_from2026-06-10_07-38-467999/model_54000.pt,2026-06-14_21-52-04_s1_from2026-06-10_07-38-467999,10456839,54000
coopG1S1,/home/zhaowenhao/isaaclab_nhb/isaaclab_nhb/logs/rsl_rl/coopG1S1/2026-06-14_21-52-04_s1_from2026-06-10_07-38-467999/model_55000.pt,2026-06-14_21-52-04_s1_from2026-06-10_07-38-467999,10456839,55000
coopG1S1,/home/zhaowenhao/isaaclab_nhb/isaaclab_nhb/logs/rsl_rl/coopG1S1/2026-06-14_21-52-04_s1_from2026-06-10_07-38-467999/model_56000.pt,2026-06-14_21-52-04_s1_from2026-06-10_07-38-467999,10456839,56000
coopG1S1,/home/zhaowenhao/isaaclab_nhb/isaaclab_nhb/logs/rsl_rl/coopG1S1/2026-06-14_21-52-04_s1_from2026-06-10_07-38-467999/model_57000.pt,2026-06-14_21-52-04_s1_from2026-06-10_07-38-467999,10456839,57000
coopG1S1,/home/zhaowenhao/isaaclab_nhb/isaaclab_nhb/logs/rsl_rl/coopG1S1/2026-06-14_21-52-04_s1_from2026-06-10_07-38-467999/model_57998.pt,2026-06-14_21-52-04_s1_from2026-06-10_07-38-467999,10456839,57998
coopG1S1,/home/zhaowenhao/isaaclab_nhb/isaaclab_nhb/logs/rsl_rl/coopG1S1/2026-06-20_22-30-57_s1_base_velocity_scratch/model_0.pt,2026-06-20_22-30-57_s1_base_velocity_scratch,10548415,0
coopG1S1,/home/zhaowenhao/isaaclab_nhb/isaaclab_nhb/logs/rsl_rl/coopG1S1/2026-06-20_22-30-57_s1_base_velocity_scratch/model_1000.pt,2026-06-20_22-30-57_s1_base_velocity_scratch,10549109,1000
coopG1S1,/home/zhaowenhao/isaaclab_nhb/isaaclab_nhb/logs/rsl_rl/coopG1S1/2026-06-20_22-30-57_s1_base_velocity_scratch/model_1999.pt,2026-06-20_22-30-57_s1_base_velocity_scratch,10549109,1999
coopG1S1,/home/zhaowenhao/isaaclab_nhb/isaaclab_nhb/logs/rsl_rl/coopG1S1/2026-06-21_02-23-53_s1_base_velocity_scratch_16k_10k/model_0.pt,2026-06-21_02-23-53_s1_base_velocity_scratch_16k_10k,10548415,0
coopG1S1,/home/zhaowenhao/isaaclab_nhb/isaaclab_nhb/logs/rsl_rl/coopG1S1/2026-06-21_02-23-53_s1_base_velocity_scratch_16k_10k/model_1000.pt,2026-06-21_02-23-53_s1_base_velocity_scratch_16k_10k,10549109,1000
coopG1S1,/home/zhaowenhao/isaaclab_nhb/isaaclab_nhb/logs/rsl_rl/coopG1S1/2026-06-21_02-23-53_s1_base_velocity_scratch_16k_10k/model_2000.pt,2026-06-21_02-23-53_s1_base_velocity_scratch_16k_10k,10549109,2000
coopG1S1,/home/zhaowenhao/isaaclab_nhb/isaaclab_nhb/logs/rsl_rl/coopG1S1/2026-06-21_02-23-53_s1_base_velocity_scratch_16k_10k/model_3000.pt,2026-06-21_02-23-53_s1_base_velocity_scratch_16k_10k,10549109,3000
coopG1S1,/home/zhaowenhao/isaaclab_nhb/isaaclab_nhb/logs/rsl_rl/coopG1S1/2026-06-21_02-23-53_s1_base_velocity_scratch_16k_10k/model_4000.pt,2026-06-21_02-23-53_s1_base_velocity_scratch_16k_10k,10549109,4000
coopG1S1,/home/zhaowenhao/isaaclab_nhb/isaaclab_nhb/logs/rsl_rl/coopG1S1/2026-06-21_02-23-53_s1_base_velocity_scratch_16k_10k/model_5000.pt,2026-06-21_02-23-53_s1_base_velocity_scratch_16k_10k,10549109,5000
coopG1S1,/home/zhaowenhao/isaaclab_nhb/isaaclab_nhb/logs/rsl_rl/coopG1S1/2026-06-21_02-23-53_s1_base_velocity_scratch_16k_10k/model_6000.pt,2026-06-21_02-23-53_s1_base_velocity_scratch_16k_10k,10549109,6000
coopG1S1,/home/zhaowenhao/isaaclab_nhb/isaaclab_nhb/logs/rsl_rl/coopG1S1/2026-06-21_02-23-53_s1_base_velocity_scratch_16k_10k/model_7000.pt,2026-06-21_02-23-53_s1_base_velocity_scratch_16k_10k,10549109,7000
coopG1S1,/home/zhaowenhao/isaaclab_nhb/isaaclab_nhb/logs/rsl_rl/coopG1S1/2026-06-21_02-23-53_s1_base_velocity_scratch_16k_10k/model_8000.pt,2026-06-21_02-23-53_s1_base_velocity_scratch_16k_10k,10549109,8000
coopG1S1,/home/zhaowenhao/isaaclab_nhb/isaaclab_nhb/logs/rsl_rl/coopG1S1/2026-06-21_02-23-53_s1_base_velocity_scratch_16k_10k/model_9000.pt,2026-06-21_02-23-53_s1_base_velocity_scratch_16k_10k,10549109,9000
coopG1S1,/home/zhaowenhao/isaaclab_nhb/isaaclab_nhb/logs/rsl_rl/coopG1S1/2026-06-21_02-23-53_s1_base_velocity_scratch_16k_10k/model_9999.pt,2026-06-21_02-23-53_s1_base_velocity_scratch_16k_10k,10549109,9999
coopG1S1,/home/zhaowenhao/isaaclab_nhb/isaaclab_nhb/logs/rsl_rl/coopG1S1/2026-06-22_11-26-35_s1_base_velocity_precise/model_10000.pt,2026-06-22_11-26-35_s1_base_velocity_precise,10549383,10000
coopG1S1,/home/zhaowenhao/isaaclab_nhb/isaaclab_nhb/logs/rsl_rl/coopG1S1/fromS0_2026-05-15_model_42600/model_42600.pt,fromS0_2026-05-15_model_42600,10025991,42600
coopG1S2,/home/zhaowenhao/isaaclab_nhb/isaaclab_nhb/logs/rsl_rl/coopG1S2/2026-05-23_14-47-28_s2_fixedpayload_fromS0_50k_gui/model_42600.pt,2026-05-23_14-47-28_s2_fixedpayload_fromS0_50k_gui,10025991,42600
coopG1S2,/home/zhaowenhao/isaaclab_nhb/isaaclab_nhb/logs/rsl_rl/coopG1S2/2026-05-23_14-47-28_s2_fixedpayload_fromS0_50k_gui/model_42800.pt,2026-05-23_14-47-28_s2_fixedpayload_fromS0_50k_gui,10025991,42800
coopG1S2,/home/zhaowenhao/isaaclab_nhb/isaaclab_nhb/logs/rsl_rl/coopG1S2/2026-05-23_14-47-28_s2_fixedpayload_fromS0_50k_gui/model_43000.pt,2026-05-23_14-47-28_s2_fixedpayload_fromS0_50k_gui,10025991,43000
coopG1S2,/home/zhaowenhao/isaaclab_nhb/isaaclab_nhb/logs/rsl_rl/coopG1S2/2026-05-23_14-47-28_s2_fixedpayload_fromS0_50k_gui/model_43200.pt,2026-05-23_14-47-28_s2_fixedpayload_fromS0_50k_gui,10025991,43200
coopG1S2,/home/zhaowenhao/isaaclab_nhb/isaaclab_nhb/logs/rsl_rl/coopG1S2/2026-05-23_14-47-28_s2_fixedpayload_fromS0_50k_gui/model_43400.pt,2026-05-23_14-47-28_s2_fixedpayload_fromS0_50k_gui,10025991,43400
coopG1S2,/home/zhaowenhao/isaaclab_nhb/isaaclab_nhb/logs/rsl_rl/coopG1S2/2026-05-23_14-47-28_s2_fixedpayload_fromS0_50k_gui/model_43600.pt,2026-05-23_14-47-28_s2_fixedpayload_fromS0_50k_gui,10025991,43600
coopG1S2,/home/zhaowenhao/isaaclab_nhb/isaaclab_nhb/logs/rsl_rl/coopG1S2/2026-05-23_14-47-28_s2_fixedpayload_fromS0_50k_gui/model_43800.pt,2026-05-23_14-47-28_s2_fixedpayload_fromS0_50k_gui,10025991,43800
coopG1S2,/home/zhaowenhao/isaaclab_nhb/isaaclab_nhb/logs/rsl_rl/coopG1S2/2026-05-23_14-47-28_s2_fixedpayload_fromS0_50k_gui/model_44000.pt,2026-05-23_14-47-28_s2_fixedpayload_fromS0_50k_gui,10025991,44000
coopG1S2,/home/zhaowenhao/isaaclab_nhb/isaaclab_nhb/logs/rsl_rl/coopG1S2/2026-05-23_14-47-28_s2_fixedpayload_fromS0_50k_gui/model_44200.pt,2026-05-23_14-47-28_s2_fixedpayload_fromS0_50k_gui,10025991,44200
coopG1S2,/home/zhaowenhao/isaaclab_nhb/isaaclab_nhb/logs/rsl_rl/coopG1S2/2026-05-23_14-47-28_s2_fixedpayload_fromS0_50k_gui/model_44400.pt,2026-05-23_14-47-28_s2_fixedpayload_fromS0_50k_gui,10025991,44400
coopG1S2,/home/zhaowenhao/isaaclab_nhb/isaaclab_nhb/logs/rsl_rl/coopG1S2/2026-05-23_14-47-28_s2_fixedpayload_fromS0_50k_gui/model_44600.pt,2026-05-23_14-47-28_s2_fixedpayload_fromS0_50k_gui,10025991,44600
coopG1S2,/home/zhaowenhao/isaaclab_nhb/isaaclab_nhb/logs/rsl_rl/coopG1S2/2026-05-23_14-47-28_s2_fixedpayload_fromS0_50k_gui/model_44800.pt,2026-05-23_14-47-28_s2_fixedpayload_fromS0_50k_gui,10025991,44800
coopG1S2,/home/zhaowenhao/isaaclab_nhb/isaaclab_nhb/logs/rsl_rl/coopG1S2/2026-05-23_14-47-28_s2_fixedpayload_fromS0_50k_gui/model_45000.pt,2026-05-23_14-47-28_s2_fixedpayload_fromS0_50k_gui,10025991,45000
coopG1S2,/home/zhaowenhao/isaaclab_nhb/isaaclab_nhb/logs/rsl_rl/coopG1S2/2026-05-23_14-47-28_s2_fixedpayload_fromS0_50k_gui/model_45200.pt,2026-05-23_14-47-28_s2_fixedpayload_fromS0_50k_gui,10025991,45200
coopG1S2,/home/zhaowenhao/isaaclab_nhb/isaaclab_nhb/logs/rsl_rl/coopG1S2/2026-05-23_14-47-28_s2_fixedpayload_fromS0_50k_gui/model_45400.pt,2026-05-23_14-47-28_s2_fixedpayload_fromS0_50k_gui,10025991,45400
coopG1S2,/home/zhaowenhao/isaaclab_nhb/isaaclab_nhb/logs/rsl_rl/coopG1S2/2026-05-23_14-47-28_s2_fixedpayload_fromS0_50k_gui/model_45600.pt,2026-05-23_14-47-28_s2_fixedpayload_fromS0_50k_gui,10025991,45600
coopG1S2,/home/zhaowenhao/isaaclab_nhb/isaaclab_nhb/logs/rsl_rl/coopG1S2/2026-05-23_14-47-28_s2_fixedpayload_fromS0_50k_gui/model_45800.pt,2026-05-23_14-47-28_s2_fixedpayload_fromS0_50k_gui,10025991,45800
coopG1S2,/home/zhaowenhao/isaaclab_nhb/isaaclab_nhb/logs/rsl_rl/coopG1S2/2026-05-23_14-47-28_s2_fixedpayload_fromS0_50k_gui/model_46000.pt,2026-05-23_14-47-28_s2_fixedpayload_fromS0_50k_gui,10025991,46000
coopG1S2,/home/zhaowenhao/isaaclab_nhb/isaaclab_nhb/logs/rsl_rl/coopG1S2/2026-05-23_14-47-28_s2_fixedpayload_fromS0_50k_gui/model_46200.pt,2026-05-23_14-47-28_s2_fixedpayload_fromS0_50k_gui,10025991,46200
coopG1S2,/home/zhaowenhao/isaaclab_nhb/isaaclab_nhb/logs/rsl_rl/coopG1S2/2026-05-23_14-47-28_s2_fixedpayload_fromS0_50k_gui/model_46400.pt,2026-05-23_14-47-28_s2_fixedpayload_fromS0_50k_gui,10025991,46400
coopG1S2,/home/zhaowenhao/isaaclab_nhb/isaaclab_nhb/logs/rsl_rl/coopG1S2/2026-05-23_14-47-28_s2_fixedpayload_fromS0_50k_gui/model_46600.pt,2026-05-23_14-47-28_s2_fixedpayload_fromS0_50k_gui,10025991,46600
coopG1S2,/home/zhaowenhao/isaaclab_nhb/isaaclab_nhb/logs/rsl_rl/coopG1S2/2026-05-23_14-47-28_s2_fixedpayload_fromS0_50k_gui/model_46800.pt,2026-05-23_14-47-28_s2_fixedpayload_fromS0_50k_gui,10025991,46800
coopG1S2,/home/zhaowenhao/isaaclab_nhb/isaaclab_nhb/logs/rsl_rl/coopG1S2/2026-05-23_14-47-28_s2_fixedpayload_fromS0_50k_gui/model_47000.pt,2026-05-23_14-47-28_s2_fixedpayload_fromS0_50k_gui,10025991,47000
coopG1S2,/home/zhaowenhao/isaaclab_nhb/isaaclab_nhb/logs/rsl_rl/coopG1S2/2026-05-23_14-47-28_s2_fixedpayload_fromS0_50k_gui/model_47200.pt,2026-05-23_14-47-28_s2_fixedpayload_fromS0_50k_gui,10025991,47200
coopG1S2,/home/zhaowenhao/isaaclab_nhb/isaaclab_nhb/logs/rsl_rl/coopG1S2/2026-05-23_14-47-28_s2_fixedpayload_fromS0_50k_gui/model_47400.pt,2026-05-23_14-47-28_s2_fixedpayload_fromS0_50k_gui,10025991,47400
coopG1S2,/home/zhaowenhao/isaaclab_nhb/isaaclab_nhb/logs/rsl_rl/coopG1S2/2026-05-23_14-47-28_s2_fixedpayload_fromS0_50k_gui/model_47600.pt,2026-05-23_14-47-28_s2_fixedpayload_fromS0_50k_gui,10025991,47600
coopG1S2,/home/zhaowenhao/isaaclab_nhb/isaaclab_nhb/logs/rsl_rl/coopG1S2/2026-05-23_14-47-28_s2_fixedpayload_fromS0_50k_gui/model_47800.pt,2026-05-23_14-47-28_s2_fixedpayload_fromS0_50k_gui,10025991,47800
coopG1S2,/home/zhaowenhao/isaaclab_nhb/isaaclab_nhb/logs/rsl_rl/coopG1S2/2026-05-23_14-47-28_s2_fixedpayload_fromS0_50k_gui/model_48000.pt,2026-05-23_14-47-28_s2_fixedpayload_fromS0_50k_gui,10025991,48000
coopG1S2,/home/zhaowenhao/isaaclab_nhb/isaaclab_nhb/logs/rsl_rl/coopG1S2/2026-05-23_14-47-28_s2_fixedpayload_fromS0_50k_gui/model_48200.pt,2026-05-23_14-47-28_s2_fixedpayload_fromS0_50k_gui,10025991,48200
coopG1S2,/home/zhaowenhao/isaaclab_nhb/isaaclab_nhb/logs/rsl_rl/coopG1S2/2026-05-23_14-47-28_s2_fixedpayload_fromS0_50k_gui/model_48400.pt,2026-05-23_14-47-28_s2_fixedpayload_fromS0_50k_gui,10025991,48400
coopG1S2,/home/zhaowenhao/isaaclab_nhb/isaaclab_nhb/logs/rsl_rl/coopG1S2/2026-05-23_14-47-28_s2_fixedpayload_fromS0_50k_gui/model_48600.pt,2026-05-23_14-47-28_s2_fixedpayload_fromS0_50k_gui,10025991,48600
coopG1S2,/home/zhaowenhao/isaaclab_nhb/isaaclab_nhb/logs/rsl_rl/coopG1S2/2026-05-23_14-47-28_s2_fixedpayload_fromS0_50k_gui/model_48800.pt,2026-05-23_14-47-28_s2_fixedpayload_fromS0_50k_gui,10025991,48800
coopG1S2,/home/zhaowenhao/isaaclab_nhb/isaaclab_nhb/logs/rsl_rl/coopG1S2/2026-05-23_14-47-28_s2_fixedpayload_fromS0_50k_gui/model_49000.pt,2026-05-23_14-47-28_s2_fixedpayload_fromS0_50k_gui,10025991,49000
coopG1S2,/home/zhaowenhao/isaaclab_nhb/isaaclab_nhb/logs/rsl_rl/coopG1S2/2026-05-23_14-47-28_s2_fixedpayload_fromS0_50k_gui/model_49200.pt,2026-05-23_14-47-28_s2_fixedpayload_fromS0_50k_gui,10025991,49200
coopG1S2,/home/zhaowenhao/isaaclab_nhb/isaaclab_nhb/logs/rsl_rl/coopG1S2/2026-05-23_14-47-28_s2_fixedpayload_fromS0_50k_gui/model_49400.pt,2026-05-23_14-47-28_s2_fixedpayload_fromS0_50k_gui,10025991,49400
coopG1S2,/home/zhaowenhao/isaaclab_nhb/isaaclab_nhb/logs/rsl_rl/coopG1S2/2026-05-23_14-47-28_s2_fixedpayload_fromS0_50k_gui/model_49600.pt,2026-05-23_14-47-28_s2_fixedpayload_fromS0_50k_gui,10025991,49600
coopG1S2,/home/zhaowenhao/isaaclab_nhb/isaaclab_nhb/logs/rsl_rl/coopG1S2/2026-05-23_14-47-28_s2_fixedpayload_fromS0_50k_gui/model_49800.pt,2026-05-23_14-47-28_s2_fixedpayload_fromS0_50k_gui,10025991,49800
coopG1S2,/home/zhaowenhao/isaaclab_nhb/isaaclab_nhb/logs/rsl_rl/coopG1S2/2026-05-23_14-47-28_s2_fixedpayload_fromS0_50k_gui/model_50000.pt,2026-05-23_14-47-28_s2_fixedpayload_fromS0_50k_gui,10025991,50000
coopG1S2,/home/zhaowenhao/isaaclab_nhb/isaaclab_nhb/logs/rsl_rl/coopG1S2/2026-05-23_14-47-28_s2_fixedpayload_fromS0_50k_gui/model_50200.pt,2026-05-23_14-47-28_s2_fixedpayload_fromS0_50k_gui,10025991,50200
coopG1S2,/home/zhaowenhao/isaaclab_nhb/isaaclab_nhb/logs/rsl_rl/coopG1S2/2026-05-23_14-47-28_s2_fixedpayload_fromS0_50k_gui/model_50400.pt,2026-05-23_14-47-28_s2_fixedpayload_fromS0_50k_gui,10025991,50400
coopG1S2,/home/zhaowenhao/isaaclab_nhb/isaaclab_nhb/logs/rsl_rl/coopG1S2/2026-05-23_14-47-28_s2_fixedpayload_fromS0_50k_gui/model_50600.pt,2026-05-23_14-47-28_s2_fixedpayload_fromS0_50k_gui,10025991,50600
coopG1S2,/home/zhaowenhao/isaaclab_nhb/isaaclab_nhb/logs/rsl_rl/coopG1S2/2026-05-23_14-47-28_s2_fixedpayload_fromS0_50k_gui/model_50800.pt,2026-05-23_14-47-28_s2_fixedpayload_fromS0_50k_gui,10025991,50800
coopG1S2,/home/zhaowenhao/isaaclab_nhb/isaaclab_nhb/logs/rsl_rl/coopG1S2/2026-05-23_14-47-28_s2_fixedpayload_fromS0_50k_gui/model_51000.pt,2026-05-23_14-47-28_s2_fixedpayload_fromS0_50k_gui,10025991,51000
coopG1S2,/home/zhaowenhao/isaaclab_nhb/isaaclab_nhb/logs/rsl_rl/coopG1S2/2026-05-23_14-47-28_s2_fixedpayload_fromS0_50k_gui/model_51200.pt,2026-05-23_14-47-28_s2_fixedpayload_fromS0_50k_gui,10025991,51200
coopG1S2,/home/zhaowenhao/isaaclab_nhb/isaaclab_nhb/logs/rsl_rl/coopG1S2/2026-05-23_14-47-28_s2_fixedpayload_fromS0_50k_gui/model_51400.pt,2026-05-23_14-47-28_s2_fixedpayload_fromS0_50k_gui,10025991,51400
coopG1S2,/home/zhaowenhao/isaaclab_nhb/isaaclab_nhb/logs/rsl_rl/coopG1S2/2026-05-23_14-47-28_s2_fixedpayload_fromS0_50k_gui/model_51600.pt,2026-05-23_14-47-28_s2_fixedpayload_fromS0_50k_gui,10025991,51600
coopG1S2,/home/zhaowenhao/isaaclab_nhb/isaaclab_nhb/logs/rsl_rl/coopG1S2/2026-05-23_14-47-28_s2_fixedpayload_fromS0_50k_gui/model_51800.pt,2026-05-23_14-47-28_s2_fixedpayload_fromS0_50k_gui,10025991,51800
coopG1S2,/home/zhaowenhao/isaaclab_nhb/isaaclab_nhb/logs/rsl_rl/coopG1S2/2026-05-23_14-47-28_s2_fixedpayload_fromS0_50k_gui/model_52000.pt,2026-05-23_14-47-28_s2_fixedpayload_fromS0_50k_gui,10025991,52000
coopG1S2,/home/zhaowenhao/isaaclab_nhb/isaaclab_nhb/logs/rsl_rl/coopG1S2/2026-05-30_17-25-08_fixed_payload/model_0.pt,2026-05-30_17-25-08_fixed_payload,10025023,0
