time_s,left_target_angular_velocity_x_radps,left_target_angular_velocity_y_radps,left_target_angular_velocity_z_radps,left_actual_angular_velocity_x_radps,left_actual_angular_velocity_y_radps,left_actual_angular_velocity_z_radps,right_target_angular_velocity_x_radps,right_target_angular_velocity_y_radps,right_target_angular_velocity_z_radps,right_actual_angular_velocity_x_radps,right_actual_angular_velocity_y_radps,right_actual_angular_velocity_z_radps
0.02,0.0,0.0,0.0,4.775243759155273,-3.0885396003723145,-0.04443458095192909,0.0,0.0,0.0,-4.729978084564209,-2.3993780612945557,0.2673831284046173
0.04,0.0,0.0,0.0,1.3379930257797241,-2.3394885063171387,-0.15342594683170319,0.0,0.0,0.0,-0.8240938186645508,-3.1117286682128906,0.9609708189964294
0.06,0.0,0.0,0.0,0.9402264952659607,-1.4348798990249634,-0.7368206977844238,0.0,0.0,0.0,-2.8571267127990723,-0.631771981716156,0.7476235032081604
0.08,0.0,0.0,0.0,-0.870995044708252,-0.171921968460083,-0.6332166790962219,0.0,0.0,0.0,-3.151214838027954,2.418487071990967,-0.25772160291671753
0.1,0.0,0.0,0.0,-4.544155120849609,0.8207828998565674,1.0125255584716797,0.0,0.0,0.0,1.6800802946090698,4.042104244232178,-1.7197751998901367
0.12,0.0,0.0,0.0,-4.186400890350342,1.7479318380355835,1.5751969814300537,0.0,0.0,0.0,4.421093463897705,2.9470231533050537,-2.0432517528533936
0.14,0.0,0.0,0.0,-2.351140022277832,1.0350528955459595,1.3422507047653198,0.0,0.0,0.0,1.1555567979812622,1.6913386583328247,-1.0429738759994507
0.16,0.0,0.0,0.0,-0.5492969155311584,-0.8740471601486206,1.6696182489395142,0.0,0.0,0.0,-2.600979804992676,0.16367168724536896,-0.6481505036354065
0.18,0.0,0.0,0.0,0.1948428452014923,-2.414893865585327,2.0407509803771973,0.0,0.0,0.0,-3.908259391784668,-0.9639570116996765,0.1568298041820526
0.2,0.0,0.0,0.0,-0.5863910913467407,-2.4047913551330566,1.9918968677520752,0.0,0.0,0.0,-1.725371241569519,-1.1359795331954956,0.36751797795295715
0.22,0.0,0.0,0.0,-3.9160871505737305,-1.649604320526123,1.6770832538604736,0.0,0.0,0.0,0.29672735929489136,-0.57115638256073,-0.16813932359218597
0.24,0.0,0.0,0.0,-4.587169170379639,-0.25323641300201416,0.9282071590423584,0.0,0.0,0.0,-0.18785832822322845,0.08098284900188446,-0.20388703048229218
0.26,0.0,0.0,0.0,-1.0821832418441772,1.3871608972549438,-0.7169187664985657,0.0,0.0,0.0,-1.8132387399673462,0.4933311343193054,0.3112240731716156
0.28,0.0,0.0,0.0,1.121888518333435,2.211881637573242,-1.8363386392593384,0.0,0.0,0.0,-1.358413815498352,0.36251673102378845,0.28468453884124756
0.3,0.0,0.0,0.0,1.2231351137161255,1.6814576387405396,-1.9899492263793945,0.0,0.0,0.0,-0.48073697090148926,0.32590264081954956,-0.5600382685661316
0.32,0.0,0.0,0.0,0.8970509767532349,0.9225131869316101,-1.8943043947219849,0.0,0.0,0.0,0.1076500341296196,0.052481722086668015,-1.0936307907104492
0.34,0.0,0.0,0.0,1.6356931924819946,0.6341556906700134,-2.02931547164917,0.0,0.0,0.0,1.2110412120819092,-0.1800890415906906,-1.3107130527496338
0.36,0.0,0.0,0.0,2.153970241546631,0.5286991596221924,-1.86798894405365,0.0,0.0,0.0,1.41521155834198,-0.30969759821891785,-0.7050594687461853
0.38,0.0,0.0,0.0,2.2514731884002686,0.522543728351593,-1.4002536535263062,0.0,0.0,0.0,1.7549759149551392,-0.7092263698577881,0.033570919185876846
0.4,0.0,0.0,0.0,1.927796721458435,0.4100503921508789,-0.9922667741775513,0.0,0.0,0.0,1.619356632232666,-0.7678722143173218,0.39740946888923645
0.42,0.0,0.0,0.0,1.1642149686813354,0.16961853206157684,-0.7195214033126831,0.0,0.0,0.0,2.080289363861084,-0.9095973968505859,0.41229164600372314
0.44,0.0,0.0,0.0,0.45498356223106384,-0.09894541651010513,-0.5101553797721863,0.0,0.0,0.0,2.9512197971343994,-1.3412961959838867,0.45916062593460083
0.46,0.0,0.0,0.0,-0.14872929453849792,-0.34412914514541626,-0.2638239562511444,0.0,0.0,0.0,3.335676431655884,-1.6404684782028198,0.6089478731155396
0.48,0.0,0.0,0.0,-0.3759838342666626,-0.48748475313186646,-0.12982910871505737,0.0,0.0,0.0,2.8555397987365723,-1.4484539031982422,0.7432484030723572
0.5,0.0,0.0,0.0,-0.06034145504236221,-0.5050583481788635,-0.23748323321342468,0.0,0.0,0.0,2.0247201919555664,-0.9885578751564026,0.7168216705322266
0.52,0.0,0.0,0.0,0.5290831923484802,-0.498883992433548,-0.5108980536460876,0.0,0.0,0.0,1.39448082447052,-0.6667991280555725,0.6076217889785767
0.54,0.0,0.0,0.0,0.9775581359863281,-0.574863851070404,-0.8181450963020325,0.0,0.0,0.0,0.947675347328186,-0.4557254910469055,0.42631736397743225
0.56,0.0,0.0,0.0,1.453170895576477,-0.6052632927894592,-1.1479847431182861,0.0,0.0,0.0,0.8049033284187317,-0.3055221736431122,0.1210644468665123
0.58,0.0,0.0,0.0,1.7880656719207764,-0.5897436738014221,-1.444277048110962,0.0,0.0,0.0,0.926156222820282,-0.2537757456302643,-0.25749924778938293
0.6,0.0,0.0,0.0,1.9185230731964111,-0.5441659092903137,-1.6361618041992188,0.0,0.0,0.0,1.0810797214508057,-0.16645531356334686,-0.5965864062309265
0.62,0.0,0.0,0.0,2.023122787475586,-0.03863942623138428,-1.5883378982543945,0.0,0.0,0.0,1.4233512878417969,0.45397576689720154,-0.6673323512077332
0.64,0.0,0.0,0.0,1.6158287525177002,0.4802996516227722,-1.6410096883773804,0.0,0.0,0.0,1.453410029411316,0.7994609475135803,-0.8078814148902893
0.66,0.0,0.0,0.0,0.7646700143814087,0.713300883769989,-1.4255104064941406,0.0,0.0,0.0,0.941403865814209,1.1683720350265503,-1.0960330963134766
0.68,0.0,0.0,0.0,0.02762627974152565,0.8814780712127686,-0.9182770252227783,0.0,0.0,0.0,0.03717130795121193,1.3069418668746948,-1.0586692094802856
0.7000000000000001,0.0,0.0,0.0,0.1299915313720703,0.7737080454826355,-0.47334685921669006,0.0,0.0,0.0,-1.4400904178619385,1.5053092241287231,-0.7595058083534241
0.72,0.0,0.0,0.0,0.5788240432739258,0.619109570980072,-0.08062722533941269,0.0,0.0,0.0,-2.0671374797821045,1.4780670404434204,-0.5337518453598022
0.74,0.0,0.0,0.0,0.7332820892333984,0.3589780032634735,0.4540661871433258,0.0,0.0,0.0,-1.9621717929840088,1.4898419380187988,-0.3311215341091156
0.76,0.0,0.0,0.0,0.3744305670261383,0.09698591381311417,0.9497534036636353,0.0,0.0,0.0,-1.5181679725646973,1.3028254508972168,-0.14299854636192322
0.78,0.0,0.0,0.0,0.05672195926308632,-0.3438379764556885,1.3799818754196167,0.0,0.0,0.0,-1.6725040674209595,1.244768738746643,-0.09890390932559967
0.8,0.0,0.0,0.0,0.22762300074100494,-0.3321688175201416,1.4778555631637573,0.0,0.0,0.0,-1.75200617313385,1.2440837621688843,0.016336573287844658
0.8200000000000001,0.0,0.0,0.0,0.8642703890800476,-0.3049960136413574,1.2386560440063477,0.0,0.0,0.0,-1.9210902452468872,1.535698413848877,0.09530208259820938
0.84,0.0,0.0,0.0,0.6773079037666321,-0.2054181694984436,1.084694504737854,0.0,0.0,0.0,-1.7683947086334229,1.663205623626709,0.2961564362049103
0.86,0.0,0.0,0.0,-0.07647935301065445,-0.12085377424955368,0.909155547618866,0.0,0.0,0.0,-1.0821934938430786,1.4199135303497314,0.40741533041000366
0.88,0.0,0.0,0.0,-0.9803815484046936,-0.1614273637533188,0.7075625061988831,0.0,0.0,0.0,-0.7815194725990295,1.2246509790420532,0.4419572055339813
0.9,0.0,0.0,0.0,-1.8280025720596313,-0.23219791054725647,0.566218376159668,0.0,0.0,0.0,-0.5710138082504272,1.0582371950149536,0.5508654117584229
0.92,0.0,0.0,0.0,-2.2823266983032227,-0.25516819953918457,0.4358488917350769,0.0,0.0,0.0,-0.4161930978298187,0.9661670923233032,0.6206560134887695
0.9400000000000001,0.0,0.0,0.0,-2.42801833152771,-0.20002871751785278,0.34971433877944946,0.0,0.0,0.0,-0.18823258578777313,0.8922158479690552,0.7596302032470703
0.96,0.0,0.0,0.0,-2.5041990280151367,-0.08092162758111954,0.30985143780708313,0.0,0.0,0.0,-0.01825229823589325,0.8058587312698364,0.9147859811782837
0.98,0.0,0.0,0.0,-2.4378061294555664,0.03875945881009102,0.24554292857646942,0.0,0.0,0.0,-0.05452994629740715,0.7947942018508911,1.001301884651184
1.0,0.0,0.0,0.0,-2.1363306045532227,0.12270914018154144,0.11040779948234558,0.0,0.0,0.0,-0.060497332364320755,0.7184048295021057,1.051916480064392
1.02,0.0,0.0,0.0,-1.5918560028076172,0.17483988404273987,-0.0645582303404808,0.0,0.0,0.0,0.04478704556822777,0.5736402273178101,1.0926682949066162
1.04,0.0,0.0,0.0,-1.1144717931747437,0.198217511177063,-0.1905042976140976,0.0,0.0,0.0,0.16906937956809998,0.44896262884140015,1.1171565055847168
1.06,0.0,0.0,0.0,-0.7388893365859985,0.17158417403697968,-0.24238653481006622,0.0,0.0,0.0,0.4454953074455261,0.31333866715431213,1.079456090927124
1.08,0.0,0.0,0.0,-0.4726716876029968,0.11327002197504044,-0.20493024587631226,0.0,0.0,0.0,0.8642310500144958,0.18129175901412964,0.8898531198501587
1.1,0.0,0.0,0.0,-0.2782924771308899,0.047679927200078964,-0.1479056179523468,0.0,0.0,0.0,1.1638153791427612,-0.0176161490380764,0.6162181496620178
1.12,0.0,0.0,0.0,0.27990782260894775,-0.03033440373837948,-0.19108442962169647,0.0,0.0,0.0,1.0816024541854858,-0.258186012506485,0.30438730120658875
1.1400000000000001,0.0,0.0,0.0,1.081452488899231,0.05914243683218956,-0.1857212483882904,0.0,0.0,0.0,1.1613057851791382,-0.45601826906204224,0.0499911904335022
1.16,0.0,0.0,0.0,1.1165257692337036,0.06819923967123032,-0.03722936660051346,0.0,0.0,0.0,1.6475785970687866,-0.8076274394989014,-0.07691935449838638
1.18,0.0,0.0,0.0,0.5513496994972229,-0.06833158433437347,0.2435169219970703,0.0,0.0,0.0,2.3973398208618164,-0.9609422087669373,-0.32236799597740173
1.2,0.0,0.0,0.0,0.35186049342155457,-0.10808906704187393,0.5302064418792725,0.0,0.0,0.0,2.72900128364563,-0.9479711055755615,-0.44726884365081787
1.22,0.0,0.0,0.0,0.5506143569946289,0.06383019685745239,0.6455927491188049,0.0,0.0,0.0,2.7005679607391357,-0.9661813974380493,-0.4856647253036499
1.24,0.0,0.0,0.0,1.0101563930511475,0.3810901641845703,0.5499163866043091,0.0,0.0,0.0,2.3004798889160156,-1.0377172231674194,-0.39481502771377563
1.26,0.0,0.0,0.0,1.4437203407287598,0.7998194694519043,0.24932140111923218,0.0,0.0,0.0,1.4107418060302734,-1.184216856956482,-0.24975302815437317
1.28,0.0,0.0,0.0,0.8882007598876953,0.7514020800590515,0.18142488598823547,0.0,0.0,0.0,0.6912652850151062,-1.190578818321228,0.08458545804023743
1.3,0.0,0.0,0.0,0.3705207109451294,0.5291711688041687,0.10983570665121078,0.0,0.0,0.0,0.3959842920303345,-1.1984790563583374,0.17744910717010498
1.32,0.0,0.0,0.0,0.2722395062446594,0.33521533012390137,-0.06926265358924866,0.0,0.0,0.0,0.47727444767951965,-1.2521697282791138,0.10110348463058472
1.34,0.0,0.0,0.0,0.2682322561740875,0.23387303948402405,-0.13966575264930725,0.0,0.0,0.0,0.20270074903964996,-1.0581780672073364,0.11489573866128922
1.36,0.0,0.0,0.0,-0.06697513163089752,0.06326882541179657,-0.023129316046833992,0.0,0.0,0.0,-0.1676274985074997,-0.8557597994804382,0.14804604649543762
1.3800000000000001,0.0,0.0,0.0,0.061840467154979706,0.056138332933187485,0.10223658382892609,0.0,0.0,0.0,-0.40220877528190613,-0.7136353254318237,0.055534299463033676
1.4000000000000001,0.0,0.0,0.0,0.1932390183210373,0.0827990397810936,0.13602644205093384,0.0,0.0,0.0,-0.4473264813423157,-0.6559174060821533,-0.08820457756519318
1.42,0.0,0.0,0.0,0.2076791673898697,0.13228106498718262,0.09897665679454803,0.0,0.0,0.0,-0.4893866777420044,-0.5437051057815552,-0.23317359387874603
1.44,0.0,0.0,0.0,0.14725326001644135,0.07670875638723373,0.06252702325582504,0.0,0.0,0.0,-0.29596829414367676,-0.5350003242492676,-0.28802430629730225
1.46,0.0,0.0,0.0,0.08449232578277588,0.07453612238168716,0.06177789345383644,0.0,0.0,0.0,-0.17286090552806854,-0.45838281512260437,-0.2676267921924591
1.48,0.0,0.0,0.0,-0.04799370840191841,0.06069802865386009,0.07566054910421371,0.0,0.0,0.0,-0.04491433873772621,-0.3921922445297241,-0.215428426861763
1.5,0.0,0.0,0.0,-0.10992886126041412,0.061438314616680145,0.0909724086523056,0.0,0.0,0.0,-0.06968050450086594,-0.2918156385421753,-0.14606833457946777
1.52,0.0,0.0,0.0,-0.09829475730657578,0.05352160707116127,0.07015775889158249,0.0,0.0,0.0,-0.07786139100790024,-0.23078808188438416,-0.05899727717041969
1.54,0.0,0.0,0.0,-0.055690135806798935,0.0369911752641201,0.05745277926325798,0.0,0.0,0.0,-0.038325853645801544,-0.1793244630098343,0.0009145088260993361
1.56,0.0,0.0,0.0,-0.0012245282996445894,0.021953245624899864,0.04609919711947441,0.0,0.0,0.0,0.05763613060116768,-0.148403137922287,0.030989840626716614
1.58,0.0,0.0,0.0,0.022435637190937996,0.005997167434543371,0.03820430487394333,0.0,0.0,0.0,0.15109623968601227,-0.13060922920703888,0.026765402406454086
1.6,0.0,0.0,0.0,0.04114395007491112,-0.010080227628350258,0.02301722764968872,0.0,0.0,0.0,0.17843864858150482,-0.0724497139453888,-0.016434725373983383
1.62,0.0,0.0,0.0,0.04008718580007553,-0.023487452417612076,0.0022851598914712667,0.0,0.0,0.0,0.20858754217624664,0.002999007236212492,-0.08518832176923752
1.6400000000000001,0.0,0.0,0.0,0.02965242974460125,-0.034728169441223145,-0.022039294242858887,0.0,0.0,0.0,0.22926948964595795,0.09430629014968872,-0.17655161023139954
1.6600000000000001,0.0,0.0,0.0,0.10759298503398895,-0.03787346929311752,-0.08886014670133591,0.0,0.0,0.0,0.24621371924877167,0.17758838832378387,-0.3038240969181061
1.68,0.0,0.0,0.0,0.21891441941261292,-0.03331742063164711,-0.20211166143417358,0.0,0.0,0.0,0.24973668158054352,0.25698092579841614,-0.47061824798583984
1.7,0.0,0.0,0.0,0.36864057183265686,-0.0573463998734951,-0.3339907228946686,0.0,0.0,0.0,0.2309752255678177,0.3031003475189209,-0.6772249341011047
1.72,0.0,0.0,0.0,0.7884078621864319,-0.09252505004405975,-0.5207974314689636,0.0,0.0,0.0,0.02909875102341175,0.31641215085983276,-0.8473106622695923
1.74,0.0,0.0,0.0,1.0288496017456055,0.013524271547794342,-0.5701422095298767,0.0,0.0,0.0,-0.0474921353161335,0.4508328139781952,-0.8478501439094543
1.76,0.0,0.0,0.0,0.20890167355537415,0.011049501597881317,-0.46557146310806274,0.0,0.0,0.0,0.06375501304864883,0.3660062253475189,-0.83608078956604
1.78,0.0,0.0,0.0,0.3382833003997803,-0.11716660857200623,-0.5509743690490723,0.0,0.0,0.0,-0.3953399956226349,0.4158509075641632,-0.5721216201782227
1.8,0.0,0.0,0.0,-0.07321852445602417,-0.08612637966871262,-0.3856963813304901,0.0,0.0,0.0,-0.6747666597366333,0.6141093969345093,-0.4432114064693451
1.82,0.0,0.0,0.0,0.29028844833374023,-0.1095791906118393,-0.2683601975440979,0.0,0.0,0.0,-0.8478559851646423,0.7856830358505249,-0.39793860912323
1.84,0.0,0.0,0.0,0.404924601316452,-0.115837462246418,-0.2350926250219345,0.0,0.0,0.0,-1.5263724327087402,0.9390280842781067,-0.10696719586849213
1.86,0.0,0.0,0.0,-0.1477353274822235,-0.03667488694190979,0.020447907969355583,0.0,0.0,0.0,-1.3892929553985596,0.8883891701698303,0.1550203561782837
1.8800000000000001,0.0,0.0,0.0,-0.5582830309867859,0.065400630235672,0.35587623715400696,0.0,0.0,0.0,-0.8437356352806091,0.8201141357421875,0.2856667935848236
1.9000000000000001,0.0,0.0,0.0,-0.6024734973907471,-0.02119339071214199,0.6066408157348633,0.0,0.0,0.0,-0.3966626226902008,0.5872824192047119,0.5621227622032166
1.92,0.0,0.0,0.0,-0.5331919193267822,-0.13357330858707428,0.7448707222938538,0.0,0.0,0.0,-0.3344385027885437,0.5270915627479553,0.6979194283485413
1.94,0.0,0.0,0.0,-0.14320631325244904,-0.134857639670372,0.6797289848327637,0.0,0.0,0.0,0.014217592775821686,0.4221474528312683,0.7410756349563599
1.96,0.0,0.0,0.0,-0.1579321324825287,-0.10291765630245209,0.5835332274436951,0.0,0.0,0.0,0.27996379137039185,0.3642174005508423,0.6849066019058228
1.98,0.0,0.0,0.0,0.03247718885540962,-0.02372593618929386,0.48188266158103943,0.0,0.0,0.0,0.36617448925971985,0.32379093766212463,0.5130718946456909
2.0,0.0,0.0,0.0,0.08476867526769638,0.045281682163476944,0.4573771059513092,0.0,0.0,0.0,0.22448144853115082,0.3082939088344574,0.3897760808467865
2.02,0.0,0.0,0.0,-0.005353594198822975,0.10979413241147995,0.5436763167381287,0.0,0.0,0.0,0.3074159622192383,0.18337038159370422,0.4258776009082794
2.04,0.0,0.0,0.0,-0.2731790542602539,0.12428721785545349,0.673559308052063,0.0,0.0,0.0,0.40124234557151794,0.062473662197589874,0.5559970736503601
2.06,0.0,0.0,0.0,-0.4606049656867981,0.13955160975456238,0.7236339449882507,0.0,0.0,0.0,0.523973822593689,-0.02403096668422222,0.6704251170158386
2.08,0.0,0.0,0.0,-0.5866193771362305,0.1403903216123581,0.7366936206817627,0.0,0.0,0.0,0.6560483574867249,-0.0759168490767479,0.7769771814346313
2.1,0.0,0.0,0.0,-0.6444377899169922,0.07643304020166397,0.7297360897064209,0.0,0.0,0.0,0.8475173711776733,-0.18859267234802246,0.8338127732276917
2.12,0.0,0.0,0.0,-0.3889087438583374,-0.025390934199094772,0.6078799962997437,0.0,0.0,0.0,0.7829038500785828,-0.3237406313419342,0.8228358626365662
2.14,0.0,0.0,0.0,-0.04395335912704468,-0.1390484869480133,0.48357093334198,0.0,0.0,0.0,0.38223475217819214,-0.5863616466522217,0.8631928563117981
2.16,0.0,0.0,0.0,0.2213767021894455,-0.04272067919373512,0.46318963170051575,0.0,0.0,0.0,0.09805233031511307,-0.869672417640686,0.8940315842628479
2.18,0.0,0.0,0.0,0.19197936356067657,-0.0035865893587470055,0.350511372089386,0.0,0.0,0.0,0.15830880403518677,-1.051706075668335,0.872090756893158
2.2,0.0,0.0,0.0,0.25371676683425903,0.14166003465652466,0.22590556740760803,0.0,0.0,0.0,0.7434801459312439,-0.9067878127098083,0.5483298301696777
2.22,0.0,0.0,0.0,-0.05569984391331673,0.1559905856847763,0.16674885153770447,0.0,0.0,0.0,1.0491873025894165,-0.6245430707931519,0.3064040541648865
2.24,0.0,0.0,0.0,0.10114465653896332,0.310474693775177,0.10119101405143738,0.0,0.0,0.0,1.2630983591079712,-0.4471554458141327,0.15794356167316437
2.2600000000000002,0.0,0.0,0.0,0.04448291286826134,0.33564311265945435,0.1132635697722435,0.0,0.0,0.0,0.9100499153137207,-0.39581298828125,0.045769982039928436
2.2800000000000002,0.0,0.0,0.0,0.19794410467147827,0.33747991919517517,0.17543169856071472,0.0,0.0,0.0,0.27882421016693115,-0.5810756087303162,0.053252000361680984
2.3000000000000003,0.0,0.0,0.0,0.7132014632225037,0.46701687574386597,-0.06517858058214188,0.0,0.0,0.0,-0.3768230080604553,-0.6402158141136169,0.09544656425714493
2.32,0.0,0.0,0.0,0.2585225999355316,0.32214486598968506,-0.15239523351192474,0.0,0.0,0.0,-0.4023374915122986,-0.6449549794197083,-0.0324612595140934
2.34,0.0,0.0,0.0,-0.17785656452178955,0.14713655412197113,-0.1370486170053482,0.0,0.0,0.0,-0.04741672798991203,-0.5903555750846863,-0.18040111660957336
2.36,0.0,0.0,0.0,0.04995878413319588,0.16044928133487701,-0.17462816834449768,0.0,0.0,0.0,-0.038641463965177536,-0.4699893891811371,-0.29783618450164795
2.38,0.0,0.0,0.0,0.05199781432747841,0.23096764087677002,-0.20221158862113953,0.0,0.0,0.0,0.12066690623760223,-0.3466140031814575,-0.3950323164463043
2.4,0.0,0.0,0.0,-0.218872532248497,0.014601347036659718,-0.11923544853925705,0.0,0.0,0.0,0.3619144856929779,-0.3570946455001831,-0.3714843690395355
2.42,0.0,0.0,0.0,0.35369110107421875,0.1548839956521988,-0.2779442071914673,0.0,0.0,0.0,0.1665748655796051,-0.2817828953266144,-0.3271053433418274
2.44,0.0,0.0,0.0,0.12486892938613892,0.07984782755374908,-0.29669585824012756,0.0,0.0,0.0,0.3169440031051636,-0.2993832528591156,-0.17383798956871033
2.46,0.0,0.0,0.0,0.17817729711532593,0.05256370082497597,-0.27812400460243225,0.0,0.0,0.0,0.2977127730846405,-0.2621096670627594,-0.06797531247138977
2.48,0.0,0.0,0.0,0.21073269844055176,0.03331640362739563,-0.23660396039485931,0.0,0.0,0.0,0.22128601372241974,-0.2896933853626251,0.07155829668045044
2.5,0.0,0.0,0.0,0.1346651017665863,0.006359756458550692,-0.14340782165527344,0.0,0.0,0.0,0.24000957608222961,-0.26020312309265137,0.15351007878780365
2.52,0.0,0.0,0.0,0.10560622811317444,-0.01167810708284378,-0.0654875636100769,0.0,0.0,0.0,0.16386397182941437,-0.21119627356529236,0.2176530510187149
2.54,0.0,0.0,0.0,0.04539410024881363,-0.030474403873085976,-0.022918250411748886,0.0,0.0,0.0,0.004466968588531017,-0.13954412937164307,0.23801136016845703
2.56,0.0,0.0,0.0,-0.00038149263127706945,-0.067894347012043,-0.021579362452030182,0.0,0.0,0.0,-0.11144278198480606,-0.07609252631664276,0.20050740242004395
2.58,0.0,0.0,0.0,0.022480010986328125,-0.10160131752490997,-0.07331734895706177,0.0,0.0,0.0,-0.25940439105033875,0.0028894105926156044,0.10218233615159988
2.6,0.0,0.0,0.0,-0.0223983321338892,-0.15849052369594574,-0.1349957287311554,0.0,0.0,0.0,-0.3659920394420624,0.08103163540363312,-0.0202681515365839
2.62,0.0,0.0,0.0,-0.06309395283460617,-0.20938433706760406,-0.22493329644203186,0.0,0.0,0.0,-0.44445839524269104,0.17466427385807037,-0.17657822370529175
2.64,0.0,0.0,0.0,-0.0928032398223877,-0.246637225151062,-0.338803231716156,0.0,0.0,0.0,-0.47773000597953796,0.2678568661212921,-0.35107049345970154
2.66,0.0,0.0,0.0,-0.12986859679222107,-0.27005210518836975,-0.478300005197525,0.0,0.0,0.0,-0.42944350838661194,0.3671359717845917,-0.5553762316703796
2.68,0.0,0.0,0.0,0.003888862207531929,-0.26217934489250183,-0.6613426208496094,0.0,0.0,0.0,-0.30926936864852905,0.4518904685974121,-0.7526848316192627
2.7,0.0,0.0,0.0,0.5090760588645935,-0.1725214570760727,-0.9066532850265503,0.0,0.0,0.0,-0.17989481985569,0.5981379151344299,-0.9165460467338562
2.72,0.0,0.0,0.0,0.5492628812789917,-0.07430078834295273,-1.0079773664474487,0.0,0.0,0.0,-0.11216550320386887,0.7478808164596558,-0.8884153962135315
2.74,0.0,0.0,0.0,-0.2066980004310608,-0.11854404956102371,-0.8994482159614563,0.0,0.0,0.0,-0.3785410225391388,0.8070149421691895,-0.941163957118988
2.7600000000000002,0.0,0.0,0.0,-0.47445157170295715,-0.11704040318727493,-0.7387961149215698,0.0,0.0,0.0,-0.93996262550354,0.7857416868209839,-0.989286482334137
2.7800000000000002,0.0,0.0,0.0,-0.07040248811244965,-0.02002154104411602,-0.5668781399726868,0.0,0.0,0.0,-1.2624815702438354,0.9774760007858276,-0.7668125033378601
2.8000000000000003,0.0,0.0,0.0,-0.3544883131980896,-0.0036764517426490784,-0.3685714900493622,0.0,0.0,0.0,-0.41591617465019226,0.7478861808776855,-0.6923723816871643
2.82,0.0,0.0,0.0,-0.0584370456635952,-0.08700115978717804,-0.18060852587223053,0.0,0.0,0.0,-1.1836920976638794,0.7556836605072021,-0.5519760251045227
2.84,0.0,0.0,0.0,-0.05268990248441696,-0.12650524079799652,-0.08353699743747711,0.0,0.0,0.0,-1.5583434104919434,0.8204018473625183,-0.35496753454208374
2.86,0.0,0.0,0.0,-0.4026908278465271,-0.18799351155757904,0.10340793430805206,0.0,0.0,0.0,-1.1617586612701416,0.7321783900260925,-0.25558701157569885
2.88,0.0,0.0,0.0,-0.7173408269882202,-0.2496301531791687,0.4051957130432129,0.0,0.0,0.0,-0.7853391170501709,0.7474589943885803,-0.11098287999629974
2.9,0.0,0.0,0.0,-0.3992762863636017,-0.19451652467250824,0.5361769199371338,0.0,0.0,0.0,-0.12046974897384644,0.5694894790649414,0.13098660111427307
2.92,0.0,0.0,0.0,-0.2085086703300476,-0.20791296660900116,0.6395795941352844,0.0,0.0,0.0,0.10024896264076233,0.401650607585907,0.28605133295059204
2.94,0.0,0.0,0.0,0.17481140792369843,-0.1884375661611557,0.606986939907074,0.0,0.0,0.0,0.08953043818473816,0.27427294850349426,0.3466982841491699
2.96,0.0,0.0,0.0,0.3722986876964569,-0.09215153753757477,0.49738049507141113,0.0,0.0,0.0,0.18107421696186066,0.1540035605430603,0.3055468797683716
2.98,0.0,0.0,0.0,0.3381919860839844,0.02491859719157219,0.4536070227622986,0.0,0.0,0.0,0.4394252896308899,0.014919556677341461,0.20528671145439148
3.0,0.0,0.0,0.0,0.4163207411766052,0.12118043750524521,0.4213915467262268,0.0,0.0,0.0,0.4301601052284241,-0.04467781260609627,0.1387953758239746
3.02,0.0,0.0,0.0,0.44377803802490234,0.19665493071079254,0.42556753754615784,0.0,0.0,0.0,0.4411025047302246,-0.08110837638378143,0.21633289754390717
3.04,0.0,0.0,0.0,0.1659652292728424,0.2216428965330124,0.5459030866622925,0.0,0.0,0.0,0.5378352999687195,-0.09626143425703049,0.4024316966533661
3.06,0.0,0.0,0.0,-0.04609786719083786,0.24691468477249146,0.6427807807922363,0.0,0.0,0.0,0.6054315567016602,-0.09032154083251953,0.5774559378623962
3.08,0.0,0.0,0.0,-0.1998175084590912,0.26818200945854187,0.6876489520072937,0.0,0.0,0.0,0.6768067479133606,-0.08102155476808548,0.6984133124351501
3.1,0.0,0.0,0.0,-0.36256110668182373,0.2561035752296448,0.7273039817810059,0.0,0.0,0.0,0.761631429195404,-0.08054604381322861,0.7824884057044983
3.12,0.0,0.0,0.0,-0.501855194568634,0.1933785229921341,0.7589650750160217,0.0,0.0,0.0,0.8300418853759766,-0.14096227288246155,0.8836895823478699
3.14,0.0,0.0,0.0,-0.35649752616882324,0.09848116338253021,0.6883544921875,0.0,0.0,0.0,0.7965633869171143,-0.3004811108112335,0.9376213550567627
3.16,0.0,0.0,0.0,-0.03061644732952118,-0.019137820228934288,0.5642267465591431,0.0,0.0,0.0,0.3395651578903198,-0.579896092414856,0.9816375374794006
3.18,0.0,0.0,0.0,0.16040214896202087,0.0726981982588768,0.5226045250892639,0.0,0.0,0.0,-0.23440539836883545,-0.8223991394042969,0.9696485996246338
3.2,0.0,0.0,0.0,-0.16112375259399414,0.030502108857035637,0.4572528898715973,0.0,0.0,0.0,-0.17438699305057526,-0.9787042140960693,0.9343926906585693
3.22,0.0,0.0,0.0,-0.11407951265573502,0.07711059600114822,0.3312915861606598,0.0,0.0,0.0,0.6384474039077759,-0.8419298529624939,0.6903678178787231
3.24,0.0,0.0,0.0,-0.1829996109008789,0.10234279930591583,0.26068004965782166,0.0,0.0,0.0,0.899669885635376,-0.5992813110351562,0.6506249308586121
3.2600000000000002,0.0,0.0,0.0,0.07459480315446854,0.26921290159225464,0.22991330921649933,0.0,0.0,0.0,1.1252329349517822,-0.41183775663375854,0.5192607641220093
3.2800000000000002,0.0,0.0,0.0,0.20205101370811462,0.29868391156196594,0.20102782547473907,0.0,0.0,0.0,0.5697835087776184,-0.4035424590110779,0.3183574080467224
3.3000000000000003,0.0,0.0,0.0,0.3396974503993988,0.28481268882751465,0.17580796778202057,0.0,0.0,0.0,-0.3109579086303711,-0.5437368750572205,0.11467091739177704
3.3200000000000003,0.0,0.0,0.0,0.5386279821395874,0.33330944180488586,-0.058724019676446915,0.0,0.0,0.0,-0.9379390478134155,-0.5623589754104614,-0.08590786159038544
3.34,0.0,0.0,0.0,-0.12605713307857513,0.07745655626058578,-0.0875670462846756,0.0,0.0,0.0,-0.5482614636421204,-0.5486221313476562,-0.23099207878112793
3.36,0.0,0.0,0.0,0.04628586769104004,0.10433805733919144,-0.21348091959953308,0.0,0.0,0.0,-0.20772875845432281,-0.5121369361877441,-0.39751362800598145
3.38,0.0,0.0,0.0,-0.11542954295873642,0.13973896205425262,-0.19257105886936188,0.0,0.0,0.0,-0.022861937060952187,-0.4476405084133148,-0.4648958742618561
3.4,0.0,0.0,0.0,-0.27735552191734314,0.0023971141781657934,-0.16874241828918457,0.0,0.0,0.0,0.19227741658687592,-0.40355172753334045,-0.5177336931228638
3.42,0.0,0.0,0.0,0.01890995353460312,0.04993782192468643,-0.23594483733177185,0.0,0.0,0.0,0.32369667291641235,-0.3572539687156677,-0.5163577795028687
3.44,0.0,0.0,0.0,0.1004616916179657,0.052803829312324524,-0.29381856322288513,0.0,0.0,0.0,0.3095051646232605,-0.3071862459182739,-0.430934876203537
3.46,0.0,0.0,0.0,0.056348782032728195,0.008491328917443752,-0.27030283212661743,0.0,0.0,0.0,0.37258756160736084,-0.26940590143203735,-0.29621633887290955
3.48,0.0,0.0,0.0,0.020772086456418037,-0.03408689796924591,-0.21808896958827972,0.0,0.0,0.0,0.322587788105011,-0.272352010011673,-0.16485470533370972
3.5,0.0,0.0,0.0,0.04543280601501465,-0.04366958513855934,-0.14622043073177338,0.0,0.0,0.0,0.2873046398162842,-0.25549811124801636,-0.08579127490520477
3.52,0.0,0.0,0.0,-0.009957199916243553,-0.05631563067436218,-0.07459626346826553,0.0,0.0,0.0,0.2639699876308441,-0.21829412877559662,-0.014635594561696053
3.54,0.0,0.0,0.0,-0.06832201033830643,-0.06580115854740143,-0.03804109990596771,0.0,0.0,0.0,0.16909559071063995,-0.16476625204086304,0.036152392625808716
3.56,0.0,0.0,0.0,-0.09196171164512634,-0.07497982680797577,-0.05366169661283493,0.0,0.0,0.0,0.03791557252407074,-0.10818493366241455,0.04427310824394226
3.58,0.0,0.0,0.0,-0.14244425296783447,-0.10838612914085388,-0.09799419343471527,0.0,0.0,0.0,-0.09549959003925323,-0.04019315913319588,0.005661041010171175
3.6,0.0,0.0,0.0,-0.17957183718681335,-0.14387203752994537,-0.17506036162376404,0.0,0.0,0.0,-0.20512735843658447,0.04450115188956261,-0.07744903862476349
3.62,0.0,0.0,0.0,-0.2073962539434433,-0.1799241453409195,-0.292401522397995,0.0,0.0,0.0,-0.27739089727401733,0.13658855855464935,-0.19912047684192657
3.64,0.0,0.0,0.0,-0.23689188063144684,-0.22056803107261658,-0.4498060643672943,0.0,0.0,0.0,-0.34508708119392395,0.2428056299686432,-0.35426440834999084
3.66,0.0,0.0,0.0,-0.23498262465000153,-0.25264546275138855,-0.6273374557495117,0.0,0.0,0.0,-0.3474746644496918,0.36634862422943115,-0.5425317883491516
3.68,0.0,0.0,0.0,-0.027512509375810623,-0.24096405506134033,-0.8289056420326233,0.0,0.0,0.0,-0.24044804275035858,0.4585724472999573,-0.730883002281189
3.7,0.0,0.0,0.0,0.4505215585231781,-0.15884831547737122,-1.080737829208374,0.0,0.0,0.0,-0.15181481838226318,0.521726667881012,-0.8901012539863586
3.72,0.0,0.0,0.0,0.8234238624572754,-0.0729643851518631,-1.2943377494812012,0.0,0.0,0.0,-0.17735449969768524,0.6834871172904968,-0.8099892735481262
3.74,0.0,0.0,0.0,0.1748761087656021,-0.15889611840248108,-1.1487581729888916,0.0,0.0,0.0,-0.5889721512794495,0.8029321432113647,-0.7965665459632874
3.7600000000000002,0.0,0.0,0.0,-0.2112111896276474,-0.1802631914615631,-0.9688418507575989,0.0,0.0,0.0,-0.804624617099762,0.8034862279891968,-0.9110204577445984
3.7800000000000002,0.0,0.0,0.0,0.12034287303686142,-0.05262100324034691,-0.7650800347328186,0.0,0.0,0.0,-0.9628267884254456,0.997277557849884,-0.800794243812561
3.8000000000000003,0.0,0.0,0.0,-0.2102801650762558,-0.07802172005176544,-0.6053051948547363,0.0,0.0,0.0,-0.44458040595054626,0.8325539231300354,-0.7878867983818054
3.8200000000000003,0.0,0.0,0.0,0.1905279904603958,-0.12049998342990875,-0.3993561863899231,0.0,0.0,0.0,-1.422825574874878,0.8448288440704346,-0.6338862180709839
3.84,0.0,0.0,0.0,0.1803930699825287,-0.10892362892627716,-0.21883966028690338,0.0,0.0,0.0,-1.6622155904769897,0.8686429262161255,-0.4354247450828552
3.86,0.0,0.0,0.0,-0.06771419197320938,-0.12428420037031174,-0.017560366541147232,0.0,0.0,0.0,-1.2440814971923828,0.7832717895507812,-0.32485759258270264
3.88,0.0,0.0,0.0,-0.3929639458656311,-0.1682274490594864,0.29945892095565796,0.0,0.0,0.0,-0.7536875009536743,0.7689356207847595,-0.15622058510780334
3.9,0.0,0.0,0.0,-0.2612193524837494,-0.10490398108959198,0.49679601192474365,0.0,0.0,0.0,-0.050138410180807114,0.5734667778015137,0.07949535548686981
3.92,0.0,0.0,0.0,-0.2803715765476227,-0.16096043586730957,0.6921581625938416,0.0,0.0,0.0,0.2717835605144501,0.3607807457447052,0.24825593829154968
3.94,0.0,0.0,0.0,0.013857045210897923,-0.13916508853435516,0.6805820465087891,0.0,0.0,0.0,0.40711039304733276,0.18374621868133545,0.30187568068504333
3.96,0.0,0.0,0.0,0.17786437273025513,-0.04485877603292465,0.5746040940284729,0.0,0.0,0.0,0.5052353143692017,0.051719918847084045,0.287651002407074
3.98,0.0,0.0,0.0,0.16802409291267395,0.05267064645886421,0.5181382894515991,0.0,0.0,0.0,0.7285448908805847,-0.10311407595872879,0.22950954735279083
4.0,0.0,0.0,0.0,0.30380088090896606,0.15612481534481049,0.4797174036502838,0.0,0.0,0.0,0.6579228639602661,-0.1238807663321495,0.18578693270683289
4.0200000000000005,0.0,0.0,0.0,0.23507438600063324,0.18154078722000122,0.5274454355239868,0.0,0.0,0.0,0.6721575260162354,-0.12990733981132507,0.27245795726776123
4.04,0.0,0.0,0.0,0.10524190217256546,0.20370954275131226,0.6064723134040833,0.0,0.0,0.0,0.7023094296455383,-0.1446370631456375,0.4318307340145111
4.0600000000000005,0.0,0.0,0.0,-0.09966501593589783,0.23147353529930115,0.6543764472007751,0.0,0.0,0.0,0.685490608215332,-0.1325579285621643,0.5839641094207764
4.08,0.0,0.0,0.0,-0.36394643783569336,0.2215266078710556,0.6938413977622986,0.0,0.0,0.0,0.7787070274353027,-0.13680794835090637,0.6831697821617126
4.1,0.0,0.0,0.0,-0.531639575958252,0.1842108517885208,0.7174071073532104,0.0,0.0,0.0,0.8458827137947083,-0.15512073040008545,0.7583857178688049
4.12,0.0,0.0,0.0,-0.443270206451416,0.13468092679977417,0.6563231348991394,0.0,0.0,0.0,0.852379560470581,-0.25226035714149475,0.8422771096229553
4.14,0.0,0.0,0.0,-0.23310153186321259,0.012792780064046383,0.553320586681366,0.0,0.0,0.0,0.6239250898361206,-0.4171396791934967,0.9118303656578064
4.16,0.0,0.0,0.0,0.037923913449048996,-0.14505915343761444,0.4823795258998871,0.0,0.0,0.0,0.13938459753990173,-0.7011148929595947,1.0082345008850098
4.18,0.0,0.0,0.0,0.408864289522171,0.16337651014328003,0.40586668252944946,0.0,0.0,0.0,-0.14959990978240967,-0.849371075630188,0.9486522078514099
4.2,0.0,0.0,0.0,-0.3249855935573578,-0.08718607574701309,0.5094996094703674,0.0,0.0,0.0,0.10661158710718155,-0.9476561546325684,0.8289459943771362
4.22,0.0,0.0,0.0,-0.15074703097343445,0.06270359456539154,0.3080853819847107,0.0,0.0,0.0,0.5942173004150391,-0.7219934463500977,0.5912154912948608
4.24,0.0,0.0,0.0,-0.28254514932632446,0.12333963066339493,0.10279455780982971,0.0,0.0,0.0,0.9001917243003845,-0.5234259963035583,0.554193913936615
4.26,0.0,0.0,0.0,-0.32714733481407166,0.17773646116256714,0.08607438206672668,0.0,0.0,0.0,0.9448190331459045,-0.3385748565196991,0.39942359924316406
4.28,0.0,0.0,0.0,0.09755504131317139,0.27379244565963745,0.054048869758844376,0.0,0.0,0.0,0.3076852858066559,-0.37157201766967773,0.1569046527147293
4.3,0.0,0.0,0.0,0.30710333585739136,0.2765375077724457,0.008933835662901402,0.0,0.0,0.0,-0.45067164301872253,-0.5422769784927368,0.003742361906915903
4.32,0.0,0.0,0.0,0.5080906748771667,0.28765517473220825,-0.17400573194026947,0.0,0.0,0.0,-0.9407520294189453,-0.5720370411872864,-0.1820935308933258
4.34,0.0,0.0,0.0,-0.05899796262383461,0.13271485269069672,-0.2069837898015976,0.0,0.0,0.0,-0.5996595621109009,-0.5401708483695984,-0.32372695207595825
4.36,0.0,0.0,0.0,-0.09434965997934341,0.08238764852285385,-0.23221518099308014,0.0,0.0,0.0,-0.12614473700523376,-0.4956056773662567,-0.45387697219848633
4.38,0.0,0.0,0.0,0.026839103549718857,0.08664685487747192,-0.2211359292268753,0.0,0.0,0.0,-0.037515006959438324,-0.42503485083580017,-0.500697910785675
4.4,0.0,0.0,0.0,-0.04192546382546425,0.10513635724782944,-0.18977360427379608,0.0,0.0,0.0,0.09926401078701019,-0.33628615736961365,-0.5680658221244812
4.42,0.0,0.0,0.0,-0.14230802655220032,0.017121242359280586,-0.15533557534217834,0.0,0.0,0.0,0.19621020555496216,-0.32846003770828247,-0.5953927636146545
4.44,0.0,0.0,0.0,0.0806502029299736,0.044931575655937195,-0.22141198813915253,0.0,0.0,0.0,0.2413131296634674,-0.3082161843776703,-0.5457026362419128
4.46,0.0,0.0,0.0,0.07495958358049393,0.014417525380849838,-0.2607276737689972,0.0,0.0,0.0,0.2614968419075012,-0.268402099609375,-0.42808812856674194
4.48,0.0,0.0,0.0,0.04684871807694435,-0.03154493868350983,-0.20361994206905365,0.0,0.0,0.0,0.28637486696243286,-0.2331458032131195,-0.3145121932029724
4.5,0.0,0.0,0.0,0.1000274047255516,-0.034401845186948776,-0.16893771290779114,0.0,0.0,0.0,0.23768335580825806,-0.23513150215148926,-0.19512376189231873
4.5200000000000005,0.0,0.0,0.0,0.03628220781683922,-0.04806177318096161,-0.10875807702541351,0.0,0.0,0.0,0.19760408997535706,-0.2001556158065796,-0.09133490920066833
4.54,0.0,0.0,0.0,-0.05946118012070656,-0.06377826631069183,-0.05516533926129341,0.0,0.0,0.0,0.15724633634090424,-0.14339932799339294,-0.005350097082555294
4.5600000000000005,0.0,0.0,0.0,-0.09983468055725098,-0.07285647839307785,-0.043232984840869904,0.0,0.0,0.0,0.07669578492641449,-0.09666551649570465,0.05243907868862152
4.58,0.0,0.0,0.0,-0.1422080248594284,-0.09317634999752045,-0.06925690919160843,0.0,0.0,0.0,-0.04076700285077095,-0.03410040959715843,0.05732893571257591
4.6000000000000005,0.0,0.0,0.0,-0.22570621967315674,-0.1365998536348343,-0.1231003999710083,0.0,0.0,0.0,-0.12907202541828156,0.04593455046415329,0.012288597412407398
4.62,0.0,0.0,0.0,-0.26634231209754944,-0.17015913128852844,-0.22050587832927704,0.0,0.0,0.0,-0.1929561197757721,0.140822172164917,-0.08228028565645218
4.64,0.0,0.0,0.0,-0.30327656865119934,-0.21058179438114166,-0.35947370529174805,0.0,0.0,0.0,-0.24869228899478912,0.24595031142234802,-0.2137557417154312
4.66,0.0,0.0,0.0,-0.2779940068721771,-0.2395666390657425,-0.5285766124725342,0.0,0.0,0.0,-0.26790356636047363,0.36285871267318726,-0.37925928831100464
4.68,0.0,0.0,0.0,-0.07543056458234787,-0.2248968929052353,-0.7322152256965637,0.0,0.0,0.0,-0.18974542617797852,0.4593302607536316,-0.5831560492515564
4.7,0.0,0.0,0.0,0.3900766968727112,-0.16536566615104675,-0.9977566003799438,0.0,0.0,0.0,-0.17461475729942322,0.4863816201686859,-0.7512612342834473
4.72,0.0,0.0,0.0,1.0432885885238647,-0.05619632080197334,-1.326228380203247,0.0,0.0,0.0,-0.21654467284679413,0.7089276909828186,-0.7711213231086731
4.74,0.0,0.0,0.0,0.5453755259513855,-0.1088353767991066,-1.24544358253479,0.0,0.0,0.0,-0.3218173384666443,0.7205619215965271,-0.769509494304657
4.76,0.0,0.0,0.0,0.4064089059829712,-0.09658342599868774,-1.1873449087142944,0.0,0.0,0.0,-0.5430521965026855,0.8089147210121155,-0.8499278426170349
4.78,0.0,0.0,0.0,0.07551862299442291,-0.08207372575998306,-0.8572784662246704,0.0,0.0,0.0,-0.7166693210601807,1.0156277418136597,-0.742839515209198
4.8,0.0,0.0,0.0,-0.1072036400437355,-0.06991489976644516,-0.701428234577179,0.0,0.0,0.0,-0.2877783477306366,0.8377935886383057,-0.7257468104362488
4.82,0.0,0.0,0.0,0.09297188371419907,-0.09174715727567673,-0.46680229902267456,0.0,0.0,0.0,-0.8979303240776062,0.8362413644790649,-0.6636784076690674
4.84,0.0,0.0,0.0,0.15631762146949768,-0.12059497833251953,-0.2219417691230774,0.0,0.0,0.0,-1.431349515914917,0.9208987951278687,-0.4312220513820648
4.86,0.0,0.0,0.0,0.022798018530011177,-0.12506549060344696,-0.022593043744564056,0.0,0.0,0.0,-1.3453646898269653,0.8643960952758789,-0.2388090044260025
4.88,0.0,0.0,0.0,-0.30600544810295105,-0.10681820660829544,0.28222185373306274,0.0,0.0,0.0,-0.797665536403656,0.7550321221351624,-0.08853158354759216
4.9,0.0,0.0,0.0,-0.3800469934940338,-0.07880155742168427,0.5428159236907959,0.0,0.0,0.0,-0.3046342432498932,0.6373813152313232,0.10113921761512756
4.92,0.0,0.0,0.0,-0.33638450503349304,-0.12571540474891663,0.7264299392700195,0.0,0.0,0.0,0.1213863417506218,0.43834370374679565,0.2720889747142792
4.94,0.0,0.0,0.0,-0.04546520486474037,-0.16970889270305634,0.7411192655563354,0.0,0.0,0.0,0.29842859506607056,0.23178759217262268,0.31562110781669617
4.96,0.0,0.0,0.0,0.2369924932718277,-0.08127077668905258,0.6251370310783386,0.0,0.0,0.0,0.3796707093715668,0.1116090640425682,0.28462472558021545
4.98,0.0,0.0,0.0,0.16213785111904144,-0.005615054164081812,0.5669336915016174,0.0,0.0,0.0,0.5428578853607178,-0.004900417290627956,0.25954899191856384
5.0,0.0,0.0,0.0,0.31359028816223145,0.10098078101873398,0.5368798971176147,0.0,0.0,0.0,0.6723985075950623,-0.09004423022270203,0.22085441648960114
5.0200000000000005,0.0,0.0,0.0,0.20882470905780792,0.1345517933368683,0.6029719114303589,0.0,0.0,0.0,0.6943603754043579,-0.10833246260881424,0.25274038314819336
5.04,0.0,0.0,0.0,0.07823586463928223,0.16533438861370087,0.694894552230835,0.0,0.0,0.0,0.7773365378379822,-0.1646430939435959,0.38203901052474976
5.0600000000000005,0.0,0.0,0.0,-0.14216947555541992,0.1935221254825592,0.7404881715774536,0.0,0.0,0.0,0.7926115989685059,-0.18627598881721497,0.5085326433181763
5.08,0.0,0.0,0.0,-0.40066641569137573,0.18283207714557648,0.7444173097610474,0.0,0.0,0.0,0.8695158958435059,-0.20204512774944305,0.5724478960037231
5.1000000000000005,0.0,0.0,0.0,-0.526222825050354,0.1419433206319809,0.7121741771697998,0.0,0.0,0.0,0.9795627593994141,-0.2678954303264618,0.6260812282562256
5.12,0.0,0.0,0.0,-0.35299527645111084,0.06910973787307739,0.6107674837112427,0.0,0.0,0.0,0.8773743510246277,-0.3734983503818512,0.6811527609825134
5.14,0.0,0.0,0.0,-0.11007842421531677,-0.06818260252475739,0.5093082785606384,0.0,0.0,0.0,0.6269130110740662,-0.5844895839691162,0.7545475363731384
5.16,0.0,0.0,0.0,-0.07139001041650772,-0.24426542222499847,0.5274991393089294,0.0,0.0,0.0,-0.026844996958971024,-0.8729445934295654,0.8688123822212219
5.18,0.0,0.0,0.0,0.20702649652957916,0.08725098520517349,0.44977840781211853,0.0,0.0,0.0,-0.1078454852104187,-1.0212396383285522,0.7746202349662781
5.2,0.0,0.0,0.0,-0.39176011085510254,-0.12175796180963516,0.42985308170318604,0.0,0.0,0.0,0.3010690212249756,-1.0424154996871948,0.6722890138626099
5.22,0.0,0.0,0.0,-0.16397406160831451,0.07269536703824997,0.23812207579612732,0.0,0.0,0.0,0.36452415585517883,-0.7539780735969543,0.5193613767623901
5.24,0.0,0.0,0.0,-0.12018460780382156,0.18793869018554688,0.15555033087730408,0.0,0.0,0.0,0.9965967535972595,-0.4933047294616699,0.46384817361831665
5.26,0.0,0.0,0.0,-0.2250816375017166,0.2225470244884491,0.14094281196594238,0.0,0.0,0.0,0.719270646572113,-0.29471680521965027,0.33829134702682495
5.28,0.0,0.0,0.0,0.13655994832515717,0.2865358293056488,0.10361308604478836,0.0,0.0,0.0,0.22050948441028595,-0.3624051511287689,0.15504463016986847
5.3,0.0,0.0,0.0,0.305049866437912,0.30835697054862976,0.0042655873112380505,0.0,0.0,0.0,-0.632848858833313,-0.43505430221557617,0.0398281030356884
5.32,0.0,0.0,0.0,0.3860360383987427,0.29893606901168823,-0.19453763961791992,0.0,0.0,0.0,-0.8577010035514832,-0.46365681290626526,-0.09098374098539352
5.34,0.0,0.0,0.0,-0.09529813379049301,0.16352705657482147,-0.2400011271238327,0.0,0.0,0.0,-0.6012534499168396,-0.4484873116016388,-0.18948209285736084
5.36,0.0,0.0,0.0,-0.1268695741891861,0.11334489285945892,-0.24852970242500305,0.0,0.0,0.0,-0.25403228402137756,-0.42133861780166626,-0.3365417718887329
5.38,0.0,0.0,0.0,-0.10029280185699463,0.10164199024438858,-0.20741568505764008,0.0,0.0,0.0,-0.2185383439064026,-0.35383644700050354,-0.4416111409664154
5.4,0.0,0.0,0.0,-0.14164002239704132,0.1088002398610115,-0.197544664144516,0.0,0.0,0.0,-0.0025385734625160694,-0.2815991938114166,-0.5459852814674377
5.42,0.0,0.0,0.0,-0.2258373647928238,0.013458473607897758,-0.1732099950313568,0.0,0.0,0.0,0.13572350144386292,-0.2865632176399231,-0.5106952786445618
5.44,0.0,0.0,0.0,0.06531479209661484,0.033991739153862,-0.27004942297935486,0.0,0.0,0.0,0.16425779461860657,-0.24772757291793823,-0.4612620174884796
5.46,0.0,0.0,0.0,0.02255525253713131,-0.019273806363344193,-0.2777673304080963,0.0,0.0,0.0,0.2090202271938324,-0.23313257098197937,-0.3495630919933319
5.48,0.0,0.0,0.0,-0.017693445086479187,-0.07617032527923584,-0.22214375436306,0.0,0.0,0.0,0.18818399310112,-0.20597456395626068,-0.23844853043556213
5.5,0.0,0.0,0.0,0.1014246717095375,-0.07056140154600143,-0.18727678060531616,0.0,0.0,0.0,0.15950916707515717,-0.19160133600234985,-0.15557126700878143
5.5200000000000005,0.0,0.0,0.0,-0.010145792737603188,-0.08585069328546524,-0.10717083513736725,0.0,0.0,0.0,0.16071872413158417,-0.1566871851682663,-0.05304666608572006
5.54,0.0,0.0,0.0,-0.08621995896100998,-0.09238851070404053,-0.05701703578233719,0.0,0.0,0.0,0.1128731518983841,-0.10520235449075699,0.03854624554514885
5.5600000000000005,0.0,0.0,0.0,-0.07710753381252289,-0.08521370589733124,-0.06571827828884125,0.0,0.0,0.0,0.02130841091275215,-0.059975288808345795,0.08610840141773224
5.58,0.0,0.0,0.0,-0.1450025737285614,-0.10755199939012527,-0.09021562337875366,0.0,0.0,0.0,-0.0744040235877037,-0.0013016187585890293,0.083193339407444
5.6000000000000005,0.0,0.0,0.0,-0.17360855638980865,-0.13244639337062836,-0.15536749362945557,0.0,0.0,0.0,-0.16487471759319305,0.08248303830623627,0.024704907089471817
5.62,0.0,0.0,0.0,-0.23309722542762756,-0.1731364130973816,-0.24662484228610992,0.0,0.0,0.0,-0.23160499334335327,0.17262473702430725,-0.07653238624334335
5.64,0.0,0.0,0.0,-0.2716423273086548,-0.21743477880954742,-0.3711036443710327,0.0,0.0,0.0,-0.30069786310195923,0.2702135741710663,-0.21099916100502014
5.66,0.0,0.0,0.0,-0.17039869725704193,-0.22331348061561584,-0.5467430949211121,0.0,0.0,0.0,-0.3484349548816681,0.3805505633354187,-0.3772715628147125
5.68,0.0,0.0,0.0,0.03673640638589859,-0.2105775773525238,-0.7637064456939697,0.0,0.0,0.0,-0.212429478764534,0.4636863172054291,-0.5713372826576233
5.7,0.0,0.0,0.0,0.5187678337097168,-0.13270516693592072,-1.0269190073013306,0.0,0.0,0.0,-0.1018679141998291,0.5463994145393372,-0.7621005773544312
5.72,0.0,0.0,0.0,0.9261231422424316,-0.0757201537489891,-1.2995686531066895,0.0,0.0,0.0,-0.06533936411142349,0.693776547908783,-0.7476990818977356
5.74,0.0,0.0,0.0,0.575298547744751,-0.09149567782878876,-1.215506672859192,0.0,0.0,0.0,-0.3621939718723297,0.8158569931983948,-0.7464596629142761
5.76,0.0,0.0,0.0,0.060569923371076584,-0.09053600579500198,-1.0414434671401978,0.0,0.0,0.0,-0.5100193023681641,0.8146901726722717,-0.8590133190155029
5.78,0.0,0.0,0.0,0.2350243777036667,0.018828259781003,-0.8339154124259949,0.0,0.0,0.0,-0.6281420588493347,0.9795541763305664,-0.7005361914634705
5.8,0.0,0.0,0.0,-0.14846807718276978,-0.020428968593478203,-0.6780269145965576,0.0,0.0,0.0,-0.21733027696609497,0.8087692260742188,-0.6778891086578369
5.82,0.0,0.0,0.0,0.17689722776412964,-0.058216486126184464,-0.4914701581001282,0.0,0.0,0.0,-0.945395827293396,0.8473452925682068,-0.5962036848068237
5.84,0.0,0.0,0.0,0.1057116910815239,-0.11465556919574738,-0.27419769763946533,0.0,0.0,0.0,-1.4313573837280273,0.9139566421508789,-0.39581361413002014
5.86,0.0,0.0,0.0,-0.0526849739253521,-0.10129545629024506,-0.05002342164516449,0.0,0.0,0.0,-1.1938337087631226,0.8267835378646851,-0.24003826081752777
5.88,0.0,0.0,0.0,-0.4263371229171753,-0.10094205290079117,0.3084753453731537,0.0,0.0,0.0,-0.7701098918914795,0.7704299688339233,-0.08636213093996048
5.9,0.0,0.0,0.0,-0.4112109839916229,-0.06885820627212524,0.5917844176292419,0.0,0.0,0.0,-0.24323546886444092,0.6177666783332825,0.12712839245796204
5.92,0.0,0.0,0.0,-0.40623441338539124,-0.15101662278175354,0.8119063973426819,0.0,0.0,0.0,0.04439394176006317,0.4244557023048401,0.2980578541755676
5.94,0.0,0.0,0.0,-0.039295170456171036,-0.2022077441215515,0.8038358092308044,0.0,0.0,0.0,0.19376425445079803,0.22332611680030823,0.3524312376976013
5.96,0.0,0.0,0.0,0.2600524425506592,-0.11865540593862534,0.6648274660110474,0.0,0.0,0.0,0.2990444600582123,0.10934197902679443,0.3205184042453766
5.98,0.0,0.0,0.0,0.16480857133865356,-0.03078123927116394,0.5992423295974731,0.0,0.0,0.0,0.5208017826080322,-0.008032374083995819,0.2719722390174866
6.0,0.0,0.0,0.0,0.3054468035697937,0.08386074751615524,0.5621821284294128,0.0,0.0,0.0,0.5780051946640015,-0.06442155689001083,0.20421570539474487
6.0200000000000005,0.0,0.0,0.0,0.2171628624200821,0.11755900084972382,0.6159950494766235,0.0,0.0,0.0,0.6402385830879211,-0.09700338542461395,0.22401094436645508
6.04,0.0,0.0,0.0,0.15603147447109222,0.16213099658489227,0.6874245405197144,0.0,0.0,0.0,0.7317368984222412,-0.15400531888008118,0.3309376537799835
6.0600000000000005,0.0,0.0,0.0,-0.12971727550029755,0.18079806864261627,0.7308653593063354,0.0,0.0,0.0,0.7592272758483887,-0.16722242534160614,0.4594632387161255
6.08,0.0,0.0,0.0,-0.33666154742240906,0.19293400645256042,0.706386387348175,0.0,0.0,0.0,0.9052910208702087,-0.20245523750782013,0.5331430435180664
6.1000000000000005,0.0,0.0,0.0,-0.525670051574707,0.14936918020248413,0.6870075464248657,0.0,0.0,0.0,0.9749110341072083,-0.24273009598255157,0.5780930519104004
6.12,0.0,0.0,0.0,-0.3714151978492737,0.08608739823102951,0.594110906124115,0.0,0.0,0.0,0.9343675374984741,-0.33986249566078186,0.6325345635414124
6.140000000000001,0.0,0.0,0.0,-0.10412859916687012,-0.03515740856528282,0.4745197296142578,0.0,0.0,0.0,0.7087298631668091,-0.5283026695251465,0.7108765840530396
6.16,0.0,0.0,0.0,0.004513627849519253,-0.22053274512290955,0.4405517876148224,0.0,0.0,0.0,0.07140915840864182,-0.8051912784576416,0.8310345411300659
6.18,0.0,0.0,0.0,0.19212904572486877,0.05730146914720535,0.4819227457046509,0.0,0.0,0.0,-0.1919252723455429,-0.9597589373588562,0.8432478904724121
6.2,0.0,0.0,0.0,-0.22911721467971802,-0.03157366067171097,0.4955720603466034,0.0,0.0,0.0,0.2013532817363739,-1.0775915384292603,0.7286264300346375
6.22,0.0,0.0,0.0,-0.1811569184064865,0.07510820031166077,0.3139459788799286,0.0,0.0,0.0,0.49896135926246643,-0.7833065986633301,0.49675270915031433
6.24,0.0,0.0,0.0,-0.10263077914714813,0.15272513031959534,0.10709898918867111,0.0,0.0,0.0,0.9580510258674622,-0.5454264283180237,0.463095098733902
6.26,0.0,0.0,0.0,-0.2584965229034424,0.21605977416038513,0.09102380275726318,0.0,0.0,0.0,0.9598507285118103,-0.30825087428092957,0.37421002984046936
6.28,0.0,0.0,0.0,0.030941687524318695,0.26129117608070374,0.06140005588531494,0.0,0.0,0.0,0.3434714376926422,-0.3014599084854126,0.18368269503116608
6.3,0.0,0.0,0.0,0.3500571548938751,0.2817290127277374,-0.01678372547030449,0.0,0.0,0.0,-0.46298617124557495,-0.440877228975296,0.07527431100606918
6.32,0.0,0.0,0.0,0.528640627861023,0.2988327741622925,-0.2184680551290512,0.0,0.0,0.0,-1.0067288875579834,-0.4627067446708679,-0.05819906294345856
6.34,0.0,0.0,0.0,-0.07746647298336029,0.1640847772359848,-0.24892888963222504,0.0,0.0,0.0,-0.6798762679100037,-0.4399118721485138,-0.20751461386680603
6.36,0.0,0.0,0.0,-0.24270179867744446,0.08306781202554703,-0.23350541293621063,0.0,0.0,0.0,-0.27725791931152344,-0.412986159324646,-0.34526175260543823
6.38,0.0,0.0,0.0,-0.05959576740860939,0.08051379770040512,-0.21396677196025848,0.0,0.0,0.0,-0.18587827682495117,-0.35576245188713074,-0.42775532603263855
6.4,0.0,0.0,0.0,-0.09981478750705719,0.13484512269496918,-0.17526957392692566,0.0,0.0,0.0,-0.048265714198350906,-0.26590701937675476,-0.5205792188644409
6.42,0.0,0.0,0.0,-0.305174857378006,-0.01213827170431614,-0.12727367877960205,0.0,0.0,0.0,0.08554971218109131,-0.30118629336357117,-0.5027554035186768
6.44,0.0,0.0,0.0,0.08218253403902054,0.0371382050216198,-0.2293531745672226,0.0,0.0,0.0,0.08859780430793762,-0.26620060205459595,-0.48710110783576965
6.46,0.0,0.0,0.0,0.026510553434491158,-0.008442316204309464,-0.2556034326553345,0.0,0.0,0.0,0.16152003407478333,-0.2515082359313965,-0.3729119896888733
6.48,0.0,0.0,0.0,-0.00035615256638266146,-0.05835023522377014,-0.2001780867576599,0.0,0.0,0.0,0.2164149433374405,-0.226652592420578,-0.2770201563835144
6.5,0.0,0.0,0.0,0.10526535660028458,-0.05821383744478226,-0.1827429085969925,0.0,0.0,0.0,0.15240873396396637,-0.2366025745868683,-0.15939785540103912
6.5200000000000005,0.0,0.0,0.0,0.02883797325193882,-0.07024900615215302,-0.11522426456212997,0.0,0.0,0.0,0.15148860216140747,-0.19469116628170013,-0.0545998141169548
6.54,0.0,0.0,0.0,-0.06201395019888878,-0.08259756863117218,-0.05105520412325859,0.0,0.0,0.0,0.14974232017993927,-0.1420307606458664,0.04113772511482239
6.5600000000000005,0.0,0.0,0.0,-0.0661606639623642,-0.07840277999639511,-0.042422760277986526,0.0,0.0,0.0,0.06689119338989258,-0.09833823889493942,0.10103517025709152
6.58,0.0,0.0,0.0,-0.11717168986797333,-0.09333518147468567,-0.0635751411318779,0.0,0.0,0.0,-0.04693453013896942,-0.03318493068218231,0.10241565853357315
6.6000000000000005,0.0,0.0,0.0,-0.18270663917064667,-0.12581679224967957,-0.11416811496019363,0.0,0.0,0.0,-0.15191476047039032,0.05623212084174156,0.05055205896496773
6.62,0.0,0.0,0.0,-0.2324436455965042,-0.15766018629074097,-0.20019058883190155,0.0,0.0,0.0,-0.22035181522369385,0.1505095660686493,-0.04188256710767746
6.640000000000001,0.0,0.0,0.0,-0.2717936038970947,-0.19550366699695587,-0.32286596298217773,0.0,0.0,0.0,-0.28766775131225586,0.2505432069301605,-0.16798840463161469
6.66,0.0,0.0,0.0,-0.20223505795001984,-0.20961759984493256,-0.4952630400657654,0.0,0.0,0.0,-0.3356965184211731,0.36137792468070984,-0.3261100947856903
6.68,0.0,0.0,0.0,-0.02474900335073471,-0.19790218770503998,-0.7111981511116028,0.0,0.0,0.0,-0.24942436814308167,0.45497167110443115,-0.5256752967834473
6.7,0.0,0.0,0.0,0.46007391810417175,-0.15193454921245575,-1.0081515312194824,0.0,0.0,0.0,-0.17781931161880493,0.4768354296684265,-0.7056443691253662
6.72,0.0,0.0,0.0,1.1817032098770142,-0.035473134368658066,-1.359631896018982,0.0,0.0,0.0,-0.20692172646522522,0.6999891996383667,-0.7477231621742249
6.74,0.0,0.0,0.0,0.6649684906005859,-0.044582922011613846,-1.2686296701431274,0.0,0.0,0.0,-0.2005191594362259,0.7181598544120789,-0.7741889357566833
6.76,0.0,0.0,0.0,0.4493669867515564,-0.05117121711373329,-1.202025294303894,0.0,0.0,0.0,-0.27404001355171204,0.7723215818405151,-0.8633876442909241
6.78,0.0,0.0,0.0,0.12242269515991211,-0.03765951469540596,-0.9099970459938049,0.0,0.0,0.0,-0.5428568720817566,0.9741728901863098,-0.7258027791976929
6.8,0.0,0.0,0.0,-0.08545490354299545,-0.02262575924396515,-0.7291181683540344,0.0,0.0,0.0,-0.15803198516368866,0.8107010126113892,-0.6621571183204651
6.82,0.0,0.0,0.0,0.12092187255620956,-0.031766507774591446,-0.5133296251296997,0.0,0.0,0.0,-0.7159135341644287,0.8021702170372009,-0.5911244750022888
6.84,0.0,0.0,0.0,0.10782002657651901,-0.10054873675107956,-0.2399543970823288,0.0,0.0,0.0,-1.3362985849380493,0.8994884490966797,-0.339769572019577
6.86,0.0,0.0,0.0,-0.013599533587694168,-0.09476138651371002,0.005354821216315031,0.0,0.0,0.0,-1.2974647283554077,0.8509993553161621,-0.15017299354076385
6.88,0.0,0.0,0.0,-0.3586711883544922,-0.06971099227666855,0.3548569679260254,0.0,0.0,0.0,-0.7867754101753235,0.7406635880470276,-0.024900302290916443
6.9,0.0,0.0,0.0,-0.43840292096138,-0.0532834455370903,0.6553046703338623,0.0,0.0,0.0,-0.3828956186771393,0.6394047737121582,0.13911299407482147
6.92,0.0,0.0,0.0,-0.4259841740131378,-0.12459585070610046,0.853076159954071,0.0,0.0,0.0,-0.005792449694126844,0.45469292998313904,0.3069579601287842
6.94,0.0,0.0,0.0,-0.14360311627388,-0.20526614785194397,0.869229257106781,0.0,0.0,0.0,0.18937157094478607,0.23892591893672943,0.3667444884777069
6.96,0.0,0.0,0.0,0.22316031157970428,-0.13872425258159637,0.7213775515556335,0.0,0.0,0.0,0.3011017441749573,0.1050858348608017,0.3317933976650238
6.98,0.0,0.0,0.0,0.15463422238826752,-0.05728989094495773,0.6300821900367737,0.0,0.0,0.0,0.42412760853767395,0.021450161933898926,0.2754076421260834
7.0,0.0,0.0,0.0,0.2501732409000397,0.04982718825340271,0.5976452231407166,0.0,0.0,0.0,0.5557597279548645,-0.048505716025829315,0.21183821558952332
7.0200000000000005,0.0,0.0,0.0,0.19847050309181213,0.09593909233808517,0.6426899433135986,0.0,0.0,0.0,0.646350085735321,-0.0880778506398201,0.2051163762807846
7.04,0.0,0.0,0.0,0.1079065203666687,0.1359018236398697,0.7090954780578613,0.0,0.0,0.0,0.7453758120536804,-0.14816993474960327,0.2883404791355133
7.0600000000000005,0.0,0.0,0.0,-0.11309592425823212,0.1648825705051422,0.7305352687835693,0.0,0.0,0.0,0.7912145853042603,-0.186114102602005,0.4097751975059509
7.08,0.0,0.0,0.0,-0.36198607087135315,0.16909140348434448,0.7059822678565979,0.0,0.0,0.0,0.8973820805549622,-0.21729826927185059,0.479343980550766
7.1000000000000005,0.0,0.0,0.0,-0.4959166646003723,0.1384822428226471,0.6518954038619995,0.0,0.0,0.0,1.010715365409851,-0.2812577784061432,0.518517255783081
7.12,0.0,0.0,0.0,-0.3267785906791687,0.0674779862165451,0.5564121007919312,0.0,0.0,0.0,0.9126560688018799,-0.37367767095565796,0.5747594237327576
7.140000000000001,0.0,0.0,0.0,-0.05117740482091904,-0.05834058299660683,0.46158304810523987,0.0,0.0,0.0,0.7163032293319702,-0.5621809959411621,0.6429309248924255
7.16,0.0,0.0,0.0,-0.02605668269097805,-0.25539252161979675,0.46317172050476074,0.0,0.0,0.0,0.09245339781045914,-0.8522874116897583,0.7708244323730469
7.18,0.0,0.0,0.0,-0.010507372207939625,-0.0007996241911314428,0.5655049681663513,0.0,0.0,0.0,-0.2244589626789093,-0.996587336063385,0.7855252623558044
7.2,0.0,0.0,0.0,-0.24505415558815002,-0.033016569912433624,0.5075334906578064,0.0,0.0,0.0,0.25954630970954895,-1.124212384223938,0.680618941783905
7.22,0.0,0.0,0.0,-0.13652051985263824,0.07805494219064713,0.2938533425331116,0.0,0.0,0.0,0.4235268831253052,-0.793781042098999,0.45632436871528625
7.24,0.0,0.0,0.0,-0.05702295899391174,0.16094499826431274,0.08673768490552902,0.0,0.0,0.0,0.9233892560005188,-0.5405807495117188,0.4277104139328003
7.26,0.0,0.0,0.0,-0.20185111463069916,0.24654409289360046,0.07367303967475891,0.0,0.0,0.0,0.9196397662162781,-0.28178301453590393,0.35916492342948914
7.28,0.0,0.0,0.0,0.008545263670384884,0.27039721608161926,0.03622783347964287,0.0,0.0,0.0,0.2519010603427887,-0.2589578926563263,0.16923584043979645
7.3,0.0,0.0,0.0,0.35188746452331543,0.29241496324539185,-0.043552983552217484,0.0,0.0,0.0,-0.4756702184677124,-0.39255857467651367,0.08006495982408524
7.32,0.0,0.0,0.0,0.49509164690971375,0.3011593222618103,-0.22314536571502686,0.0,0.0,0.0,-1.0016194581985474,-0.41549569368362427,-0.02679116651415825
7.34,0.0,0.0,0.0,-0.062072500586509705,0.1845395416021347,-0.25858598947525024,0.0,0.0,0.0,-0.7064216136932373,-0.4004385769367218,-0.16783756017684937
7.36,0.0,0.0,0.0,-0.2657163739204407,0.0959833487868309,-0.23321905732154846,0.0,0.0,0.0,-0.3314066529273987,-0.38135460019111633,-0.29043230414390564
7.38,0.0,0.0,0.0,-0.08652186393737793,0.08409147709608078,-0.2039695829153061,0.0,0.0,0.0,-0.257198691368103,-0.32443967461586,-0.3792170584201813
7.4,0.0,0.0,0.0,-0.11989086121320724,0.11734282970428467,-0.14911922812461853,0.0,0.0,0.0,-0.12221209704875946,-0.24949216842651367,-0.46594834327697754
7.42,0.0,0.0,0.0,-0.2676917016506195,0.0003856717376038432,-0.11917479336261749,0.0,0.0,0.0,0.0007585394778288901,-0.2818644642829895,-0.47243019938468933
7.44,0.0,0.0,0.0,0.03519389033317566,0.022061113268136978,-0.212811678647995,0.0,0.0,0.0,0.06405673921108246,-0.26265084743499756,-0.4529680013656616
7.46,0.0,0.0,0.0,0.011630212888121605,-0.018886873498558998,-0.24943071603775024,0.0,0.0,0.0,0.15320289134979248,-0.24626219272613525,-0.3603854477405548
7.48,0.0,0.0,0.0,-0.034009065479040146,-0.07833660393953323,-0.19554321467876434,0.0,0.0,0.0,0.2107802927494049,-0.2276717871427536,-0.2666648328304291
7.5,0.0,0.0,0.0,0.07443711906671524,-0.07516655325889587,-0.18227531015872955,0.0,0.0,0.0,0.14299903810024261,-0.22944243252277374,-0.1562173068523407
7.5200000000000005,0.0,0.0,0.0,-0.02120867371559143,-0.09243755787611008,-0.10771370679140091,0.0,0.0,0.0,0.13802652060985565,-0.18591083586215973,-0.0489896759390831
7.54,0.0,0.0,0.0,-0.10860541462898254,-0.1025482788681984,-0.0381317175924778,0.0,0.0,0.0,0.14063160121440887,-0.13290773332118988,0.0489351823925972
7.5600000000000005,0.0,0.0,0.0,-0.09499003738164902,-0.0915713682770729,-0.03073238767683506,0.0,0.0,0.0,0.06597092002630234,-0.08909088373184204,0.11486255377531052
7.58,0.0,0.0,0.0,-0.1356295943260193,-0.10226389765739441,-0.05111166462302208,0.0,0.0,0.0,-0.03970816358923912,-0.02131694369018078,0.11617464572191238
7.6000000000000005,0.0,0.0,0.0,-0.1767333745956421,-0.12977014482021332,-0.10383759438991547,0.0,0.0,0.0,-0.14558222889900208,0.06786636263132095,0.06193061172962189
7.62,0.0,0.0,0.0,-0.20008492469787598,-0.15560679137706757,-0.19330669939517975,0.0,0.0,0.0,-0.2286674976348877,0.1617518961429596,-0.03326912969350815
7.640000000000001,0.0,0.0,0.0,-0.2272474467754364,-0.18788282573223114,-0.31844767928123474,0.0,0.0,0.0,-0.30111485719680786,0.25972551107406616,-0.163160502910614
7.66,0.0,0.0,0.0,-0.1699984073638916,-0.20109045505523682,-0.49246862530708313,0.0,0.0,0.0,-0.36975035071372986,0.36953040957450867,-0.32073044776916504
7.68,0.0,0.0,0.0,0.01804474927484989,-0.1833256185054779,-0.7209376096725464,0.0,0.0,0.0,-0.29127568006515503,0.46279677748680115,-0.5132236480712891
7.7,0.0,0.0,0.0,0.48881033062934875,-0.09995244443416595,-0.9961423873901367,0.0,0.0,0.0,-0.14213095605373383,0.5341641902923584,-0.7087777853012085
7.72,0.0,0.0,0.0,0.8977409601211548,-0.04603838175535202,-1.2829228639602661,0.0,0.0,0.0,-0.11663822829723358,0.7057667970657349,-0.7153552770614624
7.74,0.0,0.0,0.0,0.6081387996673584,-0.04243794083595276,-1.2367383241653442,0.0,0.0,0.0,-0.1251823753118515,0.7606052756309509,-0.770031750202179
7.76,0.0,0.0,0.0,0.31038498878479004,0.010877191089093685,-1.0434788465499878,0.0,0.0,0.0,-0.28737491369247437,0.7740402221679688,-0.8786348104476929
7.78,0.0,0.0,0.0,0.23346179723739624,0.032280515879392624,-0.8374286890029907,0.0,0.0,0.0,-0.42963406443595886,0.9396170973777771,-0.6752108931541443
7.8,0.0,0.0,0.0,-0.05289599671959877,-0.0033031022176146507,-0.687745213508606,0.0,0.0,0.0,-0.040562454611063004,0.7543905377388,-0.6250998973846436
7.82,0.0,0.0,0.0,0.24223819375038147,-0.05319668725132942,-0.5483770370483398,0.0,0.0,0.0,-0.651393473148346,0.7881259322166443,-0.5772087574005127
7.84,0.0,0.0,0.0,0.16067177057266235,-0.11806322634220123,-0.3512306809425354,0.0,0.0,0.0,-1.3021059036254883,0.9128400087356567,-0.36875590682029724
7.86,0.0,0.0,0.0,-0.006828740239143372,-0.09259776771068573,-0.10952238738536835,0.0,0.0,0.0,-1.2442679405212402,0.8709504008293152,-0.18228252232074738
7.88,0.0,0.0,0.0,-0.381099134683609,-0.04681187495589256,0.2736227214336395,0.0,0.0,0.0,-0.7965814471244812,0.7944215536117554,-0.024489594623446465
7.9,0.0,0.0,0.0,-0.43216830492019653,-0.027348322793841362,0.609093964099884,0.0,0.0,0.0,-0.30785030126571655,0.6346248388290405,0.18226322531700134
7.92,0.0,0.0,0.0,-0.4294816553592682,-0.12914210557937622,0.852295994758606,0.0,0.0,0.0,-0.07893618941307068,0.4601705074310303,0.3417523205280304
7.94,0.0,0.0,0.0,-0.10644543915987015,-0.22002969682216644,0.8773332238197327,0.0,0.0,0.0,0.10980912297964096,0.24479523301124573,0.3983345329761505
7.96,0.0,0.0,0.0,0.2751852571964264,-0.15977376699447632,0.7175706624984741,0.0,0.0,0.0,0.22922936081886292,0.12088167667388916,0.3569449186325073
7.98,0.0,0.0,0.0,0.1687352955341339,-0.07367304712533951,0.6312620043754578,0.0,0.0,0.0,0.402060866355896,0.045842647552490234,0.29866576194763184
8.0,0.0,0.0,0.0,0.2395290732383728,0.02700740471482277,0.6067616939544678,0.0,0.0,0.0,0.5206916332244873,-0.012563236989080906,0.22243379056453705
8.02,0.0,0.0,0.0,0.1434851586818695,0.06393244862556458,0.6695021986961365,0.0,0.0,0.0,0.6158798933029175,-0.06420479714870453,0.2105979174375534
8.040000000000001,0.0,0.0,0.0,0.13925887644290924,0.12986744940280914,0.7169220447540283,0.0,0.0,0.0,0.6928695440292358,-0.13772250711917877,0.27491724491119385
8.06,0.0,0.0,0.0,-0.1609598845243454,0.14673125743865967,0.7483090162277222,0.0,0.0,0.0,0.7227922081947327,-0.16878901422023773,0.38163456320762634
8.08,0.0,0.0,0.0,-0.3401663303375244,0.16445617377758026,0.6995477080345154,0.0,0.0,0.0,0.9127280116081238,-0.22913800179958344,0.4417857229709625
8.1,0.0,0.0,0.0,-0.49285268783569336,0.1224757507443428,0.6452670693397522,0.0,0.0,0.0,1.0106922388076782,-0.29707783460617065,0.47344881296157837
8.120000000000001,0.0,0.0,0.0,-0.28976213932037354,0.05017637461423874,0.5374495983123779,0.0,0.0,0.0,0.929033100605011,-0.39631614089012146,0.528327465057373
8.14,0.0,0.0,0.0,-0.018355004489421844,-0.07291696220636368,0.4380764663219452,0.0,0.0,0.0,0.7353875637054443,-0.5932016968727112,0.6115416288375854
8.16,0.0,0.0,0.0,-0.04449744150042534,-0.2752839922904968,0.44946378469467163,0.0,0.0,0.0,0.08068720251321793,-0.8758428692817688,0.7496069669723511
8.18,0.0,0.0,0.0,-0.014383705332875252,-0.009829969145357609,0.5480294823646545,0.0,0.0,0.0,-0.21308524906635284,-1.0093719959259033,0.7694604396820068
8.2,0.0,0.0,0.0,-0.23087270557880402,-0.025492612272500992,0.48201000690460205,0.0,0.0,0.0,0.29733437299728394,-1.1370595693588257,0.6586103439331055
8.22,0.0,0.0,0.0,-0.10196857154369354,0.08910003304481506,0.27032455801963806,0.0,0.0,0.0,0.45604074001312256,-0.7979815006256104,0.4377955198287964
8.24,0.0,0.0,0.0,-0.019064798951148987,0.16551759839057922,0.06255342811346054,0.0,0.0,0.0,0.9136838912963867,-0.5289765000343323,0.3935186266899109
8.26,0.0,0.0,0.0,-0.16130845248699188,0.2566615343093872,0.04510203376412392,0.0,0.0,0.0,0.9492635130882263,-0.28067243099212646,0.32742413878440857
8.28,0.0,0.0,0.0,0.033387377858161926,0.2779163420200348,0.011659374460577965,0.0,0.0,0.0,0.2623315453529358,-0.2598269581794739,0.15416568517684937
8.3,0.0,0.0,0.0,0.3621511161327362,0.29368147253990173,-0.059853412210941315,0.0,0.0,0.0,-0.47070062160491943,-0.3889341950416565,0.08627812564373016
8.32,0.0,0.0,0.0,0.5135221481323242,0.3043898046016693,-0.23803499341011047,0.0,0.0,0.0,-0.9789197444915771,-0.4100680351257324,-0.0013349679065868258
8.34,0.0,0.0,0.0,-0.06305702030658722,0.19361120462417603,-0.2706834673881531,0.0,0.0,0.0,-0.7092927098274231,-0.3946702182292938,-0.14769038558006287
8.36,0.0,0.0,0.0,-0.2858138382434845,0.09997518360614777,-0.23654145002365112,0.0,0.0,0.0,-0.32065480947494507,-0.37001579999923706,-0.25804412364959717
8.38,0.0,0.0,0.0,-0.0943562313914299,0.08546362072229385,-0.19503746926784515,0.0,0.0,0.0,-0.2502720057964325,-0.30780792236328125,-0.35206034779548645
8.4,0.0,0.0,0.0,-0.12122958898544312,0.1161564439535141,-0.1347716748714447,0.0,0.0,0.0,-0.1224079430103302,-0.23195880651474,-0.4466007351875305
8.42,0.0,0.0,0.0,-0.24583859741687775,0.004281256347894669,-0.10788720101118088,0.0,0.0,0.0,-0.018397727981209755,-0.27161040902137756,-0.46381813287734985
8.44,0.0,0.0,0.0,0.01575433649122715,0.01995881460607052,-0.19505555927753448,0.0,0.0,0.0,0.022569933906197548,-0.26183658838272095,-0.4388730525970459
8.46,0.0,0.0,0.0,0.01080244593322277,-0.017582561820745468,-0.23960180580615997,0.0,0.0,0.0,0.09792216867208481,-0.24395819008350372,-0.35423657298088074
8.48,0.0,0.0,0.0,-0.02729303017258644,-0.07167774438858032,-0.18778815865516663,0.0,0.0,0.0,0.1753675788640976,-0.23053038120269775,-0.2673380672931671
8.5,0.0,0.0,0.0,0.06985364854335785,-0.07250946015119553,-0.1654752641916275,0.0,0.0,0.0,0.11656694859266281,-0.2367369532585144,-0.1546514332294464
8.52,0.0,0.0,0.0,-0.007061592303216457,-0.0878160148859024,-0.09108065813779831,0.0,0.0,0.0,0.11840219795703888,-0.19638974964618683,-0.04889724403619766
8.540000000000001,0.0,0.0,0.0,-0.09520523995161057,-0.10283458232879639,-0.01814671792089939,0.0,0.0,0.0,0.1352892965078354,-0.15208949148654938,0.050943613052368164
8.56,0.0,0.0,0.0,-0.07211292535066605,-0.0913810208439827,-0.012601075693964958,0.0,0.0,0.0,0.06286390125751495,-0.11146605759859085,0.12297777086496353
8.58,0.0,0.0,0.0,-0.12188391387462616,-0.10386738181114197,-0.031238997355103493,0.0,0.0,0.0,-0.04845964163541794,-0.041964802891016006,0.13106991350650787
8.6,0.0,0.0,0.0,-0.18301528692245483,-0.12904080748558044,-0.07780753821134567,0.0,0.0,0.0,-0.15285331010818481,0.049166735261678696,0.07695047557353973
8.620000000000001,0.0,0.0,0.0,-0.23503054678440094,-0.16040873527526855,-0.16060706973075867,0.0,0.0,0.0,-0.2405237853527069,0.14128568768501282,-0.016237620264291763
8.64,0.0,0.0,0.0,-0.24570965766906738,-0.1858188509941101,-0.29357612133026123,0.0,0.0,0.0,-0.3027862310409546,0.24239924550056458,-0.14639976620674133
8.66,0.0,0.0,0.0,-0.20591460168361664,-0.20261962711811066,-0.47598543763160706,0.0,0.0,0.0,-0.36113113164901733,0.35489463806152344,-0.29897621273994446
8.68,0.0,0.0,0.0,-0.02369769662618637,-0.19091401994228363,-0.7127564549446106,0.0,0.0,0.0,-0.2849620282649994,0.4513010084629059,-0.4872032105922699
8.700000000000001,0.0,0.0,0.0,0.47787344455718994,-0.1022242084145546,-1.005199670791626,0.0,0.0,0.0,-0.12712447345256805,0.5172048211097717,-0.688809335231781
8.72,0.0,0.0,0.0,0.9300432801246643,-0.03474198281764984,-1.3050777912139893,0.0,0.0,0.0,-0.10768725723028183,0.7069060206413269,-0.7130153775215149
8.74,0.0,0.0,0.0,0.6389108896255493,-0.026404734700918198,-1.2770806550979614,0.0,0.0,0.0,-0.04911121726036072,0.7527713179588318,-0.7746937274932861
8.76,0.0,0.0,0.0,0.38942110538482666,0.012799552641808987,-1.108525276184082,0.0,0.0,0.0,-0.25723767280578613,0.7583814859390259,-0.8772632479667664
8.78,0.0,0.0,0.0,0.2998403310775757,0.04414433613419533,-0.8922614455223083,0.0,0.0,0.0,-0.4607697129249573,0.9406611323356628,-0.6687949299812317
8.8,0.0,0.0,0.0,0.0005703288479708135,0.013593445532023907,-0.7199452519416809,0.0,0.0,0.0,-0.06780257076025009,0.7602141499519348,-0.6181418895721436
8.82,0.0,0.0,0.0,0.29890456795692444,-0.029726654291152954,-0.5760555863380432,0.0,0.0,0.0,-0.6505461931228638,0.7877001166343689,-0.572467029094696
8.84,0.0,0.0,0.0,0.2076910138130188,-0.1014208048582077,-0.36393511295318604,0.0,0.0,0.0,-1.298503041267395,0.9069328308105469,-0.36539146304130554
8.86,0.0,0.0,0.0,0.013855673372745514,-0.08198487758636475,-0.09542235732078552,0.0,0.0,0.0,-1.2985687255859375,0.8723104000091553,-0.17828238010406494
8.88,0.0,0.0,0.0,-0.3761950135231018,-0.03931744396686554,0.3078833222389221,0.0,0.0,0.0,-0.8668950200080872,0.7929316759109497,-0.01564834639430046
8.9,0.0,0.0,0.0,-0.4441497027873993,-0.019724257290363312,0.6624133586883545,0.0,0.0,0.0,-0.37611815333366394,0.6386248469352722,0.19065368175506592
8.92,0.0,0.0,0.0,-0.47348669171333313,-0.12470134347677231,0.9105435013771057,0.0,0.0,0.0,-0.11362694948911667,0.46758565306663513,0.3543451726436615
8.94,0.0,0.0,0.0,-0.17399124801158905,-0.22429807484149933,0.9272176027297974,0.0,0.0,0.0,0.10515911877155304,0.24766717851161957,0.4166668653488159
8.96,0.0,0.0,0.0,0.2257647067308426,-0.17449288070201874,0.752120852470398,0.0,0.0,0.0,0.2514614164829254,0.11878219246864319,0.37767088413238525
8.98,0.0,0.0,0.0,0.1457868218421936,-0.0903986319899559,0.6439669728279114,0.0,0.0,0.0,0.4112367630004883,0.053592707961797714,0.3131271302700043
9.0,0.0,0.0,0.0,0.19402052462100983,0.00580295966938138,0.6189273595809937,0.0,0.0,0.0,0.5058619379997253,0.007118447683751583,0.23091453313827515
9.02,0.0,0.0,0.0,0.13806621730327606,0.04974058270454407,0.6667935252189636,0.0,0.0,0.0,0.6074231863021851,-0.05192652344703674,0.19724605977535248
9.040000000000001,0.0,0.0,0.0,0.14283783733844757,0.12452583760023117,0.7003181576728821,0.0,0.0,0.0,0.6795898675918579,-0.12414131313562393,0.23851782083511353
9.06,0.0,0.0,0.0,-0.16169092059135437,0.14276306331157684,0.7231913208961487,0.0,0.0,0.0,0.7261502742767334,-0.15430590510368347,0.3400349020957947
9.08,0.0,0.0,0.0,-0.31611013412475586,0.1660974621772766,0.6655795574188232,0.0,0.0,0.0,0.9263498187065125,-0.21744365990161896,0.40400710701942444
9.1,0.0,0.0,0.0,-0.4893670082092285,0.12688536942005157,0.6194794774055481,0.0,0.0,0.0,1.0236557722091675,-0.28327006101608276,0.4324645698070526
9.120000000000001,0.0,0.0,0.0,-0.2874029874801636,0.06372631341218948,0.5151371955871582,0.0,0.0,0.0,0.9466569423675537,-0.37753239274024963,0.48715439438819885
9.14,0.0,0.0,0.0,-0.028145283460617065,-0.058593638241291046,0.41520488262176514,0.0,0.0,0.0,0.7553534507751465,-0.5567800402641296,0.5806900858879089
9.16,0.0,0.0,0.0,-0.02537437714636326,-0.24587075412273407,0.409885048866272,0.0,0.0,0.0,0.14509698748588562,-0.8211672306060791,0.7177148461341858
9.18,0.0,0.0,0.0,-0.013222288340330124,-0.0025298353284597397,0.5039083957672119,0.0,0.0,0.0,-0.13999485969543457,-0.9634812474250793,0.7361069917678833
9.200000000000001,0.0,0.0,0.0,-0.3654734790325165,-0.08318743854761124,0.469255268573761,0.0,0.0,0.0,0.2034594565629959,-1.0958360433578491,0.6700106263160706
9.22,0.0,0.0,0.0,0.028007758781313896,0.10344019532203674,0.21731750667095184,0.0,0.0,0.0,0.4679250121116638,-0.8050903081893921,0.4720054864883423
9.24,0.0,0.0,0.0,0.034930694848299026,0.17295169830322266,0.03239554539322853,0.0,0.0,0.0,0.888952374458313,-0.5286940336227417,0.4218076169490814
9.26,0.0,0.0,0.0,-0.19586659967899323,0.23711198568344116,0.04571576789021492,0.0,0.0,0.0,0.9725066423416138,-0.29610106348991394,0.3186955153942108
9.28,0.0,0.0,0.0,0.12721186876296997,0.2838934361934662,0.014897764660418034,0.0,0.0,0.0,0.29272523522377014,-0.2685551643371582,0.14063434302806854
9.3,0.0,0.0,0.0,0.36741435527801514,0.2808699309825897,-0.030183611437678337,0.0,0.0,0.0,-0.40765953063964844,-0.40600886940956116,0.07903216034173965
9.32,0.0,0.0,0.0,0.520929217338562,0.2929881513118744,-0.20572666823863983,0.0,0.0,0.0,-0.9351406097412109,-0.4122765362262726,0.003332779509946704
9.34,0.0,0.0,0.0,-0.06171161308884621,0.1879696249961853,-0.2567203640937805,0.0,0.0,0.0,-0.66327303647995,-0.392841637134552,-0.1283969134092331
9.36,0.0,0.0,0.0,-0.305427223443985,0.08847956359386444,-0.2340707927942276,0.0,0.0,0.0,-0.269937664270401,-0.3709540069103241,-0.23752136528491974
9.38,0.0,0.0,0.0,-0.07498206943273544,0.08126377314329147,-0.20189040899276733,0.0,0.0,0.0,-0.2139633595943451,-0.3122411072254181,-0.33034586906433105
9.4,0.0,0.0,0.0,-0.14394713938236237,0.08309829980134964,-0.12298767268657684,0.0,0.0,0.0,-0.1559952050447464,-0.23921221494674683,-0.42099839448928833
9.42,0.0,0.0,0.0,-0.21539756655693054,0.011454038321971893,-0.1012810692191124,0.0,0.0,0.0,-0.05307871475815773,-0.2731983959674835,-0.4743013381958008
9.44,0.0,0.0,0.0,-0.038020454347133636,0.009386932477355003,-0.16703060269355774,0.0,0.0,0.0,-0.009771443903446198,-0.2771770656108856,-0.4328974485397339
9.46,0.0,0.0,0.0,0.011681032367050648,-0.015674080699682236,-0.2234320491552353,0.0,0.0,0.0,0.07843084633350372,-0.25622764229774475,-0.35559195280075073
9.48,0.0,0.0,0.0,-0.02902686968445778,-0.06609264761209488,-0.17627884447574615,0.0,0.0,0.0,0.176515594124794,-0.2462904155254364,-0.27074727416038513
9.5,0.0,0.0,0.0,0.057633981108665466,-0.06937028467655182,-0.15129923820495605,0.0,0.0,0.0,0.12152809649705887,-0.24838386476039886,-0.16217204928398132
9.52,0.0,0.0,0.0,0.0010485483799129725,-0.08116179704666138,-0.08438188582658768,0.0,0.0,0.0,0.11644665151834488,-0.2103852778673172,-0.054758936166763306
9.540000000000001,0.0,0.0,0.0,-0.10270438343286514,-0.10007647424936295,-0.009307756088674068,0.0,0.0,0.0,0.125109001994133,-0.1641930788755417,0.04659464955329895
9.56,0.0,0.0,0.0,-0.08080927282571793,-0.09212016314268112,-0.0006077265134081244,0.0,0.0,0.0,0.05599198862910271,-0.12082381546497345,0.12385483086109161
9.58,0.0,0.0,0.0,-0.12554633617401123,-0.10154418647289276,-0.01756332814693451,0.0,0.0,0.0,-0.05292249098420143,-0.05108087137341499,0.13727325201034546
9.6,0.0,0.0,0.0,-0.2059241086244583,-0.13103698194026947,-0.058629509061574936,0.0,0.0,0.0,-0.15550947189331055,0.038846563547849655,0.08618110418319702
9.620000000000001,0.0,0.0,0.0,-0.251845121383667,-0.1618562787771225,-0.1419512778520584,0.0,0.0,0.0,-0.24673567712306976,0.13199424743652344,-0.007658196147531271
9.64,0.0,0.0,0.0,-0.2640615403652191,-0.1848619282245636,-0.27712714672088623,0.0,0.0,0.0,-0.313724160194397,0.23583172261714935,-0.13890759646892548
9.66,0.0,0.0,0.0,-0.23698069155216217,-0.20387956500053406,-0.45870810747146606,0.0,0.0,0.0,-0.3642627000808716,0.34733760356903076,-0.29097235202789307
9.68,0.0,0.0,0.0,-0.04682650789618492,-0.1946028172969818,-0.6986082196235657,0.0,0.0,0.0,-0.2852604389190674,0.44383466243743896,-0.481325626373291
9.700000000000001,0.0,0.0,0.0,0.4620147943496704,-0.1118834912776947,-0.9948288202285767,0.0,0.0,0.0,-0.13997462391853333,0.500983476638794,-0.6832664012908936
9.72,0.0,0.0,0.0,1.0045393705368042,-0.01933564804494381,-1.309342622756958,0.0,0.0,0.0,-0.13194890320301056,0.7047022581100464,-0.7191824316978455
9.74,0.0,0.0,0.0,0.684693455696106,-0.009990046732127666,-1.2881218194961548,0.0,0.0,0.0,-0.016659973189234734,0.7350301742553711,-0.7829853296279907
9.76,0.0,0.0,0.0,0.44082406163215637,0.006434090901166201,-1.1427624225616455,0.0,0.0,0.0,-0.21931813657283783,0.7501335144042969,-0.8813468813896179
9.78,0.0,0.0,0.0,0.3054491877555847,0.03289845213294029,-0.9085059762001038,0.0,0.0,0.0,-0.4532086253166199,0.9362428188323975,-0.6756225228309631
9.8,0.0,0.0,0.0,0.008418404497206211,0.0077680074609816074,-0.7199934720993042,0.0,0.0,0.0,-0.05874235928058624,0.7654632925987244,-0.612714946269989
9.82,0.0,0.0,0.0,0.2959483563899994,-0.02466695010662079,-0.5681360363960266,0.0,0.0,0.0,-0.6208364963531494,0.772276759147644,-0.5566523671150208
9.84,0.0,0.0,0.0,0.2340690940618515,-0.09489456564188004,-0.347348153591156,0.0,0.0,0.0,-1.2970786094665527,0.8963013291358948,-0.336652934551239
9.86,0.0,0.0,0.0,0.04372945427894592,-0.07993663102388382,-0.07452190667390823,0.0,0.0,0.0,-1.3222532272338867,0.8650937676429749,-0.14888399839401245
9.88,0.0,0.0,0.0,-0.3647810220718384,-0.033609893172979355,0.3315661549568176,0.0,0.0,0.0,-0.8890247941017151,0.7843654751777649,0.0023828414268791676
9.9,0.0,0.0,0.0,-0.468299925327301,-0.012948187999427319,0.6894064545631409,0.0,0.0,0.0,-0.39729005098342896,0.6332703232765198,0.20373216271400452
9.92,0.0,0.0,0.0,-0.5140817165374756,-0.11227557808160782,0.9303629994392395,0.0,0.0,0.0,-0.1066969782114029,0.46514835953712463,0.3668921887874603
9.94,0.0,0.0,0.0,-0.23018687963485718,-0.21732939779758453,0.9476385116577148,0.0,0.0,0.0,0.11483895778656006,0.2420453131198883,0.428359717130661
9.96,0.0,0.0,0.0,0.18654312193393707,-0.17465290427207947,0.7710458636283875,0.0,0.0,0.0,0.2466941475868225,0.11201848089694977,0.3907058835029602
9.98,0.0,0.0,0.0,0.13257397711277008,-0.09356486052274704,0.6502276659011841,0.0,0.0,0.0,0.3913255035877228,0.05299322307109833,0.32235684990882874
10.0,0.0,0.0,0.0,0.17331644892692566,0.0003271577297709882,0.6196513175964355,0.0,0.0,0.0,0.4871886968612671,0.00960665475577116,0.23118597269058228
10.02,0.0,0.0,0.0,0.12629836797714233,0.04739043489098549,0.6604853868484497,0.0,0.0,0.0,0.5907195210456848,-0.047162044793367386,0.18472038209438324
10.040000000000001,0.0,0.0,0.0,0.12656433880329132,0.12216372787952423,0.6915169358253479,0.0,0.0,0.0,0.6625648140907288,-0.11742909997701645,0.2162209302186966
10.06,0.0,0.0,0.0,-0.16421350836753845,0.14069752395153046,0.7117292284965515,0.0,0.0,0.0,0.713847279548645,-0.1504342257976532,0.3128889799118042
10.08,0.0,0.0,0.0,-0.3037966787815094,0.16550210118293762,0.6508020758628845,0.0,0.0,0.0,0.9132031202316284,-0.21543128788471222,0.377193421125412
10.1,0.0,0.0,0.0,-0.4746289551258087,0.1286521553993225,0.6044498085975647,0.0,0.0,0.0,1.0175362825393677,-0.2826083302497864,0.40500661730766296
10.120000000000001,0.0,0.0,0.0,-0.2760884761810303,0.06678443402051926,0.5041903853416443,0.0,0.0,0.0,0.9439548850059509,-0.37521788477897644,0.4590592086315155
10.14,0.0,0.0,0.0,-0.018804186955094337,-0.05353393033146858,0.4086814522743225,0.0,0.0,0.0,0.766152024269104,-0.549589216709137,0.5542961359024048
10.16,0.0,0.0,0.0,-0.038328856229782104,-0.24041810631752014,0.4095934331417084,0.0,0.0,0.0,0.18094079196453094,-0.8060189485549927,0.6903980374336243
10.18,0.0,0.0,0.0,-0.06479331105947495,-0.05171936750411987,0.5282520651817322,0.0,0.0,0.0,-0.12016986310482025,-0.9622328281402588,0.7181994915008545
10.200000000000001,0.0,0.0,0.0,-0.28646641969680786,-0.05506928637623787,0.46443992853164673,0.0,0.0,0.0,0.19076667726039886,-1.1051628589630127,0.6527050137519836
10.22,0.0,0.0,0.0,-0.011482584290206432,0.09429724514484406,0.24187113344669342,0.0,0.0,0.0,0.4633183479309082,-0.8230856657028198,0.47007089853286743
10.24,0.0,0.0,0.0,0.0719825029373169,0.17947115004062653,0.038306813687086105,0.0,0.0,0.0,0.8494893312454224,-0.5317762494087219,0.4250738024711609
10.26,0.0,0.0,0.0,-0.15286755561828613,0.24905839562416077,0.04001805558800697,0.0,0.0,0.0,0.9723711609840393,-0.2926156222820282,0.31617164611816406
10.28,0.0,0.0,0.0,0.10675347596406937,0.28871944546699524,0.02002384327352047,0.0,0.0,0.0,0.29803454875946045,-0.25058093667030334,0.13273611664772034
10.3,0.0,0.0,0.0,0.346962571144104,0.28291431069374084,-0.026464423164725304,0.0,0.0,0.0,-0.40916886925697327,-0.38586634397506714,0.08220284432172775
10.32,0.0,0.0,0.0,0.48027926683425903,0.29002493619918823,-0.1940990686416626,0.0,0.0,0.0,-0.9348429441452026,-0.3964957594871521,0.023432662710547447
10.34,0.0,0.0,0.0,-0.037872567772865295,0.19997456669807434,-0.26163250207901,0.0,0.0,0.0,-0.6818597316741943,-0.37955933809280396,-0.10041418671607971
10.36,0.0,0.0,0.0,-0.3148196041584015,0.09244337677955627,-0.23788531124591827,0.0,0.0,0.0,-0.2938593626022339,-0.35889577865600586,-0.19664013385772705
10.38,0.0,0.0,0.0,-0.07048329710960388,0.08460429310798645,-0.20508712530136108,0.0,0.0,0.0,-0.2213248610496521,-0.3063749074935913,-0.2966969311237335
10.4,0.0,0.0,0.0,-0.1396183967590332,0.08039644360542297,-0.12311297655105591,0.0,0.0,0.0,-0.17940759658813477,-0.2375985085964203,-0.39218029379844666
10.42,0.0,0.0,0.0,-0.21296001970767975,0.009835396893322468,-0.09960149228572845,0.0,0.0,0.0,-0.0757550299167633,-0.2704077959060669,-0.4556390345096588
10.44,0.0,0.0,0.0,-0.04233641177415848,0.0049684979021549225,-0.15992271900177002,0.0,0.0,0.0,-0.018894599750638008,-0.2797047197818756,-0.41481971740722656
10.46,0.0,0.0,0.0,0.016090426594018936,-0.016760045662522316,-0.21643923223018646,0.0,0.0,0.0,0.06600891053676605,-0.2581598460674286,-0.34264451265335083
10.48,0.0,0.0,0.0,-0.03121950291097164,-0.06729334592819214,-0.16854585707187653,0.0,0.0,0.0,0.17465882003307343,-0.24938412010669708,-0.2641456425189972
10.5,0.0,0.0,0.0,0.03778444230556488,-0.07555009424686432,-0.13814549148082733,0.0,0.0,0.0,0.12231757491827011,-0.2513805329799652,-0.16145440936088562
10.52,0.0,0.0,0.0,-0.011426452547311783,-0.08832988142967224,-0.07118970900774002,0.0,0.0,0.0,0.11248661577701569,-0.2135002166032791,-0.0570746473968029
10.540000000000001,0.0,0.0,0.0,-0.11091762781143188,-0.10583662986755371,0.004004293587058783,0.0,0.0,0.0,0.12039393931627274,-0.1658598631620407,0.0443212054669857
10.56,0.0,0.0,0.0,-0.09814642369747162,-0.09870445728302002,0.015737099573016167,0.0,0.0,0.0,0.05623188242316246,-0.12208645045757294,0.1257145255804062
10.58,0.0,0.0,0.0,-0.13670046627521515,-0.10858412832021713,-0.001652679406106472,0.0,0.0,0.0,-0.05065101385116577,-0.05384209752082825,0.14307032525539398
10.6,0.0,0.0,0.0,-0.20754247903823853,-0.1342211663722992,-0.04494674503803253,0.0,0.0,0.0,-0.15282467007637024,0.03682457655668259,0.09230292588472366
10.620000000000001,0.0,0.0,0.0,-0.2591968774795532,-0.1633903831243515,-0.13081757724285126,0.0,0.0,0.0,-0.24956275522708893,0.13095812499523163,-0.003426580224186182
10.64,0.0,0.0,0.0,-0.26167529821395874,-0.18593470752239227,-0.27084779739379883,0.0,0.0,0.0,-0.3174767792224884,0.23325753211975098,-0.13488070666790009
10.66,0.0,0.0,0.0,-0.23048783838748932,-0.20721718668937683,-0.4598996639251709,0.0,0.0,0.0,-0.364940345287323,0.34263038635253906,-0.28489670157432556
10.68,0.0,0.0,0.0,-0.03659962862730026,-0.18697716295719147,-0.7031856775283813,0.0,0.0,0.0,-0.2884921729564667,0.4445851445198059,-0.4733755886554718
10.700000000000001,0.0,0.0,0.0,0.4555118978023529,-0.10018257796764374,-1.0028789043426514,0.0,0.0,0.0,-0.133107990026474,0.5064329504966736,-0.678713858127594
10.72,0.0,0.0,0.0,0.9723417162895203,-0.013793733902275562,-1.3136612176895142,0.0,0.0,0.0,-0.11193778365850449,0.7010437846183777,-0.7071011662483215
10.74,0.0,0.0,0.0,0.6733673810958862,-0.004870669916272163,-1.2930082082748413,0.0,0.0,0.0,0.009325080551207066,0.7483124136924744,-0.7730214595794678
10.76,0.0,0.0,0.0,0.43147027492523193,0.02304167114198208,-1.1209956407546997,0.0,0.0,0.0,-0.1714131236076355,0.7410020232200623,-0.8778486251831055
10.78,0.0,0.0,0.0,0.3538960814476013,0.05407806858420372,-0.9107719659805298,0.0,0.0,0.0,-0.40676215291023254,0.9272918701171875,-0.6696751713752747
10.8,0.0,0.0,0.0,0.040405869483947754,0.016254670917987823,-0.720388650894165,0.0,0.0,0.0,-0.02792328968644142,0.7560078501701355,-0.6093352437019348
10.82,0.0,0.0,0.0,0.3452889919281006,-0.025585457682609558,-0.5865834355354309,0.0,0.0,0.0,-0.61190265417099,0.7751556634902954,-0.5621525645256042
10.84,0.0,0.0,0.0,0.25938957929611206,-0.09230400621891022,-0.3817368447780609,0.0,0.0,0.0,-1.2790987491607666,0.9010827541351318,-0.35761529207229614
10.86,0.0,0.0,0.0,0.060186054557561874,-0.0705995038151741,-0.108521968126297,0.0,0.0,0.0,-1.3153493404388428,0.8725816011428833,-0.17402181029319763
10.88,0.0,0.0,0.0,-0.3653811812400818,-0.022183356806635857,0.30517446994781494,0.0,0.0,0.0,-0.9079440236091614,0.8001676201820374,-0.011864832602441311
10.9,0.0,0.0,0.0,-0.49694398045539856,-0.007333516608923674,0.6814054250717163,0.0,0.0,0.0,-0.4023510813713074,0.6390333771705627,0.2083447128534317
10.92,0.0,0.0,0.0,-0.5278336405754089,-0.1142224594950676,0.9378028512001038,0.0,0.0,0.0,-0.13759538531303406,0.4684095084667206,0.382363498210907
10.94,0.0,0.0,0.0,-0.22623737156391144,-0.22208815813064575,0.9523101449012756,0.0,0.0,0.0,0.09121201187372208,0.24595141410827637,0.44694283604621887
10.96,0.0,0.0,0.0,0.18966780602931976,-0.18477173149585724,0.7689779996871948,0.0,0.0,0.0,0.23787058889865875,0.1196967288851738,0.4070291519165039
10.98,0.0,0.0,0.0,0.13627314567565918,-0.10285700857639313,0.6452357172966003,0.0,0.0,0.0,0.39350956678390503,0.06706184148788452,0.3385145366191864
11.0,0.0,0.0,0.0,0.14982904493808746,-0.015825171023607254,0.6204445362091064,0.0,0.0,0.0,0.49252501130104065,0.021927479654550552,0.24454793334007263
11.02,0.0,0.0,0.0,0.12314434349536896,0.03768943250179291,0.6604854464530945,0.0,0.0,0.0,0.5759888291358948,-0.037767648696899414,0.1877632588148117
11.040000000000001,0.0,0.0,0.0,0.10782471299171448,0.11507353186607361,0.6935248374938965,0.0,0.0,0.0,0.6304258108139038,-0.11001124233007431,0.2075607180595398
11.06,0.0,0.0,0.0,-0.18259866535663605,0.13794508576393127,0.7103133201599121,0.0,0.0,0.0,0.7023267149925232,-0.15071463584899902,0.29217177629470825
11.08,0.0,0.0,0.0,-0.32079222798347473,0.16071030497550964,0.6438586115837097,0.0,0.0,0.0,0.9138599038124084,-0.2199573665857315,0.3510898947715759
11.1,0.0,0.0,0.0,-0.451871395111084,0.12486828863620758,0.5880025029182434,0.0,0.0,0.0,1.0206916332244873,-0.29153406620025635,0.37692344188690186
11.120000000000001,0.0,0.0,0.0,-0.25651511549949646,0.058063916862010956,0.4925180673599243,0.0,0.0,0.0,0.9555202126502991,-0.38790661096572876,0.43267422914505005
11.14,0.0,0.0,0.0,-0.0011905874125659466,-0.06197477877140045,0.39949849247932434,0.0,0.0,0.0,0.7682286500930786,-0.5608047246932983,0.5297649502754211
11.16,0.0,0.0,0.0,-0.0483999103307724,-0.25108981132507324,0.40806692838668823,0.0,0.0,0.0,0.17912155389785767,-0.8127496242523193,0.670281708240509
11.18,0.0,0.0,0.0,-0.0667237862944603,-0.011804185807704926,0.5106343030929565,0.0,0.0,0.0,-0.07319479435682297,-0.9517803192138672,0.6818928718566895
11.200000000000001,0.0,0.0,0.0,-0.3954522907733917,-0.09975408017635345,0.46236830949783325,0.0,0.0,0.0,0.22604908049106598,-1.090552568435669,0.638972818851471
11.22,0.0,0.0,0.0,0.09436308592557907,0.11424155533313751,0.19225706160068512,0.0,0.0,0.0,0.4640796184539795,-0.8080468773841858,0.465997576713562
11.24,0.0,0.0,0.0,0.10164137929677963,0.18720516562461853,0.00890155229717493,0.0,0.0,0.0,0.8391746878623962,-0.5143571496009827,0.4137765169143677
11.26,0.0,0.0,0.0,-0.1569361835718155,0.24851839244365692,0.031124986708164215,0.0,0.0,0.0,0.9703002572059631,-0.2915267050266266,0.3048126995563507
11.28,0.0,0.0,0.0,0.1717902421951294,0.296008825302124,-0.00030470103956758976,0.0,0.0,0.0,0.26880255341529846,-0.25867387652397156,0.12374395877122879
11.3,0.0,0.0,0.0,0.3702281713485718,0.2839224338531494,-0.03272167965769768,0.0,0.0,0.0,-0.40771299600601196,-0.3937290608882904,0.07347053289413452
11.32,0.0,0.0,0.0,0.4882259666919708,0.28524160385131836,-0.18979497253894806,0.0,0.0,0.0,-0.9166693687438965,-0.39728668332099915,0.024794939905405045
11.34,0.0,0.0,0.0,-0.03487864509224892,0.19031870365142822,-0.2542979121208191,0.0,0.0,0.0,-0.6506200432777405,-0.38352882862091064,-0.08162973821163177
11.36,0.0,0.0,0.0,-0.3137112557888031,0.09204388409852982,-0.22976619005203247,0.0,0.0,0.0,-0.29473698139190674,-0.3534789979457855,-0.18220055103302002
11.38,0.0,0.0,0.0,-0.0776987299323082,0.0814434364438057,-0.19599637389183044,0.0,0.0,0.0,-0.20612598955631256,-0.30235952138900757,-0.2764214277267456
11.4,0.0,0.0,0.0,-0.15559406578540802,0.03742557018995285,-0.10921503603458405,0.0,0.0,0.0,-0.19643959403038025,-0.23993973433971405,-0.36634916067123413
11.42,0.0,0.0,0.0,-0.1428166925907135,0.03316088765859604,-0.1017453670501709,0.0,0.0,0.0,-0.09303872287273407,-0.2610417604446411,-0.4677337408065796
11.44,0.0,0.0,0.0,-0.08957801014184952,0.0027837196830660105,-0.13619887828826904,0.0,0.0,0.0,-0.040394172072410583,-0.28525009751319885,-0.4044446051120758
11.46,0.0,0.0,0.0,-0.008401241153478622,-0.02316966839134693,-0.19657617807388306,0.0,0.0,0.0,0.035752877593040466,-0.26066866517066956,-0.33848050236701965
11.48,0.0,0.0,0.0,-0.024973412975668907,-0.06568986177444458,-0.16405890882015228,0.0,0.0,0.0,0.16706110537052155,-0.255222350358963,-0.26593318581581116
11.5,0.0,0.0,0.0,0.01188045646995306,-0.07841791212558746,-0.12813203036785126,0.0,0.0,0.0,0.12083714455366135,-0.2506295442581177,-0.16348250210285187
11.52,0.0,0.0,0.0,-0.029048802331089973,-0.09097309410572052,-0.07050853222608566,0.0,0.0,0.0,0.09960554540157318,-0.21469944715499878,-0.05171465873718262
11.540000000000001,0.0,0.0,0.0,-0.1293996274471283,-0.10802174359560013,0.004016165621578693,0.0,0.0,0.0,0.10466893017292023,-0.1659926027059555,0.04949547350406647
11.56,0.0,0.0,0.0,-0.12211107462644577,-0.10418667644262314,0.024570420384407043,0.0,0.0,0.0,0.048057496547698975,-0.12107468396425247,0.13487139344215393
11.58,0.0,0.0,0.0,-0.13460220396518707,-0.11054273694753647,0.0066615198738873005,0.0,0.0,0.0,-0.04744318872690201,-0.05614835396409035,0.1552041471004486
11.6,0.0,0.0,0.0,-0.20560504496097565,-0.14094331860542297,-0.03445656970143318,0.0,0.0,0.0,-0.14428362250328064,0.029633836820721626,0.10551056265830994
11.620000000000001,0.0,0.0,0.0,-0.24229462444782257,-0.16548702120780945,-0.12008477747440338,0.0,0.0,0.0,-0.2437465339899063,0.1246490553021431,0.003365366719663143
11.64,0.0,0.0,0.0,-0.25885477662086487,-0.18548111617565155,-0.25659894943237305,0.0,0.0,0.0,-0.32917526364326477,0.22688038647174835,-0.13297885656356812
11.66,0.0,0.0,0.0,-0.24372264742851257,-0.21577765047550201,-0.4403228759765625,0.0,0.0,0.0,-0.3715493977069855,0.32899966835975647,-0.27900221943855286
11.68,0.0,0.0,0.0,-0.033830542117357254,-0.18336369097232819,-0.684319019317627,0.0,0.0,0.0,-0.29122689366340637,0.4341547191143036,-0.4686008393764496
11.700000000000001,0.0,0.0,0.0,0.4426648020744324,-0.09760117530822754,-0.9869067072868347,0.0,0.0,0.0,-0.12777434289455414,0.49728965759277344,-0.6788063645362854
11.72,0.0,0.0,0.0,0.9558148980140686,-0.010428011417388916,-1.3047373294830322,0.0,0.0,0.0,-0.10012444108724594,0.6958772540092468,-0.7108998894691467
11.74,0.0,0.0,0.0,0.6497594714164734,0.0008121517603285611,-1.2864211797714233,0.0,0.0,0.0,0.029467344284057617,0.7522216439247131,-0.7760595083236694
11.76,0.0,0.0,0.0,0.4326883554458618,0.02725527249276638,-1.1255903244018555,0.0,0.0,0.0,-0.13709142804145813,0.7418723106384277,-0.8766077756881714
11.78,0.0,0.0,0.0,0.3763573169708252,0.06503129005432129,-0.9280408024787903,0.0,0.0,0.0,-0.3901658058166504,0.9279753565788269,-0.6753165125846863
11.8,0.0,0.0,0.0,0.05770007520914078,0.028424981981515884,-0.7305609583854675,0.0,0.0,0.0,-0.03593852370977402,0.762631356716156,-0.6136111617088318
11.82,0.0,0.0,0.0,0.3528023064136505,-0.016841741278767586,-0.5964731574058533,0.0,0.0,0.0,-0.6001750826835632,0.7765006422996521,-0.5697509050369263
11.84,0.0,0.0,0.0,0.2845132350921631,-0.08358920365571976,-0.391884982585907,0.0,0.0,0.0,-1.2627421617507935,0.9024901986122131,-0.3726623058319092
11.86,0.0,0.0,0.0,0.07870583981275558,-0.06590743362903595,-0.11543051898479462,0.0,0.0,0.0,-1.3142459392547607,0.8786870837211609,-0.18683788180351257
11.88,0.0,0.0,0.0,-0.3602558374404907,-0.020338183268904686,0.29871198534965515,0.0,0.0,0.0,-0.920488715171814,0.8063538670539856,-0.01966424472630024
11.9,0.0,0.0,0.0,-0.5132943987846375,-0.008838952518999577,0.6790688633918762,0.0,0.0,0.0,-0.42200860381126404,0.6446662545204163,0.2128240019083023
11.92,0.0,0.0,0.0,-0.5395162105560303,-0.11432939022779465,0.9375949501991272,0.0,0.0,0.0,-0.15436150133609772,0.4738371670246124,0.39793846011161804
11.94,0.0,0.0,0.0,-0.24266155064105988,-0.22347140312194824,0.955742359161377,0.0,0.0,0.0,0.07662706822156906,0.25174975395202637,0.46625766158103943
11.96,0.0,0.0,0.0,0.1730593889951706,-0.19267530739307404,0.7732884287834167,0.0,0.0,0.0,0.21863123774528503,0.1295095533132553,0.4269614517688751
11.98,0.0,0.0,0.0,0.13358445465564728,-0.1086663007736206,0.6442514657974243,0.0,0.0,0.0,0.3820943832397461,0.07932975143194199,0.35421672463417053
12.0,0.0,0.0,0.0,0.12194227427244186,-0.027560293674468994,0.620112955570221,0.0,0.0,0.0,0.4829942584037781,0.03311517834663391,0.2510540187358856
12.02,0.0,0.0,0.0,0.11586730182170868,0.03369246795773506,0.6545047163963318,0.0,0.0,0.0,0.5657759308815002,-0.02872086688876152,0.18245767056941986
12.040000000000001,0.0,0.0,0.0,0.11021828651428223,0.11153519153594971,0.6843615174293518,0.0,0.0,0.0,0.6033577919006348,-0.09938076883554459,0.19272100925445557
12.06,0.0,0.0,0.0,-0.17364944517612457,0.1347610503435135,0.7032594680786133,0.0,0.0,0.0,0.6774827837944031,-0.14334118366241455,0.2696276009082794
12.08,0.0,0.0,0.0,-0.30607640743255615,0.1594850718975067,0.6331642270088196,0.0,0.0,0.0,0.8979846835136414,-0.21527908742427826,0.327253520488739
12.1,0.0,0.0,0.0,-0.4371302127838135,0.12746044993400574,0.5778946280479431,0.0,0.0,0.0,1.0136122703552246,-0.2872733175754547,0.35645073652267456
12.120000000000001,0.0,0.0,0.0,-0.24604015052318573,0.06356348097324371,0.48436179757118225,0.0,0.0,0.0,0.9558241367340088,-0.37981003522872925,0.41117966175079346
12.14,0.0,0.0,0.0,0.008451328612864017,-0.05077686905860901,0.39065858721733093,0.0,0.0,0.0,0.7856281995773315,-0.5437161922454834,0.5061715245246887
12.16,0.0,0.0,0.0,-0.048409100621938705,-0.23386476933956146,0.39403003454208374,0.0,0.0,0.0,0.2205851972103119,-0.7788705229759216,0.6430145502090454
12.18,0.0,0.0,0.0,-0.09095941483974457,-0.09410328418016434,0.5137056708335876,0.0,0.0,0.0,-0.07101624459028244,-0.9417145848274231,0.6846112012863159
12.200000000000001,0.0,0.0,0.0,-0.28862830996513367,-0.043587807565927505,0.4608810842037201,0.0,0.0,0.0,0.22411145269870758,-1.086551308631897,0.6169742941856384
12.22,0.0,0.0,0.0,0.00955576729029417,0.11093169450759888,0.2432633638381958,0.0,0.0,0.0,0.4846583902835846,-0.8316233158111572,0.4448191821575165
12.24,0.0,0.0,0.0,0.06759665161371231,0.16903458535671234,0.04682699218392372,0.0,0.0,0.0,0.7941760420799255,-0.5385900139808655,0.4005800187587738
12.26,0.0,0.0,0.0,-0.031612567603588104,0.2725365459918976,0.021745726466178894,0.0,0.0,0.0,0.9786067008972168,-0.3024333417415619,0.3097827136516571
12.280000000000001,0.0,0.0,0.0,0.08764035999774933,0.2929336428642273,0.010522597469389439,0.0,0.0,0.0,0.34299081563949585,-0.2464110553264618,0.1477750539779663
12.3,0.0,0.0,0.0,0.3488081991672516,0.28093093633651733,-0.03698917478322983,0.0,0.0,0.0,-0.3403359651565552,-0.3727213740348816,0.08424517512321472
12.32,0.0,0.0,0.0,0.5045225620269775,0.2895192801952362,-0.20157700777053833,0.0,0.0,0.0,-0.876020073890686,-0.391229510307312,0.051155056804418564
12.34,0.0,0.0,0.0,-0.02013220265507698,0.1952987015247345,-0.2663336992263794,0.0,0.0,0.0,-0.6653689742088318,-0.37972262501716614,-0.0588342659175396
12.36,0.0,0.0,0.0,-0.31349003314971924,0.09262248128652573,-0.24038545787334442,0.0,0.0,0.0,-0.3297777771949768,-0.3486514687538147,-0.14206922054290771
12.38,0.0,0.0,0.0,-0.08289531618356705,0.0818604826927185,-0.19742412865161896,0.0,0.0,0.0,-0.20802566409111023,-0.3060988187789917,-0.23400308191776276
12.4,0.0,0.0,0.0,-0.15133707225322723,0.03795965760946274,-0.09887176752090454,0.0,0.0,0.0,-0.2041315734386444,-0.2501835525035858,-0.3313871920108795
12.42,0.0,0.0,0.0,-0.12277190387248993,0.0397135391831398,-0.08956562727689743,0.0,0.0,0.0,-0.09869401901960373,-0.270585834980011,-0.44406992197036743
12.44,0.0,0.0,0.0,-0.09543363004922867,0.0003438970015849918,-0.11765258759260178,0.0,0.0,0.0,-0.038898590952157974,-0.30244478583335876,-0.38355299830436707
12.46,0.0,0.0,0.0,0.008392960764467716,-0.020720984786748886,-0.1815657615661621,0.0,0.0,0.0,0.04563792049884796,-0.2781918942928314,-0.3202788233757019
12.48,0.0,0.0,0.0,-0.01566207781434059,-0.06321045756340027,-0.15003640949726105,0.0,0.0,0.0,0.18511907756328583,-0.272745817899704,-0.2465638965368271
12.5,0.0,0.0,0.0,0.0036789551377296448,-0.08050613850355148,-0.11272366344928741,0.0,0.0,0.0,0.1440475434064865,-0.26840639114379883,-0.1467914581298828
12.52,0.0,0.0,0.0,-0.029726743698120117,-0.09200891107320786,-0.056832678616046906,0.0,0.0,0.0,0.1084103211760521,-0.23169150948524475,-0.036456167697906494
12.540000000000001,0.0,0.0,0.0,-0.1325783133506775,-0.1081211045384407,0.01958765834569931,0.0,0.0,0.0,0.10688191652297974,-0.17990459501743317,0.06329301744699478
12.56,0.0,0.0,0.0,-0.13069994747638702,-0.10414566844701767,0.04359942302107811,0.0,0.0,0.0,0.05383315682411194,-0.13112670183181763,0.14815637469291687
12.58,0.0,0.0,0.0,-0.13701802492141724,-0.10977678745985031,0.026341553777456284,0.0,0.0,0.0,-0.03773796185851097,-0.06538408994674683,0.16682593524456024
12.6,0.0,0.0,0.0,-0.19945308566093445,-0.1390216201543808,-0.01575813628733158,0.0,0.0,0.0,-0.13372573256492615,0.021624412387609482,0.1125306785106659
12.620000000000001,0.0,0.0,0.0,-0.23149608075618744,-0.16762977838516235,-0.1011144369840622,0.0,0.0,0.0,-0.23909243941307068,0.11686266958713531,0.008734372444450855
12.64,0.0,0.0,0.0,-0.2270074039697647,-0.18872615694999695,-0.23941507935523987,0.0,0.0,0.0,-0.3304257392883301,0.22018647193908691,-0.12894758582115173
12.66,0.0,0.0,0.0,-0.21534298360347748,-0.20570304989814758,-0.4194096028804779,0.0,0.0,0.0,-0.39014294743537903,0.3261359632015228,-0.28085044026374817
12.68,0.0,0.0,0.0,-0.041942767798900604,-0.1689961552619934,-0.6646267771720886,0.0,0.0,0.0,-0.30889809131622314,0.4203977882862091,-0.4738067090511322
12.700000000000001,0.0,0.0,0.0,0.4179578721523285,-0.0858047604560852,-0.9678930044174194,0.0,0.0,0.0,-0.1549873948097229,0.48342880606651306,-0.6790903806686401
12.72,0.0,0.0,0.0,0.9213865399360657,0.0033276532776653767,-1.2757534980773926,0.0,0.0,0.0,-0.1227567046880722,0.6906187534332275,-0.7008935809135437
12.74,0.0,0.0,0.0,0.6337676644325256,0.009438905864953995,-1.2743171453475952,0.0,0.0,0.0,0.0695420652627945,0.724760115146637,-0.7858542799949646
12.76,0.0,0.0,0.0,0.545933187007904,0.04832524061203003,-1.137721300125122,0.0,0.0,0.0,-0.11960338801145554,0.7404926419258118,-0.8786977529525757
12.780000000000001,0.0,0.0,0.0,0.3684799373149872,0.0656617134809494,-0.949280321598053,0.0,0.0,0.0,-0.3017512559890747,0.9151099324226379,-0.6881359815597534
12.8,0.0,0.0,0.0,0.08723874390125275,0.02597247250378132,-0.7609583735466003,0.0,0.0,0.0,0.004046219401061535,0.7596712708473206,-0.6261369585990906
12.82,0.0,0.0,0.0,0.3773798644542694,-0.013586639426648617,-0.644813060760498,0.0,0.0,0.0,-0.6154470443725586,0.7803336381912231,-0.5786752104759216
12.84,0.0,0.0,0.0,0.36593130230903625,-0.08011633157730103,-0.4643426537513733,0.0,0.0,0.0,-1.3049442768096924,0.9040530920028687,-0.3814297616481781
12.86,0.0,0.0,0.0,0.1318369060754776,-0.05655062198638916,-0.16026903688907623,0.0,0.0,0.0,-1.380958914756775,0.8987125158309937,-0.19399422407150269
12.88,0.0,0.0,0.0,-0.34137338399887085,-0.007026008330285549,0.29009538888931274,0.0,0.0,0.0,-0.9469048380851746,0.821038544178009,-0.023237768560647964
12.9,0.0,0.0,0.0,-0.5266635417938232,-0.003954152576625347,0.6934463977813721,0.0,0.0,0.0,-0.43215471506118774,0.6493563055992126,0.21545153856277466
12.92,0.0,0.0,0.0,-0.5565024614334106,-0.12169257551431656,0.9596628546714783,0.0,0.0,0.0,-0.16341347992420197,0.4744934141635895,0.3997618556022644
12.94,0.0,0.0,0.0,-0.25960013270378113,-0.23464243113994598,0.9801756143569946,0.0,0.0,0.0,0.049859900027513504,0.25719815492630005,0.4719630777835846
12.96,0.0,0.0,0.0,0.138743057847023,-0.2076900452375412,0.7982646822929382,0.0,0.0,0.0,0.22513557970523834,0.12466031312942505,0.44281190633773804
12.98,0.0,0.0,0.0,0.100901298224926,-0.1264887899160385,0.6601956486701965,0.0,0.0,0.0,0.38452520966529846,0.07955244928598404,0.36835014820098877
13.0,0.0,0.0,0.0,0.08049176633358002,-0.0502692349255085,0.6271706819534302,0.0,0.0,0.0,0.48965978622436523,0.034793511033058167,0.26061007380485535
13.02,0.0,0.0,0.0,0.096651591360569,0.017348427325487137,0.650334894657135,0.0,0.0,0.0,0.5599222183227539,-0.030290063470602036,0.183802992105484
13.040000000000001,0.0,0.0,0.0,0.05657806992530823,0.0966702550649643,0.6807229518890381,0.0,0.0,0.0,0.5741045475006104,-0.09229271858930588,0.18286237120628357
13.06,0.0,0.0,0.0,-0.1863003969192505,0.12983998656272888,0.6848183274269104,0.0,0.0,0.0,0.6673960089683533,-0.1421547830104828,0.25856995582580566
13.08,0.0,0.0,0.0,-0.32142847776412964,0.15215015411376953,0.61673504114151,0.0,0.0,0.0,0.8835350275039673,-0.21139389276504517,0.3198665976524353
13.1,0.0,0.0,0.0,-0.42238864302635193,0.12356366962194443,0.5598644018173218,0.0,0.0,0.0,1.0031718015670776,-0.28560760617256165,0.34554973244667053
13.120000000000001,0.0,0.0,0.0,-0.23578830063343048,0.06311456114053726,0.47477957606315613,0.0,0.0,0.0,0.9325919151306152,-0.37578073143959045,0.40050604939460754
13.14,0.0,0.0,0.0,0.009422119706869125,-0.04805032163858414,0.3851466774940491,0.0,0.0,0.0,0.783654510974884,-0.534967839717865,0.4955090284347534
13.16,0.0,0.0,0.0,-0.047933805733919144,-0.22560109198093414,0.38466355204582214,0.0,0.0,0.0,0.24763579666614532,-0.7625089883804321,0.6276413798332214
13.18,0.0,0.0,0.0,-0.10660344362258911,-0.09877370297908783,0.5028193593025208,0.0,0.0,0.0,-0.02923276089131832,-0.9215393662452698,0.6633623838424683
13.200000000000001,0.0,0.0,0.0,-0.3460589051246643,-0.06451600790023804,0.4610711336135864,0.0,0.0,0.0,0.2310863584280014,-1.0652925968170166,0.6066403388977051
13.22,0.0,0.0,0.0,0.03697771206498146,0.1074608862400055,0.22953586280345917,0.0,0.0,0.0,0.4861573874950409,-0.8293864130973816,0.4417691230773926
13.24,0.0,0.0,0.0,0.09113721549510956,0.18166273832321167,0.05243721604347229,0.0,0.0,0.0,0.7649247050285339,-0.5279271602630615,0.40222761034965515
13.26,0.0,0.0,0.0,-0.03534577041864395,0.2730100452899933,0.0351007841527462,0.0,0.0,0.0,0.9760028719902039,-0.29309213161468506,0.31284791231155396
13.280000000000001,0.0,0.0,0.0,0.10802183300256729,0.3025785982608795,0.018729856237769127,0.0,0.0,0.0,0.3348652422428131,-0.2309328019618988,0.14890895783901215
13.3,0.0,0.0,0.0,0.33818337321281433,0.28465983271598816,-0.02660546451807022,0.0,0.0,0.0,-0.34123823046684265,-0.357160747051239,0.0769016444683075
13.32,0.0,0.0,0.0,0.4902280569076538,0.28922298550605774,-0.19044490158557892,0.0,0.0,0.0,-0.871585488319397,-0.37833061814308167,0.05005375295877457
13.34,0.0,0.0,0.0,0.00025314860977232456,0.19868503510951996,-0.2674275040626526,0.0,0.0,0.0,-0.6840585470199585,-0.37176430225372314,-0.04935557022690773
13.36,0.0,0.0,0.0,-0.3171415627002716,0.09131420403718948,-0.24454942345619202,0.0,0.0,0.0,-0.36384162306785583,-0.3413786292076111,-0.1246693804860115
13.38,0.0,0.0,0.0,-0.07644565403461456,0.08333823829889297,-0.20405827462673187,0.0,0.0,0.0,-0.2262032926082611,-0.3035085201263428,-0.21482813358306885
13.4,0.0,0.0,0.0,-0.16495834290981293,0.04554739594459534,-0.09430389851331711,0.0,0.0,0.0,-0.2263716459274292,-0.24687322974205017,-0.3177245557308197
13.42,0.0,0.0,0.0,-0.15412382781505585,0.027293916791677475,-0.07836984097957611,0.0,0.0,0.0,-0.1311730444431305,-0.27405011653900146,-0.43518510460853577
13.44,0.0,0.0,0.0,-0.09489132463932037,0.0013002321356907487,-0.11480984836816788,0.0,0.0,0.0,-0.053970493376255035,-0.30554893612861633,-0.38394755125045776
13.46,0.0,0.0,0.0,-0.008439003489911556,-0.022692963480949402,-0.18034027516841888,0.0,0.0,0.0,0.019726736471056938,-0.27994346618652344,-0.3214544355869293
13.48,0.0,0.0,0.0,-0.02700035646557808,-0.06245464086532593,-0.14746351540088654,0.0,0.0,0.0,0.1698710322380066,-0.27386143803596497,-0.2528327703475952
13.5,0.0,0.0,0.0,-0.01480355579406023,-0.08170078694820404,-0.10518433898687363,0.0,0.0,0.0,0.13553966581821442,-0.27168118953704834,-0.15797358751296997
13.52,0.0,0.0,0.0,-0.039806075394153595,-0.09476421773433685,-0.0434463769197464,0.0,0.0,0.0,0.11539699882268906,-0.23758092522621155,-0.056990254670381546
13.540000000000001,0.0,0.0,0.0,-0.1282869428396225,-0.10887816548347473,0.03283305838704109,0.0,0.0,0.0,0.1146249771118164,-0.1881370097398758,0.0437873937189579
13.56,0.0,0.0,0.0,-0.1374477595090866,-0.10721712559461594,0.0599026195704937,0.0,0.0,0.0,0.0646100714802742,-0.14004018902778625,0.13413098454475403
13.58,0.0,0.0,0.0,-0.1423148810863495,-0.11253334581851959,0.04361419007182121,0.0,0.0,0.0,-0.02146904729306698,-0.07387438416481018,0.15836407244205475
13.6,0.0,0.0,0.0,-0.20194292068481445,-0.14248864352703094,0.0014015902997925878,0.0,0.0,0.0,-0.11683199554681778,0.013827490620315075,0.11103815585374832
13.620000000000001,0.0,0.0,0.0,-0.22866714000701904,-0.16932648420333862,-0.08629420399665833,0.0,0.0,0.0,-0.21715857088565826,0.10998880118131638,0.011997639201581478
13.64,0.0,0.0,0.0,-0.22840793430805206,-0.19130165874958038,-0.2248409539461136,0.0,0.0,0.0,-0.31048154830932617,0.21379943192005157,-0.12128275632858276
13.66,0.0,0.0,0.0,-0.20030850172042847,-0.20171380043029785,-0.41041210293769836,0.0,0.0,0.0,-0.3645872175693512,0.3163154721260071,-0.27608832716941833
13.68,0.0,0.0,0.0,-0.05213542655110359,-0.1677509993314743,-0.657427966594696,0.0,0.0,0.0,-0.30586928129196167,0.40904268622398376,-0.4695989787578583
13.700000000000001,0.0,0.0,0.0,0.391267865896225,-0.08829689025878906,-0.9632894992828369,0.0,0.0,0.0,-0.1899319887161255,0.4644947946071625,-0.6660506725311279
13.72,0.0,0.0,0.0,0.9758471846580505,0.029677994549274445,-1.2836902141571045,0.0,0.0,0.0,-0.17473487555980682,0.6745451092720032,-0.7006417512893677
13.74,0.0,0.0,0.0,0.6244205832481384,0.025150660425424576,-1.2663483619689941,0.0,0.0,0.0,0.07469461858272552,0.699679970741272,-0.7852035760879517
13.76,0.0,0.0,0.0,0.6224539875984192,0.04495684430003166,-1.1907299757003784,0.0,0.0,0.0,-0.027706608176231384,0.7330400347709656,-0.8693981766700745
13.780000000000001,0.0,0.0,0.0,0.41268864274024963,0.0559232234954834,-0.9955925941467285,0.0,0.0,0.0,-0.23426194489002228,0.8960639238357544,-0.6965070962905884
13.8,0.0,0.0,0.0,0.10804209113121033,0.02265636995434761,-0.7914897203445435,0.0,0.0,0.0,0.03569485992193222,0.7671608328819275,-0.6343985199928284
13.82,0.0,0.0,0.0,0.37130415439605713,-0.008145500905811787,-0.6711938977241516,0.0,0.0,0.0,-0.5736631155014038,0.7750853300094604,-0.5891404747962952
13.84,0.0,0.0,0.0,0.3915087878704071,-0.07834189385175705,-0.47982415556907654,0.0,0.0,0.0,-1.2719744443893433,0.9019815921783447,-0.382343590259552
13.86,0.0,0.0,0.0,0.17165307700634003,-0.05343541502952576,-0.16401396691799164,0.0,0.0,0.0,-1.362429141998291,0.9009806513786316,-0.1882106214761734
13.88,0.0,0.0,0.0,-0.31311312317848206,-0.004577449522912502,0.28926342725753784,0.0,0.0,0.0,-0.9310781955718994,0.8216865658760071,-0.0259346105158329
13.9,0.0,0.0,0.0,-0.5326218008995056,-0.0052134329453110695,0.6935595273971558,0.0,0.0,0.0,-0.4415470063686371,0.6540823578834534,0.21684108674526215
13.92,0.0,0.0,0.0,-0.5736390948295593,-0.11924108117818832,0.9586703777313232,0.0,0.0,0.0,-0.1616675853729248,0.48194950819015503,0.40738236904144287
13.94,0.0,0.0,0.0,-0.27905628085136414,-0.2340995818376541,0.9816723465919495,0.0,0.0,0.0,0.04866798222064972,0.2655646800994873,0.4799758493900299
13.96,0.0,0.0,0.0,0.10526560992002487,-0.21109376847743988,0.8061071634292603,0.0,0.0,0.0,0.21280540525913239,0.13500940799713135,0.4538358747959137
13.98,0.0,0.0,0.0,0.07738139480352402,-0.13420408964157104,0.6687785387039185,0.0,0.0,0.0,0.3766685426235199,0.08814816176891327,0.3803155720233917
14.0,0.0,0.0,0.0,0.05341409519314766,-0.06175767630338669,0.6329272389411926,0.0,0.0,0.0,0.48102429509162903,0.04313943535089493,0.2668265998363495
14.02,0.0,0.0,0.0,0.07223552465438843,0.011323576793074608,0.6493609547615051,0.0,0.0,0.0,0.547845184803009,-0.025780312716960907,0.18035006523132324
14.040000000000001,0.0,0.0,0.0,0.009223859757184982,0.09010043740272522,0.6761215925216675,0.0,0.0,0.0,0.5451676249504089,-0.08748329430818558,0.17238782346248627
14.06,0.0,0.0,0.0,-0.217969611287117,0.12336265295743942,0.675616979598999,0.0,0.0,0.0,0.6584343314170837,-0.14886076748371124,0.2441926747560501
14.08,0.0,0.0,0.0,-0.33816444873809814,0.14312677085399628,0.6069604158401489,0.0,0.0,0.0,0.8676904439926147,-0.22086186707019806,0.3019745945930481
14.1,0.0,0.0,0.0,-0.3957250118255615,0.11628364771604538,0.5455514788627625,0.0,0.0,0.0,0.9862840175628662,-0.3001781105995178,0.32799312472343445
14.120000000000001,0.0,0.0,0.0,-0.20323099195957184,0.05324558541178703,0.46770715713500977,0.0,0.0,0.0,0.9183223843574524,-0.39412879943847656,0.3824096918106079
14.14,0.0,0.0,0.0,0.026984483003616333,-0.05913153290748596,0.38689249753952026,0.0,0.0,0.0,0.7734681367874146,-0.5540947318077087,0.4772785007953644
14.16,0.0,0.0,0.0,-0.061289481818675995,-0.23831942677497864,0.3953128457069397,0.0,0.0,0.0,0.24581509828567505,-0.7805674076080322,0.6101540923118591
14.18,0.0,0.0,0.0,-0.12934543192386627,-0.10811042785644531,0.5180073380470276,0.0,0.0,0.0,-0.010224009864032269,-0.9311143755912781,0.639546275138855
14.200000000000001,0.0,0.0,0.0,-0.35062551498413086,-0.06743846833705902,0.4660637080669403,0.0,0.0,0.0,0.2695938050746918,-1.0717931985855103,0.581008791923523
14.22,0.0,0.0,0.0,0.05228151008486748,0.11318917572498322,0.220242440700531,0.0,0.0,0.0,0.49217796325683594,-0.8250064849853516,0.42130881547927856
14.24,0.0,0.0,0.0,0.10206512361764908,0.18948471546173096,0.0413183756172657,0.0,0.0,0.0,0.749506950378418,-0.5159704685211182,0.3862890303134918
14.26,0.0,0.0,0.0,-0.011394835077226162,0.28748250007629395,0.02059442363679409,0.0,0.0,0.0,0.971729040145874,-0.2807077169418335,0.2979750335216522
14.280000000000001,0.0,0.0,0.0,0.12046951800584793,0.31571173667907715,-0.0009221661603078246,0.0,0.0,0.0,0.3070950210094452,-0.21456140279769897,0.13621540367603302
14.3,0.0,0.0,0.0,0.33625221252441406,0.2924414277076721,-0.044266145676374435,0.0,0.0,0.0,-0.36163023114204407,-0.3390503227710724,0.06888803839683533
14.32,0.0,0.0,0.0,0.48042958974838257,0.2922135889530182,-0.20351481437683105,0.0,0.0,0.0,-0.8829332590103149,-0.36291179060935974,0.05532381311058998
14.34,0.0,0.0,0.0,0.007576623931527138,0.20496618747711182,-0.27929413318634033,0.0,0.0,0.0,-0.6992669105529785,-0.35968321561813354,-0.0320715457201004
14.36,0.0,0.0,0.0,-0.31441181898117065,0.09527695924043655,-0.2511118948459625,0.0,0.0,0.0,-0.3898858428001404,-0.32710570096969604,-0.09767675399780273
14.38,0.0,0.0,0.0,-0.07576446980237961,0.08605893701314926,-0.20615369081497192,0.0,0.0,0.0,-0.24138805270195007,-0.2907416820526123,-0.18592596054077148
14.4,0.0,0.0,0.0,-0.13333263993263245,0.009080260992050171,-0.11058666557073593,0.0,0.0,0.0,-0.2498481273651123,-0.24951976537704468,-0.2826181948184967
14.42,0.0,0.0,0.0,-0.08369624614715576,0.07689913362264633,-0.07385898381471634,0.0,0.0,0.0,-0.1521831899881363,-0.23998330533504486,-0.42490312457084656
14.44,0.0,0.0,0.0,-0.2347259223461151,-0.032744333148002625,-0.058125391602516174,0.0,0.0,0.0,-0.15457051992416382,-0.301442414522171,-0.3775440454483032
14.46,0.0,0.0,0.0,-0.00693701533600688,-0.0304969921708107,-0.1434601992368698,0.0,0.0,0.0,0.037242498248815536,-0.2968807816505432,-0.3542002737522125
14.48,0.0,0.0,0.0,-0.062432534992694855,-0.07511143386363983,-0.140336275100708,0.0,0.0,0.0,0.11484257131814957,-0.28274160623550415,-0.2634277045726776
14.5,0.0,0.0,0.0,-0.049579065293073654,-0.09804120659828186,-0.0908900573849678,0.0,0.0,0.0,0.18411284685134888,-0.27142056822776794,-0.17371957004070282
14.52,0.0,0.0,0.0,-0.05891533941030502,-0.10340633988380432,-0.06237976625561714,0.0,0.0,0.0,0.11733061075210571,-0.25352615118026733,-0.05521056428551674
14.540000000000001,0.0,0.0,0.0,-0.1481361985206604,-0.11567378789186478,-0.000524257542565465,0.0,0.0,0.0,0.10145964473485947,-0.19465214014053345,0.048755720257759094
14.56,0.0,0.0,0.0,-0.16715149581432343,-0.12096858769655228,0.04007836431264877,0.0,0.0,0.0,0.07318828999996185,-0.14033475518226624,0.138999342918396
14.58,0.0,0.0,0.0,-0.1359059363603592,-0.11873535811901093,0.02287256345152855,0.0,0.0,0.0,0.004545172210782766,-0.08064813166856766,0.16300243139266968
14.6,0.0,0.0,0.0,-0.20204521715641022,-0.1457318365573883,-0.016171341761946678,0.0,0.0,0.0,-0.10444283485412598,0.007805675268173218,0.11411123722791672
14.620000000000001,0.0,0.0,0.0,-0.22028613090515137,-0.1725091189146042,-0.09967206418514252,0.0,0.0,0.0,-0.20216242969036102,0.10294084995985031,0.013341720215976238
14.64,0.0,0.0,0.0,-0.20456087589263916,-0.18984702229499817,-0.23880049586296082,0.0,0.0,0.0,-0.29613879323005676,0.20535939931869507,-0.11791643500328064
14.66,0.0,0.0,0.0,-0.17563319206237793,-0.19784069061279297,-0.42285147309303284,0.0,0.0,0.0,-0.34716886281967163,0.30806154012680054,-0.26975563168525696
14.68,0.0,0.0,0.0,-0.024413088336586952,-0.1672266125679016,-0.6724818348884583,0.0,0.0,0.0,-0.2835875153541565,0.4004397690296173,-0.45903244614601135
14.700000000000001,0.0,0.0,0.0,0.4292777478694916,-0.0814339742064476,-0.9795535206794739,0.0,0.0,0.0,-0.14496727287769318,0.4664894640445709,-0.6645046472549438
14.72,0.0,0.0,0.0,0.9514918327331543,0.01834288239479065,-1.2818479537963867,0.0,0.0,0.0,-0.11158072203397751,0.6716737747192383,-0.6926301121711731
14.74,0.0,0.0,0.0,0.63730788230896,0.03133241459727287,-1.2668423652648926,0.0,0.0,0.0,0.11644690483808517,0.7208474278450012,-0.786799967288971
14.76,0.0,0.0,0.0,0.5689423084259033,0.05613648146390915,-1.1522921323776245,0.0,0.0,0.0,-0.031237514689564705,0.7258335947990417,-0.8825563788414001
14.780000000000001,0.0,0.0,0.0,0.44952720403671265,0.08049169927835464,-0.9899041056632996,0.0,0.0,0.0,-0.23654815554618835,0.8969475626945496,-0.6956802010536194
14.8,0.0,0.0,0.0,0.13123734295368195,0.03533005341887474,-0.7853304743766785,0.0,0.0,0.0,0.03505812585353851,0.754860520362854,-0.6370100378990173
14.82,0.0,0.0,0.0,0.41803157329559326,-0.008352335542440414,-0.670798122882843,0.0,0.0,0.0,-0.6072243452072144,0.7793646454811096,-0.5900719165802002
14.84,0.0,0.0,0.0,0.4313831627368927,-0.07435014843940735,-0.5052497982978821,0.0,0.0,0.0,-1.3066117763519287,0.9120661616325378,-0.39047110080718994
14.86,0.0,0.0,0.0,0.17895813286304474,-0.048077791929244995,-0.18752360343933105,0.0,0.0,0.0,-1.3759790658950806,0.9092829823493958,-0.19589370489120483
14.88,0.0,0.0,0.0,-0.3283068537712097,-0.001495217438787222,0.28152599930763245,0.0,0.0,0.0,-0.9515382051467896,0.8325183987617493,-0.018911560997366905
14.9,0.0,0.0,0.0,-0.547597348690033,-0.002392319729551673,0.7000165581703186,0.0,0.0,0.0,-0.4460263252258301,0.6534765362739563,0.23567907512187958
14.92,0.0,0.0,0.0,-0.582388162612915,-0.12294142693281174,0.9748839139938354,0.0,0.0,0.0,-0.18563154339790344,0.4766293466091156,0.4312778413295746
14.94,0.0,0.0,0.0,-0.2690921723842621,-0.23779790103435516,0.9905905723571777,0.0,0.0,0.0,0.023727107793092728,0.2658517360687256,0.5072274208068848
14.96,0.0,0.0,0.0,0.10552175343036652,-0.21674463152885437,0.8069921135902405,0.0,0.0,0.0,0.21188148856163025,0.14001692831516266,0.47985583543777466
14.98,0.0,0.0,0.0,0.07671131193637848,-0.13910116255283356,0.6636291742324829,0.0,0.0,0.0,0.3780592679977417,0.10070162266492844,0.3986014723777771
15.0,0.0,0.0,0.0,0.03994670882821083,-0.0702054500579834,0.6280289888381958,0.0,0.0,0.0,0.47464531660079956,0.05614900961518288,0.27702513337135315
15.02,0.0,0.0,0.0,0.08046175539493561,0.010916409082710743,0.6450930237770081,0.0,0.0,0.0,0.5306022763252258,-0.013318140991032124,0.18043823540210724
15.040000000000001,0.0,0.0,0.0,0.004271951969712973,0.08982077240943909,0.6785827279090881,0.0,0.0,0.0,0.5255388021469116,-0.07346827536821365,0.16501618921756744
15.06,0.0,0.0,0.0,-0.20840860903263092,0.12758755683898926,0.6724825501441956,0.0,0.0,0.0,0.6465405821800232,-0.13583050668239594,0.23326613008975983
15.08,0.0,0.0,0.0,-0.3403984308242798,0.14624544978141785,0.6028482913970947,0.0,0.0,0.0,0.8637359142303467,-0.20616936683654785,0.2919073700904846
15.1,0.0,0.0,0.0,-0.40140438079833984,0.12085211277008057,0.5431875586509705,0.0,0.0,0.0,0.9986346364021301,-0.28575897216796875,0.32047194242477417
15.120000000000001,0.0,0.0,0.0,-0.21284890174865723,0.06004882976412773,0.46520987153053284,0.0,0.0,0.0,0.9325463771820068,-0.37451180815696716,0.3762737512588501
15.14,0.0,0.0,0.0,0.024177564308047295,-0.047096315771341324,0.3776269853115082,0.0,0.0,0.0,0.7853131890296936,-0.5285045504570007,0.46784427762031555
15.16,0.0,0.0,0.0,-0.0838426724076271,-0.22515800595283508,0.3832305669784546,0.0,0.0,0.0,0.25234079360961914,-0.7380717396736145,0.5990120768547058
15.18,0.0,0.0,0.0,-0.04770474135875702,-0.07939134538173676,0.47262027859687805,0.0,0.0,0.0,0.020562846213579178,-0.8892571926116943,0.6359735131263733
15.200000000000001,0.0,0.0,0.0,-0.3349169194698334,-0.07772208005189896,0.4358624517917633,0.0,0.0,0.0,0.2447769194841385,-1.0392687320709229,0.5907399654388428
15.22,0.0,0.0,0.0,0.05156572535634041,0.10845370590686798,0.2186340093612671,0.0,0.0,0.0,0.5225794911384583,-0.8244972229003906,0.43472710251808167
15.24,0.0,0.0,0.0,0.11779183149337769,0.1925894320011139,0.043794598430395126,0.0,0.0,0.0,0.736047625541687,-0.5166420340538025,0.39191776514053345
15.26,0.0,0.0,0.0,-0.015864279121160507,0.27660900354385376,0.030168117955327034,0.0,0.0,0.0,0.9838528037071228,-0.2946206033229828,0.3047114908695221
15.280000000000001,0.0,0.0,0.0,0.12399087846279144,0.3054651618003845,0.02001621387898922,0.0,0.0,0.0,0.34128493070602417,-0.23427540063858032,0.14684145152568817
15.3,0.0,0.0,0.0,0.33979982137680054,0.2847953736782074,-0.015201432630419731,0.0,0.0,0.0,-0.33323797583580017,-0.3612845540046692,0.08113640546798706
15.32,0.0,0.0,0.0,0.4700440764427185,0.2812979817390442,-0.17320719361305237,0.0,0.0,0.0,-0.8531219959259033,-0.3802538812160492,0.0670911967754364
15.34,0.0,0.0,0.0,0.010082341730594635,0.18678165972232819,-0.2611629068851471,0.0,0.0,0.0,-0.6612568497657776,-0.3771555423736572,-0.017059259116649628
15.36,0.0,0.0,0.0,-0.2894676625728607,0.09397464245557785,-0.24742358922958374,0.0,0.0,0.0,-0.36801305413246155,-0.33646872639656067,-0.09487653523683548
15.38,0.0,0.0,0.0,-0.0841817557811737,0.07935857772827148,-0.19771917164325714,0.0,0.0,0.0,-0.2127021998167038,-0.30466821789741516,-0.17839926481246948
15.4,0.0,0.0,0.0,-0.13044291734695435,0.0071827745996415615,-0.10388623178005219,0.0,0.0,0.0,-0.23365014791488647,-0.26335424184799194,-0.283176451921463
15.42,0.0,0.0,0.0,-0.08244889229536057,0.07887285202741623,-0.07127424329519272,0.0,0.0,0.0,-0.14776593446731567,-0.2501332461833954,-0.4274481236934662
15.44,0.0,0.0,0.0,-0.24932284653186798,-0.03381265327334404,-0.04971796274185181,0.0,0.0,0.0,-0.1547621488571167,-0.3077103793621063,-0.3774189054965973
15.46,0.0,0.0,0.0,-0.0025425527710467577,-0.024972308427095413,-0.1371525377035141,0.0,0.0,0.0,0.0402776375412941,-0.305764764547348,-0.3541145920753479
15.48,0.0,0.0,0.0,-0.05299276486039162,-0.06585533916950226,-0.13601693511009216,0.0,0.0,0.0,0.1019701436161995,-0.2887333035469055,-0.26136356592178345
15.5,0.0,0.0,0.0,-0.05050397291779518,-0.09172824770212173,-0.08046481013298035,0.0,0.0,0.0,0.1833651214838028,-0.2791520953178406,-0.17115308344364166
15.52,0.0,0.0,0.0,-0.04763839766383171,-0.09625145047903061,-0.051295313984155655,0.0,0.0,0.0,0.11353617161512375,-0.2631004750728607,-0.05273700878024101
15.540000000000001,0.0,0.0,0.0,-0.13400012254714966,-0.1081458255648613,0.009858421050012112,0.0,0.0,0.0,0.09389102458953857,-0.20555733144283295,0.05126968398690224
15.56,0.0,0.0,0.0,-0.16642263531684875,-0.1164916381239891,0.05409843474626541,0.0,0.0,0.0,0.06552015990018845,-0.14991189539432526,0.14172691106796265
15.58,0.0,0.0,0.0,-0.1388195902109146,-0.11607708781957626,0.03907816857099533,0.0,0.0,0.0,0.000483374809846282,-0.09094789624214172,0.16817691922187805
15.6,0.0,0.0,0.0,-0.20633020997047424,-0.1428692787885666,0.001199645223096013,0.0,0.0,0.0,-0.10892663896083832,-0.002079287776723504,0.1216462031006813
15.620000000000001,0.0,0.0,0.0,-0.23486393690109253,-0.17171068489551544,-0.07975778728723526,0.0,0.0,0.0,-0.20549695193767548,0.09489495307207108,0.023057373240590096
15.64,0.0,0.0,0.0,-0.2222796231508255,-0.19008076190948486,-0.22012977302074432,0.0,0.0,0.0,-0.2902261018753052,0.1964869648218155,-0.10817578434944153
15.66,0.0,0.0,0.0,-0.19131837785243988,-0.19660358130931854,-0.40642914175987244,0.0,0.0,0.0,-0.33801576495170593,0.29750823974609375,-0.2629068195819855
15.68,0.0,0.0,0.0,-0.0514921136200428,-0.17022705078125,-0.6564037799835205,0.0,0.0,0.0,-0.27366411685943604,0.38931363821029663,-0.45591744780540466
15.700000000000001,0.0,0.0,0.0,0.3981326222419739,-0.09711457788944244,-0.9725216627120972,0.0,0.0,0.0,-0.19609640538692474,0.43085113167762756,-0.6545266509056091
15.72,0.0,0.0,0.0,1.0832349061965942,0.05023600161075592,-1.317257046699524,0.0,0.0,0.0,-0.19823838770389557,0.6559736132621765,-0.7296165227890015
15.74,0.0,0.0,0.0,0.6532772183418274,0.0359157994389534,-1.2889063358306885,0.0,0.0,0.0,0.04466592147946358,0.6739522218704224,-0.7945165634155273
15.76,0.0,0.0,0.0,0.6990625262260437,0.027778832241892815,-1.2930848598480225,0.0,0.0,0.0,0.029000110924243927,0.7416877150535583,-0.854898989200592
15.780000000000001,0.0,0.0,0.0,0.4674552381038666,0.05809755250811577,-1.0711077451705933,0.0,0.0,0.0,-0.18592993915081024,0.8836081027984619,-0.7080467939376831
15.8,0.0,0.0,0.0,0.12087063491344452,0.04065599665045738,-0.8355606198310852,0.0,0.0,0.0,0.05053546279668808,0.7849420309066772,-0.6461246013641357
15.82,0.0,0.0,0.0,0.37132877111434937,0.02970079332590103,-0.6824295520782471,0.0,0.0,0.0,-0.5106011629104614,0.7722499370574951,-0.6062369346618652
15.84,0.0,0.0,0.0,0.4124855697154999,-0.05483311042189598,-0.45200613141059875,0.0,0.0,0.0,-1.22771155834198,0.8951362371444702,-0.385966956615448
15.860000000000001,0.0,0.0,0.0,0.19209258258342743,-0.041165195405483246,-0.11894341558218002,0.0,0.0,0.0,-1.3982945680618286,0.8987306952476501,-0.17307817935943604
15.88,0.0,0.0,0.0,-0.289888471364975,0.0020449610892683268,0.32625192403793335,0.0,0.0,0.0,-0.9954578876495361,0.8186195492744446,-0.027155978605151176
15.9,0.0,0.0,0.0,-0.5416985154151917,-0.0028331053908914328,0.7246505618095398,0.0,0.0,0.0,-0.5216725468635559,0.663861095905304,0.20880521833896637
15.92,0.0,0.0,0.0,-0.6167096495628357,-0.11267036199569702,0.9869704842567444,0.0,0.0,0.0,-0.20536990463733673,0.5024945139884949,0.4161737263202667
15.94,0.0,0.0,0.0,-0.32100239396095276,-0.2311241626739502,1.005489706993103,0.0,0.0,0.0,0.03623374179005623,0.2801878750324249,0.5109459161758423
15.96,0.0,0.0,0.0,0.06726682186126709,-0.22014161944389343,0.8287197351455688,0.0,0.0,0.0,0.21693435311317444,0.14608675241470337,0.4907745122909546
15.98,0.0,0.0,0.0,0.07048166543245316,-0.14954572916030884,0.6779883503913879,0.0,0.0,0.0,0.3708500266075134,0.1010637953877449,0.40708407759666443
16.0,0.0,0.0,0.0,0.03286227956414223,-0.07893390208482742,0.6325324177742004,0.0,0.0,0.0,0.45664215087890625,0.059425897896289825,0.2816363573074341
16.02,0.0,0.0,0.0,0.07659010589122772,0.013179539702832699,0.6409986019134521,0.0,0.0,0.0,0.5387439727783203,-0.012425592169165611,0.1740458458662033
16.04,0.0,0.0,0.0,-0.01886548101902008,0.08843167126178741,0.6716252565383911,0.0,0.0,0.0,0.5319950580596924,-0.06956584006547928,0.1517486572265625
16.06,0.0,0.0,0.0,-0.2009149044752121,0.12469670921564102,0.6660551428794861,0.0,0.0,0.0,0.6461288928985596,-0.13550961017608643,0.21916966140270233
16.080000000000002,0.0,0.0,0.0,-0.3499448001384735,0.13886690139770508,0.6071825623512268,0.0,0.0,0.0,0.8506768345832825,-0.208583265542984,0.2722645401954651
16.1,0.0,0.0,0.0,-0.3612872064113617,0.12277407944202423,0.5298407673835754,0.0,0.0,0.0,0.963251531124115,-0.28781163692474365,0.301514208316803
16.12,0.0,0.0,0.0,-0.2037566751241684,0.05880314111709595,0.46115630865097046,0.0,0.0,0.0,0.8956407904624939,-0.3764221668243408,0.3634667992591858
16.14,0.0,0.0,0.0,0.0108389463275671,-0.052034687250852585,0.38665565848350525,0.0,0.0,0.0,0.7683135867118835,-0.5253010988235474,0.45631352066993713
16.16,0.0,0.0,0.0,-0.054849088191986084,-0.21917657554149628,0.38816457986831665,0.0,0.0,0.0,0.27789175510406494,-0.7389571070671082,0.5879759788513184
16.18,0.0,0.0,0.0,-0.15430410206317902,-0.09948670864105225,0.501252293586731,0.0,0.0,0.0,0.01471269503235817,-0.8836153149604797,0.6145983934402466
16.2,0.0,0.0,0.0,-0.39053189754486084,-0.10313266515731812,0.4461575150489807,0.0,0.0,0.0,0.24811458587646484,-1.0344069004058838,0.5776975750923157
16.22,0.0,0.0,0.0,0.10312682390213013,0.10553570091724396,0.2033768743276596,0.0,0.0,0.0,0.5078004598617554,-0.8292495012283325,0.4327268600463867
16.240000000000002,0.0,0.0,0.0,0.14610077440738678,0.20079076290130615,0.036823488771915436,0.0,0.0,0.0,0.7154553532600403,-0.513302206993103,0.3986780047416687
16.26,0.0,0.0,0.0,-0.007221572566777468,0.2808762490749359,0.031542133539915085,0.0,0.0,0.0,0.9813230037689209,-0.2967531085014343,0.3033061623573303
16.28,0.0,0.0,0.0,0.12470418959856033,0.3109605014324188,0.01799280010163784,0.0,0.0,0.0,0.3197154402732849,-0.22285331785678864,0.13908988237380981
16.3,0.0,0.0,0.0,0.3617136776447296,0.2943807542324066,-0.016945166513323784,0.0,0.0,0.0,-0.3149757385253906,-0.3463835120201111,0.06894630938768387
16.32,0.0,0.0,0.0,0.442862868309021,0.28158923983573914,-0.16063354909420013,0.0,0.0,0.0,-0.8377830982208252,-0.36129045486450195,0.0656854584813118
16.34,0.0,0.0,0.0,0.00930260494351387,0.19005203247070312,-0.25832507014274597,0.0,0.0,0.0,-0.6506312489509583,-0.3642483949661255,-0.005797157995402813
16.36,0.0,0.0,0.0,-0.287200927734375,0.09783680737018585,-0.25414595007896423,0.0,0.0,0.0,-0.3851410150527954,-0.3245674669742584,-0.07598574459552765
16.38,0.0,0.0,0.0,-0.09209249913692474,0.08115392923355103,-0.20540763437747955,0.0,0.0,0.0,-0.2361086905002594,-0.29659849405288696,-0.15868975222110748
16.4,0.0,0.0,0.0,-0.1401963233947754,0.008092587813735008,-0.10807226598262787,0.0,0.0,0.0,-0.27100229263305664,-0.25738146901130676,-0.26488879323005676
16.42,0.0,0.0,0.0,-0.09650678187608719,0.07867684215307236,-0.07033094763755798,0.0,0.0,0.0,-0.1776273548603058,-0.24519193172454834,-0.4128715991973877
16.44,0.0,0.0,0.0,-0.26162847876548767,-0.039588313549757004,-0.04419809579849243,0.0,0.0,0.0,-0.1723482310771942,-0.3053417503833771,-0.36551985144615173
16.46,0.0,0.0,0.0,-0.010786964558064938,-0.030849408358335495,-0.13281981647014618,0.0,0.0,0.0,0.02833653800189495,-0.30564799904823303,-0.345032662153244
16.48,0.0,0.0,0.0,-0.06691034138202667,-0.07257267832756042,-0.13270524144172668,0.0,0.0,0.0,0.08733465522527695,-0.28793829679489136,-0.25548693537712097
16.5,0.0,0.0,0.0,-0.06633810698986053,-0.09822868555784225,-0.07710867375135422,0.0,0.0,0.0,0.17667081952095032,-0.27900367975234985,-0.17087700963020325
16.52,0.0,0.0,0.0,-0.06953585892915726,-0.10437262803316116,-0.04681771993637085,0.0,0.0,0.0,0.10620762407779694,-0.26262593269348145,-0.05564349889755249
16.54,0.0,0.0,0.0,-0.1470896452665329,-0.1145288273692131,0.013116525486111641,0.0,0.0,0.0,0.09567583352327347,-0.2065131813287735,0.04673054814338684
16.56,0.0,0.0,0.0,-0.17848743498325348,-0.12354491651058197,0.05791741982102394,0.0,0.0,0.0,0.07129504531621933,-0.15195848047733307,0.13743679225444794
16.580000000000002,0.0,0.0,0.0,-0.14762288331985474,-0.12269601225852966,0.041924457997083664,0.0,0.0,0.0,0.010499498806893826,-0.09364629536867142,0.16385206580162048
16.6,0.0,0.0,0.0,-0.2098943442106247,-0.14779941737651825,0.0013482101494446397,0.0,0.0,0.0,-0.09978014975786209,-0.004766813013702631,0.1176917552947998
16.62,0.0,0.0,0.0,-0.23526138067245483,-0.17563028633594513,-0.08191291242837906,0.0,0.0,0.0,-0.19650256633758545,0.09195806831121445,0.020850297063589096
16.64,0.0,0.0,0.0,-0.22234712541103363,-0.1940651535987854,-0.22451338171958923,0.0,0.0,0.0,-0.28057998418807983,0.1921543926000595,-0.10787122696638107
16.66,0.0,0.0,0.0,-0.18316666781902313,-0.1990499198436737,-0.4151216149330139,0.0,0.0,0.0,-0.3253647983074188,0.2903687059879303,-0.2622305452823639
16.68,0.0,0.0,0.0,-0.028844863176345825,-0.1709316521883011,-0.6721224188804626,0.0,0.0,0.0,-0.26994165778160095,0.3818402588367462,-0.4547823667526245
16.7,0.0,0.0,0.0,0.42322400212287903,-0.09476442635059357,-0.9917666912078857,0.0,0.0,0.0,-0.1958630383014679,0.42351779341697693,-0.6510310769081116
16.72,0.0,0.0,0.0,1.1096346378326416,0.05455738678574562,-1.3376401662826538,0.0,0.0,0.0,-0.1918567270040512,0.6454570293426514,-0.7241487503051758
16.740000000000002,0.0,0.0,0.0,0.6861060857772827,0.05491085723042488,-1.294852614402771,0.0,0.0,0.0,0.06210460886359215,0.6867017149925232,-0.7787683010101318
16.76,0.0,0.0,0.0,0.6516900658607483,0.02452412061393261,-1.2865979671478271,0.0,0.0,0.0,0.10621025413274765,0.7323368191719055,-0.8618455529212952
16.78,0.0,0.0,0.0,0.5178391337394714,0.06596863269805908,-1.0808333158493042,0.0,0.0,0.0,-0.17861391603946686,0.8774508237838745,-0.7153722643852234
16.8,0.0,0.0,0.0,0.1324104517698288,0.04402866214513779,-0.832943856716156,0.0,0.0,0.0,0.04919532686471939,0.7849225401878357,-0.6458536982536316
16.82,0.0,0.0,0.0,0.3815072178840637,0.032722990959882736,-0.6671452522277832,0.0,0.0,0.0,-0.512377142906189,0.7663742303848267,-0.6053717136383057
16.84,0.0,0.0,0.0,0.41854554414749146,-0.049742113798856735,-0.4439827501773834,0.0,0.0,0.0,-1.2318023443222046,0.896191418170929,-0.3828747570514679
16.86,0.0,0.0,0.0,0.19783908128738403,-0.03695087134838104,-0.11612162739038467,0.0,0.0,0.0,-1.3844695091247559,0.8985512852668762,-0.17138105630874634
16.88,0.0,0.0,0.0,-0.29440242052078247,-0.002066969871520996,0.3301272988319397,0.0,0.0,0.0,-0.9886707663536072,0.8213295936584473,-0.02531171590089798
16.9,0.0,0.0,0.0,-0.560549795627594,-0.0076079461723566055,0.7322677373886108,0.0,0.0,0.0,-0.5190233588218689,0.6645627617835999,0.21847373247146606
16.92,0.0,0.0,0.0,-0.6386590600013733,-0.11611364036798477,0.9959736466407776,0.0,0.0,0.0,-0.20280830562114716,0.501099169254303,0.430512011051178
16.94,0.0,0.0,0.0,-0.33501842617988586,-0.23406940698623657,1.007986307144165,0.0,0.0,0.0,0.03220236301422119,0.28176140785217285,0.5233874320983887
16.96,0.0,0.0,0.0,0.04584292322397232,-0.2248796969652176,0.8279593586921692,0.0,0.0,0.0,0.2054605782032013,0.15311023592948914,0.49989110231399536
16.98,0.0,0.0,0.0,0.051888301968574524,-0.1559738963842392,0.6752951741218567,0.0,0.0,0.0,0.36645013093948364,0.10690806806087494,0.41080614924430847
17.0,0.0,0.0,0.0,0.012618600390851498,-0.08590269833803177,0.6285064220428467,0.0,0.0,0.0,0.44854721426963806,0.06335408240556717,0.2764681577682495
17.02,0.0,0.0,0.0,0.06190535053610802,0.011706732213497162,0.6338294148445129,0.0,0.0,0.0,0.5219491720199585,-0.010682230815291405,0.16090989112854004
17.04,0.0,0.0,0.0,-0.05133114382624626,0.0850120261311531,0.6644046902656555,0.0,0.0,0.0,0.5104047656059265,-0.06878390908241272,0.13676205277442932
17.06,0.0,0.0,0.0,-0.22211909294128418,0.1215042769908905,0.6562806367874146,0.0,0.0,0.0,0.6380478739738464,-0.14087630808353424,0.20489683747291565
17.080000000000002,0.0,0.0,0.0,-0.3555454909801483,0.13528019189834595,0.597386360168457,0.0,0.0,0.0,0.8425296545028687,-0.21369783580303192,0.2574012577533722
17.1,0.0,0.0,0.0,-0.35005834698677063,0.11986017972230911,0.5222507119178772,0.0,0.0,0.0,0.9639980792999268,-0.29410335421562195,0.2872104048728943
17.12,0.0,0.0,0.0,-0.18699021637439728,0.055952634662389755,0.45850273966789246,0.0,0.0,0.0,0.9022783041000366,-0.382295161485672,0.34771081805229187
17.14,0.0,0.0,0.0,0.02537313476204872,-0.05416954681277275,0.38611534237861633,0.0,0.0,0.0,0.7767351269721985,-0.5294349789619446,0.43811655044555664
17.16,0.0,0.0,0.0,-0.05056493356823921,-0.22084736824035645,0.3883277177810669,0.0,0.0,0.0,0.2907509207725525,-0.7396450638771057,0.5674890279769897
17.18,0.0,0.0,0.0,-0.16210107505321503,-0.10308182239532471,0.5012015700340271,0.0,0.0,0.0,0.032714877277612686,-0.8804292678833008,0.5937197804450989
17.2,0.0,0.0,0.0,-0.3951353132724762,-0.10726220905780792,0.440132737159729,0.0,0.0,0.0,0.260112464427948,-1.0284454822540283,0.5616151690483093
17.22,0.0,0.0,0.0,0.128755584359169,0.11126592010259628,0.1910906583070755,0.0,0.0,0.0,0.5167027711868286,-0.8274135589599609,0.42194488644599915
17.240000000000002,0.0,0.0,0.0,0.16571468114852905,0.21075230836868286,0.028124576434493065,0.0,0.0,0.0,0.7060075402259827,-0.5072464942932129,0.38599392771720886
17.26,0.0,0.0,0.0,0.007313217502087355,0.28727006912231445,0.02656317874789238,0.0,0.0,0.0,0.9791609644889832,-0.2928565740585327,0.2909080386161804
17.28,0.0,0.0,0.0,0.14896216988563538,0.318949431180954,0.008042455650866032,0.0,0.0,0.0,0.3240424394607544,-0.22001397609710693,0.13194197416305542
17.3,0.0,0.0,0.0,0.36485904455184937,0.29710039496421814,-0.022257350385189056,0.0,0.0,0.0,-0.3111587464809418,-0.34284403920173645,0.06546995788812637
17.32,0.0,0.0,0.0,0.42508918046951294,0.278202623128891,-0.15974709391593933,0.0,0.0,0.0,-0.8267738819122314,-0.35590144991874695,0.07131551951169968
17.34,0.0,0.0,0.0,0.01686389371752739,0.1908319592475891,-0.26154422760009766,0.0,0.0,0.0,-0.6394088864326477,-0.3613436222076416,0.011106542311608791
17.36,0.0,0.0,0.0,-0.2803323566913605,0.09948152303695679,-0.2566627562046051,0.0,0.0,0.0,-0.3859122693538666,-0.3195955455303192,-0.05191648378968239
17.38,0.0,0.0,0.0,-0.09256557375192642,0.08094021677970886,-0.20557653903961182,0.0,0.0,0.0,-0.23402447998523712,-0.2925196886062622,-0.13186153769493103
17.400000000000002,0.0,0.0,0.0,-0.14081351459026337,0.006735791452229023,-0.10754033178091049,0.0,0.0,0.0,-0.27157193422317505,-0.25481167435646057,-0.24426069855690002
17.42,0.0,0.0,0.0,-0.09483267366886139,0.07722177356481552,-0.06805869936943054,0.0,0.0,0.0,-0.18512235581874847,-0.2438117116689682,-0.39819958806037903
17.44,0.0,0.0,0.0,-0.2601674795150757,-0.04097788408398628,-0.039716750383377075,0.0,0.0,0.0,-0.1858050525188446,-0.3037260174751282,-0.3542555570602417
17.46,0.0,0.0,0.0,-0.01579572632908821,-0.03318488225340843,-0.12604835629463196,0.0,0.0,0.0,0.021267391741275787,-0.30734097957611084,-0.3349784016609192
17.48,0.0,0.0,0.0,-0.07328980416059494,-0.07424286007881165,-0.12621256709098816,0.0,0.0,0.0,0.07860259711742401,-0.28915902972221375,-0.2476552575826645
17.5,0.0,0.0,0.0,-0.07570186257362366,-0.09988608956336975,-0.07016323506832123,0.0,0.0,0.0,0.1755129098892212,-0.2817493975162506,-0.16508355736732483
17.52,0.0,0.0,0.0,-0.08425711840391159,-0.10740754753351212,-0.038578592240810394,0.0,0.0,0.0,0.10221836715936661,-0.26413699984550476,-0.0512336790561676
17.54,0.0,0.0,0.0,-0.15205442905426025,-0.11584022641181946,0.019462240859866142,0.0,0.0,0.0,0.09545150399208069,-0.20889335870742798,0.05012795329093933
17.56,0.0,0.0,0.0,-0.1849917769432068,-0.12497774511575699,0.06460592150688171,0.0,0.0,0.0,0.07093560695648193,-0.15410655736923218,0.14077366888523102
17.580000000000002,0.0,0.0,0.0,-0.15605877339839935,-0.1250411421060562,0.049432121217250824,0.0,0.0,0.0,0.009449479170143604,-0.0952753946185112,0.16679435968399048
17.6,0.0,0.0,0.0,-0.21317709982395172,-0.14876168966293335,0.0081562465056777,0.0,0.0,0.0,-0.10296430438756943,-0.0061002266593277454,0.12044144421815872
17.62,0.0,0.0,0.0,-0.23926977813243866,-0.1761952042579651,-0.07484233379364014,0.0,0.0,0.0,-0.2013988047838211,0.09089706093072891,0.0240129753947258
17.64,0.0,0.0,0.0,-0.2279626429080963,-0.19458141922950745,-0.21714861690998077,0.0,0.0,0.0,-0.28324005007743835,0.19050343334674835,-0.10370531678199768
17.66,0.0,0.0,0.0,-0.18701621890068054,-0.20012550055980682,-0.4093395471572876,0.0,0.0,0.0,-0.32641199231147766,0.28686174750328064,-0.2579461336135864
17.68,0.0,0.0,0.0,-0.02026740461587906,-0.16974706947803497,-0.6699336171150208,0.0,0.0,0.0,-0.2749001085758209,0.37806957960128784,-0.4515039324760437
17.7,0.0,0.0,0.0,0.4341590404510498,-0.09262971580028534,-0.9926164150238037,0.0,0.0,0.0,-0.20055025815963745,0.419816255569458,-0.6499705910682678
17.72,0.0,0.0,0.0,1.1183545589447021,0.05684485286474228,-1.338924765586853,0.0,0.0,0.0,-0.1892150491476059,0.6410551071166992,-0.7250311374664307
17.740000000000002,0.0,0.0,0.0,0.7044820785522461,0.06402701139450073,-1.2939716577529907,0.0,0.0,0.0,0.06562581658363342,0.690554141998291,-0.7770445942878723
17.76,0.0,0.0,0.0,0.6433380246162415,0.025638971477746964,-1.2842087745666504,0.0,0.0,0.0,0.12982645630836487,0.7318414449691772,-0.8668131232261658
17.78,0.0,0.0,0.0,0.5433979630470276,0.07390367239713669,-1.0868632793426514,0.0,0.0,0.0,-0.16996563971042633,0.873481035232544,-0.7202582359313965
17.8,0.0,0.0,0.0,0.14705127477645874,0.05088673532009125,-0.8358399271965027,0.0,0.0,0.0,0.05179397389292717,0.7842324376106262,-0.6486126184463501
17.82,0.0,0.0,0.0,0.39629462361335754,0.039544157683849335,-0.6658177971839905,0.0,0.0,0.0,-0.5078858733177185,0.7634434700012207,-0.6077447533607483
17.84,0.0,0.0,0.0,0.4330776631832123,-0.04258117079734802,-0.44417792558670044,0.0,0.0,0.0,-1.226162075996399,0.8941981196403503,-0.38484930992126465
17.86,0.0,0.0,0.0,0.20716840028762817,-0.030731452628970146,-0.11455648392438889,0.0,0.0,0.0,-1.3822109699249268,0.8977347612380981,-0.17090053856372833
17.88,0.0,0.0,0.0,-0.2945746183395386,-0.00025012734113261104,0.33353349566459656,0.0,0.0,0.0,-0.9903963208198547,0.8216586709022522,-0.02270614728331566
17.900000000000002,0.0,0.0,0.0,-0.5676042437553406,-0.007664549630135298,0.7385767698287964,0.0,0.0,0.0,-0.5243843197822571,0.663332998752594,0.22531454265117645
17.92,0.0,0.0,0.0,-0.6483489871025085,-0.1170000210404396,1.0032434463500977,0.0,0.0,0.0,-0.21113309264183044,0.5004985928535461,0.44197967648506165
17.94,0.0,0.0,0.0,-0.3381623923778534,-0.2358793169260025,1.0111812353134155,0.0,0.0,0.0,0.025009512901306152,0.281973659992218,0.5363008975982666
17.96,0.0,0.0,0.0,0.03849469870328903,-0.229132741689682,0.8284977674484253,0.0,0.0,0.0,0.19678206741809845,0.15743981301784515,0.5110481977462769
17.98,0.0,0.0,0.0,0.040494732558727264,-0.1620406061410904,0.6738603115081787,0.0,0.0,0.0,0.3631764352321625,0.11108791828155518,0.4179384112358093
18.0,0.0,0.0,0.0,-0.004059217404574156,-0.09224727749824524,0.6263307332992554,0.0,0.0,0.0,0.44202378392219543,0.06723606586456299,0.2778741121292114
18.02,0.0,0.0,0.0,0.04948500916361809,0.008593769744038582,0.6300594210624695,0.0,0.0,0.0,0.5112731456756592,-0.007974966429173946,0.15723438560962677
18.04,0.0,0.0,0.0,-0.0674590989947319,0.08214171975851059,0.6599896550178528,0.0,0.0,0.0,0.4958353042602539,-0.06585267931222916,0.13042648136615753
18.06,0.0,0.0,0.0,-0.23009532690048218,0.11967635154724121,0.6509984135627747,0.0,0.0,0.0,0.6275689601898193,-0.13938204944133759,0.19836129248142242
18.080000000000002,0.0,0.0,0.0,-0.3534712791442871,0.13436786830425262,0.5925689339637756,0.0,0.0,0.0,0.8338927030563354,-0.21160313487052917,0.2508666515350342
18.1,0.0,0.0,0.0,-0.3415902554988861,0.11993750929832458,0.5193994641304016,0.0,0.0,0.0,0.9613146185874939,-0.29209357500076294,0.28006669878959656
18.12,0.0,0.0,0.0,-0.1815665066242218,0.05685928836464882,0.4596562385559082,0.0,0.0,0.0,0.9028333425521851,-0.37896573543548584,0.3382136821746826
18.14,0.0,0.0,0.0,0.028842462226748466,-0.051238611340522766,0.3881039321422577,0.0,0.0,0.0,0.7821758389472961,-0.5232147574424744,0.4259782135486603
18.16,0.0,0.0,0.0,-0.04670242965221405,-0.21557962894439697,0.38750356435775757,0.0,0.0,0.0,0.3065834641456604,-0.729760468006134,0.5524472594261169
18.18,0.0,0.0,0.0,-0.16911561787128448,-0.1045394167304039,0.498186856508255,0.0,0.0,0.0,0.052207883447408676,-0.8695313334465027,0.5768490433692932
18.2,0.0,0.0,0.0,-0.4433828294277191,-0.12419290840625763,0.435459703207016,0.0,0.0,0.0,0.2262389361858368,-1.0133562088012695,0.5554408431053162
18.22,0.0,0.0,0.0,0.16211043298244476,0.10901167243719101,0.16920803487300873,0.0,0.0,0.0,0.5244553685188293,-0.8288947343826294,0.4242009222507477
18.240000000000002,0.0,0.0,0.0,0.1925576776266098,0.22088219225406647,0.01928795501589775,0.0,0.0,0.0,0.6915847063064575,-0.5031854510307312,0.38702327013015747
18.26,0.0,0.0,0.0,0.01869894377887249,0.2911793291568756,0.02919137477874756,0.0,0.0,0.0,0.9921371936798096,-0.2935408651828766,0.28194475173950195
18.28,0.0,0.0,0.0,0.17585068941116333,0.3264545202255249,0.010901409201323986,0.0,0.0,0.0,0.33585187792778015,-0.22135624289512634,0.11957505345344543
18.3,0.0,0.0,0.0,0.37133005261421204,0.30078262090682983,-0.017619935795664787,0.0,0.0,0.0,-0.29776862263679504,-0.34322023391723633,0.05479877442121506
18.32,0.0,0.0,0.0,0.4163608253002167,0.2762030363082886,-0.1521919071674347,0.0,0.0,0.0,-0.8089236617088318,-0.3531588613986969,0.07195024937391281
18.34,0.0,0.0,0.0,0.029814282432198524,0.19056721031665802,-0.26063311100006104,0.0,0.0,0.0,-0.6167585849761963,-0.3619751036167145,0.023340469226241112
18.36,0.0,0.0,0.0,-0.26527366042137146,0.10072359442710876,-0.2627713680267334,0.0,0.0,0.0,-0.37831589579582214,-0.31900352239608765,-0.03617585077881813
18.38,0.0,0.0,0.0,-0.0876459851861,0.08186859637498856,-0.2104516327381134,0.0,0.0,0.0,-0.23358267545700073,-0.2921236455440521,-0.11515352874994278
18.400000000000002,0.0,0.0,0.0,-0.15550746023654938,0.0008536276873201132,-0.10853599011898041,0.0,0.0,0.0,-0.2872551679611206,-0.257324755191803,-0.23292794823646545
18.42,0.0,0.0,0.0,-0.06527789682149887,0.07750588655471802,-0.07189172506332397,0.0,0.0,0.0,-0.1857759803533554,-0.24699203670024872,-0.38508328795433044
18.44,0.0,0.0,0.0,-0.2755158841609955,-0.044606540352106094,-0.031500376760959625,0.0,0.0,0.0,-0.21726025640964508,-0.30336442589759827,-0.3470222055912018
18.46,0.0,0.0,0.0,-0.021895557641983032,-0.03416313976049423,-0.11643914133310318,0.0,0.0,0.0,0.02271248772740364,-0.30977651476860046,-0.32943838834762573
18.48,0.0,0.0,0.0,-0.06560596078634262,-0.07241804152727127,-0.12201736867427826,0.0,0.0,0.0,0.07171134650707245,-0.2924700081348419,-0.24587032198905945
18.5,0.0,0.0,0.0,-0.09100975096225739,-0.1017829105257988,-0.06129598990082741,0.0,0.0,0.0,0.1773446500301361,-0.28402259945869446,-0.16371901333332062
18.52,0.0,0.0,0.0,-0.09307830780744553,-0.10901594161987305,-0.030867716297507286,0.0,0.0,0.0,0.09928060322999954,-0.264627069234848,-0.05290071666240692
18.54,0.0,0.0,0.0,-0.15799888968467712,-0.11723486334085464,0.026391983032226562,0.0,0.0,0.0,0.09660973399877548,-0.2121887356042862,0.048072487115859985
18.56,0.0,0.0,0.0,-0.1953589916229248,-0.1270872950553894,0.07289782166481018,0.0,0.0,0.0,0.07037250697612762,-0.15741249918937683,0.13881367444992065
18.580000000000002,0.0,0.0,0.0,-0.1675070971250534,-0.1282711625099182,0.05922045558691025,0.0,0.0,0.0,0.0034872142132371664,-0.09718705713748932,0.1666022092103958
18.6,0.0,0.0,0.0,-0.2224346101284027,-0.15127386152744293,0.01881207525730133,0.0,0.0,0.0,-0.10552722960710526,-0.009634576737880707,0.12052472680807114
18.62,0.0,0.0,0.0,-0.24902664124965668,-0.17797493934631348,-0.06452344357967377,0.0,0.0,0.0,-0.20694905519485474,0.08805004507303238,0.02581757679581642
18.64,0.0,0.0,0.0,-0.24015654623508453,-0.19649408757686615,-0.2076549381017685,0.0,0.0,0.0,-0.2853178083896637,0.186854749917984,-0.09937407076358795
18.66,0.0,0.0,0.0,-0.19847472012043,-0.20250485837459564,-0.40173789858818054,0.0,0.0,0.0,-0.32554057240486145,0.28137144446372986,-0.2532821297645569
18.68,0.0,0.0,0.0,-0.016349438577890396,-0.17074191570281982,-0.6673766374588013,0.0,0.0,0.0,-0.27790185809135437,0.371903657913208,-0.4478159248828888
18.7,0.0,0.0,0.0,0.43806976079940796,-0.09130733460187912,-0.9917043447494507,0.0,0.0,0.0,-0.20698148012161255,0.41621387004852295,-0.6470310688018799
18.72,0.0,0.0,0.0,1.1228915452957153,0.058192554861307144,-1.3393280506134033,0.0,0.0,0.0,-0.18642179667949677,0.636483907699585,-0.7233872413635254
18.740000000000002,0.0,0.0,0.0,0.7246952652931213,0.06951431930065155,-1.2908539772033691,0.0,0.0,0.0,0.07476285099983215,0.6864321231842041,-0.77860027551651
18.76,0.0,0.0,0.0,0.6548903584480286,0.02729230374097824,-1.2835657596588135,0.0,0.0,0.0,0.13471657037734985,0.7310877442359924,-0.8651905059814453
18.78,0.0,0.0,0.0,0.5597894191741943,0.07653266191482544,-1.0900790691375732,0.0,0.0,0.0,-0.15805383026599884,0.8670634627342224,-0.7187176942825317
18.8,0.0,0.0,0.0,0.16164180636405945,0.05573728308081627,-0.8373503684997559,0.0,0.0,0.0,0.05597952753305435,0.7831526398658752,-0.6484113931655884
18.82,0.0,0.0,0.0,0.40124276280403137,0.0425911471247673,-0.6697120666503906,0.0,0.0,0.0,-0.49882635474205017,0.7595139741897583,-0.6073187589645386
18.84,0.0,0.0,0.0,0.4477035105228424,-0.03748398274183273,-0.45029473304748535,0.0,0.0,0.0,-1.2179789543151855,0.890764057636261,-0.3893846869468689
18.86,0.0,0.0,0.0,0.2194424420595169,-0.026267945766448975,-0.11769012361764908,0.0,0.0,0.0,-1.3785558938980103,0.8974634408950806,-0.1765293926000595
18.88,0.0,0.0,0.0,-0.29396867752075195,0.0011983683798462152,0.3324028551578522,0.0,0.0,0.0,-0.9886414408683777,0.8233926296234131,-0.023909257724881172
18.900000000000002,0.0,0.0,0.0,-0.5746263265609741,-0.006943181157112122,0.7388659119606018,0.0,0.0,0.0,-0.5205215215682983,0.6629535555839539,0.23155930638313293
18.92,0.0,0.0,0.0,-0.658419132232666,-0.11664411425590515,1.0032074451446533,0.0,0.0,0.0,-0.20923438668251038,0.4989672601222992,0.45061230659484863
18.94,0.0,0.0,0.0,-0.3450366258621216,-0.23520280420780182,1.010888934135437,0.0,0.0,0.0,0.019476471468806267,0.2831684947013855,0.5438216924667358
18.96,0.0,0.0,0.0,0.026858938857913017,-0.22978991270065308,0.8288112878799438,0.0,0.0,0.0,0.18929359316825867,0.1612502783536911,0.5182498693466187
18.98,0.0,0.0,0.0,0.024930063635110855,-0.1658184826374054,0.6731356978416443,0.0,0.0,0.0,0.36077532172203064,0.11378975957632065,0.42313021421432495
19.0,0.0,0.0,0.0,-0.016655949875712395,-0.09601648151874542,0.6225611567497253,0.0,0.0,0.0,0.4389003813266754,0.06808105856180191,0.2789733111858368
19.02,0.0,0.0,0.0,0.03652725741267204,0.007118217647075653,0.6242952346801758,0.0,0.0,0.0,0.5007528066635132,-0.007143100723624229,0.15486928820610046
19.04,0.0,0.0,0.0,-0.08542373776435852,0.08062557876110077,0.6548397541046143,0.0,0.0,0.0,0.4835967719554901,-0.06550844758749008,0.12608954310417175
19.06,0.0,0.0,0.0,-0.2391950637102127,0.11861265450716019,0.6458105444908142,0.0,0.0,0.0,0.6172105073928833,-0.13980652391910553,0.19325336813926697
19.080000000000002,0.0,0.0,0.0,-0.3513752520084381,0.1335875689983368,0.5880991816520691,0.0,0.0,0.0,0.8251698613166809,-0.21167443692684174,0.24569454789161682
19.1,0.0,0.0,0.0,-0.3312837481498718,0.11958634853363037,0.5163047909736633,0.0,0.0,0.0,0.9565401077270508,-0.2923229932785034,0.2748420536518097
19.12,0.0,0.0,0.0,-0.17434048652648926,0.05686091631650925,0.4605223834514618,0.0,0.0,0.0,0.9004641771316528,-0.37793684005737305,0.33127954602241516
19.14,0.0,0.0,0.0,0.03339158371090889,-0.04943129047751427,0.390713632106781,0.0,0.0,0.0,0.7857315540313721,-0.5199093222618103,0.4165083169937134
19.16,0.0,0.0,0.0,-0.04289369657635689,-0.21183933317661285,0.3881320357322693,0.0,0.0,0.0,0.3218103051185608,-0.7239205241203308,0.5402194261550903
19.18,0.0,0.0,0.0,-0.17827220261096954,-0.10746510326862335,0.49836665391921997,0.0,0.0,0.0,0.07157473266124725,-0.8637166619300842,0.5612527132034302
19.2,0.0,0.0,0.0,-0.46930813789367676,-0.1403808891773224,0.42698726058006287,0.0,0.0,0.0,0.19745609164237976,-1.0042426586151123,0.5486161708831787
19.22,0.0,0.0,0.0,0.18520452082157135,0.10667245090007782,0.1474289447069168,0.0,0.0,0.0,0.5212036967277527,-0.8343536257743835,0.4273729622364044
19.240000000000002,0.0,0.0,0.0,0.19092921912670135,0.21824926137924194,0.0072150141932070255,0.0,0.0,0.0,0.648820698261261,-0.5064794421195984,0.3942769169807434
19.26,0.0,0.0,0.0,0.07474835216999054,0.30487197637557983,0.018125327304005623,0.0,0.0,0.0,1.004080891609192,-0.2967367470264435,0.2775385081768036
19.28,0.0,0.0,0.0,0.18529339134693146,0.3340316116809845,0.020761612802743912,0.0,0.0,0.0,0.35302016139030457,-0.22340406477451324,0.10319734364748001
19.3,0.0,0.0,0.0,0.3686457574367523,0.30881673097610474,-0.003124243812635541,0.0,0.0,0.0,-0.2879917621612549,-0.3439452350139618,0.03870066627860069
19.32,0.0,0.0,0.0,0.400571346282959,0.27594348788261414,-0.14035585522651672,0.0,0.0,0.0,-0.8234975934028625,-0.35322311520576477,0.07299569249153137
19.34,0.0,0.0,0.0,0.04096202924847603,0.1968371719121933,-0.2553752660751343,0.0,0.0,0.0,-0.5943440198898315,-0.3593553900718689,0.03399982303380966
19.36,0.0,0.0,0.0,-0.2604563236236572,0.10604989528656006,-0.2585051655769348,0.0,0.0,0.0,-0.37343525886535645,-0.31055375933647156,-0.023802021518349648
19.38,0.0,0.0,0.0,-0.08738209307193756,0.0844096913933754,-0.20854230225086212,0.0,0.0,0.0,-0.22431929409503937,-0.2874795198440552,-0.10405147820711136
19.400000000000002,0.0,0.0,0.0,-0.14925260841846466,0.003769312985241413,-0.11279391497373581,0.0,0.0,0.0,-0.3010907769203186,-0.2554936707019806,-0.22406670451164246
19.42,0.0,0.0,0.0,-0.08910471946001053,0.05980086326599121,-0.06192092224955559,0.0,0.0,0.0,-0.2234860211610794,-0.2486899197101593,-0.36941763758659363
19.44,0.0,0.0,0.0,-0.24845020473003387,-0.03730830177664757,-0.030179588124155998,0.0,0.0,0.0,-0.2452915906906128,-0.299399197101593,-0.3460566997528076
19.46,0.0,0.0,0.0,-0.04378935694694519,-0.03667966276407242,-0.1040848046541214,0.0,0.0,0.0,0.010871871374547482,-0.3107760548591614,-0.31836041808128357
19.48,0.0,0.0,0.0,-0.07453970611095428,-0.07254444062709808,-0.11439898610115051,0.0,0.0,0.0,0.07737261801958084,-0.29186731576919556,-0.24186119437217712
19.5,0.0,0.0,0.0,-0.09593740105628967,-0.10102226585149765,-0.058484580367803574,0.0,0.0,0.0,0.18361790478229523,-0.28372517228126526,-0.1632615625858307
19.52,0.0,0.0,0.0,-0.11210426688194275,-0.11059722304344177,-0.025723149999976158,0.0,0.0,0.0,0.10741034150123596,-0.2618400454521179,-0.057335834950208664
19.54,0.0,0.0,0.0,-0.17013832926750183,-0.11870188266038895,0.029118703678250313,0.0,0.0,0.0,0.09796752780675888,-0.21028438210487366,0.04268002137541771
19.56,0.0,0.0,0.0,-0.20717403292655945,-0.1276613026857376,0.07497520744800568,0.0,0.0,0.0,0.07044725865125656,-0.15593235194683075,0.13367627561092377
19.580000000000002,0.0,0.0,0.0,-0.18629765510559082,-0.13088954985141754,0.06514237076044083,0.0,0.0,0.0,0.002336429664865136,-0.09528756141662598,0.16456177830696106
19.6,0.0,0.0,0.0,-0.22902746498584747,-0.15212471783161163,0.02437920868396759,0.0,0.0,0.0,-0.10350863635540009,-0.010226680897176266,0.12124984711408615
19.62,0.0,0.0,0.0,-0.25348740816116333,-0.17832617461681366,-0.05972772091627121,0.0,0.0,0.0,-0.20632119476795197,0.08540099859237671,0.028804222121834755
19.64,0.0,0.0,0.0,-0.24193596839904785,-0.19670024514198303,-0.20367275178432465,0.0,0.0,0.0,-0.2811622619628906,0.1830342561006546,-0.0941048413515091
19.66,0.0,0.0,0.0,-0.19308607280254364,-0.20357422530651093,-0.4016915261745453,0.0,0.0,0.0,-0.31845206022262573,0.27498510479927063,-0.24731774628162384
19.68,0.0,0.0,0.0,0.010432565584778786,-0.16943684220314026,-0.6741324663162231,0.0,0.0,0.0,-0.27386531233787537,0.363389790058136,-0.4440472424030304
19.7,0.0,0.0,0.0,0.4612375497817993,-0.08445540815591812,-0.9981585144996643,0.0,0.0,0.0,-0.19818028807640076,0.41727322340011597,-0.648171603679657
19.72,0.0,0.0,0.0,1.0987800359725952,0.062214091420173645,-1.3332855701446533,0.0,0.0,0.0,-0.1638256162405014,0.6357458233833313,-0.7138634324073792
19.740000000000002,0.0,0.0,0.0,0.7486718893051147,0.07022137939929962,-1.300671935081482,0.0,0.0,0.0,0.11253228783607483,0.6850844025611877,-0.7757313847541809
19.76,0.0,0.0,0.0,0.6363572478294373,0.038171347230672836,-1.2582118511199951,0.0,0.0,0.0,0.11732436716556549,0.7272441983222961,-0.8678198456764221
19.78,0.0,0.0,0.0,0.5819442868232727,0.0920654907822609,-1.0764166116714478,0.0,0.0,0.0,-0.14549507200717926,0.8599982857704163,-0.7071909308433533
19.8,0.0,0.0,0.0,0.18903107941150665,0.06559328734874725,-0.8316888809204102,0.0,0.0,0.0,0.06703945994377136,0.7698820233345032,-0.6454439163208008
19.82,0.0,0.0,0.0,0.427213191986084,0.040754545480012894,-0.6755104064941406,0.0,0.0,0.0,-0.5142393112182617,0.7576080560684204,-0.6056975722312927
19.84,0.0,0.0,0.0,0.4657956659793854,-0.0324513278901577,-0.4663258492946625,0.0,0.0,0.0,-1.2140653133392334,0.8902692198753357,-0.40065160393714905
19.86,0.0,0.0,0.0,0.2273370623588562,-0.022199193015694618,-0.13246892392635345,0.0,0.0,0.0,-1.3607032299041748,0.897214949131012,-0.1906358003616333
19.88,0.0,0.0,0.0,-0.30017703771591187,0.0023897537030279636,0.32058480381965637,0.0,0.0,0.0,-0.9821520447731018,0.8282882571220398,-0.025758298113942146
19.900000000000002,0.0,0.0,0.0,-0.5794370174407959,-0.007612487301230431,0.7335020899772644,0.0,0.0,0.0,-0.5062217712402344,0.6611632108688354,0.2414337545633316
19.92,0.0,0.0,0.0,-0.6558595895767212,-0.12052324414253235,1.0018843412399292,0.0,0.0,0.0,-0.20622193813323975,0.4943386912345886,0.46427077054977417
19.94,0.0,0.0,0.0,-0.3371143043041229,-0.24004070460796356,1.0087887048721313,0.0,0.0,0.0,0.010111689567565918,0.28445354104042053,0.5547522306442261
19.96,0.0,0.0,0.0,0.035954829305410385,-0.23388029634952545,0.8240153789520264,0.0,0.0,0.0,0.18484051525592804,0.1633613109588623,0.5267422795295715
19.98,0.0,0.0,0.0,0.01375559438019991,-0.17536857724189758,0.6679524183273315,0.0,0.0,0.0,0.3597925901412964,0.11833532899618149,0.4307047128677368
20.0,nan,nan,nan,nan,nan,nan,nan,nan,nan,nan,nan,nan
