step,time_s,episode_id,episode_step,left_reference_position_x_m,left_reference_position_y_m,left_reference_position_z_m,left_reference_quaternion_w,left_reference_quaternion_x,left_reference_quaternion_y,left_reference_quaternion_z,left_reference_linear_velocity_x_mps,left_reference_linear_velocity_y_mps,left_reference_linear_velocity_z_mps,left_reference_angular_velocity_x_radps,left_reference_angular_velocity_y_radps,left_reference_angular_velocity_z_radps,right_reference_position_x_m,right_reference_position_y_m,right_reference_position_z_m,right_reference_quaternion_w,right_reference_quaternion_x,right_reference_quaternion_y,right_reference_quaternion_z,right_reference_linear_velocity_x_mps,right_reference_linear_velocity_y_mps,right_reference_linear_velocity_z_mps,right_reference_angular_velocity_x_radps,right_reference_angular_velocity_y_radps,right_reference_angular_velocity_z_radps,left_reference_roll_rad,left_reference_pitch_rad,left_reference_yaw_rad,right_reference_roll_rad,right_reference_pitch_rad,right_reference_yaw_rad
0.0,0.0,0.0,0.0,0.40605080127716064,0.21185703575611115,0.09524013102054596,0.9439451098442078,-0.3256075382232666,0.027365023270249367,0.046891313046216965,0.30000001192092896,7.82406317512141e-09,7.82406406329983e-09,0.0,0.0,0.0,0.4060494303703308,-0.2118527889251709,0.09522855281829834,0.9439525604248047,0.32558491826057434,0.0273540448397398,-0.04690594971179962,0.30000001192092896,7.82406317512141e-09,7.82406406329983e-09,0.0,0.0,0.0,-0.661401338405772,0.08229131296496213,0.07100484478685723,0.6613525841787393,0.08227835135712891,-0.07104169699438603
1.0,0.02,0.0,1.0,0.40865159034729004,0.21338558197021484,0.09257207065820694,0.9440043568611145,-0.32456132769584656,0.03169882670044899,0.050109975039958954,0.0041488599963486195,0.03776886314153671,0.16054873168468475,0.17093217372894287,1.0085216760635376,0.3411003649234772,0.40999835729599,-0.21032139658927917,0.09179788827896118,0.9435808062553406,0.32613474130630493,0.03281057998538017,-0.04706321284174919,0.0041488599963486195,0.03776886314153671,0.16054873168468475,0.17093217372894287,1.0085216760635376,0.3411003649234772,-0.6588593654701037,0.0925070538455215,0.07441820323139543,0.662416460779405,0.09274967912358648,-0.06775738711315525
2.0,0.04,0.0,2.0,0.4105752110481262,0.21528920531272888,0.09031987190246582,0.9441460371017456,-0.322334885597229,0.04075240343809128,0.055024053901433945,0.07612026482820511,0.013715552166104317,0.31087377667427063,0.07426560670137405,0.9577441811561584,-0.02866176702082157,0.4132649004459381,-0.20840537548065186,0.08793662488460541,0.942665159702301,0.3273265063762665,0.043095510452985764,-0.048811085522174835,0.07612026482820511,0.013715552166104317,0.31087377667427063,0.07426560670137405,0.9577441811561584,-0.02866176702082157,-0.6535800154572683,0.11266297966494028,0.07820463367251214,0.6647684636869718,0.11344678788750052,-0.06426950221985361
3.0,0.06,0.0,3.0,0.4121502637863159,0.2206670045852661,0.08881507068872452,0.9441099166870117,-0.32034245133399963,0.04584769159555435,0.06272754818201065,0.15807636082172394,0.028567476198077202,0.09458021074533463,0.09811332076787949,0.6064841151237488,0.9901043176651001,0.4194962978363037,-0.2029595971107483,0.08474497497081757,0.9419519305229187,0.32850512862205505,0.051983967423439026,-0.045917365700006485,0.15807636082172394,0.028567476198077202,0.09458021074533463,0.09811332076787949,0.6064841151237488,0.9901043176651001,-0.6485074400234744,0.12710110416025913,0.08991494121730355,0.6677232077657174,0.12845396941326548,-0.05280934325251657
4.0,0.08,0.0,4.0,0.41136693954467773,0.23198792338371277,0.08710025250911713,0.9435499310493469,-0.31936874985694885,0.04406476765871048,0.07599624246358871,0.2660764157772064,0.07531245797872543,-0.06404519826173782,0.2619318962097168,0.09472872316837311,1.5137789249420166,0.42977386713027954,-0.19128775596618652,0.08172514289617538,0.941850483417511,0.3290487229824066,0.05884610116481781,-0.034380219876766205,0.2660764157772064,0.07531245797872543,-0.06404519826173782,0.2619318962097168,0.09472872316837311,1.5137789249420166,-0.6450266857263246,0.13207995660011693,0.1165431007482959,0.6704549575829688,0.13387348241459904,-0.026273661769001352
5.0,0.1,0.0,5.0,0.4094655513763428,0.24415323138237,0.08548633009195328,0.9430673122406006,-0.3178166151046753,0.04017507657408714,0.0894579216837883,0.20960736274719238,0.03307796269655228,-0.10442681610584259,0.1428067535161972,0.04287062585353851,1.1608853340148926,0.4396315813064575,-0.1784188151359558,0.07821355015039444,0.941466212272644,0.3302421271800995,0.06421718746423721,-0.021396908909082413,0.20960736274719238,0.03307796269655228,-0.10442681610584259,0.1428067535161972,0.04287062585353851,1.1608853340148926,-0.640425155776133,0.13303004061294288,0.1449768346250439,0.6748743759410238,0.13546283809382778,0.002145160851581729
6.0,0.12,0.0,6.0,0.4099135398864746,0.24894310534000397,0.08312550187110901,0.9431509375572205,-0.31613171100616455,0.03974010422825813,0.09459084272384644,0.09525271505117416,0.07123148441314697,-0.0979079082608223,0.20219317078590393,0.16197039186954498,0.04459575563669205,0.44420015811920166,-0.1732827126979828,0.07419262826442719,0.9408548474311829,0.33164477348327637,0.06716406345367432,-0.017112236469984055,0.09525271505117416,0.07123148441314697,-0.0979079082608223,0.20219317078590393,0.16197039186954498,0.04459575563669205,-0.636299183669671,0.13517953446903888,0.1553360767403592,0.6786508624663865,0.13817288599888647,0.012468110417613159
7.0,0.14,0.0,7.0,0.4131646156311035,0.24902234971523285,0.08282191306352615,0.9439437985420227,-0.31431037187576294,0.039725176990032196,0.09273950010538101,0.13297536969184875,0.10978006571531296,-0.06404858082532883,0.1559230089187622,-0.14860843122005463,-0.16045963764190674,0.44586506485939026,-0.1732931286096573,0.07231821119785309,0.9402208924293518,0.33356231451034546,0.06613831967115402,-0.01860981248319149,0.13297536969184875,0.10978006571531296,-0.06404858082532883,0.1559230089187622,-0.14860843122005463,-0.16045963764190674,-0.6326588699689696,0.13369260262355384,0.1520464749455017,0.6824693180823431,0.13721452886584998,0.00921457364040748
8.0,0.16,0.0,8.0,0.414998322725296,0.2512870132923126,0.08345509320497513,0.9441402554512024,-0.31396228075027466,0.038369420915842056,0.0924907699227333,0.08281455934047699,0.10917266458272934,-0.01963287778198719,-0.015573966316878796,-0.08515258133411407,0.13045954704284668,0.44786176085472107,-0.17100726068019867,0.0726112574338913,0.9401423931121826,0.3340522348880768,0.06494710594415665,-0.017981765791773796,0.08281455934047699,0.10917266458272934,-0.01963287778198719,-0.015573966316878796,-0.08515258133411407,0.13045954704284668,-0.6320574267884782,0.1309030001114352,0.1524444003002415,0.6834656530227832,0.13453824381522506,0.00966812682126052
9.0,0.18,0.0,9.0,0.41424375772476196,0.2564394474029541,0.0831146165728569,0.943606436252594,-0.3147321343421936,0.03760744258761406,0.09558341652154922,0.015515932813286781,0.12430897355079651,0.03165591508150101,-0.09294503182172775,0.1010817363858223,0.39677685499191284,0.4498370587825775,-0.16564799845218658,0.07285258173942566,0.940418004989624,0.3331734538078308,0.0662044882774353,-0.015050369314849377,0.015515932813286781,0.12430897355079651,0.03165591508150101,-0.09294503182172775,0.1010817363858223,0.39677685499191284,-0.6334003021193022,0.1315184240521063,0.15874479299492594,0.682047553352439,0.1349578416963044,0.01595361425772387
10.0,0.2,0.0,10.0,0.41130512952804565,0.2645743489265442,0.08238694816827774,0.9426302313804626,-0.31560051441192627,0.037751488387584686,0.10207495093345642,-0.013573188334703445,0.1569843888282776,0.11036118119955063,-0.07645247876644135,0.28758054971694946,0.7437179088592529,0.4520922303199768,-0.15705692768096924,0.07271824032068253,0.9406481981277466,0.3318803906440735,0.07026293128728867,-0.009983662515878677,-0.013573188334703445,0.1569843888282776,0.11036118119955063,-0.07645247876644135,0.28758054971694946,0.7437179088592529,-0.6344780995039921,0.13602025714851743,0.17101332857888712,0.6803335299225057,0.13926183929414496,0.028131568538137693
11.0,0.22,0.0,11.0,0.4068881571292877,0.2753041386604309,0.0817253366112709,0.9409871697425842,-0.317271888256073,0.037380412220954895,0.11173399537801743,0.029902461916208267,0.11213535070419312,0.09229035675525665,-0.2473534494638443,0.21958039700984955,1.0063179731369019,0.45559215545654297,-0.14551185071468353,0.07324991375207901,0.9410754442214966,0.32958272099494934,0.0758160799741745,-0.002069734735414386,0.029902461916208267,0.11213535070419312,0.09229035675525665,-0.2473534494638443,0.21958039700984955,1.0063179731369019,-0.6369007124798595,0.14172302734016112,0.18958401005633188,0.6771137925072455,0.14456459691570345,0.04658236367292971
12.0,0.24,0.0,12.0,0.4026165008544922,0.28483086824417114,0.0784812942147255,0.9386841654777527,-0.3206661343574524,0.03713488578796387,0.1211032047867775,0.018801823258399963,0.04398181289434433,-0.01107528991997242,-0.42052581906318665,0.2626473903656006,0.8486083745956421,0.45908647775650024,-0.1350596845149994,0.07273053377866745,0.9420287013053894,0.3255188763141632,0.0811668187379837,0.005586155224591494,0.018801823258399963,0.04398181289434433,-0.01107528991997242,-0.42052581906318665,0.2626473903656006,0.8486083745956421,-0.6429535316918218,0.14792214978642587,0.20726773305704246,0.670226990239012,0.14984631060127315,0.06412939512845828
13.0,0.26,0.0,13.0,0.39988595247268677,0.2910890281200409,0.07308270037174225,0.9366853833198547,-0.3238663673400879,0.03882608935236931,0.12737156450748444,-0.0080258809030056,0.06997141242027283,-0.03641282394528389,-0.31084102392196655,0.37561795115470886,0.4254802167415619,0.4611123502254486,-0.12816233932971954,0.06998064368963242,0.942881166934967,0.3216579258441925,0.08613494783639908,0.009595352225005627,-0.0080258809030056,0.06997141242027283,-0.03641282394528389,-0.31084102392196655,0.37561795115470886,0.4254802167415619,-0.6487054283458463,0.15586878068323265,0.217802787676821,0.6633850123713245,0.15690015603542026,0.07448955127774812
14.0,0.28,0.0,14.0,0.39930668473243713,0.29420843720436096,0.06809945404529572,0.9354806542396545,-0.3259586989879608,0.041983574628829956,0.12986256182193756,-0.0019987060222774744,0.0802765041589737,-0.019079506397247314,-0.23153217136859894,0.30685484409332275,-0.019490238279104233,0.46181291341781616,-0.12486346811056137,0.06678491830825806,0.9434048533439636,0.3190515339374542,0.08999865502119064,0.009683512151241302,-0.0019987060222774744,0.0802765041589737,-0.019079506397247314,-0.23153217136859894,0.30685484409332275,-0.019490238279104233,-0.6523960448852856,0.16394270245039996,0.22030590043204537,0.6585630000239989,0.16437038664040735,0.07680910309747051
15.0,0.3,0.0,15.0,0.4006026089191437,0.2947372794151306,0.0649615004658699,0.9349405169487,-0.32740193605422974,0.045040689408779144,0.1290954202413559,0.005506192333996296,0.0751594677567482,0.013666841201484203,-0.171334907412529,0.20458850264549255,-0.22352948784828186,0.46177828311920166,-0.12453298270702362,0.06498386710882187,0.9438183307647705,0.3173709809780121,0.0918186753988266,0.007233578246086836,0.005506192333996296,0.0751594677567482,0.013666841201484203,-0.171334907412529,0.20458850264549255,-0.22352948784828186,-0.6551926843239271,0.1695642828881614,0.2166748837312518,0.6549792697654657,0.16953981414277852,0.07304682682548433
16.0,0.32,0.0,16.0,0.40237534046173096,0.29398006200790405,0.0630442276597023,0.9346671104431152,-0.32856839895248413,0.04784375801682472,0.1270875483751297,-0.007772589102387428,0.05956790968775749,0.0342426598072052,-0.13485939800739288,0.1741764098405838,-0.2809330224990845,0.46128222346305847,-0.12561330199241638,0.06421682983636856,0.9441819190979004,0.316089928150177,0.092693030834198,0.003949324134737253,-0.007772589102387428,0.05956790968775749,0.0342426598072052,-0.13485939800739288,0.1741764098405838,-0.2809330224990845,-0.6576448978783924,0.17382388577838695,0.21084162108288004,0.6519334742268966,0.1734092819324061,0.0671125834191431
17.0,0.34,0.0,17.0,0.40326786041259766,0.2935408651828766,0.06162067875266075,0.9344350695610046,-0.3293481171131134,0.05025860294699669,0.12583737075328827,-0.027363914996385574,0.046643611043691635,0.034137193113565445,-0.08625753223896027,0.16547760367393494,-0.11603818833827972,0.46058934926986694,-0.1262691617012024,0.06357245147228241,0.9443930387496948,0.3151650130748749,0.09375850111246109,0.0014955652877688408,-0.027363914996385574,0.046643611043691635,0.034137193113565445,-0.08625753223896027,0.16547760367393494,-0.11603818833827972,-0.6592329492475913,0.1777499201611185,0.20677359188945266,0.6497907978429011,0.1770709029899135,0.06294878618035836
18.0,0.36,0.0,18.0,0.4024767577648163,0.2946397066116333,0.06056159734725952,0.934073269367218,-0.32985013723373413,0.0516795814037323,0.1266309767961502,-0.04418015480041504,0.03596339747309685,0.031581636518239975,-0.055159792304039,0.143280491232872,0.13564875721931458,0.4600941240787506,-0.12512758374214172,0.0629463940858841,0.9444755911827087,0.314447820186615,0.09532631933689117,0.0012659515487030149,-0.04418015480041504,0.03596339747309685,0.031581636518239975,-0.055159792304039,0.143280491232872,0.13564875721931458,-0.6600342473204865,0.18107132907509121,0.20731927234081074,0.6485139645371929,0.1802449507915297,0.06341067255848884
19.0,0.38,0.0,19.0,0.4000147581100464,0.2972974479198456,0.059763792902231216,0.9334319233894348,-0.33050498366355896,0.052001215517520905,0.12948861718177795,-0.05295240134000778,0.01754273660480976,0.03186025470495224,-0.06964562833309174,0.09931743144989014,0.3360172510147095,0.45988598465919495,-0.12215141952037811,0.06260950863361359,0.9445793628692627,0.31351611018180847,0.09729596227407455,0.0033519004937261343,-0.05295240134000778,0.01754273660480976,0.03186025470495224,-0.06964562833309174,0.09931743144989014,0.3360172510147095,-0.6609532982855872,0.18370393734955628,0.21250900904098843,0.647220662806161,0.18272076869177012,0.068533582483505
20.0,0.4,0.0,20.0,0.39667001366615295,0.30053767561912537,0.059260088950395584,0.9325839877128601,-0.3314553201198578,0.05150391906499863,0.13331130146980286,-0.05567546188831329,-0.0004515001201070845,0.03557513654232025,-0.07973776012659073,0.05775795504450798,0.39419639110565186,0.4598087966442108,-0.11842668801546097,0.06277528405189514,0.9447718858718872,0.31228315830230713,0.0991986021399498,0.006714243907481432,-0.05567546188831329,-0.0004515001201070845,0.03557513654232025,-0.07973776012659073,0.05775795504450798,0.39419639110565186,-0.6624355345190152,0.18549892885856015,0.22002054376045763,0.6454919293737816,0.18428794902762896,0.07600180164415063
21.0,0.42,0.0,21.0,0.39347633719444275,0.30322200059890747,0.05925621837377548,0.9318274855613708,-0.33232030272483826,0.05066707730293274,0.13672448694705963,-0.049799595028162,-0.010204466059803963,0.03864036872982979,-0.0415329746901989,0.011926268227398396,0.31813111901283264,0.45963698625564575,-0.11527025699615479,0.06338078528642654,0.9449544548988342,0.31119781732559204,0.10058850049972534,0.009958705864846706,-0.049799595028162,-0.010204466059803963,0.03864036872982979,-0.0415329746901989,0.011926268227398396,0.31813111901283264,-0.6638398601765171,0.18637571496520677,0.22697266304783287,0.6439747982997543,0.18495754903735662,0.08293482349043706
22.0,0.44,0.0,22.0,0.39106491208076477,0.30480459332466125,0.06003556028008461,0.9314595460891724,-0.33255958557128906,0.04975596070289612,0.13896632194519043,-0.04209909215569496,-0.014629038982093334,0.0414755716919899,0.03380749002099037,-0.024091795086860657,0.1989157497882843,0.4592778980731964,-0.11335702240467072,0.06426559388637543,0.9449723958969116,0.3108474314212799,0.10124152153730392,0.012303832918405533,-0.04209909215569496,-0.014629038982093334,0.0414755716919899,0.03380749002099037,-0.024091795086860657,0.1989157497882843,-0.6641067334187661,0.18619446322943017,0.2318316726847786,0.643736815624872,0.1847406702278919,0.08779973288605993
23.0,0.46,0.0,23.0,0.38939541578292847,0.3054742217063904,0.06171443685889244,0.9315648674964905,-0.33188819885253906,0.04876916855573654,0.1402084082365036,-0.0341799259185791,-0.014709782786667347,0.04505980759859085,0.13147123157978058,-0.04978316277265549,0.11731195449829102,0.45880675315856934,-0.1124962717294693,0.06528348475694656,0.944728434085846,0.3115084171295166,0.10128254443407059,0.013878780417144299,-0.0341799259185791,-0.014709782786667347,0.04505980759859085,0.13147123157978058,-0.04978316277265549,0.11731195449829102,-0.6626022213169944,0.18498355982810694,0.2349834536160712,0.6454023047380425,0.18375462839217258,0.09097909660110598
24.0,0.48,0.0,24.0,0.3880147933959961,0.3058478534221649,0.06424684077501297,0.9320456981658936,-0.3302915394306183,0.04752625152468681,0.14120814204216003,-0.02535281330347061,-0.015564856119453907,0.0476924329996109,0.22495980560779572,-0.06815135478973389,0.12682053446769714,0.45842427015304565,-0.11196565628051758,0.06634046882390976,0.944190263748169,0.3131442070007324,0.10103848576545715,0.015395292080938816,-0.02535281330347061,-0.015564856119453907,0.0476924329996109,0.22495980560779572,-0.06815135478973389,0.12682053446769714,-0.6592021390571281,0.18289083905015657,0.23800242522200524,0.649071955533944,0.1821629467922931,0.09404367278259254
25.0,0.5,0.0,25.0,0.3866066038608551,0.30631276965141296,0.06753228604793549,0.9327991008758545,-0.32783636450767517,0.04590717703104019,0.14248499274253845,-0.016527216881513596,-0.017131151631474495,0.04917721077799797,0.3174128830432892,-0.0800434947013855,0.16151896119117737,0.4582691788673401,-0.11129288375377655,0.06737492233514786,0.9433554410934448,0.31564754247665405,0.10073163360357285,0.017341937869787216,-0.016527216881513596,-0.017131151631474495,0.04917721077799797,0.3174128830432892,-0.0800434947013855,0.16151896119117737,-0.6539947271130042,0.18003887441675673,0.24194578209059442,0.6546409943492483,0.18007514721352014,0.09805051028488239
26.0,0.52,0.0,26.0,0.38532209396362305,0.3066145181655884,0.07156176120042801,0.9338462948799133,-0.32452377676963806,0.04400834068655968,0.14380063116550446,-0.007670306134968996,-0.02044389769434929,0.05293051525950432,0.4099080562591553,-0.09577398002147675,0.1442066729068756,0.45828068256378174,-0.11075463145971298,0.0683937594294548,0.9422242641448975,0.31902390718460083,0.10029013454914093,0.019470756873488426,-0.007670306134968996,-0.02044389769434929,0.05293051525950432,0.4099080562591553,-0.09577398002147675,0.1442066729068756,-0.6470217498253896,0.17644157182229592,0.24627901358070972,0.6620667334552518,0.177498891029468,0.10246787506122358
27.0,0.54,0.0,27.0,0.3845267593860626,0.30621829628944397,0.07644299417734146,0.9352447390556335,-0.32041212916374207,0.04187619686126709,0.14456713199615479,0.00421680836006999,-0.02977854572236538,0.05730653181672096,0.49067267775535583,-0.13318265974521637,0.07123976200819016,0.4583534896373749,-0.11095384508371353,0.06958582997322083,0.9408362507820129,0.32325974106788635,0.09938328713178635,0.0212885569781065,0.00421680836006999,-0.02977854572236538,0.05730653181672096,0.49067267775535583,-0.13318265974521637,0.07123976200819016,-0.6385043567628519,0.17181522088819465,0.24980604945625978,0.6711720405644542,0.1741218572440766,0.1061118508100599
28.0,0.56,0.0,28.0,0.38461437821388245,0.3045232892036438,0.08220741152763367,0.9370563626289368,-0.3155651390552521,0.03960663080215454,0.14413705468177795,0.015190844424068928,-0.04202405363321304,0.06253902614116669,0.5692406892776489,-0.1713097244501114,-0.06608621776103973,0.45835378766059875,-0.11257189512252808,0.07106675207614899,0.9392335414886475,0.3283364772796631,0.09768223762512207,0.02222428284585476,0.015190844424068928,-0.04202405363321304,0.06253902614116669,0.5692406892776489,-0.1713097244501114,-0.06608621776103973,-0.6286663713113793,0.1659572695612836,0.251179866758534,0.6817647593855582,0.1697122543208812,0.10764410030811007
29.0,0.58,0.0,29.0,0.38562795519828796,0.3011881411075592,0.08862821757793427,0.9392604827880859,-0.3100438117980957,0.0375848263502121,0.14230236411094666,0.013133958913385868,-0.06128135696053505,0.07472213357686996,0.6248871684074402,-0.16416162252426147,-0.20745834708213806,0.4580657184123993,-0.11597850918769836,0.07266642898321152,0.9374228119850159,0.33416634798049927,0.09535600244998932,0.021878715604543686,0.013133958913385868,-0.06128135696053505,0.07472213357686996,0.6248871684074402,-0.16416162252426147,-0.20745834708213806,-0.6175987105808086,0.15951949318205338,0.24973787324827498,0.6936603892809334,0.16490183952941184,0.106389835951631
30.0,0.6,0.0,30.0,0.3870341181755066,0.29636165499687195,0.09507038444280624,0.941606879234314,-0.3042372763156891,0.03633347153663635,0.1396283358335495,-0.014068643562495708,-0.05109080672264099,0.06364515423774719,0.7429826259613037,-0.08651139587163925,-0.2804112434387207,0.4572857916355133,-0.12095542252063751,0.07406619936227798,0.9354881048202515,0.34025299549102783,0.09313560277223587,0.020389916375279427,-0.014068643562495708,-0.05109080672264099,0.06364515423774719,0.7429826259613037,-0.08651139587163925,-0.2804112434387207,-0.6059424207562508,0.15399187134921868,0.24620596135044207,0.706008612095,0.16107463486335064,0.1030420920985773
31.0,0.62,0.0,31.0,0.387935996055603,0.2927441895008087,0.10064449906349182,0.9450498223304749,-0.294758141040802,0.03523976355791092,0.13695542514324188,-0.05027734860777855,0.05229862034320831,-0.08997946232557297,1.0472397804260254,-0.04787140339612961,-0.2654651403427124,0.4557085335254669,-0.12448392063379288,0.07135946303606033,0.9321457743644714,0.34988316893577576,0.09129905700683594,0.018727010115981102,-0.05027734860777855,0.05229862034320831,-0.08997946232557297,1.0472397804260254,-0.04787140339612961,-0.2654651403427124,-0.5865740810127171,0.1478825183128053,0.24309961347761552,0.726086692690317,0.1577570420323981,0.10021055011327569
32.0,0.64,0.0,32.0,0.38815081119537354,0.28990164399147034,0.1040886789560318,0.948485255241394,-0.2846718728542328,0.03437956050038338,0.13474281132221222,-0.07122363150119781,0.07025713473558426,-0.16414374113082886,1.0240516662597656,-0.0022897208109498024,-0.251264750957489,0.4537155330181122,-0.12696842849254608,0.06600183993577957,0.9284554123878479,0.3599678575992584,0.0899726003408432,0.01728123053908348,-0.07122363150119781,0.07025713473558426,-0.16414374113082886,1.0240516662597656,-0.0022897208109498024,-0.251264750957489,-0.5659020106221443,0.14241290042437582,0.2407625687454092,0.7473714475240896,0.1552526517316617,0.09820116521300135
33.0,0.66,0.0,33.0,0.3879368007183075,0.28766322135925293,0.10587923228740692,0.9514870643615723,-0.2753452658653259,0.03385541960597038,0.1330832988023758,-0.07528982311487198,0.06709680706262589,-0.18360908329486847,0.9086676836013794,0.03590384125709534,-0.19114038348197937,0.4516945481300354,-0.12866605818271637,0.05967435985803604,0.9249332547187805,0.36916592717170715,0.08919712156057358,0.016092075034976006,-0.07528982311487198,0.06709680706262589,-0.18360908329486847,0.9086676836013794,0.03590384125709534,-0.19114038348197937,-0.5467543297607493,0.1381527486901663,0.23913987430241104,0.7669772409745836,0.15372621761873626,0.09691804367341075
34.0,0.68,0.0,34.0,0.38768765330314636,0.28559041023254395,0.10644194483757019,0.953789472579956,-0.26791465282440186,0.03368952497839928,0.13180416822433472,-0.0579923540353775,0.025298811495304108,-0.16336067020893097,0.6613741517066956,0.03899392485618591,-0.14940311014652252,0.4499666690826416,-0.13019734621047974,0.053793277591466904,0.9220602512359619,0.3764213025569916,0.08880311250686646,0.015029274858534336,-0.0579923540353775,0.025298811495304108,-0.16336067020893097,0.6613741517066956,0.03899392485618591,-0.14940311014652252,-0.5314914077188547,0.13530241904097562,0.23776142527856106,0.782531657528645,0.15304573129686516,0.09583567172101849
35.0,0.7000000000000001,0.0,35.0,0.3879213035106659,0.28318172693252563,0.1064191535115242,0.9553594589233398,-0.26295074820518494,0.033716294914484024,0.13041624426841736,-0.02784120664000511,-0.01641872525215149,-0.11349596083164215,0.4168074429035187,0.019601916894316673,-0.17702707648277283,0.4487549960613251,-0.1322566270828247,0.04949578270316124,0.920128345489502,0.38127797842025757,0.08831846714019775,0.013814165256917477,-0.02784120664000511,-0.01641872525215149,-0.11349596083164215,0.4168074429035187,0.019601916894316673,-0.17702707648277283,-0.5213554324269166,0.13340380008749508,0.23570885424646776,0.7928639786352434,0.15258597597817614,0.09399826770829557
36.0,0.72,0.0,36.0,0.38897013664245605,0.2804296612739563,0.10673274844884872,0.9565173983573914,-0.25961869955062866,0.0339178666472435,0.1285383552312851,0.0052803861908614635,-0.020043106749653816,-0.050054144114255905,0.299967497587204,0.0013974988833069801,-0.21261726319789886,0.4480396509170532,-0.1348651945590973,0.046975042670965195,0.9188461303710938,0.38458937406539917,0.08755289763212204,0.012136382050812244,0.0052803861908614635,-0.020043106749653816,-0.050054144114255905,0.299967497587204,0.0013974988833069801,-0.21261726319789886,-0.5146415786844588,0.13201107978410528,0.23237635358371478,0.7997282882195765,0.15214655219836318,0.09081926074302102
37.0,0.74,0.0,37.0,0.3903631567955017,0.27866101264953613,0.10804019123315811,0.9576115012168884,-0.25633805990219116,0.03390006721019745,0.12697231769561768,0.030305182561278343,0.022243209183216095,-0.019124852493405342,0.3132920563220978,-0.003967892378568649,-0.13495537638664246,0.4479881823062897,-0.1364252120256424,0.045487627387046814,0.9175677299499512,0.38783660531044006,0.08680430799722672,0.01084293331950903,0.030305182561278343,0.022243209183216095,-0.019124852493405342,0.3132920563220978,-0.003967892378568649,-0.13495537638664246,-0.5080394675744666,0.13039100793585673,0.2297496013091327,0.8065147300787698,0.15146552600421015,0.0883551754445628
38.0,0.76,0.0,38.0,0.3918191194534302,0.2774086594581604,0.10890742391347885,0.958423376083374,-0.25380775332450867,0.03449144959449768,0.12576480209827423,0.028318073600530624,-0.020184379070997238,0.02510100230574608,0.09056839346885681,0.07697118818759918,-0.1881817728281021,0.4481317698955536,-0.1375279724597931,0.04420452192425728,0.9165565371513367,0.39027857780456543,0.08670133352279663,0.00947421882301569,0.028318073600530624,-0.020184379070997238,0.02510100230574608,0.09056839346885681,0.07697118818759918,-0.1881817728281021,-0.5028464650387867,0.13032355668254414,0.22743104673498188,0.8116812848357985,0.15212421704099802,0.08614274513731013
39.0,0.78,0.0,39.0,0.39377233386039734,0.2754257321357727,0.10899665951728821,0.9589869976043701,-0.2524077594280243,0.03610296919941902,0.12381798028945923,0.016495071351528168,-0.01904975064098835,0.03503512963652611,0.011996416375041008,0.1393347829580307,-0.26740923523902893,0.4479404389858246,-0.13961681723594666,0.04315195977687836,0.9159964323043823,0.3916096091270447,0.08686136454343796,0.006914135999977589,0.016495071351528168,-0.01904975064098835,0.03503512963652611,0.011996416375041008,0.1393347829580307,-0.26740923523902893,-0.49991345632898926,0.13213394738284837,0.2230266929246698,0.8143364208769951,0.1543259318287247,0.08175977909359514
40.0,0.8,0.0,40.0,0.39629659056663513,0.2724998891353607,0.10828737914562225,0.9594295024871826,-0.25183072686195374,0.038566794246435165,0.1207844614982605,0.008444598875939846,-0.014080096036195755,0.027350520715117455,-0.0315270833671093,0.17221960425376892,-0.4138853847980499,0.4472513198852539,-0.14288870990276337,0.04206089675426483,0.9157724380493164,0.3921606242656708,0.08696037530899048,0.0029850471764802933,0.008444598875939846,-0.014080096036195755,0.027350520715117455,-0.0315270833671093,0.17221960425376892,-0.4138853847980499,-0.4986939786206655,0.1352506963065757,0.21597598450994568,0.8151033985440868,0.1575819450453461,0.07466574188143482
41.0,0.8200000000000001,0.0,41.0,0.3993411660194397,0.26874664425849915,0.10698707401752472,0.9598422050476074,-0.2516937553882599,0.0416080467402935,0.11671235412359238,0.00378429121337831,-0.008490662090480328,0.02073708549141884,-0.060944341123104095,0.19383394718170166,-0.49852606654167175,0.44611501693725586,-0.14714229106903076,0.04081590846180916,0.9157233238220215,0.3923075795173645,0.08683957159519196,-0.0021122172474861145,0.00378429121337831,-0.008490662090480328,0.02073708549141884,-0.060944341123104095,0.19383394718170166,-0.49852606654167175,-0.49846312108614965,0.1390737695015505,0.2065516739173365,0.8147871523765956,0.16139913804829523,0.06515958239628793
42.0,0.84,0.0,42.0,0.4024484157562256,0.26477310061454773,0.10511782765388489,0.9600905179977417,-0.2521209418773651,0.044999539852142334,0.11241163313388824,-0.001735072466544807,-0.013421816751360893,0.01668705977499485,-0.12426982074975967,0.21789169311523438,-0.496088445186615,0.44478800892829895,-0.1516823023557663,0.03952605649828911,0.9158773422241211,0.3918861746788025,0.08681201934814453,-0.007593137677758932,-0.001735072466544807,-0.013421816751360893,0.01668705977499485,-0.12426982074975967,0.21789169311523438,-0.496088445186615,-0.49943449550528884,0.14358274365539833,0.1964291031088989,0.8131778300885104,0.16572719315966367,0.05491166896928576
43.0,0.86,0.0,43.0,0.40533873438835144,0.2609016001224518,0.10274463146924973,0.9600982666015625,-0.25321337580680847,0.048592012375593185,0.10831908136606216,-0.006982618011534214,-0.019941113889217377,0.02038395218551159,-0.1840251386165619,0.23302416503429413,-0.4734182059764862,0.4433903098106384,-0.15615113079547882,0.03833114728331566,0.9162683486938477,0.39078089594841003,0.08702362328767776,-0.01301795244216919,-0.006982618011534214,-0.019941113889217377,0.02038395218551159,-0.1840251386165619,0.23302416503429413,-0.4734182059764862,-0.5017965258860874,0.14870940837170532,0.18651171395014654,0.8100974623247433,0.17047280742839463,0.04482297851176454
44.0,0.88,0.0,44.0,0.40780991315841675,0.25741928815841675,0.100230373442173,0.9599132537841797,-0.25470879673957825,0.0522196926176548,0.10470417141914368,-0.015493269078433514,-0.019556699320673943,0.030601460486650467,-0.21217942237854004,0.24164949357509613,-0.40648385882377625,0.4419678747653961,-0.16020484268665314,0.03735465183854103,0.916790783405304,0.3892384171485901,0.08752904087305069,-0.018076637759804726,-0.015493269078433514,-0.019556699320673943,0.030601460486650467,-0.21217942237854004,0.24164949357509613,-0.40648385882377625,-0.5049938504073423,0.1542012892338634,0.1774361585758023,0.8061333718434247,0.1754628326067629,0.03554751432437341
45.0,0.9,0.0,45.0,0.4095788598060608,0.25475987792015076,0.09785285592079163,0.9595834612846375,-0.2563400864601135,0.05563785508275032,0.10195032507181168,-0.027034103870391846,-0.012419546954333782,0.03938509523868561,-0.2129887044429779,0.23848417401313782,-0.3024783432483673,0.44059887528419495,-0.16335250437259674,0.036617204546928406,0.9173445701599121,0.38751479983329773,0.08839229494333267,-0.022321058437228203,-0.027034103870391846,-0.012419546954333782,0.03938509523868561,-0.2129887044429779,0.23848417401313782,-0.3024783432483673,-0.5084355984533411,0.15972450631661586,0.17010934892202656,0.8019198710687686,0.18044953478506862,0.02801288179442247
46.0,0.92,0.0,46.0,0.4103878438472748,0.25331804156303406,0.09577038884162903,0.9591236710548401,-0.25800850987434387,0.05855637043714523,0.10042232275009155,-0.03818972781300545,-0.003425671486184001,0.04500651732087135,-0.2047085016965866,0.21313214302062988,-0.15359453856945038,0.43939852714538574,-0.16517286002635956,0.03615691140294075,0.9179061055183411,0.3857171833515167,0.0896180123090744,-0.025287309661507607,-0.03818972781300545,-0.003425671486184001,0.04500651732087135,-0.2047085016965866,0.21313214302062988,-0.15359453856945038,-0.5118683753817346,0.16489140853793727,0.16540525032273645,0.7977648395226792,0.18508420822228203,0.023108352775067828
47.0,0.9400000000000001,0.0,47.0,0.4101773202419281,0.25321975350379944,0.09414201229810715,0.9585426449775696,-0.25976160168647766,0.060654498636722565,0.10020481795072556,-0.04504178464412689,0.0031178006902337074,0.046220846474170685,-0.201060488820076,0.15686912834644318,-0.009392178617417812,0.43848156929016113,-0.16554655134677887,0.036144837737083435,0.9185174703598022,0.3838365077972412,0.09100376814603806,-0.026711786165833473,-0.04504178464412689,0.0031178006902337074,0.046220846474170685,-0.201060488820076,0.15686912834644318,-0.009392178617417812,-0.5153769804706416,0.16914393652960877,0.16364407307067338,0.7936653097589116,0.188802710713064,0.021168374551234145
48.0,0.96,0.0,48.0,0.4091610610485077,0.25414636731147766,0.09308913350105286,0.9578818678855896,-0.26166683435440063,0.061753541231155396,0.10089296102523804,-0.04809991270303726,0.005355494562536478,0.043778788298368454,-0.2081434428691864,0.07611479610204697,0.08422820270061493,0.4378073215484619,-0.1648245006799698,0.03676147386431694,0.9192245006561279,0.38185805082321167,0.09215505421161652,-0.026804139837622643,-0.04809991270303726,0.005355494562536478,0.043778788298368454,-0.2081434428691864,0.07611479610204697,0.08422820270061493,-0.51915615238456,0.17195197475846227,0.16411446343289826,0.7895050043477513,0.19105323308741973,0.021494979958758636
49.0,0.98,0.0,49.0,0.40762779116630554,0.25560155510902405,0.0926394909620285,0.9571982622146606,-0.2637366056442261,0.061872195452451706,0.10191255807876587,-0.05116211995482445,0.007144801318645477,0.03891533985733986,-0.2120230495929718,-0.01118684746325016,0.12205193191766739,0.43720778822898865,-0.16353686153888702,0.038068097084760666,0.9200384616851807,0.37980586290359497,0.09273096919059753,-0.026030128821730614,-0.05116211995482445,0.007144801318645477,0.03891533985733986,-0.2120230495929718,-0.01118684746325016,0.12205193191766739,-0.5233113279468159,0.17306674541218656,0.16568599608945156,0.7852163587406357,0.19157460941391674,0.02296419185344875
50.0,1.0,0.0,50.0,0.40583306550979614,0.2571484446525574,0.09282935410737991,0.9565688967704773,-0.26587235927581787,0.06109844148159027,0.10273753851652145,-0.05423685163259506,0.012099498882889748,0.03283071145415306,-0.2020414024591446,-0.10528454929590225,0.11009223759174347,0.43648624420166016,-0.1621416211128235,0.04004452005028725,0.920922040939331,0.37779858708381653,0.09248294681310654,-0.024861495941877365,-0.05423685163259506,0.012099498882889748,0.03283071145415306,-0.2020414024591446,-0.10528454929590225,0.11009223759174347,-0.5277127468350182,0.17237217351394235,0.1673096067504332,0.7809457079390224,0.19027035199159736,0.024534024088163568
51.0,1.02,0.0,51.0,0.40392908453941345,0.2585510313510895,0.09374206513166428,0.956055223941803,-0.26797425746917725,0.0594366192817688,0.1030319556593895,-0.057322386652231216,0.018276575952768326,0.026048211380839348,-0.1883968561887741,-0.20900613069534302,0.07504347711801529,0.43551695346832275,-0.16088607907295227,0.04270545393228531,0.9218377470970154,0.3759520351886749,0.09121380746364594,-0.023568740114569664,-0.057322386652231216,0.018276575952768326,0.026048211380839348,-0.1883968561887741,-0.20900613069534302,0.07504347711801529,-0.532206797372285,0.16968226852429605,0.16835406552799012,0.7768727577680443,0.1869776275307766,0.025579496589730952
52.0,1.04,0.0,52.0,0.4019210636615753,0.2597884237766266,0.0954272449016571,0.9556551575660706,-0.2700870931148529,0.056779272854328156,0.10272395610809326,-0.059349242597818375,0.02390451170504093,0.017340781167149544,-0.18086369335651398,-0.3266284465789795,0.044600699096918106,0.43428197503089905,-0.15979908406734467,0.0461411215364933,0.9228065609931946,0.37423741817474365,0.08879201114177704,-0.02214152365922928,-0.059349242597818375,0.02390451170504093,0.017340781167149544,-0.18086369335651398,-0.3266284465789795,0.044600699096918106,-0.5369078597749924,0.16475601338104148,0.1687404898919003,0.7729182986413152,0.1814420097570025,0.02602398864128959
53.0,1.06,0.0,53.0,0.3996939957141876,0.26102569699287415,0.09789381921291351,0.9553354978561401,-0.2722699046134949,0.05301392078399658,0.10194604843854904,-0.06224353611469269,0.033768847584724426,0.008453604765236378,-0.1695825457572937,-0.4481440782546997,0.03534426540136337,0.43280458450317383,-0.15871070325374603,0.05040634423494339,0.9238483905792236,0.37259605526924133,0.08520694077014923,-0.02040429413318634,-0.06224353611469269,0.033768847584724426,0.008453604765236378,-0.1695825457572937,-0.4481440782546997,0.03534426540136337,-0.541928985186742,0.15745560512318932,0.1687957268570541,0.7689888643070214,0.17351098241284657,0.02619079756504681
54.0,1.08,0.0,54.0,0.3970734179019928,0.2624484896659851,0.10098786652088165,0.9550181031227112,-0.27466076612472534,0.04817156493663788,0.1009034737944603,-0.07020015269517899,0.040754351764917374,-0.0032297142315655947,-0.18259570002555847,-0.5548144578933716,0.05074261128902435,0.43106603622436523,-0.15743529796600342,0.0554674006998539,0.9250018000602722,0.37086910009384155,0.0806000605225563,-0.01820969767868519,-0.07020015269517899,0.040754351764917374,-0.0032297142315655947,-0.18259570002555847,-0.5548144578933716,0.05074261128902435,-0.5475299257953792,0.1479773250230778,0.16890674510312664,0.7647960793867069,0.1633425842957214,0.026451262712612274
55.0,1.1,0.0,55.0,0.39405959844589233,0.26390403509140015,0.10454889386892319,0.9545534253120422,-0.27770334482192993,0.042381927371025085,0.09956161677837372,-0.0734805315732956,0.019661463797092438,0.006919168401509523,-0.28771284222602844,-0.6648464202880859,0.030779141932725906,0.4290212392807007,-0.1561676263809204,0.06156623363494873,0.9264208078384399,0.36860767006874084,0.07501991838216782,-0.015654612332582474,-0.0734805315732956,0.019661463797092438,0.006919168401509523,-0.28771284222602844,-0.6648464202880859,0.030779141932725906,-0.55463636660951,0.1366335300210278,0.16890315554920882,0.7593754595118464,0.1511153039991965,0.026606630588373897
56.0,1.12,0.0,56.0,0.391069233417511,0.2647720277309418,0.10893178731203079,0.9538949728012085,-0.2816176116466522,0.03602743148803711,0.09735497087240219,-0.08055028319358826,0.009384519420564175,0.053052835166454315,-0.35717079043388367,-0.7201719880104065,-0.04439757019281387,0.4265200197696686,-0.15558670461177826,0.06928569823503494,0.9281649589538574,0.3655836284160614,0.06840191781520844,-0.013414720073342323,-0.08055028319358826,0.009384519420564175,0.053052835166454315,-0.35717079043388367,-0.7201719880104065,-0.04439757019281387,-0.5637354893749005,0.123883142394482,0.16750073731845022,0.7521772795108703,0.13721505669993142,0.02535206732990432
57.0,1.1400000000000001,0.0,57.0,0.3880921006202698,0.26540642976760864,0.11398603022098541,0.9530507922172546,-0.2861579358577728,0.02920546382665634,0.09463053941726685,-0.05687643960118294,0.0027230363339185715,0.04610670357942581,-0.41711804270744324,-0.8422276973724365,-0.001372653990983963,0.42375898361206055,-0.15528471767902374,0.07825317233800888,0.9301132559776306,0.36198726296424866,0.061053622514009476,-0.011278911493718624,-0.05687643960118294,0.0027230363339185715,0.04610670357942581,-0.41711804270744324,-0.8422276973724365,-0.001372653990983963,-0.5742492365819993,0.11004912852804032,0.16540996650621417,0.7437285601481973,0.12204191459139697,0.023396067963972807
58.0,1.16,0.0,58.0,0.3851553499698639,0.266476035118103,0.118789441883564,0.9520717859268188,-0.29094964265823364,0.021344492211937904,0.09193292260169983,-0.03985388204455376,0.014136621728539467,-0.00846763513982296,-0.4076121151447296,-0.8817700147628784,-0.04032839834690094,0.421332448720932,-0.15450303256511688,0.08720073103904724,0.9321130514144897,0.3581843376159668,0.05288992077112198,-0.008471130393445492,-0.03985388204455376,0.014136621728539467,-0.00846763513982296,-0.4076121151447296,-0.8817700147628784,-0.04032839834690094,-0.5854078305953431,0.09427831631191214,0.16409409268833625,0.7349143193884455,0.10485929484335346,0.022220451822606166
59.0,1.18,0.0,59.0,0.38237103819847107,0.2677328884601593,0.12221844494342804,0.9510132074356079,-0.2956240475177765,0.013969773426651955,0.08936023712158203,-0.04489196836948395,0.01680908538401127,-0.04385792836546898,-0.4220398962497711,-0.7752290368080139,0.009223731234669685,0.41894158720970154,-0.1534983515739441,0.09470749646425247,0.9339868426322937,0.3543896973133087,0.04519271105527878,-0.005860068369656801,-0.04489196836948395,0.01680908538401127,-0.04385792836546898,-0.4220398962497711,-0.7752290368080139,0.009223731234669685,-0.5962713473732542,0.07948862063719792,0.16293813885328987,0.7262503273428789,0.08868849260322799,0.021169982931472858
60.0,1.2,0.0,60.0,0.3796307444572449,0.26925793290138245,0.12412098795175552,0.9498540163040161,-0.30013370513916016,0.00785090122371912,0.08738140761852264,-0.053746115416288376,0.023572394624352455,-0.05622391402721405,-0.4064827263355255,-0.6200835704803467,0.0015141020994633436,0.4166267514228821,-0.15217642486095428,0.10057505965232849,0.9357221126556396,0.3505731225013733,0.03885762020945549,-0.0035517248325049877,-0.053746115416288376,0.023572394624352455,-0.05622391402721405,-0.4064827263355255,-0.6200835704803467,0.0015141020994633436,-0.6066146907634489,0.06741768757909446,0.1623662105181627,0.7177146046355108,0.07528124012925602,0.020657995954171227
61.0,1.22,0.0,61.0,0.3775341212749481,0.27026447653770447,0.12486463785171509,0.9487786293029785,-0.30424192547798157,0.0034030701499432325,0.08511308580636978,-0.059709541499614716,0.029571449384093285,-0.058387551456689835,-0.37688732147216797,-0.4728538691997528,-0.11909796297550201,0.41417402029037476,-0.15138839185237885,0.10495518893003464,0.9372549057006836,0.3470049202442169,0.033681679517030716,-0.0025075909215956926,-0.059709541499614716,0.029571449384093285,-0.058387551456689835,-0.37688732147216797,-0.4728538691997528,-0.11909796297550201,-0.6159303166515709,0.05828045420692605,0.16039426048525493,0.7097816266503567,0.06492253468527621,0.018715433370644376
62.0,1.24,0.0,62.0,0.3763607442378998,0.27041396498680115,0.12477037310600281,0.9478505849838257,-0.3079497814178467,0.0005384133546613157,0.08213290572166443,-0.05765249952673912,0.0326886922121048,-0.05504437908530235,-0.35243815183639526,-0.3533082604408264,-0.22286824882030487,0.411571741104126,-0.15150314569473267,0.10815254598855972,0.9386057257652283,0.34372925758361816,0.029335366562008858,-0.003008828032761812,-0.05765249952673912,0.0326886922121048,-0.05504437908530235,-0.35243815183639526,-0.3533082604408264,-0.22286824882030487,-0.6242281760418686,0.05162923043397901,0.1562096707344082,0.7025048052216646,0.05716825775261045,0.014542909197554809
63.0,1.26,0.0,63.0,0.3758043050765991,0.2702536880970001,0.12415071576833725,0.9469459652900696,-0.3114922046661377,-0.0012724414700642228,0.07914812862873077,-0.042532630264759064,0.02575276978313923,-0.03973373770713806,-0.3591536581516266,-0.2673705816268921,-0.2092658132314682,0.40925025939941406,-0.1519191414117813,0.11067903786897659,0.9398723244667053,0.3405230939388275,0.025823427364230156,-0.004165904596447945,-0.042532630264759064,0.02575276978313923,-0.03973373770713806,-0.3591536581516266,-0.2673705816268921,-0.2092658132314682,-0.6320301885188273,0.0469153874887952,0.15143482297387542,0.6954453687673633,0.05140124566592735,0.009769166093201548
64.0,1.28,0.0,64.0,0.37549760937690735,0.27036938071250916,0.12339331209659576,0.9460017085075378,-0.31490087509155273,-0.0024944141041487455,0.07689013332128525,-0.027630776166915894,0.02647584117949009,-0.017308510839939117,-0.3335328698158264,-0.18959975242614746,-0.14311592280864716,0.4075697362422943,-0.15199583768844604,0.11295156925916672,0.9410767555236816,0.3373557925224304,0.023231059312820435,-0.005114125087857246,-0.027630776166915894,0.02647584117949009,-0.017308510839939117,-0.3335328698158264,-0.18959975242614746,-0.14311592280864716,-0.6394413923253233,0.04372002249900001,0.14772471698994863,0.6885589119643868,0.04719248394296759,0.006055473869078337
65.0,1.3,0.0,65.0,0.37519925832748413,0.27099642157554626,0.12256503850221634,0.9450905919075012,-0.3179306089878082,-0.0031996481120586395,0.07558901607990265,-0.021596206352114677,0.027211030945181847,-0.000986470957286656,-0.3043588697910309,-0.1020527184009552,-0.07264601439237595,0.4064956605434418,-0.15148504078388214,0.11482168734073639,0.9421409368515015,0.3344692289829254,0.021661167964339256,-0.005633853375911713,-0.021596206352114677,0.027211030945181847,-0.000986470957286656,-0.3043588697910309,-0.1020527184009552,-0.07264601439237595,-0.6459555258581874,0.04202857978706519,0.14555293797387242,0.6823482305012144,0.044599224216728454,0.003878085898368145
66.0,1.32,0.0,66.0,0.3749109208583832,0.2719864845275879,0.12159567326307297,0.944216787815094,-0.32063934206962585,-0.0034157633781433105,0.07505633682012558,-0.013789603486657143,0.0280640609562397,0.010541300289332867,-0.277520090341568,-0.0394502729177475,-0.021191198378801346,0.4058960974216461,-0.1505553275346756,0.11627135425806046,0.943090558052063,0.33182260394096375,0.02097141370177269,-0.005856066942214966,-0.013789603486657143,0.0280640609562397,0.010541300289332867,-0.277520090341568,-0.0394502729177475,-0.021191198378801346,-0.6517088877642065,0.041693663255051236,0.14455748734717458,0.6766992326909116,0.043455905250070176,0.0028746927732238477
67.0,1.34,0.0,67.0,0.3746723532676697,0.2732548713684082,0.1204657107591629,0.9433516263961792,-0.3231607675552368,-0.003352225525304675,0.07512302696704865,-0.0005928233149461448,0.022965673357248306,0.009074907749891281,-0.2727789282798767,-0.010592860169708729,0.03012761101126671,0.40574219822883606,-0.1493031531572342,0.11739891022443771,0.9439738392829895,0.32930833101272583,0.02088412083685398,-0.005781757645308971,-0.0005928233149461448,0.022965673357248306,0.009074907749891281,-0.2727789282798767,-0.010592860169708729,0.03012761101126671,-0.6570162969271711,0.042241541551969214,0.14453265461809747,0.6713671405984665,0.04324956436730269,0.002841634652907326
68.0,1.36,0.0,68.0,0.3745410144329071,0.27469566464424133,0.11913131177425385,0.9425120949745178,-0.3254912495613098,-0.0030671674758195877,0.07561095803976059,0.005651512183248997,0.024986283853650093,0.010170775465667248,-0.24563966691493988,0.0369972288608551,0.04538436979055405,0.40596747398376465,-0.14784596860408783,0.11815565079450607,0.9447889924049377,0.32694384455680847,0.02124381624162197,-0.005516075529158115,0.005651512183248997,0.024986283853650093,0.010170775465667248,-0.24563966691493988,0.0369972288608551,0.04538436979055405,-0.6618823919342299,0.043453397834671885,0.14517107449171213,0.6663783669915607,0.04376269819276991,0.0034713447286220138
69.0,1.3800000000000001,0.0,69.0,0.37473034858703613,0.2758890390396118,0.11754300445318222,0.941774845123291,-0.32752394676208496,-0.00217624893411994,0.0760473981499672,0.005635043140500784,0.02639634720981121,0.013457458466291428,-0.2130614072084427,0.10015256702899933,-0.0034809971693903208,0.40630123019218445,-0.14664211869239807,0.11839514970779419,0.9454968571662903,0.3248331546783447,0.022067584097385406,-0.005671870894730091,0.005635043140500784,0.02639634720981121,0.013457458466291428,-0.2130614072084427,0.10015256702899933,-0.0034809971693903208,-0.6660496613997511,0.04573156561411633,0.14532705467577872,0.661931113494312,0.045430110270298835,0.0036148311235472525
70.0,1.4000000000000001,0.0,70.0,0.37533509731292725,0.2766181230545044,0.11578641086816788,0.9411706924438477,-0.3292360305786133,-0.0006890602526254952,0.07616408169269562,0.0065727573819458485,0.026273345574736595,0.015076195821166039,-0.18109126389026642,0.14302368462085724,-0.051816146820783615,0.4066270887851715,-0.1459278017282486,0.11818207800388336,0.946088433265686,0.3230133652687073,0.023183774203062057,-0.006455671973526478,0.0065727573819458485,0.026273345574736595,0.015076195821166039,-0.18109126389026642,0.14302368462085724,-0.051816146820783615,-0.6694828660921948,0.04887432475963936,0.14449474836880105,0.6580878044359753,0.04805682748888785,0.0027652603829702053
71.0,1.42,0.0,71.0,0.3762001395225525,0.27698343992233276,0.11380724608898163,0.9406184554100037,-0.3308265507221222,0.0010091662406921387,0.07609021663665771,0.014706126414239407,0.014237659983336926,-0.0034902123734354973,-0.18351925909519196,0.1345362812280655,-0.06276208907365799,0.4070045053958893,-0.1455877423286438,0.11764072626829147,0.9466322660446167,0.32130616903305054,0.0243564210832119,-0.00752274552360177,0.014706126414239407,0.014237659983336926,-0.0034902123734354973,-0.18351925909519196,0.1345362812280655,-0.06276208907365799,-0.6726493252785575,0.052267602392106996,0.14315933756325278,0.6544734625955996,0.05096941660103686,0.001411022139566649
72.0,1.44,0.0,72.0,0.37718960642814636,0.277138352394104,0.11159484088420868,0.9401432871818542,-0.3322036564350128,0.0026847566477954388,0.07592254132032394,0.012525292113423347,0.021295996382832527,-0.014225361868739128,-0.12740252912044525,0.15461112558841705,-0.07552722841501236,0.4074364900588989,-0.14545994997024536,0.11667738854885101,0.9470980167388916,0.3198152482509613,0.02546841837465763,-0.008654856123030186,0.012525292113423347,0.021295996382832527,-0.014225361868739128,-0.12740252912044525,0.15461112558841705,-0.07552722841501236,-0.6753796491718301,0.055520116351798446,0.14166325193994828,0.6513105521187428,0.053804042922304306,-0.0001037672096774551
73.0,1.46,0.0,73.0,0.3781854808330536,0.2772253155708313,0.10934121161699295,0.9398106932640076,-0.3331598937511444,0.004532878752797842,0.07576051354408264,0.00897692795842886,0.022401411086320877,-0.01807643473148346,-0.09695941209793091,0.17195822298526764,-0.07459188252687454,0.40782612562179565,-0.14540447294712067,0.11529938876628876,0.9474163055419922,0.318729966878891,0.026749037206172943,-0.009899033233523369,0.00897692795842886,0.022401411086320877,-0.01807643473148346,-0.09695941209793091,0.17195822298526764,-0.07459188252687454,-0.6772076720533429,0.05903511862449086,0.1400816739267922,0.64900355975485,0.057026090831482246,-0.0017083494211961197
74.0,1.48,0.0,74.0,0.3790856599807739,0.2773054540157318,0.10713551193475723,0.9395430088043213,-0.33389732241630554,0.006429262924939394,0.07569930702447891,0.005351208616048098,0.022369740530848503,-0.01533991377800703,-0.07573443651199341,0.17791885137557983,-0.06560887396335602,0.4081849753856659,-0.14535176753997803,0.1137763187289238,0.9476574063301086,0.3178527355194092,0.028144942596554756,-0.011098597198724747,0.005351208616048098,0.022369740530848503,-0.01533991377800703,-0.07573443651199341,0.17791885137557983,-0.06560887396335602,-0.6785702392293479,0.06267373922335824,0.13866740592307025,0.6471396223892453,0.06043573450940147,-0.003149195561240025
75.0,1.5,0.0,75.0,0.37987563014030457,0.27739009261131287,0.10514762252569199,0.9393129944801331,-0.3345058262348175,0.0081917280331254,0.0756956934928894,0.00481410650536418,0.020608000457286835,-0.011530963703989983,-0.06255722045898438,0.16060839593410492,-0.05503343790769577,0.408515065908432,-0.14528925716876984,0.11235649883747101,0.9478525519371033,0.3171093165874481,0.029480822384357452,-0.012173042632639408,0.00481410650536418,0.020608000457286835,-0.011530963703989983,-0.06255722045898438,0.16060839593410492,-0.05503343790769577,-0.6796783886856143,0.06607857154244716,0.13745500831349872,0.6455605629501748,0.06365028042749142,-0.004388111777075932
76.0,1.52,0.0,76.0,0.38061463832855225,0.2774181365966797,0.10353787243366241,0.9391236901283264,-0.3350187838077545,0.009654100984334946,0.07560432702302933,0.006793688051402569,0.018969684839248657,-0.007483687251806259,-0.04915590211749077,0.12446355819702148,-0.06012418493628502,0.4088030457496643,-0.1452830582857132,0.11122763901948929,0.9480143785476685,0.3164871633052826,0.030533960089087486,-0.013133922591805458,0.006793688051402569,0.018969684839248657,-0.007483687251806259,-0.04915590211749077,0.12446355819702148,-0.06012418493628502,-0.6806251295672529,0.06884489212460927,0.13627826180813285,0.6442316841124033,0.06625515159366507,-0.0055873690208878175
77.0,1.54,0.0,77.0,0.3813777565956116,0.27728843688964844,0.10237817466259003,0.9389742016792297,-0.3354785144329071,0.010736536234617233,0.07527392357587814,0.009937661699950695,0.015162359923124313,-0.004095886368304491,-0.04292631149291992,0.07965251803398132,-0.0721408948302269,0.40902429819107056,-0.1454404890537262,0.11049848049879074,0.9481577277183533,0.3159581124782562,0.03114565648138523,-0.01405040267854929,0.009937661699950695,0.015162359923124313,-0.004095886368304491,-0.04292631149291992,0.07965251803398132,-0.0721408948302269,-0.6815147035279661,0.07072719390011788,0.1349018602814315,0.6430844273442768,0.06799303947099941,-0.006978731417575158
78.0,1.56,0.0,78.0,0.3821694254875183,0.2769806385040283,0.10164898633956909,0.9388496279716492,-0.3359352946281433,0.011412911117076874,0.07468928396701813,0.01313911285251379,0.0104147307574749,-0.0021563516929745674,-0.040201928466558456,0.03335021436214447,-0.0798005610704422,0.4091789722442627,-0.14578106999397278,0.11019337922334671,0.9483007192611694,0.3154754638671875,0.031282588839530945,-0.01491714920848608,0.01313911285251379,0.0104147307574749,-0.0021563516929745674,-0.040201928466558456,0.03335021436214447,-0.0798005610704422,-0.6824548332445923,0.07167290408822395,0.13331180010028945,0.6420199000677606,0.06879683867181374,-0.008574495346762582
79.0,1.58,0.0,79.0,0.3829885423183441,0.27648892998695374,0.10130292177200317,0.9387493133544922,-0.3363904356956482,0.011702291667461395,0.07385227829217911,0.015353401191532612,0.006014770362526178,-0.0016334621468558908,-0.03559284284710884,-0.008184421807527542,-0.09302438050508499,0.4092613160610199,-0.14631053805351257,0.11026568710803986,0.9484438300132751,0.31503647565841675,0.030960433185100555,-0.015744555741548538,0.015353401191532612,0.006014770362526178,-0.0016334621468558908,-0.03559284284710884,-0.008184421807527542,-0.09302438050508499,-0.6834442890625299,0.07171891020499147,0.13150022291702268,0.6410341599014304,0.06870270827012408,-0.010383001441048426
80.0,1.6,0.0,80.0,0.38383227586746216,0.27580326795578003,0.10126249492168427,0.9386798143386841,-0.3368198573589325,0.011681398376822472,0.0727749839425087,0.016047008335590363,0.0017441499512642622,-0.0023782493080943823,-0.029445402324199677,-0.04035847261548042,-0.10299482941627502,0.40925681591033936,-0.14703962206840515,0.11061664670705795,0.9485781788825989,0.3146584630012512,0.030248675495386124,-0.01657090336084366,0.016047008335590363,0.0017441499512642622,-0.0023782493080943823,-0.029445402324199677,-0.04035847261548042,-0.10299482941627502,-0.6844219026525796,0.07101397264425278,0.12944226629135677,0.6401663369550818,0.0678668972996002,-0.01243052548189644
81.0,1.62,0.0,81.0,0.3846876323223114,0.27492839097976685,0.10145622491836548,0.9386486411094666,-0.3371885120868683,0.011437569744884968,0.07149682193994522,0.015420445241034031,-0.0021924152970314026,-0.003367756260558963,-0.01945664919912815,-0.06284284591674805,-0.11506851762533188,0.40915945172309875,-0.14796322584152222,0.11114371567964554,0.9486908912658691,0.3143676519393921,0.029242606833577156,-0.01741972006857395,0.015420445241034031,-0.0021924152970314026,-0.003367756260558963,-0.01945664919912815,-0.06284284591674805,-0.11506851762533188,-0.6853012414970507,0.06974406232894713,0.12715826225063243,0.6394761111826771,0.06648575312562154,-0.014699003738176055
82.0,1.6400000000000001,0.0,82.0,0.3855791985988617,0.27382025122642517,0.10184863209724426,0.9386730790138245,-0.33744680881500244,0.01106460765004158,0.07000145316123962,0.014440824277698994,-0.006136083509773016,-0.0038472767919301987,-0.004769705235958099,-0.07867904752492905,-0.1341014951467514,0.40895402431488037,-0.1491280198097229,0.11176802217960358,0.9487637281417847,0.31420665979385376,0.028009094297885895,-0.018362944945693016,0.014440824277698994,-0.006136083509773016,-0.0038472767919301987,-0.004769705235958099,-0.07867904752492905,-0.1341014951467514,-0.6859677459636561,0.06806817492128611,0.12455905016647803,0.6390537790701225,0.06473273441327769,-0.017279951627985488
83.0,1.6600000000000001,0.0,83.0,0.38654181361198425,0.2724399268627167,0.10245279222726822,0.9387786388397217,-0.33752208948135376,0.010626320727169514,0.06826752424240112,0.013537006452679634,-0.009113109670579433,-0.003249895293265581,0.018856259062886238,-0.0885070264339447,-0.15480045974254608,0.4086393415927887,-0.1505754590034485,0.11243772506713867,0.9487703442573547,0.3142438232898712,0.026590025052428246,-0.019458521157503128,0.013537006452679634,-0.009113109670579433,-0.003249895293265581,0.018856259062886238,-0.0885070264339447,-0.15480045974254608,-0.6862613758801152,0.06608321641153217,0.12156686636489618,0.6390442834960309,0.06272621942968822,-0.020253045534609024
84.0,1.68,0.0,84.0,0.38753455877304077,0.2708345949649811,0.10326720029115677,0.9389818906784058,-0.33734285831451416,0.010176544077694416,0.06640048325061798,0.011551783420145512,-0.012385896407067776,-0.0004224918084219098,0.04866047948598862,-0.08753509819507599,-0.1617022454738617,0.4082436263561249,-0.1522548943758011,0.11308708786964417,0.948686957359314,0.3145415484905243,0.025097845122218132,-0.020658256486058235,0.011551783420145512,-0.012385896407067776,-0.0004224918084219098,0.04866047948598862,-0.08753509819507599,-0.1617022454738617,-0.6860184445437848,0.06395424090480141,0.11834922907341183,0.639586227570058,0.06065293825709007,-0.023453079138964168
85.0,1.7,0.0,85.0,0.3884921371936798,0.26901328563690186,0.10424855351448059,0.9392805099487305,-0.33688369393348694,0.009837208315730095,0.06453496962785721,0.006045484449714422,-0.01811833307147026,0.008333065547049046,0.0823928564786911,-0.06613048166036606,-0.16664256155490875,0.40777716040611267,-0.154152974486351,0.11365211755037308,0.9485055208206177,0.3151096701622009,0.02371286414563656,-0.021931709721684456,0.006045484449714422,-0.01811833307147026,0.008333065547049046,0.0823928564786911,-0.06613048166036606,-0.16664256155490875,-0.6851675627676939,0.0620010677312176,0.11507935213576757,0.6407049925409002,0.058839290276317464,-0.026709778874285956
86.0,1.72,0.0,86.0,0.389479398727417,0.2667129933834076,0.10534118115901947,0.9396578669548035,-0.33619576692581177,0.009893511421978474,0.06258891522884369,0.0033961522858589888,-0.024460967630147934,0.013543114066123962,0.1307857483625412,-0.04487556591629982,-0.18519315123558044,0.40716472268104553,-0.15653634071350098,0.11413038522005081,0.9482389092445374,0.3158775866031647,0.02260439842939377,-0.023518066853284836,0.0033961522858589888,-0.024460967630147934,0.013543114066123962,0.1307857483625412,-0.04487556591629982,-0.18519315123558044,-0.6838006147617315,0.06071459806991828,0.11140721111566423,0.6422399834451626,0.05775852463834441,-0.03037637236698776
87.0,1.74,0.0,87.0,0.3906565308570862,0.2643854320049286,0.10662152618169785,0.9403801560401917,-0.3345549404621124,0.009769312106072903,0.060521431267261505,0.016238104552030563,-0.02545306272804737,-0.01902473345398903,0.18838809430599213,-0.06377815455198288,-0.1994829922914505,0.4066689610481262,-0.1589585691690445,0.11393462121486664,0.947645902633667,0.31761789321899414,0.021346986293792725,-0.025112517178058624,0.016238104552030563,-0.02545306272804737,-0.01902473345398903,0.18838809430599213,-0.06377815455198288,-0.1994829922914505,-0.6804285031695699,0.05890327039306406,0.10768393743328362,0.6458340297456477,0.0564410872958078,-0.034096060236084476
88.0,1.76,0.0,88.0,0.39212894439697266,0.2613666355609894,0.10714451223611832,0.9410845637321472,-0.33296117186546326,0.01005431730300188,0.05827423930168152,0.01791715808212757,-0.06098033860325813,-0.034152861684560776,0.14495792984962463,-0.012987500987946987,-0.24456961452960968,0.4062165915966034,-0.1620679646730423,0.11303400993347168,0.9470551013946533,0.31928130984306335,0.020295875146985054,-0.027099089697003365,0.01791715808212757,-0.06098033860325813,-0.034152861684560776,0.14495792984962463,-0.012987500987946987,-0.24456961452960968,-0.677134373409878,0.057762142674548704,0.10334244152682269,0.6492561294630456,0.055775993572415763,-0.03843769045703198
89.0,1.78,0.0,89.0,0.3936452567577362,0.2585720419883728,0.10735434293746948,0.9422012567520142,-0.3300932049751282,0.011135571636259556,0.05631579831242561,0.004812301602214575,-0.01393925677984953,-0.039017580449581146,0.31858113408088684,0.10171019285917282,-0.19746576249599457,0.40579232573509216,-0.16495046019554138,0.11069934815168381,0.946021318435669,0.3221414387226105,0.020137153565883636,-0.029380086809396744,0.004812301602214575,-0.01393925677984953,-0.039017580449581146,0.31858113408088684,0.10171019285917282,-0.19746576249599457,-0.6710731739836459,0.05819565543465295,0.099099674985038,0.6551947165017036,0.05706039091761411,-0.04269678753415833
90.0,1.8,0.0,90.0,0.39507824182510376,0.2561694383621216,0.10746460407972336,0.9433582425117493,-0.32692182064056396,0.01286512054502964,0.05505988001823425,0.016448382288217545,-0.025863157585263252,-0.006599674932658672,0.2811833322048187,0.1437261551618576,-0.17726615071296692,0.40565967559814453,-0.16740787029266357,0.10801784694194794,0.9448816180229187,0.32521843910217285,0.020941512659192085,-0.03151358664035797,0.016448382288217545,-0.025863157585263252,-0.006599674932658672,0.2811833322048187,0.1437261551618576,-0.17726615071296692,-0.6643063198421657,0.06030995654748229,0.09579094802595893,0.6615942639820169,0.06010829088810082,-0.046031443065318006
91.0,1.82,0.0,91.0,0.3967231214046478,0.2540629506111145,0.10785828530788422,0.9444308280944824,-0.323896199464798,0.014814653433859348,0.054058559238910675,0.023467084392905235,-0.005243877414613962,0.0231150034815073,0.27941930294036865,0.1846875548362732,-0.17302092909812927,0.40587854385375977,-0.16954277455806732,0.10576538741588593,0.9437836408615112,0.328113317489624,0.022064965218305588,-0.03357742726802826,0.023467084392905235,-0.005243877414613962,0.0231150034815073,0.27941930294036865,0.1846875548362732,-0.17302092909812927,-0.657838577781253,0.06304329803023392,0.09282972210259635,0.6676098505311592,0.06372661917183506,-0.04901911523204557
92.0,1.84,0.0,92.0,0.39856332540512085,0.25195467472076416,0.10784098505973816,0.9452246427536011,-0.32164281606674194,0.017252232879400253,0.05290285125374794,0.02246188186109066,-0.015001632273197174,0.022826088592410088,0.1524437665939331,0.1989956945180893,-0.19160901010036469,0.40604811906814575,-0.17166996002197266,0.10381937772035599,0.9429330229759216,0.3301966190338135,0.02342093735933304,-0.03604381904006004,0.02246188186109066,-0.015001632273197174,0.022826088592410088,0.1524437665939331,0.1989956945180893,-0.19160901010036469,-0.6530036579897145,0.06669554618254538,0.08922851269407028,0.6718790232577281,0.06802428132309538,-0.052652817916787595
93.0,1.86,0.0,93.0,0.40033388137817383,0.24987635016441345,0.10679657012224197,0.9455751180648804,-0.32065725326538086,0.019798969849944115,0.05171935632824898,0.015304970555007458,-0.021324217319488525,0.0013425822835415602,0.038329727947711945,0.20555159449577332,-0.20226545631885529,0.406128466129303,-0.1737665981054306,0.10199415683746338,0.9425156116485596,0.33100518584251404,0.024755656719207764,-0.038567930459976196,0.015304970555007458,-0.021324217319488525,0.0013425822835415602,0.038329727947711945,0.20555159449577332,-0.20226545631885529,-0.6508655301929344,0.07066999021063064,0.08542853318617229,0.6734325800871582,0.07226039311604697,-0.05649060959834352
94.0,1.8800000000000001,0.0,94.0,0.40190061926841736,0.24803639948368073,0.1047767922282219,0.9455534219741821,-0.3207167685031891,0.022337915375828743,0.050700269639492035,0.011381641030311584,-0.02571108564734459,-0.018633227795362473,-0.05853499844670296,0.2063583880662918,-0.1663718968629837,0.40617114305496216,-0.1756264865398407,0.1001354530453682,0.942463219165802,0.3307654857635498,0.02611185982823372,-0.04093214124441147,0.011381641030311584,-0.02571108564734459,-0.018633227795362473,-0.05853499844670296,0.2063583880662918,-0.1663718968629837,-0.6509475596433879,0.07483406377367746,0.08187165384167333,0.672760508176064,0.07637103225488037,-0.06009148213812631
95.0,1.9000000000000001,0.0,95.0,0.4032772183418274,0.2464408576488495,0.10206907242536545,0.9452528953552246,-0.3215413987636566,0.024918457493185997,0.04987211525440216,0.005748184397816658,-0.02743353694677353,-0.02342054434120655,-0.12332716584205627,0.21905948221683502,-0.15835502743721008,0.4061935245990753,-0.1772419959306717,0.09828121960163116,0.9426782131195068,0.32975125312805176,0.02756442315876484,-0.04315263777971268,0.005748184397816658,-0.02743353694677353,-0.02342054434120655,-0.12332716584205627,0.21905948221683502,-0.15835502743721008,-0.6526540180556198,0.07926335409707588,0.07858623298957217,0.6704421784763113,0.08051499483948171,-0.06342715271051581
96.0,1.92,0.0,96.0,0.40460407733917236,0.24498742818832397,0.09924183040857315,0.9448428750038147,-0.3226582109928131,0.027533873915672302,0.04904453456401825,0.006569853983819485,-0.017676420509815216,-0.01827891543507576,-0.13098488748073578,0.2111673653125763,-0.15803943574428558,0.4061717391014099,-0.1787111461162567,0.09657860547304153,0.9429877996444702,0.3284381926059723,0.029024001210927963,-0.045386504381895065,0.006569853983819485,-0.017676420509815216,-0.01827891543507576,-0.13098488748073578,0.2111673653125763,-0.15803943574428558,-0.6549989766141017,0.08377759147850294,0.07524535059462074,0.6674795895768846,0.08465295340360177,-0.0668214821293865
97.0,1.94,0.0,97.0,0.4059283435344696,0.24376337230205536,0.09670256078243256,0.944455623626709,-0.32370179891586304,0.030010808259248734,0.048165831714868546,0.008271260187029839,-0.005103683564811945,-0.011464844457805157,-0.12412986904382706,0.19403018057346344,-0.15899236500263214,0.4061470925807953,-0.17994335293769836,0.09510062634944916,0.9432663917541504,0.3272063136100769,0.03034866973757744,-0.04757653549313545,0.008271260187029839,-0.005103683564811945,-0.011464844457805157,-0.12412986904382706,0.19403018057346344,-0.15899236500263214,-0.6572172548843109,0.08798396961659777,0.07189164056019018,0.6646857367750933,0.08850393956008426,-0.07022648335826429
98.0,1.96,0.0,98.0,0.407174289226532,0.2428206205368042,0.09444762021303177,0.9440390467643738,-0.3248252272605896,0.032241370528936386,0.04732469841837883,0.009901309385895729,0.0015976668801158667,-0.0042382460087537766,-0.142344668507576,0.1695290058851242,-0.14221303164958954,0.40614989399909973,-0.18088769912719727,0.09397294372320175,0.9435738921165466,0.3259109854698181,0.031497832387685776,-0.04958297684788704,0.009901309385895729,0.0015976668801158667,-0.0042382460087537766,-0.142344668507576,0.1695290058851242,-0.14221303164958954,-0.6596255838031322,0.09174737228142188,0.06875015641670768,0.6617660718749055,0.09188957577220483,-0.0734147875008095
99.0,1.98,0.0,99.0,0.4082891345024109,0.24218229949474335,0.09240666031837463,0.9435038566589355,-0.32628586888313293,0.03415853902697563,0.04659730941057205,0.011888661421835423,0.003097294131293893,0.004090997856110334,-0.1849079132080078,0.1420886367559433,-0.11393324285745621,0.4062170386314392,-0.18152141571044922,0.09334934502840042,0.9440047144889832,0.3243005871772766,0.03244776278734207,-0.051298536360263824,0.011888661421835423,0.003097294131293893,0.004090997856110334,-0.1849079132080078,0.1420886367559433,-0.11393324285745621,-0.6627606604080573,0.09500837240700459,0.0659838127665755,0.6581986431391417,0.09467532942972232,-0.07622124849101808
100.0,2.0,0.0,100.0,0.40924084186553955,0.2418397217988968,0.09048572927713394,0.9427968859672546,-0.3282322585582733,0.03578031063079834,0.046015918254852295,0.011403582990169525,0.0026424771640449762,0.01154033001512289,-0.23682226240634918,0.12083891779184341,-0.09005153924226761,0.40634456276893616,-0.1818510740995407,0.09326723217964172,0.9446111917495728,0.32222434878349304,0.03322214633226395,-0.0527050606906414,0.011403582990169525,0.0026424771640449762,0.01154033001512289,-0.23682226240634918,0.12083891779184341,-0.09005153924226761,-0.6669310212616067,0.09783092086632354,0.0636257691468434,0.6536686284652743,0.09688117724846072,-0.07861077302187128
101.0,2.02,0.0,101.0,0.41003045439720154,0.24169676005840302,0.08857154101133347,0.9419237375259399,-0.3306429982185364,0.03721190243959427,0.04549649730324745,0.007223646156489849,0.004489567130804062,0.015046333894133568,-0.2782983183860779,0.10542702674865723,-0.08250772207975388,0.406436949968338,-0.18196797370910645,0.09360052645206451,0.9453783631324768,0.3196951746940613,0.033852800726890564,-0.053933944553136826,0.007223646156489849,0.004489567130804062,0.015046333894133568,-0.2782983183860779,0.10542702674865723,-0.08250772207975388,-0.6720963877162605,0.10035613628442519,0.06144840871077859,0.6481964304206158,0.0986521810114131,-0.08081122159446297
102.0,2.04,0.0,102.0,0.4105929434299469,0.24180948734283447,0.08666417002677917,0.9409206509590149,-0.33341485261917114,0.03837905451655388,0.045055948197841644,0.002289216499775648,0.0077826776541769505,0.012449533678591251,-0.3120260238647461,0.07628020644187927,-0.05681752413511276,0.40645769238471985,-0.18181219696998596,0.09425193816423416,0.946272075176239,0.31682148575782776,0.0342993326485157,-0.05492869392037392,0.002289216499775648,0.0077826776541769505,0.012449533678591251,-0.3120260238647461,0.07628020644187927,-0.05681752413511276,-0.6780353676095536,0.10244703137130393,0.05954302676873679,0.6420207998480839,0.09988415760671175,-0.08272762023344857
103.0,2.06,0.0,103.0,0.4108230769634247,0.24232545495033264,0.08483189344406128,0.9398153424263,-0.33647558093070984,0.03906535357236862,0.04478137940168381,-0.0029473791364580393,0.013223454356193542,0.004623093642294407,-0.33666884899139404,0.02976303920149803,-0.02120225317776203,0.4064251184463501,-0.18123440444469452,0.0952107235789299,0.9472758173942566,0.3136923015117645,0.03445111960172653,-0.05548926442861557,-0.0029473791364580393,0.013223454356193542,0.004623093642294407,-0.33666884899139404,0.02976303920149803,-0.02120225317776203,-0.6845845322475784,0.10375013029855153,0.05822920441700272,0.6353539824076899,0.10025034500571078,-0.08403344265790826
104.0,2.08,0.0,104.0,0.4107007086277008,0.24324768781661987,0.08317181468009949,0.9386232495307922,-0.33980581164360046,0.039092302322387695,0.044609759002923965,-0.006987746339291334,0.01777043379843235,-0.004938327707350254,-0.36291107535362244,-0.03672456368803978,0.00909734982997179,0.40631064772605896,-0.18022823333740234,0.09654689580202103,0.9483851790428162,0.31034520268440247,0.03413083031773567,-0.05555599927902222,-0.006987746339291334,0.01777043379843235,-0.004938327707350254,-0.36291107535362244,-0.03672456368803978,0.00909734982997179,-0.6917042955065112,0.10388999798032578,0.05751759662945168,0.6282893343985189,0.09938495494196811,-0.08471109085173567
105.0,2.1,0.0,105.0,0.41034698486328125,0.2442905604839325,0.08187843859195709,0.93727707862854,-0.34362542629241943,0.03836681321263313,0.0442822203040123,-0.007453689351677895,0.00907595083117485,0.0016887171659618616,-0.4272688329219818,-0.11991161853075027,0.010027796030044556,0.40605512261390686,-0.17906536161899567,0.09865252673625946,0.9496650099754333,0.3065726161003113,0.033090077340602875,-0.05526959151029587,-0.007453689351677895,0.00907595083117485,0.0016887171659618616,-0.4272688329219818,-0.11991161853075027,0.010027796030044556,-0.6998849181926765,0.10253325742124747,0.05697167700524328,0.6203885398819339,0.0968887743016331,-0.08518821618750651
106.0,2.12,0.0,106.0,0.4098818004131317,0.24531316757202148,0.08150555938482285,0.9357887506484985,-0.3479023277759552,0.03688681870698929,0.043623510748147964,-0.005411999300122261,0.013577335514128208,0.03578326478600502,-0.44761502742767334,-0.2066173106431961,0.005800309125334024,0.4056274890899658,-0.1778765618801117,0.10205718129873276,0.951092004776001,0.3024071455001831,0.03122130036354065,-0.05476696789264679,-0.005411999300122261,0.013577335514128208,0.03578326478600502,-0.44761502742767334,-0.2066173106431961,0.005800309125334024,-0.7090746915035228,0.09955432237929786,0.05628701793478706,0.6117205538686115,0.09264495093729315,-0.08576620247498093
107.0,2.14,0.0,107.0,0.4094505310058594,0.24628464877605438,0.08277585357427597,0.934313952922821,-0.35220035910606384,0.03482916206121445,0.04241975396871567,-0.007208863273262978,0.026964114978909492,0.09890531748533249,-0.43494537472724915,-0.26898396015167236,-0.0491044707596302,0.4049261510372162,-0.17670191824436188,0.10710489749908447,0.9525042772293091,0.29827454686164856,0.028561921790242195,-0.05433574318885803,-0.007208863273262978,0.026964114978909492,0.09890531748533249,-0.43494537472724915,-0.26898396015167236,-0.0491044707596302,-0.7183599043396126,0.09510654630994049,0.05500925290843053,0.6031672973590794,0.08693408098834664,-0.08690859577278208
108.0,2.16,0.0,108.0,0.40942278504371643,0.2467227578163147,0.08553395420312881,0.9328266978263855,-0.3566279709339142,0.03219582512974739,0.04017582908272743,0.0226413793861866,0.0011301155900582671,0.09772162139415741,-0.5261749625205994,-0.425490140914917,-0.09894320368766785,0.4039154052734375,-0.17601116001605988,0.11374222487211227,0.953913152217865,0.2940734326839447,0.02480035088956356,-0.0543634407222271,0.0226413793861866,0.0011301155900582671,0.09772162139415741,-0.5261749625205994,-0.425490140914917,-0.09894320368766785,-0.7280044648607338,0.08883872586800097,0.052219886316258075,0.5945161462119137,0.07937176732285381,-0.08953081398649824
109.0,2.18,0.0,109.0,0.4094555974006653,0.24687378108501434,0.08763985335826874,0.9311692714691162,-0.36146798729896545,0.029062816873192787,0.0376829095184803,0.0008834357722662389,0.006216275971382856,0.04339395835995674,-0.48770567774772644,-0.35440677404403687,-0.10127949714660645,0.40287548303604126,-0.17554132640361786,0.12007727473974228,0.9554256200790405,0.28947943449020386,0.020464224740862846,-0.05426573008298874,0.0008834357722662389,0.006216275971382856,0.04339395835995674,-0.48770567774772644,-0.35440677404403687,-0.10127949714660645,-0.7385517274529366,0.0814571895462104,0.04935138422743934,0.5851281581749003,0.07058029968535341,-0.09220563439886795
110.0,2.2,0.0,110.0,0.4092460572719574,0.24699629843235016,0.08802352845668793,0.9296084046363831,-0.36584872007369995,0.026811975985765457,0.03555021807551384,-0.0134915541857481,0.007661431096494198,-0.005483218003064394,-0.4363897740840912,-0.26520076394081116,-0.10318096727132797,0.40162792801856995,-0.17508722841739655,0.1243206262588501,0.9567558169364929,0.28524258732795715,0.017074374482035637,-0.0544370636343956,-0.0134915541857481,0.007661431096494198,-0.005483218003064394,-0.4363897740840912,-0.26520076394081116,-0.10318096727132797,-0.7480983501296194,0.07593424920794427,0.04662853139280984,0.5764654605774859,0.0637707689266533,-0.0947593563777633
111.0,2.22,0.0,111.0,0.4088355600833893,0.24711744487285614,0.08715055882930756,0.9281741380691528,-0.36971867084503174,0.02545984834432602,0.03395100682973862,-0.03035309724509716,0.002680133329704404,-0.027692966163158417,-0.3942132890224457,-0.151233971118927,-0.05702497065067291,0.4003632068634033,-0.17463956773281097,0.1268906593322754,0.9579076170921326,0.28142037987709045,0.01475405041128397,-0.05475407838821411,-0.03035309724509716,0.002680133329704404,-0.027692966163158417,-0.3942132890224457,-0.151233971118927,-0.05702497065067291,-0.7565236811859464,0.07243030116767098,0.04432963882109408,0.568625560784402,0.0591182843886525,-0.0969151905484612
112.0,2.24,0.0,112.0,0.4082127511501312,0.2474077343940735,0.08554218709468842,0.9269376993179321,-0.37293291091918945,0.024866625666618347,0.03300679102540016,-0.03827007859945297,0.005901025142520666,-0.03819290176033974,-0.3239091634750366,-0.0690479651093483,-0.057824358344078064,0.3992103636264801,-0.17405623197555542,0.12816956639289856,0.9588559865951538,0.2781805396080017,0.01347909215837717,-0.05504029989242554,-0.03827007859945297,0.005901025142520666,-0.03819290176033974,-0.3239091634750366,-0.0690479651093483,-0.057824358344078064,-0.7635089734787711,0.07077732261297578,0.04276336604895861,0.5619489828712081,0.056501335771723706,-0.09836744596048905
113.0,2.2600000000000002,0.0,113.0,0.40761083364486694,0.24772590398788452,0.08362726867198944,0.9259201884269714,-0.37551096081733704,0.02476443350315094,0.032405786216259,-0.03462493047118187,0.00884685292840004,-0.04390241950750351,-0.2609277367591858,-0.02471889927983284,-0.029079176485538483,0.39822009205818176,-0.17348675429821014,0.1285908967256546,0.9596074819564819,0.27553969621658325,0.012845740653574467,-0.05537627264857292,-0.03462493047118187,0.00884685292840004,-0.04390241950750351,-0.2609277367591858,-0.02471889927983284,-0.029079176485538483,-0.7691113252474072,0.07025500689843857,0.041526050726142114,0.5564811918831098,0.05519847616232033,-0.09951542048865217
114.0,2.2800000000000002,0.0,114.0,0.40718796849250793,0.24803200364112854,0.08176933974027634,0.9251121282577515,-0.3775227963924408,0.024904301390051842,0.03199737146496773,-0.02159031108021736,0.012342356145381927,-0.0375974141061306,-0.1952802538871765,-0.01029779203236103,-0.047195836901664734,0.3974921405315399,-0.17297375202178955,0.12856851518154144,0.9601872563362122,0.2734545171260834,0.012560846284031868,-0.05572539567947388,-0.02159031108021736,0.012342356145381927,-0.0375974141061306,-0.1952802538871765,-0.01029779203236103,-0.047195836901664734,-0.7734858825232062,0.07029589948721342,0.04050953035115103,0.552148322886835,0.05462541189777517,-0.1004624879341488
115.0,2.3000000000000003,0.0,115.0,0.4069739282131195,0.24843500554561615,0.0803517997264862,0.9245518445968628,-0.37889426946640015,0.025133298709988594,0.03180202469229698,-0.011466681025922298,0.013677685521543026,-0.02287580445408821,-0.1399797946214676,0.013434656895697117,0.007001741789281368,0.39710748195648193,-0.17242498695850372,0.1284095197916031,0.9605809450149536,0.27201786637306213,0.012522770091891289,-0.05598020553588867,-0.011466681025922298,0.013677685521543026,-0.02287580445408821,-0.1399797946214676,0.013434656895697117,0.007001741789281368,-0.7764671362098916,0.07063199735029349,0.03986946021095008,0.5491523610768173,0.05454053271238751,-0.10105612238403104
116.0,2.32,0.0,116.0,0.4065895080566406,0.24913731217384338,0.0790233388543129,0.9240778684616089,-0.37998947501182556,0.025406306609511375,0.032292645424604416,-0.012250849045813084,0.007600057870149612,-0.018473660573363304,-0.10563945025205612,0.05057257041335106,0.04144749790430069,0.397093802690506,-0.17161482572555542,0.12808942794799805,0.9609202742576599,0.27084773778915405,0.012962070293724537,-0.055730726569890976,-0.012250849045813084,0.007600057870149612,-0.018473660573363304,-0.10563945025205612,0.05057257041335106,0.04144749790430069,-0.7788148030553896,0.07155758017747622,0.040488219763908,0.5467000032281873,0.0551280227228953,-0.10040494538135654
117.0,2.34,0.0,117.0,0.4061039090156555,0.24993368983268738,0.07780785113573074,0.9237509369850159,-0.3806820511817932,0.02580982632935047,0.03315500542521477,-0.012147856876254082,0.008821221068501472,-0.009805784560739994,-0.052331794053316116,0.07388677448034286,0.07463929057121277,0.3972412049770355,-0.17075616121292114,0.12752211093902588,0.9611526131629944,0.2700747847557068,0.013761578127741814,-0.05528103560209274,-0.012147856876254082,0.008821221068501472,-0.009805784560739994,-0.052331794053316116,0.07388677448034286,0.07463929057121277,-0.7802715968646188,0.07299152838838532,0.04172643854634344,0.5450576133257896,0.056343781965048724,-0.09915317843358953
118.0,2.36,0.0,118.0,0.4056350886821747,0.2507459819316864,0.07695405930280685,0.923619270324707,-0.38087955117225647,0.02631567418575287,0.034145787358284,-0.01082256156951189,0.010439945384860039,0.002182923723012209,-0.003606074722483754,0.08716389536857605,0.06555120646953583,0.3974723517894745,-0.16993403434753418,0.12687085568904877,0.9612414836883545,0.26980292797088623,0.014755654148757458,-0.054807547479867935,-0.01082256156951189,0.010439945384860039,0.002182923723012209,-0.003606074722483754,0.08716389536857605,0.06555120646953583,-0.7806483512532113,0.07469160343398629,0.04316290695145278,0.5444457430198473,0.05797441398312986,-0.09772368655862262
119.0,2.38,0.0,119.0,0.405342698097229,0.25105351209640503,0.07598001509904861,0.9233898520469666,-0.38134416937828064,0.026586012914776802,0.034940481185913086,0.0005840683006681502,-0.021871022880077362,-0.02043243870139122,-0.05433954671025276,0.04102033004164696,0.056363821029663086,0.39778199791908264,-0.1695861518383026,0.12633007764816284,0.9614046812057495,0.2692781984806061,0.015425095334649086,-0.05433550849556923,0.0005840683006681502,-0.021871022880077362,-0.02043243870139122,-0.05433954671025276,0.04102033004164696,0.056363821029663086,-0.7816122827014796,0.07581984087410804,0.0443926113202169,0.5433338735777969,0.05895640205318056,-0.09648655959849552
120.0,2.4,0.0,120.0,0.40516653656959534,0.2511170506477356,0.07509906589984894,0.9233028292655945,-0.38148412108421326,0.026788480579853058,0.03555237129330635,0.0016100084176287055,-0.012751414440572262,-0.022635361179709435,0.014899855479598045,0.03806428238749504,0.04699839651584625,0.3980640172958374,-0.16951440274715424,0.12558415532112122,0.9614660739898682,0.26910048723220825,0.015951495617628098,-0.05397483706474304,0.0016100084176287055,-0.012751414440572262,-0.022635361179709435,0.014899855479598045,0.03806428238749504,0.04699839651584625,-0.7818817219421168,0.07666818942249536,0.04536121763329519,0.5429480954047913,0.059758525313342026,-0.09552029205081493
121.0,2.42,0.0,121.0,0.4050252437591553,0.2512616217136383,0.07464440912008286,0.9234304428100586,-0.38111454248428345,0.026818804442882538,0.036173850297927856,0.007439231965690851,-0.009400404989719391,-0.018744202330708504,0.061093054711818695,0.016915224492549896,0.059470098465681076,0.39841142296791077,-0.16941815614700317,0.12479215860366821,0.9613819718360901,0.26946672797203064,0.016385016962885857,-0.053515590727329254,0.007439231965690851,-0.009400404989719391,-0.018744202330708504,0.061093054711818695,0.016915224492549896,0.059470098465681076,-0.7810438873040578,0.07717997232658864,0.04652121977340191,0.5437046697808249,0.0603825483588903,-0.09437921307783881
122.0,2.44,0.0,122.0,0.4049302041530609,0.2513911724090576,0.07469500601291656,0.9237239360809326,-0.38036254048347473,0.02661200985312462,0.036743391305208206,0.010440537706017494,-0.00972526054829359,-0.01339039858430624,0.10110167413949966,-0.00455600768327713,0.049700237810611725,0.3988037407398224,-0.16937850415706635,0.12414572387933731,0.9611881375312805,0.2702517509460449,0.016627786681056023,-0.052962467074394226,0.010440537706017494,-0.00972526054829359,-0.01339039858430624,0.10110167413949966,-0.00455600768327713,0.049700237810611725,-0.779378426011599,0.07719257031181624,0.04779756226953677,0.5453498649290609,0.06062838856714092,-0.09313183870987415
123.0,2.46,0.0,123.0,0.40491363406181335,0.25138401985168457,0.0752788558602333,0.9241839051246643,-0.3792363703250885,0.026151102036237717,0.037152860313653946,0.01567256636917591,-0.010858858935534954,-0.009817086160182953,0.14431679248809814,-0.03632479906082153,0.04747581109404564,0.39919009804725647,-0.1695132851600647,0.1236804723739624,0.9608821868896484,0.2714506983757019,0.0165988989174366,-0.052389636635780334,0.01567256636917591,-0.010858858935534954,-0.009817086160182953,0.14431679248809814,-0.03632479906082153,0.04747581109404564,-0.7769112384069876,0.07659112290432378,0.04900043870640859,0.5478745726987084,0.06037824247993413,-0.09196587574493807
124.0,2.48,0.0,124.0,0.4050948917865753,0.2510099411010742,0.07638450711965561,0.9248375296592712,-0.37768062949180603,0.02553618885576725,0.03716035932302475,0.01794920302927494,-0.012132619507610798,-0.007149335462599993,0.19300125539302826,-0.06099425256252289,-0.007832753472030163,0.39946889877319336,-0.17005226016044617,0.12334153056144714,0.9604347944259644,0.2731166481971741,0.01623186469078064,-0.05205037444829941,0.01794920302927494,-0.012132619507610798,-0.007149335462599993,0.19300125539302826,-0.06099425256252289,-0.007832753472030163,-0.7735399640065731,0.07537449040310688,0.049606671054416546,0.5513798543366837,0.05964627901997505,-0.09140510617265113
125.0,2.5,0.0,125.0,0.40557581186294556,0.2500212490558624,0.07794342935085297,0.9256830215454102,-0.37570637464523315,0.024920320138335228,0.03653338924050331,0.018752628937363625,-0.015459546819329262,-0.004649722948670387,0.23385700583457947,-0.08033961057662964,-0.06590036302804947,0.3995187282562256,-0.1712341606616974,0.12307889759540558,0.9598342180252075,0.2752290368080139,0.015501869842410088,-0.05222135782241821,0.018752628937363625,-0.015459546819329262,-0.004649722948670387,0.23385700583457947,-0.08033961057662964,-0.06590036302804947,-0.7693037367552055,0.07365486415270303,0.04906388351097237,0.5558118492077132,0.05853753631685213,-0.09200164581151439
126.0,2.52,0.0,126.0,0.40630021691322327,0.2484414279460907,0.0798649936914444,0.9266769886016846,-0.3734014630317688,0.02432769536972046,0.03534191474318504,0.0182906836271286,-0.019864466041326523,-0.002311701886355877,0.2660006284713745,-0.0965922623872757,-0.11622898280620575,0.39933982491493225,-0.173021599650383,0.12288233637809753,0.9591060876846313,0.2776906192302704,0.01446500699967146,-0.05285950005054474,0.0182906836271286,-0.019864466041326523,-0.002311701886355877,0.2660006284713745,-0.0965922623872757,-0.11622898280620575,-0.7643889736131354,0.0715423054962922,0.047472314655787766,0.5609707899021187,0.057135211707615,-0.09365158135088969
127.0,2.54,0.0,127.0,0.407190203666687,0.2463664710521698,0.08209367096424103,0.9277878403663635,-0.37082439661026,0.02372809126973152,0.03370187431573868,0.01718081906437874,-0.0242199394851923,-0.0005733591970056295,0.2940640449523926,-0.11084282398223877,-0.15431006252765656,0.39895883202552795,-0.17530827224254608,0.12274670600891113,0.9582697749137878,0.28043800592422485,0.01316509023308754,-0.053853053599596024,0.01718081906437874,-0.0242199394851923,-0.0005733591970056295,0.2940640449523926,-0.11084282398223877,-0.15431006252765656,-0.7589151293230302,0.06907916103505582,0.04506115812967629,0.5667324462114414,0.05546474082591546,-0.09612307622735064
128.0,2.56,0.0,128.0,0.4081931710243225,0.24385452270507812,0.08457384258508682,0.9289984703063965,-0.3679979145526886,0.023125464096665382,0.03169436380267143,0.015359437093138695,-0.028987864032387733,0.0008206185302697122,0.31924599409103394,-0.12159471958875656,-0.18654553592205048,0.3983907103538513,-0.17802830040454865,0.12263678759336472,0.9573317766189575,0.28344273567199707,0.011653639376163483,-0.055139727890491486,0.015359437093138695,-0.028987864032387733,0.0008206185302697122,0.31924599409103394,-0.12159471958875656,-0.18654553592205048,-0.7529268245178139,0.06634262030206418,0.04197241738587159,0.5730422394389212,0.05359635941499394,-0.09927303146183711
129.0,2.58,0.0,129.0,0.4092583656311035,0.24095851182937622,0.08725649118423462,0.9302942156791687,-0.36493945121765137,0.022520730271935463,0.029408883303403854,0.013025960884988308,-0.03434466943144798,0.0020027996506541967,0.34382349252700806,-0.12796209752559662,-0.20789842307567596,0.3976595997810364,-0.18112210929393768,0.1225188598036766,0.9562975764274597,0.28668174147605896,0.009985379874706268,-0.05664897710084915,0.013025960884988308,-0.03434466943144798,0.0020027996506541967,0.34382349252700806,-0.12796209752559662,-0.20789842307567596,-0.7464568901900922,0.06340920453695237,0.038366913447958007,0.5798565212460849,0.05160132573894,-0.10293975899699853
130.0,2.6,0.0,130.0,0.4103359282016754,0.23772688210010529,0.0900920107960701,0.9316737055778503,-0.36163073778152466,0.021938247606158257,0.02694065123796463,0.00946518313139677,-0.03972740098834038,0.003134292783215642,0.3725079298019409,-0.12721256911754608,-0.2236821949481964,0.3967876732349396,-0.1845375895500183,0.12232820689678192,0.9551616311073303,0.2901670038700104,0.008239446207880974,-0.05832098051905632,0.00946518313139677,-0.03972740098834038,0.003134292783215642,0.3725079298019409,-0.12721256911754608,-0.2236821949481964,-0.7394622025308314,0.060400444882406625,0.034402218698068275,0.5872013343422533,0.049606003418721414,-0.10696550013827953
131.0,2.62,0.0,131.0,0.4113816022872925,0.23420317471027374,0.09304285049438477,0.9331499338150024,-0.35801979899406433,0.021412543952465057,0.024381007999181747,0.005391942337155342,-0.04516242817044258,0.003822597209364176,0.4073994755744934,-0.1208304613828659,-0.23239614069461823,0.39579638838768005,-0.18822979927062988,0.12198244035243988,0.9539084434509277,0.29394492506980896,0.00650295615196228,-0.06010667607188225,0.005391942337155342,-0.04516242817044258,0.003822597209364176,0.4073994755744934,-0.1208304613828659,-0.23239614069461823,-0.7318280742791452,0.057451600242375785,0.0302245065461432,0.595171353752531,0.04776070815298188,-0.11120511709003898
132.0,2.64,0.0,132.0,0.4123409688472748,0.23044338822364807,0.09606467187404633,0.9347407221794128,-0.35403522849082947,0.02100755088031292,0.02184746041893959,-0.0004136492789257318,-0.050903744995594025,0.005300852470099926,0.4480111300945282,-0.10335300862789154,-0.23187781870365143,0.3947094678878784,-0.19214195013046265,0.12137795239686966,0.9525162577629089,0.29807764291763306,0.004903511144220829,-0.061954397708177567,-0.0004136492789257318,-0.050903744995594025,0.005300852470099926,0.4480111300945282,-0.10335300862789154,-0.23187781870365143,-0.7234001232050444,0.05477015824677653,0.026010532632936564,0.6038895870272372,0.04629232688119388,-0.11548184857549015
133.0,2.66,0.0,133.0,0.4131287634372711,0.2265399843454361,0.09909352660179138,0.9364520311355591,-0.34963107109069824,0.020836198702454567,0.019528836011886597,-0.009666383266448975,-0.057310912758111954,0.012013918720185757,0.4915533661842346,-0.06480352580547333,-0.21538986265659332,0.39356353878974915,-0.1961803436279297,0.12041839212179184,0.9509747624397278,0.3025971055030823,0.003649551421403885,-0.06378651410341263,-0.009666383266448975,-0.057310912758111954,0.012013918720185757,0.4915533661842346,-0.06480352580547333,-0.21538986265659332,-0.7140782811056671,0.05270438319892559,0.022038057844833914,0.6134063783166404,0.04556024979663736,-0.11951810600429398
134.0,2.68,0.0,134.0,0.4136446416378021,0.2225225865840912,0.10200759023427963,0.9382064342498779,-0.3449772894382477,0.02113850973546505,0.017678646370768547,-0.023911740630865097,-0.07464595884084702,0.03477322310209274,0.5022242069244385,0.01002250425517559,-0.18311446905136108,0.39240217208862305,-0.20030692219734192,0.11915379762649536,0.9493459463119507,0.3073052167892456,0.003073512576520443,-0.06554695218801498,-0.023911740630865097,-0.07464595884084702,0.03477322310209274,0.5022242069244385,0.01002250425517559,-0.18311446905136108,-0.70422542078311,0.051885310756952026,0.018613950671851662,0.6232732989941736,0.046137858034717406,-0.12300495988989701
135.0,2.7,0.0,135.0,0.41397297382354736,0.21834087371826172,0.10482252389192581,0.93991619348526,-0.34030014276504517,0.022064298391342163,0.016327710822224617,-0.010394120588898659,-0.06632488965988159,0.03319204971194267,0.5660470128059387,-0.0024249607231467962,-0.14625275135040283,0.391292929649353,-0.20456194877624512,0.11781632155179977,0.9477031230926514,0.31196001172065735,0.0032957273069769144,-0.06729792803525925,-0.010394120588898659,-0.06632488965988159,0.03319204971194267,0.5660470128059387,-0.0024249607231467962,-0.14625275135040283,-0.6943318550419898,0.05261409533034371,0.015698758705626377,0.6329623531218423,0.04825398458522625,-0.12597985082030683
136.0,2.72,0.0,136.0,0.4143855571746826,0.2150103896856308,0.10771895945072174,0.9418104290962219,-0.3350616991519928,0.02209501713514328,0.015436859801411629,0.006085861939936876,-0.05118845775723457,-0.00314535154029727,0.5844259858131409,-0.030114125460386276,-0.06659936159849167,0.3908594250679016,-0.20796455442905426,0.11600901931524277,0.9458910226821899,0.31723177433013916,0.003140529617667198,-0.06814888119697571,0.006085861939936876,-0.05118845775723457,-0.00314535154029727,0.5844259858131409,-0.030114125460386276,-0.06659936159849167,-0.6832284776151462,0.051986664477334174,0.014290599612852834,0.6440410832790232,0.049199026259892,-0.12742864460831804
137.0,2.74,0.0,137.0,0.4145698547363281,0.2126869261264801,0.10980047285556793,0.9436861872673035,-0.3297607898712158,0.021885083988308907,0.015338984318077564,0.0080010537058115,-0.054151490330696106,-0.02809557318687439,0.5255921483039856,-0.006656411569565535,0.01240001991391182,0.3908993601799011,-0.2103465348482132,0.11332518607378006,0.9440817832946777,0.32255813479423523,0.003290427615866065,-0.06822872906923294,0.0080010537058115,-0.054151490330696106,-0.02809557318687439,0.5255921483039856,-0.006656411569565535,0.01240001991391182,-0.6719759724447246,0.05144438051501058,0.014536432040485157,0.6552564298466681,0.05024946522527502,-0.12720719955450133
138.0,2.7600000000000002,0.0,138.0,0.41454362869262695,0.21052035689353943,0.11075419187545776,0.945087194442749,-0.32568123936653137,0.0220978744328022,0.015927370637655258,-0.0023419244680553675,-0.092374786734581,-0.0162336528301239,0.3711412250995636,0.07842439413070679,0.04775261506438255,0.3911914527416229,-0.21254543960094452,0.11064257472753525,0.9427030682563782,0.32660460472106934,0.004108904395252466,-0.06799814105033875,-0.0023419244680553675,-0.092374786734581,-0.0162336528301239,0.3711412250995636,0.07842439413070679,0.04775261506438255,-0.6633095402405618,0.05216698210028999,0.01573383306024754,0.6637336291195921,0.052187637322169224,-0.12602455438756938
139.0,2.7800000000000002,0.0,139.0,0.4145840108394623,0.20841282606124878,0.11113539338111877,0.9463359713554382,-0.3219408094882965,0.022895142436027527,0.016674254089593887,0.0011904065031558275,-0.058596886694431305,-0.02980555035173893,0.4256439805030823,0.10365425795316696,0.04045790433883667,0.39151889085769653,-0.2146550565958023,0.10773304849863052,0.9414255619049072,0.3302499055862427,0.00545914052054286,-0.0679934173822403,0.0011904065031558275,-0.058596886694431305,-0.02980555035173893,0.4256439805030823,0.10365425795316696,0.04045790433883667,-0.655374775164023,0.05409562606519371,0.01684256624447912,0.6713160741187097,0.05521644198777276,-0.12493034906525506
140.0,2.8000000000000003,0.0,140.0,0.41464096307754517,0.20687013864517212,0.11104272305965424,0.9475317001342773,-0.3182700276374817,0.023949746042490005,0.01772131212055683,-0.0018973586848005652,-0.07755784690380096,-0.010252527892589569,0.29630589485168457,0.16048945486545563,0.07185003161430359,0.3920253813266754,-0.21618406474590302,0.10443252325057983,0.9401707649230957,0.3337896168231964,0.0071914163418114185,-0.06790842115879059,-0.0018973586848005652,-0.07755784690380096,-0.010252527892589569,0.29630589485168457,0.16048945486545563,0.07185003161430359,-0.6475855351542883,0.05669699628706354,0.018368588304618044,0.6786594662418695,0.05889061354262947,-0.12341667831482506
141.0,2.82,0.0,141.0,0.4147549569606781,0.20559372007846832,0.11069665849208832,0.9484565854072571,-0.31532418727874756,0.025387011468410492,0.018873147666454315,-0.0032436668407171965,-0.060557376593351364,0.008468457497656345,0.24379420280456543,0.1908053606748581,0.030532848089933395,0.3925745487213135,-0.21743634343147278,0.10155273973941803,0.9391586184501648,0.3365671932697296,0.009236915037035942,-0.06795842200517654,-0.0032436668407171965,-0.060557376593351364,0.008468457497656345,0.24379420280456543,0.1908053606748581,0.030532848089933395,-0.6413333163136496,0.06009544585708943,0.019827535374889918,0.6843688164511305,0.06313694252850797,-0.1219744388082943
142.0,2.84,0.0,142.0,0.4151039719581604,0.2043408751487732,0.11013850569725037,0.9490945339202881,-0.3132181465625763,0.027008989825844765,0.019607357680797577,0.003954559564590454,-0.05257086083292961,0.004074001219123602,0.14744625985622406,0.16818472743034363,0.013368056155741215,0.3929884433746338,-0.21865060925483704,0.0992240309715271,0.9384104013442993,0.3384964168071747,0.011109959334135056,-0.06842947751283646,0.003954559564590454,-0.05257086083292961,0.004074001219123602,0.14744625985622406,0.16818472743034363,0.013368056155741215,-0.6368802925084128,0.06359378657526533,0.02034157952281592,0.6882824473534249,0.06722830327172435,-0.12148083348371749
143.0,2.86,0.0,143.0,0.4155077636241913,0.20338861644268036,0.10910174250602722,0.9493541717529297,-0.3122669458389282,0.028366757556796074,0.02028477191925049,0.010577679611742496,-0.04657957702875137,-0.012917530722916126,0.05272277817130089,0.1388852596282959,0.021914547309279442,0.39351630210876465,-0.21958909928798676,0.09742848575115204,0.9380746483802795,0.33930617570877075,0.012659267522394657,-0.068755142390728,0.010577679611742496,-0.04657957702875137,-0.012917530722916126,0.05272277817130089,0.1388852596282959,0.021914547309279442,-0.6348625892384624,0.06657789270188977,0.020846553265618097,0.68985788848545,0.07046705097883413,-0.12099874060485613
144.0,2.88,0.0,144.0,0.41587886214256287,0.20290620625019073,0.10762403905391693,0.9493087530136108,-0.3122538924217224,0.029402121901512146,0.021115442737936974,0.01743825152516365,-0.043549563735723495,-0.025375397875905037,-0.032492998987436295,0.11466716229915619,0.06112441048026085,0.3942525386810303,-0.2200917899608612,0.0960044264793396,0.9380897879600525,0.3392150402069092,0.01398428250104189,-0.06874014437198639,0.01743825152516365,-0.043549563735723495,-0.025375397875905037,-0.032492998987436295,0.11466716229915619,0.06112441048026085,-0.6348079017935101,0.06906503865249858,0.021781943666425628,0.6895592625576296,0.07293705380522496,-0.12008843444486747
145.0,2.9,0.0,145.0,0.4162819981575012,0.20268945395946503,0.1058783233165741,0.949029266834259,-0.31296029686927795,0.030280686914920807,0.02196580544114113,0.02084256522357464,-0.04141557589173317,-0.024252768605947495,-0.09629945456981659,0.10752302408218384,0.05050835385918617,0.395104318857193,-0.22034944593906403,0.09494122117757797,0.9383669495582581,0.3384268283843994,0.015147566795349121,-0.06859635561704636,0.02084256522357464,-0.04141557589173317,-0.024252768605947495,-0.09629945456981659,0.10752302408218384,0.05050835385918617,-0.6362652294847349,0.07128371257187609,0.022798946799490977,0.6878015238573874,0.0749277240758408,-0.1190991390960803
146.0,2.92,0.0,146.0,0.41678160429000854,0.20245911180973053,0.10407835245132446,0.9485694169998169,-0.3142099976539612,0.03123602829873562,0.022636309266090393,0.021448960527777672,-0.040852054953575134,-0.010531021282076836,-0.14961999654769897,0.11122536659240723,0.02820025198161602,0.3959071934223175,-0.22062352299690247,0.09431342780590057,0.9388254880905151,0.3370962142944336,0.016221778467297554,-0.06862806528806686,0.021448960527777672,-0.040852054953575134,-0.010531021282076836,-0.14961999654769897,0.11122536659240723,0.02820025198161602,-0.638881646796446,0.07355049119328866,0.023380213120415275,0.6848892270620414,0.07680283513732057,-0.11854907585390821
147.0,2.94,0.0,147.0,0.4174600839614868,0.20215028524398804,0.10252347588539124,0.948039174079895,-0.3156771659851074,0.03228304162621498,0.02296215482056141,0.024673666805028915,-0.028899285942316055,0.005624908488243818,-0.16099509596824646,0.10444339364767075,-0.01013371255248785,0.3965982496738434,-0.22096247971057892,0.09413368999958038,0.939338743686676,0.3355453312397003,0.01713956706225872,-0.06898149102926254,0.024673666805028915,-0.028899285942316055,0.005624908488243818,-0.16099509596824646,0.10444339364767075,-0.01013371255248785,-0.6419828399595601,0.07578095806420707,0.023224747848011873,0.6815021594777303,0.07857336516152844,-0.11873602674170856
148.0,2.96,0.0,148.0,0.41832783818244934,0.20182420313358307,0.10128463804721832,0.9474882483482361,-0.3172200322151184,0.03334113210439682,0.02292773500084877,0.02842823788523674,-0.016430724412202835,0.016570616513490677,-0.17252491414546967,0.0929466262459755,-0.041589755564928055,0.3971934914588928,-0.22130125761032104,0.09434225410223007,0.9398568868637085,0.3339214026927948,0.017838293686509132,-0.06962264329195023,0.02842823788523674,-0.016430724412202835,0.016570616513490677,-0.17252491414546967,0.0929466262459755,-0.041589755564928055,-0.6452712818459136,0.07780542550688344,0.022364089459248213,0.6779586899098917,0.0801135383809947,-0.11962534238577933
149.0,2.98,0.0,149.0,0.4192875325679779,0.20156507194042206,0.10012582689523697,0.9468430280685425,-0.3190446197986603,0.034398406744003296,0.022708341479301453,0.02909034490585327,-0.013250821270048618,0.022524895146489143,-0.2180735170841217,0.09162738919258118,-0.05024949088692665,0.3977464735507965,-0.2215643674135208,0.0948851928114891,0.940462052822113,0.3320186734199524,0.01840219646692276,-0.07040152698755264,0.02909034490585327,-0.013250821270048618,0.022524895146489143,-0.2180735170841217,0.09162738919258118,-0.05024949088692665,-0.6491728166863238,0.07971411787854299,0.021121851827590906,0.673824815541441,0.0814523906817315,-0.12089425916200872
150.0,3.0,0.0,150.0,0.42020466923713684,0.2014443725347519,0.09877782315015793,0.9460024833679199,-0.32141876220703125,0.035518012940883636,0.0225334744900465,0.025705592706799507,-0.014268575236201286,0.027524221688508987,-0.2781318724155426,0.10425762832164764,-0.038013674318790436,0.3982982337474823,-0.22168783843517303,0.09573566168546677,0.9412565231323242,0.32956036925315857,0.019003761932253838,-0.0711701437830925,0.025705592706799507,-0.014268575236201286,0.027524221688508987,-0.2781318724155426,0.10425762832164764,-0.038013674318790436,-0.6542432344256693,0.08177673498385,0.019868835653667236,0.6685119889598086,0.08277903635795458,-0.1221739473386816
151.0,3.02,0.0,151.0,0.4209311902523041,0.20167949795722961,0.09711919724941254,0.9449625015258789,-0.32432401180267334,0.03669172525405884,0.022663766518235207,0.020129550248384476,-0.012623514048755169,0.026980647817254066,-0.3296402096748352,0.11894507706165314,0.003381522838026285,0.39891311526298523,-0.22145769000053406,0.09675362706184387,0.9422440528869629,0.3265588879585266,0.01979833096265793,-0.07171902060508728,0.020129550248384476,-0.012623514048755169,0.026980647817254066,-0.3296402096748352,0.11894507706165314,0.003381522838026285,-0.6604284764366587,0.08414466610529148,0.01910154173016446,0.6620522964550627,0.08425030780743963,-0.12296770960187955
152.0,3.04,0.0,152.0,0.42131537199020386,0.2025212198495865,0.09510388225317001,0.9437246918678284,-0.3277374804019928,0.03776290640234947,0.023361217230558395,0.014152942225337029,-0.011455155909061432,0.02144615352153778,-0.3798290193080902,0.12294033914804459,0.06915484368801117,0.39969372749328613,-0.22062762081623077,0.0978594571352005,0.9434304237365723,0.32304441928863525,0.020826688036322594,-0.07174618542194366,0.014152942225337029,-0.011455155909061432,0.02144615352153778,-0.3798290193080902,0.12294033914804459,0.06915484368801117,-0.667658517933751,0.0866968394821347,0.01941460953120814,0.6545327697666635,0.08575655103623675,-0.122676343622985
153.0,3.06,0.0,153.0,0.4212873876094818,0.2040795385837555,0.09282790124416351,0.9423227310180664,-0.3315644860267639,0.03852580860257149,0.0246709194034338,0.00924573466181755,-0.006689933594316244,0.012272304855287075,-0.4151754081249237,0.10604923963546753,0.13941092789173126,0.40066012740135193,-0.21908214688301086,0.09904918819665909,0.9447868466377258,0.31912627816200256,0.02196243219077587,-0.07109159976243973,0.00924573466181755,-0.006689933594316244,0.012272304855287075,-0.4151754081249237,0.10604923963546753,0.13941092789173126,-0.6757219648304414,0.08908527525177307,0.02103330742543826,0.646211942740258,0.08698366521500449,-0.12106736070918091
154.0,3.08,0.0,154.0,0.4208860695362091,0.20625750720500946,0.09046591073274612,0.9408047795295715,-0.33568403124809265,0.038815345615148544,0.026384301483631134,0.0055310726165771484,0.00015663643716834486,0.0006961085018701851,-0.43981611728668213,0.06673973053693771,0.18303780257701874,0.40172284841537476,-0.21690261363983154,0.10038043558597565,0.9462614059448242,0.3149409294128418,0.022955404594540596,-0.06982046365737915,0.0055310726165771484,0.00015663643716834486,0.0006961085018701851,-0.43981611728668213,0.06673973053693771,0.18303780257701874,-0.684371895101463,0.09087390997294083,0.023685502986191605,0.6373971226359969,0.08753398633849648,-0.11840635570067301
155.0,3.1,0.0,155.0,0.42022764682769775,0.20876850187778473,0.08816614747047424,0.9391980767250061,-0.34004247188568115,0.038559556007385254,0.028126919642090797,0.0026388484984636307,0.0057214475236833096,-0.011156038381159306,-0.46414926648139954,0.010097524151206017,0.19141016900539398,0.4027106463909149,-0.2143544703722,0.10195504128932953,0.9478159546852112,0.3105521500110626,0.023522358387708664,-0.06818342953920364,0.0026388484984636307,0.0057214475236833096,-0.011156038381159306,-0.46414926648139954,0.010097524151206017,0.19141016900539398,-0.6935232164535998,0.09168723610204757,0.026725149894832118,0.6282257202882906,0.08704864720323281,-0.11533207698791945
156.0,3.12,0.0,156.0,0.41948428750038147,0.21123409271240234,0.08615133911371231,0.9374822378158569,-0.34472188353538513,0.037733450531959534,0.029497429728507996,0.003534749150276184,0.008359052240848541,-0.010504188016057014,-0.4937218725681305,-0.06308149546384811,0.1608324646949768,0.40347564220428467,-0.21179364621639252,0.10407576709985733,0.9494568109512329,0.30588477849960327,0.02339007332921028,-0.06647823750972748,0.003534749150276184,0.008359052240848541,-0.010504188016057014,-0.4937218725681305,-0.06308149546384811,0.1608324646949768,-0.7033862162519071,0.09121211807549541,0.029418054057934025,0.6185341205156966,0.08518807272206534,-0.11257204501723968
157.0,3.14,0.0,157.0,0.41881468892097473,0.2133992314338684,0.08490492403507233,0.9356582164764404,-0.3497196137905121,0.036422133445739746,0.03022184781730175,0.004392484202980995,0.008130133152008057,0.019747180864214897,-0.5306892395019531,-0.12767991423606873,0.11724235117435455,0.4039255380630493,-0.20945966243743896,0.10723596811294556,0.9511637091636658,0.3009354770183563,0.022456426173448563,-0.06497212499380112,0.004392484202980995,0.008130133152008057,0.019747180864214897,-0.5306892395019531,-0.12767991423606873,0.11724235117435455,-0.7139848805904206,0.08941477692651639,0.031209292393678905,0.6083032321902258,0.08191587256519575,-0.11067855769273655
158.0,3.16,0.0,158.0,0.4182422459125519,0.21531681716442108,0.08500289916992188,0.9338381886482239,-0.35469889640808105,0.03490035980939865,0.030285917222499847,-0.000812491518445313,0.023110970854759216,0.0819159671664238,-0.5144217014312744,-0.1575969159603119,0.05483420938253403,0.40398067235946655,-0.2073088437318802,0.11172700673341751,0.9528154730796814,0.2960180342197418,0.020951304584741592,-0.06385389715433121,-0.000812491518445313,0.023110970854759216,0.0819159671664238,-0.5144217014312744,-0.1575969159603119,0.05483420938253403,-0.7246088507796372,0.08677617541878373,0.03193159748414974,0.5981674635646789,0.07780772765326086,-0.10983030231397314
159.0,3.18,0.0,159.0,0.4180329442024231,0.21661244332790375,0.0863201692700386,0.9319598078727722,-0.35984885692596436,0.033097513020038605,0.029401490464806557,0.02796742133796215,-0.008752334862947464,0.07964031398296356,-0.6173170804977417,-0.2896997332572937,-0.005326195620000362,0.4036925733089447,-0.20569846034049988,0.11759103089570999,0.9544600248336792,0.2909507751464844,0.018628502264618874,-0.0633012130856514,0.02796742133796215,-0.008752334862947464,0.07964031398296356,-0.6173170804977417,-0.2896997332572937,-0.005326195620000362,-0.7356783912215226,0.08294635507131033,0.031093700287406552,0.5877597976707051,0.07245875768576242,-0.11051115407526804
160.0,3.2,0.0,160.0,0.4180232584476471,0.21735364198684692,0.08689926564693451,0.9299043416976929,-0.3654100298881531,0.031025629490613937,0.028124194592237473,0.003512563882395625,-0.0017845683032646775,0.03161712735891342,-0.5621669292449951,-0.1940585970878601,-0.03655477985739708,0.4033461809158325,-0.20455321669578552,0.1230822205543518,0.9561917185783386,0.2854708433151245,0.015823306515812874,-0.06287773698568344,0.003512563882395625,-0.0017845683032646775,0.03161712735891342,-0.5621669292449951,-0.1940585970878601,-0.03655477985739708,-0.7476707631186577,0.07833554270981687,0.029726992144701814,0.5765490701054876,0.06620809787922134,-0.11168839291246266
161.0,3.22,0.0,161.0,0.41788116097450256,0.21789869666099548,0.08591752499341965,0.9280366897583008,-0.37029561400413513,0.029968125745654106,0.027041636407375336,-0.006753487978130579,0.006886735558509827,-0.008611143566668034,-0.47514382004737854,-0.11992993205785751,-0.05494316294789314,0.4027411639690399,-0.20359446108341217,0.1264674961566925,0.9576672911643982,0.28056466579437256,0.013980986550450325,-0.06294116377830505,-0.006753487978130579,0.006886735558509827,-0.008611143566668034,-0.47514382004737854,-0.11992993205785751,-0.05494316294789314,-0.7582409417314127,0.07572216057113362,0.028081270917533898,0.5664628819219927,0.06213636217236479,-0.1131675492525656
162.0,3.24,0.0,162.0,0.41789358854293823,0.218020960688591,0.08423417061567307,0.9264988899230957,-0.3742227554321289,0.029846107587218285,0.025809431448578835,-0.019675057381391525,0.010567402467131615,-0.020468248054385185,-0.3943900167942047,-0.026096273213624954,-0.10507490485906601,0.4019089639186859,-0.2030833661556244,0.12834370136260986,0.9587994813919067,0.27654680609703064,0.012847079895436764,-0.06372253596782684,-0.019675057381391525,0.010567402467131615,-0.020468248054385185,-0.3943900167942047,-0.026096273213624954,-0.10507490485906601,-0.7667910493551048,0.07469116868834251,0.025560680458939954,0.5581511341724379,0.05991590567795195,-0.1155524761527971
163.0,3.2600000000000002,0.0,163.0,0.41792818903923035,0.21792107820510864,0.08210207521915436,0.9252381920814514,-0.37734299898147583,0.030579913407564163,0.024728210642933846,-0.02730819582939148,0.013261825777590275,-0.02228403463959694,-0.32303810119628906,0.047713764011859894,-0.11683694273233414,0.4009961187839508,-0.2028343826532364,0.1290932595729828,0.959661066532135,0.27327173948287964,0.012534000910818577,-0.06493352353572845,-0.02730819582939148,0.013261825777590275,-0.02228403463959694,-0.32303810119628906,0.047713764011859894,-0.11683694273233414,-0.7736248491505513,0.07532063486264945,0.02274718607231753,0.5513034909350488,0.05958100796112675,-0.11826277955967156
164.0,3.2800000000000002,0.0,164.0,0.41789311170578003,0.21802131831645966,0.0798872634768486,0.9241852760314941,-0.37986990809440613,0.03159013018012047,0.024137673899531364,-0.021236056461930275,0.016495760530233383,-0.020788783207535744,-0.2601883113384247,0.07203168421983719,-0.05551997199654579,0.4003332555294037,-0.20243802666664124,0.12923914194107056,0.9603539109230042,0.2705703675746918,0.012782279402017593,-0.06594537943601608,-0.021236056461930275,0.016495760530233383,-0.020788783207535744,-0.2601883113384247,0.07203168421983719,-0.05551997199654579,-0.779166660129112,0.07680409520567265,0.020677509236871765,0.545613980837994,0.06027323427383199,-0.12025222579656186
165.0,3.3000000000000003,0.0,165.0,0.4177892804145813,0.2185741364955902,0.07790466398000717,0.9232974648475647,-0.3819462060928345,0.03244245424866676,0.02421119250357151,-0.00841512531042099,0.011299453675746918,-0.010620880872011185,-0.22443035244941711,0.07510768622159958,0.005083837546408176,0.4001672565937042,-0.20165038108825684,0.12919649481773376,0.9609451293945312,0.268335223197937,0.013348712585866451,-0.06635108590126038,-0.00841512531042099,0.011299453675746918,-0.010620880872011185,-0.22443035244941711,0.07510768622159958,0.005083837546408176,-0.7836958753492512,0.07848337961003608,0.01998858109350102,0.5408987370429348,0.061301815547499444,-0.12087628561320565
166.0,3.3200000000000003,0.0,166.0,0.4175929129123688,0.21946962177753448,0.07614577561616898,0.9225025177001953,-0.3837556540966034,0.033140361309051514,0.024949146434664726,-0.002150631742551923,0.007872624322772026,-0.0065903253853321075,-0.17886598408222198,0.08903633803129196,0.07111430913209915,0.4004797339439392,-0.20056688785552979,0.12912213802337646,0.9614912867546082,0.26637738943099976,0.014223112724721432,-0.06614742428064346,-0.002150631742551923,0.007872624322772026,-0.0065903253853321075,-0.17886598408222198,0.08903633803129196,0.07111430913209915,-0.7876049559597286,0.08037940749141552,0.02066388086346515,0.5367665910922951,0.06263208320875656,-0.12014675101833226
167.0,3.34,0.0,167.0,0.41725051403045654,0.22060970962047577,0.07444627583026886,0.9218506813049316,-0.3851781487464905,0.033778607845306396,0.02623170241713524,-0.002623124048113823,0.0036160277668386698,-0.006041510961949825,-0.13196583092212677,0.11093167960643768,0.10090433061122894,0.4010930061340332,-0.19929534196853638,0.12874813377857208,0.9619492888450623,0.26481515169143677,0.015414314344525337,-0.06549022346735,-0.002623124048113823,0.0036160277668386698,-0.006041510961949825,-0.13196583092212677,0.11093167960643768,0.10090433061122894,-0.7906399829767768,0.0825792478828135,0.02242013622212213,0.5334559592883623,0.06438565594544056,-0.11835342572969071
168.0,3.36,0.0,168.0,0.4169071614742279,0.2217492312192917,0.07298815995454788,0.9214078783988953,-0.3860796093940735,0.0344143882393837,0.027671439573168755,0.0017243779730051756,0.005693382117897272,-0.001962975598871708,-0.06911595165729523,0.10863183438777924,0.1137109100818634,0.40181782841682434,-0.19808484613895416,0.12813960015773773,0.9622606039047241,0.2637905478477478,0.016737518832087517,-0.06472323089838028,0.0017243779730051756,0.005693382117897272,-0.001962975598871708,-0.06911595165729523,0.10863183438777924,0.1137109100818634,-0.7925321908239128,0.0848880474589478,0.02451068172307091,0.5312604637259335,0.06640724985595715,-0.11624811003159573
169.0,3.38,0.0,169.0,0.4166850745677948,0.2225620299577713,0.07167043536901474,0.9210662841796875,-0.38675200939178467,0.03494767099618912,0.028959419578313828,0.008004605770111084,-0.018947582691907883,-0.018456708639860153,-0.08811937272548676,0.07978052645921707,0.08985526859760284,0.40255555510520935,-0.197221577167511,0.1274566799402237,0.9624990820884705,0.26301515102386475,0.017902791500091553,-0.06401904672384262,0.008004605770111084,-0.018947582691907883,-0.018456708639860153,-0.08811937272548676,0.07978052645921707,0.08985526859760284,-0.7939306200738546,0.0868877375564142,0.02641763868649249,0.5295967422970106,0.06819160923115221,-0.1143331720201855
170.0,3.4,0.0,170.0,0.41664066910743713,0.22287344932556152,0.07030533999204636,0.920802116394043,-0.38727372884750366,0.035334762185811996,0.02989705093204975,0.010549296624958515,-0.01668384112417698,-0.028450125828385353,-0.030900217592716217,0.06433644890785217,0.058770425617694855,0.4032121002674103,-0.19686764478683472,0.12658238410949707,0.9626803994178772,0.26241591572761536,0.01874791644513607,-0.06350461393594742,0.010549296624958515,-0.01668384112417698,-0.028450125828385353,-0.030900217592716217,0.06433644890785217,0.058770425617694855,-0.7950180040845732,0.08834421681248869,0.027802079699045235,0.5283169184513395,0.06948163986163505,-0.11294168578911508
171.0,3.42,0.0,171.0,0.4167637526988983,0.22293473780155182,0.06926356256008148,0.9207717776298523,-0.38726773858070374,0.03566662594676018,0.030513154342770576,0.014336802065372467,-0.0133688785135746,-0.027990346774458885,0.02048311196267605,0.04316795989871025,0.03705926239490509,0.40376555919647217,-0.19681859016418457,0.1255502700805664,0.9626964926719666,0.2623783349990845,0.019388645887374878,-0.06322450190782547,0.014336802065372467,-0.0133688785135746,-0.027990346774458885,0.02048311196267605,0.04316795989871025,0.03705926239490509,-0.7949758071534841,0.08943432995505886,0.02868479094825551,0.5282051913395529,0.07056678080561549,-0.11207045787901654
172.0,3.44,0.0,172.0,0.41695234179496765,0.22292904555797577,0.06873162090778351,0.9209374785423279,-0.38682588934898376,0.035773035138845444,0.030986163765192032,0.017256319522857666,-0.01119211781769991,-0.022213846445083618,0.0672910287976265,0.016520928591489792,0.03679138794541359,0.40430018305778503,-0.19688823819160461,0.12461879849433899,0.9625870585441589,0.26281940937042236,0.019795313477516174,-0.06293131411075592,0.017256319522857666,-0.01119211781769991,-0.022213846445083618,0.0672910287976265,0.016520928591489792,0.03679138794541359,-0.7939861613580405,0.08998334523601122,0.029520471106344384,0.5291065126462011,0.07124882611314093,-0.11125963891466666
173.0,3.46,0.0,173.0,0.4171403646469116,0.22293010354042053,0.06880165636539459,0.9212765097618103,-0.386007696390152,0.03551401570439339,0.03140806406736374,0.02158716693520546,-0.01211560145020485,-0.016599483788013458,0.10847291350364685,-0.021413523703813553,0.04667951539158821,0.4048582911491394,-0.19699914753437042,0.12392503023147583,0.9623775482177734,0.26368799805641174,0.019910622388124466,-0.06246477738022804,0.02158716693520546,-0.01211560145020485,-0.016599483788013458,0.10847291350364685,-0.021413523703813553,0.04667951539158821,-0.7921678329604247,0.08980462209586729,0.030581637671431846,0.5309290499279875,0.07132594455817202,-0.11023180691309463
174.0,3.48,0.0,174.0,0.41738414764404297,0.2228015810251236,0.06950568407773972,0.9217959046363831,-0.38480401039123535,0.03488069400191307,0.031641606241464615,0.025756405666470528,-0.013367798179388046,-0.012050071731209755,0.15435707569122314,-0.06235970929265022,0.029413534328341484,0.4053867757320404,-0.19728334248065948,0.12349399924278259,0.9620581865310669,0.2649966776371002,0.019643642008304596,-0.061927612870931625,0.025756405666470528,-0.013367798179388046,-0.012050071731209755,0.15435707569122314,-0.06235970929265022,0.029413534328341484,-0.7895128177545484,0.0887739809688963,0.03161951447194475,0.5336990977423485,0.07067669576757722,-0.1092341940970104
175.0,3.5,0.0,175.0,0.4177997410297394,0.22226133942604065,0.07080793380737305,0.9225137233734131,-0.38317516446113586,0.03404272347688675,0.03140924870967865,0.02724258415400982,-0.015231683850288391,-0.007017455995082855,0.1999034583568573,-0.09275978803634644,-0.01736164279282093,0.40573766827583313,-0.1980154663324356,0.12326671183109283,0.9615985751152039,0.26677536964416504,0.018958767876029015,-0.06164321303367615,0.02724258415400982,-0.015231683850288391,-0.007017455995082855,0.1999034583568573,-0.09275978803634644,-0.01736164279282093,-0.7859618688066328,0.0869898985328998,0.03198865774854909,0.5374611991736078,0.06940692621538619,-0.1089134702436654
176.0,3.52,0.0,176.0,0.41842207312583923,0.22114406526088715,0.07260611653327942,0.923406183719635,-0.3811641335487366,0.03315526247024536,0.03058936819434166,0.02659364603459835,-0.018712051212787628,-0.002065182663500309,0.23717975616455078,-0.11564568430185318,-0.07304523140192032,0.4058155119419098,-0.19934651255607605,0.1231904998421669,0.9609985947608948,0.2689646780490875,0.01789955236017704,-0.061801016330718994,0.02659364603459835,-0.018712051212787628,-0.002065182663500309,0.23717975616455078,-0.11564568430185318,-0.07304523140192032,-0.7816234788078189,0.08465174898257197,0.03133494193991668,0.5420797837882745,0.067699167442728,-0.1096227171306506
177.0,3.54,0.0,177.0,0.41920825839042664,0.2194625437259674,0.07480727881193161,0.9244373440742493,-0.3788420557975769,0.03225116804242134,0.02922813408076763,0.02472725510597229,-0.022618992254137993,0.001695038634352386,0.268042653799057,-0.13448497653007507,-0.1198413148522377,0.4056124687194824,-0.20125077664852142,0.1232374906539917,0.9602770209312439,0.2714846730232239,0.0165150947868824,-0.06238247826695442,0.02472725510597229,-0.022618992254137993,0.001695038634352386,0.268042653799057,-0.13448497653007507,-0.1198413148522377,-0.776649389989982,0.08186546305021682,0.02970680163377638,0.5473908653006463,0.06563701152544783,-0.11131061716356548
178.0,3.56,0.0,178.0,0.42009037733078003,0.21730247139930725,0.07731590420007706,0.9255774021148682,-0.37625980377197266,0.031336359679698944,0.02743925340473652,0.02182021737098694,-0.02690107934176922,0.004182903096079826,0.29343217611312866,-0.14807812869548798,-0.1551601141691208,0.4051560163497925,-0.2036336064338684,0.12335718423128128,0.9594498872756958,0.2742764949798584,0.014876612462103367,-0.0633002445101738,0.02182021737098694,-0.02690107934176922,0.004182903096079826,0.29343217611312866,-0.14807812869548798,-0.1551601141691208,-0.7711423752878406,0.078738375232717,0.02730105154309291,0.5532775348646294,0.06331256136118425,-0.11377902899966776
179.0,3.58,0.0,179.0,0.4210028052330017,0.2147555947303772,0.08003734052181244,0.9268009066581726,-0.37345990538597107,0.03041541948914528,0.02535214088857174,0.01823422871530056,-0.0318978950381279,0.005492314696311951,0.3148368000984192,-0.15588486194610596,-0.178328275680542,0.404488205909729,-0.20639637112617493,0.12349213659763336,0.9585327506065369,0.2772907316684723,0.013064847327768803,-0.06445369124412537,0.01823422871530056,-0.0318978950381279,0.005492314696311951,0.3148368000984192,-0.15588486194610596,-0.178328275680542,-0.7651857913120794,0.07538547113752396,0.024346439328466682,0.5596411383660407,0.060828486255874906,-0.1167973012048748
180.0,3.6,0.0,180.0,0.4218924939632416,0.21190409362316132,0.08288662135601044,0.9280929565429688,-0.37045934796333313,0.029501017183065414,0.02309359423816204,0.01418914832174778,-0.037452127784490585,0.005834199488162994,0.33575981855392456,-0.15715566277503967,-0.18989035487174988,0.40365836024284363,-0.20945344865322113,0.12357275933027267,0.9575332403182983,0.2805040776729584,0.011166336946189404,-0.06575044989585876,0.01418914832174778,-0.037452127784490585,0.005834199488162994,0.33575981855392456,-0.15715566277503967,-0.18989035487174988,-0.7588093898108854,0.07193184296133245,0.021064168205998168,0.566435022657416,0.058303828257936605,-0.12014453696625041
181.0,3.62,0.0,181.0,0.42270970344543457,0.2088206559419632,0.08578431606292725,0.9294523000717163,-0.36724111437797546,0.028633957728743553,0.02079189009964466,0.008924360387027264,-0.04294511303305626,0.006266308017075062,0.36108624935150146,-0.14802324771881104,-0.19246838986873627,0.4027120769023895,-0.21273256838321686,0.12350662797689438,0.9564492702484131,0.2839262783527374,0.0092939343303442,-0.0671149268746376,0.008924360387027264,-0.04294511303305626,0.006266308017075062,0.36108624935150146,-0.14802324771881104,-0.19246838986873627,-0.7519716157299965,0.06855276294605753,0.01766140971054781,0.5736755843230086,0.05591886678531085,-0.12361373841137055
182.0,3.64,0.0,182.0,0.4233893156051636,0.20560984313488007,0.08867166191339493,0.9308918118476868,-0.363754004240036,0.027873525395989418,0.018617605790495872,0.0023050911258906126,-0.04786071553826332,0.008673250675201416,0.3936922252178192,-0.12713861465454102,-0.17894305288791656,0.40170687437057495,-0.21613438427448273,0.12319265305995941,0.9552708864212036,0.28760093450546265,0.007602458819746971,-0.06845111399888992,0.0023050911258906126,-0.04786071553826332,0.008673250675201416,0.3936922252178192,-0.12713861465454102,-0.17894305288791656,-0.7445565823713592,0.06548571912981278,0.014415135233854952,0.5814438350644999,0.053924147350699135,-0.12693031562210516
183.0,3.66,0.0,183.0,0.4238581955432892,0.2024133950471878,0.09152737259864807,0.9324283003807068,-0.3599325120449066,0.02728053368628025,0.016782892867922783,-0.005312720779329538,-0.0531231090426445,0.014588993974030018,0.43131741881370544,-0.09319240599870682,-0.15199103951454163,0.4007247984409332,-0.21952509880065918,0.12255598604679108,0.953986406326294,0.29158568382263184,0.00627559470012784,-0.06963135302066803,-0.005312720779329538,-0.0531231090426445,0.014588993974030018,0.43131741881370544,-0.09319240599870682,-0.15199103951454163,-0.7364191521684643,0.06299737188561894,0.011682828558234064,0.5898458749955503,0.05260492454632586,-0.12973757067035332
184.0,3.68,0.0,184.0,0.4240782558917999,0.1992271989583969,0.09427215903997421,0.9340261816978455,-0.355841726064682,0.027078021317720413,0.01544505637139082,-0.01711852289736271,-0.06516621261835098,0.03308473527431488,0.4506833553314209,-0.025948798283934593,-0.11848561465740204,0.3997989594936371,-0.22290322184562683,0.12159302085638046,0.9526186585426331,0.2957916855812073,0.005580427590757608,-0.07066760957241058,-0.01711852289736271,-0.06516621261835098,0.03308473527431488,0.4506833553314209,-0.025948798283934593,-0.11848561465740204,-0.7277036472837588,0.06161412896752315,0.00959955705755018,0.5986647287898649,0.05246187866837901,-0.1319003396847088
185.0,3.7,0.0,185.0,0.42413070797920227,0.1957479566335678,0.09674530476331711,0.9355030655860901,-0.3519414961338043,0.027543403208255768,0.01457259152084589,-0.015545646660029888,-0.07804933190345764,0.042722076177597046,0.45823583006858826,0.011052792891860008,-0.10450338572263718,0.398922324180603,-0.2265392541885376,0.12057935446500778,0.9513067603111267,0.29972660541534424,0.005682406947016716,-0.07174305617809296,-0.015545646660029888,-0.07804933190345764,0.042722076177597046,0.45823583006858826,0.011052792891860008,-0.10450338572263718,-0.7194103372704508,0.06183067709387891,0.007893241635216614,0.6068406395808185,0.05384404607450985,-0.13368397353218942
186.0,3.72,0.0,186.0,0.42425844073295593,0.19292700290679932,0.0991986095905304,0.9371470212936401,-0.3475545346736908,0.027564169839024544,0.014187733642756939,0.00035399897024035454,-0.0656658485531807,0.020926227793097496,0.48135238885879517,-0.00468391552567482,-0.0051954640075564384,0.3986131548881531,-0.22953839600086212,0.11908126622438431,0.9498598575592041,0.3041773736476898,0.005771363619714975,-0.07217374444007874,0.00035399897024035454,-0.0656658485531807,0.020926227793097496,0.48135238885879517,-0.00468391552567482,-0.0051954640075564384,-0.7100508830496557,0.06156427821685132,0.007446057008974746,0.6161400469541479,0.054898786525234874,-0.13420290878341196
187.0,3.74,0.0,187.0,0.4241611659526825,0.19132034480571747,0.10109671205282211,0.9388778805732727,-0.3428472876548767,0.02729983441531658,0.01478381734341383,0.007395485881716013,-0.05171499401330948,-0.011133762076497078,0.4878149628639221,0.002214418724179268,0.07958822697401047,0.3989344537258148,-0.23134903609752655,0.11672451347112656,0.948352575302124,0.30895286798477173,0.006265062838792801,-0.07166597992181778,0.007395485881716013,-0.05171499401330948,-0.011133762076497078,0.4878149628639221,0.002214418724179268,0.07958822697401047,-0.6999662063476514,0.061438262377252036,0.00905826601798547,0.6261379381272342,0.056195383417055045,-0.1326555632546445
188.0,3.7600000000000002,0.0,188.0,0.4239480197429657,0.1898869425058365,0.10203630477190018,0.9402504563331604,-0.3390091061592102,0.027326971292495728,0.015969334170222282,0.0015362525591626763,-0.08445548266172409,-0.00600697286427021,0.3646794259548187,0.07211066037416458,0.10022031515836716,0.39956140518188477,-0.23294517397880554,0.11421472579240799,0.9471428990364075,0.31280580163002014,0.00728952931240201,-0.07085081934928894,0.0015362525591626763,-0.08445548266172409,-0.00600697286427021,0.3646794259548187,0.07211066037416458,0.10022031515836716,-0.6917293197243,0.06225610929056995,0.011524746013975637,0.6341743793219037,0.05816633345454056,-0.13023878323446783
189.0,3.7800000000000002,0.0,189.0,0.4238288700580597,0.18857625126838684,0.10241035372018814,0.9415577054023743,-0.3352586328983307,0.02778075821697712,0.017293713986873627,0.004234255291521549,-0.05832517892122269,-0.02746405638754368,0.40346968173980713,0.10000313818454742,0.11407323181629181,0.4002799093723297,-0.23438630998134613,0.11124998331069946,0.9459457993507385,0.3165193498134613,0.008727801963686943,-0.07018564641475677,0.004234255291521549,-0.05832517892122269,-0.02746405638754368,0.40346968173980713,0.10000313818454742,0.11407323181629181,-0.6836940196277022,0.06395368790042871,0.013967587522922546,0.6418869566553425,0.060980062246451756,-0.1278435163578904
190.0,3.8000000000000003,0.0,190.0,0.423617422580719,0.18779832124710083,0.10208350419998169,0.9427135586738586,-0.3318224847316742,0.028620809316635132,0.019116511568427086,-0.002113470109179616,-0.07886683195829391,-0.0039063384756445885,0.27442893385887146,0.17096269130706787,0.14753016829490662,0.40120550990104675,-0.2352784425020218,0.10789314657449722,0.944859504699707,0.31986600160598755,0.010754263959825039,-0.06935766339302063,-0.002113470109179616,-0.07886683195829391,-0.0039063384756445885,0.27442893385887146,0.17096269130706787,0.14753016829490662,-0.6763168555213074,0.06669849542848229,0.017087564112117846,0.6488002671361496,0.06473807185577574,-0.12477083409177238
191.0,3.8200000000000003,0.0,191.0,0.42344847321510315,0.18730302155017853,0.10158762335777283,0.943614661693573,-0.3290215730667114,0.02987048588693142,0.0210677869617939,-0.0024661533534526825,-0.05607572942972183,0.014025837182998657,0.24114471673965454,0.19796548783779144,0.1145266443490982,0.4021768867969513,-0.23585903644561768,0.10496369749307632,0.9439746141433716,0.3225284516811371,0.013135991990566254,-0.06866378337144852,-0.0024661533534526825,-0.05607572942972183,0.014025837182998657,0.24114471673965454,0.19796548783779144,0.1145266443490982,-0.6702918865959553,0.07029385042659865,0.02015481375120896,0.6542543609578182,0.06914722685449667,-0.12175108351337888
192.0,3.84,0.0,192.0,0.42348453402519226,0.18686506152153015,0.10091663897037506,0.9442271590232849,-0.3270213305950165,0.03128249943256378,0.022665150463581085,0.005238763988018036,-0.05008937045931816,0.008482038043439388,0.14358262717723846,0.1763710230588913,0.09720063954591751,0.4030435085296631,-0.23634810745716095,0.10258794575929642,0.943332850933075,0.32437393069267273,0.01536986231803894,-0.06832702457904816,0.005238763988018036,-0.05008937045931816,0.008482038043439388,0.14358262717723846,0.1763710230588913,0.09720063954591751,-0.6659876638205556,0.07396696145109359,0.022405139935181815,0.6579940165050574,0.07339065856767304,-0.11954463809520567
193.0,3.86,0.0,193.0,0.4236137270927429,0.18660107254981995,0.09976759552955627,0.9444581866264343,-0.32612764835357666,0.03251836448907852,0.024123063310980797,0.009747322648763657,-0.04518655687570572,-0.00887706782668829,0.05223025381565094,0.15727606415748596,0.08945440500974655,0.4039720892906189,-0.2366521954536438,0.10071218758821487,0.9430654644966125,0.32512950897216797,0.017301341518759727,-0.0679638460278511,0.009747322648763657,-0.04518655687570572,-0.00887706782668829,0.05223025381565094,0.15727606415748596,0.08945440500974655,-0.6640310275873985,0.07723564317400829,0.024431434742411422,0.6594672328934387,0.07690246997038057,-0.11755555763605459
194.0,3.88,0.0,194.0,0.423788845539093,0.1866070032119751,0.09819117188453674,0.9443956017494202,-0.3260937035083771,0.03356322646141052,0.025557802990078926,0.01614248752593994,-0.04218367114663124,-0.020420357584953308,-0.025841642171144485,0.1368841528892517,0.10899040848016739,0.40500903129577637,-0.23668532073497772,0.09916376322507858,0.9430969953536987,0.32504352927207947,0.019008129835128784,-0.06748007982969284,0.01614248752593994,-0.04218367114663124,-0.020420357584953308,-0.025841642171144485,0.1368841528892517,0.10899040848016739,-0.6638902271712084,0.08014819725644111,0.026471904295450193,0.6591930026258818,0.07980562407550482,-0.11554745849744329
195.0,3.9,0.0,195.0,0.4240524470806122,0.18670754134655,0.09638737887144089,0.9441176056861877,-0.3266894519329071,0.034564483910799026,0.026858512312173843,0.017710259184241295,-0.039669498801231384,-0.017650561407208443,-0.08186235278844833,0.1367441862821579,0.08098149299621582,0.4060625433921814,-0.2366173416376114,0.09794789552688599,0.9433388113975525,0.3243343234062195,0.02055341564118862,-0.06705930829048157,0.017710259184241295,-0.039669498801231384,-0.017650561407208443,-0.08186235278844833,0.1367441862821579,0.08098149299621582,-0.6650895552163542,0.08290960393165649,0.028232196209605046,0.6576136716184553,0.08237003146422579,-0.11381755688709969
196.0,3.92,0.0,196.0,0.4244895279407501,0.18668581545352936,0.09465191513299942,0.9437392950057983,-0.3275870382785797,0.03565545007586479,0.02778022177517414,0.020315606147050858,-0.0297977477312088,-0.00812405813485384,-0.10144788771867752,0.12936590611934662,0.0378432534635067,0.406974732875824,-0.23665489256381989,0.09707918763160706,0.9436615109443665,0.3233203589916229,0.021913742646574974,-0.06698374450206757,0.020315606147050858,-0.0297977477312088,-0.00812405813485384,-0.10144788771867752,0.12936590611934662,0.0378432534635067,-0.6669565161153593,0.08560427907767731,0.02918503996315043,0.6553828760950001,0.08477422034339778,-0.11289384428975764
197.0,3.94,0.0,197.0,0.4251028597354889,0.18657691776752472,0.09314475953578949,0.9433465600013733,-0.3285462558269501,0.03681325539946556,0.028277965262532234,0.021958550438284874,-0.016133049502968788,0.0004408684326335788,-0.10769014805555344,0.11972127109766006,0.0010801503667607903,0.40771010518074036,-0.23676246404647827,0.09650302678346634,0.9439811110496521,0.3222443759441376,0.023060346022248268,-0.06728057563304901,0.021958550438284874,-0.016133049502968788,0.0004408684326335788,-0.10769014805555344,0.11972127109766006,0.0010801503667607903,-0.6689872590535881,0.08815065298966436,0.02927997545408711,0.6530106898005418,0.08700835682011786,-0.1128261460526337
198.0,3.96,0.0,198.0,0.42581841349601746,0.186457097530365,0.09178528934717178,0.9428983926773071,-0.32968124747276306,0.03797771409153938,0.028467094525694847,0.022055573761463165,-0.009652386419475079,0.006844287738204002,-0.13949447870254517,0.11142443120479584,-0.024563826620578766,0.408307820558548,-0.23686733841896057,0.09623673558235168,0.9443439841270447,0.3209962248802185,0.024009229615330696,-0.06781946867704391,0.022055573761463165,-0.009652386419475079,0.006844287738204002,-0.13949447870254517,0.11142443120479584,-0.024563826620578766,-0.6714172493029131,0.09051193951243504,0.028763772976237018,0.6502700367156872,0.08900298471140947,-0.1133664991974805
199.0,3.98,0.0,199.0,0.42653489112854004,0.18639616668224335,0.09042370319366455,0.9423083066940308,-0.331222265958786,0.03915083408355713,0.028530577197670937,0.019662056118249893,-0.007332584820687771,0.013045459985733032,-0.18864156305789948,0.11110513657331467,-0.024764349684119225,0.40882280468940735,-0.23690202832221985,0.09633514285087585,0.9448372721672058,0.31934142112731934,0.02485877461731434,-0.06845206022262573,0.019662056118249893,-0.007332584820687771,0.013045459985733032,-0.18864156305789948,0.11110513657331467,-0.024764349684119225,-0.6747241783853928,0.09281745924199407,0.027957915948492437,0.6466688854732044,0.09081894027994628,-0.11419284394913208
200.0,4.0,0.0,200.0,0.4270870089530945,0.18666677176952362,0.08892573416233063,0.9415141940116882,-0.3333137631416321,0.040272027254104614,0.028828391805291176,0.015688326209783554,-0.007604056969285011,0.017048519104719162,-0.24910221993923187,0.11532632261514664,0.017300693318247795,0.40940210223197937,-0.236600860953331,0.09678546339273453,0.9455270767211914,0.3171330988407135,0.025773096829652786,-0.06885465979576111,0.015688326209783554,-0.007604056969285011,0.017048519104719162,-0.24910221993923187,0.11532632261514664,0.017300693318247795,-0.6791879932261341,0.09519488632738872,0.027566525457630272,0.6419127890639472,0.09254253277257293,-0.11460086746706732
201.0,4.0200000000000005,0.0,201.0,0.42731189727783203,0.18754397332668304,0.08719736337661743,0.9404913187026978,-0.3359975814819336,0.04123838618397713,0.029678869992494583,0.009744818322360516,-0.007389355916529894,0.01673388108611107,-0.30722227692604065,0.11764141917228699,0.08554846793413162,0.4101696014404297,-0.2356930822134018,0.09751959145069122,0.9464423656463623,0.3143303692340851,0.0268655214458704,-0.06871231645345688,0.009744818322360516,-0.007389355916529894,0.01673388108611107,-0.30722227692604065,0.11764141917228699,0.08554846793413162,-0.6848703908364829,0.09766797360733985,0.02825183126768267,0.6359373289914456,0.09418928993223667,-0.11392537654895354
202.0,4.04,0.0,202.0,0.4271507263183594,0.18911859393119812,0.08527293801307678,0.9392690062522888,-0.33918869495391846,0.04190639406442642,0.03112083673477173,0.004819124471396208,-0.0035285616759210825,0.01147061213850975,-0.35014787316322327,0.10122022777795792,0.15110962092876434,0.41113364696502686,-0.2340821921825409,0.09848500043153763,0.9475563168525696,0.3110281825065613,0.028053412213921547,-0.06790828704833984,0.004819124471396208,-0.0035285616759210825,0.01147061213850975,-0.35014787316322327,0.10122022777795792,0.15110962092876434,-0.6915823889193394,0.10000102574893532,0.03018871112952933,0.6289635489768493,0.09555249203968795,-0.11198674939581549
203.0,4.0600000000000005,0.0,203.0,0.4266358017921448,0.19129453599452972,0.08327631652355194,0.9378912448883057,-0.34278130531311035,0.042123280465602875,0.03296094015240669,0.0006158312899060547,0.0010803539771586657,0.002128048101440072,-0.38666823506355286,0.06497875601053238,0.19727066159248352,0.41220587491989136,-0.2318507581949234,0.09970387816429138,0.948824405670166,0.3073473572731018,0.029105031862854958,-0.0665028840303421,0.0006158312899060547,0.0010803539771586657,0.002128048101440072,-0.38666823506355286,0.06497875601053238,0.19727066159248352,-0.6991107010039695,0.10178658905055911,0.033126899536425704,0.6212607610786799,0.09625869369012297,-0.10902802129213737
204.0,4.08,0.0,204.0,0.425843745470047,0.1938248574733734,0.08130356669425964,0.9363851547241211,-0.346723735332489,0.04181845113635063,0.0348825566470623,-0.0036403501871973276,0.005281767807900906,-0.009843660518527031,-0.4190363883972168,0.012513560242950916,0.21253997087478638,0.41322100162506104,-0.2292279601097107,0.10122820734977722,0.9502136707305908,0.303350031375885,0.02977348491549492,-0.06470243632793427,-0.0036403501871973276,0.005281767807900906,-0.009843660518527031,-0.4190363883972168,0.012513560242950916,0.21253997087478638,-0.7073732129345291,0.10268593106639101,0.03652861150235083,0.6129584522982566,0.09598462204034021,-0.10557981290365398
205.0,4.1,0.0,205.0,0.4249041676521301,0.19637200236320496,0.07951914519071579,0.9347565174102783,-0.3510274589061737,0.040952082723379135,0.03650972992181778,-0.005744283087551594,0.003377485554665327,-0.015418382361531258,-0.46384334564208984,-0.05644962564110756,0.1927737593650818,0.41401052474975586,-0.22653304040431976,0.10323983430862427,0.9517091512680054,0.2990337014198303,0.029794687405228615,-0.06277743726968765,-0.005744283087551594,0.003377485554665327,-0.015418382361531258,-0.46384334564208984,-0.05644962564110756,0.1927737593650818,-0.7164320942000947,0.10237099331442832,0.03972315793029966,0.6040420671863118,0.09439700357674514,-0.10230552007480821
206.0,4.12,0.0,206.0,0.4239903688430786,0.19859474897384644,0.07830101251602173,0.9329968094825745,-0.35573938488960266,0.03950667753815651,0.03749016672372818,-0.0034248153679072857,0.001990449847653508,-0.0021795392967760563,-0.5007001161575317,-0.1403079479932785,0.14598028361797333,0.4144611358642578,-0.2240903377532959,0.10616729408502579,0.95330810546875,0.29435765743255615,0.02893403172492981,-0.060992531478405,-0.0034248153679072857,0.001990449847653508,-0.0021795392967760563,-0.5007001161575317,-0.1403079479932785,0.14598028361797333,-0.7264243755504148,0.10056208854356001,0.04207316293068803,0.5944158502859442,0.09119969879602713,-0.09983540817239027
207.0,4.14,0.0,207.0,0.4232284128665924,0.20042595267295837,0.078274205327034,0.9311990141868591,-0.36061713099479675,0.037519536912441254,0.03763233497738838,-0.0006180129712447524,0.009762926027178764,0.03746867924928665,-0.5069011449813843,-0.22070972621440887,0.08093614876270294,0.4145134389400482,-0.22197246551513672,0.11042426526546478,0.9549201726913452,0.28956639766693115,0.027119658887386322,-0.05952747166156769,-0.0006180129712447524,0.009762926027178764,0.03746867924928665,-0.5069011449813843,-0.22070972621440887,0.08093614876270294,-0.7368500969446895,0.0971708640824418,0.043243409173466175,0.5845858909776249,0.08637587520520211,-0.09850795206980499
208.0,4.16,0.0,208.0,0.422728031873703,0.20182467997074127,0.07998517155647278,0.9295985698699951,-0.36503005027770996,0.03542793542146683,0.036666661500930786,-0.008677259087562561,0.043654218316078186,0.10624092072248459,-0.4316141605377197,-0.2436199188232422,-0.044188085943460464,0.413917601108551,-0.22025854885578156,0.11601492762565613,0.956321656703949,0.2852686047554016,0.024572573602199554,-0.05887986347079277,-0.008677259087562561,0.043654218316078186,0.10624092072248459,-0.4316141605377197,-0.2436199188232422,-0.044188085943460464,-0.746378373611779,0.09276938824727328,0.04250152498535928,0.5757864409963998,0.0806792234937169,-0.09908040910113049
209.0,4.18,0.0,209.0,0.42274215817451477,0.20234668254852295,0.08269109576940536,0.9278267621994019,-0.3699692189693451,0.03269529342651367,0.03451143577694893,0.030285270884633064,-0.0005242445622570813,0.0765959694981575,-0.5685999989509583,-0.41206273436546326,-0.09616205096244812,0.4130221903324127,-0.219323992729187,0.12305671721696854,0.9578297734260559,0.28049802780151367,0.020751845091581345,-0.05875653401017189,0.030285270884633064,-0.0005242445622570813,0.0765959694981575,-0.5685999989509583,-0.41206273436546326,-0.09616205096244812,-0.757125531117434,0.08631463352911348,0.04000834892053355,0.5660708200150674,0.07277988930411922,-0.10135713126924507
210.0,4.2,0.0,210.0,0.4227624237537384,0.20257370173931122,0.08431128412485123,0.9259520173072815,-0.3750600516796112,0.030034953728318214,0.03225930407643318,-0.0037619697395712137,0.008028813637793064,0.021803345531225204,-0.5082881450653076,-0.2769210636615753,-0.07972432672977448,0.41201451420783997,-0.21861901879310608,0.12915760278701782,0.9593439102172852,0.2755398154258728,0.01691708341240883,-0.058746498078107834,-0.0037619697395712137,0.008028813637793064,0.021803345531225204,-0.5082881450653076,-0.2769210636615753,-0.07972432672977448,-0.7682176122092652,0.0799052123682947,0.037339101810212626,0.5560053872093633,0.0648780872819619,-0.10379777062502717
211.0,4.22,0.0,211.0,0.4224828779697418,0.2028014063835144,0.08414044231176376,0.9242618680000305,-0.37946709990501404,0.028512898832559586,0.03052123636007309,-0.013741235248744488,0.004442702978849411,-0.015344672836363316,-0.4544388949871063,-0.1946505606174469,-0.08487007766962051,0.4108164608478546,-0.21793057024478912,0.13291051983833313,0.9606168270111084,0.27115097641944885,0.01433994248509407,-0.05904935672879219,-0.013741235248744488,0.004442702978849411,-0.015344672836363316,-0.4544388949871063,-0.1946505606174469,-0.08487007766962051,-0.7778315659955749,0.07594337284712438,0.03488743511154112,0.5470554976838726,0.05960825469922372,-0.10605775856715782
212.0,4.24,0.0,212.0,0.4222221374511719,0.20277415215969086,0.08311694115400314,0.9227901101112366,-0.3832034468650818,0.027784379199147224,0.029010307043790817,-0.026645846664905548,0.005844984669238329,-0.028129367157816887,-0.3746073246002197,-0.09229478985071182,-0.09605664014816284,0.40960797667503357,-0.2175273895263672,0.1352466642856598,0.9616629481315613,0.26736629009246826,0.01257212832570076,-0.05967950448393822,-0.026645846664905548,0.005844984669238329,-0.028129367157816887,-0.3746073246002197,-0.09229478985071182,-0.09605664014816284,-0.7860038859477274,0.07357836865064661,0.03233983031191073,0.539305772244732,0.05612232892519307,-0.10844322928986036
213.0,4.26,0.0,213.0,0.4218279719352722,0.20293718576431274,0.08158449828624725,0.9215924739837646,-0.3861442804336548,0.02771768718957901,0.02813102863729,-0.0298268161714077,0.009772934019565582,-0.03085005097091198,-0.29770150780677795,-0.021740764379501343,-0.04886405169963837,0.40860316157341003,-0.2170053869485855,0.13638730347156525,0.9624775648117065,0.2643274962902069,0.011769103817641735,-0.0602426752448082,-0.0298268161714077,0.009772934019565582,-0.03085005097091198,-0.29770150780677795,-0.021740764379501343,-0.04886405169963837,-0.7924367123253813,0.07287861208474246,0.03053041660189654,0.5330423811751361,0.05452961956768683,-0.11012851338536042
214.0,4.28,0.0,214.0,0.4213930070400238,0.20345842838287354,0.07997247576713562,0.9206247329711914,-0.3884533941745758,0.027856316417455673,0.027892500162124634,-0.019571831449866295,0.011930149048566818,-0.02738380804657936,-0.23597556352615356,0.003203418105840683,0.0024913481902331114,0.40801507234573364,-0.21619866788387299,0.13688452541828156,0.9631277918815613,0.26191094517707825,0.011567269451916218,-0.060446593910455704,-0.019571831449866295,0.011930149048566818,-0.02738380804657936,-0.23597556352615356,0.003203418105840683,0.0024913481902331114,-0.7974724981859715,0.07302519344112123,0.02979911004111509,0.5280415534111242,0.05397096005600455,-0.11076368934412112
215.0,4.3,0.0,215.0,0.42103326320648193,0.20427286624908447,0.07855856418609619,0.9198408126831055,-0.3902779817581177,0.02798435650765896,0.028158854693174362,-0.007424141280353069,0.008046609349548817,-0.016271322965621948,-0.1961335688829422,0.0185038261115551,0.04049467295408249,0.4079025089740753,-0.21516260504722595,0.1371374875307083,0.9636585712432861,0.25998827815055847,0.011702891439199448,-0.06026151031255722,-0.007424141280353069,0.008046609349548817,-0.016271322965621948,-0.1961335688829422,0.0185038261115551,0.04049467295408249,-0.8014307013353412,0.07352809893332185,0.030045659867414826,0.5240566180100559,0.053915865324530805,-0.11044233769629185
216.0,4.32,0.0,216.0,0.42063724994659424,0.2054511308670044,0.07736007869243622,0.9191784858703613,-0.39176321029663086,0.028054254129529,0.029081052169203758,-0.0009562203194946051,0.006011846009641886,-0.00656492542475462,-0.15175074338912964,0.04259137064218521,0.12133606523275375,0.40829306840896606,-0.2138170748949051,0.13729184865951538,0.9641215205192566,0.2584107518196106,0.012221942655742168,-0.0595351904630661,-0.0009562203194946051,0.006011846009641886,-0.00656492542475462,-0.15175074338912964,0.04259137064218521,0.12133606523275375,-0.8046148447283094,0.07442818521560532,0.03157273758390677,0.5207817243758706,0.054362702032118834,-0.10885708692610127
217.0,4.34,0.0,217.0,0.42007750272750854,0.20697572827339172,0.07613999396562576,0.9186305999755859,-0.39292073249816895,0.028100039809942245,0.030681662261486053,-0.0015676884213462472,0.00236305920407176,-0.009373204782605171,-0.10716276615858078,0.07214022427797318,0.14678657054901123,0.409071147441864,-0.21217821538448334,0.13712245225906372,0.9645199775695801,0.25716227293014526,0.013163972645998001,-0.05827046185731888,-0.0015676884213462472,0.00236305920407176,-0.009373204782605171,-0.10716276615858078,0.07214022427797318,0.14678657054901123,-0.8070475127491301,0.07581064234281472,0.034393604037118254,0.5181822588087822,0.05539208240713105,-0.10599613596970954
218.0,4.36,0.0,218.0,0.41955021023750305,0.2084071785211563,0.07494094967842102,0.9182628393173218,-0.39362841844558716,0.028286011889576912,0.03239869326353073,0.0009468491771258414,0.0023268945515155792,-0.008373151533305645,-0.05497102811932564,0.08420362323522568,0.15473245084285736,0.4099331796169281,-0.21068619191646576,0.13657109439373016,0.9647901058197021,0.25636762380599976,0.014319428242743015,-0.05701388418674469,0.0009468491771258414,0.0023268945515155792,-0.008373151533305645,-0.05497102811932564,0.08420362323522568,0.15473245084285736,-0.8084950854427532,0.07753175228462825,0.03735355819216834,0.5165097118906306,0.056894206042574856,-0.10301931525030289
219.0,4.38,0.0,219.0,0.4191333055496216,0.2096821814775467,0.0739448070526123,0.9181116819381714,-0.39381906390190125,0.028620140627026558,0.034036047756671906,0.0012391047785058618,0.005689903162419796,-0.0037664377596229315,-0.0007615451468154788,0.09916175901889801,0.12087523192167282,0.41079211235046387,-0.20941145718097687,0.13575878739356995,0.9649051427841187,0.2561013400554657,0.015578496269881725,-0.0559263713657856,0.0012391047785058618,0.005689903162419796,-0.0037664377596229315,-0.0007615451468154788,0.09916175901889801,0.12087523192167282,-0.8088204246969458,0.07944459541434346,0.040092629765853295,0.5159199939413587,0.058742941769379886,-0.10028863579224286
220.0,4.4,0.0,220.0,0.41888031363487244,0.21049919724464417,0.07295682281255722,0.918006956577301,-0.39391201734542847,0.029046058654785156,0.03539780154824257,0.007565235253423452,-0.016002504155039787,-0.014915154315531254,-0.028203871101140976,0.07439084351062775,0.10220561176538467,0.4115663766860962,-0.20859883725643158,0.13487091660499573,0.9649767279624939,0.2559337615966797,0.01674618013203144,-0.05511489138007164,0.007565235253423452,-0.016002504155039787,-0.014915154315531254,-0.028203871101140976,0.07439084351062775,0.10220561176538467,-0.8089485479664527,0.08130574697258132,0.04225980847251273,0.5155324755666576,0.06056788042215504,-0.09813441740674227
221.0,4.42,0.0,221.0,0.4187992513179779,0.21087975800037384,0.07199371606111526,0.9179417490959167,-0.3939497768878937,0.02932363748550415,0.036422740668058395,0.009975496679544449,-0.01336376741528511,-0.02054712176322937,0.018439091742038727,0.05854702740907669,0.06861189007759094,0.4122667610645294,-0.20822486281394958,0.13395076990127563,0.9650214314460754,0.2558443248271942,0.01759365014731884,-0.054478518664836884,0.009975496679544449,-0.01336376741528511,-0.02054712176322937,0.018439091742038727,0.05854702740907669,0.06861189007759094,-0.8089725734127843,0.08262622958091541,0.04392777102541494,0.5153236390973965,0.06187199895124081,-0.09647730894503112
222.0,4.44,0.0,222.0,0.41880539059638977,0.21111786365509033,0.07135791331529617,0.9180694222450256,-0.39356568455696106,0.029467830434441566,0.03723004460334778,0.012623974122107029,-0.011319717392325401,-0.019718902185559273,0.06037711724638939,0.0342973992228508,0.0683400109410286,0.41289016604423523,-0.20804712176322937,0.13296760618686676,0.9649415612220764,0.25621384382247925,0.018232213333249092,-0.053943879902362823,0.012623974122107029,-0.011319717392325401,-0.019718902185559273,0.06037711724638939,0.0342973992228508,0.0683400109410286,-0.8080866668817793,0.0835090053734027,0.04533795709593636,0.516075558940408,0.06286978019830841,-0.09509352476075202
223.0,4.46,0.0,223.0,0.41880640387535095,0.2113771289587021,0.0712195560336113,0.9183624386787415,-0.3928239941596985,0.02927769534289837,0.03798345848917961,0.015904171392321587,-0.011468815617263317,-0.016328519210219383,0.09844645112752914,-0.000383717764634639,0.07259474694728851,0.4135235846042633,-0.20789721608161926,0.13213859498500824,0.9647665023803711,0.25698933005332947,0.018600648269057274,-0.05325698480010033,0.015904171392321587,-0.011468815617263317,-0.016328519210219383,0.09844645112752914,-0.000383717764634639,0.07259474694728851,-0.8064185454673785,0.08371442928042148,0.046944773552134396,0.5176960110199322,0.06330578092205734,-0.09352410223773742
224.0,4.48,0.0,224.0,0.4188351035118103,0.2115473747253418,0.07164322584867477,0.9188194870948792,-0.3917352557182312,0.028737902641296387,0.038576941937208176,0.019423475489020348,-0.012126083485782146,-0.01228899322450161,0.13890524208545685,-0.03759724274277687,0.06544417887926102,0.4141176640987396,-0.2078811079263687,0.13153903186321259,0.9644945859909058,0.2581627368927002,0.018621033057570457,-0.05249105021357536,0.019423475489020348,-0.012126083485782146,-0.01228899322450161,0.13890524208545685,-0.03759724274277687,0.06544417887926102,-0.8040007610114425,0.08312951387070901,0.048561918154093345,0.5201684866288643,0.06306403984192298,-0.09195222351793296
225.0,4.5,0.0,225.0,0.4189814329147339,0.21140329539775848,0.07261636108160019,0.9194561243057251,-0.39027369022369385,0.02796384133398533,0.03878996893763542,0.020912207663059235,-0.012976964935660362,-0.008240493945777416,0.18187354505062103,-0.07012593001127243,0.02494189515709877,0.41455695033073425,-0.20822195708751678,0.1311405599117279,0.9641064405441284,0.25975579023361206,0.01824933849275112,-0.05189133808016777,0.020912207663059235,-0.012976964935660362,-0.008240493945777416,0.18187354505062103,-0.07012593001127243,0.02494189515709877,-0.8007951282230205,0.08179164438480784,0.049690756055460326,0.523525844074719,0.062186831349360205,-0.0908772574556718
226.0,4.5200000000000005,0.0,226.0,0.41930830478668213,0.2107500433921814,0.07409945130348206,0.9202709197998047,-0.38844621181488037,0.027080319821834564,0.03843747824430466,0.02100079320371151,-0.014981457032263279,-0.003810413647443056,0.21883533895015717,-0.09787382185459137,-0.026905573904514313,0.4147278070449829,-0.20910795032978058,0.1309175342321396,0.9635919332504272,0.26175302267074585,0.017468729987740517,-0.05167980119585991,0.02100079320371151,-0.014981457032263279,-0.003810413647443056,0.21883533895015717,-0.09787382185459137,-0.026905573904514313,-0.7968315854244922,0.07978889517079497,0.04988663629350433,0.5277257594242547,0.06075751582844873,-0.090743182255825
227.0,4.54,0.0,227.0,0.4197853207588196,0.20958417654037476,0.07601038366556168,0.9212253093719482,-0.38632968068122864,0.026131970807909966,0.037553150206804276,0.01985148899257183,-0.018049299716949463,0.00022967874247115105,0.24706576764583588,-0.12111832201480865,-0.07001829892396927,0.414622038602829,-0.21052886545658112,0.1308591216802597,0.9629707336425781,0.26406770944595337,0.01632942445576191,-0.05185490474104881,0.01985148899257183,-0.018049299716949463,0.00022967874247115105,0.24706576764583588,-0.12111832201480865,-0.07001829892396927,-0.7922761592113823,0.07723945135307761,0.049165052523167135,0.5325885496115037,0.05886992733104739,-0.09153146338055189
228.0,4.5600000000000005,0.0,228.0,0.4203592836856842,0.20797023177146912,0.07827281206846237,0.9222875833511353,-0.3839819133281708,0.02512197755277157,0.03622272238135338,0.01781299337744713,-0.02108551748096943,0.0032291209790855646,0.2710717022418976,-0.14087629318237305,-0.1078006848692894,0.4142599105834961,-0.21240928769111633,0.1309405267238617,0.9622597694396973,0.26663458347320557,0.014882843941450119,-0.05234908312559128,0.01781299337744713,-0.02108551748096943,0.0032291209790855646,0.2710717022418976,-0.14087629318237305,-0.1078006848692894,-0.7872490081940828,0.07422527624898051,0.04767204533965605,0.5379837356176104,0.0565886850487692,-0.09309349772294127
229.0,4.58,0.0,229.0,0.4209897220134735,0.20595955848693848,0.08080145716667175,0.9234352707862854,-0.3814395070075989,0.024069324135780334,0.034523844718933105,0.014977595768868923,-0.02490299567580223,0.0048751565627753735,0.28995993733406067,-0.15476563572883606,-0.13754791021347046,0.41366326808929443,-0.21468929946422577,0.13110937178134918,0.9614697694778442,0.2694094777107239,0.013189206831157207,-0.05311168357729912,0.014977595768868923,-0.02490299567580223,0.0048751565627753735,0.28995993733406067,-0.15476563572883606,-0.13754791021347046,-0.7818241638141975,0.07084969947459005,0.04552899944595618,0.5438230611309834,0.05400585680671089,-0.09530688775403318
230.0,4.6000000000000005,0.0,230.0,0.421624094247818,0.20362089574337006,0.08348788321018219,0.9246459007263184,-0.37873440980911255,0.02300335466861725,0.032573726028203964,0.01117057353258133,-0.029469827190041542,0.005147893447428942,0.30644646286964417,-0.16042979061603546,-0.15533967316150665,0.4128710627555847,-0.21729318797588348,0.13128672540187836,0.9606106281280518,0.27235183119773865,0.011341429315507412,-0.05406743660569191,0.01117057353258133,-0.029469827190041542,0.005147893447428942,0.30644646286964417,-0.16042979061603546,-0.15533967316150665,-0.776064074390029,0.06726420826128082,0.042924219068060286,0.5500246698597813,0.051262563594328674,-0.09798298610216663
231.0,4.62,0.0,231.0,0.42220538854599,0.20104391872882843,0.0862300843000412,0.9259099960327148,-0.37586820125579834,0.0219627283513546,0.030522000044584274,0.006435371935367584,-0.034530699253082275,0.0050383759662508965,0.3242282271385193,-0.15621696412563324,-0.16088064014911652,0.4119407832622528,-0.22012914717197418,0.1313733160495758,0.9596867561340332,0.2754516005516052,0.009462319314479828,-0.055122219026088715,0.006435371935367584,-0.034530699253082275,0.0050383759662508965,0.3242282271385193,-0.15621696412563324,-0.16088064014911652,-0.7699640286895896,0.06365849281477765,0.04010301632850053,0.5565660325669469,0.048547787936556834,-0.100876935983776
232.0,4.64,0.0,232.0,0.4226723909378052,0.19833995401859283,0.08896181732416153,0.9272355437278748,-0.37279802560806274,0.020996231585741043,0.028542516753077507,0.0003141846973448992,-0.0386282280087471,0.006629131268709898,0.3497529625892639,-0.13950340449810028,-0.15116536617279053,0.4109409749507904,-0.223089337348938,0.13126711547374725,0.9586904048919678,0.2787438631057739,0.007700278889387846,-0.05617045983672142,0.0003141846973448992,-0.0386282280087471,0.006629131268709898,0.3497529625892639,-0.13950340449810028,-0.15116536617279053,-0.7634244441700277,0.0602545675261948,0.0373530346543835,0.5635144385241362,0.04609503757808739,-0.10370309767822132
233.0,4.66,0.0,233.0,0.42295125126838684,0.19567114114761353,0.09166251868009567,0.9286447167396545,-0.3694477677345276,0.02015051804482937,0.02685997635126114,-0.006669930648058653,-0.04156424105167389,0.012052266858518124,0.38440269231796265,-0.11027925461530685,-0.12298804521560669,0.4099673926830292,-0.22601982951164246,0.1308819055557251,0.9576075077056885,0.28229862451553345,0.006235900800675154,-0.05706651881337166,-0.006669930648058653,-0.04156424105167389,0.012052266858518124,0.38440269231796265,-0.11027925461530685,-0.12298804521560669,-0.756272975442962,0.05730340728352741,0.03506233953601954,0.5710052418446713,0.0441770528154412,-0.10607598465597068
234.0,4.68,0.0,234.0,0.4229988157749176,0.19310492277145386,0.09429900348186493,0.9301366806030273,-0.3657923936843872,0.019582003355026245,0.025651654228568077,-0.01626180112361908,-0.047731947153806686,0.025471780449151993,0.4135630130767822,-0.056565869599580765,-0.09247767925262451,0.40908145904541016,-0.22885407507419586,0.13017284870147705,0.9564348459243774,0.28612396121025085,0.005303042009472847,-0.05776790902018547,-0.01626180112361908,-0.047731947153806686,0.025471780449151993,0.4135630130767822,-0.056565869599580765,-0.09247767925262451,-0.7484539421476668,0.05522231372964046,0.03345041943920721,0.5790346139656171,0.04321505308215986,-0.10777681054418513
235.0,4.7,0.0,235.0,0.4228587746620178,0.1903342455625534,0.09665054082870483,0.9315407872200012,-0.3622521460056305,0.019596124067902565,0.02492195926606655,-0.028263404965400696,-0.07628465443849564,0.05144080892205238,0.3751283586025238,0.02780873328447342,-0.07252410799264908,0.40826216340065,-0.2318621575832367,0.129317969083786,0.9552983045578003,0.28976377844810486,0.005114205181598663,-0.05844773352146149,-0.028263404965400696,-0.07628465443849564,0.05144080892205238,0.3751283586025238,0.02780873328447342,-0.07252410799264908,-0.7408753675552749,0.05459235902641265,0.032287871797424275,0.5866223100954083,0.043657113649619134,-0.10902573694965177
236.0,4.72,0.0,236.0,0.4227862060070038,0.18800504505634308,0.09898222237825394,0.9331349730491638,-0.3581511378288269,0.01951703242957592,0.024618685245513916,-0.007590210996568203,-0.04616399109363556,0.03002270497381687,0.472106397151947,0.005420411936938763,0.0005573501111939549,0.4078667461872101,-0.2344510555267334,0.12793511152267456,0.9539945721626282,0.2939668297767639,0.005154997110366821,-0.05874936282634735,-0.007590210996568203,-0.04616399109363556,0.03002270497381687,0.472106397151947,0.005420411936938763,0.0005573501111939549,-0.7320865837615846,0.0540848294160448,0.03201729262879378,0.5953906001637426,0.04439097516268513,-0.10938789346040048
237.0,4.74,0.0,237.0,0.4226117432117462,0.18633155524730682,0.10075493901968002,0.934689462184906,-0.3540371060371399,0.019590768963098526,0.02508927695453167,-0.003389923833310604,-0.0493934340775013,0.009371824562549591,0.4365287721157074,0.03518107533454895,0.043103866279125214,0.40795761346817017,-0.23637187480926514,0.12599562108516693,0.9527065753936768,0.2981448173522949,0.005794263444840908,-0.05853608623147011,-0.003389923833310604,-0.0493934340775013,0.009371824562549591,0.4365287721157074,0.03518107533454895,0.043103866279125214,-0.7232520398417257,0.054414493261610984,0.03308464460970952,0.6040864351272561,0.045961097989473884,-0.1084068128831757
238.0,4.76,0.0,238.0,0.4224725365638733,0.18501394987106323,0.10193485766649246,0.936096727848053,-0.35022586584091187,0.019707651808857918,0.02600068598985672,0.0039117541164159775,-0.05908883363008499,0.006871960591524839,0.38784968852996826,0.06037382036447525,0.09282136708498001,0.40843436121940613,-0.23790131509304047,0.12374352663755417,0.9515212178230286,0.3019915819168091,0.006717961747199297,-0.05799354240298271,0.0039117541164159775,-0.05908883363008499,0.006871960591524839,0.38784968852996826,0.06037382036447525,0.09282136708498001,-0.7150594943809717,0.0551367127681118,0.034934248897905626,0.6120918070759342,0.047829927755298166,-0.10663030929438992
239.0,4.78,0.0,239.0,0.42237579822540283,0.18414521217346191,0.10256131738424301,0.9374735951423645,-0.3464110791683197,0.019892694428563118,0.0273305494338274,0.009738716296851635,-0.04685826972126961,-0.02534215711057186,0.3933888077735901,0.07845207303762436,0.1189306452870369,0.409270703792572,-0.2389628291130066,0.12094201892614365,0.9503393769264221,0.3058176040649414,0.007953587919473648,-0.05716313421726227,0.009738716296851635,-0.04685826972126961,-0.02534215711057186,0.3933888077735901,0.07845207303762436,0.1189306452870369,-0.7068513349158667,0.0562626370325592,0.037529414218723654,0.6200559915653565,0.050101147356644185,-0.10410235868776312
240.0,4.8,0.0,240.0,0.42229318618774414,0.18347525596618652,0.10233493894338608,0.9386721849441528,-0.34298253059387207,0.0204941313713789,0.028941679745912552,0.0032215153332799673,-0.06266864389181137,-0.013518589548766613,0.2980808913707733,0.1479494571685791,0.12520906329154968,0.41024479269981384,-0.23978586494922638,0.11766061931848526,0.9492762088775635,0.30920135974884033,0.009661782532930374,-0.05635673180222511,0.0032215153332799673,-0.06266864389181137,-0.013518589548766613,0.2980808913707733,0.1479494571685791,0.12520906329154968,-0.6994619324802325,0.05836063982123924,0.040354874401697306,0.6270723525701376,0.05321966348226052,-0.10133790234793967
241.0,4.82,0.0,241.0,0.42217570543289185,0.1830679327249527,0.10171381384134293,0.9396581649780273,-0.3400322496891022,0.02172648161649704,0.030802609398961067,-0.0060298559255898,-0.043039679527282715,0.00759281637147069,0.2662562131881714,0.21491095423698425,0.12491763383150101,0.41122516989707947,-0.24030886590480804,0.11444918811321259,0.9483592510223389,0.31203460693359375,0.01198479812592268,-0.05572900548577309,-0.0060298559255898,-0.043039679527282715,0.00759281637147069,0.2662562131881714,0.21491095423698425,0.12491763383150101,-0.6930804482119618,0.06181804321053789,0.043208379017099084,0.632899118049178,0.057542281791182606,-0.09854512884177134
242.0,4.84,0.0,242.0,0.42206934094429016,0.18300776183605194,0.10085919499397278,0.9403520226478577,-0.3378251791000366,0.023273499682545662,0.03272256255149841,-0.0008141136495396495,-0.04011350870132446,0.009919804520905018,0.1592388153076172,0.20441855490207672,0.12675359845161438,0.4121933579444885,-0.2404484897851944,0.1116885393857956,0.947676420211792,0.3140828609466553,0.014538165181875229,-0.05522854998707771,-0.0008141136495396495,-0.04011350870132446,0.009919804520905018,0.1592388153076172,0.20441855490207672,0.12675359845161438,-0.6882750172094088,0.06592731041180207,0.045932597680307746,0.6370733669871971,0.06228789211823816,-0.09587766656796028
243.0,4.86,0.0,243.0,0.4220983684062958,0.1830085963010788,0.09962877631187439,0.940623939037323,-0.3368043899536133,0.02462790347635746,0.03439241647720337,0.00573208462446928,-0.03786367550492287,-0.006006062030792236,0.05935848504304886,0.17237211763858795,0.09089343249797821,0.4131759703159332,-0.24048972129821777,0.10960707068443298,0.947377622127533,0.31495481729507446,0.016702421009540558,-0.05477531626820564,0.00573208462446928,-0.03786367550492287,-0.006006062030792236,0.05935848504304886,0.17237211763858795,0.09089343249797821,-0.686003956568734,0.0695542954433519,0.04824641636943232,0.638807324512225,0.06619882564819758,-0.09360615126797532
244.0,4.88,0.0,244.0,0.42228415608406067,0.18298767507076263,0.09801198542118073,0.9405830502510071,-0.33669403195381165,0.02581590600311756,0.03569994494318962,0.0116357346996665,-0.03515331447124481,-0.02012391947209835,-0.02297893725335598,0.14544983208179474,0.07909095287322998,0.41409459710121155,-0.2405264675617218,0.10794800519943237,0.9473698139190674,0.31493207812309265,0.018448183313012123,-0.054481204599142075,0.0116357346996665,-0.03515331447124481,-0.02012391947209835,-0.02297893725335598,0.14544983208179474,0.07909095287322998,-0.6856872506853164,0.07266784105264984,0.049925833695688905,0.6386796842747253,0.06932575740118037,-0.09195794574026257
245.0,4.9,0.0,245.0,0.422565221786499,0.1830207109451294,0.09612589329481125,0.9403001070022583,-0.3372766077518463,0.02693002112209797,0.036808378994464874,0.01360156200826168,-0.03373824059963226,-0.02143169194459915,-0.08800829201936722,0.13962291181087494,0.06295079737901688,0.4149910509586334,-0.24049095809459686,0.10663840919733047,0.9475862383842468,0.31422221660614014,0.019964195787906647,-0.05428033322095871,0.01360156200826168,-0.03373824059963226,-0.02143169194459915,-0.08800829201936722,0.13962291181087494,0.06295079737901688,-0.6868552311948051,0.07554566049607586,0.05122455751532374,0.6371157767482438,0.07200997064074792,-0.09068311616213971
246.0,4.92,0.0,246.0,0.42298412322998047,0.1829203963279724,0.09420730173587799,0.9398568272590637,-0.33832401037216187,0.028157314285635948,0.03759702295064926,0.014787857420742512,-0.030435828492045403,-0.009920491836965084,-0.12869618833065033,0.13921630382537842,0.017373153939843178,0.4157557785511017,-0.24057124555110931,0.10572154074907303,0.9479410648345947,0.31304094195365906,0.021338490769267082,-0.054388586431741714,0.014787857420742512,-0.030435828492045403,-0.009920491836965084,-0.12869618833065033,0.13921630382537842,0.017373153939843178,-0.6890317483513616,0.07844804897016577,0.05180143439452935,0.6345499314921881,0.07457605406347134,-0.09012680946875978
247.0,4.94,0.0,247.0,0.42363494634628296,0.18262404203414917,0.09259077161550522,0.9394125938415527,-0.3394145369529724,0.029496606439352036,0.0378415621817112,0.01814410462975502,-0.0113813616335392,0.0011475520441308618,-0.11622726917266846,0.1251194179058075,-0.036172475665807724,0.4162892997264862,-0.24083571135997772,0.10515636950731277,0.9482834935188293,0.3118175268173218,0.0224617850035429,-0.054992251098155975,0.01814410462975502,-0.0113813616335392,0.0011475520441308618,-0.11622726917266846,0.1251194179058075,-0.036172475665807724,-0.6913379928791568,0.08119608570080775,0.05126579056226931,0.6318777233119018,0.07697132337242331,-0.09068084231866215
248.0,4.96,0.0,248.0,0.4244418442249298,0.1823403239250183,0.09125902503728867,0.9389675259590149,-0.340543270111084,0.03079109638929367,0.037714436650276184,0.0214410237967968,-0.001174288336187601,0.007727418560534716,-0.13717567920684814,0.10764012485742569,-0.05815171077847481,0.41669541597366333,-0.24107863008975983,0.1049124002456665,0.948622465133667,0.310566782951355,0.023317856714129448,-0.05585936829447746,0.0214410237967968,-0.001174288336187601,0.007727418560534716,-0.13717567920684814,0.10764012485742569,-0.05815171077847481,-0.6937554532028042,0.08360783017211829,0.05004949860066275,0.6291431498175912,0.07901799407479988,-0.09191110968195741
249.0,4.98,0.0,249.0,0.4252898395061493,0.18216173350811005,0.0900116041302681,0.9383955597877502,-0.34203410148620605,0.031999871134757996,0.03744955733418465,0.022344112396240234,0.0021571426186710596,0.013147314079105854,-0.18430612981319427,0.09766567498445511,-0.06063029170036316,0.41707029938697815,-0.24120038747787476,0.10507691651582718,0.9490758180618286,0.30896008014678955,0.02399612031877041,-0.05677259713411331,0.022344112396240234,0.0021571426186710596,0.013147314079105854,-0.18430612981319427,0.09766567498445511,-0.06063029170036316,-0.6969604528062298,0.08578028433693292,0.048592621105880605,0.625663307442915,0.08071681195878797,-0.09337449139817482
250.0,5.0,0.0,250.0,0.42604249715805054,0.1822909414768219,0.0886974185705185,0.9376252889633179,-0.34404605627059937,0.03310516104102135,0.03735116869211197,0.021287720650434494,0.002568262629210949,0.01680978201329708,-0.24384677410125732,0.09589605778455734,-0.022678181529045105,0.41753414273262024,-0.24099458754062653,0.10563789308071136,0.9497072100639343,0.30682995915412903,0.024659166112542152,-0.057477470487356186,0.021287720650434494,0.002568262629210949,0.01680978201329708,-0.24384677410125732,0.09589605778455734,-0.022678181529045105,-0.7012721642905251,0.08789465037618556,0.0474643789863628,0.621096788602139,0.08220212844999862,-0.09450039548497248
251.0,5.0200000000000005,0.0,251.0,0.42648473381996155,0.18309542536735535,0.08716578781604767,0.9366130232810974,-0.346648246049881,0.034020692110061646,0.037865616381168365,0.016237270087003708,0.00326440017670393,0.01606486551463604,-0.3032335638999939,0.10060159862041473,0.058772921562194824,0.4182582497596741,-0.24009323120117188,0.1064971461892128,0.9505566358566284,0.3041013181209564,0.025510087609291077,-0.05756787210702896,0.016237270087003708,0.00326440017670393,0.01606486551463604,-0.3032335638999939,0.10060159862041473,0.058772921562194824,-0.7068060633163201,0.09010239560616734,0.04755518011601722,0.6153078974513373,0.08360784099469995,-0.09439708885336574
252.0,5.04,0.0,252.0,0.42649921774864197,0.18473084270954132,0.08536320924758911,0.9353668093681335,-0.34979650378227234,0.034639112651348114,0.03913754224777222,0.010574783198535442,0.006863422691822052,0.009949745610356331,-0.3505508601665497,0.09219659864902496,0.13977234065532684,0.4192691743373871,-0.2383357435464859,0.10755331069231033,0.9516133069992065,0.3008214235305786,0.0265570729970932,-0.05686477944254875,0.010574783198535442,0.006863422691822052,0.009949745610356331,-0.3505508601665497,0.09219659864902496,0.13977234065532684,-0.713456287260545,0.09231192791650174,0.04921192884139462,0.6084148988987954,0.084858196911496,-0.09271456995279037
253.0,5.0600000000000005,0.0,253.0,0.42611560225486755,0.18708518147468567,0.08339183777570724,0.9339283108711243,-0.35339415073394775,0.03482840955257416,0.040956687182188034,0.006217428483068943,0.01106107048690319,-9.472474630456418e-05,-0.39238816499710083,0.06191960722208023,0.1989588886499405,0.4204564690589905,-0.23582327365875244,0.10881668329238892,0.9528355598449707,0.2971012592315674,0.027573883533477783,-0.05545445531606674,0.006217428483068943,0.01106107048690319,-9.472474630456418e-05,-0.39238816499710083,0.06191960722208023,0.1989588886499405,-0.7210316169025354,0.09414117800491574,0.052139296731834824,0.6006616895234257,0.08560241429741136,-0.08974203080679792
254.0,5.08,0.0,254.0,0.4253958761692047,0.18995550274848938,0.08136595040559769,0.9323283433914185,-0.357381135225296,0.03449643403291702,0.043039899319410324,0.0016137348720803857,0.016088761389255524,-0.012329524382948875,-0.427200585603714,0.016274835914373398,0.23380619287490845,0.42167142033576965,-0.23274554312229156,0.11034779995679855,0.9541900753974915,0.29301297664642334,0.028317684307694435,-0.05350406840443611,0.0016137348720803857,0.016088761389255524,-0.012329524382948875,-0.427200585603714,0.016274835914373398,0.23380619287490845,-0.7294282510629518,0.09523119293930504,0.055880036118749477,0.5922015029133149,0.08549982184130693,-0.08593043533996907
255.0,5.1000000000000005,0.0,255.0,0.4244677424430847,0.19298478960990906,0.07948723435401917,0.9305472373962402,-0.3618374168872833,0.033594969660043716,0.04502079263329506,0.0008047678857110441,0.013542692176997662,-0.013109439983963966,-0.47866690158843994,-0.04950576648116112,0.23065006732940674,0.4227547347545624,-0.22943927347660065,0.11242640763521194,0.9556853175163269,0.28848549723625183,0.028518833220005035,-0.05126941204071045,0.0008047678857110441,0.013542692176997662,-0.013109439983963966,-0.47866690158843994,-0.04950576648116112,0.23065006732940674,-0.738853967271752,0.09524778134705777,0.05978253108007048,0.5828766682206945,0.08419043060391256,-0.08192173095343988
256.0,5.12,0.0,256.0,0.4235396981239319,0.19582828879356384,0.07828471809625626,0.9286264777183533,-0.36668506264686584,0.032160546630620956,0.04648261144757271,0.0023985151201486588,0.013098903000354767,0.01025623083114624,-0.5188599228858948,-0.11947646737098694,0.19684235751628876,0.42355701327323914,-0.22624202072620392,0.11552266776561737,0.9572758078575134,0.28360292315483093,0.027954282239079475,-0.04910273849964142,0.0023985151201486588,0.013098903000354767,0.01025623083114624,-0.5188599228858948,-0.11947646737098694,0.19684235751628876,-0.7491833560135329,0.09395741004613777,0.06306415268437578,0.5728443698499802,0.08146133317964017,-0.0784944988498242
257.0,5.14,0.0,257.0,0.42267441749572754,0.19850818812847137,0.07834847271442413,0.9266819357872009,-0.371622234582901,0.030286163091659546,0.0473305769264698,0.0026903266552835703,0.027250682935118675,0.0596044585108757,-0.5092184543609619,-0.18152622878551483,0.15089677274227142,0.4240204095840454,-0.2231510430574417,0.11996208131313324,0.9588595628738403,0.27866652607917786,0.026659881696105003,-0.047143712639808655,0.0026903266552835703,0.027250682935118675,0.0596044585108757,-0.5092184543609619,-0.18152622878551483,0.15089677274227142,-0.7597795044932891,0.09143683567723551,0.06553121129330257,0.562722520592252,0.07747840900791633,-0.075850005769818
258.0,5.16,0.0,258.0,0.42206239700317383,0.20076869428157806,0.0801694393157959,0.9250050783157349,-0.37594249844551086,0.028555618599057198,0.047086410224437714,-0.0010725907050073147,0.04451427608728409,0.11997702717781067,-0.4791164696216583,-0.2106999009847641,0.013270571827888489,0.4237760603427887,-0.22049224376678467,0.125625878572464,0.9601951837539673,0.27436861395835876,0.024847641587257385,-0.046148236840963364,-0.0010725907050073147,0.04451427608728409,0.11997702717781067,-0.4791164696216583,-0.2106999009847641,0.013270571827888489,-0.7691448036290063,0.08834665676549332,0.06594459944261576,0.5538980952206799,0.07310552803443618,-0.07525965961389629
259.0,5.18,0.0,259.0,0.42205142974853516,0.20174267888069153,0.08217260241508484,0.9229117035865784,-0.3814151883125305,0.02604108490049839,0.04559037461876869,0.02602875605225563,0.004112838767468929,0.06460710614919662,-0.5819237232208252,-0.3280331492424011,-0.0636478140950203,0.42331475019454956,-0.2189657986164093,0.13249950110912323,0.9618269801139832,0.26896601915359497,0.0215667262673378,-0.04562033340334892,0.02602875605225563,0.004112838767468929,0.06460710614919662,-0.5819237232208252,-0.3280331492424011,-0.0636478140950203,-0.7811137894982116,0.08294001052873096,0.06455341465561804,0.5428249413726104,0.06607561466235214,-0.0763971324959564
260.0,5.2,0.0,260.0,0.422099769115448,0.20227453112602234,0.08291090279817581,0.9209718108177185,-0.3864026665687561,0.024133965373039246,0.04383506625890732,-0.00206357822753489,0.019978206604719162,0.016157398000359535,-0.48071348667144775,-0.20567095279693604,-0.05785942077636719,0.4225221574306488,-0.21787779033184052,0.13770021498203278,0.9632613658905029,0.2639954388141632,0.01863621361553669,-0.04568129777908325,-0.00206357822753489,0.019978206604719162,0.016157398000359535,-0.48071348667144775,-0.20567095279693604,-0.05785942077636719,-0.7920619396077524,0.07840969214110982,0.062322556566964706,0.5326361241475919,0.06005848812790509,-0.07838773551523533
261.0,5.22,0.0,261.0,0.42200249433517456,0.20271465182304382,0.08239194005727768,0.9193059206008911,-0.3905670642852783,0.02312602289021015,0.04241812974214554,-0.0065515851601958275,0.015648670494556427,-0.010883062146604061,-0.4191409945487976,-0.14390715956687927,-0.08561991900205612,0.4216184616088867,-0.21693119406700134,0.14093443751335144,0.9644263386726379,0.259775310754776,0.01667732186615467,-0.04605164751410484,-0.0065515851601958275,0.015648670494556427,-0.010883062146604061,-0.4191409945487976,-0.14390715956687927,-0.08561991900205612,-0.8012084202018932,0.07572637393612018,0.060134412425249015,0.523968204818416,0.05612370340636238,-0.08037503681411592
262.0,5.24,0.0,262.0,0.42201611399650574,0.20275063812732697,0.08128411322832108,0.9179257154464722,-0.3939623236656189,0.022880280390381813,0.041022367775440216,-0.01833580806851387,0.014082415960729122,-0.020682651549577713,-0.3446187674999237,-0.05210496112704277,-0.10650903731584549,0.42064499855041504,-0.21645088493824005,0.14291389286518097,0.9653419256210327,0.25628018379211426,0.01538306288421154,-0.04689598083496094,-0.01833580806851387,0.014082415960729122,-0.020682651549577713,-0.3446187674999237,-0.05210496112704277,-0.10650903731584549,-0.8086849636674884,0.0743959180101749,0.05747354609359645,0.5167612066483168,0.05376272458000363,-0.08287095030911906
263.0,5.26,0.0,263.0,0.42192524671554565,0.2027929276227951,0.07966498285531998,0.916797935962677,-0.3966542184352875,0.023244986310601234,0.04008796438574791,-0.0220114104449749,0.014486486092209816,-0.02915892004966736,-0.27631163597106934,0.007092453073710203,-0.07754842936992645,0.41979044675827026,-0.21603432297706604,0.14376789331436157,0.9660536050796509,0.25344908237457275,0.01490162592381239,-0.04777350276708603,-0.0220114104449749,0.014486486092209816,-0.02915892004966736,-0.27631163597106934,0.007092453073710203,-0.07754842936992645,-0.8146084994229766,0.0744928783653608,0.05524589492133775,0.5108905027105332,0.0530326753454537,-0.08497142276886799
264.0,5.28,0.0,264.0,0.4218320846557617,0.20298749208450317,0.07787317037582397,0.9159014225006104,-0.3987365961074829,0.023809319362044334,0.03958452492952347,-0.014068983495235443,0.01622679829597473,-0.03217374533414841,-0.20952609181404114,0.028875602409243584,-0.04637088254094124,0.4192272424697876,-0.21553772687911987,0.14390239119529724,0.9666009545326233,0.25122395157814026,0.014885896816849709,-0.048452891409397125,-0.014068983495235443,0.01622679829597473,-0.03217374533414841,-0.20952609181404114,0.028875602409243584,-0.04637088254094124,-0.8191848314915899,0.07525257349960854,0.05370146271046815,0.5062587803259564,0.05314750682343406,-0.08641922026305104
265.0,5.3,0.0,265.0,0.4217396080493927,0.20343980193138123,0.07616859674453735,0.9152055382728577,-0.4002907872200012,0.02444801852107048,0.03960328549146652,-0.007729999255388975,0.011409929022192955,-0.020513422787189484,-0.16739635169506073,0.05894066393375397,0.002336294623091817,0.41906315088272095,-0.21485412120819092,0.14364492893218994,0.967016339302063,0.24953141808509827,0.015288004651665688,-0.04878321662545204,-0.007729999255388975,0.011409929022192955,-0.020513422787189484,-0.16739635169506073,0.05894066393375397,0.002336294623091817,-0.8225828399868688,0.0765302661293966,0.0530979507988808,0.5027202811130742,0.05393954024432282,-0.08695449836332508
266.0,5.32,0.0,266.0,0.4215603172779083,0.2042447030544281,0.0746767595410347,0.9146448969841003,-0.4014640748500824,0.025053823366761208,0.04029497504234314,-0.002842355752363801,0.010615313425660133,-0.012929231859743595,-0.11303029209375381,0.08207633346319199,0.06319954246282578,0.4193617105484009,-0.21387378871440887,0.14324872195720673,0.96735018491745,0.2482231855392456,0.01610666885972023,-0.048575520515441895,-0.002842355752363801,0.010615313425660133,-0.012929231859743595,-0.11303029209375381,0.08207633346319199,0.06319954246282578,-0.8251119741992539,0.07826454266477609,0.0537852542050626,0.49997730290775716,0.0553049001392101,-0.08622142197844047
267.0,5.34,0.0,267.0,0.4212616980075836,0.20530451834201813,0.0732332170009613,0.9142480492591858,-0.40220433473587036,0.025650784373283386,0.04152180999517441,-0.002876806305721402,0.009680726565420628,-0.011311493813991547,-0.0582871250808239,0.10697879642248154,0.09324845671653748,0.41997045278549194,-0.21270279586315155,0.14250247180461884,0.9675830602645874,0.24735604226589203,0.01727943681180477,-0.04795457795262337,-0.002876806305721402,0.009680726565420628,-0.011311493813991547,-0.0582871250808239,0.10697879642248154,0.09324845671653748,-0.8266625347500888,0.08038943307939041,0.05549637817361016,0.4981474200183538,0.05719345361500206,-0.0844901838067629
268.0,5.36,0.0,268.0,0.42094486951828003,0.20641086995601654,0.07194922119379044,0.9140629172325134,-0.40243250131607056,0.02630695141851902,0.04295578971505165,-0.0011080227559432387,0.009220346808433533,-0.007108784280717373,-0.00855174195021391,0.11763239651918411,0.11060257256031036,0.42070290446281433,-0.21156008541584015,0.1414489597082138,0.9676800966262817,0.2470165193080902,0.018662527203559875,-0.04722285270690918,-0.0011080227559432387,0.009220346808433533,-0.007108784280717373,-0.00855174195021391,0.11763239651918411,0.11060257256031036,-0.8270776383684142,0.08276045633689459,0.057583834733685425,0.4974056025888588,0.059483420647520255,-0.08241215264165556
269.0,5.38,0.0,269.0,0.4206533432006836,0.20745247602462769,0.07088569551706314,0.9140758514404297,-0.40219369530677795,0.027058003470301628,0.04442306235432625,0.00019079764024354517,2.124147977156099e-05,-0.007013492751866579,0.007215766701847315,0.11873341351747513,0.09492047131061554,0.4214526414871216,-0.21054984629154205,0.14019255340099335,0.9676466584205627,0.24715855717658997,0.020173629745841026,-0.04653766006231308,0.00019079764024354517,2.124147977156099e-05,-0.007013492751866579,0.007215766701847315,0.11873341351747513,0.09492047131061554,-0.8264657710442834,0.08530290315807033,0.059699380277948515,0.4976550383140133,0.06208612355499092,-0.080332828822513
270.0,5.4,0.0,270.0,0.42052164673805237,0.20793890953063965,0.06967435032129288,0.9139968752861023,-0.40220367908477783,0.027594352141022682,0.045611608773469925,0.0060736071318387985,-0.01287789735943079,-0.022032324224710464,0.010849363170564175,0.08919409662485123,0.0747208297252655,0.4221864342689514,-0.21005673706531525,0.1390060931444168,0.9676749110221863,0.24706394970417023,0.021326754242181778,-0.0459318608045578,0.0060736071318387985,-0.01287789735943079,-0.022032324224710464,0.010849363170564175,0.08919409662485123,0.0747208297252655,-0.8264131244672818,0.08724325248771875,0.06145288579828958,0.4974355309596461,0.06401466238778265,-0.07859780346695132
271.0,5.42,0.0,271.0,0.42051050066947937,0.20814745128154755,0.06865415722131729,0.9141024351119995,-0.40182924270629883,0.028080875054001808,0.04649343341588974,0.007400550413876772,-0.009072752669453621,-0.02440958470106125,0.06068548187613487,0.07211318612098694,0.050699006766080856,0.4227854013442993,-0.20989936590194702,0.1376592367887497,0.9675889611244202,0.24738824367523193,0.02227882109582424,-0.04554864391684532,0.007400550413876772,-0.009072752669453621,-0.02440958470106125,0.06068548187613487,0.07211318612098694,0.050699006766080856,-0.8255366036519265,0.08881915309759827,0.06272026102099633,0.4980816805389697,0.06569710587730275,-0.07736555224574393
272.0,5.44,0.0,272.0,0.4205385148525238,0.20835644006729126,0.06809219717979431,0.9144023656845093,-0.40104010701179504,0.028294304385781288,0.047268081456422806,0.012112949974834919,-0.0059103695675730705,-0.020455939695239067,0.10548914223909378,0.039009228348731995,0.06507840007543564,0.42337727546691895,-0.20980456471443176,0.13638070225715637,0.9673917293548584,0.24817657470703125,0.0229801032692194,-0.045094624161720276,0.012112949974834919,-0.0059103695675730705,-0.020455939695239067,0.10548914223909378,0.039009228348731995,0.06507840007543564,-0.8237578098407894,0.08977813320679087,0.06405137684777869,0.4997055133881529,0.06689426276279326,-0.0760854839891791
273.0,5.46,0.0,273.0,0.4205388128757477,0.20866642892360687,0.0681103840470314,0.914863646030426,-0.3999078571796417,0.028091685846447945,0.04805214703083038,0.015997137874364853,-0.006993555463850498,-0.015546290203928947,0.14064690470695496,0.0020099447574466467,0.07512868940830231,0.42402327060699463,-0.20965956151485443,0.13535048067569733,0.9671095609664917,0.24936281144618988,0.02338535152375698,-0.04438784345984459,0.015997137874364853,-0.006993555463850498,-0.015546290203928947,0.14064690470695496,0.0020099447574466467,0.07512868940830231,-0.8212266905496485,0.08995425802876107,0.06576727363087974,0.5021827030288196,0.06742082377269015,-0.07443059989758027
274.0,5.48,0.0,274.0,0.4205569326877594,0.20893186330795288,0.06871606409549713,0.9154832363128662,-0.39844855666160583,0.027486378327012062,0.04871869459748268,0.02029547281563282,-0.007840731181204319,-0.011576064862310886,0.18138350546360016,-0.03856964781880379,0.07416979223489761,0.42466381192207336,-0.20960527658462524,0.13459329307079315,0.9667415022850037,0.25093162059783936,0.023425612598657608,-0.043535757809877396,0.02029547281563282,-0.007840731181204319,-0.011576064862310886,0.18138350546360016,-0.03856964781880379,0.07416979223489761,-0.8179909100202482,0.08926895628996799,0.06761905296709497,0.5054772264004187,0.06719257415030075,-0.07264687053768912
275.0,5.5,0.0,275.0,0.42067450284957886,0.2089259922504425,0.06987564265727997,0.9162876605987549,-0.3966139256954193,0.026625342667102814,0.049045827239751816,0.021603485569357872,-0.008579161949455738,-0.00742579810321331,0.2242538332939148,-0.06906245648860931,0.03899025544524193,0.42516735196113586,-0.20987311005592346,0.13404054939746857,0.9662625789642334,0.2529265880584717,0.02308269403874874,-0.04280483350157738,0.021603485569357872,-0.008579161949455738,-0.00742579810321331,0.2242538332939148,-0.06906245648860931,0.03899025544524193,-0.8139633160951665,0.08781025665725996,0.06908108202336541,0.5096628252852651,0.06630941075528399,-0.07126171795199014
276.0,5.5200000000000005,0.0,276.0,0.42096301913261414,0.20841650664806366,0.07151361554861069,0.9172653555870056,-0.39443737268447876,0.02567196637392044,0.048829060047864914,0.021382853388786316,-0.011352228000760078,-0.003217782359570265,0.25806599855422974,-0.094810351729393,-0.014695595018565655,0.4254065155982971,-0.21068799495697021,0.13365601003170013,0.9656698107719421,0.2553030550479889,0.022355740889906883,-0.04245534539222717,0.021382853388786316,-0.011352228000760078,-0.003217782359570265,0.25806599855422974,-0.094810351729393,-0.014695595018565655,-0.8092327728718195,0.08572097383552504,0.06963821295215514,0.514632375379624,0.06490003283082184,-0.07078871881146268
277.0,5.54,0.0,277.0,0.4214107096195221,0.20736846327781677,0.07355712354183197,0.9183827638626099,-0.391987681388855,0.024673905223608017,0.04806162789463997,0.02027127519249916,-0.014284426346421242,0.0004634923243429512,0.2864071726799011,-0.11730493605136871,-0.05978754162788391,0.42535823583602905,-0.21207113564014435,0.13343077898025513,0.9649789333343506,0.25798287987709045,0.02127312682569027,-0.04251967370510101,0.02027127519249916,-0.014284426346421242,0.0004634923243429512,0.2864071726799011,-0.11730493605136871,-0.05978754162788391,-0.8039498683456276,0.08309490572084242,0.06922816695481133,0.5202237651098909,0.0630366747133016,-0.07128680431458673
278.0,5.5600000000000005,0.0,278.0,0.42196810245513916,0.20585456490516663,0.07593879103660583,0.9196165800094604,-0.389298677444458,0.023636171594262123,0.04683111608028412,0.018288427963852882,-0.017017580568790436,0.0032780321780592203,0.31165391206741333,-0.13516142964363098,-0.09977418929338455,0.42504647374153137,-0.21393956243991852,0.13332711160182953,0.9641990065574646,0.26092490553855896,0.019890695810317993,-0.04293058440089226,0.018288427963852882,-0.017017580568790436,0.0032780321780592203,0.31165391206741333,-0.13516142964363098,-0.09977418929338455,-0.7981825745511879,0.08002039001289488,0.06800010616894159,0.5263576523163706,0.06079793169757692,-0.07260508486398844
279.0,5.58,0.0,279.0,0.4225896894931793,0.2039269357919693,0.0785670131444931,0.9209446310997009,-0.3864003121852875,0.022589679807424545,0.04522525519132614,0.015028543770313263,-0.020661158487200737,0.005119016859680414,0.3323885202407837,-0.145567387342453,-0.13101957738399506,0.424493670463562,-0.21623118221759796,0.13328033685684204,0.9633369445800781,0.2640896439552307,0.01828444004058838,-0.04363683983683586,0.015028543770313263,-0.020661158487200737,0.005119016859680414,0.3323885202407837,-0.145567387342453,-0.13101957738399506,-0.7919897582604765,0.0766327903761819,0.06608450141923806,0.5329569538257688,0.05830926984738375,-0.07461239976208282
280.0,5.6000000000000005,0.0,280.0,0.4232162535190582,0.20166514813899994,0.08134718239307404,0.9223451614379883,-0.38331931829452515,0.021550524979829788,0.04337461665272713,0.01119705755263567,-0.02526138536632061,0.00586171168833971,0.3509303033351898,-0.14976444840431213,-0.14798232913017273,0.42374634742736816,-0.21885713934898376,0.13321958482265472,0.9624017477035522,0.26744186878204346,0.016545720398426056,-0.04454461485147476,0.01119705755263567,-0.02526138536632061,0.00586171168833971,0.3509303033351898,-0.14976444840431213,-0.14798232913017273,-0.7854209337541916,0.07307170613839936,0.06370422738470406,0.5399536211459884,0.05570223647085518,-0.07708533150409204
281.0,5.62,0.0,281.0,0.4237852990627289,0.19916395843029022,0.08419045060873032,0.923808217048645,-0.380051851272583,0.02054271474480629,0.04143451526761055,0.005957434885203838,-0.030096428468823433,0.006405199877917767,0.3723558187484741,-0.14370225369930267,-0.15313245356082916,0.422864705324173,-0.2217179834842682,0.1330530047416687,0.9613940715789795,0.27097657322883606,0.014789644628763199,-0.045546241104602814,0.005957434885203838,-0.030096428468823433,0.006405199877917767,0.3723558187484741,-0.14370225369930267,-0.15313245356082916,-0.7784592461263903,0.06950554626543098,0.06112606413020794,0.547340485176083,0.05314629427892146,-0.07975749891543243
282.0,5.64,0.0,282.0,0.4242410659790039,0.19652000069618225,0.08704783022403717,0.925345242023468,-0.37654566764831543,0.019608261063694954,0.03955730423331261,-6.63606624584645e-06,-0.03395988047122955,0.008704299107193947,0.4019535183906555,-0.12881602346897125,-0.14587664604187012,0.4219065308570862,-0.22471833229064941,0.13268588483333588,0.960301399230957,0.2747386395931244,0.013146592304110527,-0.046549100428819656,-6.63606624584645e-06,-0.03395988047122955,0.008704299107193947,0.4019535183906555,-0.12881602346897125,-0.14587664604187012,-0.7709841082915835,0.06612728689228618,0.058603079506768185,0.5552094832662383,0.05084897761840904,-0.08237809531664193
283.0,5.66,0.0,283.0,0.42454126477241516,0.1938330978155136,0.089915432035923,0.9269787669181824,-0.37272122502326965,0.018801582977175713,0.03789291903376579,-0.006583055946975946,-0.03765004128217697,0.013989461585879326,0.4382126033306122,-0.10283635556697845,-0.13190056383609772,0.420937180519104,-0.22776159644126892,0.1320454180240631,0.959102988243103,0.2788008451461792,0.011757608503103256,-0.04747088998556137,-0.006583055946975946,-0.03765004128217697,0.013989461585879326,0.4382126033306122,-0.10283635556697845,-0.13190056383609772,-0.7628182530338556,0.0631462764139115,0.05637852658106716,0.5637072372816043,0.04904301205188788,-0.08470585199670659
284.0,5.68,0.0,284.0,0.42463406920433044,0.19114036858081818,0.09271764010190964,0.928695797920227,-0.36857491731643677,0.01832755096256733,0.03661370277404785,-0.017890984192490578,-0.04499705135822296,0.02947007119655609,0.46616828441619873,-0.04331347346305847,-0.10430826991796494,0.4199944734573364,-0.2308051735162735,0.13106417655944824,0.9577987194061279,0.28314316272735596,0.010889950208365917,-0.04830211028456688,-0.017890984192490578,-0.04499705135822296,0.02947007119655609,0.46616828441619873,-0.04331347346305847,-0.10430826991796494,-0.7539478616045043,0.061069187195547076,0.0546247818815671,0.5727753250482528,0.04823227807904738,-0.08656919598614782
285.0,5.7,0.0,285.0,0.42454269528388977,0.1882171332836151,0.09524095803499222,0.930312991142273,-0.3645482361316681,0.018447620794177055,0.03580605983734131,-0.017020005732774734,-0.05161929875612259,0.03487250581383705,0.4914207458496094,-0.009505276568233967,-0.07803844660520554,0.4191151559352875,-0.23403435945510864,0.12994293868541718,0.9565231800079346,0.28728801012039185,0.010770034976303577,-0.049123477190732956,-0.017020005732774734,-0.05161929875612259,0.03487250581383705,0.4914207458496094,-0.009505276568233967,-0.07803844660520554,-0.7453190064947637,0.06046703093068079,0.05329416410210548,0.581397307664373,0.048848167277795396,-0.08800567364147807
286.0,5.72,0.0,286.0,0.42452937364578247,0.1859692931175232,0.09777048975229263,0.9321514368057251,-0.3598697781562805,0.01817612163722515,0.03545587137341499,-0.007912673987448215,-0.05064072832465172,0.028736267238855362,0.48910191655158997,0.0060356236062943935,-0.011098310351371765,0.4187653660774231,-0.2366054207086563,0.12822361290454865,0.9550512433052063,0.2921079397201538,0.010672181844711304,-0.04936031252145767,-0.007912673987448215,-0.05064072832465172,0.028736267238855362,0.48910191655158997,0.0060356236062943935,-0.011098310351371765,-0.7352896257001398,0.05943978085341171,0.05313720651079749,0.5914656027972774,0.04924192420716493,-0.0882698128405849
287.0,5.74,0.0,287.0,0.424369215965271,0.18451638519763947,0.0997859314084053,0.9340165257453918,-0.35496845841407776,0.0179861169308424,0.03587566316127777,-0.001380676869302988,-0.032632745802402496,-8.741006604395807e-05,0.518240213394165,0.016928356140851974,0.058546390384435654,0.41886913776397705,-0.2383584827184677,0.12579797208309174,0.953516960144043,0.29711318016052246,0.011129039339721203,-0.04904598370194435,-0.001380676869302988,-0.032632745802402496,-8.741006604395807e-05,0.518240213394165,0.016928356140851974,0.058546390384435654,-0.7247653861129766,0.05910251876806434,0.05436958152346014,0.6019269804967988,0.05038918277558177,-0.08713987133298852
288.0,5.76,0.0,288.0,0.42414233088493347,0.1832236647605896,0.10090865939855576,0.9355795979499817,-0.3507275879383087,0.018059922382235527,0.03680600970983505,-0.004550390876829624,-0.06164240837097168,-0.002685009501874447,0.4095524251461029,0.07557586580514908,0.0720687136054039,0.4192684590816498,-0.2398768812417984,0.12309388816356659,0.9521898627281189,0.30139583349227905,0.012061032466590405,-0.04847314581274986,-0.004550390876829624,-0.06164240837097168,-0.002685009501874447,0.4095524251461029,0.07557586580514908,0.0720687136054039,-0.7156453279880283,0.0596461241968694,0.056331594199064756,0.6108749872804465,0.05221170780702785,-0.08526028305550194
289.0,5.78,0.0,289.0,0.4240718483924866,0.1820068657398224,0.10137101262807846,0.9371023774147034,-0.34651267528533936,0.018467959016561508,0.0377761609852314,0.0004917460610158741,-0.03987361490726471,-0.030968384817242622,0.43888676166534424,0.09721231460571289,0.073326975107193,0.4197678864002228,-0.24128131568431854,0.11977214366197586,0.9508498907089233,0.30560967326164246,0.01327770296484232,-0.048072535544633865,0.0004917460610158741,-0.03987361490726471,-0.030968384817242622,0.43888676166534424,0.09721231460571289,0.073326975107193,-0.7065863905186834,0.060830081556534105,0.05814172578099942,0.6196725328879877,0.054660280126841425,-0.08352562356537722
290.0,5.8,0.0,290.0,0.4239834249019623,0.18105237185955048,0.10101938992738724,0.9384198784828186,-0.34273266792297363,0.019357169046998024,0.03908335790038109,-0.006278259679675102,-0.0596759133040905,-0.01404515840113163,0.3189395070075989,0.16766223311424255,0.09193165600299835,0.42040154337882996,-0.2423754781484604,0.1160537526011467,0.9496415257453918,0.30932191014289856,0.015048610046505928,-0.04769033193588257,-0.006278259679675102,-0.0596759133040905,-0.01404515840113163,0.3189395070075989,0.16766223311424255,0.09193165600299835,-0.6984398236026784,0.06316259634948705,0.060241028649704376,0.6274047146123832,0.05811761633527892,-0.08149533681959865
291.0,5.82,0.0,291.0,0.42387786507606506,0.1803923100233078,0.10037073493003845,0.9394636154174805,-0.339599609375,0.020732752978801727,0.040625788271427155,-0.010214598849415779,-0.03983311355113983,0.007302291225641966,0.2790180444717407,0.2103758156299591,0.07726254314184189,0.4210891127586365,-0.24313053488731384,0.11264445632696152,0.9486345052719116,0.3123238980770111,0.017300155013799667,-0.04740464687347412,-0.010214598849415779,-0.03983311355113983,0.007302291225641966,0.2790180444717407,0.2103758156299591,0.07726254314184189,-0.691654365859645,0.0665975507683787,0.06243007591342665,0.6336340230506656,0.06247488071030095,-0.07937084614288337
292.0,5.84,0.0,292.0,0.4239214062690735,0.1799159049987793,0.09964786469936371,0.9402289986610413,-0.3372112214565277,0.022313211113214493,0.04195193201303482,-0.001978618325665593,-0.035484831780195236,0.009459694847464561,0.17453862726688385,0.18937979638576508,0.06546267867088318,0.4217102527618408,-0.24366553127765656,0.10984184592962265,0.9478538632392883,0.3145560026168823,0.01952611282467842,-0.04739513620734215,-0.001978618325665593,-0.035484831780195236,0.009459694847464561,0.17453862726688385,0.18937979638576508,0.06546267867088318,-0.6864631978417197,0.07031030925886578,0.06404221958046241,0.6382457235583372,0.06688250536548332,-0.0778155273682661
293.0,5.86,0.0,293.0,0.4241109788417816,0.17952504754066467,0.09855740517377853,0.9405788779258728,-0.3360004127025604,0.023713715374469757,0.04304525628685951,0.004672143142670393,-0.032615359872579575,-0.00652126781642437,0.07449223101139069,0.1608598828315735,0.040332548320293427,0.4223686754703522,-0.24408204853534698,0.10772290825843811,0.9474579691886902,0.3156217038631439,0.021383939310908318,-0.04742772877216339,0.004672143142670393,-0.032615359872579575,-0.00652126781642437,0.07449223101139069,0.1608598828315735,0.040332548320293427,-0.6837939287174928,0.0736021130215306,0.06526215569608379,0.6404210249149073,0.0705176153066907,-0.07663834901226116
294.0,5.88,0.0,294.0,0.42439937591552734,0.17925044894218445,0.09703876078128815,0.9405928254127502,-0.33575454354286194,0.024936813861131668,0.04395712539553642,0.010450185276567936,-0.030857186764478683,-0.021474240347743034,-0.012839973904192448,0.13697679340839386,0.047800611704587936,0.4230567216873169,-0.2443617284297943,0.10603515058755875,0.9473815560340881,0.3157365620136261,0.022922629490494728,-0.047469183802604675,0.010450185276567936,-0.030857186764478683,-0.021474240347743034,-0.012839973904192448,0.13697679340839386,0.047800611704587936,-0.6831905666317772,0.07650298480174153,0.06618798278297508,0.6406070323841212,0.07347454585000537,-0.07574439418384357
295.0,5.9,0.0,295.0,0.42476338148117065,0.1790676712989807,0.0952276736497879,0.9403502345085144,-0.3362456262111664,0.02607543393969536,0.04472633823752403,0.012794429436326027,-0.030016746371984482,-0.02337239682674408,-0.08060108870267868,0.1290755420923233,0.028699355199933052,0.4237537682056427,-0.24453477561473846,0.10471364110708237,0.947549045085907,0.31512144207954407,0.02425491437315941,-0.04755207151174545,0.012794429436326027,-0.030016746371984482,-0.02337239682674408,-0.08060108870267868,0.1290755420923233,0.028699355199933052,-0.6841648035066231,0.07920092322488156,0.06684047148502074,0.6392599511416133,0.07600794464063261,-0.0751166314748469
296.0,5.92,0.0,296.0,0.42525091767311096,0.1787548065185547,0.09339523315429688,0.9399356842041016,-0.33724477887153625,0.027297519147396088,0.04518815129995346,0.013902372680604458,-0.028521684929728508,-0.011152305640280247,-0.1272026151418686,0.12590672075748444,-0.01079067774116993,0.4243241846561432,-0.24482539296150208,0.1038338840007782,0.947873592376709,0.31399616599082947,0.025426818057894707,-0.047915276139974594,0.013902372680604458,-0.028521684929728508,-0.011152305640280247,-0.1272026151418686,0.12590672075748444,-0.01079067774116993,-0.686239959511237,0.08188622201021387,0.06680939137003394,0.6368250506530865,0.0783734272082674,-0.0751686682835213
297.0,5.94,0.0,297.0,0.4259553551673889,0.17826786637306213,0.09192527830600739,0.9395216107368469,-0.3382973372936249,0.028581183403730392,0.04513086751103401,0.01833018660545349,-0.00944930873811245,0.0015115446876734495,-0.11283997446298599,0.10652811080217361,-0.06105288118124008,0.4246814250946045,-0.24528536200523376,0.10337334126234055,0.9481948018074036,0.3128250539302826,0.02632283791899681,-0.0487232469022274,0.01833018660545349,-0.00944930873811245,0.0015115446876734495,-0.11283997446298599,0.10652811080217361,-0.06105288118124008,-0.6884670745742301,0.08434057002060993,0.06574588241684456,0.6342726297030206,0.08048896094420259,-0.07624987613166534
298.0,5.96,0.0,298.0,0.426815390586853,0.1778179109096527,0.09081573784351349,0.9391273856163025,-0.33934393525123596,0.02977372705936432,0.044709429144859314,0.02207447588443756,0.0018715537153184414,0.008431585505604744,-0.12787450850009918,0.0863741859793663,-0.08162945508956909,0.4249272346496582,-0.24570468068122864,0.10326842963695526,0.9485021233558655,0.3116772770881653,0.026923222467303276,-0.049761660397052765,0.02207447588443756,0.0018715537153184414,0.008431585505604744,-0.12787450850009918,0.0863741859793663,-0.08162945508956909,-0.6907131712769765,0.0863737529888864,0.0640510322184041,0.6317611695192,0.08218510509819602,-0.07795716086039431
299.0,5.98,0.0,299.0,0.42769402265548706,0.17751744389533997,0.08980832248926163,0.9386074542999268,-0.34074872732162476,0.030851546674966812,0.044206392019987106,0.02266814187169075,0.003973598591983318,0.01337779127061367,-0.17762868106365204,0.07666628807783127,-0.07470693439245224,0.4251719117164612,-0.24596084654331207,0.1035848930478096,0.9489263296127319,0.31017929315567017,0.02735794335603714,-0.05078427121043205,0.02266814187169075,0.003973598591983318,0.01337779127061367,-0.17762868106365204,0.07666628807783127,-0.07470693439245224,-0.6937359895484795,0.08815569415860729,0.06224138685160124,0.6285166820203012,0.08352289134213343,-0.07977170729546043
300.0,6.0,0.0,300.0,0.42844298481941223,0.17756842076778412,0.0887063518166542,0.9378682971000671,-0.34272289276123047,0.03181421756744385,0.043951939791440964,0.02111411839723587,0.003047534730285406,0.017188094556331635,-0.23974107205867767,0.07671894133090973,-0.030258355662226677,0.425542414188385,-0.24584399163722992,0.10431230813264847,0.9495477080345154,0.30810803174972534,0.027815524488687515,-0.051525626331567764,0.02111411839723587,0.003047534730285406,0.017188094556331635,-0.23974107205867767,0.07671894133090973,-0.030258355662226677,-0.6979624381561124,0.08992291734197241,0.06091900419530124,0.6240835361706049,0.0846764068168193,-0.08109077220409923
301.0,6.0200000000000005,0.0,301.0,0.4288720488548279,0.17831198871135712,0.08737380057573318,0.9368777275085449,-0.3452981114387512,0.03259436786174774,0.04435218498110771,0.016056180000305176,0.003376326058059931,0.01689254865050316,-0.2976900339126587,0.08238832652568817,0.05212262272834778,0.42619559168815613,-0.24500852823257446,0.10533487796783447,0.9503893256187439,0.3054235875606537,0.028491796925663948,-0.05162352696061134,0.016056180000305176,0.003376326058059931,0.01689254865050316,-0.2976900339126587,0.08238832652568817,0.05212262272834778,-0.7034314168219226,0.09183232893704933,0.06088961659525442,0.6184012131147906,0.08579588459828993,-0.08110764923642266
302.0,6.04,0.0,302.0,0.4288775324821472,0.17989875376224518,0.08577945828437805,0.9356561899185181,-0.34839537739753723,0.033092040568590164,0.045531924813985825,0.010264863260090351,0.005483685061335564,0.010867833159863949,-0.34688514471054077,0.07603459060192108,0.13753771781921387,0.427152544260025,-0.2432984709739685,0.10654353350400925,0.9514274001121521,0.30220744013786316,0.02939082682132721,-0.05091990903019905,0.010264863260090351,0.005483685061335564,0.010867833159863949,-0.34688514471054077,0.07603459060192108,0.13753771781921387,-0.7099656544469031,0.09378920256413299,0.06246116518097899,0.6116585489514333,0.08681221890248514,-0.07951179836192361
303.0,6.0600000000000005,0.0,303.0,0.4284866154193878,0.18220892548561096,0.08401338011026382,0.9342438578605652,-0.3519265055656433,0.03317508101463318,0.04728099703788757,0.005468508694320917,0.010188693180680275,0.0006840359419584274,-0.3830769956111908,0.04770059511065483,0.1941981464624405,0.42830073833465576,-0.24082447588443756,0.10794505476951599,0.9526240825653076,0.29856300354003906,0.030285833403468132,-0.049500707536935806,0.005468508694320917,0.010188693180680275,0.0006840359419584274,-0.3830769956111908,0.04770059511065483,0.1941981464624405,-0.7173941763550944,0.09541080188224207,0.06533701432117865,0.6040796706484991,0.08737130227034837,-0.07659341240170635
304.0,6.08,0.0,304.0,0.4277687966823578,0.18502658605575562,0.08221227675676346,0.9326878190040588,-0.3557984530925751,0.032741330564022064,0.04928510636091232,0.0012868839548900723,0.015437979251146317,-0.011967344209551811,-0.413132905960083,0.0004928303533233702,0.2313264161348343,0.429475337266922,-0.2377941608428955,0.10959312319755554,0.9539365172386169,0.29459917545318604,0.030909230932593346,-0.04755252227187157,0.0012868839548900723,0.015437979251146317,-0.011967344209551811,-0.413132905960083,0.0004928303533233702,0.2313264161348343,-0.7255465092392337,0.09629474712229073,0.06901081963221417,0.5958900395514262,0.08709882376364815,-0.07285284147868593
305.0,6.1000000000000005,0.0,305.0,0.426824688911438,0.18805764615535736,0.08056248724460602,0.9309744238853455,-0.3600784242153168,0.031714633107185364,0.051229849457740784,6.109866603765113e-07,0.013854139484465122,-0.016056407243013382,-0.4583292007446289,-0.06544481217861176,0.23377971351146698,0.4305386245250702,-0.23448731005191803,0.11173901706933975,0.9553733468055725,0.29026052355766296,0.031002433970570564,-0.045273732393980026,6.109866603765113e-07,0.013854139484465122,-0.016056407243013382,-0.4583292007446289,-0.06544481217861176,0.23377971351146698,-0.734599889543052,0.09609234937235062,0.07294875692334601,0.5869643370672104,0.08562471931454127,-0.06881526064168875
306.0,6.12,0.0,306.0,0.4258417785167694,0.1909409910440445,0.0795077383518219,0.9291276931762695,-0.3647400140762329,0.03013474866747856,0.052709341049194336,0.0008648789371363819,0.013201704248785973,0.0020045549608767033,-0.4961281418800354,-0.13532719016075134,0.20243366062641144,0.43133053183555603,-0.23125959932804108,0.11481433361768723,0.9569083452224731,0.2855796813964844,0.030348053202033043,-0.04300858452916145,0.0008648789371363819,0.013201704248785973,0.0020045549608767033,-0.4961281418800354,-0.13532719016075134,0.20243366062641144,-0.744538597165007,0.09458946583255862,0.07638007547681244,0.5773481609968157,0.08273973184640056,-0.06524629825277511
307.0,6.140000000000001,0.0,307.0,0.42491644620895386,0.19361230731010437,0.07961859554052353,0.9272452592849731,-0.36953747272491455,0.028105616569519043,0.05355634540319443,0.001521134632639587,0.0238108579069376,0.046430330723524094,-0.49560290575027466,-0.20026211440563202,0.15581582486629486,0.43176716566085815,-0.22819122672080994,0.1191769540309906,0.9584544897079468,0.2808021008968353,0.02894161455333233,-0.04095924645662308,0.001521134632639587,0.0238108579069376,0.046430330723524094,-0.49560290575027466,-0.20026211440563202,0.15581582486629486,-0.7548514090709187,0.0918327801467586,0.07896198674139966,0.5675398492783382,0.0785621067836222,-0.06249471445565471
308.0,6.16,0.0,308.0,0.4242050349712372,0.19588273763656616,0.0814102292060852,0.9255707859992981,-0.3738833963871002,0.026074683293700218,0.05338665097951889,-0.008221334777772427,0.05730012431740761,0.11684481799602509,-0.4183363616466522,-0.2091456949710846,0.018122805282473564,0.43155768513679504,-0.22553226351737976,0.12483096867799759,0.9598129391670227,0.2765067219734192,0.026938145980238914,-0.039720162749290466,-0.008221334777772427,0.05730012431740761,0.11684481799602509,-0.4183363616466522,-0.2091456949710846,0.018122805282473564,-0.7642880297423823,0.08830339914461585,0.07972317217140235,0.5587067921874828,0.07374375133976688,-0.06155674688800128
309.0,6.18,0.0,309.0,0.4242033362388611,0.196964830160141,0.08420047909021378,0.9237427115440369,-0.3787846863269806,0.023437459021806717,0.05169107764959335,0.03671881556510925,0.012087805196642876,0.08208166807889938,-0.5510944128036499,-0.3925875127315521,-0.08224927634000778,0.4309542179107666,-0.22398792207241058,0.13198347389698029,0.9612860679626465,0.27172428369522095,0.023478437215089798,-0.039291635155677795,0.03671881556510925,0.012087805196642876,0.08208166807889938,-0.5510944128036499,-0.3925875127315521,-0.08224927634000778,-0.7750607632503953,0.08255370130223437,0.0780880373481344,0.5488647661993118,0.06654106125206835,-0.06296251447051956
310.0,6.2,0.0,310.0,0.4242979884147644,0.19750875234603882,0.08581097424030304,0.9218841195106506,-0.38368603587150574,0.021160157397389412,0.04966720938682556,-0.003605908714234829,0.023818129673600197,0.02998749352991581,-0.4786588251590729,-0.23006413877010345,-0.06641455739736557,0.43007123470306396,-0.22293812036514282,0.1379752904176712,0.9627118110656738,0.2668974995613098,0.02009809948503971,-0.039340294897556305,-0.003605908714234829,0.023818129673600197,0.02998749352991581,-0.4786588251590729,-0.23006413877010345,-0.06641455739736557,-0.7858604040440728,0.07720433750118315,0.0756342915483042,0.5389379661746813,0.05973252858572357,-0.06518078351200059
311.0,6.22,0.0,311.0,0.42411941289901733,0.19801025092601776,0.08563677221536636,0.9201881885528564,-0.3879936933517456,0.019899288192391396,0.048153217881917953,-0.005416778847575188,0.011182988993823528,-0.013460955582559109,-0.4469764232635498,-0.18212571740150452,-0.08223813027143478,0.4290657341480255,-0.22194768488407135,0.1416802704334259,0.9639346599578857,0.2625645101070404,0.017870882526040077,-0.03962847962975502,-0.005416778847575188,0.011182988993823528,-0.013460955582559109,-0.4469764232635498,-0.18212571740150452,-0.08223813027143478,-0.7953307372622164,0.07405613313570175,0.0734455781580068,0.5300149704613341,0.05529096166065851,-0.06716707166437874
312.0,6.24,0.0,312.0,0.42403313517570496,0.198074072599411,0.08458184450864792,0.9187291860580444,-0.3916390836238861,0.01938236504793167,0.046691618859767914,-0.019385140389204025,0.01307176798582077,-0.029684804379940033,-0.358932226896286,-0.07881563156843185,-0.09775868058204651,0.42800161242485046,-0.2214398980140686,0.14393067359924316,0.9649382829666138,0.2588440179824829,0.01630582846701145,-0.04035140573978424,-0.019385140389204025,0.01307176798582077,-0.029684804379940033,-0.358932226896286,-0.07881563156843185,-0.09775868058204651,-0.8033526972915581,0.07224963580364883,0.07085607794006953,0.5223351427952587,0.05238161522812885,-0.06958338617236742
313.0,6.26,0.0,313.0,0.42383041977882385,0.19824309647083282,0.08295821398496628,0.917577862739563,-0.394426167011261,0.019540799781680107,0.0457921102643013,-0.024045554921030998,0.015257156454026699,-0.035680048167705536,-0.28093937039375305,-0.006243281532078981,-0.06743466854095459,0.427106112241745,-0.22090840339660645,0.1448557823896408,0.9656929969787598,0.25593826174736023,0.015677817165851593,-0.041072532534599304,-0.024045554921030998,0.015257156454026699,-0.035680048167705536,-0.28093937039375305,-0.006243281532078981,-0.06743466854095459,-0.8094703405754099,0.07204594215868061,0.06885372441301403,0.5163137827071971,0.05132650914301832,-0.07145661697214878
314.0,6.28,0.0,314.0,0.4235847592353821,0.19864600896835327,0.08112426102161407,0.9166612029075623,-0.3965659439563751,0.020006263628602028,0.045470137149095535,-0.017865188419818878,0.017016254365444183,-0.0341927744448185,-0.21577352285385132,0.030931081622838974,-0.019238974899053574,0.42655664682388306,-0.22021208703517914,0.1449919044971466,0.9662725925445557,0.2536628246307373,0.015692338347434998,-0.04154740646481514,-0.017865188419818878,0.017016254365444183,-0.0341927744448185,-0.21577352285385132,0.030931081622838974,-0.019238974899053574,-0.8141467550422627,0.07280604403650619,0.06772484804240538,0.5115829605115919,0.05142688380900516,-0.07249033983563309
315.0,6.3,0.0,315.0,0.4234157204627991,0.19926652312278748,0.0794345885515213,0.9159647226333618,-0.3981302082538605,0.020576264709234238,0.04558168724179268,-0.007350241299718618,0.017529800534248352,-0.02190973609685898,-0.15997931361198425,0.050266511738300323,-0.0013073410373181105,0.4264024794101715,-0.21936796605587006,0.14475128054618835,0.9667003154754639,0.2519669234752655,0.01609712652862072,-0.041762545704841614,-0.007350241299718618,0.017529800534248352,-0.02190973609685898,-0.15997931361198425,0.050266511738300323,-0.0013073410373181105,-0.8175468116211975,0.0740568248980508,0.06735375038028568,0.5080458893797567,0.05219144309260587,-0.07279515097112317
316.0,6.32,0.0,316.0,0.4232875406742096,0.20010186731815338,0.07801990211009979,0.9154390692710876,-0.3992418646812439,0.02117735520005226,0.04613976553082466,-0.0025725881569087505,0.01718142256140709,-0.011829888448119164,-0.1092798188328743,0.07630037516355515,0.05484122410416603,0.4266376197338104,-0.21836689114570618,0.14437280595302582,0.9670141935348511,0.25072893500328064,0.016834164038300514,-0.04165903851389885,-0.0025725881569087505,0.01718142256140709,-0.011829888448119164,-0.1092798188328743,0.07630037516355515,0.05484122410416603,-0.819935702353882,0.07568724251026841,0.06781246009032689,0.5054557414530183,0.053473467197319234,-0.07229431891717848
317.0,6.34,0.0,317.0,0.4230309724807739,0.20118597149848938,0.07659324258565903,0.9150258898735046,-0.40002334117889404,0.021790439262986183,0.04726501181721687,-0.0035457948688417673,0.012508437037467957,-0.011632252484560013,-0.06973641365766525,0.10474510490894318,0.08173888921737671,0.42719948291778564,-0.2171584963798523,0.1436792016029358,0.9672524333000183,0.2498181313276291,0.017953848466277122,-0.04112650081515312,-0.0035457948688417673,0.012508437037467957,-0.011632252484560013,-0.06973641365766525,0.10474510490894318,0.08173888921737671,-0.8215712478683469,0.07777023053828155,0.0693289697866225,0.5035471546360566,0.05530828672283581,-0.07075614373255301
318.0,6.36,0.0,318.0,0.42275866866111755,0.20227912068367004,0.07525775581598282,0.9147962927818298,-0.4003521800041199,0.02248690463602543,0.048582371324300766,-0.0019793391693383455,0.012563166208565235,-0.008204021491110325,-0.020668553188443184,0.11572061479091644,0.09797060489654541,0.42787274718284607,-0.2160032093524933,0.14266513288021088,0.9673686623573303,0.24936948716640472,0.019289422780275345,-0.040507927536964417,-0.0019793391693383455,0.012563166208565235,-0.008204021491110325,-0.020668553188443184,0.11572061479091644,0.09797060489654541,-0.8222032022756847,0.08012770300598691,0.0711687974100405,0.5025926508402765,0.05755460440508985,-0.06892037350844726
319.0,6.38,0.0,319.0,0.42251941561698914,0.20335263013839722,0.07417571544647217,0.9147758483886719,-0.40018805861473083,0.023241296410560608,0.04994293674826622,-0.0020793932490050793,0.01701313816010952,-0.0012890221551060677,0.033526282757520676,0.12707121670246124,0.08508968353271484,0.42858731746673584,-0.2149374932050705,0.1414554864168167,0.9673475623130798,0.24943219125270844,0.02073199860751629,-0.03990607708692551,-0.0020793932490050793,0.01701313816010952,-0.0012890221551060677,0.033526282757520676,0.12707121670246124,0.08508968353271484,-0.8217514306922009,0.08258815867703309,0.07308535495775124,0.502695228837058,0.060053905635963384,-0.06703458064359115
320.0,6.4,0.0,320.0,0.42239511013031006,0.20402024686336517,0.0730494037270546,0.9147071242332458,-0.40016093850135803,0.023832375183701515,0.051127608865499496,0.00701980059966445,-0.010627386160194874,-0.01954943872988224,-0.010684003122150898,0.08474036306142807,0.07973511517047882,0.42931076884269714,-0.21425822377204895,0.14031988382339478,0.9673607349395752,0.24936918914318085,0.021928278729319572,-0.039337776601314545,0.00701980059966445,-0.010627386160194874,-0.01954943872988224,-0.010684003122150898,0.08474036306142807,0.07973511517047882,-0.8216099021157518,0.0846187849179308,0.07479711230978617,0.5025509372252321,0.06208424050388751,-0.06534345257367469
321.0,6.42,0.0,321.0,0.4223892092704773,0.2043525129556656,0.07201584428548813,0.9147457480430603,-0.39992931485176086,0.02431509643793106,0.05201704055070877,0.00687568262219429,-0.0038499529473483562,-0.0218245480209589,0.046962738037109375,0.07458089292049408,0.048067815601825714,0.42992621660232544,-0.21394716203212738,0.13908736407756805,0.967310905456543,0.249540314078331,0.022871948778629303,-0.03894158452749252,0.00687568262219429,-0.0038499529473483562,-0.0218245480209589,0.046962738037109375,0.07458089292049408,0.048067815601825714,-0.8210395709894228,0.08619722122860593,0.07607158123351704,0.5028936582498418,0.06372666497360208,-0.06409616704338127
322.0,6.44,0.0,322.0,0.42241859436035156,0.2046663761138916,0.07137874513864517,0.9149861931800842,-0.3992604613304138,0.02460475265979767,0.052782636135816574,0.010634385049343109,-0.0012739960802718997,-0.018839837983250618,0.08683537691831589,0.045957714319229126,0.06319541484117508,0.43050068616867065,-0.21371965110301971,0.13784553110599518,0.9671406745910645,0.25019243359565735,0.023618904873728752,-0.038537394255399704,0.010634385049343109,-0.0012739960802718997,-0.018839837983250618,0.08683537691831589,0.045957714319229126,0.06319541484117508,-0.8195230161888569,0.08728484267869571,0.07731438990584313,0.5042406400133111,0.06501490784532965,-0.06289786240113272
323.0,6.46,0.0,323.0,0.4224170446395874,0.2050756812095642,0.0712757408618927,0.9153714179992676,-0.3982809782028198,0.024493524804711342,0.053552258759737015,0.013853735290467739,-0.0011197210988029838,-0.01426631212234497,0.12217102944850922,0.010672028176486492,0.06907954812049866,0.4311213493347168,-0.2134404331445694,0.13683882355690002,0.9668922424316406,0.25120559334754944,0.024075929075479507,-0.03789300471544266,0.013853735290467739,-0.0011197210988029838,-0.01426631212234497,0.12217102944850922,0.010672028176486492,0.06907954812049866,-0.8173328877760173,0.08761104291717188,0.07891400857109267,0.5063599804375927,0.06564263377738787,-0.06135139506808063
324.0,6.48,0.0,324.0,0.4224289357662201,0.2054285705089569,0.07172169536352158,0.915891170501709,-0.3970276117324829,0.023985275998711586,0.054194699972867966,0.018164129927754402,-0.002937488490715623,-0.010996079072356224,0.1556110978126526,-0.030492905527353287,0.07118860632181168,0.43172597885131836,-0.21325594186782837,0.1361178755760193,0.9665713906288147,0.2525445222854614,0.02416287362575531,-0.037112634629011154,0.018164129927754402,-0.002937488490715623,-0.010996079072356224,0.1556110978126526,-0.030492905527353287,0.07118860632181168,-0.8145613911459434,0.08707940617361128,0.08061970916454045,0.5091742256044023,0.06550228813117404,-0.05970302753386537
325.0,6.5,0.0,325.0,0.4225385785102844,0.20550404489040375,0.07270754128694534,0.9165776968002319,-0.39544689655303955,0.023206040263175964,0.054483842104673386,0.019937625154852867,-0.0038344459608197212,-0.007380243856459856,0.19492220878601074,-0.06480249762535095,0.03119526244699955,0.43218615651130676,-0.21339631080627441,0.13563157618045807,0.9661540389060974,0.2542620003223419,0.023842569440603256,-0.03645360842347145,0.019937625154852867,-0.0038344459608197212,-0.007380243856459856,0.19492220878601074,-0.06480249762535095,0.03119526244699955,-0.8111071851885877,0.0857362145188229,0.08191597214813656,0.5127772397530456,0.06465375007470646,-0.058470480954351804
326.0,6.5200000000000005,0.0,326.0,0.4228256940841675,0.20507504045963287,0.07418325543403625,0.9174326658248901,-0.39354971051216125,0.022303009405732155,0.0542084164917469,0.02031286433339119,-0.006294945254921913,-0.003454777179285884,0.22702735662460327,-0.09301062673330307,-0.018697109073400497,0.43237894773483276,-0.2140880972146988,0.1353471577167511,0.9656333923339844,0.2563401162624359,0.023099089041352272,-0.0361725352704525,0.02031286433339119,-0.006294945254921913,-0.003454777179285884,0.22702735662460327,-0.09301062673330307,-0.018697109073400497,-0.8070070422429187,0.08368808143481582,0.08229097673989517,0.5171178690960512,0.0631974986614253,-0.058165203725492595
327.0,6.54,0.0,327.0,0.4232591688632965,0.20414228737354279,0.07606392353773117,0.9184198975563049,-0.391404926776886,0.02132551185786724,0.05340704694390297,0.01957603543996811,-0.009248402900993824,-5.723469803342596e-05,0.25265616178512573,-0.11700764298439026,-0.06123482808470726,0.4322989583015442,-0.2153170257806778,0.13524316251277924,0.9650263786315918,0.2586992383003235,0.021990196779370308,-0.03626692295074463,0.01957603543996811,-0.009248402900993824,-5.723469803342596e-05,0.25265616178512573,-0.11700764298439026,-0.06123482808470726,-0.8024080503779383,0.08106787739420913,0.08176568163593698,0.5220325672745924,0.06124496716535771,-0.0587633012818431
328.0,6.5600000000000005,0.0,328.0,0.4237928092479706,0.20276682078838348,0.07828190177679062,0.9195144176483154,-0.3890523910522461,0.02028060145676136,0.052155524492263794,0.01792455092072487,-0.011946716345846653,0.002449831459671259,0.2751331627368927,-0.13723024725914001,-0.09924573451280594,0.43196356296539307,-0.21701128780841827,0.1352870762348175,0.9643434882164001,0.26129215955734253,0.020565416663885117,-0.036679983139038086,0.01792455092072487,-0.011946716345846653,0.002449831459671259,0.2751331627368927,-0.13723024725914001,-0.09924573451280594,-0.7973914697256743,0.07795801200524533,0.0804660100281616,0.5274294197628476,0.05886660915897698,-0.06013736745800429
329.0,6.58,0.0,329.0,0.4243834614753723,0.20100532472133636,0.08075602352619171,0.9206944108009338,-0.3865222930908203,0.019190246239304543,0.050537630915641785,0.01524707768112421,-0.015439861454069614,0.00397539185360074,0.2926693558692932,-0.15099723637104034,-0.12803304195404053,0.43139615654945374,-0.21910440921783447,0.13542458415031433,0.9635918140411377,0.2640799880027771,0.018891198560595512,-0.03735818341374397,0.01524707768112421,-0.015439861454069614,0.00397539185360074,0.2926693558692932,-0.15099723637104034,-0.12803304195404053,-0.792016457229128,0.07447336961367532,0.07852261042735795,0.5332337436970859,0.0561674374656068,-0.06215647975986463
330.0,6.6000000000000005,0.0,330.0,0.4249721169471741,0.1989375501871109,0.08338215947151184,0.9219355583190918,-0.3838460147380829,0.018081575632095337,0.04868520423769951,0.011433673091232777,-0.019833624362945557,0.004463777411729097,0.307716429233551,-0.15636767446994781,-0.14357250928878784,0.43064188957214355,-0.22150662541389465,0.1355796456336975,0.9627814292907715,0.2670217454433441,0.0170682892203331,-0.038213152438402176,0.011433673091232777,-0.019833624362945557,0.004463777411729097,0.307716429233551,-0.15636767446994781,-0.14357250928878784,-0.7863418639653407,0.07077439937645029,0.07615219229513402,0.5393657377320681,0.053298766246058706,-0.06460320509020534
331.0,6.62,0.0,331.0,0.42549946904182434,0.19665402173995972,0.08606874942779541,0.9232288002967834,-0.38101741671562195,0.016988396644592285,0.04674737527966499,0.006536760833114386,-0.024563947692513466,0.004801675211638212,0.3250652849674225,-0.152446910738945,-0.1472998857498169,0.4297565519809723,-0.22412265837192535,0.13565593957901,0.9619118571281433,0.27011364698410034,0.015215693973004818,-0.03914828598499298,0.006536760833114386,-0.024563947692513466,0.004801675211638212,0.3250652849674225,-0.152446910738945,-0.1472998857498169,-0.7803453452724572,0.06704171799268094,0.07360295933491426,0.5458210890097772,0.05044267896752189,-0.06723055920641802
332.0,6.640000000000001,0.0,332.0,0.42591315507888794,0.19425173103809357,0.08876863121986389,0.9245862364768982,-0.3779846429824829,0.015949301421642303,0.04487348720431328,0.0006126443040557206,-0.02808968536555767,0.006914502941071987,0.3511720299720764,-0.13851362466812134,-0.1390940397977829,0.4288002550601959,-0.22685660421848297,0.13556008040905,0.9609708189964294,0.2734014689922333,0.013459268026053905,-0.0400712713599205,0.0006126443040557206,-0.02808968536555767,0.006914502941071987,0.3511720299720764,-0.13851362466812134,-0.1390940397977829,-0.7739060938642458,0.06345856289782752,0.07112461919550105,0.5526945536155828,0.04779720729353072,-0.06979135314067361
333.0,6.66,0.0,333.0,0.4261609613895416,0.19185137748718262,0.0914771556854248,0.9260320663452148,-0.3746602237224579,0.015011555515229702,0.0432322695851326,-0.005970952101051807,-0.030572272837162018,0.012365750037133694,0.38631340861320496,-0.11370208859443665,-0.11902370303869247,0.42784565687179565,-0.2295919805765152,0.13521122932434082,0.9599356651306152,0.27696511149406433,0.011946531943976879,-0.0408807173371315,-0.005970952101051807,-0.030572272837162018,0.012365750037133694,0.38631340861320496,-0.11370208859443665,-0.11902370303869247,-0.7668287462497392,0.06023359981394454,0.06900023848407963,0.5601494018252476,0.04559666219911158,-0.07200514332573733
334.0,6.68,0.0,334.0,0.42620089650154114,0.18950603902339935,0.09414291381835938,0.9275628924369812,-0.37102416157722473,0.014324351213872433,0.04198794811964035,-0.014903261326253414,-0.037535298615694046,0.02366861142218113,0.4125128984451294,-0.0667388066649437,-0.09245920181274414,0.42694807052612305,-0.23227228224277496,0.1345471739768982,0.9588028192520142,0.2808077931404114,0.010897156782448292,-0.04153977334499359,-0.014903261326253414,-0.037535298615694046,0.02366861142218113,0.4125128984451294,-0.0667388066649437,-0.09245920181274414,-0.7590622423553532,0.05776267422903776,0.06742701253260314,0.5681809385599889,0.044240255972665024,-0.07367553513788297
335.0,6.7,0.0,335.0,0.4260721802711487,0.18691568076610565,0.09652992337942123,0.9290181994438171,-0.36746448278427124,0.014195830561220646,0.041151661425828934,-0.02855062484741211,-0.061123546212911606,0.04996263235807419,0.38964980840682983,0.020000934600830078,-0.07969266176223755,0.42608699202537537,-0.23516078293323517,0.13369807600975037,0.9576867818832397,0.2845044732093811,0.010532001964747906,-0.042218782007694244,-0.02855062484741211,-0.061123546212911606,0.04996263235807419,0.38964980840682983,0.020000934600830078,-0.07969266176223755,-0.7514366351594057,0.05665021704641728,0.06618275866965989,0.5758824121850882,0.04420997783151754,-0.07501549226110577
336.0,6.72,0.0,336.0,0.42604729533195496,0.1847168207168579,0.0989481657743454,0.930712103843689,-0.3632204234600067,0.013971934095025063,0.04062630608677864,-0.008951164782047272,-0.03219745308160782,0.029560744762420654,0.4882177710533142,-0.0002518849214538932,-0.021756622940301895,0.42559200525283813,-0.2376812845468521,0.13225936889648438,0.9563571810722351,0.288891464471817,0.010332309640944004,-0.04261208325624466,-0.008951164782047272,-0.03219745308160782,0.029560744762420654,0.4882177710533142,-0.0002518849214538932,-0.021756622940301895,-0.7423410801435931,0.05554887846693887,0.06562124858158144,0.5850373689617078,0.04439788107868938,-0.07568165419829306
337.0,6.74,0.0,337.0,0.42595186829566956,0.18300960958003998,0.10073185712099075,0.9323764443397522,-0.3589109182357788,0.014030074700713158,0.04074649140238762,-0.006717090494930744,-0.0368739478290081,0.006042759865522385,0.4542025327682495,0.03629949688911438,0.0018278915667906404,0.4254809617996216,-0.23967792093753815,0.13014347851276398,0.9550098180770874,0.2932913303375244,0.010756867937743664,-0.04267139360308647,-0.006717090494930744,-0.0368739478290081,0.006042759865522385,0.4542025327682495,0.03629949688911438,0.0018278915667906404,-0.7330844547959291,0.05543973881282329,0.06606050172723826,0.5942118538307009,0.04559191642421335,-0.07534287694066745
338.0,6.76,0.0,338.0,0.4259008765220642,0.18151313066482544,0.10180234163999557,0.9338739514350891,-0.3549291491508484,0.014289766550064087,0.04123809561133385,-0.0014644645852968097,-0.04768518730998039,0.001265621860511601,0.40413177013397217,0.06849535554647446,0.04702834412455559,0.4256708323955536,-0.24140910804271698,0.1276235580444336,0.9537602066993713,0.2973175048828125,0.011545375920832157,-0.042552437633275986,-0.0014644645852968097,-0.04768518730998039,0.001265621860511601,0.40413177013397217,0.06849535554647446,0.04702834412455559,-0.7245228993992368,0.05599213628403521,0.0670338200594021,0.602606275522323,0.04734388269180004,-0.07445646927772663
339.0,6.78,0.0,339.0,0.4259060323238373,0.18047814071178436,0.10228586196899414,0.9353834390640259,-0.35081443190574646,0.014628755860030651,0.042106710374355316,0.003305386984720826,-0.03690309822559357,-0.029038749635219574,0.40833786129951477,0.09235694259405136,0.06697200983762741,0.4261951148509979,-0.24265390634536743,0.1244039461016655,0.9524645805358887,0.30144941806793213,0.012638261541724205,-0.04218786582350731,0.003305386984720826,-0.03690309822559357,-0.029038749635219574,0.40833786129951477,0.09235694259405136,0.06697200983762741,-0.7156704432165203,0.05694104472294587,0.06867306267501157,0.6112324147966808,0.04953025383527595,-0.07289917062911393
340.0,6.8,0.0,340.0,0.42593374848365784,0.17952214181423187,0.10189100354909897,0.9366574287414551,-0.34722134470939636,0.015483931638300419,0.04325049743056297,-0.0021741720847785473,-0.05198563635349274,-0.01759515516459942,0.31621235609054565,0.16065169870853424,0.07064996659755707,0.4268392324447632,-0.24376453459262848,0.12080079317092896,0.9513258337974548,0.3049907088279724,0.014268433675169945,-0.04190964996814728,-0.0021741720847785473,-0.05198563635349274,-0.01759515516459942,0.31621235609054565,0.16065169870853424,0.07064996659755707,-0.7079131403565864,0.0590756171928246,0.0704501429106451,0.6186074220549699,0.052736398304947286,-0.07119499719412989
341.0,6.82,0.0,341.0,0.4259589612483978,0.17879986763000488,0.10111787915229797,0.9377195835113525,-0.3440970182418823,0.01698075421154499,0.044615764170885086,-0.010659479536116123,-0.03504370152950287,0.0076400889083743095,0.27619001269340515,0.22962190210819244,0.06623125076293945,0.4274972975254059,-0.24459920823574066,0.11726966500282288,0.9503262639045715,0.30798864364624023,0.01650494523346424,-0.04183884710073471,-0.010659479536116123,-0.03504370152950287,0.0076400889083743095,0.27619001269340515,0.22962190210819244,0.06623125076293945,-0.7011295628971379,0.06259155508455366,0.07219205567516214,0.6248234961764414,0.057173092740525976,-0.06952394592604795
342.0,6.84,0.0,342.0,0.42602473497390747,0.17842601239681244,0.10019364207983017,0.938500165939331,-0.3416823744773865,0.01878811977803707,0.04601474851369858,-0.004390631802380085,-0.030904248356819153,0.011914706788957119,0.17098543047904968,0.21623414754867554,0.06739307940006256,0.4281517267227173,-0.24504557251930237,0.11424031108617783,0.9495463371276855,0.3102347254753113,0.01895548589527607,-0.0419134795665741,-0.004390631802380085,-0.030904248356819153,0.011914706788957119,0.17098543047904968,0.21623414754867554,0.06739307940006256,-0.6958486294408041,0.06675975916179422,0.07376160865301526,0.6294599864021164,0.06204406382817598,-0.06801950491379972
343.0,6.86,0.0,343.0,0.42623594403266907,0.1781134456396103,0.09893479943275452,0.9388367533683777,-0.3405074179172516,0.02038753032684326,0.047166939824819565,0.003741736290976405,-0.02937168814241886,-0.004708858672529459,0.06640241295099258,0.17876222729682922,0.0345463864505291,0.42883673310279846,-0.24538737535476685,0.11198483407497406,0.9491662979125977,0.31125006079673767,0.02100306935608387,-0.042021676898002625,0.003741736290976405,-0.02937168814241886,-0.004708858672529459,0.06640241295099258,0.17876222729682922,0.0345463864505291,-0.6932288233838143,0.07046079128502167,0.07493577260619606,0.6315286202676936,0.06607737038580076,-0.066892438154689
344.0,6.88,0.0,344.0,0.42659640312194824,0.17778129875659943,0.09727434068918228,0.9388253688812256,-0.3403373062610626,0.021795110777020454,0.047985125333070755,0.00998583436012268,-0.028534816578030586,-0.020722104236483574,-0.023655520752072334,0.14908576011657715,0.0257919579744339,0.4294811487197876,-0.24572069942951202,0.11022566258907318,0.9491102695465088,0.31127679347991943,0.022623101249337196,-0.04224862530827522,0.00998583436012268,-0.028534816578030586,-0.020722104236483574,-0.023655520752072334,0.14908576011657715,0.0257919579744339,-0.6927742151856408,0.07365242313337063,0.07554034221749946,0.6315262913158065,0.06930110621237609,-0.06632078033718092
345.0,6.9,0.0,345.0,0.42703932523727417,0.17751730978488922,0.09533186256885529,0.9385493397712708,-0.34092122316360474,0.023086458444595337,0.04862898960709572,0.012930784374475479,-0.028248444199562073,-0.024149596691131592,-0.09335701912641525,0.13718706369400024,0.015189009718596935,0.43012315034866333,-0.24596531689167023,0.10885931551456451,0.9492999315261841,0.3105575442314148,0.02399097941815853,-0.04252171888947487,0.012930784374475479,-0.028248444199562073,-0.024149596691131592,-0.09335701912641525,0.13718706369400024,0.015189009718596935,-0.6939405389682122,0.07656766947302093,0.07583473059360304,0.629958835613511,0.07202240050058722,-0.06604969223981771
346.0,6.92,0.0,346.0,0.42758095264434814,0.17715300619602203,0.09333523362874985,0.9380882978439331,-0.3420363962650299,0.02446071058511734,0.049023766070604324,0.01318245381116867,-0.02720320038497448,-0.012467815540730953,-0.1401095986366272,0.13796286284923553,-0.021987266838550568,0.4306613802909851,-0.24629443883895874,0.10792256891727448,0.9496549367904663,0.30930182337760925,0.025232674553990364,-0.04302804917097092,0.01318245381116867,-0.02720320038497448,-0.012467815540730953,-0.1401095986366272,0.13796286284923553,-0.021987266838550568,-0.6962545947865972,0.0795121761506542,0.07555466639872382,0.6272510911407693,0.07461116510853642,-0.06634767819992543
347.0,6.94,0.0,347.0,0.4283331036567688,0.17659848928451538,0.09167502820491791,0.9376299381256104,-0.34320053458213806,0.025921586900949478,0.048901744186878204,0.01719057932496071,-0.009026560932397842,0.00027112371753901243,-0.12668922543525696,0.1205088198184967,-0.07516799122095108,0.43097546696662903,-0.24681207537651062,0.10737583041191101,0.9500057697296143,0.30800342559814453,0.026219747960567474,-0.043992944061756134,0.01719057932496071,-0.009026560932397842,0.00027112371753901243,-0.12668922543525696,0.1205088198184967,-0.07516799122095108,-0.6987101208467508,0.08226870599164753,0.07422986410499141,0.6244302785962215,0.07699383225354375,-0.06768761208103517
348.0,6.96,0.0,348.0,0.4292539060115814,0.17606130242347717,0.09040747582912445,0.9372025728225708,-0.34433233737945557,0.027287475764751434,0.04839114844799042,0.022073522210121155,0.003789107780903578,0.007592482957988977,-0.13570837676525116,0.09661703556776047,-0.09495866298675537,0.4311709702014923,-0.2473115175962448,0.10719399154186249,0.9503333568572998,0.30675628781318665,0.02689485065639019,-0.04520595446228981,0.022073522210121155,0.003789107780903578,0.007592482957988977,-0.13570837676525116,0.09661703556776047,-0.09495866298675537,-0.701132182032946,0.08457386866501009,0.0722334703215817,0.6217068157183874,0.07893452661049083,-0.06969437633507217
349.0,6.98,0.0,349.0,0.4301917850971222,0.17573562264442444,0.08930312097072601,0.9366657733917236,-0.3457721173763275,0.028480008244514465,0.04783150181174278,0.023961219936609268,0.00718690687790513,0.012581977061927319,-0.18064263463020325,0.08254321664571762,-0.08205322921276093,0.43140265345573425,-0.24758380651474,0.10744773596525192,0.9507618546485901,0.3052123188972473,0.027381928637623787,-0.046342603862285614,0.023961219936609268,0.00718690687790513,0.012581977061927319,-0.18064263463020325,0.08254321664571762,-0.08205322921276093,-0.7042258867762289,0.08653806041343508,0.07022937368030185,0.618366795976552,0.08044277801089644,-0.07170003221950516
350.0,7.0,0.0,350.0,0.43100059032440186,0.1758132427930832,0.08815402537584305,0.9359161257743835,-0.3477490544319153,0.02950223535299301,0.04755307361483574,0.023488329723477364,0.007181400433182716,0.016723262146115303,-0.23889940977096558,0.07915256172418594,-0.03497566282749176,0.4317995607852936,-0.24742457270622253,0.10813216120004654,0.9513751268386841,0.30312836170196533,0.02787132002413273,-0.047138649970293045,0.023488329723477364,0.007181400433182716,0.016723262146115303,-0.23889940977096558,0.07915256172418594,-0.03497566282749176,-0.7084576383744932,0.08841143588119861,0.06881548705055741,0.6139142285281338,0.08170112353819349,-0.0731046157352702
351.0,7.0200000000000005,0.0,351.0,0.4314846098423004,0.17664554715156555,0.08680824935436249,0.9349177479743958,-0.3502984941005707,0.030302567407488823,0.04797593504190445,0.018886486068367958,0.00698806531727314,0.016291802749037743,-0.29855310916900635,0.08383650332689285,0.057850029319524765,0.4325208067893982,-0.24647513031959534,0.10911989957094193,0.9521963596343994,0.3004576861858368,0.02857910469174385,-0.047230690717697144,0.018886486068367958,0.00698806531727314,0.016291802749037743,-0.29855310916900635,0.08383650332689285,0.057850029319524765,-0.7138732650632698,0.0903956559060385,0.06881223251675718,0.6082744845029368,0.08290239720669962,-0.07308798944013202
352.0,7.04,0.0,352.0,0.43152669072151184,0.17837727069854736,0.08519697934389114,0.9336752891540527,-0.3533802628517151,0.030795834958553314,0.04923908784985542,0.012957687489688396,0.010083824396133423,0.010386468842625618,-0.3444752097129822,0.07845581322908401,0.14384108781814575,0.43358299136161804,-0.24458332359790802,0.11029978096485138,0.9532144069671631,0.2972411811351776,0.029527442529797554,-0.04645749181509018,0.012957687489688396,0.010083824396133423,0.010386468842625618,-0.3444752097129822,0.07845581322908401,0.14384108781814575,-0.7203775727402247,0.09243845082440584,0.0705407604776612,0.6015503097107284,0.08400889096354244,-0.0713261363877772
353.0,7.0600000000000005,0.0,353.0,0.4311670660972595,0.18084478378295898,0.08339778333902359,0.9322382211685181,-0.35688668489456177,0.030889196321368217,0.05108506977558136,0.007843962870538235,0.013191434554755688,0.0001258834672626108,-0.386029988527298,0.05233573541045189,0.20465917885303497,0.43483683466911316,-0.241906076669693,0.11165113747119904,0.9543833136558533,0.2935999929904938,0.030491972342133522,-0.04496706277132034,0.007843962870538235,0.013191434554755688,0.0001258834672626108,-0.386029988527298,0.05233573541045189,0.20465917885303497,-0.7277612290924398,0.09419456836610479,0.0735913659048927,0.5939974603459186,0.08470796209923413,-0.06822407074540247
354.0,7.08,0.0,354.0,0.430489718914032,0.18379449844360352,0.08154182881116867,0.9306496381759644,-0.36074182391166687,0.03049442730844021,0.05316518247127533,0.003313350724056363,0.01793046109378338,-0.01254277303814888,-0.417003870010376,0.0075651309452950954,0.2329649031162262,0.43610048294067383,-0.2386908233165741,0.11323869973421097,0.9556652307510376,0.2896265387535095,0.031193997710943222,-0.042981117963790894,0.003313350724056363,0.01793046109378338,-0.01254277303814888,-0.417003870010376,0.0075651309452950954,0.2329649031162262,-0.7358931973639674,0.09526109054015366,0.07738279841109236,0.5858030934125457,0.08461993344291645,-0.0643564327152872
355.0,7.1000000000000005,0.0,355.0,0.4296034276485443,0.18690402805805206,0.07982925325632095,0.9288995265960693,-0.3650084137916565,0.029554888606071472,0.05514596030116081,0.0018148720264434814,0.016788415610790253,-0.015115676447749138,-0.4602295160293579,-0.05540647357702255,0.23430071771144867,0.43722355365753174,-0.2352476418018341,0.11532440036535263,0.9570674896240234,0.2852695882320404,0.03137873485684395,-0.04072531312704086,0.0018148720264434814,0.016788415610790253,-0.015115676447749138,-0.4602295160293579,-0.05540647357702255,0.23430071771144867,-0.7449422188733461,0.09530874722411113,0.08133290171681261,0.5768472199539751,0.08339514458402163,-0.06029690013820345
356.0,7.12,0.0,356.0,0.4286838173866272,0.18989045917987823,0.07876227051019669,0.9270234107971191,-0.3696313500404358,0.028065776452422142,0.05667886883020401,0.0037672806065529585,0.019364437088370323,0.0047621517442166805,-0.4879405200481415,-0.1264762282371521,0.20353704690933228,0.43809011578559875,-0.2318592369556427,0.11836915463209152,0.9585593938827515,0.2805943489074707,0.03083113767206669,-0.03847227990627289,0.0037672806065529585,0.019364437088370323,0.0047621517442166805,-0.4879405200481415,-0.1264762282371521,0.20353704690933228,-0.7548261166455144,0.09407454352226993,0.08481352152297109,0.5672476237066851,0.08078500532181467,-0.05666888913827665
357.0,7.140000000000001,0.0,357.0,0.42779284715652466,0.19274021685123444,0.07887189835309982,0.9251202940940857,-0.3743596374988556,0.026144452393054962,0.057652123272418976,0.0029239491559565067,0.031924013048410416,0.05032972991466522,-0.4832702577114105,-0.18347576260566711,0.16715575754642487,0.4386248290538788,-0.22855901718139648,0.12268553674221039,0.9600556492805481,0.2758505642414093,0.029591983184218407,-0.0363890677690506,0.0029239491559565067,0.031924013048410416,0.05032972991466522,-0.4832702577114105,-0.18347576260566711,0.16715575754642487,-0.7650159278086295,0.09166710693309027,0.08757455061437996,0.5575119419091377,0.07697175569888708,-0.05372997628342034
358.0,7.16,0.0,358.0,0.42707163095474243,0.19525642693042755,0.08061815798282623,0.9234222173690796,-0.3786468207836151,0.0242591705173254,0.05770239233970642,-0.007692776620388031,0.0632113665342331,0.12117701023817062,-0.4141845405101776,-0.18753230571746826,0.03412254899740219,0.43853768706321716,-0.22561055421829224,0.12825770676136017,0.9613747596740723,0.2715764045715332,0.027842508628964424,-0.035065874457359314,-0.007692776620388031,0.0632113665342331,0.12117701023817062,-0.4141845405101776,-0.18753230571746826,0.03412254899740219,-0.7743420151537062,0.08861649879686603,0.08865955883685549,0.5487210133243636,0.07264417464322026,-0.0524625217738053
359.0,7.18,0.0,359.0,0.4271194338798523,0.1964598298072815,0.08333434164524078,0.9215362071990967,-0.3835972249507904,0.021748656406998634,0.056135017424821854,0.03917667642235756,0.014505978673696518,0.08398330956697464,-0.5549342632293701,-0.377861350774765,-0.08189292252063751,0.4380459189414978,-0.223896786570549,0.13540086150169373,0.9628417491912842,0.2667108178138733,0.02455776557326317,-0.03461098298430443,0.03917667642235756,0.014505978673696518,0.08398330956697464,-0.5549342632293701,-0.377861350774765,-0.08189292252063751,-0.7852530254897322,0.08324694376561703,0.08718742672026061,0.5386887956668664,0.06580020965613163,-0.05369209136978989
360.0,7.2,0.0,360.0,0.42728137969970703,0.19706062972545624,0.08485765755176544,0.9196406006813049,-0.3885105550289154,0.019627925008535385,0.05418097972869873,-0.0009452780359424651,0.02653108909726143,0.030324429273605347,-0.47849738597869873,-0.2176186889410019,-0.059331346303224564,0.4372386634349823,-0.22275005280971527,0.1413363814353943,0.9642509818077087,0.26184067130088806,0.021342365071177483,-0.0346989743411541,-0.0009452780359424651,0.02653108909726143,0.030324429273605347,-0.47849738597869873,-0.2176186889410019,-0.059331346303224564,-0.7961116937223524,0.07828095438745039,0.08476346895133034,0.5286494425381786,0.05936486058231069,-0.055867863678747465
361.0,7.22,0.0,361.0,0.42712727189064026,0.1976996660232544,0.08461166173219681,0.9179480671882629,-0.3927336633205414,0.018531957641243935,0.052803292870521545,-0.0029139327816665173,0.012500235810875893,-0.012042902410030365,-0.45059412717819214,-0.17011380195617676,-0.07322654128074646,0.4363221228122711,-0.22159723937511444,0.14490725100040436,0.9654341340065002,0.2575642466545105,0.019334588199853897,-0.03498230129480362,-0.0029139327816665173,0.012500235810875893,-0.012042902410030365,-0.45059412717819214,-0.17011380195617676,-0.07322654128074646,-0.8054164434623795,0.0755699173338016,0.08271520556953188,0.5198286837976205,0.05538122865191285,-0.05770686531421209
362.0,7.24,0.0,362.0,0.4270939528942108,0.19787777960300446,0.08351487666368484,0.9164740443229675,-0.39635974168777466,0.01807146891951561,0.0514536127448082,-0.015627436339855194,0.01624803990125656,-0.030404450371861458,-0.35532063245773315,-0.07240823656320572,-0.09127482771873474,0.43538525700569153,-0.2209509313106537,0.14710554480552673,0.9664220213890076,0.25384578108787537,0.017884332686662674,-0.035651277750730515,-0.015627436339855194,0.01624803990125656,-0.030404450371861458,-0.35532063245773315,-0.07240823656320572,-0.09127482771873474,-0.8134110168404137,0.07397982630239379,0.08029183989457304,0.5121462064561789,0.05269185443022906,-0.059947681708514895
363.0,7.26,0.0,363.0,0.42694637179374695,0.19812189042568207,0.08180296421051025,0.9153088331222534,-0.39913761615753174,0.01828741654753685,0.050642065703868866,-0.021132757887244225,0.015314588323235512,-0.037828437983989716,-0.2852640748023987,0.0015308796428143978,-0.05978395417332649,0.43460357189178467,-0.2203247994184494,0.14793740212917328,0.9671661257743835,0.25093457102775574,0.017355967313051224,-0.03633815050125122,-0.021132757887244225,0.015314588323235512,-0.037828437983989716,-0.2852640748023987,0.0015308796428143978,-0.05978395417332649,-0.8195145091549871,0.07397100336566473,0.07840233467669228,0.5061121267183252,0.051832400905195426,-0.061701577524269746
364.0,7.28,0.0,364.0,0.42673859000205994,0.19855494797229767,0.07980798929929733,0.9143743515014648,-0.4012787342071533,0.018850503489375114,0.0503942035138607,-0.0170486681163311,0.01707225851714611,-0.03801063820719719,-0.21709702908992767,0.0438852496445179,-0.02162126451730728,0.43413403630256653,-0.21957960724830627,0.1479167491197586,0.967738151550293,0.2486402690410614,0.01749291829764843,-0.036813803017139435,-0.0170486681163311,0.01707225851714611,-0.03801063820719719,-0.21709702908992767,0.0438852496445179,-0.02162126451730728,-0.824194210545861,0.07498733575026548,0.07732383375485186,0.5013428098574393,0.05218758319370171,-0.06267964636540334
365.0,7.3,0.0,365.0,0.42662084102630615,0.1991395801305771,0.07792428135871887,0.9136955738067627,-0.4027731716632843,0.019584836438298225,0.050505999475717545,-0.007470182608813047,0.02070571295917034,-0.026962963864207268,-0.14928874373435974,0.06463012844324112,-0.010740005411207676,0.43399742245674133,-0.21876659989356995,0.1474227011203766,0.9681364893913269,0.24699825048446655,0.01803155429661274,-0.03713146597146988,-0.007470182608813047,0.02070571295917034,-0.026962963864207268,-0.14928874373435974,0.06463012844324112,-0.010740005411207676,-0.827440415766502,0.07654879788470703,0.07681796669564292,0.4979148508527071,0.053282018135365594,-0.06312053573094806
366.0,7.32,0.0,366.0,0.42656925320625305,0.19989298284053802,0.07633893191814423,0.9132210612297058,-0.40374863147735596,0.020373519510030746,0.0509842187166214,-0.0030334622133523226,0.020440947264432907,-0.016413867473602295,-0.0971309021115303,0.09080004692077637,0.035655099898576736,0.4342036843299866,-0.2178550362586975,0.1467542201280594,0.9684005975723267,0.24588526785373688,0.018875718116760254,-0.03721002861857414,-0.0030334622133523226,0.020440947264432907,-0.016413867473602295,-0.0971309021115303,0.09080004692077637,0.035655099898576736,-0.8295316658240138,0.07846113902480516,0.07698075952874615,0.49558021373154426,0.054884851486152214,-0.06292209291900945
367.0,7.34,0.0,367.0,0.4264107048511505,0.20083406567573547,0.07476144284009933,0.9128546714782715,-0.40440914034843445,0.021184591576457024,0.051969561725854874,-0.0035149715840816498,0.015274039469659328,-0.015261071734130383,-0.05836458504199982,0.11622767150402069,0.05903780832886696,0.43470752239227295,-0.21679507195949554,0.14580421149730682,0.9685908555984497,0.24508418142795563,0.020072827115654945,-0.036912702023983,-0.0035149715840816498,0.015274039469659328,-0.015261071734130383,-0.05836458504199982,0.11622767150402069,0.05903780832886696,-0.8309038640713091,0.08079872236383782,0.07808061538534117,0.4938971306486846,0.057009029305008875,-0.06180723950985857
368.0,7.36,0.0,368.0,0.4262418746948242,0.201776385307312,0.07331497967243195,0.9126744866371155,-0.40461820363998413,0.02205665037035942,0.053129732608795166,-0.0019197312649339437,0.015187188982963562,-0.010770062915980816,-0.009291444905102253,0.1256633996963501,0.07557142525911331,0.4353192448616028,-0.21579976379871368,0.14457349479198456,0.968660831451416,0.244747593998909,0.02145749144256115,-0.03652910888195038,-0.0019197312649339437,0.015187188982963562,-0.010770062915980816,-0.009291444905102253,0.1256633996963501,0.07557142525911331,-0.8312742062172767,0.08335209080812045,0.07949063870939478,0.4931745846378368,0.05948596299548262,-0.06040881410907006
369.0,7.38,0.0,369.0,0.4260860085487366,0.20273767411708832,0.07215479016304016,0.9127058386802673,-0.4043331444263458,0.022957077249884605,0.054367657750844955,-0.0020505122374743223,0.019634947180747986,-0.002665604231879115,0.04495048150420189,0.13602203130722046,0.06979892402887344,0.4359862804412842,-0.21486002206802368,0.14317718148231506,0.9685969948768616,0.2449265867471695,0.0229472815990448,-0.03611717373132706,-0.0020505122374743223,0.019634947180747986,-0.002665604231879115,0.04495048150420189,0.13602203130722046,0.06979892402887344,-0.8305541618769148,0.08597728575032756,0.0810666106698506,0.4935194608404987,0.062185506972995616,-0.05887289408182089
370.0,7.4,0.0,370.0,0.42600733041763306,0.20339863002300262,0.07105428725481033,0.9127242565155029,-0.40409329533576965,0.023724272847175598,0.055501580238342285,0.006138923112303019,-0.005809797905385494,-0.015293779782950878,0.004761205054819584,0.09747648239135742,0.06885644793510437,0.43667367100715637,-0.21421414613723755,0.14187665283679962,0.968543529510498,0.24507160484790802,0.024265330284833908,-0.03570345789194107,0.006138923112303019,-0.005809797905385494,-0.015293779782950878,0.004761205054819584,0.09747648239135742,0.06885644793510437,-0.8299404424332621,0.08827766406037703,0.0825564708012885,0.4938044978211844,0.0645486662763693,-0.057418262748690455
371.0,7.42,0.0,371.0,0.4260255992412567,0.20371122658252716,0.07001861184835434,0.9127996563911438,-0.40376630425453186,0.02433650940656662,0.05636931583285332,0.005599775351583958,-0.0015805948060005903,-0.01888836920261383,0.05432877317070961,0.08583410829305649,0.041640717536211014,0.43726763129234314,-0.2139344960451126,0.1405571550130844,0.9684621095657349,0.2453310787677765,0.025303727015852928,-0.03540679067373276,0.005599775351583958,-0.0015805948060005903,-0.01888836920261383,0.05432877317070961,0.08583410829305649,0.041640717536211014,-0.8291547074047039,0.09007049324796562,0.08369176593124084,0.49433044828753525,0.06643302087944279,-0.056318615072075785
372.0,7.44,0.0,372.0,0.4260694086551666,0.20399725437164307,0.0693640187382698,0.9130672216415405,-0.40303242206573486,0.024734150618314743,0.05710916221141815,0.008968783542513847,0.0013754412066191435,-0.016535649076104164,0.09543491899967194,0.05609588697552681,0.054136160761117935,0.43781185150146484,-0.21374599635601044,0.13924038410186768,0.9682711958885193,0.2460431158542633,0.02612394094467163,-0.03509141877293587,0.008968783542513847,0.0013754412066191435,-0.016535649076104164,0.09543491899967194,0.05609588697552681,0.054136160761117935,-0.8274890964354769,0.09132846861334085,0.08480629900011635,0.4958005532803825,0.06791029628344067,-0.055256193725320604
373.0,7.46,0.0,373.0,0.4260794222354889,0.2044033259153366,0.06925325095653534,0.9134770631790161,-0.40199747681617737,0.024689503014087677,0.05786328762769699,0.013129642233252525,0.0013828565133735538,-0.012818241491913795,0.12990102171897888,0.016263680532574654,0.06738688796758652,0.438414603471756,-0.2134811133146286,0.13817670941352844,0.9680069088935852,0.24711021780967712,0.026627669110894203,-0.03450191766023636,0.013129642233252525,0.0013828565133735538,-0.012818241491913795,0.12990102171897888,0.016263680532574654,0.06738688796758652,-0.8251716044775291,0.09175707807894774,0.08633326831400576,0.4980310596369198,0.06865699724785343,-0.05378883480393135
374.0,7.48,0.0,374.0,0.4260796904563904,0.20482294261455536,0.06971188634634018,0.9140244722366333,-0.40068209171295166,0.024205336347222328,0.05854377523064613,0.01711359992623329,0.0005373219028115273,-0.009172692894935608,0.16531825065612793,-0.024449478834867477,0.07438114285469055,0.43902912735939026,-0.21324285864830017,0.13741211593151093,0.9676719307899475,0.24851307272911072,0.02676137164235115,-0.0337086096405983,0.01711359992623329,0.0005373219028115273,-0.009172692894935608,0.16531825065612793,-0.024449478834867477,0.07438114285469055,-0.8222561431102974,0.09129015842271693,0.08810391634054128,0.500978089235542,0.06860029892866751,-0.052082631739599115
375.0,7.5,0.0,375.0,0.4261518120765686,0.20502802729606628,0.07071814686059952,0.9147324562072754,-0.3990536034107208,0.023409228771924973,0.05893045291304588,0.019637927412986755,-0.001141397631727159,-0.006084997672587633,0.2011999487876892,-0.06152430176734924,0.04368594288825989,0.43952980637550354,-0.21326695382595062,0.13690245151519775,0.9672488570213318,0.2502824366092682,0.02649139240384102,-0.0329643189907074,0.019637927412986755,-0.001141397631727159,-0.006084997672587633,0.2011999487876892,-0.06152430176734924,0.04368594288825989,-0.8186874437671552,0.08998055078426959,0.08961003200358875,0.5046889181896737,0.0678002450448705,-0.05064669805077467
376.0,7.5200000000000005,0.0,376.0,0.4263835847377777,0.2047775387763977,0.07221321761608124,0.9156057834625244,-0.3971196711063385,0.022458354011178017,0.05880210921168327,0.020237764343619347,-0.0036055867094546556,-0.002804357325658202,0.23271970450878143,-0.09012450277805328,-0.0031998383346945047,0.43979185819625854,-0.21379639208316803,0.1366032361984253,0.9667304158210754,0.2524040639400482,0.025803864002227783,-0.03253961727023125,0.020237764343619347,-0.0036055867094546556,-0.002804357325658202,0.23271970450878143,-0.09012450277805328,-0.0031998383346945047,-0.8144959719610944,0.08794225321618705,0.0903130460165864,0.5091176222666657,0.06636571828899698,-0.05001898664700075
377.0,7.54,0.0,377.0,0.42676275968551636,0.20402707159519196,0.07410065829753876,0.9166135787963867,-0.39494094252586365,0.021434873342514038,0.0581536665558815,0.019588904455304146,-0.006439952179789543,0.00011288485256955028,0.25826993584632874,-0.11366903781890869,-0.04601025953888893,0.43978551030158997,-0.2148641049861908,0.13647544384002686,0.9661293625831604,0.2548057734966278,0.02475571818649769,-0.03248734399676323,0.019588904455304146,-0.006439952179789543,0.00011288485256955028,0.25826993584632874,-0.11366903781890869,-0.04601025953888893,-0.8098131309099088,0.08533303513623401,0.0901273186037033,0.51411287583329,0.06443494342466953,-0.05028363648806892
378.0,7.5600000000000005,0.0,378.0,0.4272518455982208,0.2028229683637619,0.07631780207157135,0.9177314043045044,-0.3925568461418152,0.02035282365977764,0.057043228298425674,0.01805804669857025,-0.008986401371657848,0.0024202512577176094,0.28064092993736267,-0.13354989886283875,-0.0859018936753273,0.4395211637020111,-0.2164127677679062,0.13649147748947144,0.9654551148414612,0.25744035840034485,0.023390986025333405,-0.03276859596371651,0.01805804669857025,-0.008986401371657848,0.0024202512577176094,0.28064092993736267,-0.13354989886283875,-0.0859018936753273,-0.8047204247548472,0.08223492792621695,0.08914029085070949,0.5195823115311615,0.06207767326949919,-0.05135108191141556
379.0,7.58,0.0,379.0,0.42780542373657227,0.20122823119163513,0.07878770679235458,0.9189373254776001,-0.38999634981155396,0.019232824444770813,0.055560335516929626,0.01545664295554161,-0.012280985713005066,0.003939363639801741,0.2981649339199066,-0.14693176746368408,-0.11469363421201706,0.4390249252319336,-0.21836906671524048,0.13659979403018951,0.9647147059440613,0.260270357131958,0.02177918702363968,-0.03332449495792389,0.01545664295554161,-0.012280985713005066,0.003939363639801741,0.2981649339199066,-0.14693176746368408,-0.11469363421201706,-0.7992737246909598,0.07876560994453621,0.08749399482246568,0.5254547842471815,0.05940309180236417,-0.05307880732398701
380.0,7.6000000000000005,0.0,380.0,0.428357869386673,0.1993349939584732,0.08141297101974487,0.9202089309692383,-0.38728320598602295,0.018099019303917885,0.05384663864970207,0.011634109541773796,-0.016326555982232094,0.004598995670676231,0.3137052059173584,-0.15221673250198364,-0.12989521026611328,0.43834418058395386,-0.2206304669380188,0.13672390580177307,0.963915228843689,0.2632613182067871,0.020024875178933144,-0.03405745327472687,0.011634109541773796,-0.016326555982232094,0.004598995670676231,0.3137052059173584,-0.15221673250198364,-0.12989521026611328,-0.7935144604233225,0.07508811233272192,0.0854257215313081,0.5316660069773878,0.05656674679620623,-0.05522981345266121
381.0,7.62,0.0,381.0,0.4288507401943207,0.19723092019557953,0.08411053568124771,0.921535849571228,-0.38441479206085205,0.016975808888673782,0.05204477533698082,0.00681772455573082,-0.020770158618688583,0.005143301095813513,0.33137133717536926,-0.1491340845823288,-0.13411542773246765,0.4375327527523041,-0.22310319542884827,0.13677804172039032,0.9630569219589233,0.26640748977661133,0.018235381692647934,-0.03486982733011246,0.00681772455573082,-0.020770158618688583,0.005143301095813513,0.33137133717536926,-0.1491340845823288,-0.13411542773246765,-0.7874277415758675,0.07136175654762345,0.08317809521596085,0.5382091125955808,0.053728432725531405,-0.057561971199777774
382.0,7.640000000000001,0.0,382.0,0.42923587560653687,0.1950049251317978,0.08683985471725464,0.9229297637939453,-0.3813377916812897,0.01589711755514145,0.050290632992982864,0.0010822886833921075,-0.023909231647849083,0.007464128080755472,0.35804349184036255,-0.1368989646434784,-0.1273352950811386,0.4366450905799866,-0.2256988137960434,0.13667432963848114,0.9621258974075317,0.2697553038597107,0.01652509905397892,-0.03567713871598244,0.0010822886833921075,-0.023909231647849083,0.007464128080755472,0.35804349184036255,-0.1368989646434784,-0.1273352950811386,-0.7808904482784691,0.06775112241724122,0.08097918078323672,0.5451823540371782,0.05106883626662979,-0.05985003180704672
383.0,7.66,0.0,383.0,0.4294654130935669,0.1927679181098938,0.08960123360157013,0.9244171380996704,-0.37796154618263245,0.01490927767008543,0.04873773828148842,-0.00534867076203227,-0.02592817321419716,0.012987997382879257,0.3939576745033264,-0.11424446851015091,-0.11078952997922897,0.43574604392051697,-0.22831013798713684,0.13633276522159576,0.9610974788665771,0.27338874340057373,0.015031246468424797,-0.03638932853937149,-0.00534867076203227,-0.02592817321419716,0.012987997382879257,0.3939576745033264,-0.11424446851015091,-0.11078952997922897,-0.7736991119248045,0.06445140170830649,0.07908420271460108,0.5527595891065347,0.0488092348526694,-0.06184165607210613
384.0,7.68,0.0,384.0,0.42951104044914246,0.1905357539653778,0.0923207551240921,0.9259771108627319,-0.37431085109710693,0.01413130946457386,0.04752200469374657,-0.014724520966410637,-0.03021939843893051,0.024748224765062332,0.4279285967350006,-0.06699907779693604,-0.09057264029979706,0.4348902702331543,-0.23091253638267517,0.13570743799209595,0.9599802494049072,0.27726712822914124,0.013929318636655807,-0.03697224706411362,-0.014724520966410637,-0.03021939843893051,0.024748224765062332,0.4279285967350006,-0.06699907779693604,-0.09057264029979706,-0.7659000250257726,0.06178582995678093,0.07765560641637932,0.5608496401982885,0.04726370854379466,-0.06337409907143199
385.0,7.7,0.0,385.0,0.4293970465660095,0.18803447484970093,0.09477625787258148,0.9274870157241821,-0.3706701397895813,0.013945742510259151,0.04666104540228844,-0.01833226904273033,-0.03968454897403717,0.03007875569164753,0.44628438353538513,-0.022776352241635323,-0.0638260692358017,0.43403011560440063,-0.2337505966424942,0.13484981656074524,0.9588552713394165,0.2810651361942291,0.013510056771337986,-0.037639036774635315,-0.01833226904273033,-0.03968454897403717,0.03007875569164753,0.44628438353538513,-0.022776352241635323,-0.0638260692358017,-0.7580953850128094,0.06049758365342721,0.07643054645379843,0.5687524309312681,0.047083802648632996,-0.06470314245346467
386.0,7.72,0.0,386.0,0.4293348789215088,0.18613947927951813,0.09718699753284454,0.9293186068534851,-0.3661310374736786,0.013556700199842453,0.046164970844984055,-0.012446458451449871,-0.023148834705352783,0.02165549248456955,0.5048277378082275,5.237286677584052e-05,-0.041345372796058655,0.43354856967926025,-0.2360222041606903,0.13312828540802002,0.9574536681175232,0.2857799530029297,0.01321998331695795,-0.03791714832186699,-0.012446458451449871,-0.023148834705352783,0.02165549248456955,0.5048277378082275,5.237286677584052e-05,-0.041345372796058655,-0.7483608444815553,0.05903613171131101,0.07608267373309986,0.5785894094681368,0.047004262649101444,-0.0651698507032401
387.0,7.74,0.0,387.0,0.4292334020137787,0.1845778524875641,0.09917760640382767,0.9311406016349792,-0.3614729642868042,0.013539813458919525,0.046165790408849716,-0.006913941353559494,-0.020212838426232338,0.008065263740718365,0.502122700214386,0.024288207292556763,0.00880756601691246,0.4333404004573822,-0.23792307078838348,0.1308968961238861,0.9560061693191528,0.2905557453632355,0.013536644168198109,-0.03803497925400734,-0.006913941353559494,-0.020212838426232338,0.008065263740718365,0.502122700214386,0.024288207292556763,0.00880756601691246,-0.7383524399169138,0.0586238762441112,0.07639049797257728,0.5885502150965052,0.04800321155707471,-0.06497753914164611
388.0,7.76,0.0,388.0,0.4291169047355652,0.1831572949886322,0.10032441467046738,0.9327418804168701,-0.35725075006484985,0.01381812896579504,0.04662405699491501,-0.009493489749729633,-0.046523790806531906,0.00013706277240999043,0.41128814220428467,0.08623741567134857,0.021253876388072968,0.4334244132041931,-0.23961053788661957,0.12823176383972168,0.9546869397163391,0.2948329448699951,0.014336171559989452,-0.03796101734042168,-0.009493489749729633,-0.046523790806531906,0.00013706277240999043,0.41128814220428467,0.08623741567134857,0.021253876388072968,-0.729264118491432,0.0591248802800763,0.07731529542724634,0.5974724655024977,0.04977797395727951,-0.06415161275791399
389.0,7.78,0.0,389.0,0.4291546940803528,0.1818268895149231,0.10067079216241837,0.9343512058258057,-0.35292401909828186,0.014436569064855576,0.04716324061155319,-0.0042085167951881886,-0.028890015557408333,-0.03402288258075714,0.44175609946250916,0.1104496419429779,0.02504906617105007,0.4336358904838562,-0.24117794632911682,0.1246882900595665,0.9533154964447021,0.29917287826538086,0.015459596179425716,-0.03803408890962601,-0.0042085167951881886,-0.028890015557408333,-0.03402288258075714,0.44175609946250916,0.1104496419429779,0.02504906617105007,-0.7199492655326748,0.060304256506765665,0.07816552527804671,0.6065231000779064,0.05225703870007633,-0.06339570017900129
390.0,7.8,0.0,390.0,0.4292218089103699,0.18061381578445435,0.10015176981687546,0.9357544779777527,-0.34902432560920715,0.01557164080440998,0.04799368232488632,-0.007778761442750692,-0.04517489671707153,-0.021699482575058937,0.3454596996307373,0.17435307800769806,0.033816147595644,0.4339846074581146,-0.24257124960422516,0.12068801373243332,0.9520666599273682,0.30301451683044434,0.017137372866272926,-0.03818323463201523,-0.007778761442750692,-0.04517489671707153,-0.021699482575058937,0.3454596996307373,0.17435307800769806,0.033816147595644,-0.7115253888558972,0.0626854173749015,0.07918893001930885,0.6145225814209869,0.05580092455006969,-0.06245795136664729
391.0,7.82,0.0,391.0,0.42931973934173584,0.17965590953826904,0.09938867390155792,0.9369144439697266,-0.34567174315452576,0.017216423526406288,0.04905042052268982,-0.01148159708827734,-0.02901916392147541,0.00830500666052103,0.3013669550418854,0.2284017652273178,0.028259417042136192,0.43442049622535706,-0.24365873634815216,0.11695925146341324,0.9509809613227844,0.3062410354614258,0.0193155687302351,-0.03845250979065895,-0.01148159708827734,-0.02901916392147541,0.00830500666052103,0.3013669550418854,0.2284017652273178,0.028259417042136192,-0.7042465632235574,0.06621970742161282,0.08027155610800166,0.6212253774579448,0.06032552869538092,-0.06145516165186147
392.0,7.84,0.0,392.0,0.42946556210517883,0.17908446490764618,0.09857018291950226,0.9377936124801636,-0.34301915764808655,0.01911611109972,0.05015777796506882,-0.00627551693469286,-0.025492144748568535,0.014337757602334023,0.19405552744865417,0.21798358857631683,0.03985288739204407,0.4348883330821991,-0.2443161904811859,0.11381793767213821,0.9501107931137085,0.308727890253067,0.021675197407603264,-0.03881958872079849,-0.00627551693469286,-0.025492144748568535,0.014337757602334023,0.19405552744865417,0.21798358857631683,0.03985288739204407,-0.6984532075279019,0.07032201998802251,0.08125085037174204,0.6263778831354454,0.06520323584875912,-0.06054790504728027
393.0,7.86,0.0,393.0,0.42969101667404175,0.1786872148513794,0.09738918393850327,0.9382045269012451,-0.34164759516716003,0.020775040611624718,0.0511617511510849,0.00137965171597898,-0.026113398373126984,-0.0026109484024345875,0.08079808205366135,0.18089018762111664,0.024608200415968895,0.435447096824646,-0.2447497844696045,0.1114606112241745,0.9496572613716125,0.30993902683258057,0.023691918700933456,-0.039085958153009415,0.00137965171597898,-0.026113398373126984,-0.0026109484024345875,0.08079808205366135,0.18089018762111664,0.024608200415968895,-0.6954079893228337,0.07400859955555271,0.08212171223103262,0.6288693378164248,0.06928233673504162,-0.05972913652747429
394.0,7.88,0.0,394.0,0.4300016462802887,0.1783813089132309,0.0957537293434143,0.9382299780845642,-0.3413643538951874,0.022199559956789017,0.05198194459080696,0.0070872800424695015,-0.026597272604703903,-0.020540481433272362,-0.01549335103482008,0.15206439793109894,0.029087452217936516,0.43603670597076416,-0.24505852162837982,0.10962079465389252,0.9495603442192078,0.31007590889930725,0.025334373116493225,-0.03932437673211098,0.0070872800424695015,-0.026597272604703903,-0.020540481433272362,-0.01549335103482008,0.15206439793109894,0.029087452217936516,-0.6947017625139331,0.07722287535177523,0.08272634226876101,0.6291125839236718,0.07256376868490799,-0.05916067115375412
395.0,7.9,0.0,395.0,0.4303906559944153,0.17812511324882507,0.09379270672798157,0.9379732012748718,-0.3418840765953064,0.02350451610982418,0.052620165050029755,0.010111280716955662,-0.026494288817048073,-0.02574612945318222,-0.08705183118581772,0.13762891292572021,0.010347778908908367,0.43661680817604065,-0.2452947497367859,0.10817500203847885,0.9497252106666565,0.30941787362098694,0.02671414613723755,-0.03961159288883209,0.010111280716955662,-0.026494288817048073,-0.02574612945318222,-0.08705183118581772,0.13762891292572021,0.010347778908908367,-0.695723272722665,0.08015903784890939,0.0830024768057832,0.6276852359239776,0.07532647127234135,-0.05890960118428195
396.0,7.92,0.0,396.0,0.43089038133621216,0.17772307991981506,0.09176742285490036,0.9375293850898743,-0.34295105934143066,0.0248805470764637,0.052952010184526443,0.010377047583460808,-0.02512061409652233,-0.015452122315764427,-0.13371452689170837,0.13445788621902466,-0.02836277149617672,0.43706321716308594,-0.24566194415092468,0.10716357082128525,0.9500594139099121,0.3082105219364166,0.027921738103032112,-0.04016952961683273,0.010377047583460808,-0.02512061409652233,-0.015452122315764427,-0.13371452689170837,0.13445788621902466,-0.02836277149617672,-0.6979318670675948,0.08306790501517353,0.08260092782621271,0.6250870806233658,0.07789472514557598,-0.059329942108500046
397.0,7.94,0.0,397.0,0.4316011965274811,0.17709164321422577,0.09008694440126419,0.9370854496955872,-0.3440876305103302,0.026337040588259697,0.05273456871509552,0.014127016998827457,-0.008320469409227371,-0.0018066699849441648,-0.12327394634485245,0.11558133363723755,-0.08669670671224594,0.4372618496417999,-0.24625961482524872,0.10656937956809998,0.9503977298736572,0.306942880153656,0.028848392888903618,-0.04120757803320885,0.014127016998827457,-0.008320469409227371,-0.0018066699849441648,-0.12327394634485245,0.11558133363723755,-0.08669670671224594,-0.7003293498393255,0.08575580985144604,0.08109563350552926,0.6223332867985085,0.0802176379105179,-0.06085065869905187
398.0,7.96,0.0,398.0,0.43249642848968506,0.17644767463207245,0.08886079490184784,0.9366900324821472,-0.34515702724456787,0.02767903544008732,0.05208033323287964,0.01965438574552536,0.005500813480466604,0.005978252738714218,-0.1275303065776825,0.08732479065656662,-0.10797794163227081,0.43732210993766785,-0.2468726634979248,0.10637106001377106,0.9507016539573669,0.30576595664024353,0.02942044287919998,-0.04252061992883682,0.01965438574552536,0.005500813480466604,0.005978252738714218,-0.1275303065776825,0.08732479065656662,-0.10797794163227081,-0.7026249028479303,0.08791835118366467,0.07884489884956922,0.6197550351061824,0.08203482261151979,-0.0631112942643913
399.0,7.98,0.0,399.0,0.4334085285663605,0.1760437935590744,0.08783964067697525,0.9361942410469055,-0.3465113937854767,0.028801649808883667,0.051386866718530655,0.022074691951274872,0.008502042852342129,0.010375788435339928,-0.1734468787908554,0.06974662840366364,-0.09074732661247253,0.4374372661113739,-0.24723006784915924,0.1066279262304306,0.9511001706123352,0.30431926250457764,0.029776256531476974,-0.04372180625796318,0.022074691951274872,0.008502042852342129,0.010375788435339928,-0.1734468787908554,0.06974662840366364,-0.09074732661247253,-0.7055447257320725,0.08966023248632603,0.07663852124921078,0.6166187560950531,0.0833476503394931,-0.06531767811973535
400.0,8.0,0.0,400.0,0.4341743588447571,0.1760832816362381,0.08678308874368668,0.9354730248451233,-0.3484310507774353,0.029715172946453094,0.051019925624132156,0.021805165335536003,0.007838033139705658,0.014071453362703323,-0.2342754304409027,0.06492996215820312,-0.035812973976135254,0.43774810433387756,-0.24711211025714874,0.10734791308641434,0.951694130897522,0.30230531096458435,0.03012988530099392,-0.0445222370326519,0.021805165335536003,0.007838033139705658,0.014071453362703323,-0.2342754304409027,0.06492996215820312,-0.035812973976135254,-0.7096600427054236,0.09127602661853909,0.07513127240885491,0.6123177695556191,0.08436751623844961,-0.06681340286952776
401.0,8.02,0.0,401.0,0.43460267782211304,0.1769007444381714,0.08552982658147812,0.9344913363456726,-0.35094526410102844,0.0303876344114542,0.05138147994875908,0.017329327762126923,0.008027222007513046,0.014042316935956478,-0.2920640707015991,0.06867548078298569,0.05511309206485748,0.43839848041534424,-0.24617493152618408,0.10838957130908966,0.9525022506713867,0.2996816635131836,0.030702177435159683,-0.04458459094166756,0.017329327762126923,0.008027222007513046,0.014042316935956478,-0.2920640707015991,0.06867548078298569,0.05511309206485748,-0.7150041301292569,0.09299209428728608,0.07509702430706613,0.6067871885554609,0.08531360461189236,-0.066824668083612
402.0,8.040000000000001,0.0,402.0,0.4345908463001251,0.1786195933818817,0.08402428776025772,0.9332705736160278,-0.3539722263813019,0.030750926584005356,0.052575305104255676,0.011418437585234642,0.010356411337852478,0.00826452299952507,-0.33925163745880127,0.0628582015633583,0.14283344149589539,0.43938449025154114,-0.24428929388523102,0.10961920768022537,0.9534986019134521,0.2965306341648102,0.03150967136025429,-0.043786998838186264,0.011418437585234642,0.010356411337852478,0.00826452299952507,-0.33925163745880127,0.0628582015633583,0.14283344149589539,-0.7213954547817015,0.09476000950110222,0.07678358418017928,0.6002138259358485,0.0861637909627458,-0.06510182918224212
403.0,8.06,0.0,403.0,0.43418705463409424,0.18105493485927582,0.08234453946352005,0.93185955286026,-0.35741129517555237,0.03071442060172558,0.05432865768671036,0.006310669705271721,0.015015647746622562,-0.002260963199660182,-0.3735778033733368,0.03576808050274849,0.19718459248542786,0.44055184721946716,-0.2416352927684784,0.11102356761693954,0.954639732837677,0.2929675579071045,0.03232009708881378,-0.042290814220905304,0.006310669705271721,0.015015647746622562,-0.002260963199660182,-0.3735778033733368,0.03576808050274849,0.19718459248542786,-0.7286422988547576,0.09622683557230809,0.07975106068403595,0.5928377171286968,0.08659594910413407,-0.06207983289831172
404.0,8.08,0.0,404.0,0.433482825756073,0.1839318424463272,0.08063288778066635,0.9303041696548462,-0.36118650436401367,0.030191797763109207,0.05627494305372238,0.0023621146101504564,0.01929287798702717,-0.014283929951488972,-0.4040544927120209,-0.01130257174372673,0.2247629165649414,0.4417107403278351,-0.2384842485189438,0.11267952620983124,0.9558889269828796,0.28908634185791016,0.03284494951367378,-0.04033314809203148,0.0023621146101504564,0.01929287798702717,-0.014283929951488972,-0.4040544927120209,-0.01130257174372673,0.2247629165649414,-0.7366160443992875,0.09697855502398736,0.08338382964907128,0.5848448196941246,0.08621854219029351,-0.058367781029693526
405.0,8.1,0.0,405.0,0.43258219957351685,0.186956524848938,0.07911459356546402,0.9285858869552612,-0.365382581949234,0.029105328023433685,0.05811162292957306,0.0014913114719092846,0.0163516104221344,-0.015025828033685684,-0.4513838589191437,-0.07640231400728226,0.22626948356628418,0.44273707270622253,-0.2351178377866745,0.11489326506853104,0.9572624564170837,0.2848144471645355,0.03283051401376724,-0.03810177370905876,0.0014913114719092846,0.0163516104221344,-0.015025828033685684,-0.4513838589191437,-0.07640231400728226,0.22626948356628418,-0.7455316688202405,0.09667001277229297,0.08717091780553962,0.5760711387183836,0.08465977938068417,-0.05446747736755231
406.0,8.120000000000001,0.0,406.0,0.4316462576389313,0.18987049162387848,0.07829129695892334,0.9267494678497314,-0.36991846561431885,0.027462895959615707,0.05950833857059479,0.0030956650152802467,0.0196456927806139,0.006577197927981615,-0.4761543869972229,-0.14633505046367645,0.19695408642292023,0.44351065158843994,-0.23179805278778076,0.11810215562582016,0.9587221145629883,0.2802429795265198,0.03208495303988457,-0.035863664001226425,0.0030956650152802467,0.0196456927806139,0.006577197927981615,-0.4761543869972229,-0.14633505046367645,0.19695408642292023,-0.7552499721937147,0.09507210018546149,0.09051233185691766,0.5666874326577241,0.08171310213925767,-0.05097550462651717
407.0,8.14,0.0,407.0,0.4307361841201782,0.19266194105148315,0.07868356257677078,0.9248954653739929,-0.37454116344451904,0.02538684569299221,0.06035519018769264,0.002190359402447939,0.032318115234375,0.05332325026392937,-0.47010281682014465,-0.203693225979805,0.1612604558467865,0.44395580887794495,-0.22855781018733978,0.1226058304309845,0.9601826071739197,0.2756232023239136,0.030654029920697212,-0.03378747031092644,0.002190359402447939,0.032318115234375,0.05332325026392937,-0.47010281682014465,-0.203693225979805,0.1612604558467865,-0.7652359272968396,0.09230237760039116,0.09315832471092846,0.5572048349311984,0.07756991777117508,-0.0481496912429451
408.0,8.16,0.0,408.0,0.42999282479286194,0.19511279463768005,0.08073341846466064,0.9232586622238159,-0.3787008821964264,0.023361779749393463,0.060274675488471985,-0.009138403460383415,0.06419207900762558,0.12511421740055084,-0.39836013317108154,-0.20434606075286865,0.025354977697134018,0.44376707077026367,-0.22568562626838684,0.12836726009845734,0.9614620208740234,0.27149662375450134,0.028723405674099922,-0.03248477354645729,-0.009138403460383415,0.06419207900762558,0.12511421740055084,-0.39836013317108154,-0.20434606075286865,0.025354977697134018,-0.7743105691652888,0.08890718236421911,0.09411404687575693,0.5487111497233395,0.07293659537303165,-0.04701139747461555
409.0,8.18,0.0,409.0,0.4300198554992676,0.1962653249502182,0.08376485109329224,0.921434223651886,-0.383533239364624,0.0206859540194273,0.05859511345624924,0.03911203145980835,0.015934383496642113,0.08726830780506134,-0.5378115177154541,-0.39762261509895325,-0.08533666282892227,0.4431954324245453,-0.22404059767723083,0.13572026789188385,0.9628964066505432,0.26677319407463074,0.025248192250728607,-0.03202010691165924,0.03911203145980835,0.015934383496642113,0.08726830780506134,-0.5378115177154541,-0.39762261509895325,-0.08533666282892227,-0.7849925455388688,0.08316366301876671,0.09256718242373935,0.5389580713063773,0.0657543601319034,-0.04831617000310287
410.0,8.2,0.0,410.0,0.43013885617256165,0.19686676561832428,0.08556930720806122,0.9196029901504517,-0.3883165121078491,0.01840822584927082,0.05658409371972084,-0.0016961598303169012,0.027595477178692818,0.032158661633729935,-0.4638124108314514,-0.23405535519123077,-0.05701125040650368,0.4423280954360962,-0.22291578352451324,0.1418193131685257,0.9642718434333801,0.26205575466156006,0.021883737295866013,-0.032060448080301285,-0.0016961598303169012,0.027595477178692818,0.032158661633729935,-0.4638124108314514,-0.23405535519123077,-0.05701125040650368,-0.7955889270923172,0.07788029980429359,0.09016844446297338,0.5292225100134857,0.059041278553708165,-0.050469773328220294
411.0,8.22,0.0,411.0,0.4299185872077942,0.19755160808563232,0.08554130047559738,0.917955756187439,-0.39244773983955383,0.017142441123723984,0.05520816147327423,-0.0032577982638031244,0.012584052048623562,-0.011589225381612778,-0.4407667815685272,-0.18657660484313965,-0.06437269598245621,0.44137951731681824,-0.2217346876859665,0.145521879196167,0.9654338359832764,0.257891446352005,0.019750505685806274,-0.03224069997668266,-0.0032577982638031244,0.012584052048623562,-0.011589225381612778,-0.4407667815685272,-0.18657660484313965,-0.06437269598245621,-0.8047043655712156,0.07487459689746455,0.0882638266419653,0.5206304978467619,0.05479222449200491,-0.052167462283611396
412.0,8.24,0.0,412.0,0.4298118054866791,0.19780847430229187,0.08461436629295349,0.9165095686912537,-0.39602065086364746,0.016494784504175186,0.053902994841337204,-0.015529810450971127,0.015799080953001976,-0.031088627874851227,-0.3489840030670166,-0.08806613832712173,-0.0796370655298233,0.44044229388237,-0.22102320194244385,0.14783649146556854,0.966413676738739,0.25424495339393616,0.018184605985879898,-0.03276138752698898,-0.015529810450971127,0.015799080953001976,-0.031088627874851227,-0.3489840030670166,-0.08806613832712173,-0.0796370655298233,-0.8125874309434927,0.07299347315738818,0.08607586559401378,0.5130987735068243,0.051829747124448676,-0.054174632828618015
413.0,8.26,0.0,413.0,0.4296092391014099,0.19811029732227325,0.08302552253007889,0.9153633713722229,-0.39876589179039,0.016546515747904778,0.053120508790016174,-0.020790237933397293,0.01447990257292986,-0.03918430581688881,-0.2814754247665405,-0.012201599776744843,-0.0526944063603878,0.4396612346172333,-0.22034943103790283,0.14875568449497223,0.9671548008918762,0.2513826787471771,0.017548086121678352,-0.03332536295056343,-0.020790237933397293,0.01447990257292986,-0.03918430581688881,-0.2814754247665405,-0.012201599776744843,-0.0526944063603878,-0.8186197346190071,0.07272152932810316,0.08437559446870212,0.5071716408658763,0.05072000417692882,-0.05573949123264256
414.0,8.28,0.0,414.0,0.42937469482421875,0.1985534131526947,0.08110851049423218,0.9144407510757446,-0.40089261531829834,0.01699133962392807,0.052863653749227524,-0.016746018081903458,0.01641857996582985,-0.039829883724451065,-0.2137443721294403,0.03309332951903343,-0.020026681944727898,0.4391796588897705,-0.21960027515888214,0.14879433810710907,0.9677263498306274,0.2491152584552765,0.01758761890232563,-0.0337359681725502,-0.016746018081903458,0.01641857996582985,-0.039829883724451065,-0.2137443721294403,0.03309332951903343,-0.020026681944727898,-0.8232660198499654,0.0735266717674011,0.08337954654716649,0.5024646882497631,0.050870223541648336,-0.05663517077642324
415.0,8.3,0.0,415.0,0.4292646050453186,0.1990998387336731,0.079278863966465,0.9137848019599915,-0.4023500978946686,0.01766021177172661,0.052909038960933685,-0.007087051868438721,0.021031729876995087,-0.02869921736419201,-0.14371754229068756,0.05643444135785103,-0.01799538917839527,0.43900689482688904,-0.21883422136306763,0.14831674098968506,0.9681153297424316,0.2475210428237915,0.01803683117032051,-0.034066811203956604,-0.007087051868438721,0.021031729876995087,-0.02869921736419201,-0.14371754229068756,0.05643444135785103,-0.01799538917839527,-0.8264305404514721,0.07492128822878272,0.08281047128133318,0.49914077976924054,0.05181115658392531,-0.057139945887057425
416.0,8.32,0.0,416.0,0.42925921082496643,0.19977007806301117,0.07774315774440765,0.9133468270301819,-0.40326300263404846,0.018432239070534706,0.05326247960329056,-0.0025407513603568077,0.020124152302742004,-0.016732221469283104,-0.09438231587409973,0.08547013998031616,0.025681864470243454,0.43915677070617676,-0.21801777184009552,0.14763851463794708,0.9683606624603271,0.2464807629585266,0.018795276060700417,-0.03423541411757469,-0.0025407513603568077,0.020124152302742004,-0.016732221469283104,-0.09438231587409973,0.08547013998031616,0.025681864470243454,-0.8283855593663272,0.07670280932622131,0.08276567593413921,0.4969589165111417,0.053303166644840486,-0.05715131552322553
417.0,8.34,0.0,417.0,0.42915821075439453,0.20062319934368134,0.07621729373931885,0.9130213260650635,-0.4038466811180115,0.019266128540039062,0.05411643534898758,-0.0034193352330476046,0.016122208908200264,-0.01601164974272251,-0.0526934489607811,0.1138790100812912,0.04235587269067764,0.4396016001701355,-0.21705779433250427,0.1466696858406067,0.9685262441635132,0.24576349556446075,0.019934508949518204,-0.03405801206827164,-0.0034193352330476046,0.016122208908200264,-0.01601164974272251,-0.0526934489607811,0.1138790100812912,0.04235587269067764,-0.8295908557113157,0.07897233069767369,0.08361550703529398,0.4954502657781768,0.05538292407673525,-0.05628978306340991
418.0,8.36,0.0,418.0,0.4290505349636078,0.20144909620285034,0.07477184385061264,0.9128731489181519,-0.4039991796016693,0.020191390067338943,0.05513264238834381,-0.0022346123587340117,0.016624465584754944,-0.01195221021771431,-0.0031213543843477964,0.12583217024803162,0.06159607693552971,0.44014233350753784,-0.21618734300136566,0.14538908004760742,0.9685761332511902,0.24548721313476562,0.021276062354445457,-0.033822380006313324,-0.0022346123587340117,0.016624465584754944,-0.01195221021771431,-0.0031213543843477964,0.12583217024803162,0.06159607693552971,-0.8298390251928927,0.08150163770086075,0.08472584060025772,0.49485183663742854,0.057853144296222375,-0.05519339141057027
419.0,8.38,0.0,419.0,0.42894256114959717,0.2023352086544037,0.0735924243927002,0.912926971912384,-0.40367236733436584,0.021136753261089325,0.05627131089568138,-0.00199054810218513,0.02067745476961136,-0.003953559324145317,0.04811135679483414,0.1363501399755478,0.060428228229284286,0.4407643973827362,-0.21532738208770752,0.1439359337091446,0.9684969782829285,0.24570953845977783,0.02274268865585327,-0.033517513424158096,-0.00199054810218513,0.02067745476961136,-0.003953559324145317,0.04811135679483414,0.1363501399755478,0.060428228229284286,-0.8290278545966201,0.08412212950762007,0.08608887510689767,0.4952873983797353,0.06056059393967938,-0.05387178308727938
420.0,8.4,0.0,420.0,0.4288873076438904,0.2030007690191269,0.07250436395406723,0.9129994511604309,-0.4033099114894867,0.021988198161125183,0.05735454335808754,0.006362264975905418,-0.004537882748991251,-0.016280923038721085,0.006865448784083128,0.09881354868412018,0.06360920518636703,0.4414115250110626,-0.21469347178936005,0.142537921667099,0.9684067368507385,0.24597807228565216,0.024104148149490356,-0.03319941461086273,0.006362264975905418,-0.004537882748991251,-0.016280923038721085,0.006865448784083128,0.09881354868412018,0.06360920518636703,-0.82814312344926,0.08652165509124042,0.08743120698344081,0.49582647609006597,0.06305967769525872,-0.05257154390373134
421.0,8.42,0.0,421.0,0.42893749475479126,0.20331835746765137,0.07144856452941895,0.9130862951278687,-0.4029572010040283,0.022624079138040543,0.05819591134786606,0.00617376621812582,0.0005868118605576456,-0.019305286929011345,0.057151731103658676,0.08831583708524704,0.039283886551856995,0.44200965762138367,-0.21441048383712769,0.14117476344108582,0.9683165550231934,0.24626313149929047,0.02514677681028843,-0.03293875977396965,0.00617376621812582,0.0005868118605576456,-0.019305286929011345,0.057151731103658676,0.08831583708524704,0.039283886551856995,-0.8272995149937095,0.08833124392363144,0.08850281762115984,0.4964073757440414,0.0649689933523009,-0.051536345561737994
422.0,8.44,0.0,422.0,0.4290028512477875,0.20362287759780884,0.07074890285730362,0.9133576154708862,-0.40220943093299866,0.023073134943842888,0.058933112770318985,0.00884175393730402,0.003105181735008955,-0.0165041983127594,0.0951838344335556,0.06225091591477394,0.051586683839559555,0.4425623118877411,-0.21420232951641083,0.13980136811733246,0.9681198000907898,0.24698477983474731,0.026006555184721947,-0.032657451927661896,0.00884175393730402,0.003105181735008955,-0.0165041983127594,0.0951838344335556,0.06225091591477394,0.051586683839559555,-0.8256012884144898,0.0896750913685669,0.08957270824989826,0.4978978809633276,0.06653577216463841,-0.05051941378318173
423.0,8.46,0.0,423.0,0.42902448773384094,0.2040490061044693,0.07057265192270279,0.9137614965438843,-0.40117591619491577,0.023106642067432404,0.05969711393117905,0.012393034063279629,0.003747727023437619,-0.011929069645702839,0.1300884485244751,0.025533340871334076,0.06551340222358704,0.4431694746017456,-0.2139124572277069,0.13867656886577606,0.9678522944450378,0.2480415254831314,0.026577435433864594,-0.0321081168949604,0.012393034063279629,0.003747727023437619,-0.011929069645702839,0.1300884485244751,0.025533340871334076,0.06551340222358704,-0.8232866854737206,0.0902484811340531,0.09105401647304891,0.5001053799526767,0.06742543597748618,-0.049098458815909435
424.0,8.48,0.0,424.0,0.4290347099304199,0.20448234677314758,0.07096109539270401,0.9142951965332031,-0.3998774290084839,0.02271341159939766,0.06038479879498482,0.01603821851313114,0.0030637423042207956,-0.007600611541420221,0.16473087668418884,-0.014087440446019173,0.07043181359767914,0.4437828063964844,-0.2136526256799698,0.1378614902496338,0.9675176739692688,0.2494162768125534,0.026785675436258316,-0.03136423975229263,0.01603821851313114,0.0030637423042207956,-0.007600611541420221,0.16473087668418884,-0.014087440446019173,0.07043181359767914,-0.8204105636357297,0.08994781223177735,0.0927613422991659,0.5029903737333938,0.067528034738437,-0.04745526689500492
425.0,8.5,0.0,425.0,0.4291226267814636,0.20467990636825562,0.07190386205911636,0.9149813055992126,-0.39828741550445557,0.022012874484062195,0.06075944006443024,0.018182264640927315,0.0018470046343281865,-0.003485118504613638,0.2007395625114441,-0.05064329132437706,0.037426479160785675,0.4442724287509918,-0.2136741578578949,0.13732850551605225,0.9671002626419067,0.2511351704597473,0.02658037655055523,-0.030686810612678528,0.018182264640927315,0.0018470046343281865,-0.003485118504613638,0.2007395625114441,-0.05064329132437706,0.037426479160785675,-0.8169309521342145,0.08879883800752185,0.0941621482526329,0.5065907429293012,0.06687468916299565,-0.046123324631714764
426.0,8.52,0.0,426.0,0.4293745160102844,0.20440241694450378,0.07335302978754044,0.9158223867416382,-0.3964213728904724,0.02114296704530716,0.060599587857723236,0.01908651739358902,-0.0008124669548124075,0.0005086578312329948,0.23040874302387238,-0.08158032596111298,-0.010023903101682663,0.44451597332954407,-0.21421846747398376,0.13705012202262878,0.966596245765686,0.25317806005477905,0.025932157412171364,-0.03033462166786194,0.01908651739358902,-0.0008124669548124075,0.0005086578312329948,0.23040874302387238,-0.08158032596111298,-0.010023903101682663,-0.8128948304590176,0.08688162063317402,0.09473228920014397,0.5108492540907769,0.06553887547728973,-0.045625499321981365
427.0,8.540000000000001,0.0,427.0,0.42977941036224365,0.20361003279685974,0.07522004097700119,0.9167900085449219,-0.39433640241622925,0.020176539197564125,0.05990063399076462,0.018663115799427032,-0.0035608378238976,0.004050353076308966,0.2553153336048126,-0.10730461031198502,-0.053990114480257034,0.44448697566986084,-0.21531477570533752,0.1369914561510086,0.9660179615020752,0.2554773688316345,0.024890752509236336,-0.030354218557476997,0.018663115799427032,-0.0035608378238976,0.004050353076308966,0.2553153336048126,-0.10730461031198502,-0.053990114480257034,-0.8084251388251376,0.08433721804971166,0.09439501852111046,0.5156247337029056,0.06364239334936254,-0.04603680645287886
428.0,8.56,0.0,428.0,0.430298775434494,0.20235870778560638,0.0774441733956337,0.9178626537322998,-0.3920632600784302,0.019122987985610962,0.058726876974105835,0.01746647246181965,-0.005934630520641804,0.006866775918751955,0.27732744812965393,-0.1298486292362213,-0.09318025410175323,0.4442007541656494,-0.2168973982334137,0.1371188461780548,0.9653724431991577,0.2579951882362366,0.023501556366682053,-0.03069945052266121,0.01746647246181965,-0.005934630520641804,0.006866775918751955,0.27732744812965393,-0.1298486292362213,-0.09318025410175323,-0.8035843977899196,0.08124320006074247,0.09325381904307986,0.5208447515622983,0.06125441376061159,-0.047252387737834946
429.0,8.58,0.0,429.0,0.43087634444236755,0.20073111355304718,0.07994717359542847,0.9190182685852051,-0.3896294832229614,0.017995985224843025,0.05718684569001198,0.015261598862707615,-0.009590894915163517,0.008431656286120415,0.29285815358161926,-0.14620515704154968,-0.11924467980861664,0.4436895549297333,-0.21887299418449402,0.13737758994102478,0.9646666646003723,0.2606952488422394,0.021839868277311325,-0.03129234537482262,0.015261598862707615,-0.009590894915163517,0.008431656286120415,0.29285815358161926,-0.14620515704154968,-0.11924467980861664,-0.7984238921836276,0.07771886440229157,0.09149136495407927,0.5264420186999206,0.05848525464002859,-0.049089879036339296
430.0,8.6,0.0,430.0,0.4314432144165039,0.1988263875246048,0.08261871337890625,0.9202336668968201,-0.38705888390541077,0.01681884005665779,0.05543076992034912,0.012654597871005535,-0.01590176485478878,0.007213891483843327,0.3011624217033386,-0.1577606052160263,-0.13084253668785095,0.4430047571659088,-0.22113171219825745,0.1376781016588211,0.9639080166816711,0.26354295015335083,0.020015306770801544,-0.032027725130319595,0.012654597871005535,-0.01590176485478878,0.007213891483843327,0.3011624217033386,-0.1577606052160263,-0.13084253668785095,-0.7929846847677227,0.07393180012336473,0.08936142561118068,0.5323524514941175,0.05549567629846979,-0.051295204661651925
431.0,8.620000000000001,0.0,431.0,0.43194007873535156,0.19673635065555573,0.08535691350698471,0.9215105772018433,-0.38431885838508606,0.01563047431409359,0.05359897017478943,0.0077878315933048725,-0.02009831741452217,0.005727267358452082,0.3196689784526825,-0.1559731662273407,-0.13368991017341614,0.44219353795051575,-0.2235793024301529,0.13788926601409912,0.9630877375602722,0.26656219363212585,0.018147282302379608,-0.03281986713409424,0.0077878315933048725,-0.02009831741452217,0.005727267358452082,0.3196689784526825,-0.1559731662273407,-0.13368991017341614,-0.7871865362394309,0.0700627991572246,0.08709333996084467,0.5386301346958864,0.05247600979100825,-0.05364159800087551
432.0,8.64,0.0,432.0,0.4323166608810425,0.19454403221607208,0.08809642493724823,0.9228622913360596,-0.3813517689704895,0.014491659589111805,0.05182764679193497,0.0016582212410867214,-0.023174896836280823,0.006513581611216068,0.3458854854106903,-0.14321817457675934,-0.1255069077014923,0.4413025677204132,-0.22613324224948883,0.13789504766464233,0.9621902108192444,0.26980194449424744,0.01637139730155468,-0.03360045701265335,0.0016582212410867214,-0.023174896836280823,0.006513581611216068,0.3458854854106903,-0.14321817457675934,-0.1255069077014923,-0.7808956201032727,0.0663253531360882,0.08489508908441809,0.5453773771243987,0.04965613246788303,-0.055924028694153916
433.0,8.66,0.0,433.0,0.43252724409103394,0.1923498958349228,0.09083278477191925,0.9243030548095703,-0.37809550762176514,0.013447166420519352,0.05026697739958763,-0.005515501368790865,-0.02481984905898571,0.011480368673801422,0.3816223740577698,-0.11851710081100464,-0.10778845101594925,0.4403972625732422,-0.2286934107542038,0.1376366913318634,0.9611988067626953,0.2733168303966522,0.014819959178566933,-0.03428062051534653,-0.005515501368790865,-0.02481984905898571,0.011480368673801422,0.3816223740577698,-0.11851710081100464,-0.10778845101594925,-0.7739710208356968,0.06291144491081914,0.0830145716883243,0.5527073281621285,0.04724636933545476,-0.057896803966087235
434.0,8.68,0.0,434.0,0.43255195021629333,0.19016791880130768,0.09350578486919403,0.9258018136024475,-0.37460196018218994,0.012588082812726498,0.049050573259592056,-0.014615113846957684,-0.028615575283765793,0.023111462593078613,0.4155850410461426,-0.07340472936630249,-0.08760791271924973,0.43954604864120483,-0.23123466968536377,0.13710568845272064,0.9601307511329651,0.2770400047302246,0.013642982579767704,-0.0348094180226326,-0.014615113846957684,-0.028615575283765793,0.023111462593078613,0.4155850410461426,-0.07340472936630249,-0.08760791271924973,-0.7665182688666566,0.06009318031802597,0.08162897838192798,0.5604762126979531,0.045500993413802523,-0.05938019002521675
435.0,8.700000000000001,0.0,435.0,0.4324151873588562,0.18775203824043274,0.09595156461000443,0.9272729158401489,-0.37106844782829285,0.012294670566916466,0.048186007887125015,-0.019274424761533737,-0.04026463255286217,0.029447156935930252,0.4280398488044739,-0.02684801258146763,-0.05893378332257271,0.4386917054653168,-0.23398259282112122,0.1363314986228943,0.9590412378311157,0.2807376980781555,0.013129418715834618,-0.03540990501642227,-0.019274424761533737,-0.04026463255286217,0.029447156935930252,0.4280398488044739,-0.02684801258146763,-0.05893378332257271,-0.758949563527852,0.05859517430048993,0.08046357957402503,0.5681752774242733,0.045080366136862046,-0.06064601704197894
436.0,8.72,0.0,436.0,0.4323045611381531,0.1859162300825119,0.09830504655838013,0.9290698766708374,-0.36662521958351135,0.011850304901599884,0.04769253358244896,-0.01326042227447033,-0.019945496693253517,0.016593528911471367,0.5022076964378357,-0.007170648779720068,-0.03900374844670296,0.4381840229034424,-0.2361920177936554,0.13463756442070007,0.9576718211174011,0.28535985946655273,0.012790913693606853,-0.03564932197332382,-0.01326042227447033,-0.019945496693253517,0.016593528911471367,0.5022076964378357,-0.007170648779720068,-0.03900374844670296,-0.749424797565253,0.05702099440830435,0.08014605220429993,0.5778206431933608,0.04485980857028046,-0.061080055136278455
437.0,8.74,0.0,437.0,0.4321647882461548,0.18434865772724152,0.10016442835330963,0.9308519959449768,-0.36208298802375793,0.011789697222411633,0.04765786975622177,-0.009473120793700218,-0.021284518763422966,0.0017303405329585075,0.48933643102645874,0.02300976775586605,0.005430914461612701,0.4379272758960724,-0.23809558153152466,0.13237743079662323,0.9562620520591736,0.29002344608306885,0.013043270446360111,-0.03576512262225151,-0.009473120793700218,-0.021284518763422966,0.0017303405329585075,0.48933643102645874,0.02300976775586605,0.005430914461612701,-0.7396683637648814,0.0564911870469437,0.08040188196398097,0.587549069916403,0.04570693106365784,-0.060937260517749746
438.0,8.76,0.0,438.0,0.43201765418052673,0.18289637565612793,0.10119739174842834,0.9324375987052917,-0.3579172194004059,0.012098673731088638,0.04805498197674751,-0.012346670962870121,-0.044648610055446625,-0.0022057455498725176,0.4085991084575653,0.08786384761333466,0.014684566296637058,0.437929630279541,-0.23981577157974243,0.12964920699596405,0.9549611806869507,0.29424431920051575,0.013824937865138054,-0.035756856203079224,-0.012346670962870121,-0.044648610055446625,-0.0022057455498725176,0.4085991084575653,0.08786384761333466,0.014684566296637058,-0.730700640510838,0.056992760933563556,0.08117665728696094,0.5963515401898085,0.04746486973748248,-0.06026127852623919
439.0,8.78,0.0,439.0,0.4320186674594879,0.18152445554733276,0.10145825892686844,0.9340165853500366,-0.35368263721466064,0.01278525311499834,0.048561833798885345,-0.007189312484115362,-0.028012605383992195,-0.034511301666498184,0.4362857937812805,0.1150369867682457,0.021504510194063187,0.4380684494972229,-0.24142470955848694,0.12610375881195068,0.9536205530166626,0.2984886169433594,0.014975258149206638,-0.03589511290192604,-0.007189312484115362,-0.028012605383992195,-0.034511301666498184,0.4362857937812805,0.1150369867682457,0.021504510194063187,-0.7215778683646216,0.05826719030957509,0.0819016334819109,0.6051990833657612,0.05001082083128638,-0.05963057053309591
440.0,8.8,0.0,440.0,0.4320738613605499,0.1802801489830017,0.10088939964771271,0.9354193210601807,-0.34980204701423645,0.01397463958710432,0.04933580383658409,-0.0099464887753129,-0.04352448508143425,-0.02127986028790474,0.344902902841568,0.1785300374031067,0.023843951523303986,0.438351035118103,-0.24285341799259186,0.12206972390413284,0.952379047870636,0.3023110628128052,0.01665954664349556,-0.03612208366394043,-0.0099464887753129,-0.04352448508143425,-0.02127986028790474,0.344902902841568,0.1785300374031067,0.023843951523303986,-0.7131892118327593,0.06069708313104811,0.08276932478686845,0.6131569182192668,0.053598266909228066,-0.05884951489362358
441.0,8.82,0.0,441.0,0.43218639492988586,0.1792525202035904,0.1000732034444809,0.936592161655426,-0.34643638134002686,0.015703462064266205,0.05030272901058197,-0.01371544599533081,-0.02751667983829975,0.008884535171091557,0.30261433124542236,0.23579105734825134,0.0177221167832613,0.43871137499809265,-0.2440158575773239,0.11827532947063446,0.9512889981269836,0.3055500090122223,0.018849026411771774,-0.03651456907391548,-0.01371544599533081,-0.02751667983829975,0.008884535171091557,0.30261433124542236,0.23579105734825134,0.0177221167832613,-0.705875603778727,0.06431319540656667,0.08361584696100008,0.6198830900511053,0.05820865240782475,-0.05808413920046292
442.0,8.84,0.0,442.0,0.4323423206806183,0.17863835394382477,0.09919413924217224,0.937488853931427,-0.34374967217445374,0.017701823264360428,0.051357466727495193,-0.008081097155809402,-0.024124933406710625,0.015506491996347904,0.19551606476306915,0.2264394760131836,0.03268277272582054,0.4391239285469055,-0.24472065269947052,0.11504258960485458,0.9504077434539795,0.3080673813819885,0.021255895495414734,-0.03698502853512764,-0.008081097155809402,-0.024124933406710625,0.015506491996347904,0.19551606476306915,0.2264394760131836,0.03268277272582054,-0.7000001247302079,0.06855241996649833,0.08442240388495587,0.6250975849649829,0.06323342210028243,-0.057351205193775116
443.0,8.86,0.0,443.0,0.43258047103881836,0.1782093197107315,0.09796100854873657,0.937908947467804,-0.34235963225364685,0.01944867894053459,0.052329037338495255,0.0003297460207249969,-0.025406552478671074,-0.0014049675082787871,0.08083797246217728,0.187935471534729,0.018668580800294876,0.4396478831768036,-0.24518798291683197,0.11261695623397827,0.949947714805603,0.30929234623908997,0.023322680965065956,-0.03733169287443161,0.0003297460207249969,-0.025406552478671074,-0.0014049675082787871,0.08083797246217728,0.187935471534729,0.018668580800294876,-0.696907449387087,0.07237605914252701,0.08516849751541573,0.6276165618011258,0.0674546102862871,-0.056658350583910895
444.0,8.88,0.0,444.0,0.4329177141189575,0.1778549998998642,0.09628714621067047,0.9379382729530334,-0.3420714735984802,0.020948948338627815,0.05310489982366562,0.006751618348062038,-0.026411546394228935,-0.01952572539448738,-0.01617453247308731,0.15689794719219208,0.02132842130959034,0.44020944833755493,-0.2455456256866455,0.11073511093854904,0.9498476386070251,0.30943021178245544,0.02499760501086712,-0.037651851773262024,0.006751618348062038,-0.026411546394228935,-0.01952572539448738,-0.01617453247308731,0.15689794719219208,0.02132842130959034,-0.6961854366091395,0.07570125961804611,0.08563574184608105,0.6278600385172666,0.07084831904395451,-0.05622761550231839
445.0,8.9,0.0,445.0,0.43334710597991943,0.1775294840335846,0.09430493414402008,0.9376856088638306,-0.3425880968570709,0.022313524037599564,0.05367567390203476,0.01062654796987772,-0.026655413210392,-0.025354735553264618,-0.08767557889223099,0.1393831968307495,0.0015461016446352005,0.44076013565063477,-0.24585120379924774,0.10926638543605804,0.9500089883804321,0.3087729215621948,0.02638258785009384,-0.03802904486656189,0.01062654796987772,-0.026655413210392,-0.025354735553264618,-0.08767557889223099,0.1393831968307495,0.0015461016446352005,-0.6971981083730151,0.07870467427607061,0.08574325606064,0.6264320508148844,0.07367870986721028,-0.05614514630199709
446.0,8.92,0.0,446.0,0.43389832973480225,0.17704299092292786,0.09227035939693451,0.9372487664222717,-0.34364765882492065,0.023731479421257973,0.05392485857009888,0.011105733923614025,-0.025792201980948448,-0.015539055690169334,-0.13436967134475708,0.13528259098529816,-0.03799958527088165,0.4411800801753998,-0.24630318582057953,0.10823933035135269,0.9503383040428162,0.30757278203964233,0.027572492137551308,-0.03867815434932709,0.011105733923614025,-0.025792201980948448,-0.015539055690169334,-0.13436967134475708,0.13528259098529816,-0.03799958527088165,-0.6993902976919805,0.08163755068052896,0.08515763827807417,0.6238469167638165,0.07627300688985235,-0.056748914871329305
447.0,8.94,0.0,447.0,0.43466827273368835,0.17630331218242645,0.09059026837348938,0.9368208050727844,-0.34475672245025635,0.025222595781087875,0.05360083281993866,0.01510629989206791,-0.008515117689967155,-0.0025994263123720884,-0.12036959081888199,0.11474145948886871,-0.09857257455587387,0.44134169816970825,-0.24701152741909027,0.10762124508619308,0.9506646394729614,0.30633410811424255,0.02846248634159565,-0.03982219845056534,0.01510629989206791,-0.008515117689967155,-0.0025994263123720884,-0.12036959081888199,0.11474145948886871,-0.09857257455587387,-0.7017303468950563,0.08431649889191216,0.08343025981510041,0.6211513403861373,0.07859526417921318,-0.05849086998591191
448.0,8.96,0.0,448.0,0.43562135100364685,0.17554019391536713,0.0893712118268013,0.9364489316940308,-0.3457816243171692,0.026592452079057693,0.05283390358090401,0.02056586556136608,0.005823836661875248,0.004840342327952385,-0.1209445595741272,0.08578522503376007,-0.11963480710983276,0.4413595199584961,-0.24774742126464844,0.10738997161388397,0.9509516954421997,0.3052046000957489,0.028990060091018677,-0.04124237969517708,0.02056586556136608,0.005823836661875248,0.004840342327952385,-0.1209445595741272,0.08578522503376007,-0.11963480710983276,-0.7039328240126306,0.08645056694197531,0.08095251126068617,0.6186692296918633,0.0803975788244383,-0.06097782929208584
449.0,8.98,0.0,449.0,0.4365707337856293,0.17505283653736115,0.08836708962917328,0.935977578163147,-0.34708288311958313,0.027717996388673782,0.05207042023539543,0.022995304316282272,0.008249269798398018,0.009657337330281734,-0.16700665652751923,0.0674721971154213,-0.0954245999455452,0.44145187735557556,-0.24819141626358032,0.10761512070894241,0.9513314962387085,0.30381447076797485,0.02930859848856926,-0.042502060532569885,0.022995304316282272,0.008249269798398018,0.009657337330281734,-0.16700665652751923,0.0674721971154213,-0.0954245999455452,-0.7067398828518103,0.08814643668555974,0.07861847005766756,0.6156513470946832,0.08168064080052911,-0.06331155583302628
450.0,9.0,0.0,450.0,0.4373486638069153,0.17507466673851013,0.0873425230383873,0.9352824091911316,-0.34893539547920227,0.028601352125406265,0.05169970914721489,0.022724490612745285,0.007108640857040882,0.013637091033160686,-0.22769629955291748,0.06172587350010872,-0.03376823291182518,0.44177576899528503,-0.24809318780899048,0.10830420255661011,0.9519041180610657,0.3018712103366852,0.02964109554886818,-0.04328860342502594,0.022724490612745285,0.007108640857040882,0.013637091033160686,-0.22769629955291748,0.06172587350010872,-0.03376823291182518,-0.710709567109102,0.08970064388758273,0.07713387512194783,0.6115030223309159,0.08266021364596414,-0.06478395240213664
451.0,9.02,0.0,451.0,0.43777942657470703,0.1759154498577118,0.08615034818649292,0.9343311786651611,-0.3513661026954651,0.029211269691586494,0.052091557532548904,0.01874573901295662,0.0073445443995296955,0.013639185577630997,-0.2839195728302002,0.0633292943239212,0.0609753355383873,0.44246387481689453,-0.2471340149641037,0.10932836681604385,0.9526869058609009,0.29933637380599976,0.030188998207449913,-0.04329068213701248,0.01874573901295662,0.0073445443995296955,0.013639185577630997,-0.2839195728302002,0.0633292943239212,0.0609753355383873,-0.7158724993995718,0.09131930989117652,0.07721195074042382,0.6061657139506458,0.0835353928862748,-0.06468208305901431
452.0,9.040000000000001,0.0,452.0,0.437773197889328,0.17767111957073212,0.0847226232290268,0.9331431984901428,-0.35430240631103516,0.029497696086764336,0.05332441255450249,0.012977197766304016,0.00983639620244503,0.007755364757031202,-0.3293377459049225,0.057245269417762756,0.14802905917167664,0.4435003399848938,-0.24521197378635406,0.11055070906877518,0.9536555409431458,0.29628196358680725,0.030966617166996002,-0.04241751506924629,0.012977197766304016,0.00983639620244503,0.007755364757031202,-0.3293377459049225,0.057245269417762756,0.14802905917167664,-0.7220683154197182,0.09297095750560037,0.07903967762142138,0.5998022146877745,0.0842978586430842,-0.06281791525173351
453.0,9.06,0.0,453.0,0.43737438321113586,0.18012851476669312,0.08310890942811966,0.9317632913589478,-0.35765233635902405,0.02940424717962742,0.05511200428009033,0.007299322634935379,0.013818584382534027,-0.0026189438067376614,-0.36442893743515015,0.03266102075576782,0.20078788697719574,0.44470810890197754,-0.24253568053245544,0.11193941533565521,0.9547684788703918,0.292811781167984,0.03175993263721466,-0.040861476212739944,0.007299322634935379,0.013818584382534027,-0.0026189438067376614,-0.36442893743515015,0.03266102075576782,0.20078788697719574,-0.7291247658687836,0.09435742697556589,0.08212690258246193,0.5926254294540038,0.08467737021052993,-0.05967624397184101
454.0,9.08,0.0,454.0,0.43668332695961,0.1829998791217804,0.0814553052186966,0.9302425980567932,-0.36132997274398804,0.02885008044540882,0.05707184597849846,0.003197943326085806,0.018113961443305016,-0.014705318957567215,-0.3934237062931061,-0.013544967398047447,0.22565153241157532,0.44589149951934814,-0.23939105868339539,0.11356622725725174,0.9559856057167053,0.2890308201313019,0.03227538615465164,-0.03887612745165825,0.003197943326085806,0.018113961443305016,-0.014705318957567215,-0.3934237062931061,-0.013544967398047447,0.22565153241157532,-0.7368925629079348,0.09506177930554335,0.085824858320002,0.5848431106107947,0.08428212519275982,-0.05590028558211425
455.0,9.1,0.0,455.0,0.4357924461364746,0.1860090047121048,0.07998685538768768,0.9285639524459839,-0.36541494727134705,0.027746358886361122,0.05891633406281471,0.0018935487605631351,0.014906157739460468,-0.016155926510691643,-0.44008350372314453,-0.07703592628240585,0.22652503848075867,0.44692978262901306,-0.23604345321655273,0.11573192477226257,0.9573221802711487,0.2848717272281647,0.03226009011268616,-0.036630868911743164,0.0018935487605631351,0.014906157739460468,-0.016155926510691643,-0.44008350372314453,-0.07703592628240585,0.22652503848075867,-0.7455748679549782,0.09472795501676469,0.0896587987905397,0.5763036155892538,0.0827311239448216,-0.0519560975176193
456.0,9.120000000000001,0.0,456.0,0.4348584711551666,0.18890637159347534,0.0791834369301796,0.9267675280570984,-0.369838684797287,0.02609480358660221,0.06033485010266304,0.0031551250722259283,0.017872637137770653,0.003704729489982128,-0.4642215967178345,-0.14597181975841522,0.1992035210132599,0.44771677255630493,-0.2327454835176468,0.11886224150657654,0.958745539188385,0.28041329979896545,0.03152887523174286,-0.03437275066971779,0.0031551250722259283,0.017872637137770653,0.003704729489982128,-0.4642215967178345,-0.14597181975841522,0.1992035210132599,-0.7550568171793696,0.09313052872561942,0.09306805555923227,0.5671528734382444,0.07981820111180939,-0.04840013190271762
457.0,9.14,0.0,457.0,0.4339408576488495,0.19167613983154297,0.07955270260572433,0.9249518513679504,-0.37435346841812134,0.024008726701140404,0.06121263653039932,0.0022335038520395756,0.030134977772831917,0.04795210435986519,-0.4583093225955963,-0.20379756391048431,0.16249506175518036,0.4481738209724426,-0.22953413426876068,0.12324848026037216,0.9601715803146362,0.27590247988700867,0.03011668100953102,-0.03226885199546814,0.0022335038520395756,0.030134977772831917,0.04795210435986519,-0.4583093225955963,-0.20379756391048431,0.16249506175518036,-0.7648155537689716,0.09036711400143951,0.09579875305627597,0.5578937183776165,0.07571279548630012,-0.04549472087505988
458.0,9.16,0.0,458.0,0.43316808342933655,0.1941225677728653,0.08153688162565231,0.9233266711235046,-0.378472238779068,0.021909577772021294,0.06120777502655983,-0.007461918517947197,0.05843736231327057,0.11668360233306885,-0.39742353558540344,-0.2134597897529602,0.04052513465285301,0.44802960753440857,-0.2266685962677002,0.12890733778476715,0.9614400863647461,0.27182045578956604,0.02817753702402115,-0.030862057581543922,-0.007461918517947197,0.05843736231327057,0.11668360233306885,-0.39742353558540344,-0.2134597897529602,0.04052513465285301,-0.7738054667700215,0.0868996295996035,0.09696239638961088,0.549493705273459,0.07101960192645766,-0.04415118810757243
459.0,9.18,0.0,459.0,0.43302708864212036,0.19541245698928833,0.08447367697954178,0.9215313196182251,-0.3831900954246521,0.01927034556865692,0.059782616794109344,0.036361370235681534,0.010852320119738579,0.08324108272790909,-0.5365387797355652,-0.39449164271354675,-0.05065441131591797,0.44748207926750183,-0.22489626705646515,0.13606461882591248,0.9628446698188782,0.26720213890075684,0.024896111339330673,-0.030222684144973755,0.036361370235681534,0.010852320119738579,0.08324108272790909,-0.5365387797355652,-0.39449164271354675,-0.05065441131591797,-0.7842285138548386,0.08142261024486583,0.09587869197146444,0.5399585711813493,0.06413726687458637,-0.04500259593742483
460.0,9.200000000000001,0.0,460.0,0.4330510199069977,0.19611896574497223,0.08637329936027527,0.9197059869766235,-0.38794469833374023,0.016825895756483078,0.057939037680625916,-0.0005492196651175618,0.02497940883040428,0.03232352063059807,-0.45639920234680176,-0.24528659880161285,-0.05062326416373253,0.44668957591056824,-0.22367148101329803,0.14223001897335052,0.96421879529953,0.2625226080417633,0.02150648832321167,-0.03002931736409664,-0.0005492196651175618,0.02497940883040428,0.03232352063059807,-0.45639920234680176,-0.24528659880161285,-0.05062326416373253,-0.7947651658320665,0.07597709677950776,0.09392732256642033,0.5303044103347014,0.0572719573980301,-0.04671131657330153
461.0,9.22,0.0,461.0,0.4328392744064331,0.19680269062519073,0.08653450012207031,0.9180814027786255,-0.39203447103500366,0.015370161272585392,0.05656025931239128,-0.0012827994069084525,0.015198671258985996,-0.010656008496880531,-0.4207395911216736,-0.1977856308221817,-0.06360218673944473,0.44578397274017334,-0.22250236570835114,0.14608033001422882,0.9653728604316711,0.2584182024002075,0.01922563463449478,-0.03009614907205105,-0.0012827994069084525,0.015198671258985996,-0.010656008496880531,-0.4207395911216736,-0.1977856308221817,-0.06360218673944473,-0.8038008055856354,0.07263312280260877,0.09217575739987306,0.5218382381329273,0.05269897948747076,-0.04825719258221678
462.0,9.24,0.0,462.0,0.43270373344421387,0.19713719189167023,0.085761658847332,0.9166738986968994,-0.3955170810222626,0.014643260277807713,0.05532412976026535,-0.014717991463840008,0.01579294539988041,-0.027279842644929886,-0.3439693748950958,-0.09135139733552933,-0.06268851459026337,0.4448854327201843,-0.22173026204109192,0.14846473932266235,0.9663321375846863,0.2548719644546509,0.01764669455587864,-0.03051656484603882,-0.014717991463840008,0.01579294539988041,-0.027279842644929886,-0.3439693748950958,-0.09135139733552933,-0.06268851459026337,-0.8114852885329189,0.07066827177713986,0.09019209490222334,0.5145142109729218,0.04968119546063413,-0.05006563089204597
463.0,9.26,0.0,463.0,0.4324590563774109,0.19755035638809204,0.08429234474897385,0.9155285954475403,-0.39825373888015747,0.014623588882386684,0.05465894192457199,-0.01983076147735119,0.014699002727866173,-0.034687940031290054,-0.2796475887298584,-0.014723248779773712,-0.04566752165555954,0.4441700875759125,-0.22094906866550446,0.14949257671833038,0.96707683801651,0.2520219385623932,0.017027128487825394,-0.03094461001455784,-0.01983076147735119,0.014699002727866173,-0.034687940031290054,-0.2796475887298584,-0.014723248779773712,-0.04566752165555954,-0.8174912884292126,0.07037094251644516,0.08877181244177085,0.5086162055369419,0.04854958674635113,-0.05135225169569887
464.0,9.28,0.0,464.0,0.4322240352630615,0.19802476465702057,0.08246694505214691,0.914605438709259,-0.40038445591926575,0.015051420778036118,0.054430991411209106,-0.016340212896466255,0.017131898552179337,-0.036095015704631805,-0.2127583771944046,0.03304092958569527,-0.01767922192811966,0.44371241331100464,-0.22017118334770203,0.14962470531463623,0.9676525592803955,0.24975237250328064,0.017070995643734932,-0.031322021037340164,-0.016340212896466255,0.017131898552179337,-0.036095015704631805,-0.2127583771944046,0.03304092958569527,-0.01767922192811966,-0.8221399398664343,0.07117895010989277,0.08784815004612542,0.5039064152832938,0.04870232379981677,-0.052176122093693676
465.0,9.3,0.0,465.0,0.43214043974876404,0.1985534131526947,0.08069661259651184,0.9139513373374939,-0.4018467664718628,0.015734951943159103,0.05444493517279625,-0.006681953091174364,0.02004287764430046,-0.025950714945793152,-0.1489352136850357,0.05738553777337074,-0.026071462780237198,0.4435349106788635,-0.219425231218338,0.14920981228351593,0.9680436849594116,0.24815447628498077,0.017511826008558273,-0.03168675675988197,-0.006681953091174364,0.02004287764430046,-0.025950714945793152,-0.1489352136850357,0.05738553777337074,-0.026071462780237198,-0.8253101648215662,0.0725827379719428,0.08721384893827043,0.5005754277431274,0.049651247370134925,-0.05274648508821993
466.0,9.32,0.0,466.0,0.4321827292442322,0.19916416704654694,0.07917842268943787,0.9135081768035889,-0.4027820825576782,0.016549818217754364,0.05473238229751587,-0.0019264065194875002,0.01996917836368084,-0.014619208872318268,-0.09790200740098953,0.0869188979268074,0.020021235570311546,0.4436681270599365,-0.21866711974143982,0.14856956899166107,0.9682940244674683,0.24709030985832214,0.01826157607138157,-0.03193311020731926,-0.0019264065194875002,0.01996917836368084,-0.014619208872318268,-0.09790200740098953,0.0869188979268074,0.020021235570311546,-0.8273109017205678,0.07439583301490771,0.08701516097634887,0.49834370338605033,0.05116819164296051,-0.052910656411208824
467.0,9.34,0.0,467.0,0.4321190416812897,0.19999676942825317,0.07765090465545654,0.9131827354431152,-0.4033709764480591,0.01742124743759632,0.05555077642202377,-0.002794787520542741,0.01679762825369835,-0.01521738525480032,-0.053897425532341,0.11579753458499908,0.03738166764378548,0.44411197304725647,-0.21772657334804535,0.1476038098335266,0.9684604406356812,0.24636633694171906,0.0194078516215086,-0.03180674836039543,-0.002794787520542741,0.01679762825369835,-0.01521738525480032,-0.053897425532341,0.11579753458499908,0.03738166764378548,-0.8285235586401067,0.0767078921545635,0.0877719739757863,0.496821737043772,0.05328889682711503,-0.052141861730240616
468.0,9.36,0.0,468.0,0.4320529103279114,0.20081521570682526,0.07619063556194305,0.9130381941795349,-0.4035186171531677,0.018378665670752525,0.056535184383392334,-0.0014472929760813713,0.018437715247273445,-0.011914820410311222,-0.001599752577021718,0.12806640565395355,0.056832049041986465,0.44466033577919006,-0.21686315536499023,0.14630384743213654,0.9685080051422119,0.24609369039535522,0.02075534500181675,-0.031616102904081345,-0.0014472929760813713,0.018437715247273445,-0.011914820410311222,-0.001599752577021718,0.12806640565395355,0.056832049041986465,-0.8287576130382557,0.07926983661804804,0.0888004417827316,0.4962324020446792,0.055793412115119165,-0.05112716031614723
469.0,9.38,0.0,469.0,0.43198689818382263,0.20170120894908905,0.0749792754650116,0.9130902886390686,-0.4031974971294403,0.01935010589659214,0.05764895677566528,-0.000788722129072994,0.021303320303559303,-0.0045200614258646965,0.045178480446338654,0.1379973441362381,0.05854093283414841,0.445298433303833,-0.21600034832954407,0.14482367038726807,0.9684292674064636,0.2463088035583496,0.022226769477128983,-0.03134670853614807,-0.000788722129072994,0.021303320303559303,-0.0045200614258646965,0.045178480446338654,0.1379973441362381,0.05854093283414841,-0.8279558869123734,0.08191620631071958,0.09009713791695251,0.49665537969345624,0.058525458301149504,-0.049870865618891
470.0,9.4,0.0,470.0,0.43195006251335144,0.20245344936847687,0.07391954213380814,0.9132083654403687,-0.4027235805988312,0.020296746864914894,0.05875633284449577,0.006644120439887047,0.00012166576198069379,-0.011764006689190865,0.013031256385147572,0.1070370003581047,0.0628974437713623,0.4459601640701294,-0.21529360115528107,0.14335383474826813,0.968307614326477,0.24668607115745544,0.023685546591877937,-0.031071698293089867,0.006644120439887047,0.00012166576198069379,-0.011764006689190865,0.013031256385147572,0.1070370003581047,0.0628974437713623,-0.8268190979661004,0.0844959421554254,0.09141856539767082,0.4974184989069081,0.06123796134397614,-0.048598317218241
471.0,9.42,0.0,471.0,0.4320143163204193,0.20282089710235596,0.07283394783735275,0.9132764935493469,-0.40240296721458435,0.020997866988182068,0.05963980406522751,0.006436406634747982,0.0007275663083419204,-0.017312973737716675,0.048980891704559326,0.09607736021280289,0.04174216091632843,0.44659432768821716,-0.21495263278484344,0.14199115335941315,0.9682257175445557,0.2469298392534256,0.024803010746836662,-0.030817020684480667,0.006436406634747982,0.0007275663083419204,-0.017312973737716675,0.048980891704559326,0.09607736021280289,0.04174216091632843,-0.8260386830710902,0.08645987075216086,0.092513043760027,0.49791536679036885,0.06329133988135978,-0.04753949814148843
472.0,9.44,0.0,472.0,0.43210041522979736,0.2031218707561493,0.07204785197973251,0.9135180711746216,-0.40171366930007935,0.02154327742755413,0.06038806959986687,0.008275307714939117,0.0034683288540691137,-0.015639953315258026,0.08840592950582504,0.07191244512796402,0.04551392048597336,0.44715896248817444,-0.21473653614521027,0.14058707654476166,0.9680423736572266,0.24758048355579376,0.02574094943702221,-0.030584482476115227,0.008275307714939117,0.0034683288540691137,-0.015639953315258026,0.08840592950582504,0.07191244512796402,0.04551392048597336,-0.8244638429416747,0.08799127608710544,0.09352027087203084,0.4992578044725343,0.06502670999877515,-0.04658349435988175
473.0,9.46,0.0,473.0,0.43215489387512207,0.20350416004657745,0.07176628708839417,0.9139004945755005,-0.40072348713874817,0.021702537313103676,0.06112002953886986,0.011612104251980782,0.004399907775223255,-0.011679325252771378,0.12445013225078583,0.03570476174354553,0.058029644191265106,0.4477485418319702,-0.21448196470737457,0.13940081000328064,0.9677825570106506,0.2485811859369278,0.02638755552470684,-0.030136262997984886,0.011612104251980782,0.004399907775223255,-0.011679325252771378,0.12445013225078583,0.03570476174354553,0.058029644191265106,-0.8222435972860631,0.08876891040369012,0.09483675428499001,0.5013436453099714,0.06610557173155931,-0.045326276857364546
474.0,9.48,0.0,474.0,0.4322044253349304,0.20386961102485657,0.0720459595322609,0.9144163131713867,-0.3994623124599457,0.02144685946404934,0.0617479532957077,0.015059529803693295,0.0036784217227250338,-0.007617126684635878,0.15911515057086945,-0.003955599386245012,0.057593926787376404,0.44832560420036316,-0.21428316831588745,0.1385168433189392,0.9674527049064636,0.24990585446357727,0.02666398696601391,-0.029522880911827087,0.015059529803693295,0.0036784217227250338,-0.007617126684635878,0.15911515057086945,-0.003955599386245012,0.057593926787376404,-0.8194522024990886,0.08867081722153337,0.09631891982870207,0.5041164915346688,0.06639693317482868,-0.04390782381744786
475.0,9.5,0.0,475.0,0.4323368966579437,0.2039828896522522,0.07287821918725967,0.9150837063789368,-0.39791402220726013,0.02088811993598938,0.06204822286963463,0.01708243601024151,0.0024117163848131895,-0.0035801318008452654,0.19487449526786804,-0.04062686488032341,0.02642819471657276,0.44877147674560547,-0.21438273787498474,0.137917622923851,0.9670411944389343,0.25157055258750916,0.026521001011133194,-0.02898993343114853,0.01708243601024151,0.0024117163848131895,-0.0035801318008452654,0.19487449526786804,-0.04062686488032341,0.02642819471657276,-0.8160684905003535,0.08772092576992442,0.09746366539278814,0.5075944044836188,0.06592756335730426,-0.04283121976269031
476.0,9.52,0.0,476.0,0.43262243270874023,0.20363643765449524,0.07422696799039841,0.9159054160118103,-0.3960919678211212,0.020142337307333946,0.06182914599776268,0.018337560817599297,-0.00028000507154501975,0.0003627337282523513,0.22436529397964478,-0.07359175384044647,-0.019412459805607796,0.4489765763282776,-0.21499037742614746,0.13758429884910583,0.9665449261665344,0.2535582482814789,0.02593030221760273,-0.028759360313415527,0.018337560817599297,-0.00028000507154501975,0.0003627337282523513,0.22436529397964478,-0.07359175384044647,-0.019412459805607796,-0.8121324073000835,0.08598290323951568,0.09781957028299347,0.5117290628341702,0.06475517286757204,-0.04254670963854618
477.0,9.540000000000001,0.0,477.0,0.43305572867393494,0.20278947055339813,0.07600823789834976,0.916851818561554,-0.39405596256256104,0.019274694845080376,0.061081815510988235,0.018100978806614876,-0.0032870671711862087,0.0037739749532192945,0.24844171106815338,-0.10082033276557922,-0.06124886870384216,0.4489182233810425,-0.2161359190940857,0.13748912513256073,0.965976893901825,0.2557991147041321,0.024933047592639923,-0.02887633629143238,0.018100978806614876,-0.0032870671711862087,0.0037739749532192945,0.24844171106815338,-0.10082033276557922,-0.06124886870384216,-0.8077736053018837,0.0835806748783053,0.09730798687117295,0.5163750628266658,0.06298421025656663,-0.04313090919791434
478.0,9.56,0.0,478.0,0.43359315395355225,0.20149943232536316,0.07815525680780411,0.9179013967514038,-0.3918377459049225,0.018300076946616173,0.059876441955566406,0.01702297478914261,-0.005657503381371498,0.006590515840798616,0.27037152647972107,-0.12451086938381195,-0.09781438857316971,0.4486100971698761,-0.2177518755197525,0.1375930905342102,0.9653447866439819,0.25825396180152893,0.023582248017191887,-0.029293492436408997,0.01702297478914261,-0.005657503381371498,0.006590515840798616,0.27037152647972107,-0.12451086938381195,-0.09781438857316971,-0.8030555159451666,0.08060630248082562,0.09603894963995127,0.5214569953491216,0.06069759101689629,-0.04447275653966272
479.0,9.58,0.0,479.0,0.4341835379600525,0.19984732568264008,0.08059214055538177,0.9190328121185303,-0.38946235179901123,0.017232254147529602,0.058316539973020554,0.015238367952406406,-0.009907975792884827,0.007689246907830238,0.2840447723865509,-0.14322853088378906,-0.12266610562801361,0.44808557629585266,-0.21974675357341766,0.13784192502498627,0.9646549224853516,0.2608892023563385,0.02195073291659355,-0.029936693608760834,0.015238367952406406,-0.009907975792884827,0.007689246907830238,0.2840447723865509,-0.14322853088378906,-0.12266610562801361,-0.7980248838720891,0.07717479275989622,0.09418612193721371,0.5269128647886584,0.05800258343617974,-0.046398368904625384
480.0,9.6,0.0,480.0,0.4347587823867798,0.19792680442333221,0.08320052921772003,0.9202245473861694,-0.3869498670101166,0.016100013628602028,0.056544940918684006,0.01244016457349062,-0.015661127865314484,0.006174379959702492,0.2939702868461609,-0.15481162071228027,-0.13333415985107422,0.4473894238471985,-0.22201688587665558,0.13813482224941254,0.9639124274253845,0.2636736333370209,0.020147548988461494,-0.030710304155945778,0.01244016457349062,-0.015661127865314484,0.006174379959702492,0.2939702868461609,-0.15481162071228027,-0.13333415985107422,-0.7927150524627642,0.07345741811888225,0.0919856744976216,0.5326857723182352,0.05506376220586611,-0.04867228775928899
481.0,9.620000000000001,0.0,481.0,0.4352516233921051,0.19583548605442047,0.08587076514959335,0.921477735042572,-0.38426753878593445,0.014954627491533756,0.05471117049455643,0.007226761430501938,-0.019599230960011482,0.004912568721920252,0.31266045570373535,-0.15243548154830933,-0.13478785753250122,0.4465656876564026,-0.22446170449256897,0.13833311200141907,0.9631090760231018,0.2666299045085907,0.018307937309145927,-0.03152885288000107,0.007226761430501938,-0.019599230960011482,0.004912568721920252,0.31266045570373535,-0.15243548154830933,-0.13478785753250122,-0.7870442332899193,0.06966452134796158,0.08967448134774775,0.5388267064270054,0.05210172845585621,-0.051060010818905405
482.0,9.64,0.0,482.0,0.4356183707714081,0.19365374743938446,0.0885445773601532,0.9228007793426514,-0.38137081265449524,0.013845917768776417,0.05294814333319664,0.00121360644698143,-0.022908857092261314,0.005737388040870428,0.33747750520706177,-0.14069095253944397,-0.12526512145996094,0.445667564868927,-0.22699995338916779,0.1383390724658966,0.9622329473495483,0.2697948217391968,0.01655576005578041,-0.0323195680975914,0.00121360644698143,-0.022908857092261314,0.005737388040870428,0.33747750520706177,-0.14069095253944397,-0.12526512145996094,-0.7809074094099575,0.06598766647952367,0.0874618756659442,0.5454133777264855,0.04932028574514966,-0.05335474182349692
483.0,9.66,0.0,483.0,0.43581482768058777,0.191484272480011,0.09121855348348618,0.9242098927497864,-0.3781920075416565,0.012819132767617702,0.051405154168605804,-0.005916469264775515,-0.02466706372797489,0.010673698969185352,0.3722810447216034,-0.11682319641113281,-0.10569775849580765,0.4447613060474396,-0.2295299768447876,0.13809041678905487,0.9612659215927124,0.2732280194759369,0.015023553743958473,-0.03299442306160927,-0.005916469264775515,-0.02466706372797489,0.010673698969185352,0.3722810447216034,-0.11682319641113281,-0.10569775849580765,-0.7741518086826443,0.06261809243981356,0.08559414812643917,0.5525694901703518,0.04693048457687415,-0.055312183112407626
484.0,9.68,0.0,484.0,0.43581876158714294,0.18935269117355347,0.09384290874004364,0.9256794452667236,-0.37476950883865356,0.011957879178225994,0.05021959915757179,-0.014860986731946468,-0.027691980823874474,0.02255488559603691,0.4080919027328491,-0.07292620092630386,-0.08331683278083801,0.44391754269599915,-0.23201632499694824,0.13757602870464325,0.9602211117744446,0.27687788009643555,0.013859042897820473,-0.0334957055747509,-0.014860986731946468,-0.027691980823874474,0.02255488559603691,0.4080919027328491,-0.07292620092630386,-0.08331683278083801,-0.7668536807886297,0.05981556036359476,0.08426182863537826,0.5601835855603134,0.045179300192716626,-0.05674035176413887
485.0,9.700000000000001,0.0,485.0,0.43566352128982544,0.1869993358850479,0.0962546244263649,0.9271208047866821,-0.37131160497665405,0.011637766845524311,0.04938860237598419,-0.021899374201893806,-0.04234867915511131,0.03368845582008362,0.4116276800632477,-0.017943495884537697,-0.05957862734794617,0.44308093190193176,-0.23469744622707367,0.13683559000492096,0.9591572880744934,0.280499666929245,0.013339814729988575,-0.03405120596289635,-0.021899374201893806,-0.04234867915511131,0.03368845582008362,0.4116276800632477,-0.017943495884537697,-0.05957862734794617,-0.7594480278021367,0.05828935811326734,0.08317288332981125,0.5677249789946829,0.04470754771142637,-0.05792752711909902
486.0,9.72,0.0,486.0,0.4355573356151581,0.18512752652168274,0.09857062995433807,0.9288895726203918,-0.36694854497909546,0.011235948652029037,0.048851851373910904,-0.014015979133546352,-0.018017997965216637,0.016476251184940338,0.5000362992286682,-0.005548862274736166,-0.0431097075343132,0.4425351321697235,-0.23694024980068207,0.13517826795578003,0.9578121900558472,0.2850387394428253,0.013002180494368076,-0.03434889763593674,-0.014015979133546352,-0.018017997965216637,0.016476251184940338,0.5000362992286682,-0.005548862274736166,-0.0431097075343132,-0.7500965294193276,0.05675661960883591,0.08273737287520044,0.5771933482585869,0.04450350787622169,-0.0584785171907665
487.0,9.74,0.0,487.0,0.435438871383667,0.1834777295589447,0.10033868253231049,0.9306284189224243,-0.3625316023826599,0.011222987435758114,0.04874171316623688,-0.010011754930019379,-0.023075886070728302,0.0007448283140547574,0.4748208522796631,0.02491007000207901,-0.007044907659292221,0.4422304928302765,-0.23892131447792053,0.13294121623039246,0.9564403295516968,0.28957387804985046,0.013236294500529766,-0.03455032408237457,-0.010011754930019379,-0.023075886070728302,0.0007448283140547574,0.4748208522796631,0.02491007000207901,-0.007044907659292221,-0.740609404894674,0.05625935091089571,0.08280893562312941,0.5866504366517962,0.04534472935001452,-0.058518382159415516
488.0,9.76,0.0,488.0,0.4353427588939667,0.18194328248500824,0.10133780539035797,0.9321857690811157,-0.3584594428539276,0.011556090787053108,0.04902438446879387,-0.010900185443460941,-0.04363385960459709,-0.0016731183277443051,0.40228569507598877,0.08344818651676178,0.007375315763056278,0.44218841195106506,-0.24072259664535522,0.13026362657546997,0.9551670551300049,0.29370245337486267,0.01395978033542633,-0.03464455530047417,-0.010900185443460941,-0.04363385960459709,-0.0016731183277443051,0.40228569507598877,0.08344818651676178,0.007375315763056278,-0.7318444621341793,0.05672174116444306,0.083345195771447,0.5952581184860577,0.047035550841150596,-0.05807945655479385
489.0,9.78,0.0,489.0,0.4353778064250946,0.18054726719856262,0.10160113871097565,0.9337359070777893,-0.35431599617004395,0.012231667526066303,0.04947752133011818,-0.005995077546685934,-0.028262121602892876,-0.03316248208284378,0.42724135518074036,0.1120084896683693,0.01698843576014042,0.4423239827156067,-0.24235545098781586,0.12680114805698395,0.9538561701774597,0.2978582978248596,0.01506185531616211,-0.03481613099575043,-0.005995077546685934,-0.028262121602892876,-0.03316248208284378,0.42724135518074036,0.1120084896683693,0.01698843576014042,-0.7229166504105904,0.05793604258035545,0.08396947012751471,0.6039212546261722,0.04949443057459363,-0.05754875071030996
490.0,9.8,0.0,490.0,0.43547484278678894,0.17927999794483185,0.10105118900537491,0.9351241588592529,-0.3504919707775116,0.013394503854215145,0.05018848925828934,-0.008193113841116428,-0.04269127920269966,-0.02066033147275448,0.34148478507995605,0.17352959513664246,0.017744099721312523,0.4426073729991913,-0.24380938708782196,0.12283444404602051,0.9526339173316956,0.30162927508354187,0.01668238826096058,-0.03507503494620323,-0.008193113841116428,-0.04269127920269966,-0.02066033147275448,0.34148478507995605,0.17352959513664246,0.017744099721312523,-0.7146489688668658,0.06026884608881572,0.08473059807091286,0.611772857242893,0.052968489134729256,-0.05687391240576704
491.0,9.82,0.0,491.0,0.4356331527233124,0.17820416390895844,0.10023671388626099,0.9363014698028564,-0.34713464975357056,0.015130913816392422,0.0510697215795517,-0.01373333390802145,-0.02765555866062641,0.00998885091394186,0.29861748218536377,0.23773446679115295,0.010205120779573917,0.4429446756839752,-0.24502475559711456,0.11904729157686234,0.9515464901924133,0.30486392974853516,0.018824420869350433,-0.03553953766822815,-0.01373333390802145,-0.02765555866062641,0.00998885091394186,0.29861748218536377,0.23773446679115295,0.010205120779573917,-0.7073520760414745,0.06383367762400748,0.08540590706688134,0.618489798333351,0.05752578275244081,-0.05628001447507987
492.0,9.84,0.0,492.0,0.43581339716911316,0.1775510013103485,0.09932468831539154,0.9372006058692932,-0.3444540798664093,0.01717369444668293,0.05207395553588867,-0.008530729450285435,-0.024293120950460434,0.016614940017461777,0.1919897496700287,0.22980853915214539,0.026677260175347328,0.44333145022392273,-0.24577216804027557,0.11578644067049026,0.9506673812866211,0.30737486481666565,0.021234523504972458,-0.03607720509171486,-0.008530729450285435,-0.024293120950460434,0.016614940017461777,0.1919897496700287,0.22980853915214539,0.026677260175347328,-0.7014853355215365,0.06811721607409266,0.0860820264068807,0.6236894102664663,0.06259323880437069,-0.05567865691160164
493.0,9.86,0.0,493.0,0.4360674321651459,0.17708714306354523,0.09806185960769653,0.9376212954521179,-0.34307074546813965,0.018961794674396515,0.05300075188279152,-0.0001304619072470814,-0.02459297515451908,-0.0010763301979750395,0.08052852004766464,0.18982695043087006,0.012846123427152634,0.44382619857788086,-0.2462761551141739,0.11333706974983215,0.9502087831497192,0.30859214067459106,0.023305619135499,-0.036484453827142715,-0.0001304619072470814,-0.02459297515451908,-0.0010763301979750395,0.08052852004766464,0.18982695043087006,0.012846123427152634,-0.6984041195351746,0.07198614599123423,0.08671171959210242,0.6261908945131238,0.06685782980263627,-0.05510275551154469
494.0,9.88,0.0,494.0,0.4364235997200012,0.1766858547925949,0.09636402875185013,0.937650740146637,-0.34279105067253113,0.02049802429974079,0.053716301918029785,0.00634126178920269,-0.026041531935334206,-0.019403433427214622,-0.017979755997657776,0.1576148122549057,0.013161431066691875,0.4443499445915222,-0.24668149650096893,0.11143942177295685,0.9501097798347473,0.30872079730033875,0.02497076615691185,-0.036874134093523026,0.00634126178920269,-0.026041531935334206,-0.019403433427214622,-0.017979755997657776,0.1576148122549057,0.013161431066691875,-0.6976997306425283,0.0753381411155593,0.08703759074661832,0.6264129688423264,0.07027536646157441,-0.05481361386289704
495.0,9.9,0.0,495.0,0.43687430024147034,0.17630493640899658,0.0943610742688179,0.9373942017555237,-0.34332653880119324,0.021893111988902092,0.05421917513012886,0.010237027890980244,-0.026489470154047012,-0.025402387604117393,-0.09042011946439743,0.13986268639564514,-0.005180408712476492,0.44486063718795776,-0.24704203009605408,0.1099676713347435,0.9502748847007751,0.30804410576820374,0.02633635699748993,-0.037323080003261566,0.010237027890980244,-0.026489470154047012,-0.025402387604117393,-0.09042011946439743,0.13986268639564514,-0.005180408712476492,-0.698753991222242,0.07835486548005677,0.08699275937883562,0.624941907415094,0.07311297658900438,-0.054882942156726275
496.0,9.92,0.0,496.0,0.4374358654022217,0.17577539384365082,0.09229420125484467,0.9369487762451172,-0.34441325068473816,0.023345129564404488,0.05442134290933609,0.010534397326409817,-0.0258256234228611,-0.015690278261899948,-0.1379280686378479,0.1372421830892563,-0.04275665804743767,0.4452457129955292,-0.24753554165363312,0.10893382877111435,0.950610876083374,0.30681493878364563,0.027522141113877296,-0.03802936151623726,0.010534397326409817,-0.0258256234228611,-0.015690278261899948,-0.1379280686378479,0.1372421830892563,-0.04275665804743767,-0.7010045564381443,0.08132283739833576,0.08629114022541624,0.622294050060181,0.07573401125098217,-0.05560177572651224
497.0,9.94,0.0,497.0,0.43821269273757935,0.174991175532341,0.09056546539068222,0.9365082383155823,-0.3455577790737152,0.024883437901735306,0.05406254157423973,0.014294625259935856,-0.00878176186233759,-0.0027582934126257896,-0.12463392317295074,0.11816806346178055,-0.10365145653486252,0.44537585973739624,-0.24828673899173737,0.1083003506064415,0.9509468078613281,0.30553746223449707,0.028425183147192,-0.03922892361879349,0.014294625259935856,-0.00878176186233759,-0.0027582934126257896,-0.12463392317295074,0.11816806346178055,-0.10365145653486252,-0.7034197269231973,0.08406956395807476,0.08446104232947266,0.6195147633879076,0.07811290763432087,-0.05744599213365806
498.0,9.96,0.0,498.0,0.4391719698905945,0.17418065667152405,0.08929672092199326,0.936124324798584,-0.3466154932975769,0.026305442675948143,0.053263064473867416,0.019945906475186348,0.0057028247974812984,0.004709258209913969,-0.12454532831907272,0.08898279070854187,-0.12402798980474472,0.44536200165748596,-0.24906866252422333,0.10805093497037888,0.9512423276901245,0.30437108874320984,0.028971092775464058,-0.04070596396923065,0.019945906475186348,0.0057028247974812984,0.004709258209913969,-0.12454532831907272,0.08898279070854187,-0.12402798980474472,-0.7056920666397832,0.08628094965359927,0.08188167154850114,0.6169526018044709,0.0799817422215597,-0.06003440449184898
499.0,9.98,0.0,499.0,0.44012144207954407,0.17367689311504364,0.08825758844614029,0.935641884803772,-0.34794333577156067,0.02746235579252243,0.052492596209049225,0.02285752445459366,0.00840561930090189,0.009550469927489758,-0.16960544884204865,0.06935970485210419,-0.09538556635379791,0.44544219970703125,-0.24952679872512817,0.10826609283685684,0.9516294598579407,0.30295103788375854,0.02930813655257225,-0.041989706456661224,0.02285752445459366,0.00840561930090189,0.009550469927489758,-0.16960544884204865,0.06935970485210419,-0.09538556635379791,-0.7085553055031901,0.08803242287319854,0.07950916850005169,0.6138712003192554,0.08131218951099163,-0.06240597400613004
500.0,10.0,0.0,500.0,0.4408881664276123,0.17373713850975037,0.08721286058425903,0.9349347949028015,-0.3498176038265228,0.028346262872219086,0.05216351896524429,0.02293265610933304,0.0072534047067165375,0.013519948348402977,-0.2302883416414261,0.06264567375183105,-0.027690863236784935,0.44578948616981506,-0.24938614666461945,0.10895423591136932,0.9522090554237366,0.3009834289550781,0.029665134847164154,-0.04274306073784828,0.02293265610933304,0.0072534047067165375,0.013519948348402977,-0.2302883416414261,0.06264567375183105,-0.027690863236784935,-0.712568838835315,0.08961916801964455,0.07809941025979832,0.6096752058532621,0.08231765314248755,-0.0638024032997051
501.0,10.02,0.0,501.0,0.4412974417209625,0.17466603219509125,0.08601117134094238,0.9339683055877686,-0.3522714078426361,0.028929252177476883,0.05263987183570862,0.01933637261390686,0.0074762930162250996,0.013569090515375137,-0.28652867674827576,0.06326416879892349,0.07121603935956955,0.44653239846229553,-0.24833247065544128,0.10998784750699997,0.9530000686645508,0.2984229028224945,0.03024234250187874,-0.04266137629747391,0.01933637261390686,0.0074762930162250996,0.013569090515375137,-0.28652867674827576,0.06326416879892349,0.07121603935956955,-0.7177767156086552,0.09125165849840944,0.07835185827159016,0.6042914739116981,0.08320013208197571,-0.06352488644516623
502.0,10.040000000000001,0.0,502.0,0.44126999378204346,0.1765299290418625,0.0845802053809166,0.9327626824378967,-0.35523125529289246,0.029178112745285034,0.05397067964076996,0.013728633522987366,0.009974688291549683,0.007799040526151657,-0.33175015449523926,0.057075828313827515,0.1582908183336258,0.4476376175880432,-0.24629326164722443,0.11122610419988632,0.953976571559906,0.2953418493270874,0.03104952536523342,-0.04168684035539627,0.013728633522987366,0.009974688291549683,0.007799040526151657,-0.33175015449523926,0.057075828313827515,0.1582908183336258,-0.7240186537055062,0.09291029952716068,0.08038663101551566,0.5978814606742479,0.08396339900466536,-0.06145110680458487
503.0,10.06,0.0,503.0,0.44085925817489624,0.1790856271982193,0.08296547085046768,0.9313662648200989,-0.3586004376411438,0.02905629575252533,0.055842749774456024,0.008088801056146622,0.013968893326818943,-0.0023784402292221785,-0.3664740324020386,0.03312661871314049,0.20885787904262543,0.4489096403121948,-0.24350780248641968,0.11262992769479752,0.9550943374633789,0.2918485701084137,0.0318712443113327,-0.04004600644111633,0.008088801056146622,0.013968893326818943,-0.0023784402292221785,-0.3664740324020386,0.03312661871314049,0.20885787904262543,-0.7311134541501376,0.09431433117862544,0.08364975020945775,0.5906648093825663,0.0843548146339735,-0.0581315803139141
504.0,10.08,0.0,504.0,0.44016769528388977,0.18203352391719818,0.08131247013807297,0.9298309683799744,-0.3622904419898987,0.02849024347960949,0.05786373093724251,0.004011240322142839,0.018362266942858696,-0.014355226419866085,-0.3948170244693756,-0.012293117120862007,0.2309710532426834,0.45014524459838867,-0.2402748018503189,0.11426883935928345,0.9563118815422058,0.28804951906204224,0.0324142761528492,-0.03800443559885025,0.004011240322142839,0.018362266942858696,-0.014355226419866085,-0.3948170244693756,-0.012293117120862007,0.2309710532426834,-0.7389076524662656,0.09505225132610437,0.08746933348279096,0.5828514114520779,0.08398934836342875,-0.054232011053756544
505.0,10.1,0.0,505.0,0.43928641080856323,0.18510128557682037,0.07984121143817902,0.9281402230262756,-0.366380900144577,0.0273912250995636,0.059751953929662704,0.0026276353746652603,0.01507809478789568,-0.015990126878023148,-0.4413594901561737,-0.0747099220752716,0.23007789254188538,0.4512268900871277,-0.236856147646904,0.11643833667039871,0.9576455354690552,0.2838784456253052,0.03242936357855797,-0.03572690486907959,0.0026276353746652603,0.01507809478789568,-0.015990126878023148,-0.4413594901561737,-0.0747099220752716,0.23007789254188538,-0.7476036498679008,0.09477156639942177,0.09138178885409635,0.5742911943048276,0.08248938337732195,-0.05020716573624843
506.0,10.120000000000001,0.0,506.0,0.4383625090122223,0.18804770708084106,0.07902222871780396,0.9263323545455933,-0.3708077669143677,0.0257552582770586,0.06121000647544861,0.0038386587984859943,0.017942754551768303,0.0030835047364234924,-0.4653517007827759,-0.14289848506450653,0.20282119512557983,0.45205092430114746,-0.23349644243717194,0.11955846101045609,0.9590645432472229,0.27940937876701355,0.031734295189380646,-0.03344668447971344,0.0038386587984859943,0.017942754551768303,0.0030835047364234924,-0.4653517007827759,-0.14289848506450653,0.20282119512557983,-0.7570953243600222,0.09324521096596303,0.0948547428197075,0.5651209458123322,0.07964527428466125,-0.04658580473401492
507.0,10.14,0.0,507.0,0.4374547600746155,0.1908680945634842,0.07935460656881332,0.9245056509971619,-0.37532350420951843,0.023686446249485016,0.062133777886629105,0.00306395604275167,0.03047480247914791,0.04597157984972,-0.45829954743385315,-0.20070256292819977,0.16598837077617645,0.4525494873523712,-0.2302219718694687,0.12391158193349838,0.9604858160018921,0.27488973736763,0.030364129692316055,-0.03131663054227829,0.00306395604275167,0.03047480247914791,0.04597157984972,-0.45829954743385315,-0.20070256292819977,0.16598837077617645,-0.766859585567768,0.09056076810894845,0.0976606166828317,0.5558451709055046,0.07561791038124532,-0.04360315942194958
508.0,10.16,0.0,508.0,0.43667906522750854,0.19338896870613098,0.08127105236053467,0.9228630661964417,-0.3794572353363037,0.02158569172024727,0.06220962852239609,-0.006367091089487076,0.05798092111945152,0.1129196286201477,-0.4003779888153076,-0.21199581027030945,0.05166981369256973,0.4524669945240021,-0.2272687703371048,0.1295183300971985,0.9617558121681213,0.270785391330719,0.028472598642110825,-0.02984427660703659,-0.006367091089487076,0.05798092111945152,0.1129196286201477,-0.4003779888153076,-0.21199581027030945,0.05166981369256973,-0.7758837838292051,0.08716338960911049,0.09897690138822157,0.5474014025281557,0.07098974955688671,-0.04210432774482569
509.0,10.18,0.0,509.0,0.4365050196647644,0.1947423815727234,0.08420374989509583,0.9211226105690002,-0.3840106725692749,0.019182579591870308,0.060833100229501724,0.031606126576662064,0.017528431490063667,0.09167242050170898,-0.5227308869361877,-0.3713739812374115,-0.053813911974430084,0.45186492800712585,-0.22544310986995697,0.13653212785720825,0.9631052613258362,0.26631298661231995,0.025417745113372803,-0.02931653894484043,0.031606126576662064,0.017528431490063667,0.09167242050170898,-0.5227308869361877,-0.3713739812374115,-0.053813911974430084,-0.785946318096702,0.08215253712130584,0.0978222170174501,0.5381570274411951,0.06461964906870003,-0.0430347532493443
510.0,10.200000000000001,0.0,510.0,0.43655866384506226,0.19547130167484283,0.08624217659235,0.9193016290664673,-0.38874921202659607,0.016780277714133263,0.058966219425201416,0.0023145521990954876,0.026367580518126488,0.03698384016752243,-0.46009883284568787,-0.25161293148994446,-0.0600333996117115,0.45107176899909973,-0.22419244050979614,0.14282600581645966,0.9644712209701538,0.26164597272872925,0.022047966718673706,-0.029167700558900833,0.0023145521990954876,0.026367580518126488,0.03698384016752243,-0.46009883284568787,-0.25161293148994446,-0.0600333996117115,-0.7964559259500005,0.07677381186245767,0.09579705089837164,0.5285208175173971,0.05782468818746796,-0.04481516013202987
511.0,10.22,0.0,511.0,0.4363885819911957,0.19615241885185242,0.0864826962351799,0.9176626205444336,-0.3928734362125397,0.015326300635933876,0.05753792077302933,-0.0010539807844907045,0.01692330278456211,-0.009365445002913475,-0.4243275225162506,-0.19666984677314758,-0.06261473149061203,0.450167179107666,-0.2230173498392105,0.1467893123626709,0.9656317234039307,0.2575053572654724,0.01973533444106579,-0.029273420572280884,-0.0010539807844907045,0.01692330278456211,-0.009365445002913475,-0.4243275225162506,-0.19666984677314758,-0.06261473149061203,-0.8055752876257778,0.07340491080493795,0.09394900145666751,0.51997514936954,0.05321536554689088,-0.046453216858389976
512.0,10.24,0.0,512.0,0.4362465441226959,0.1965411752462387,0.08570216596126556,0.9162259697914124,-0.39641380310058594,0.014587932266294956,0.05633184686303139,-0.013829144649207592,0.016073603183031082,-0.02805602177977562,-0.35157421231269836,-0.09383276104927063,-0.05806029587984085,0.4492904841899872,-0.22217760980129242,0.1492195427417755,0.9666059613227844,0.25389665365219116,0.01816193386912346,-0.029661063104867935,-0.013829144649207592,0.016073603183031082,-0.02805602177977562,-0.35157421231269836,-0.09383276104927063,-0.05806029587984085,-0.8133891869279526,0.07145391468800999,0.09202400364445815,0.5125212704654794,0.05019361854139723,-0.048197938794836026
513.0,10.26,0.0,513.0,0.43599817156791687,0.1969975233078003,0.08420106023550034,0.9150478839874268,-0.3992171287536621,0.014543788507580757,0.05569092929363251,-0.01938851922750473,0.014969293028116226,-0.03615087270736694,-0.2860901355743408,-0.015521661378443241,-0.04301934689283371,0.44859862327575684,-0.22133885324001312,0.15027618408203125,0.9673678278923035,0.2509760558605194,0.01753350719809532,-0.030052755028009415,-0.01938851922750473,0.014969293028116226,-0.03615087270736694,-0.2860901355743408,-0.015521661378443241,-0.04301934689283371,-0.8195435731837054,0.07114207078196995,0.09066063882045962,0.5064790298230084,0.049027379826115505,-0.04942263103944584
514.0,10.28,0.0,514.0,0.43574994802474976,0.1975068747997284,0.08229981362819672,0.9140939712524414,-0.4014073312282562,0.014980988577008247,0.055496178567409515,-0.017062101513147354,0.017011623829603195,-0.038193169981241226,-0.21973341703414917,0.03683731332421303,-0.014738247729837894,0.44815516471862793,-0.22051256895065308,0.1503870189189911,0.9679585695266724,0.24864010512828827,0.017600977793335915,-0.030407659709453583,-0.017062101513147354,0.017011623829603195,-0.038193169981241226,-0.21973341703414917,0.03683731332421303,-0.014738247729837894,-0.8243218674601138,0.07200341721444875,0.08978340106543428,0.50163347484861,0.0492150213889902,-0.050195914886091195
515.0,10.3,0.0,515.0,0.4356611371040344,0.1980418562889099,0.08042179048061371,0.9134154319763184,-0.40291792154312134,0.015700045973062515,0.05552149564027786,-0.007105302065610886,0.020598895847797394,-0.029106950387358665,-0.15219824016094208,0.05980474874377251,-0.028499649837613106,0.44797655940055847,-0.21974977850914001,0.1499091386795044,0.9683611392974854,0.24698680639266968,0.01807321608066559,-0.03078378364443779,-0.007105302065610886,0.020598895847797394,-0.029106950387358665,-0.15219824016094208,0.05980474874377251,-0.028499649837613106,-0.8275963310152993,0.07348868871816876,0.08913499328093687,0.4981882345812013,0.05023029384714711,-0.05077777988698061
516.0,10.32,0.0,516.0,0.4357239902019501,0.19861860573291779,0.07881306856870651,0.9129678606987,-0.40386414527893066,0.016560029238462448,0.05576289817690849,-0.0020772009156644344,0.020767711102962494,-0.017317812889814377,-0.09932974725961685,0.08883940428495407,0.012226474471390247,0.44808441400527954,-0.2190229296684265,0.14918918907642365,0.968611478805542,0.2459082007408142,0.018829137086868286,-0.03109370730817318,-0.0020772009156644344,0.020767711102962494,-0.017317812889814377,-0.09932974725961685,0.08883940428495407,0.012226474471390247,-0.8296217056026621,0.07535007838983833,0.0888118123951562,0.49592560101451144,0.05179176257013525,-0.051065579803316136
517.0,10.34,0.0,517.0,0.4357012212276459,0.19938212633132935,0.0772126168012619,0.9126364588737488,-0.4044713079929352,0.01748146116733551,0.056499965488910675,-0.0025759399868547916,0.01700827106833458,-0.01727244257926941,-0.05669093877077103,0.11641736328601837,0.027145402505993843,0.448493629693985,-0.21814832091331482,0.14816822111606598,0.9687787890434265,0.24516268074512482,0.019963189959526062,-0.031061531975865364,-0.0025759399868547916,0.01700827106833458,-0.01727244257926941,-0.05669093877077103,0.11641736328601837,0.027145402505993843,-0.8308766606813976,0.07769178709711316,0.08937451611817351,0.4943577609818875,0.05393621101190249,-0.050489867040737435
518.0,10.36,0.0,518.0,0.4356823265552521,0.2001238614320755,0.07569742202758789,0.9124861359596252,-0.4046396017074585,0.01848287507891655,0.05739402398467064,-0.0011969096958637238,0.018775295466184616,-0.013315499760210514,-0.0037226045969873667,0.12845958769321442,0.04642365872859955,0.44900766015052795,-0.2173592895269394,0.1468331515789032,0.9688280820846558,0.2448672205209732,0.021287856623530388,-0.030968453735113144,-0.0011969096958637238,0.018775295466184616,-0.013315499760210514,-0.0037226045969873667,0.12845958769321442,0.04642365872859955,-0.8311586575706686,0.08026469225999087,0.09019695323277771,0.4937197667177748,0.056444831114825476,-0.049680338889348724
519.0,10.38,0.0,519.0,0.43565818667411804,0.2009468376636505,0.07444261014461517,0.9125334620475769,-0.4043377935886383,0.019489673897624016,0.058429617434740067,-0.00029856013134121895,0.021413888782262802,-0.0055240970104932785,0.04249676316976547,0.13761304318904877,0.0517718605697155,0.44961777329444885,-0.21655817329883575,0.14532768726348877,0.9687520265579224,0.2450617402791977,0.022737260907888412,-0.030781785026192665,-0.00029856013134121895,0.021413888782262802,-0.0055240970104932785,0.04249676316976547,0.13761304318904877,0.0517718605697155,-0.8304009734475015,0.08291551912825393,0.0913172642148008,0.4940986315723136,0.059174925331286564,-0.04859991751499524
520.0,10.4,0.0,520.0,0.4356386065483093,0.20169956982135773,0.07336997985839844,0.9126634001731873,-0.40383777022361755,0.020472342148423195,0.05950826779007912,0.006803758442401886,0.0007115470943972468,-0.01176413707435131,0.011792969889938831,0.10832597315311432,0.06096832454204559,0.4502660632133484,-0.21585597097873688,0.14382168650627136,0.968621551990509,0.24546433985233307,0.02420848421752453,-0.030552363023161888,0.006803758442401886,0.0007115470943972468,-0.01176413707435131,0.011792969889938831,0.10832597315311432,0.06096832454204559,-0.8292062308476428,0.0855363720679967,0.09255704914360019,0.49491354310853514,0.06193634491889106,-0.047411352357592786
521.0,10.42,0.0,521.0,0.4357152283191681,0.20207661390304565,0.07226475328207016,0.912726640701294,-0.40352770686149597,0.02118705026805401,0.060388125479221344,0.006785874720662832,0.0011907166335731745,-0.01717447303235531,0.047250159084796906,0.09712642431259155,0.04059228673577309,0.45090794563293457,-0.21550381183624268,0.14244867861270905,0.9685418605804443,0.24569575488567352,0.025333477184176445,-0.030308568850159645,0.006785874720662832,0.0011907166335731745,-0.01717447303235531,0.047250159084796906,0.09712642431259155,0.04059228673577309,-0.8284473191482317,0.08752422473431834,0.09363119020586338,0.49538576435956266,0.06401013355310997,-0.046373128163654055
522.0,10.44,0.0,522.0,0.43581539392471313,0.20237411558628082,0.07145074009895325,0.9129629135131836,-0.4028504490852356,0.021764149889349937,0.06112492457032204,0.008207378908991814,0.003997588064521551,-0.015224702656269073,0.0866396352648735,0.07481400668621063,0.04273730888962746,0.45147156715393066,-0.21529065072536469,0.1410282850265503,0.9683611989021301,0.24633143842220306,0.02628842368721962,-0.03010416403412819,0.008207378908991814,0.003997588064521551,-0.015224702656269073,0.0866396352648735,0.07481400668621063,0.04273730888962746,-0.8268972923626188,0.08910602511718023,0.09458991040540059,0.4966964975055801,0.06579204177296354,-0.045466076816860615
523.0,10.46,0.0,523.0,0.435884028673172,0.20275114476680756,0.07113920897245407,0.9133400917053223,-0.40187427401542664,0.02196325920522213,0.06184335798025131,0.01154374796897173,0.004986031912267208,-0.011141318827867508,0.12255150079727173,0.03881998360157013,0.05532411113381386,0.4520564377307892,-0.21504144370555878,0.1398257166147232,0.968104898929596,0.24731504917144775,0.02695692516863346,-0.029690774157643318,0.01154374796897173,0.004986031912267208,-0.011141318827867508,0.12255150079727173,0.03881998360157013,0.05532411113381386,-0.8247053640433636,0.08994759468730354,0.09584866807502843,0.49874525222062044,0.06693016944958864,-0.04426739734598758
524.0,10.48,0.0,524.0,0.4359448552131653,0.20312055945396423,0.07139115780591965,0.9138495922088623,-0.4006298780441284,0.02174512855708599,0.06246552988886833,0.014891180209815502,0.004311198368668556,-0.007044100668281317,0.15694043040275574,-0.0006275753839872777,0.05612720176577568,0.4526320993900299,-0.21483877301216125,0.13893017172813416,0.9677801132202148,0.24862006306648254,0.027257999405264854,-0.02910461090505123,0.014891180209815502,0.004311198368668556,-0.007044100668281317,0.15694043040275574,-0.0006275753839872777,0.05612720176577568,-0.821947557151061,0.0899157639551116,0.09729050019286663,0.5014755576839702,0.06728220744536106,-0.042890102556063424
525.0,10.5,0.0,525.0,0.43607643246650696,0.2032582312822342,0.07219555228948593,0.9145073294639587,-0.3991050720214844,0.021213669329881668,0.06278184801340103,0.016865750774741173,0.003013333771377802,-0.00304184528067708,0.192234605550766,-0.03746498003602028,0.028034351766109467,0.45308423042297363,-0.21491357684135437,0.13832497596740723,0.967376708984375,0.25025850534439087,0.02714477851986885,-0.028575202450156212,0.016865750774741173,0.003013333771377802,-0.00304184528067708,0.192234605550766,-0.03746498003602028,0.028034351766109467,-0.8186107198576185,0.08903078191165134,0.09844414648965104,0.504897902883787,0.06687062756052707,-0.0418051139897227
526.0,10.52,0.0,526.0,0.43635040521621704,0.20295776426792145,0.07352056354284286,0.9153174757957458,-0.3973102271556854,0.020481973886489868,0.06260204315185547,0.018083136528730392,0.0005040948744863272,0.0010339184664189816,0.22204475104808807,-0.0705844983458519,-0.015547513961791992,0.45330625772476196,-0.21547479927539825,0.1379929780960083,0.9668908715248108,0.2522166669368744,0.02658730372786522,-0.02832183800637722,0.018083136528730392,0.0005040948744863272,0.0010339184664189816,0.22204475104808807,-0.0705844983458519,-0.015547513961791992,-0.814728572856265,0.08735092060052367,0.09886337895977111,0.5089707300138995,0.06574786624885438,-0.0414581466203375
527.0,10.540000000000001,0.0,527.0,0.4367680549621582,0.2021617889404297,0.07528457790613174,0.9162527918815613,-0.3953024446964264,0.01962273009121418,0.06190096586942673,0.01788819395005703,-0.002503949450328946,0.004589668940752745,0.24604181945323944,-0.09813550859689713,-0.05753985419869423,0.4532671272754669,-0.21656997501850128,0.13790643215179443,0.9663347601890564,0.2544279992580414,0.02562319114804268,-0.028406953439116478,0.01788819395005703,-0.002503949450328946,0.004589668940752745,0.24604181945323944,-0.09813550859689713,-0.05753985419869423,-0.8104256699309251,0.08500028845789716,0.0984337278838008,0.5135540241839011,0.06401993312169166,-0.04196098705271582
528.0,10.56,0.0,528.0,0.4372943043708801,0.20091712474822998,0.07742214947938919,0.917291522026062,-0.39311498403549194,0.01865292340517044,0.06073646619915962,0.016919367015361786,-0.00496507715433836,0.007355016190558672,0.26769205927848816,-0.12257631123065948,-0.0941551923751831,0.45297887921333313,-0.21814225614070892,0.1380293220281601,0.9657161235809326,0.25685182213783264,0.024299275130033493,-0.028794309124350548,0.016919367015361786,-0.00496507715433836,0.007355016190558672,0.26769205927848816,-0.12257631123065948,-0.0941551923751831,-0.8057698188815334,0.08206525197789206,0.09724052390606462,0.5185687468922691,0.0617634024256481,-0.04322748833450682
529.0,10.58,0.0,529.0,0.43786972761154175,0.19931520521640778,0.07985521852970123,0.9184133410453796,-0.3907691240310669,0.01758434996008873,0.059221506118774414,0.014737932942807674,-0.00818000640720129,0.009021004661917686,0.2842576801776886,-0.14015315473079681,-0.1182188093662262,0.4524743854999542,-0.22008998692035675,0.13830174505710602,0.9650400876998901,0.2594580054283142,0.022692756727337837,-0.02940109558403492,0.014737932942807674,-0.00818000640720129,0.009021004661917686,0.2842576801776886,-0.14015315473079681,-0.1182188093662262,-0.8007990118832297,0.07866438295201118,0.09547660263587379,0.5239607656224131,0.05908990708891288,-0.04506470373914704
530.0,10.6,0.0,530.0,0.4384201467037201,0.1974582076072693,0.08246936649084091,0.9195933938026428,-0.3882918655872345,0.016444383189082146,0.057507988065481186,0.011968085542321205,-0.01431412622332573,0.008014976978302002,0.2923053503036499,-0.15242597460746765,-0.1274605542421341,0.4518004059791565,-0.22229963541030884,0.13863278925418854,0.964314341545105,0.26220813393592834,0.020916961133480072,-0.030123641714453697,0.011968085542321205,-0.01431412622332573,0.008014976978302002,0.2923053503036499,-0.15242597460746765,-0.1274605542421341,-0.7955609382009358,0.07497426797406521,0.09339518170804907,0.5296584212800163,0.05616789602460634,-0.047220099580493384
531.0,10.620000000000001,0.0,531.0,0.4388878047466278,0.19544336199760437,0.08516063541173935,0.9208300709724426,-0.38565793633461,0.01526468712836504,0.055740077048540115,0.007515024393796921,-0.01893896795809269,0.006063496693968773,0.3086364269256592,-0.15371137857437134,-0.12659050524234772,0.4510110914707184,-0.22467041015625,0.13889576494693756,0.9635326266288757,0.2651187777519226,0.019087696447968483,-0.03086821176111698,0.007515024393796921,-0.01893896795809269,0.006063496693968773,0.3086364269256592,-0.15371137857437134,-0.12659050524234772,-0.7899913051228339,0.07116562493442269,0.0912375291079585,0.5357012178127452,0.053175764061661544,-0.04945406179613845
532.0,10.64,0.0,532.0,0.43922239542007446,0.19336259365081787,0.08786094188690186,0.9221413135528564,-0.3827981650829315,0.014106790535151958,0.05405663698911667,0.0014388089766725898,-0.02189374342560768,0.006308651529252529,0.334425687789917,-0.1425095647573471,-0.1152118369936943,0.450154572725296,-0.22711247205734253,0.13896110653877258,0.9626756906509399,0.26825082302093506,0.017343368381261826,-0.03156531974673271,0.0014388089766725898,-0.02189374342560768,0.006308651529252529,0.334425687789917,-0.1425095647573471,-0.1152118369936943,-0.7839308243880077,0.06745360144595883,0.08921652373827349,0.5422167338253815,0.05034818556604789,-0.051557722365329794
533.0,10.66,0.0,533.0,0.4393847584724426,0.19129735231399536,0.09055586159229279,0.9235386848449707,-0.37965866923332214,0.013018222525715828,0.052590131759643555,-0.00642476137727499,-0.021715007722377777,0.011877324432134628,0.37466612458229065,-0.11638262867927551,-0.09693389385938644,0.4492884874343872,-0.22954414784908295,0.13876768946647644,0.9617291688919067,0.2716505825519562,0.01580740511417389,-0.032141365110874176,-0.00642476137727499,-0.021715007722377777,0.011877324432134628,0.37466612458229065,-0.11638262867927551,-0.09693389385938644,-0.7772570394473818,0.0640220152658952,0.08754401738081671,0.5493006868130456,0.04788562594583012,-0.0533207513968059
534.0,10.68,0.0,534.0,0.43936121463775635,0.1892559826374054,0.0932045578956604,0.9249928593635559,-0.37628909945487976,0.0120922876521945,0.051463037729263306,-0.014220797456800938,-0.027027852833271027,0.02286429889500141,0.4030427932739258,-0.07779335230588913,-0.07625266909599304,0.4484780728816986,-0.23194605112075806,0.1383238285779953,0.9607089161872864,0.2752538025379181,0.014624321833252907,-0.03255586698651314,-0.014220797456800938,-0.027027852833271027,0.02286429889500141,0.4030427932739258,-0.07779335230588913,-0.07625266909599304,-0.7700701917707689,0.061138604643827324,0.08637403523343021,0.5568153451777381,0.046037944738951196,-0.05458753714604483
535.0,10.700000000000001,0.0,535.0,0.4391944706439972,0.1869746893644333,0.0956583023071289,0.9264307618141174,-0.37285900115966797,0.01169203408062458,0.05064929649233818,-0.019226396456360817,-0.03806322440505028,0.029091954231262207,0.4182981252670288,-0.03207718953490257,-0.053282760083675385,0.4476616084575653,-0.234564408659935,0.13764776289463043,0.9596608877182007,0.27885738015174866,0.014051027595996857,-0.03304803743958473,-0.019226396456360817,-0.03806322440505028,0.029091954231262207,0.4182981252670288,-0.03207718953490257,-0.053282760083675385,-0.7627237293082646,0.059468867630405466,0.08538163694247344,0.5643180994299941,0.045415429101974214,-0.055679495806044706
536.0,10.72,0.0,536.0,0.4390634596347809,0.18519897758960724,0.09797686338424683,0.9282211661338806,-0.36846569180488586,0.01121433824300766,0.050128597766160965,-0.01514370832592249,-0.01613587699830532,0.013963444158434868,0.5002444982528687,-0.007654173299670219,-0.04344261437654495,0.44711923599243164,-0.23672786355018616,0.1359620988368988,0.9583151340484619,0.2834388017654419,0.013666068203747272,-0.03328787535429001,-0.01514370832592249,-0.01613587699830532,0.013963444158434868,0.5002444982528687,-0.007654173299670219,-0.04344261437654495,-0.7533045394608681,0.05779226637692922,0.08504091195047006,0.5738732573119578,0.045078202966109863,-0.05614002966877249
537.0,10.74,0.0,537.0,0.4389280080795288,0.18360190093517303,0.0997757613658905,0.9299967288970947,-0.36398082971572876,0.011163108982145786,0.04999564215540886,-0.010820303112268448,-0.01884751208126545,3.19852442771662e-05,0.4856526553630829,0.02158540114760399,-0.007650190033018589,0.4467857778072357,-0.23867522180080414,0.13369162380695343,0.9569286108016968,0.2880527377128601,0.013860953971743584,-0.03348604962229729,-0.010820303112268448,-0.01884751208126545,3.19852442771662e-05,0.4856526553630829,0.02158540114760399,-0.007650190033018589,-0.7436685089892717,0.05718938141141262,0.08510691441732504,0.5834926311216767,0.04583542228646406,-0.056190684302543065
538.0,10.76,0.0,538.0,0.4388132691383362,0.18206103146076202,0.10077335685491562,0.9315911531448364,-0.35983598232269287,0.011523276567459106,0.0502331517636776,-0.013816396705806255,-0.04208769649267197,-0.0025419010780751705,0.4072224497795105,0.08837591856718063,-0.003530263900756836,0.44667959213256836,-0.24049992859363556,0.13094566762447357,0.9556363821029663,0.292259156703949,0.014582911506295204,-0.03363502770662308,-0.013816396705806255,-0.04208769649267197,-0.0025419010780751705,0.4072224497795105,0.08837591856718063,-0.003530263900756836,-0.7347424563421185,0.05765328010803422,0.08554679214757954,0.5922591065596153,0.04755011421147111,-0.05585385227897008
539.0,10.78,0.0,539.0,0.4388504922389984,0.1805746853351593,0.10098835080862045,0.9331778883934021,-0.3556261658668518,0.012284606695175171,0.05058027058839798,-0.00860249437391758,-0.025662509724497795,-0.03452720493078232,0.43698808550834656,0.11675570905208588,0.004052570089697838,0.4467083215713501,-0.24223971366882324,0.12737537920475006,0.9543057084083557,0.2964833676815033,0.01569141075015068,-0.033945199102163315,-0.00860249437391758,-0.025662509724497795,-0.03452720493078232,0.43698808550834656,0.11675570905208588,0.004052570089697838,-0.7256667271391336,0.05893688348133842,0.08591796754305721,0.6010583069528997,0.05009811970361973,-0.0555820093626516
540.0,10.8,0.0,540.0,0.4389408826828003,0.17923572659492493,0.10038144141435623,0.934601366519928,-0.35173022747039795,0.013534854166209698,0.05121372267603874,-0.01079957839101553,-0.040640708059072495,-0.021792801097035408,0.34971946477890015,0.17933300137519836,0.009292935952544212,0.4468986988067627,-0.24377965927124023,0.1232871264219284,0.9530611038208008,0.30032646656036377,0.01733764447271824,-0.034321293234825134,-0.01079957839101553,-0.040640708059072495,-0.021792801097035408,0.34971946477890015,0.17933300137519836,0.009292935952544212,-0.7172384637283179,0.061364726439690556,0.0864779181596897,0.6090556497119985,0.05368864358730787,-0.05511394277208811
541.0,10.82,0.0,541.0,0.43909963965415955,0.17811600863933563,0.09954848885536194,0.9358075261116028,-0.3483123481273651,0.015316811390221119,0.05203934386372566,-0.014064501039683819,-0.02470448985695839,0.010103133507072926,0.3093135952949524,0.23720143735408783,0.0024442493449896574,0.44717907905578613,-0.24505019187927246,0.11942603439092636,0.9519549608230591,0.30362311005592346,0.019485319033265114,-0.034859560430049896,-0.014064501039683819,-0.02470448985695839,0.010103133507072926,0.3093135952949524,0.23720143735408783,0.0024442493449896574,-0.709806806253545,0.06496475911353738,0.0870206804493477,0.6159007044972054,0.05829964196562325,-0.05465709353346482
542.0,10.84,0.0,542.0,0.4392842948436737,0.17745324969291687,0.09865715354681015,0.9367395639419556,-0.3455541729927063,0.017370790243148804,0.05300590395927429,-0.009099818766117096,-0.02189788594841957,0.01714792102575302,0.200761079788208,0.23042885959148407,0.02437853068113327,0.4475361108779907,-0.2458164095878601,0.11611410975456238,0.9510510563850403,0.3062143623828888,0.02188633568584919,-0.03543602302670479,-0.009099818766117096,-0.02189788594841957,0.01714792102575302,0.200761079788208,0.23042885959148407,0.02437853068113327,-0.7037707726698758,0.06923192310826583,0.08762206579850246,0.6212699934471504,0.0633744928346514,-0.054134166797055426
543.0,10.86,0.0,543.0,0.43951937556266785,0.1770201176404953,0.09739553183317184,0.9371783137321472,-0.34412068128585815,0.019162064418196678,0.05395137146115303,-0.0010611498728394508,-0.02414987049996853,-0.0003532539412844926,0.08259136974811554,0.19163885712623596,0.016425443813204765,0.44802600145339966,-0.24629351496696472,0.1136191189289093,0.950576901435852,0.3074817657470703,0.023974958807229996,-0.035831887274980545,-0.0010611498728394508,-0.02414987049996853,-0.0003532539412844926,0.08259136974811554,0.19163885712623596,0.016425443813204765,-0.7005776495980974,0.07311321630323053,0.0882861733743994,0.6238802265420961,0.06766700159829453,-0.053526186294879534
544.0,10.88,0.0,544.0,0.43983134627342224,0.1766839623451233,0.09567824006080627,0.9372087121009827,-0.3438243567943573,0.0206933431327343,0.05473927780985832,0.0050070323050022125,-0.0258194487541914,-0.019225532189011574,-0.016947977244853973,0.16036491096019745,0.02141951397061348,0.4485663175582886,-0.24663326144218445,0.11168535053730011,0.9504736661911011,0.3076244294643402,0.025682207196950912,-0.03616183251142502,0.0050070323050022125,-0.0258194487541914,-0.019225532189011574,-0.016947977244853973,0.16036491096019745,0.02141951397061348,-0.699831593312958,0.07650396581216244,0.08875022511791636,0.6241379688075809,0.07112899523317819,-0.053099933378961836
545.0,10.9,0.0,545.0,0.4402317404747009,0.1763637661933899,0.09364598989486694,0.936951220035553,-0.34434694051742554,0.022087203338742256,0.055314842611551285,0.008832765743136406,-0.026209218427538872,-0.02570253796875477,-0.08895169198513031,0.1418909877538681,-7.147405267460272e-05,0.4490869343280792,-0.2469310760498047,0.11017113924026489,0.9506351351737976,0.30695751309394836,0.027092689648270607,-0.036552947014570236,0.008832765743136406,-0.026209218427538872,-0.02570253796875477,-0.08895169198513031,0.1418909877538681,-7.147405267460272e-05,-0.7008523583568123,0.07956819183350691,0.08884082994843592,0.6226936798123592,0.07401848293958284,-0.05303441534268299
546.0,10.92,0.0,546.0,0.4407612681388855,0.17584916949272156,0.09155759960412979,0.9365108609199524,-0.3454108238220215,0.02354241907596588,0.0555378757417202,0.009176353923976421,-0.025331689044833183,-0.016380399465560913,-0.13522017002105713,0.13750723004341125,-0.04315925016999245,0.4494571089744568,-0.24740827083587646,0.10909447073936462,0.9509625434875488,0.3057491183280945,0.028295475989580154,-0.03724527359008789,0.009176353923976421,-0.025331689044833183,-0.016380399465560913,-0.13522017002105713,0.13750723004341125,-0.04315925016999245,-0.7030520918563719,0.08255597945305937,0.08817416640725008,0.6200932727207984,0.07666636703037585,-0.05371863057876482
547.0,10.94,0.0,547.0,0.4415176212787628,0.1750383824110031,0.08982298523187637,0.9360827803611755,-0.34652280807495117,0.025082845240831375,0.05515380948781967,0.013084130361676216,-0.008289078250527382,-0.0034573485609143972,-0.12104790657758713,0.1167633906006813,-0.10733433067798615,0.44954630732536316,-0.24818673729896545,0.1084255799651146,0.9512863159179688,0.3045045733451843,0.029186725616455078,-0.03846680745482445,0.013084130361676216,-0.008289078250527382,-0.0034573485609143972,-0.12104790657758713,0.1167633906006813,-0.10733433067798615,-0.7053990217651648,0.08528669041579559,0.08629381966488316,0.6173836501936866,0.07903875164361705,-0.05561309182953241
548.0,10.96,0.0,548.0,0.44246354699134827,0.1741919368505478,0.08856970071792603,0.9357167482376099,-0.3475371301174164,0.02649347297847271,0.05431535094976425,0.01892823725938797,0.00643617007881403,0.0038480712100863457,-0.11953266710042953,0.0858941450715065,-0.1270645707845688,0.44949039816856384,-0.24900680780410767,0.10815215110778809,0.9515662789344788,0.3033841550350189,0.02970283292233944,-0.03996863588690758,0.01892823725938797,0.00643617007881403,0.0038480712100863457,-0.11953266710042953,0.0858941450715065,-0.1270645707845688,-0.7075821200228144,0.08744538150087111,0.0836494025635367,0.6149175359214493,0.08086823681438357,-0.05826614190462661
549.0,10.98,0.0,549.0,0.4433894157409668,0.17367425560951233,0.0875529795885086,0.935251772403717,-0.34882134199142456,0.027618559077382088,0.0535263828933239,0.021870868280529976,0.008761429227888584,0.008398440666496754,-0.16546130180358887,0.06537241488695145,-0.09484729170799255,0.4495397210121155,-0.249480202794075,0.10834915935993195,0.9519388675689697,0.3020112216472626,0.030006589367985725,-0.041248444467782974,0.021870868280529976,0.008761429227888584,0.008398440666496754,-0.16546130180358887,0.06537241488695145,-0.09484729170799255,-0.7103548412983725,0.08912082347034571,0.08126497003056164,0.6119363496686594,0.0821361680385161,-0.060648841208007925
550.0,11.0,0.0,550.0,0.44411468505859375,0.1737576723098755,0.0865345224738121,0.9345570206642151,-0.35065987706184387,0.028447411954402924,0.05321507900953293,0.02195894904434681,0.007942212745547295,0.012263470329344273,-0.2250141203403473,0.05766186863183975,-0.022864244878292084,0.44987380504608154,-0.24931542575359344,0.10902871936559677,0.9525073170661926,0.3000830411911011,0.03033382073044777,-0.04195481911301613,0.02195894904434681,0.007942212745547295,0.012263470329344273,-0.2250141203403473,0.05766186863183975,-0.022864244878292084,-0.7142926774481176,0.09061618019203758,0.07992694847328198,0.6078281688910073,0.08306167877816603,-0.061972373546389486
551.0,11.02,0.0,551.0,0.4444724917411804,0.17474572360515594,0.0853685662150383,0.9336010217666626,-0.3530767560005188,0.028954753652215004,0.053736522793769836,0.018507715314626694,0.00817192904651165,0.012341916561126709,-0.2812936305999756,0.05700647830963135,0.07874858379364014,0.4506208002567291,-0.24819931387901306,0.1100609228014946,0.9532869458198547,0.2975634038448334,0.03088228590786457,-0.041791804134845734,0.018507715314626694,0.00817192904651165,0.012341916561126709,-0.2812936305999756,0.05700647830963135,0.07874858379364014,-0.7194206362283586,0.09214092773133539,0.08031710079895406,0.6025391696950126,0.08384897962362185,-0.061555259833505675
552.0,11.040000000000001,0.0,552.0,0.44439318776130676,0.17666850984096527,0.08398198336362839,0.9324047565460205,-0.3560013175010681,0.029120203107595444,0.05510404706001282,0.012856412678956985,0.01023083832114935,0.0065877726301550865,-0.32754138112068176,0.05024199187755585,0.16310803592205048,0.4517246186733246,-0.246095672249794,0.11130782216787338,0.9542515277862549,0.29452160000801086,0.03164927288889885,-0.04073771461844444,0.012856412678956985,0.01023083832114935,0.0065877726301550865,-0.32754138112068176,0.05024199187755585,0.16310803592205048,-0.72558693546918,0.09367479630471247,0.0824795770200677,0.5962217314945882,0.08449951272988439,-0.05935173252365445
553.0,11.06,0.0,553.0,0.4439465403556824,0.17923857271671295,0.08241908252239227,0.9310189485549927,-0.3593362271785736,0.028923196718096733,0.0569639652967453,0.00736107025295496,0.01394346822053194,-0.0037637692876160145,-0.3620983064174652,0.025094423443078995,0.20824041962623596,0.45296910405158997,-0.24328938126564026,0.11272983998060226,0.9553556442260742,0.2910670340061188,0.032407037913799286,-0.03906073421239853,0.00736107025295496,0.01394346822053194,-0.0037637692876160145,-0.3620983064174652,0.025094423443078995,0.20824041962623596,-0.7326124760528051,0.0949370449972686,0.08577364883826577,0.5890938218443126,0.0847604998651074,-0.055998717919174164
554.0,11.08,0.0,554.0,0.4432394504547119,0.18215098977088928,0.0808347836136818,0.9294953346252441,-0.36299604177474976,0.028287796303629875,0.05892464891076088,0.0035471823066473007,0.01758088357746601,-0.014977698214352131,-0.3913409113883972,-0.021507862955331802,0.22637677192687988,0.45415645837783813,-0.2400854378938675,0.11440908908843994,0.9565594792366028,0.28730377554893494,0.03286061808466911,-0.03702441602945328,0.0035471823066473007,0.01758088357746601,-0.014977698214352131,-0.3913409113883972,-0.021507862955331802,0.22637677192687988,-0.7403507894439006,0.0955107230499238,0.08953072392907656,0.5813591769240862,0.084240369110912,-0.05215867027214952
555.0,11.1,0.0,555.0,0.4423568844795227,0.18516041338443756,0.07947410643100739,0.9278234243392944,-0.3670427203178406,0.027119381353259087,0.060726337134838104,0.002456291113048792,0.014851825311779976,-0.015332234092056751,-0.43489131331443787,-0.08468267321586609,0.22433733940124512,0.45518121123313904,-0.23672054708003998,0.11664944887161255,0.9578746557235718,0.2831835150718689,0.03277096152305603,-0.03477322310209274,0.002456291113048792,0.014851825311779976,-0.015332234092056751,-0.43489131331443787,-0.08468267321586609,0.22433733940124512,-0.7489650981129844,0.09504536816998671,0.09333481104047574,0.5729060668874549,0.08256915410424219,-0.04823938201202843
556.0,11.120000000000001,0.0,556.0,0.4414326250553131,0.1880607157945633,0.07880351692438126,0.9260439872741699,-0.37140247225761414,0.025410648435354233,0.0621030293405056,0.003582073375582695,0.01808311976492405,0.004791568033397198,-0.4572380483150482,-0.15266047418117523,0.1979764848947525,0.45595258474349976,-0.2334054559469223,0.11985757946968079,0.9592688679695129,0.2787898778915405,0.031973518431186676,-0.03251384571194649,0.003582073375582695,0.01808311976492405,0.004791568033397198,-0.4572380483150482,-0.15266047418117523,0.1979764848947525,-0.758325770998405,0.09332864370212086,0.09671610100585608,0.5638926294366788,0.07955535457993636,-0.04470750093372473
557.0,11.14,0.0,557.0,0.4405186176300049,0.19084665179252625,0.07930629700422287,0.9242503046989441,-0.37584102153778076,0.02326802909374237,0.06295524537563324,0.0025649862363934517,0.030880315229296684,0.04824097082018852,-0.449100136756897,-0.20991472899913788,0.16205646097660065,0.45639944076538086,-0.23016676306724548,0.12431186437606812,0.9606633186340332,0.27435627579689026,0.030506715178489685,-0.030396651476621628,0.0025649862363934517,0.030880315229296684,0.04824097082018852,-0.449100136756897,-0.20991472899913788,0.16205646097660065,-0.7679371114754315,0.09045661399990731,0.09945245872567637,0.5547945218047134,0.07536370928085992,-0.04179323996348113
558.0,11.16,0.0,558.0,0.43973225355148315,0.19332647323608398,0.08139453083276749,0.9226463437080383,-0.3798877000808716,0.021107466891407967,0.06295730918645859,-0.007297279313206673,0.058630555868148804,0.11534176021814346,-0.3901923596858978,-0.21925997734069824,0.045798156410455704,0.4562549889087677,-0.22726044058799744,0.1300123780965805,0.9619043469429016,0.27034807205200195,0.028528781607747078,-0.028947992250323296,-0.007297279313206673,0.058630555868148804,0.11534176021814346,-0.3901923596858978,-0.21925997734069824,0.045798156410455704,-0.7767859199655817,0.08689216305913366,0.10068698358576106,0.5465475926932107,0.07059461205081337,-0.04037651065373209
559.0,11.18,0.0,559.0,0.43954452872276306,0.1946408450603485,0.0843978300690651,0.9208611845970154,-0.38455483317375183,0.018456481397151947,0.061574723571538925,0.03553576394915581,0.009785628877580166,0.08281833678483963,-0.5334548354148865,-0.39729318022727966,-0.04186501353979111,0.4556915760040283,-0.2254563719034195,0.13719560205936432,0.9632887244224548,0.265776664018631,0.025268159806728363,-0.02826870232820511,0.03553576394915581,0.009785628877580166,0.08281833678483963,-0.5334548354148865,-0.39729318022727966,-0.04186501353979111,-0.7871126599683262,0.08143943669173097,0.09970351699475233,0.5371041990104669,0.06375056261826278,-0.041125579745128524
560.0,11.200000000000001,0.0,560.0,0.4395289421081543,0.19540491700172424,0.08643008023500443,0.91904616355896,-0.3892638385295868,0.01592291332781315,0.05978385731577873,0.00012753064220305532,0.025653289631009102,0.0325460322201252,-0.4488591253757477,-0.2535073757171631,-0.04412352293729782,0.4549160897731781,-0.22416795790195465,0.14345528185367584,0.964646577835083,0.26114562153816223,0.02184448577463627,-0.027979649603366852,0.00012753064220305532,0.025653289631009102,0.0325460322201252,-0.4488591253757477,-0.2535073757171631,-0.04412352293729782,-0.7975666744853658,0.07588399202661626,0.0979296621018672,0.5275472009860221,0.05678845549518319,-0.042653428635299966
561.0,11.22,0.0,561.0,0.43928298354148865,0.19617310166358948,0.0867282822728157,0.9174426198005676,-0.39328721165657043,0.014368195086717606,0.058460135012865067,-0.0004767854406964034,0.016655905172228813,-0.01031184010207653,-0.4133583605289459,-0.2053408920764923,-0.054233402013778687,0.45403751730918884,-0.2229132205247879,0.14738285541534424,0.9657798409461975,0.25711312890052795,0.019524676725268364,-0.02794383093714714,-0.0004767854406964034,0.016655905172228813,-0.01031184010207653,-0.4133583605289459,-0.2053408920764923,-0.054233402013778687,-0.8064699381663983,0.07241051034343364,0.09636722561387374,0.5192298788646416,0.05210610868758349,-0.04400899380019743
562.0,11.24,0.0,562.0,0.43909814953804016,0.19664420187473297,0.08606924116611481,0.9160409569740295,-0.39673560857772827,0.013523409143090248,0.057332057505846024,-0.013346638530492783,0.016751624643802643,-0.026674896478652954,-0.3413397967815399,-0.09828317910432816,-0.04516928642988205,0.45319992303848267,-0.22200044989585876,0.14984862506389618,0.9667303562164307,0.25360560417175293,0.017922503873705864,-0.028207164257764816,-0.013346638530492783,0.016751624643802643,-0.026674896478652954,-0.3413397967815399,-0.09828317910432816,-0.04516928642988205,-0.8140864358092375,0.07032528195766104,0.09468167312748435,0.5119897075281156,0.04897901564866924,-0.04551722042017441
563.0,11.26,0.0,563.0,0.4388137757778168,0.19718486070632935,0.08466771245002747,0.914882242679596,-0.39948320388793945,0.013400809839367867,0.056778810918331146,-0.018501916900277138,0.014829481020569801,-0.034157894551754,-0.28087806701660156,-0.01999487727880478,-0.034693215042352676,0.45255711674690247,-0.22108247876167297,0.15095184743404388,0.9674792289733887,0.25074613094329834,0.017290478572249413,-0.028483116999268532,-0.018501916900277138,0.014829481020569801,-0.034157894551754,-0.28087806701660156,-0.01999487727880478,-0.034693215042352676,-0.8201180797190345,0.06994171510428912,0.09354985755563873,0.5060786122065246,0.04775857710794333,-0.0465123946823229
564.0,11.28,0.0,564.0,0.43856528401374817,0.1977124661207199,0.08286529034376144,0.9139431715011597,-0.401639461517334,0.013779405504465103,0.0565987192094326,-0.01569623313844204,0.016899924725294113,-0.036053091287612915,-0.21518994867801666,0.031009266152977943,-0.014082815498113632,0.4521353542804718,-0.22024214267730713,0.15112823247909546,0.9680616855621338,0.24845008552074432,0.01732364296913147,-0.028791427612304688,-0.01569623313844204,0.016899924725294113,-0.036053091287612915,-0.21518994867801666,0.031009266152977943,-0.014082815498113632,-0.8248220795508412,0.07071067986933588,0.09275173292064709,0.5013193213804183,0.047865454169067775,-0.047207217803744345
565.0,11.3,0.0,565.0,0.4384993612766266,0.19822417199611664,0.08108243346214294,0.9132837057113647,-0.4031137228012085,0.014466783963143826,0.05659417435526848,-0.006210007704794407,0.020116383209824562,-0.026695458218455315,-0.14972080290317535,0.0569133423268795,-0.031305745244026184,0.451959490776062,-0.21950870752334595,0.15071043372154236,0.9684545993804932,0.24683921039104462,0.01775512471795082,-0.029172595590353012,-0.006210007704794407,0.020116383209824562,-0.026695458218455315,-0.14972080290317535,0.0569133423268795,-0.031305745244026184,-0.8280166937913379,0.07211482339730724,0.0920786042021759,0.4979642453418547,0.04881131617626837,-0.047814481757964725
566.0,11.32,0.0,566.0,0.43859243392944336,0.19875624775886536,0.07953952997922897,0.9128499627113342,-0.40403518080711365,0.015325762331485748,0.056793276220560074,-0.001411295379512012,0.02056359313428402,-0.015472320839762688,-0.09635896235704422,0.0875052958726883,0.007610341999679804,0.45206159353256226,-0.21883128583431244,0.15003259479999542,0.9686975479125977,0.24578870832920074,0.018485944718122482,-0.02951621077954769,-0.001411295379512012,0.02056359313428402,-0.015472320839762688,-0.09635896235704422,0.0875052958726883,0.007610341999679804,-0.8299869863250287,0.07394057478475266,0.09168174253771373,0.4957611779262622,0.050345348340203405,-0.04817694459916089
567.0,11.34,0.0,567.0,0.43860167264938354,0.1995105892419815,0.07802506536245346,0.9125557541847229,-0.40456369519233704,0.01625874638557434,0.05749591812491417,-0.00189976766705513,0.01828017272055149,-0.014461829327046871,-0.05019618943333626,0.11710336059331894,0.023274576291441917,0.45246946811676025,-0.21797792613506317,0.14902521669864655,0.9688429832458496,0.24512703716754913,0.019613325595855713,-0.029520707204937935,-0.00189976766705513,0.01828017272055149,-0.014461829327046871,-0.05019618943333626,0.11710336059331894,0.023274576291441917,-0.8310678768091092,0.07626947594868479,0.09217915343625095,0.4943674346962908,0.0525012206725031,-0.04767005121177409
568.0,11.36,0.0,568.0,0.4386162757873535,0.2002115100622177,0.07653667032718658,0.912428081035614,-0.40468621253967285,0.017306234687566757,0.05834771692752838,-0.001183133339509368,0.019220173358917236,-0.01186964102089405,-0.0004143550177104771,0.13203363120555878,0.03917722776532173,0.4529711902141571,-0.2172369360923767,0.1476754993200302,0.9688787460327148,0.24487809836864471,0.020951205864548683,-0.02949075773358345,-0.001183133339509368,0.019220173358917236,-0.01186964102089405,-0.0004143550177104771,0.13203363120555878,0.03917722776532173,-0.8312468636876151,0.07888822981723206,0.09289102410936821,0.4938248219949782,0.05506946953496015,-0.04697341073394697
569.0,11.38,0.0,569.0,0.43863555788993835,0.20096950232982635,0.0752694383263588,0.9124903082847595,-0.40435656905174255,0.018375376239418983,0.05932517722249031,-6.18396297795698e-05,0.02161705680191517,-0.005094642750918865,0.044514983892440796,0.14092528820037842,0.04420265927910805,0.45356330275535583,-0.21650564670562744,0.14613336324691772,0.9687931537628174,0.2450992316007614,0.022415654733777046,-0.029389159753918648,-6.18396297795698e-05,0.02161705680191517,-0.005094642750918865,0.044514983892440796,0.14092528820037842,0.04420265927910805,-0.8304266228726024,0.08160229541677184,0.0938564943502196,0.49425677168237697,0.05787108397510686,-0.046049249622952364
570.0,11.4,0.0,570.0,0.43864279985427856,0.20170490443706512,0.07419518381357193,0.9126644730567932,-0.40375709533691406,0.01946832798421383,0.06037154793739319,0.0034383139573037624,0.008207782171666622,-0.005002244375646114,0.032956600189208984,0.12785254418849945,0.051612094044685364,0.45418617129325867,-0.21583597362041473,0.14453737437725067,0.9686337113380432,0.24559913575649261,0.02396036684513092,-0.029256204143166542,0.0034383139573037624,0.008207782171666622,-0.005002244375646114,0.032956600189208984,0.12785254418849945,0.051612094044685364,-0.8290092868532583,0.08438710699511813,0.09495701816792317,0.4952686504650972,0.06082572114729318,-0.045006184922287196
571.0,11.42,0.0,571.0,0.4387514293193817,0.2020624279975891,0.07310750335454941,0.912739098072052,-0.4034196436405182,0.020274007692933083,0.061229024082422256,0.006826288532465696,0.001637876033782959,-0.013811481185257435,0.04548785090446472,0.1034308597445488,0.03389962017536163,0.4548218846321106,-0.2155073583126068,0.1431591808795929,0.9685444831848145,0.24585267901420593,0.0251447893679142,-0.029086923226714134,0.006826288532465696,0.001637876033782959,-0.013811481185257435,0.04548785090446472,0.1034308597445488,0.03389962017536163,-0.8281870140223916,0.08651963478903113,0.09591962782560207,0.49578345367842164,0.06305164209815102,-0.0440819608939154
572.0,11.44,0.0,572.0,0.43888044357299805,0.20229092240333557,0.07224585115909576,0.912962794303894,-0.4027717709541321,0.020954906940460205,0.06192464008927345,0.007064096163958311,0.0033453553915023804,-0.013920756056904793,0.0822664201259613,0.08335848897695541,0.03552770987153053,0.45536014437675476,-0.21535922586917877,0.14172078669071198,0.9683690071105957,0.2464503049850464,0.02615344151854515,-0.028978008776903152,0.007064096163958311,0.0033453553915023804,-0.013920756056904793,0.0822664201259613,0.08335848897695541,0.03552770987153053,-0.826699142592886,0.08825964300538242,0.09671627968180255,0.4970109094145514,0.06498136348856531,-0.04333676255894791
573.0,11.46,0.0,573.0,0.43895983695983887,0.20262029767036438,0.07185722142457962,0.9133310914039612,-0.40181154012680054,0.021259024739265442,0.06262616068124771,0.010354926809668541,0.005104752257466316,-0.010637967847287655,0.12111944705247879,0.047512028366327286,0.0506676584482193,0.45592090487480164,-0.21515493094921112,0.14045889675617218,0.9681145548820496,0.24740849435329437,0.02689279243350029,-0.02864200808107853,0.010354926809668541,0.005104752257466316,-0.010637967847287655,0.12111944705247879,0.047512028366327286,0.0506676584482193,-0.8245396880390501,0.08927942649613711,0.09785781039799181,0.4990025645431024,0.06629168055302265,-0.04225582557586788
574.0,11.48,0.0,574.0,0.43902939558029175,0.20295269787311554,0.07203155010938644,0.9138367772102356,-0.40057000517845154,0.02114255353808403,0.0632362961769104,0.013617162592709064,0.004650815390050411,-0.006743927486240864,0.15605519711971283,0.00824721623212099,0.05070840194821358,0.4564746916294098,-0.21498847007751465,0.13949176669120789,0.9677876234054565,0.24870173633098602,0.0272658821195364,-0.028127865865826607,0.013617162592709064,0.004650815390050411,-0.006743927486240864,0.15605519711971283,0.00824721623212099,0.05070840194821358,-0.8217866102100277,0.08942195520407484,0.09919545827775735,0.5017038827592164,0.0668157655055778,-0.040984351980739596
575.0,11.5,0.0,575.0,0.4391605854034424,0.20306217670440674,0.07274842262268066,0.9144848585128784,-0.3990603983402252,0.020710743963718414,0.06355534493923187,0.015270819887518883,0.0031625418923795223,-0.0028020080644637346,0.19007882475852966,-0.027343586087226868,0.025601062923669815,0.45690861344337463,-0.2150885909795761,0.1388162076473236,0.9673861265182495,0.2503151595592499,0.02723117358982563,-0.027657171711325645,0.015270819887518883,0.0031625418923795223,-0.0028020080644637346,0.19007882475852966,-0.027343586087226868,0.025601062923669815,-0.8184806053277874,0.0887205139012401,0.10027279899325338,0.5050699313487425,0.06658131665227628,-0.03997677607726604
576.0,11.52,0.0,576.0,0.43942201137542725,0.20275458693504333,0.0739823505282402,0.9152795076370239,-0.3972918391227722,0.020066626369953156,0.06340301036834717,0.016635224223136902,0.000879481085576117,0.0012281431118026376,0.2199658751487732,-0.06149504333734512,-0.015521535649895668,0.45712339878082275,-0.21565251052379608,0.13841985166072845,0.9669063687324524,0.25223708152770996,0.026757556945085526,-0.027435103431344032,0.016635224223136902,0.000879481085576117,0.0012281431118026376,0.2199658751487732,-0.06149504333734512,-0.015521535649895668,-0.8146523712511937,0.0872226949286186,0.10067034487889123,0.5090641815367475,0.06563150496585103,-0.03965158747884359
577.0,11.540000000000001,0.0,577.0,0.4398234188556671,0.20196998119354248,0.0756678432226181,0.9161975979804993,-0.3953149616718292,0.019271085038781166,0.06274251639842987,0.01670212671160698,-0.0020701009780168533,0.00473488075658679,0.2436467707157135,-0.09042806923389435,-0.05603816360235214,0.4570891261100769,-0.21673154830932617,0.13828517496585846,0.9663589000701904,0.25440898537635803,0.02586638554930687,-0.027526510879397392,0.01670212671160698,-0.0020701009780168533,0.00473488075658679,0.2436467707157135,-0.09042806923389435,-0.05603816360235214,-0.8104135497157529,0.08502075048302915,0.10026223998726869,0.5135630431950649,0.06404216028129427,-0.04013270858733803
578.0,11.56,0.0,578.0,0.4403303265571594,0.20074467360973358,0.07773850113153458,0.9172173142433167,-0.39316481351852417,0.018349187448620796,0.061623331159353256,0.016026636585593224,-0.004519125446677208,0.007592923939228058,0.2649107575416565,-0.11610735952854156,-0.09159339964389801,0.45680955052375793,-0.21827971935272217,0.13837698101997375,0.9657514095306396,0.25678837299346924,0.024605106562376022,-0.027906611561775208,0.016026636585593224,-0.004519125446677208,0.007592923939228058,0.2649107575416565,-0.11610735952854156,-0.09159339964389801,-0.8058360320475032,0.08220917969066835,0.09911179837356314,0.5184829573076633,0.06189651957360111,-0.0413560392980002
579.0,11.58,0.0,579.0,0.44088980555534363,0.19916200637817383,0.08011584728956223,0.9183191061019897,-0.3908606171607971,0.01731857843697071,0.060150183737277985,0.01402388047426939,-0.00762763898819685,0.009426641277968884,0.2815239727497101,-0.13443811237812042,-0.11603470146656036,0.4563164710998535,-0.22020386159420013,0.1386333703994751,0.9650883674621582,0.25934693217277527,0.02305131033062935,-0.02850271202623844,0.01402388047426939,-0.00762763898819685,0.009426641277968884,0.2815239727497101,-0.13443811237812042,-0.11603470146656036,-0.8009540789640934,0.07891050908895084,0.09739230790384157,0.5237728834981058,0.059312045232325854,-0.04314792851216702
580.0,11.6,0.0,580.0,0.44142916798591614,0.1973242610692978,0.08268320560455322,0.9194803833961487,-0.38842472434043884,0.01621391251683235,0.058474428951740265,0.010486477985978127,-0.011968748643994331,0.009704643860459328,0.2944185435771942,-0.1438702642917633,-0.12631918489933014,0.45565566420555115,-0.22239094972610474,0.1389571577310562,0.9643761515617371,0.262050598859787,0.02132352441549301,-0.029216069728136063,0.010486477985978127,-0.011968748643994331,0.009704643860459328,0.2944185435771942,-0.1438702642917633,-0.12631918489933014,-0.7958045375294991,0.07531374840998,0.09535070665197899,0.5293699133220635,0.056469973195378304,-0.0452624474831754
581.0,11.620000000000001,0.0,581.0,0.44188007712364197,0.19533288478851318,0.08533836901187897,0.9206915497779846,-0.38584932684898376,0.015065120533108711,0.05675099045038223,0.006492221262305975,-0.01787913590669632,0.008387151174247265,0.3057503402233124,-0.14732524752616882,-0.12314606457948685,0.4548802673816681,-0.2247334122657776,0.1392391473054886,0.9636135101318359,0.2648974359035492,0.019541636109352112,-0.029943164438009262,0.006492221262305975,-0.01787913590669632,0.008387151174247265,0.3057503402233124,-0.14732524752616882,-0.12314606457948685,-0.7903603346950453,0.07159645445264512,0.0932481830873679,0.5352758779088889,0.05355048821034624,-0.04743998277857306
582.0,11.64,0.0,582.0,0.4422035217285156,0.19328337907791138,0.08802659064531326,0.9219680428504944,-0.38307270407676697,0.013895967975258827,0.05511126294732094,0.0017349878326058388,-0.021864596754312515,0.00750085199251771,0.3284708857536316,-0.14157675206661224,-0.11104635894298553,0.4540526568889618,-0.22713734209537506,0.13936886191368103,0.962783932685852,0.26794368028640747,0.017809724435210228,-0.030596597120165825,0.0017349878326058388,-0.021864596754312515,0.00750085199251771,0.3284708857536316,-0.14157675206661224,-0.11104635894298553,-0.7844806322698632,0.06789866922321666,0.09131225540467375,0.5416104395027749,0.05071189308964146,-0.049455525684050865
583.0,11.66,0.0,583.0,0.4423609673976898,0.19125041365623474,0.09071075916290283,0.9233358502388,-0.38000813126564026,0.0127802025526762,0.053678110241889954,-0.006638858467340469,-0.020091228187084198,0.013011612929403782,0.3736458122730255,-0.11397673934698105,-0.09299355745315552,0.4532163143157959,-0.22953194379806519,0.13923293352127075,0.9618628025054932,0.27126818895339966,0.016267642378807068,-0.03112751431763172,-0.006638858467340469,-0.020091228187084198,0.013011612929403782,0.3736458122730255,-0.11397673934698105,-0.09299355745315552,-0.7779702955032505,0.0644416708365023,0.08971898234168574,0.5485358175764165,0.048200949440515485,-0.05113665662878059
584.0,11.68,0.0,584.0,0.4423418343067169,0.189243346452713,0.09336861222982407,0.9247727990150452,-0.3766857981681824,0.011822326108813286,0.05256568640470505,-0.01306377537548542,-0.026700511574745178,0.022763408720493317,0.39815381169319153,-0.08086898177862167,-0.07424309104681015,0.4524303674697876,-0.23189856112003326,0.1388409435749054,0.9608593583106995,0.2748262286186218,0.015065452083945274,-0.031509652733802795,-0.01306377537548542,-0.026700511574745178,0.022763408720493317,0.39815381169319153,-0.08086898177862167,-0.07424309104681015,-0.7708877766092923,0.06150620865150292,0.08859922675417761,0.5559548208902452,0.04628744674935644,-0.052351884683690085
585.0,11.700000000000001,0.0,585.0,0.4421870708465576,0.18698756396770477,0.09582401067018509,0.926203727722168,-0.3732825219631195,0.011380397714674473,0.051743678748607635,-0.018199371173977852,-0.03682583197951317,0.027309468016028404,0.4171401262283325,-0.035993363708257675,-0.054495882242918015,0.4516291618347168,-0.2344931960105896,0.1381896585226059,0.9598217606544495,0.2784074544906616,0.01445248257368803,-0.031982168555259705,-0.018199371173977852,-0.03682583197951317,0.027309468016028404,0.4171401262283325,-0.035993363708257675,-0.054495882242918015,-0.7636014313125086,0.05974668852798503,0.08762238434189265,0.5634107337781243,0.04556751889061961,-0.053427838963385085
586.0,11.72,0.0,586.0,0.44206586480140686,0.18524806201457977,0.09813249111175537,0.9279960989952087,-0.3688940703868866,0.010841095820069313,0.051214929670095444,-0.014435871504247189,-0.014238457195460796,0.010519415140151978,0.5022895336151123,-0.011283159255981445,-0.03778214007616043,0.4511047899723053,-0.2366245537996292,0.13649660348892212,0.9584799408912659,0.28299060463905334,0.014013705775141716,-0.032190319150686264,-0.014435871504247189,-0.014238457195460796,0.010519415140151978,0.5022895336151123,-0.011283159255981445,-0.03778214007616043,-0.754196024751837,0.05793916260325345,0.0873132939428121,0.5729705715789124,0.04509810941733194,-0.053856816275533154
587.0,11.74,0.0,587.0,0.441907674074173,0.1837160587310791,0.09986892342567444,0.9297764897346497,-0.36439815163612366,0.01076267845928669,0.051125362515449524,-0.011839746497571468,-0.017746686935424805,-0.002456225920468569,0.4869769811630249,0.02492760308086872,-0.005959899164736271,0.4507903754711151,-0.2385110855102539,0.1341523677110672,0.9570935368537903,0.28761813044548035,0.01421496830880642,-0.032338157296180725,-0.011839746497571468,-0.017746686935424805,-0.002456225920468569,0.4869769811630249,0.02492760308086872,-0.005959899164736271,-0.7445344502194825,0.05730510627410318,0.0874814791909545,0.5826195309005504,0.04582822695683243,-0.053806740333650065
588.0,11.76,0.0,588.0,0.4417702853679657,0.1822005957365036,0.1007944643497467,0.9313817024230957,-0.360226035118103,0.011165156960487366,0.05138583853840828,-0.015417135320603848,-0.040637172758579254,-0.0037452206015586853,0.41022366285324097,0.09407439082860947,-0.003501714440062642,0.45066961646080017,-0.24031522870063782,0.13131007552146912,0.955794632434845,0.29184964299201965,0.014986335299909115,-0.032495927065610886,-0.015417135320603848,-0.040637172758579254,-0.0037452206015586853,0.41022366285324097,0.09407439082860947,-0.003501714440062642,-0.7355445756446918,0.05785135285180707,0.08793592080560295,0.591437560585662,0.04763357009991636,-0.0534574062150024
589.0,11.78,0.0,589.0,0.4417930245399475,0.18071770668029785,0.10094702988862991,0.9329782128334045,-0.35599377751350403,0.011976765468716621,0.05173693224787712,-0.009912353940308094,-0.024542218074202538,-0.03542507812380791,0.43926745653152466,0.12173740565776825,0.0015514336992055178,0.45067423582077026,-0.24205610156059265,0.12765713036060333,0.9544579982757568,0.2960939407348633,0.016138296574354172,-0.032834719866514206,-0.009912353940308094,-0.024542218074202538,-0.03542507812380791,0.43926745653152466,0.12173740565776825,0.0015514336992055178,-0.7264148959972659,0.059218776296084054,0.08828071966138741,0.6002783330801144,0.05027213551912944,-0.053214113771978766
590.0,11.8,0.0,590.0,0.44187700748443604,0.17937548458576202,0.10027606040239334,0.9344165921211243,-0.35206201672554016,0.01327931322157383,0.052362535148859024,-0.012084724381566048,-0.038571763783693314,-0.02350407838821411,0.3553023040294647,0.18407569825649261,0.006585052236914635,0.4508379399776459,-0.24360398948192596,0.12347234040498734,0.9532023668289185,0.299970418214798,0.017822954803705215,-0.033250320702791214,-0.012084724381566048,-0.038571763783693314,-0.02350407838821411,0.3553023040294647,0.18407569825649261,0.006585052236914635,-0.7179035659588108,0.06172571694861534,0.08879204448232661,0.6083463088278873,0.053952147866160205,-0.05279715059041285
591.0,11.82,0.0,591.0,0.4420413374900818,0.17824701964855194,0.09939272701740265,0.9356386065483093,-0.348604679107666,0.015101438388228416,0.05317116156220436,-0.014477972872555256,-0.0236513651907444,0.009761308319866657,0.31238770484924316,0.24031274020671844,-0.0008579140994697809,0.4510990381240845,-0.2448873519897461,0.11952433735132217,0.9520829319953918,0.3033050298690796,0.01999443769454956,-0.033827897161245346,-0.014477972872555256,-0.0236513651907444,0.009761308319866657,0.31238770484924316,0.24031274020671844,-0.0008579140994697809,-0.7103816822562136,0.06537696754101675,0.08927813975920704,0.6152736346830925,0.058626649448320155,-0.052399060411641024
592.0,11.84,0.0,592.0,0.44223666191101074,0.1775815784931183,0.09847422689199448,0.9365872740745544,-0.3458021879196167,0.017188547179102898,0.05412406101822853,-0.009382380172610283,-0.020864935591816902,0.017638009041547775,0.20382212102413177,0.23439301550388336,0.022239461541175842,0.45144620537757874,-0.24565944075584412,0.11614421755075455,0.9511640071868896,0.3059389591217041,0.022416390478610992,-0.03443656861782074,-0.009382380172610283,-0.020864935591816902,0.017638009041547775,0.20382212102413177,0.23439301550388336,0.022239461541175842,-0.7042452761581579,0.06968599206763045,0.08983468915776141,0.6207361616232228,0.06375749143799056,-0.051922331658472126
593.0,11.86,0.0,593.0,0.4424731731414795,0.17716072499752045,0.09717909246683121,0.9370360374450684,-0.3443366289138794,0.01901997998356819,0.05508046597242355,-0.0015726923011243343,-0.02358005940914154,0.0002178770228056237,0.08403661102056503,0.19654344022274017,0.017061380669474602,0.4519351124763489,-0.24612557888031006,0.11358622461557388,0.9506786465644836,0.30723482370376587,0.024545324966311455,-0.03484933450818062,-0.0015726923011243343,-0.02358005940914154,0.0002178770228056237,0.08403661102056503,0.19654344022274017,0.017061380669474602,-0.7009770276739421,0.07364381583168865,0.09049463661439604,0.623409866754516,0.06813599396090755,-0.051320229009304746
594.0,11.88,0.0,594.0,0.44277411699295044,0.17684704065322876,0.09541694074869156,0.9370683431625366,-0.3440256118774414,0.020593633875250816,0.05590163916349411,0.00417626928538084,-0.025545286014676094,-0.018883101642131805,-0.016326455399394035,0.16579021513462067,0.02336883917450905,0.4524800479412079,-0.24644258618354797,0.1115940660238266,0.9505700469017029,0.3073871433734894,0.026307320222258568,-0.035179562866687775,0.00417626928538084,-0.025545286014676094,-0.018883101642131805,-0.016326455399394035,0.16579021513462067,0.02336883917450905,-0.7001922139968154,0.07713495885267514,0.09099356257192442,0.6236917135744366,0.07170282081582562,-0.050860773983238225
595.0,11.9,0.0,595.0,0.4431610703468323,0.17654570937156677,0.09333384037017822,0.9368115067481995,-0.34453630447387695,0.022029176354408264,0.05651075392961502,0.007898556999862194,-0.026084264740347862,-0.025799186900258064,-0.08840978890657425,0.14676375687122345,0.0013798034051433206,0.453003466129303,-0.2467210590839386,0.11001823842525482,0.9507269859313965,0.30672696232795715,0.027771959081292152,-0.03557028993964195,0.007898556999862194,-0.026084264740347862,-0.025799186900258064,-0.08840978890657425,0.14676375687122345,0.0013798034051433206,-0.7011807325645264,0.08030067061448999,0.0911194158600493,0.622264882101125,0.07469729910184227,-0.050761752022436164
596.0,11.92,0.0,596.0,0.4436764121055603,0.17603643238544464,0.0911928117275238,0.936375081539154,-0.3455828130245209,0.02352437749505043,0.05675423517823219,0.0082656629383564,-0.02523382008075714,-0.017011774703860283,-0.13410192728042603,0.14138437807559967,-0.0430261604487896,0.4533655345439911,-0.24719345569610596,0.10887335985898972,0.9510483145713806,0.3055318295955658,0.029019825160503387,-0.03627149760723114,0.0082656629383564,-0.02523382008075714,-0.017011774703860283,-0.13410192728042603,0.14138437807559967,-0.0430261604487896,-0.7033375085868432,0.08337841415235774,0.09046442494644977,0.6196942277537177,0.07744005489075509,-0.0514356747745772
597.0,11.94,0.0,597.0,0.4444216787815094,0.1752108782529831,0.08940203487873077,0.9359505772590637,-0.3466799259185791,0.025109009817242622,0.05638067051768303,0.0118732750415802,-0.008856349624693394,-0.0038705209735780954,-0.12099999189376831,0.12127619236707687,-0.1088252142071724,0.4534408450126648,-0.2479885220527649,0.10813552141189575,0.9513664841651917,0.3042979836463928,0.02995341271162033,-0.03751227632164955,0.0118732750415802,-0.008856349624693394,-0.0038705209735780954,-0.12099999189376831,0.12127619236707687,-0.1088252142071724,-0.7056482100871377,0.08620041650065885,0.08857369917561446,0.6170073928935972,0.0799081924551276,-0.053341750912795534
598.0,11.96,0.0,598.0,0.4453607201576233,0.17433029413223267,0.08811032772064209,0.9355950355529785,-0.34766703844070435,0.026561886072158813,0.0555330328643322,0.018079066649079323,0.006524836644530296,0.0034045767970383167,-0.11629214137792587,0.08887691795825958,-0.12956367433071136,0.4533592760562897,-0.24884620308876038,0.10780005902051926,0.9516372680664062,0.3032023310661316,0.03049885854125023,-0.039048176258802414,0.018079066649079323,0.006524836644530296,0.0034045767970383167,-0.11629214137792587,0.08887691795825958,-0.12956367433071136,-0.7077706515501813,0.0884315700519969,0.08588420940443964,0.6145908779950058,0.08181794351251649,-0.05604144754705096
599.0,11.98,0.0,599.0,0.4462829530239105,0.17378589510917664,0.08707521110773087,0.9351454377174377,-0.34891125559806824,0.027710547670722008,0.05473688617348671,0.02147546410560608,0.008815135806798935,0.007546404376626015,-0.16132086515426636,0.06664279848337173,-0.09535655379295349,0.45339223742485046,-0.24935004115104675,0.10794313997030258,0.9519966244697571,0.30186861753463745,0.030819423496723175,-0.040349170565605164,0.02147546410560608,0.008815135806798935,0.007546404376626015,-0.16132086515426636,0.06664279848337173,-0.09535655379295349,-0.7104566421849621,0.09014545129725134,0.08347228362233385,0.6116902069767712,0.08313599428957355,-0.05845275746169363
600.0,12.0,0.0,600.0,0.4469973146915436,0.17386795580387115,0.0860450342297554,0.934464693069458,-0.3507089912891388,0.028542974963784218,0.05444395914673805,0.021653637290000916,0.007916999980807304,0.011199047788977623,-0.22009782493114471,0.05840643495321274,-0.01996767707169056,0.4537283480167389,-0.24918897449970245,0.10857369005680084,0.9525521397590637,0.29998087882995605,0.03116370178759098,-0.04104438051581383,0.021653637290000916,0.007916999980807304,0.011199047788977623,-0.22009782493114471,0.05840643495321274,-0.01996767707169056,-0.7143049795486158,0.09166108374522197,0.08216834708198721,0.6076678597260963,0.08409424853337007,-0.05974333150111578
601.0,12.02,0.0,601.0,0.4473417401313782,0.17486387491226196,0.0848698541522026,0.9335223436355591,-0.35308384895324707,0.02904333546757698,0.05499314144253731,0.018515704199671745,0.007948672398924828,0.0114660719409585,-0.27546313405036926,0.056631676852703094,0.0804346427321434,0.45448556542396545,-0.248065784573555,0.10955753177404404,0.9533184170722961,0.29750290513038635,0.03172687441110611,-0.040856264531612396,0.018515704199671745,0.007948672398924828,0.0114660719409585,-0.27546313405036926,0.056631676852703094,0.0804346427321434,-0.7193398442138708,0.09319443518608408,0.08261725281220673,0.6024694408572931,0.08490332669789459,-0.05926845575668853
602.0,12.040000000000001,0.0,602.0,0.44725555181503296,0.17679008841514587,0.083492711186409,0.9323450922966003,-0.35595136880874634,0.029198352247476578,0.05637873336672783,0.01301971822977066,0.009774713777005672,0.006068811751902103,-0.32105565071105957,0.049562424421310425,0.16602396965026855,0.4555986821651459,-0.2459590584039688,0.11076103895902634,0.9542640447616577,0.2945183217525482,0.03250077739357948,-0.03978292644023895,0.01301971822977066,0.009774713777005672,0.006068811751902103,-0.32105565071105957,0.049562424421310425,0.16602396965026855,-0.7253813824149511,0.09472365826091099,0.08482398356075573,0.596276146197427,0.08556663397385406,-0.05702209385633094
603.0,12.06,0.0,603.0,0.44681069254875183,0.17935515940189362,0.08195395022630692,0.9309849143028259,-0.35921311378479004,0.028991488739848137,0.05824524536728859,0.007730704732239246,0.013547506183385849,-0.004066517110913992,-0.35364237427711487,0.02437065728008747,0.20732393860816956,0.45685118436813354,-0.243158757686615,0.11214006692171097,0.9553436040878296,0.2911376953125,0.033260174095630646,-0.038096457719802856,0.007730704732239246,0.013547506183385849,-0.004066517110913992,-0.35364237427711487,0.02437065728008747,0.20732393860816956,-0.7322483187803931,0.09597345636959644,0.0881418256453733,0.5893070555924513,0.08583777883214487,-0.05364697786152832
604.0,12.08,0.0,604.0,0.44611820578575134,0.18223585188388824,0.0804004967212677,0.929495632648468,-0.3627823293209076,0.028362173587083817,0.06018844246864319,0.0038601162377744913,0.017152030020952225,-0.015189805068075657,-0.38131797313690186,-0.021237947046756744,0.223833367228508,0.4580351710319519,-0.23998992145061493,0.11376815289258957,0.9565171599388123,0.2874661386013031,0.033714041113853455,-0.03608003631234169,0.0038601162377744913,0.017152030020952225,-0.015189805068075657,-0.38131797313690186,-0.021237947046756744,0.223833367228508,-0.7397919603050274,0.09654553357624016,0.09186756252856924,0.581765137312687,0.08534323406635391,-0.04984099927667318
605.0,12.1,0.0,605.0,0.4452593922615051,0.18519389629364014,0.07907245308160782,0.9278646111488342,-0.36672601103782654,0.02721147984266281,0.06195784732699394,0.002874468918889761,0.014056352898478508,-0.015812793746590614,-0.42440107464790344,-0.08419577777385712,0.21995289623737335,0.45905083417892456,-0.23668278753757477,0.11594885587692261,0.9577985405921936,0.28345054388046265,0.033625658601522446,-0.03386792913079262,0.002874468918889761,0.014056352898478508,-0.015812793746590614,-0.42440107464790344,-0.08419577777385712,0.21995289623737335,-0.7481861863388733,0.0960880460170478,0.09560459668226554,0.573528585338278,0.0837107139406801,-0.04599209096389822
606.0,12.120000000000001,0.0,606.0,0.44435808062553406,0.18803611397743225,0.07842206209897995,0.926127552986145,-0.37098315358161926,0.02552274614572525,0.06330742686986923,0.0038734227418899536,0.016689158976078033,0.003299684263765812,-0.44715815782546997,-0.151400625705719,0.19570530951023102,0.45981648564338684,-0.2334345579147339,0.11908553540706635,0.9591606259346008,0.2791619896888733,0.03283446282148361,-0.03164517134428024,0.0038734227418899536,0.016689158976078033,0.003299684263765812,-0.44715815782546997,-0.151400625705719,0.19570530951023102,-0.757327315250573,0.09438669969317875,0.09892537122125379,0.5647301260817398,0.0807430069703281,-0.042524651656750505
607.0,12.14,0.0,607.0,0.4434570074081421,0.19077959656715393,0.07891783118247986,0.9243713617324829,-0.37533214688301086,0.02338099665939808,0.06416255980730057,0.003491764422506094,0.028614496812224388,0.04470507428050041,-0.4404944181442261,-0.21095015108585358,0.16340242326259613,0.4602776765823364,-0.23024743795394897,0.12345217913389206,0.9605294466018677,0.2748217284679413,0.031376518309116364,-0.029528873041272163,0.003491764422506094,0.028614496812224388,0.04470507428050041,-0.4404944181442261,-0.21095015108585358,0.16340242326259613,-0.7667460600191104,0.09151767462125897,0.10166856311450509,0.5558223607687292,0.07658130539905049,-0.03960720639332664
608.0,12.16,0.0,608.0,0.44265973567962646,0.19326689839363098,0.0809655636548996,0.9227846264839172,-0.37933462858200073,0.02115236222743988,0.06423499435186386,-0.005401517264544964,0.0545133575797081,0.10855415463447571,-0.3871937096118927,-0.2262139767408371,0.0604722760617733,0.46019652485847473,-0.22733786702156067,0.1290706843137741,0.9617618322372437,0.2708636522293091,0.029391853138804436,-0.027984246611595154,-0.005401517264544964,0.0545133575797081,0.10855415463447571,-0.3871937096118927,-0.2262139767408371,0.0604722760617733,-0.7754995225997194,0.08788437160073533,0.10308209103688279,0.5476796579778593,0.07175732515513207,-0.03801294850014712
609.0,12.18,0.0,609.0,0.4424470365047455,0.1946984827518463,0.08424131572246552,0.921212375164032,-0.38349196314811707,0.01870986446738243,0.06286347657442093,0.03426595404744148,0.023587673902511597,0.0987318903207779,-0.4854721426963806,-0.3894467353820801,-0.04813609644770622,0.4595569372177124,-0.2254813015460968,0.13607008755207062,0.9629989862442017,0.26680833101272583,0.026337407529354095,-0.02744002640247345,0.03426595404744148,0.023587673902511597,0.0987318903207779,-0.4854721426963806,-0.3894467353820801,-0.04813609644770622,-0.784713345920319,0.08278129086144553,0.10199646996171967,0.5392878574545009,0.0654148689774129,-0.038888296234918816
610.0,12.200000000000001,0.0,610.0,0.4424891769886017,0.1954418122768402,0.08665686845779419,0.9194907546043396,-0.38801953196525574,0.016185596585273743,0.060957323759794235,0.001906939665786922,0.027816396206617355,0.04301927238702774,-0.44339606165885925,-0.2619943618774414,-0.06507835537195206,0.4587428569793701,-0.2242506444454193,0.1425503045320511,0.9643097519874573,0.26237648725509644,0.022862540557980537,-0.027253806591033936,0.001906939665786922,0.027816396206617355,0.04301927238702774,-0.44339606165885925,-0.2619943618774414,-0.06507835537195206,-0.7947809257411278,0.07714676588925824,0.10000225817321227,0.530124750137977,0.058427884945353926,-0.04064555930348874
611.0,12.22,0.0,611.0,0.44225582480430603,0.19610415399074554,0.08708353340625763,0.9178816676139832,-0.39208996295928955,0.014703969471156597,0.059519749134778976,-0.002723810262978077,0.016716931015253067,-0.006592023652046919,-0.42020729184150696,-0.20473653078079224,-0.05478135496377945,0.4577731788158417,-0.22311031818389893,0.14665238559246063,0.9654597043991089,0.2582986354827881,0.020526427775621414,-0.027351921424269676,-0.002723810262978077,0.016716931015253067,-0.006592023652046919,-0.42020729184150696,-0.20473653078079224,-0.05478135496377945,-0.8037882708143403,0.07373398643078738,0.09815742947426212,0.5216965639939787,0.05379073735397399,-0.042284195395895424
612.0,12.24,0.0,612.0,0.4420468509197235,0.1965612769126892,0.08644920587539673,0.916441798210144,-0.39564988017082214,0.01380764041095972,0.058351438492536545,-0.01343490369617939,0.015478156507015228,-0.02840917557477951,-0.3531678020954132,-0.10954537987709045,-0.049725133925676346,0.456895649433136,-0.22220639884471893,0.14924372732639313,0.9664463400840759,0.2546837329864502,0.01885116845369339,-0.02761217951774597,-0.01343490369617939,0.015478156507015228,-0.02840917557477951,-0.3531678020954132,-0.10954537987709045,-0.049725133925676346,-0.8116509392898161,0.07154229484346675,0.0964210215687532,0.5142280185521583,0.05052351666750435,-0.04383916556643135
613.0,12.26,0.0,613.0,0.44176533818244934,0.1970480978488922,0.08504629880189896,0.9152458906173706,-0.398510217666626,0.013616619631648064,0.05769931152462959,-0.018801700323820114,0.013216512277722359,-0.037105150520801544,-0.2941613495349884,-0.029863830655813217,-0.038997843861579895,0.45619380474090576,-0.2213352471590042,0.15044671297073364,0.9672286510467529,0.251717746257782,0.018096527084708214,-0.027920745313167572,-0.018801700323820114,0.013216512277722359,-0.037105150520801544,-0.2941613495349884,-0.029863830655813217,-0.038997843861579895,-0.8179348529894768,0.070972203484516,0.09514805716289322,0.5080935847390192,0.049082951830651145,-0.04497034604050518
614.0,12.280000000000001,0.0,614.0,0.44148552417755127,0.19757898151874542,0.08318968862295151,0.9142559766769409,-0.40079352259635925,0.013936006464064121,0.05749913677573204,-0.016925767064094543,0.015501406043767929,-0.0394381582736969,-0.2286524921655655,0.026549382135272026,-0.011282185092568398,0.4557406008243561,-0.22047778964042664,0.15068303048610687,0.9678483009338379,0.24929501116275787,0.0180619228631258,-0.028204651549458504,-0.016925767064094543,0.015501406043767929,-0.0394381582736969,-0.2286524921655655,0.026549382135272026,-0.011282185092568398,-0.8229180675094344,0.07163398012169345,0.09434847781249055,0.5030732885986522,0.04904461645598748,-0.04566090095342816
615.0,12.3,0.0,615.0,0.4413851499557495,0.19811660051345825,0.08132795989513397,0.9135525226593018,-0.40237322449684143,0.014573615975677967,0.0574922077357769,-0.006466249004006386,0.021897314116358757,-0.031245935708284378,-0.1533341258764267,0.04975797235965729,-0.03061700612306595,0.45554161071777344,-0.219705268740654,0.15028072893619537,0.9682715535163879,0.24757781624794006,0.018445439636707306,-0.028553951531648636,-0.006466249004006386,0.021897314116358757,-0.031245935708284378,-0.1533341258764267,0.04975797235965729,-0.03061700612306595,-0.82634361977194,0.07295887449950957,0.09370219344488508,0.49950081187243434,0.04987971275608068,-0.04623654626122769
616.0,12.32,0.0,616.0,0.441478967666626,0.19864226877689362,0.07973340898752213,0.9131000638008118,-0.40334969758987427,0.015391619876027107,0.057623934000730515,-0.0013257914688438177,0.02197704277932644,-0.019661920145154,-0.10129433125257492,0.07976626604795456,0.0003422801091801375,0.4555988609790802,-0.2190290242433548,0.1496000438928604,0.9685291051864624,0.24647557735443115,0.01909872703254223,-0.02892366610467434,-0.0013257914688438177,0.02197704277932644,-0.019661920145154,-0.10129433125257492,0.07976626604795456,0.0003422801091801375,-0.8284378855042221,0.07466271037985354,0.093210633176036,0.4971921368042007,0.05127575761682614,-0.04669038285090499
617.0,12.34,0.0,617.0,0.44150641560554504,0.19933350384235382,0.0781557485461235,0.9127711653709412,-0.40397143363952637,0.016319753602147102,0.058220602571964264,-0.00282211322337389,0.018002096563577652,-0.01722763478755951,-0.061210960149765015,0.11299397796392441,0.014297320507466793,0.4559408724308014,-0.2182275950908661,0.14861424267292023,0.9686973690986633,0.24571974575519562,0.02015029266476631,-0.02900572307407856,-0.00282211322337389,0.018002096563577652,-0.01722763478755951,-0.061210960149765015,0.11299397796392441,0.014297320507466793,-0.8297272860193687,0.07690710586470348,0.0935109650023089,0.4956038706978003,0.05331888045685268,-0.04637538101617894
618.0,12.36,0.0,618.0,0.4415418207645416,0.19994990527629852,0.07661355286836624,0.912607729434967,-0.40419086813926697,0.017380893230438232,0.05894704908132553,-0.00218838918954134,0.019549500197172165,-0.013475436717271805,-0.009907619096338749,0.12758168578147888,0.025532357394695282,0.4563596248626709,-0.2175593227148056,0.14729948341846466,0.9687562584877014,0.24537181854248047,0.021414700895547867,-0.029079940170049667,-0.00218838918954134,0.019549500197172165,-0.013475436717271805,-0.009907619096338749,0.12758168578147888,0.025532357394695282,-0.8301238274790982,0.07945918282159184,0.09397500566568198,0.49485526530311746,0.055790970989213574,-0.045921170331803825
619.0,12.38,0.0,619.0,0.4415876269340515,0.2006234973669052,0.0753302201628685,0.9126412272453308,-0.40394458174705505,0.018457114696502686,0.059783875942230225,-0.000701834331266582,0.022386033087968826,-0.005618742201477289,0.03568646311759949,0.13469623029232025,0.03341107815504074,0.45686304569244385,-0.21690276265144348,0.1458178013563156,0.9686895608901978,0.24550943076610565,0.022792000323534012,-0.029090894386172295,-0.000701834331266582,0.022386033087968826,-0.005618742201477289,0.03568646311759949,0.13469623029232025,0.03341107815504074,-0.8294932967720943,0.08208032612861225,0.09467075976341657,0.49511265219418693,0.05847423466041409,-0.04526156862424203
620.0,12.4,0.0,620.0,0.44161084294319153,0.2013118416070938,0.07426385581493378,0.9127835631370544,-0.40343257784843445,0.01953214220702648,0.06071948632597923,0.0025747076142579317,0.009705898351967335,-0.0046617332845926285,0.025420131161808968,0.12229332327842712,0.04316175729036331,0.4574166536331177,-0.21626907587051392,0.14430935680866241,0.9685512185096741,0.24592235684394836,0.02424803376197815,-0.029031388461589813,0.0025747076142579317,0.009705898351967335,-0.0046617332845926285,0.025420131161808968,0.12229332327842712,0.04316175729036331,-0.8282743560994981,0.08475109242708281,0.09557565278704172,0.49594420427259023,0.06128821846916663,-0.04440844955709775
621.0,12.42,0.0,621.0,0.44172975420951843,0.20163579285144806,0.07318919897079468,0.9128183722496033,-0.4031994342803955,0.02031032368540764,0.06148272380232811,0.006578276865184307,0.0014502282720059156,-0.01370179746299982,0.03214569762349129,0.09580448269844055,0.027627233415842056,0.4579939842224121,-0.21596026420593262,0.14303913712501526,0.9684885740280151,0.24607159197330475,0.02534542605280876,-0.028916211798787117,0.006578276865184307,0.0014502282720059156,-0.01370179746299982,0.03214569762349129,0.09580448269844055,0.027627233415842056,-0.82768723418,0.08676772234707206,0.09637806179552247,0.49624279353028256,0.06336683315375183,-0.04363786984820748
622.0,12.44,0.0,622.0,0.44187355041503906,0.20182344317436218,0.07234083861112595,0.91299968957901,-0.4026639461517334,0.020965902134776115,0.06207982823252678,0.006650140043348074,0.003946483135223389,-0.013445205055177212,0.07119578868150711,0.077064648270607,0.027084115892648697,0.458474725484848,-0.2158384472131729,0.14171640574932098,0.9683423638343811,0.24655671417713165,0.02626551128923893,-0.028865769505500793,0.006650140043348074,0.003946483135223389,-0.013445205055177212,0.07119578868150711,0.077064648270607,0.027084115892648697,-0.8264523507338668,0.0883933910441851,0.09700346612926722,0.49723597704226485,0.06514817121405392,-0.04305662169815583
623.0,12.46,0.0,623.0,0.44196534156799316,0.2021171748638153,0.07196204364299774,0.9133266806602478,-0.40181204676628113,0.02125326544046402,0.06268855929374695,0.009885023348033428,0.0057044727727770805,-0.010048607364296913,0.10966674238443375,0.04218996316194534,0.04434329271316528,0.45897865295410156,-0.21565593779087067,0.140563502907753,0.9681158661842346,0.2474057972431183,0.0269266739487648,-0.028589336201548576,0.009885023348033428,0.0057044727727770805,-0.010048607364296913,0.10966674238443375,0.04218996316194534,0.04434329271316528,-0.8245368813269212,0.08931909194796124,0.09797724417399853,0.49899979073343564,0.06633122239139208,-0.04213703925968735
624.0,12.48,0.0,624.0,0.44204145669937134,0.20243078470230103,0.07213668525218964,0.9137868285179138,-0.40068650245666504,0.021121490746736526,0.06322735548019409,0.01309417188167572,0.0051142750307917595,-0.006185708101838827,0.14353340864181519,0.0038434481248259544,0.04563453048467636,0.45948755741119385,-0.21549323201179504,0.13970264792442322,0.9678197503089905,0.24858111143112183,0.027235673740506172,-0.028118284419178963,0.01309417188167572,0.0051142750307917595,-0.006185708101838827,0.14353340864181519,0.0038434481248259544,0.04563453048467636,-0.822042821973357,0.08938878249108935,0.09918435888741571,0.5014552884891054,0.06674734201407075,-0.0409890360864695
625.0,12.5,0.0,625.0,0.44216927886009216,0.2025362253189087,0.0728410929441452,0.9143829941749573,-0.3993050754070282,0.020676760002970695,0.06349696218967438,0.014663591980934143,0.0035630313213914633,-0.0022074419539421797,0.17650637030601501,-0.030626855790615082,0.02315976470708847,0.4598844647407532,-0.21558068692684174,0.1391316056251526,0.9674532413482666,0.2500630021095276,0.02715124376118183,-0.027674661949276924,0.014663591980934143,0.0035630313213914633,-0.0022074419539421797,0.17650637030601501,-0.030626855790615082,0.02315976470708847,-0.8190205591821481,0.08863827911731877,0.10016840490614005,0.5045477838081802,0.06642474831744846,-0.04006788429694763
626.0,12.52,0.0,626.0,0.4424210786819458,0.2022453248500824,0.0740542784333229,0.9151194095611572,-0.3976760804653168,0.020016426220536232,0.06332100182771683,0.016168005764484406,0.0011991601204499602,0.001831966103054583,0.20526443421840668,-0.06450261175632477,-0.015427357517182827,0.4600781500339508,-0.21610961854457855,0.13884152472019196,0.967012345790863,0.2518407106399536,0.026640446856617928,-0.027457095682621002,0.016168005764484406,0.0011991601204499602,0.001831966103054583,0.20526443421840668,-0.06450261175632477,-0.015427357517182827,-0.8154989357113615,0.08710745132933245,0.10052213642060709,0.5082434140114992,0.06539950624517672,-0.039779903108676136
627.0,12.540000000000001,0.0,627.0,0.44280508160591125,0.20149315893650055,0.07571270316839218,0.9159743785858154,-0.3958488702774048,0.019202182069420815,0.06265673041343689,0.01625417359173298,-0.0017680220771580935,0.005386814475059509,0.2280956357717514,-0.09257304668426514,-0.05458269640803337,0.46003198623657227,-0.21713708341121674,0.13881559669971466,0.9665074348449707,0.2538577616214752,0.025721615180373192,-0.027535466477274895,0.01625417359173298,-0.0017680220771580935,0.005386814475059509,0.2280956357717514,-0.09257304668426514,-0.05458269640803337,-0.8115867445954297,0.08488450797232269,0.10010856542438062,0.5124224240189905,0.06374359528285685,-0.04025981324934075
628.0,12.56,0.0,628.0,0.4432924687862396,0.200309157371521,0.07774733752012253,0.916926383972168,-0.39385828375816345,0.01826341636478901,0.061547961086034775,0.015614749863743782,-0.004261997994035482,0.008230197243392467,0.2485022097826004,-0.1175556406378746,-0.08870367705821991,0.4597497284412384,-0.21862439811229706,0.13901618123054504,0.9659461975097656,0.2560714781284332,0.024442432448267937,-0.027892187237739563,0.015614749863743782,-0.004261997994035482,0.008230197243392467,0.2485022097826004,-0.1175556406378746,-0.08870367705821991,-0.8073557401956114,0.08206685017579969,0.09897760113744648,0.5170003752317899,0.06154377614332956,-0.04145702114271412
629.0,12.58,0.0,629.0,0.4438275992870331,0.19878225028514862,0.0800827145576477,0.9179569482803345,-0.39172253012657166,0.017213037237524986,0.06010182574391365,0.013593286275863647,-0.006989744491875172,0.010199404321610928,0.2655651271343231,-0.13514406979084015,-0.1117299348115921,0.4592630863189697,-0.22047333419322968,0.13938306272029877,0.9653331637382507,0.25845542550086975,0.02287776581943035,-0.028449857607483864,0.013593286275863647,-0.006989744491875172,0.010199404321610928,0.2655651271343231,-0.13514406979084015,-0.1117299348115921,-0.8028376276481032,0.07876956228632682,0.09731107222715182,0.5219301302068123,0.05890943224390497,-0.04318973420502142
630.0,12.6,0.0,630.0,0.4443381428718567,0.1970190852880478,0.08261056989431381,0.9190462231636047,-0.3894570767879486,0.01608267053961754,0.05846851319074631,0.010210968554019928,-0.010782847180962563,0.010944013483822346,0.2792644202709198,-0.14440283179283142,-0.12016133964061737,0.45861801505088806,-0.22256764769554138,0.13982154428958893,0.9646727442741394,0.2609829008579254,0.021144017577171326,-0.02910899929702282,0.010210968554019928,-0.010782847180962563,0.010944013483822346,0.2792644202709198,-0.14440283179283142,-0.12016133964061737,-0.7980549646521835,0.07517417161945913,0.09535686326582932,0.5271639494046321,0.056017310006243375,-0.045211156170538946
631.0,12.620000000000001,0.0,631.0,0.44475871324539185,0.19512687623500824,0.08523790538311005,0.9201860427856445,-0.3870514929294586,0.014902548864483833,0.05680409073829651,0.0055917720310389996,-0.01489085890352726,0.011181228794157505,0.2948751449584961,-0.14474378526210785,-0.11603160947561264,0.45787110924720764,-0.2247946560382843,0.14022882282733917,0.9639633893966675,0.263654887676239,0.01936207339167595,-0.029765408486127853,0.0055917720310389996,-0.01489085890352726,0.011181228794157505,0.2948751449584961,-0.14474378526210785,-0.11603160947561264,-0.7929748452625037,0.0714592523827909,0.09337816421470715,0.5327092481902876,0.053049119204666435,-0.04725975822945033
632.0,12.64,0.0,632.0,0.44504234194755554,0.19320136308670044,0.08791419118642807,0.9213848114013672,-0.38446152210235596,0.01369407493621111,0.055246125906705856,0.0005376329645514488,-0.01762399822473526,0.012789730913937092,0.3193992078304291,-0.1372549682855606,-0.10068007558584213,0.4570828974246979,-0.22705835103988647,0.14051459729671478,0.9631936550140381,0.2665097415447235,0.017636572942137718,-0.03032509982585907,0.0005376329645514488,-0.01762399822473526,0.012789730913937092,0.3193992078304291,-0.1372549682855606,-0.10068007558584213,-0.7874938960717295,0.06776688095603436,0.09161425567888293,0.5386486415226583,0.050159764367918726,-0.049098697581913646
633.0,12.66,0.0,633.0,0.4451741576194763,0.19129909574985504,0.09062939882278442,0.922661304473877,-0.3816225230693817,0.012497911229729652,0.05389104783535004,-0.005410829558968544,-0.0189454797655344,0.017385879531502724,0.35419249534606934,-0.1188795417547226,-0.08368339389562607,0.4563073515892029,-0.22930501401424408,0.14061205089092255,0.9623458385467529,0.2696068286895752,0.01606367528438568,-0.030738763511180878,-0.005410829558968544,-0.0189454797655344,0.017385879531502724,0.35419249534606934,-0.1188795417547226,-0.08368339389562607,-0.781468036332339,0.06423892127943417,0.09021554579578439,0.5451044534390673,0.04751024199662273,-0.05057948853316126
634.0,12.68,0.0,634.0,0.4451602101325989,0.189371258020401,0.09332768619060516,0.9240186810493469,-0.3785128891468048,0.011450927704572678,0.0527849905192852,-0.011204532347619534,-0.02636595070362091,0.023483507335186005,0.37814030051231384,-0.08999313414096832,-0.07166670262813568,0.4555564820766449,-0.2315816432237625,0.1404506266117096,0.9614117741584778,0.27295535802841187,0.01478052232414484,-0.031055187806487083,-0.011204532347619534,-0.02636595070362091,0.023483507335186005,0.37814030051231384,-0.08999313414096832,-0.07166670262813568,-0.7748447769639628,0.061159466812634046,0.08916458257098686,0.5520890611178413,0.045389274407860246,-0.05172109609713466
635.0,12.700000000000001,0.0,635.0,0.4450182318687439,0.18716438114643097,0.09578568488359451,0.9254029393196106,-0.37525129318237305,0.010947396978735924,0.0519217886030674,-0.017906365916132927,-0.03337010368704796,0.025998089462518692,0.40920117497444153,-0.04142817482352257,-0.057837121188640594,0.45475220680236816,-0.23412740230560303,0.1399277150630951,0.960422158241272,0.2764010727405548,0.014083821326494217,-0.03151862323284149,-0.017906365916132927,-0.03337010368704796,0.025998089462518692,0.40920117497444153,-0.04142817482352257,-0.057837121188640594,-0.7678637416549425,0.05926363681328092,0.08814978346932596,0.5592618125799583,0.04449106490819857,-0.05283363329930496
636.0,12.72,0.0,636.0,0.4448891580104828,0.18546293675899506,0.09802884608507156,0.9271988868713379,-0.3708883821964264,0.010433671995997429,0.051334839314222336,-0.017160948365926743,-0.008470344357192516,0.007220035418868065,0.5051698684692383,-0.007280553691089153,-0.0453609898686409,0.45416757464408875,-0.23623709380626678,0.1381913423538208,0.9590948224067688,0.280964732170105,0.013627544045448303,-0.031788550317287445,-0.017160948365926743,-0.008470344357192516,0.007220035418868065,0.5051698684692383,-0.007280553691089153,-0.0453609898686409,-0.7585069260890525,0.057458775243261206,0.08771274165555487,0.5687731767493105,0.044017337305726906,-0.05339579876215103
637.0,12.74,0.0,637.0,0.4447610378265381,0.18379610776901245,0.09969113767147064,0.9289613962173462,-0.36648380756378174,0.010474393144249916,0.051095928996801376,-0.013931584544479847,-0.018649253994226456,0.0016532731242477894,0.4773097634315491,0.031510043889284134,-0.033933959901332855,0.45373672246932983,-0.23827199637889862,0.13585712015628815,0.9577401280403137,0.2855011224746704,0.013823485001921654,-0.03212559223175049,-0.013931584544479847,-0.018649253994226456,0.0016532731242477894,0.4773097634315491,0.031510043889284134,-0.033933959901332855,-0.749034197908521,0.05694303372233254,0.08750818180358125,0.578218329758609,0.04483741149295593,-0.053722491074486615
638.0,12.76,0.0,638.0,0.4446847140789032,0.18210282921791077,0.10059278458356857,0.9305927753448486,-0.36229604482650757,0.011032544076442719,0.051159195601940155,-0.01794089563190937,-0.038603831082582474,-0.0028817146085202694,0.4128449261188507,0.10378027707338333,-0.022471517324447632,0.45348042249679565,-0.24027585983276367,0.132979154586792,0.9564379453659058,0.2897499203681946,0.014595968648791313,-0.03253594785928726,-0.01794089563190937,-0.038603831082582474,-0.0028817146085202694,0.4128449261188507,0.10378027707338333,-0.022471517324447632,-0.7400038252965564,0.05763504512174441,0.08747923401097549,0.5870556379076615,0.046791917403536845,-0.05386382842680679
639.0,12.780000000000001,0.0,639.0,0.4447462558746338,0.18054057657718658,0.10066667944192886,0.9322450757026672,-0.35795941948890686,0.01195918582379818,0.05139084532856941,-0.012070994824171066,-0.0246731024235487,-0.03617639094591141,0.4397567808628082,0.13111796975135803,-0.014723051339387894,0.45339861512184143,-0.24212193489074707,0.12915466725826263,0.9550723433494568,0.2941024601459503,0.015771832317113876,-0.033043235540390015,-0.012070994824171066,-0.0246731024235487,-0.03617639094591141,0.4397567808628082,0.13111796975135803,-0.014723051339387894,-0.7306431812215063,0.05912390621747469,0.0875203487712059,0.5961078876251619,0.04958298714181523,-0.05393268151832828
640.0,12.8,0.0,640.0,0.444847971200943,0.1791066974401474,0.0998900979757309,0.9337040185928345,-0.35400331020355225,0.01337734516710043,0.051957856863737106,-0.013554021716117859,-0.03852774575352669,-0.024580132216215134,0.3585975468158722,0.19226661324501038,0.0016025465447455645,0.45350611209869385,-0.2437790334224701,0.12484439462423325,0.9538137316703796,0.2980025112628937,0.01751285046339035,-0.03357746824622154,-0.013554021716117859,-0.03852774575352669,-0.024580132216215134,0.3585975468158722,0.19226661324501038,0.0016025465447455645,-0.7220712830331437,0.06180680536816665,0.08783566158848369,0.6042107533882815,0.05344575993622342,-0.05371803643980576
641.0,12.82,0.0,641.0,0.44502854347229004,0.17789863049983978,0.09890630096197128,0.9349531531333923,-0.3504980206489563,0.015309158712625504,0.05272120237350464,-0.01656217686831951,-0.026001574471592903,0.01010324340313673,0.31024178862571716,0.25218549370765686,-0.01373403798788786,0.4537213444709778,-0.24515819549560547,0.1207551658153534,0.9526826739311218,0.30138370394706726,0.019745606929063797,-0.03426019847393036,-0.01656217686831951,-0.026001574471592903,0.01010324340313673,0.31024178862571716,0.25218549370765686,-0.01373403798788786,-0.7144403473306977,0.06563114327411483,0.08815572289304087,0.6112215246048973,0.05830655389519456,-0.053492549640926
642.0,12.84,0.0,642.0,0.44524717330932617,0.17713257670402527,0.09789810329675674,0.9359280467033386,-0.3476439118385315,0.01752668432891369,0.053619205951690674,-0.010920282453298569,-0.02220620959997177,0.018966445699334145,0.20526444911956787,0.24533775448799133,0.015269824303686619,0.45401617884635925,-0.2460445910692215,0.1172429621219635,0.9517485499382019,0.30406489968299866,0.02223934978246689,-0.03499424457550049,-0.010920282453298569,-0.02220620959997177,0.018966445699334145,0.20526444911956787,0.24533775448799133,0.015269824303686619,-0.708189358671725,0.07014573606570176,0.08851429157085905,0.6167680012212287,0.06365656621315968,-0.053219894161026654
643.0,12.86,0.0,643.0,0.4454873502254486,0.17669443786144257,0.09653980284929276,0.9363973140716553,-0.3461218476295471,0.019446229562163353,0.05460231378674507,-0.0022575745824724436,-0.024389363825321198,0.0015021039871498942,0.08701617270708084,0.20636966824531555,0.018107319250702858,0.4545091390609741,-0.2465352863073349,0.11457397043704987,0.9512462615966797,0.30541154742240906,0.024457931518554688,-0.03544199466705322,-0.0022575745824724436,-0.024389363825321198,0.0015021039871498942,0.08701617270708084,0.20636966824531555,0.018107319250702858,-0.7047959340352349,0.07428521663804351,0.08916106167344048,0.6195399635652779,0.06823275445571711,-0.05263538533606106
644.0,12.88,0.0,644.0,0.4457959234714508,0.1763746440410614,0.09470921009778976,0.9364417791366577,-0.345766544342041,0.02110549435019493,0.05547027289867401,0.0038937735371291637,-0.02613271400332451,-0.01822035387158394,-0.012724707834422588,0.1762869507074356,0.023313874378800392,0.455078661441803,-0.24686072766780853,0.11247684806585312,0.9511231184005737,0.30559998750686646,0.026318907737731934,-0.03578922525048256,0.0038937735371291637,-0.02613271400332451,-0.01822035387158394,-0.012724707834422588,0.1762869507074356,0.023313874378800392,-0.7039123399500384,0.07796662106342514,0.08968648125859098,0.6198925910664079,0.07200160618110485,-0.05215250242034642
645.0,12.9,0.0,645.0,0.4462013244628906,0.17603816092014313,0.09254125505685806,0.9361921548843384,-0.34624233841896057,0.0226408950984478,0.05610455945134163,0.00792460236698389,-0.026944292709231377,-0.02577410638332367,-0.08534593135118484,0.15688776969909668,-0.0008212636457756162,0.45561671257019043,-0.24717383086681366,0.1107892394065857,0.9512661099433899,0.304964542388916,0.02788001298904419,-0.03622226044535637,0.00792460236698389,-0.026944292709231377,-0.02577410638332367,-0.08534593135118484,0.15688776969909668,-0.0008212636457756162,-0.7048244417389424,0.08133366043448602,0.08978785079942245,0.618512812962478,0.07520651319772598,-0.05207987642308978
646.0,12.92,0.0,646.0,0.44674521684646606,0.17547506093978882,0.09031680971384048,0.935762882232666,-0.34725263714790344,0.024231843650341034,0.05635732412338257,0.008535153232514858,-0.025973975658416748,-0.01726563647389412,-0.12987539172172546,0.150517076253891,-0.04592218995094299,0.4559917151927948,-0.24769775569438934,0.10953331738710403,0.9515712857246399,0.3037955164909363,0.02921115979552269,-0.03697586804628372,0.008535153232514858,-0.025973975658416748,-0.01726563647389412,-0.12987539172172546,0.150517076253891,-0.04592218995094299,-0.7069048850328602,0.08459183800855569,0.08908092962013818,0.6159924174116606,0.07813868751128868,-0.05280749807664116
647.0,12.94,0.0,647.0,0.4475257396697998,0.17458248138427734,0.08846194297075272,0.9353514909744263,-0.3483007252216339,0.025896864011883736,0.055977750569581985,0.012620898894965649,-0.009395630098879337,-0.004469200503081083,-0.1146748960018158,0.12814295291900635,-0.11268053948879242,0.4560777544975281,-0.24855771660804749,0.10869204252958298,0.951869010925293,0.30260246992111206,0.03020738624036312,-0.038271937519311905,0.012620898894965649,-0.009395630098879337,-0.004469200503081083,-0.1146748960018158,0.12814295291900635,-0.11268053948879242,-0.7091145108603139,0.08755133361881029,0.08712139163608465,0.6133861689909159,0.08075705791187775,-0.05478393343296258
648.0,12.96,0.0,648.0,0.44849973917007446,0.17363213002681732,0.08711504191160202,0.9350157976150513,-0.34922027587890625,0.02742353454232216,0.05512307584285736,0.018566712737083435,0.005864432081580162,0.0027725892141461372,-0.10879828780889511,0.09570310264825821,-0.13314750790596008,0.45600625872612,-0.2494838982820511,0.10824554413557053,0.952113151550293,0.3015667200088501,0.030811086297035217,-0.03986023738980293,0.018566712737083435,0.005864432081580162,0.0027725892141461372,-0.10879828780889511,0.09570310264825821,-0.13314750790596008,-0.711097309802369,0.08990413557255589,0.0843685752850889,0.6110905169777089,0.082806916515752,-0.05754855341743418
649.0,12.98,0.0,649.0,0.44944170117378235,0.17304423451423645,0.08603227138519287,0.9345908164978027,-0.35038110613822937,0.02863437682390213,0.05434510484337807,0.021715156733989716,0.00834400299936533,0.007087071891874075,-0.1523572951555252,0.07342101633548737,-0.09499438107013702,0.4560566842556,-0.25002992153167725,0.10826991498470306,0.9524416327476501,0.3003091812133789,0.031197641044855118,-0.04118714481592178,0.021715156733989716,0.00834400299936533,0.007087071891874075,-0.1523572951555252,0.07342101633548737,-0.09499438107013702,-0.713608040289198,0.09173443246394557,0.0819508517562085,0.6083468829838075,0.08426527851498167,-0.05996739118786461
650.0,13.0,0.0,650.0,0.4501536190509796,0.17313574254512787,0.0849636048078537,0.9339360594749451,-0.35208529233932495,0.029505040496587753,0.054117415100336075,0.021825619041919708,0.007651102729141712,0.010804940015077591,-0.2102927565574646,0.06432969123125076,-0.013659837655723095,0.45643219351768494,-0.24985761940479279,0.10877994447946548,0.9529644250869751,0.2985082268714905,0.03161870315670967,-0.04185670614242554,0.021825619041919708,0.007651102729141712,0.010804940015077591,-0.2102927565574646,0.06432969123125076,-0.013659837655723095,-0.7172559056677592,0.09335508943146817,0.08074678103197233,0.604508371597918,0.08535574063898117,-0.06115965199918956
651.0,13.02,0.0,651.0,0.4504784643650055,0.1741933822631836,0.08376861363649368,0.9330194592475891,-0.3543641269207001,0.030014006420969963,0.054772816598415375,0.01882181689143181,0.007603983860462904,0.011024684645235538,-0.266253262758255,0.06129653379321098,0.09197887778282166,0.4572523832321167,-0.2486705631017685,0.10965720564126968,0.9536991715431213,0.29612064361572266,0.032260965555906296,-0.04159246012568474,0.01882181689143181,0.007603983860462904,0.011024684645235538,-0.266253262758255,0.06129653379321098,0.09197887778282166,-0.7220807902811245,0.09496902447065665,0.08139262324387825,0.5995061673920318,0.0862742499237396,-0.060488818955259135
652.0,13.040000000000001,0.0,652.0,0.45036834478378296,0.17619340121746063,0.08237295597791672,0.9318629503250122,-0.35714828968048096,0.030165519565343857,0.056273020803928375,0.01321027334779501,0.00920274667441845,0.00554144149646163,-0.31220632791519165,0.054153528064489365,0.17466925084590912,0.45843473076820374,-0.24648712575435638,0.11076520383358002,0.9546175599098206,0.2932144105434418,0.033108774572610855,-0.040428660809993744,0.01321027334779501,0.00920274667441845,0.00554144149646163,-0.31220632791519165,0.054153528064489365,0.17466925084590912,-0.7279373028770533,0.0965658886560179,0.08381850555481159,0.5934866089376474,0.08703078873748712,-0.058023915406151774
653.0,13.06,0.0,653.0,0.4499085545539856,0.17880216240882874,0.08081479370594025,0.9305243492126465,-0.36032789945602417,0.029968062415719032,0.058225203305482864,0.007828853093087673,0.012838928960263729,-0.004553144797682762,-0.34467676281929016,0.028989994898438454,0.21465256810188293,0.4597390294075012,-0.2436404973268509,0.11204932630062103,0.9556694030761719,0.2899107336997986,0.0339340977370739,-0.03868243098258972,0.007828853093087673,0.012838928960263729,-0.004553144797682762,-0.34467676281929016,0.028989994898438454,0.21465256810188293,-0.7346222749262822,0.09788860828905882,0.08729145104553414,0.5866873319629738,0.0873996810259967,-0.05449437317955559
654.0,13.08,0.0,654.0,0.4492083787918091,0.1817036271095276,0.07925465703010559,0.9290589690208435,-0.36381396651268005,0.029350044205784798,0.060229964554309845,0.004173741675913334,0.016178041696548462,-0.015407771803438663,-0.37245312333106995,-0.0176079198718071,0.22789329290390015,0.46096208691596985,-0.24044878780841827,0.11359404772520065,0.956814706325531,0.2863183915615082,0.034440778195858,-0.03662640601396561,0.004173741675913334,0.016178041696548462,-0.015407771803438663,-0.37245312333106995,-0.0176079198718071,0.22789329290390015,-0.7419822654787294,0.09852012316335598,0.09112578209560179,0.5793191854940378,0.08699016226471437,-0.05058003680918193
655.0,13.1,0.0,655.0,0.4483540952205658,0.18466003239154816,0.0779358521103859,0.9274573922157288,-0.3676660656929016,0.02821461670100689,0.06203604117035866,0.0031590803992003202,0.01329137198626995,-0.01587866060435772,-0.4142473042011261,-0.08064756542444229,0.22252658009529114,0.4620073437690735,-0.2371426373720169,0.11569974571466446,0.9580652713775635,0.28239163756370544,0.0343935564160347,-0.03439702093601227,0.0031590803992003202,0.01329137198626995,-0.01587866060435772,-0.4142473042011261,-0.08064756542444229,0.22252658009529114,-0.7501754066229788,0.09811011464777425,0.0949227231593538,0.5712751247648745,0.08543328076792242,-0.04667136865888873
656.0,13.120000000000001,0.0,656.0,0.44746530055999756,0.1874869465827942,0.07730285078287125,0.9257538318634033,-0.3718264102935791,0.02653956413269043,0.06340748816728592,0.00430052587762475,0.015634480863809586,0.0026653113309293985,-0.4372686445713043,-0.1489502191543579,0.19680190086364746,0.46279874444007874,-0.23391050100326538,0.11876469105482101,0.9593954682350159,0.278198778629303,0.03363335505127907,-0.03216802328824997,0.00430052587762475,0.015634480863809586,0.0026653113309293985,-0.4372686445713043,-0.1489502191543579,0.19680190086364746,-0.7591046357443224,0.09644080099786852,0.09827730444972795,0.5626823682660081,0.08252721586137944,-0.04317047650950265
657.0,13.14,0.0,657.0,0.44657957553863525,0.1902029663324356,0.0778128057718277,0.92403244972229,-0.37608206272125244,0.02440011128783226,0.06427282840013504,0.004143290687352419,0.027196550741791725,0.04276121407747269,-0.43127700686454773,-0.21017296612262726,0.1645623743534088,0.46328169107437134,-0.2307528704404831,0.12305916845798492,0.9607346653938293,0.2739528715610504,0.03219011798501015,-0.030047550797462463,0.004143290687352419,0.027196550741791725,0.04276121407747269,-0.43127700686454773,-0.21017296612262726,0.1645623743534088,-0.768319283991245,0.09357319431490825,0.10104057946832762,0.5539765189740791,0.07839580157590183,-0.04023267288638441
658.0,13.16,0.0,658.0,0.4457895755767822,0.19267822802066803,0.07986149936914444,0.9224686026573181,-0.38002315163612366,0.022127805277705193,0.06437764316797256,-0.0038283993490040302,0.051843609660863876,0.10439669340848923,-0.3819870352745056,-0.2310611456632614,0.06827704608440399,0.4632439613342285,-0.22785472869873047,0.1286199539899826,0.9619492888450623,0.27006012201309204,0.03019554354250431,-0.02845221944153309,-0.0038283993490040302,0.051843609660863876,0.10439669340848923,-0.3819870352745056,-0.2310611456632614,0.06827704608440399,-0.7769381830405182,0.08987534438339743,0.10254734792641622,0.5459765107602762,0.07352700065158624,-0.03854361000353969
659.0,13.18,0.0,659.0,0.44554904103279114,0.19416464865207672,0.0831843763589859,0.9209392070770264,-0.3840655982494354,0.019623473286628723,0.06308374553918839,0.03553607314825058,0.022204702720046043,0.09614437073469162,-0.47728317975997925,-0.3958689272403717,-0.03403782472014427,0.46265172958374023,-0.22594769299030304,0.13555940985679626,0.9631546139717102,0.26612570881843567,0.027148617431521416,-0.027812140062451363,0.03553607314825058,0.022204702720046043,0.09614437073469162,-0.47728317975997925,-0.3958689272403717,-0.03403782472014427,-0.7859014286858225,0.08470188553569878,0.10165800966096245,0.5378429749248484,0.06715011890768355,-0.039223313852832904
660.0,13.200000000000001,0.0,660.0,0.445586234331131,0.1949164867401123,0.08570673316717148,0.9192518591880798,-0.3885132670402527,0.016995834186673164,0.06119471788406372,0.003375856438651681,0.027583561837673187,0.04232262074947357,-0.43338724970817566,-0.27119871973991394,-0.06599204987287521,0.4618692398071289,-0.22471188008785248,0.14207082986831665,0.964444100856781,0.2617848515510559,0.023609066382050514,-0.027551036328077316,0.003375856438651681,0.027583561837673187,0.04232262074947357,-0.43338724970817566,-0.27119871973991394,-0.06599204987287521,-0.7958008518237855,0.07887857823770932,0.09977566663199389,0.5288730186379277,0.06000012046419855,-0.040866761903588227
661.0,13.22,0.0,661.0,0.44537773728370667,0.1955748200416565,0.08630403131246567,0.9177082180976868,-0.39243900775909424,0.015437216497957706,0.05970698222517967,-0.0006047766073606908,0.02028224989771843,-0.006005170755088329,-0.4024597406387329,-0.21527107059955597,-0.05607723072171211,0.46089810132980347,-0.22359149158000946,0.1462101936340332,0.9655526280403137,0.2578660845756531,0.021191900596022606,-0.027645496651530266,-0.0006047766073606908,0.02028224989771843,-0.006005170755088329,-0.4024597406387329,-0.21527107059955597,-0.05607723072171211,-0.8045021398810759,0.07526746744357969,0.09790392488766375,0.5207753452874209,0.0552094964295466,-0.042534625066244884
662.0,13.24,0.0,662.0,0.4451673626899719,0.1960648000240326,0.08578182011842728,0.9163035154342651,-0.3959181606769562,0.014476832933723927,0.05854174122214317,-0.013014772906899452,0.016762923449277878,-0.027531497180461884,-0.3467631936073303,-0.11277902126312256,-0.04326850175857544,0.4600352942943573,-0.2226628214120865,0.1488385647535324,0.9665170311927795,0.2543407380580902,0.0194739680737257,-0.027866393327713013,-0.013014772906899452,0.016762923449277878,-0.027531497180461884,-0.3467631936073303,-0.11277902126312256,-0.04326850175857544,-0.8121934206555426,0.07295050734105367,0.09622468077821797,0.51349426107468,0.05184217254229825,-0.044034003565178025
663.0,13.26,0.0,663.0,0.4448687434196472,0.19658994674682617,0.08443973958492279,0.9151139259338379,-0.398759663105011,0.014237365685403347,0.05791819468140602,-0.018231824040412903,0.013423865661025047,-0.03636971861124039,-0.2925795018672943,-0.03363988548517227,-0.03614791855216026,0.45935124158859253,-0.2217533439397812,0.15008404850959778,0.9672946929931641,0.25139689445495605,0.018700527027249336,-0.028123049065470695,-0.018231824040412903,0.013423865661025047,-0.03636971861124039,-0.2925795018672943,-0.03363988548517227,-0.03614791855216026,-0.8184387069887179,0.07231150625670513,0.09503992925208543,0.5074079872071625,0.05033919113252467,-0.04507638628809706
664.0,13.280000000000001,0.0,664.0,0.44458457827568054,0.19713102281093597,0.08262836188077927,0.9141233563423157,-0.4010440409183502,0.014512843452394009,0.057721253484487534,-0.01659572497010231,0.015125579200685024,-0.03930084779858589,-0.22883392870426178,0.022837473079562187,-0.008523463271558285,0.4589070677757263,-0.22088401019573212,0.15036551654338837,0.9679147005081177,0.2489759773015976,0.018633240833878517,-0.028377311304211617,-0.01659572497010231,0.015125579200685024,-0.03930084779858589,-0.22883392870426178,0.022837473079562187,-0.008523463271558285,-0.8234274164309098,0.07289511326953642,0.09427769351477741,0.5023932738770123,0.0502224042023074,-0.04572873179961262
665.0,13.3,0.0,665.0,0.44447392225265503,0.19768130779266357,0.0807904377579689,0.9134177565574646,-0.4026264548301697,0.01510621514171362,0.05772261694073677,-0.006196209695190191,0.021745678037405014,-0.03197778761386871,-0.1525661051273346,0.046315938234329224,-0.028670167550444603,0.4587150812149048,-0.220097154378891,0.14998850226402283,0.9683386087417603,0.24725857377052307,0.01898721233010292,-0.02869259938597679,-0.006196209695190191,0.021745678037405014,-0.03197778761386871,-0.1525661051273346,0.046315938234329224,-0.028670167550444603,-0.8268619039980936,0.07414578240323051,0.09367935828717935,0.49882260904249426,0.05098315529528864,-0.04625536373936187
666.0,13.32,0.0,666.0,0.4445693790912628,0.19820275902748108,0.07920800894498825,0.9129694104194641,-0.4035946726799011,0.015894243493676186,0.05784161388874054,-0.0007937527261674404,0.021777743473649025,-0.020476065576076508,-0.10069295018911362,0.07664697617292404,-0.00036308850394561887,0.45877018570899963,-0.21942606568336487,0.149311825633049,0.9685933589935303,0.2461673766374588,0.01960952952504158,-0.02905408851802349,-0.0007937527261674404,0.021777743473649025,-0.020476065576076508,-0.10069295018911362,0.07664697617292404,-0.00036308850394561887,-0.8289411724694481,0.07578356290160908,0.0931874695619157,0.4965378984086045,0.052315510568414846,-0.04670960013311304
667.0,13.34,0.0,667.0,0.44461721181869507,0.19885680079460144,0.07763925939798355,0.912643313407898,-0.40421566367149353,0.016806473955512047,0.058392930775880814,-0.0017820852808654308,0.017505334690213203,-0.017976582050323486,-0.06161053106188774,0.10927009582519531,0.00927926879376173,0.4590991139411926,-0.21866276860237122,0.14833380281925201,0.9687601327896118,0.24541498720645905,0.020620770752429962,-0.029162108898162842,-0.0017820852808654308,0.017505334690213203,-0.017976582050323486,-0.06161053106188774,0.10927009582519531,0.00927926879376173,-0.8302327262165123,0.07796223555262999,0.093416074481886,0.49495672273876734,0.05429344933838633,-0.0464660313677625
668.0,13.36,0.0,668.0,0.444692462682724,0.19941756129264832,0.07610306143760681,0.9124834537506104,-0.4044347107410431,0.017863161861896515,0.059054579585790634,-0.001231992500834167,0.019515996798872948,-0.014134115539491177,-0.00912280660122633,0.12540481984615326,0.018938960507512093,0.4595058262348175,-0.21805179119110107,0.14702492952346802,0.9688169360160828,0.24506999552249908,0.021841663867235184,-0.029284581542015076,-0.001231992500834167,0.019515996798872948,-0.014134115539491177,-0.00912280660122633,0.12540481984615326,0.018938960507512093,-0.8306331003487839,0.08045388685588414,0.09376386627194734,0.4942130193155923,0.05670506471553091,-0.046127786303616324
669.0,13.38,0.0,669.0,0.444779634475708,0.2000364363193512,0.07481751590967178,0.9125200510025024,-0.40418878197669983,0.018943311646580696,0.05982954055070877,0.0004309394571464509,0.023602867498993874,-0.0060790665447711945,0.039832599461078644,0.13319306075572968,0.028043733909726143,0.4599992334842682,-0.2174517959356308,0.14554192125797272,0.9687485694885254,0.2452089786529541,0.023183826357126236,-0.02934667281806469,0.0004309394571464509,0.023602867498993874,-0.0060790665447711945,0.039832599461078644,0.13319306075572968,0.028043733909726143,-0.8300075567840501,0.08303255222283167,0.09434241322351673,0.49447138807692953,0.05934556415808784,-0.04558534040854863
670.0,13.4,0.0,670.0,0.44482094049453735,0.2007405310869217,0.0737718939781189,0.9126981496810913,-0.4035954475402832,0.020060507580637932,0.06074964255094528,0.004513663239777088,0.006756716873496771,-0.007067384663969278,0.016817884519696236,0.1178535744547844,0.042921192944049835,0.4605468809604645,-0.21681588888168335,0.14398126304149628,0.9685869812965393,0.2457047402858734,0.024669107049703598,-0.029327861964702606,0.004513663239777088,0.006756716873496771,-0.007067384663969278,0.016817884519696236,0.1178535744547844,0.042921192944049835,-0.8286102414397107,0.08576000825905042,0.09519251886495203,0.4954713106952944,0.062240503435070864,-0.04479220580204153
671.0,13.42,0.0,671.0,0.4449664354324341,0.20105913281440735,0.07266857475042343,0.9127255082130432,-0.4033799469470978,0.02082657627761364,0.061506904661655426,0.007570174057036638,0.00258548348210752,-0.014288638718426228,0.034836381673812866,0.09702283889055252,0.02747066132724285,0.4611490070819855,-0.21651002764701843,0.14269815385341644,0.9685289859771729,0.24583633244037628,0.025752104818820953,-0.029209300875663757,0.007570174057036638,0.00258548348210752,-0.014288638718426228,0.034836381673812866,0.09702283889055252,0.02747066132724285,-0.8280628230744175,0.08775176852471876,0.09599192107159749,0.4957339450736513,0.06428899452212106,-0.04402362660006119
672.0,13.44,0.0,672.0,0.4451238512992859,0.20127138495445251,0.07178155332803726,0.9129049181938171,-0.40284278988838196,0.021503889933228493,0.06212586164474487,0.007292949128895998,0.004199220333248377,-0.013577910140156746,0.06927472352981567,0.08070162683725357,0.028687477111816406,0.461656779050827,-0.21636347472667694,0.14133591949939728,0.9683817625045776,0.24632014334201813,0.026702847331762314,-0.029155060648918152,0.007292949128895998,0.004199220333248377,-0.013577910140156746,0.06927472352981567,0.08070162683725357,0.028687477111816406,-0.8268225917770688,0.08943512649120164,0.0966406561329545,0.4967244950544221,0.06612824940453352,-0.043420077997607644
673.0,13.46,0.0,673.0,0.4452240765094757,0.20159095525741577,0.07134708017110825,0.9132198095321655,-0.4020114243030548,0.02183377929031849,0.06276601552963257,0.010126492008566856,0.0060717142187058926,-0.009733455255627632,0.10648513585329056,0.047670796513557434,0.04513053968548775,0.4621865153312683,-0.2161516547203064,0.14014683663845062,0.9681606292724609,0.2471425086259842,0.027415316551923752,-0.028879314661026,0.010126492008566856,0.0060717142187058926,-0.009733455255627632,0.10648513585329056,0.047670796513557434,0.04513053968548775,-0.8249479965049439,0.09046674952010862,0.0976371823363175,0.49843275537271575,0.06741051285334271,-0.042477870159009064
674.0,13.48,0.0,674.0,0.4453026354312897,0.20193132758140564,0.0714554488658905,0.9136619567871094,-0.400919646024704,0.021759694442152977,0.06333975493907928,0.012967186979949474,0.0053597791120409966,-0.0056237876415252686,0.13858537375926971,0.010489980690181255,0.04712742567062378,0.46271494030952454,-0.21595680713653564,0.13925157487392426,0.967873752117157,0.24827612936496735,0.027788564562797546,-0.028415335342288017,0.012967186979949474,0.0053597791120409966,-0.0056237876415252686,0.13858537375926971,0.010489980690181255,0.04712742567062378,-0.8225221057644524,0.0906745025330734,0.09886088474971925,0.5008013570711504,0.06795361105444671,-0.041313502829707305
675.0,13.5,0.0,675.0,0.44543179869651794,0.202076256275177,0.07209840416908264,0.9142354726791382,-0.39958134293556213,0.02136530727148056,0.06365282833576202,0.014639749191701412,0.004059718921780586,-0.0014763197395950556,0.1712670773267746,-0.025241972878575325,0.02565697766840458,0.4631388783454895,-0.21599803864955902,0.13865923881530762,0.9675192832946777,0.24970677495002747,0.027767501771450043,-0.027967093512415886,0.014639749191701412,0.004059718921780586,-0.0014763197395950556,0.1712670773267746,-0.025241972878575325,0.02565697766840458,-0.8195880628309047,0.090056496714078,0.09988308813956319,0.5037881163033827,0.06775013461262935,-0.040353431912417824
676.0,13.52,0.0,676.0,0.445675790309906,0.20183922350406647,0.07326392829418182,0.9149467349052429,-0.3980027735233307,0.02073846384882927,0.06352879106998444,0.016098646447062492,0.0018124111229553819,0.0027945339679718018,0.19926787912845612,-0.05983482301235199,-0.011140325106680393,0.4633606970310211,-0.21646536886692047,0.1383679360151291,0.9670934081077576,0.2514270842075348,0.0273112952709198,-0.027727700769901276,0.016098646447062492,0.0018124111229553819,0.0027945339679718018,0.19926787912845612,-0.05983482301235199,-0.011140325106680393,-0.8161702029448704,0.08863448141525783,0.10030420337031835,0.5073658680476771,0.06681784743924826,-0.0399968475020325
677.0,13.540000000000001,0.0,677.0,0.4460475742816925,0.20114603638648987,0.07488182187080383,0.9157711863517761,-0.3962399959564209,0.01994912512600422,0.06292013078927994,0.01619604043662548,-0.001234956318512559,0.006572435609996319,0.2207648605108261,-0.08889550715684891,-0.05020267888903618,0.4633431136608124,-0.21742455661296844,0.1383604109287262,0.9666083455085754,0.25337308645248413,0.02644190564751625,-0.02777569182217121,0.01619604043662548,-0.001234956318512559,0.006572435609996319,0.2207648605108261,-0.08889550715684891,-0.05020267888903618,-0.812392398610165,0.08650848089754405,0.0999712746321499,0.5113983501408379,0.06523940935183885,-0.04039397758839242
678.0,13.56,0.0,678.0,0.44652143120765686,0.20002122223377228,0.07688555866479874,0.9166882038116455,-0.3943265974521637,0.01902519352734089,0.06186416745185852,0.01556194107979536,-0.0037593445740640163,0.009462635964155197,0.24007271230220795,-0.11496268212795258,-0.0842243954539299,0.46308791637420654,-0.21884246170520782,0.13860079646110535,0.9660710692405701,0.25550371408462524,0.025201357901096344,-0.02809774875640869,0.01556194107979536,-0.0037593445740640163,0.009462635964155197,0.24007271230220795,-0.11496268212795258,-0.0842243954539299,-0.808324427584296,0.0837676580454688,0.098923608673945,0.5158042736479916,0.06309261090903488,-0.041505235265860176
679.0,13.58,0.0,679.0,0.4470408260822296,0.1985613852739334,0.07919883728027344,0.9176804423332214,-0.3922785520553589,0.01797429844737053,0.06047244369983673,0.013699785806238651,-0.006427584681659937,0.011308640241622925,0.25619813799858093,-0.1341671347618103,-0.10586801916360855,0.4626305401325226,-0.22061367332935333,0.13902568817138672,0.9654859304428101,0.25779521465301514,0.023663630709052086,-0.028609775006771088,0.013699785806238651,-0.006427584681659937,0.011308640241622925,0.25619813799858093,-0.1341671347618103,-0.10586801916360855,-0.8039927766859754,0.0805204030706374,0.09735556267415961,0.5205423141932638,0.060481601872793375,-0.043136155739878224
680.0,13.6,0.0,680.0,0.44752946496009827,0.19687694311141968,0.08171214163303375,0.9187280535697937,-0.3901112675666809,0.016827793791890144,0.05889713019132614,0.010161854326725006,-0.009636263363063335,0.01217867061495781,0.27037274837493896,-0.1437431275844574,-0.11422095447778702,0.46201497316360474,-0.22261829674243927,0.13953876495361328,0.9648576974868774,0.2602212429046631,0.021946245804429054,-0.029210535809397697,0.010161854326725006,-0.009636263363063335,0.01217867061495781,0.27037274837493896,-0.1437431275844574,-0.11422095447778702,-0.7994195989921407,0.07694910982867258,0.09551886579256223,0.5255654365877797,0.05758421030001301,-0.04503609071242813
681.0,13.620000000000001,0.0,681.0,0.44792941212654114,0.1950683891773224,0.0843331515789032,0.9198227524757385,-0.3878151476383209,0.01561826467514038,0.05728471651673317,0.005948623642325401,-0.013449357822537422,0.012469269335269928,0.2853070795536041,-0.1461622714996338,-0.11030155420303345,0.46129676699638367,-0.2247508317232132,0.14003899693489075,0.964184045791626,0.26278164982795715,0.02016555517911911,-0.029804855585098267,0.005948623642325401,-0.013449357822537422,0.012469269335269928,0.2853070795536041,-0.1461622714996338,-0.11030155420303345,-0.7945743327746341,0.07322926680508202,0.09365707767986749,0.530878978882561,0.05457804054966918,-0.046963619933353434
682.0,13.64,0.0,682.0,0.44819897413253784,0.193237766623497,0.08701584488153458,0.9209739565849304,-0.3853437304496765,0.014365330338478088,0.055775221437215805,0.001067486358806491,-0.016184799373149872,0.013847553171217442,0.30818459391593933,-0.1398855596780777,-0.09450600296258926,0.4605441689491272,-0.22690944373607635,0.14043819904327393,0.9634538292884827,0.2655174136161804,0.018426883965730667,-0.030295735225081444,0.001067486358806491,-0.016184799373149872,0.013847553171217442,0.30818459391593933,-0.1398855596780777,-0.09450600296258926,-0.7893483245960268,0.06950139028813924,0.09201549448862378,0.5365708989012548,0.05161790492443247,-0.04867578464415478
683.0,13.66,0.0,683.0,0.4483133852481842,0.19144009053707123,0.08973149955272675,0.9221978783607483,-0.382638156414032,0.013113832101225853,0.05447014793753624,-0.004640043713152409,-0.01821863278746605,0.01763886585831642,0.33943793177604675,-0.12322463095188141,-0.0756170004606247,0.4598047435283661,-0.22904136776924133,0.14065612852573395,0.9626505970954895,0.26848137378692627,0.016831938177347183,-0.03063235990703106,-0.004640043713152409,-0.01821863278746605,0.01763886585831642,0.33943793177604675,-0.12322463095188141,-0.0756170004606247,-0.7836092386082903,0.0659195504152755,0.09075016047270971,0.5427503228500222,0.04887443860407182,-0.05001894958314284
684.0,13.68,0.0,684.0,0.4482807219028473,0.18962650001049042,0.09242737293243408,0.9235016107559204,-0.3796681761741638,0.011994780041277409,0.05341137945652008,-0.010315396822988987,-0.02517308108508587,0.0230003222823143,0.3641304671764374,-0.09599211812019348,-0.0644306018948555,0.4590902328491211,-0.23119521141052246,0.1406172662973404,0.9617639780044556,0.2716924846172333,0.015511665493249893,-0.030863484367728233,-0.010315396822988987,-0.02517308108508587,0.0230003222823143,0.3641304671764374,-0.09599211812019348,-0.0644306018948555,-0.7772863186504637,0.06275278974118521,0.08984033699389306,0.5494498768063758,0.046624770214659675,-0.05101551534031073
685.0,13.700000000000001,0.0,685.0,0.4481247365474701,0.18753375113010406,0.09489462524652481,0.9248427748680115,-0.37652587890625,0.01140045840293169,0.05257384479045868,-0.018979083746671677,-0.035011645406484604,0.029862217605113983,0.3873368799686432,-0.04049135372042656,-0.06034766882658005,0.45831406116485596,-0.233622744679451,0.1402091383934021,0.9608160257339478,0.27502450346946716,0.01475119311362505,-0.031247776001691818,-0.018979083746671677,-0.035011645406484604,0.029862217605113983,0.3873368799686432,-0.04049135372042656,-0.06034766882658005,-0.7705629619913575,0.06071539321546053,0.08894083872217039,0.5563872644125866,0.045549926146124485,-0.05201021916490648
686.0,13.72,0.0,686.0,0.44802144169807434,0.18586836755275726,0.0971941202878952,0.9265844821929932,-0.3723238706588745,0.01078629121184349,0.051957499235868454,-0.01442783698439598,-0.00618467852473259,0.00598660483956337,0.4985010623931885,-0.01837077923119068,-0.0328131802380085,0.45775580406188965,-0.23569408059120178,0.1386716514825821,0.9595435261726379,0.2794356644153595,0.014186648651957512,-0.03147478774189949,-0.01442783698439598,-0.00618467852473259,0.00598660483956337,0.4985010623931885,-0.01837077923119068,-0.0328131802380085,-0.7615544587763435,0.05871259292592551,0.08852195441193558,0.565581398972392,0.04483078583849808,-0.05255130711739892
687.0,13.74,0.0,687.0,0.4478755593299866,0.18422985076904297,0.09873752295970917,0.9282919764518738,-0.3680729269981384,0.01085514947772026,0.05175420269370079,-0.016394587233662605,-0.02105768211185932,0.0011188883800059557,0.45960408449172974,0.042539775371551514,-0.04509560763835907,0.45733094215393066,-0.23770064115524292,0.13635751605033875,0.9582431316375732,0.28381574153900146,0.014415745623409748,-0.031797416508197784,-0.016394587233662605,-0.02105768211185932,0.0011188883800059557,0.45960408449172974,0.042539775371551514,-0.04509560763835907,-0.7524031646403367,0.058285132797746275,0.08835982970134958,0.5746957767491973,0.04569268370023871,-0.0528361732437064
688.0,13.76,0.0,688.0,0.4478238821029663,0.18247656524181366,0.09955241531133652,0.9298983812332153,-0.36397385597229004,0.011517221108078957,0.051764074712991714,-0.017857296392321587,-0.03750840947031975,-0.0014337246539071202,0.4083562195301056,0.10682215541601181,-0.02419544942677021,0.45703163743019104,-0.239772766828537,0.13347472250461578,0.9569723606109619,0.2879723310470581,0.015230542980134487,-0.03231198713183403,-0.017857296392321587,-0.03750840947031975,-0.0014337246539071202,0.4083562195301056,0.10682215541601181,-0.02419544942677021,-0.7435540359147956,0.05913568292033677,0.08815474206249178,0.5833312108520866,0.047778500402957,-0.05315706036078226
689.0,13.780000000000001,0.0,689.0,0.44791409373283386,0.1809462308883667,0.09964319318532944,0.9315671920776367,-0.35962021350860596,0.0124467508867383,0.05197000876069069,-0.011347671039402485,-0.02476237528026104,-0.03347265347838402,0.4342067241668701,0.13300912082195282,-0.021929429844021797,0.45695582032203674,-0.24160298705101013,0.12964995205402374,0.9556074142456055,0.2923482358455658,0.016393939033150673,-0.03284237161278725,-0.011347671039402485,-0.02476237528026104,-0.03347265347838402,0.4342067241668701,0.13300912082195282,-0.021929429844021797,-0.7341510570799145,0.0606059998346419,0.08815066172688106,0.5924277210889619,0.0505566719736749,-0.05327656771573964
690.0,13.8,0.0,690.0,0.448041707277298,0.179515078663826,0.09887345135211945,0.9330227971076965,-0.3556923568248749,0.013881671242415905,0.05252320319414139,-0.012473908253014088,-0.03806217014789581,-0.023341553285717964,0.3560325801372528,0.19282576441764832,0.0025678775273263454,0.45707476139068604,-0.2432689517736435,0.125370591878891,0.9543624520301819,0.296222984790802,0.018137497827410698,-0.03339765593409538,-0.012473908253014088,-0.03806217014789581,-0.023341553285717964,0.3560325801372528,0.19282576441764832,0.0025678775273263454,-0.7256334455038441,0.06331032146925555,0.08842760996841244,0.600473841140766,0.05443266990689332,-0.053105017392640716
691.0,13.82,0.0,691.0,0.4482230246067047,0.17834806442260742,0.09786400943994522,0.9342721700668335,-0.3521958291530609,0.0158286951482296,0.053319964557886124,-0.01674087531864643,-0.025268616154789925,0.010501508601009846,0.3094549775123596,0.25660625100135803,-0.011424832977354527,0.4573156237602234,-0.24461747705936432,0.12126225233078003,0.9532395601272583,0.2995961606502533,0.02040218748152256,-0.03406349569559097,-0.01674087531864643,-0.025268616154789925,0.010501508601009846,0.3094549775123596,0.25660625100135803,-0.011424832977354527,-0.7180134008119878,0.06718529273879488,0.08879784319313908,0.6074658829274763,0.05934174615557813,-0.05283403701510729
692.0,13.84,0.0,692.0,0.4484189450740814,0.17764218151569366,0.09680241346359253,0.9352434873580933,-0.3493516445159912,0.018068304285407066,0.05428057909011841,-0.011335715651512146,-0.022044792771339417,0.019405975937843323,0.2025054395198822,0.24977518618106842,0.021500369533896446,0.4576353430747986,-0.245451420545578,0.11770417541265488,0.9523130059242249,0.30226606130599976,0.022951282560825348,-0.03476188704371452,-0.011335715651512146,-0.022044792771339417,0.019405975937843323,0.2025054395198822,0.24977518618106842,0.021500369533896446,-0.711774555416687,0.07178419594604206,0.08925476992574083,0.612988761599823,0.06477357288601014,-0.05246765503182434
693.0,13.86,0.0,693.0,0.4486280083656311,0.17727865278720856,0.09539002925157547,0.9356998801231384,-0.34785401821136475,0.01999904215335846,0.05534612387418747,-0.0028935472946614027,-0.024563346058130264,0.0017469016602262855,0.08356857299804688,0.2105288952589035,0.024700870737433434,0.4581642150878906,-0.24586960673332214,0.11500173062086105,0.9518215656280518,0.3035846948623657,0.025227777659893036,-0.035151030868291855,-0.0028935472946614027,-0.024563346058130264,0.0017469016602262855,0.08356857299804688,0.2105288952589035,0.024700870737433434,-0.7084251212781428,0.07600411150708933,0.09004246026605037,0.6157053990304143,0.06942306729550465,-0.05174516188156379
694.0,13.88,0.0,694.0,0.44890183210372925,0.17701956629753113,0.09350092709064484,0.9357311129570007,-0.3475186228752136,0.021677546203136444,0.056288301944732666,0.0028807511553168297,-0.026093101128935814,-0.01820376142859459,-0.014556653797626495,0.18108955025672913,0.028841011226177216,0.45875757932662964,-0.24613288044929504,0.11286338418722153,0.9517055749893188,0.3037480115890503,0.027148207649588585,-0.03545108437538147,0.0028807511553168297,-0.026093101128935814,-0.01820376142859459,-0.014556653797626495,0.18108955025672913,0.028841011226177216,-0.7075774684153788,0.07977575026858504,0.09068698900436704,0.6160096339714748,0.07327613928594867,-0.05114503527876288
695.0,13.9,0.0,695.0,0.44927114248275757,0.17672790586948395,0.09126618504524231,0.9354726672172546,-0.3479982912540436,0.023250823840498924,0.056988950818777084,0.006371776573359966,-0.026709487661719322,-0.025887079536914825,-0.08543577790260315,0.16315950453281403,0.0031922063790261745,0.459306538105011,-0.24639785289764404,0.11111289262771606,0.9518486857414246,0.30310139060020447,0.02877957746386528,-0.03585492819547653,0.006371776573359966,-0.026709487661719322,-0.025887079536914825,-0.08543577790260315,0.16315950453281403,0.0031922063790261745,-0.7084923150128468,0.08326128082319577,0.09088013724879708,0.6146103603193718,0.07659782766475405,-0.05098216838177975
696.0,13.92,0.0,696.0,0.4497833847999573,0.17618632316589355,0.08897174894809723,0.9350399374961853,-0.3489965498447418,0.02489352412521839,0.057289741933345795,0.006985610816627741,-0.025720568373799324,-0.01744326949119568,-0.12869200110435486,0.156840518116951,-0.044265616685152054,0.4596785008907318,-0.2468966543674469,0.10977763682603836,0.9521471858024597,0.30193597078323364,0.03018184006214142,-0.036602530628442764,0.006985610816627741,-0.025720568373799324,-0.01744326949119568,-0.12869200110435486,0.156840518116951,-0.044265616685152054,-0.7105438480929303,0.0866491034192512,0.09022124949927302,0.6121001536279769,0.07966255823924948,-0.05166276033118454
697.0,13.94,0.0,697.0,0.45053380727767944,0.1753053218126297,0.08705032616853714,0.9346303343772888,-0.35002025961875916,0.026613745838403702,0.056953269988298416,0.01100181695073843,-0.009001072496175766,-0.004729988984763622,-0.11229822784662247,0.13467691838741302,-0.11053750663995743,0.45975762605667114,-0.24774280190467834,0.10884997993707657,0.9524343609809875,0.3007592558860779,0.03124965913593769,-0.03789900988340378,0.01100181695073843,-0.009001072496175766,-0.004729988984763622,-0.11229822784662247,0.13467691838741302,-0.11053750663995743,-0.712699597709408,0.08973801766776356,0.08829933643584166,0.6095289555249708,0.0824167074115521,-0.05360290309265584
698.0,13.96,0.0,698.0,0.4514749050140381,0.17436982691287994,0.08564172685146332,0.9342992305755615,-0.35090991854667664,0.02818988636136055,0.05614643916487694,0.01709115505218506,0.006221311632543802,0.0023361416533589363,-0.1060464009642601,0.10147204995155334,-0.13048623502254486,0.45968106389045715,-0.24865323305130005,0.10831703990697861,0.9526669979095459,0.2997463047504425,0.03192375227808952,-0.03948073461651802,0.01709115505218506,0.006221311632543802,0.0023361416533589363,-0.1060464009642601,0.10147204995155334,-0.13048623502254486,-0.7146172685943706,0.09221089117013415,0.08559864373363686,0.6072808626332407,0.08459467056402852,-0.05631697335931483
699.0,13.98,0.0,699.0,0.4523833990097046,0.173813596367836,0.0845090001821518,0.933880090713501,-0.3520360589027405,0.02943238615989685,0.055427540093660355,0.02054077759385109,0.008902949281036854,0.006518753245472908,-0.1486378163099289,0.07771936058998108,-0.08960162848234177,0.45973896980285645,-0.24916599690914154,0.10826168954372406,0.9529827833175659,0.29851728677749634,0.03237391263246536,-0.040781378746032715,0.02054077759385109,0.008902949281036854,0.006518753245472908,-0.1486378163099289,0.07771936058998108,-0.08960162848234177,-0.7170525898658752,0.09413660845450306,0.08326727380825506,0.6045983609272845,0.0861580155672186,-0.05865060953559117
700.0,14.0,0.0,700.0,0.4530506730079651,0.17398114502429962,0.08340564370155334,0.9332326650619507,-0.3536964952945709,0.0303049273788929,0.055291108787059784,0.020838383585214615,0.008601648733019829,0.010121685452759266,-0.20520241558551788,0.06716210395097733,-0.003555957693606615,0.46014443039894104,-0.2489136904478073,0.1086970791220665,0.9534907937049866,0.2967548072338104,0.032855961471796036,-0.04138101264834404,0.020838383585214615,0.008601648733019829,0.010121685452759266,-0.20520241558551788,0.06716210395097733,-0.003555957693606615,-0.7206032548481822,0.09582221837397904,0.0822308973795183,0.6008465787908399,0.08732669060129125,-0.05967517209256659
701.0,14.02,0.0,701.0,0.4533155858516693,0.1751536726951599,0.08218725025653839,0.9323235750198364,-0.35592353343963623,0.030790332704782486,0.05606425553560257,0.017841869965195656,0.00891630258411169,0.010199562646448612,-0.259919136762619,0.06301574409008026,0.10433971881866455,0.4610070586204529,-0.2476048320531845,0.10950165241956711,0.954207718372345,0.2944144010543823,0.033556029200553894,-0.041010551154613495,0.017841869965195656,0.00891630258411169,0.010199562646448612,-0.259919136762619,0.06301574409008026,0.10433971881866455,-0.7253112141788777,0.09747656847860175,0.08311177621798056,0.5959551435148883,0.08830173689697564,-0.05876906763575988
702.0,14.040000000000001,0.0,702.0,0.45314618945121765,0.17725999653339386,0.08077535033226013,0.9311761856079102,-0.35865020751953125,0.030913539230823517,0.05766436830163002,0.01218931470066309,0.010330638848245144,0.004543462302535772,-0.3058890402317047,0.05488297715783119,0.1833183467388153,0.46221938729286194,-0.24530579149723053,0.11053869128227234,0.9551049470901489,0.2915608882904053,0.03444747254252434,-0.039751581847667694,0.01218931470066309,0.010330638848245144,0.004543462302535772,-0.3058890402317047,0.05488297715783119,0.1833183467388153,-0.7310388776654636,0.09909670088346362,0.08574225012119432,0.5900600771943799,0.08909975698084896,-0.05609862458353241
703.0,14.06,0.0,703.0,0.4526499807834625,0.17991098761558533,0.07921402901411057,0.9298518896102905,-0.3617672026157379,0.030697699636220932,0.05964577570557594,0.007097016088664532,0.013900918886065483,-0.005658995360136032,-0.3375147581100464,0.02790975756943226,0.21497248113155365,0.4635164439678192,-0.2424071580171585,0.1117611676454544,0.9561313390731812,0.28831636905670166,0.035280995070934296,-0.037972114980220795,0.007097016088664532,0.013900918886065483,-0.005658995360136032,-0.3375147581100464,0.02790975756943226,0.21497248113155365,-0.7375888077694618,0.10041305301704849,0.08928031443350526,0.5833956340243716,0.08948185190505485,-0.05250255114603657
704.0,14.08,0.0,704.0,0.4519457519054413,0.18278340995311737,0.07767230272293091,0.9284037351608276,-0.36519402265548706,0.03007313422858715,0.06160922721028328,0.0038269744254648685,0.016483599320054054,-0.015647435560822487,-0.36650246381759644,-0.019926171749830246,0.22246123850345612,0.4647042453289032,-0.239235520362854,0.11327066272497177,0.957250714302063,0.2847813367843628,0.03576118126511574,-0.03594563156366348,0.0038269744254648685,0.016483599320054054,-0.015647435560822487,-0.36650246381759644,-0.019926171749830246,0.22246123850345612,-0.7448266345240792,0.1010103189795474,0.09303911789242295,0.576153179717795,0.08905576597798812,-0.04866168002010031
705.0,14.1,0.0,705.0,0.45110729336738586,0.185673788189888,0.07641349732875824,0.9268247485160828,-0.3689814805984497,0.028934666886925697,0.06333565711975098,0.0033350700978189707,0.013788475655019283,-0.014720022678375244,-0.40684372186660767,-0.08409398794174194,0.21541562676429749,0.4657013714313507,-0.2359880805015564,0.11537879705429077,0.9584734439849854,0.2809195816516876,0.03566692769527435,-0.03377839922904968,0.0033350700978189707,0.013788475655019283,-0.014720022678375244,-0.40684372186660767,-0.08409398794174194,0.21541562676429749,-0.7528895929906315,0.10054340586966407,0.09668750015989419,0.5682468171515909,0.08746107258819905,-0.0448989513601779
706.0,14.120000000000001,0.0,706.0,0.4502450227737427,0.18844039738178253,0.07587996125221252,0.9251509308815002,-0.3730635941028595,0.027250930666923523,0.06462659686803818,0.004614309873431921,0.016223371028900146,0.004970015026628971,-0.42936959862709045,-0.1523556411266327,0.190606489777565,0.4664545953273773,-0.23281139135360718,0.11847346276044846,0.9597728252410889,0.2768068015575409,0.034855663776397705,-0.03160921484231949,0.004614309873431921,0.016223371028900146,0.004970015026628971,-0.42936959862709045,-0.1523556411266327,0.190606489777565,-0.7616601247371683,0.09880279213885858,0.09989853693622697,0.5598213698220488,0.08450688125917782,-0.04153890076221089
707.0,14.14,0.0,707.0,0.44938531517982483,0.19111408293247223,0.07650884985923767,0.9234645366668701,-0.37723055481910706,0.025099795311689377,0.0654250755906105,0.004329368472099304,0.028394829481840134,0.04533819854259491,-0.42148029804229736,-0.21331313252449036,0.15948158502578735,0.46690991520881653,-0.22969384491443634,0.12280759960412979,0.961080014705658,0.27265283465385437,0.03336835280060768,-0.029536454007029533,0.004329368472099304,0.028394829481840134,0.04533819854259491,-0.42148029804229736,-0.21331313252449036,0.15948158502578735,-0.7706926290551734,0.09586497618351922,0.10254831637667378,0.5513061414510568,0.08033206529543259,-0.03871231135853296
708.0,14.16,0.0,708.0,0.44861358404159546,0.19355803728103638,0.07867871969938278,0.9219408631324768,-0.38107404112815857,0.022815044969320297,0.06547220051288605,-0.003771980991587043,0.05343903601169586,0.10657995939254761,-0.3711949586868286,-0.2338656336069107,0.06391279399394989,0.4668434262275696,-0.22682899236679077,0.12840238213539124,0.962261974811554,0.2688623070716858,0.03133539855480194,-0.027981406077742577,-0.003771980991587043,0.05343903601169586,0.10657995939254761,-0.3711949586868286,-0.2338656336069107,0.06391279399394989,-0.7791095744685937,0.09209794220691808,0.10396156765568258,0.5435161413932926,0.07542351223915135,-0.03711508896447749
709.0,14.18,0.0,709.0,0.4483979046344757,0.1950175017118454,0.08211255818605423,0.920439600944519,-0.38505423069000244,0.02026200108230114,0.06413634121417999,0.036533065140247345,0.02310265228152275,0.09699160605669022,-0.4685229957103729,-0.401716023683548,-0.03467801213264465,0.46625104546546936,-0.2249491661787033,0.13539732992649078,0.9634479284286499,0.2649973928928375,0.028228847309947014,-0.027346068993210793,0.036533065140247345,0.02310265228152275,0.09699160605669022,-0.4685229957103729,-0.401716023683548,-0.03467801213264465,-0.7879491431981045,0.08680080675524782,0.10303274724204621,0.5355226630610319,0.06894190918071232,-0.037830747967243665
710.0,14.200000000000001,0.0,710.0,0.4484472870826721,0.19576038420200348,0.08472425490617752,0.9187817573547363,-0.38943275809288025,0.017590846866369247,0.06222924962639809,0.0039027121383696795,0.0279624555259943,0.04212912917137146,-0.42613548040390015,-0.2759169340133667,-0.06454197317361832,0.4654739201068878,-0.2237236201763153,0.14193667471408844,0.9647166132926941,0.2607322037220001,0.02464888244867325,-0.02707437425851822,0.0039027121383696795,0.0279624555259943,0.04212912917137146,-0.42613548040390015,-0.2759169340133667,-0.06454197317361832,-0.7977091541438328,0.08088069245695008,0.10115183610329108,0.5267050431032445,0.061715864652452504,-0.03947005366072556
711.0,14.22,0.0,711.0,0.4482214152812958,0.1964418888092041,0.0853772833943367,0.9172655940055847,-0.39328882098197937,0.01599154807627201,0.0607617050409317,-0.0005899661919102073,0.020962515845894814,-0.006865418050438166,-0.3949766159057617,-0.21836566925048828,-0.05036891996860504,0.4645098149776459,-0.22258226573467255,0.14606887102127075,0.9658049941062927,0.2568877935409546,0.02221725508570671,-0.0271298810839653,-0.0005899661919102073,0.020962515845894814,-0.006865418050438166,-0.3949766159057617,-0.21836566925048828,-0.05036891996860504,-0.8062655786811371,0.07720747652119937,0.09934948233759627,0.5187596401550102,0.05688440064729784,-0.04106760545649248
712.0,14.24,0.0,712.0,0.44799116253852844,0.1969866305589676,0.08490542322397232,0.9158802628517151,-0.39671438932418823,0.014955857768654823,0.05964205786585808,-0.011982091702520847,0.017214542254805565,-0.02877223677933216,-0.3407818078994751,-0.11846175044775009,-0.03589905798435211,0.4636807441711426,-0.2215994894504547,0.14869806170463562,0.9667547941207886,0.2534217834472656,0.020472314208745956,-0.02726990170776844,-0.011982091702520847,0.017214542254805565,-0.02877223677933216,-0.3407818078994751,-0.11846175044775009,-0.03589905798435211,-0.8138463361702796,0.07478698441565193,0.09781244292859212,0.5116027977959251,0.0534303982488548,-0.04242359466824439
713.0,14.26,0.0,713.0,0.4476810097694397,0.19755320250988007,0.08359275013208389,0.9147020578384399,-0.3995223343372345,0.014648565091192722,0.05905585363507271,-0.01738535612821579,0.013146400451660156,-0.037810131907463074,-0.2893943190574646,-0.03774064779281616,-0.030397558584809303,0.46303078532218933,-0.22064805030822754,0.14994104206562042,0.9675231575965881,0.2505160868167877,0.019670985639095306,-0.02745625004172325,-0.01738535612821579,0.013146400451660156,-0.037810131907463074,-0.2893943190574646,-0.03774064779281616,-0.030397558584809303,-0.8200229337537266,0.0740540679749536,0.09674775772930527,0.5055980062106448,0.05184394563123541,-0.04334510329702555
714.0,14.280000000000001,0.0,714.0,0.44738438725471497,0.19811782240867615,0.08178072422742844,0.913716733455658,-0.4017866253852844,0.014878425747156143,0.058890145272016525,-0.016190672293305397,0.01445328164845705,-0.04100186005234718,-0.22695446014404297,0.02051735296845436,-0.00423550745472312,0.4626103937625885,-0.21975374221801758,0.1502024382352829,0.9681370854377747,0.2481173425912857,0.019588693976402283,-0.027658328413963318,-0.016190672293305397,0.01445328164845705,-0.04100186005234718,-0.22695446014404297,0.02051735296845436,-0.00423550745472312,-0.8249704103645645,0.07458098671973172,0.09607630929931416,0.5006321626085409,0.05167708465357278,-0.043906202693512246
715.0,14.3,0.0,715.0,0.44726282358169556,0.1986747682094574,0.07992400974035263,0.9130218625068665,-0.4033389389514923,0.015449327416718006,0.05890781432390213,-0.0060510411858558655,0.021708428859710693,-0.034035369753837585,-0.14843346178531647,0.04503922536969185,-0.027894385159015656,0.462426096200943,-0.21896202862262726,0.14977829158306122,0.9685520529747009,0.24643172323703766,0.019937170669436455,-0.027947673574090004,-0.0060510411858558655,0.021708428859710693,-0.034035369753837585,-0.14843346178531647,0.04503922536969185,-0.027894385159015656,-0.8283402625180722,0.07580335086419152,0.09552472254936321,0.4971294774541912,0.05241875157025694,-0.04438676101250013
716.0,14.32,0.0,716.0,0.44736942648887634,0.19917695224285126,0.07833366096019745,0.9125951528549194,-0.40425828099250793,0.016227932646870613,0.05900726094841957,-0.00037484586937353015,0.022101251408457756,-0.02203282341361046,-0.09523412585258484,0.07506780326366425,-0.0030734254978597164,0.4624779522418976,-0.2183169722557068,0.14904838800430298,0.968792200088501,0.24539288878440857,0.020543713122606277,-0.028320174664258957,-0.00037484586937353015,0.022101251408457756,-0.02203282341361046,-0.09523412585258484,0.07506780326366425,-0.0030734254978597164,-0.8303142900387008,0.07740469460671572,0.09500584130876057,0.49495410407230495,0.053730161884396256,-0.04486994872831388
717.0,14.34,0.0,717.0,0.4474453330039978,0.19978387653827667,0.07677136361598969,0.9122940301895142,-0.40482693910598755,0.017140604555606842,0.05950674042105675,-0.001027377787977457,0.017747139558196068,-0.019131869077682495,-0.056098148226737976,0.10713882744312286,0.002993597649037838,0.46279177069664,-0.21760910749435425,0.14802855253219604,0.9689425230026245,0.24469688534736633,0.021526820957660675,-0.028470870107412338,-0.001027377787977457,0.017747139558196068,-0.019131869077682495,-0.056098148226737976,0.10713882744312286,0.002993597649037838,-0.831493560203902,0.07953823526155751,0.09514112517961942,0.49349033943374443,0.05567872526883376,-0.04472236160150843
718.0,14.36,0.0,718.0,0.44756269454956055,0.200272798538208,0.07524990290403366,0.9121631383895874,-0.4049891233444214,0.018209176138043404,0.06009028106927872,-0.0004272914957255125,0.020039256662130356,-0.014891465194523335,-0.0026807268150150776,0.1240125522017479,0.009884953498840332,0.4631730020046234,-0.2170804738998413,0.14668233692646027,0.9689813256263733,0.24441330134868622,0.02271284908056259,-0.028663957491517067,-0.0004272914957255125,0.020039256662130356,-0.014891465194523335,-0.0026807268150150776,0.1240125522017479,0.009884953498840332,-0.8317722975761439,0.08198308984315753,0.09533932467913603,0.49287312356066215,0.058060964294643164,-0.044536771117235106
719.0,14.38,0.0,719.0,0.447699636220932,0.20080600678920746,0.07397536933422089,0.9122297763824463,-0.4046854078769684,0.019316038116812706,0.06077522411942482,0.0013340129517018795,0.023670107126235962,-0.0067911529913544655,0.04490033909678459,0.13222278654575348,0.018578151240944862,0.46363529562950134,-0.2165776491165161,0.14515793323516846,0.9688945412635803,0.24461425840854645,0.024024486541748047,-0.028815168887376785,0.0013340129517018795,0.023670107126235962,-0.0067911529913544655,0.04490033909678459,0.13222278654575348,0.018578151240944862,-0.8310232141261977,0.08453164323754218,0.09573557572479255,0.493257844355968,0.060688821765585176,-0.04417992407007645
720.0,14.4,0.0,720.0,0.44778481125831604,0.20145605504512787,0.07295064628124237,0.9124444723129272,-0.40401551127433777,0.02046114020049572,0.06162932142615318,-0.0007965503027662635,0.025550492107868195,0.0046770088374614716,0.07627081125974655,0.14479652047157288,0.030955631285905838,0.4641646444797516,-0.21600966155529022,0.14354878664016724,0.9687097668647766,0.2451905906200409,0.025496305897831917,-0.02886788733303547,-0.0007965503027662635,0.025550492107868195,0.0046770088374614716,0.07627081125974655,0.14479652047157288,0.030955631285905838,-0.8294598377166148,0.08724833866481382,0.09644916770910936,0.4944232507791303,0.06359614098164292,-0.04352799083854712
721.0,14.42,0.0,721.0,0.4478960335254669,0.20185327529907227,0.07194013893604279,0.9125055074691772,-0.4037070572376251,0.021283771842718124,0.062459513545036316,0.007680162787437439,-0.0003266267303843051,-0.008947900496423244,0.026919476687908173,0.09699646383523941,0.040849458426237106,0.46477803587913513,-0.2156369984149933,0.14227409660816193,0.9686259031295776,0.2454119175672531,0.02667514979839325,-0.02872946858406067,0.007680162787437439,-0.0003266267303843051,-0.008947900496423244,0.026919476687908173,0.09699646383523941,0.040849458426237106,-0.8287010739338692,0.0893928316333074,0.09734624639523337,0.4948736236073158,0.06582510960023882,-0.04266873684051391
722.0,14.44,0.0,722.0,0.44800448417663574,0.20213384926319122,0.07114694267511368,0.912669837474823,-0.403193861246109,0.021886831149458885,0.06316126883029938,0.007166460156440735,0.004066254012286663,-0.010991819202899933,0.07318796962499619,0.0766386091709137,0.03449230268597603,0.4653210937976837,-0.2154153734445572,0.1410239338874817,0.9684874415397644,0.2458728402853012,0.027617154642939568,-0.02856350690126419,0.007166460156440735,0.004066254012286663,-0.010991819202899933,0.07318796962499619,0.0766386091709137,0.03449230268597603,-0.827508981290528,0.09100896221371223,0.09820504808652772,0.4958258401776417,0.06759117282527141,-0.04185394115969684
723.0,14.46,0.0,723.0,0.44807517528533936,0.2024921476840973,0.07080691307783127,0.9130042791366577,-0.4023171067237854,0.02214641682803631,0.06382560729980469,0.01009329967200756,0.005911121144890785,-0.00875481404364109,0.11159033328294754,0.04183211177587509,0.05127077177166939,0.46585389971733093,-0.21517056226730347,0.13988511264324188,0.968255341053009,0.24674780666828156,0.028292696923017502,-0.0282268226146698,0.01009329967200756,0.005911121144890785,-0.00875481404364109,0.11159033328294754,0.04183211177587509,0.05127077177166939,-0.8255344534296246,0.09192522075294247,0.09930809174848325,0.49764890375426185,0.06877311535482544,-0.04080697983167841
724.0,14.48,0.0,724.0,0.4481299817562103,0.20285919308662415,0.07101529091596603,0.9134690165519714,-0.4011768400669098,0.021993374451994896,0.06440498679876328,0.01280958577990532,0.005264663603156805,-0.004871189594268799,0.14401669800281525,0.003573252120986581,0.04801950603723526,0.4663775861263275,-0.21495568752288818,0.1390429586172104,0.9679566025733948,0.24793903529644012,0.028611022979021072,-0.027711296454072,0.01280958577990532,0.005264663603156805,-0.004871189594268799,0.14401669800281525,0.003573252120986581,0.04801950603723526,-0.8230038627565125,0.09198575715849865,0.10061173165146867,0.5001416856906334,0.0691850436718175,-0.03956402214845999
725.0,14.5,0.0,725.0,0.4482358694076538,0.2030142843723297,0.0717487558722496,0.9140620827674866,-0.399798721075058,0.021532045677304268,0.06471113860607147,0.014327063225209713,0.003900606883689761,-0.0010108306305482984,0.17543794214725494,-0.03041863813996315,0.028964592143893242,0.46678465604782104,-0.21499264240264893,0.13850316405296326,0.9675924777984619,0.24941760301589966,0.028536031022667885,-0.027228539809584618,0.014327063225209713,0.003900606883689761,-0.0010108306305482984,0.17543794214725494,-0.03041863813996315,0.028964592143893242,-0.8199854085816632,0.09123265237061251,0.10168032188186102,0.5032305147748855,0.06885945399885487,-0.03855839174789826
726.0,14.52,0.0,726.0,0.4484478831291199,0.20278748869895935,0.07296948879957199,0.914791464805603,-0.39818236231803894,0.020868102088570595,0.06459029018878937,0.014750256203114986,0.002098047873005271,0.0028011056128889322,0.20415042340755463,-0.06213877350091934,-0.011285492219030857,0.4669828712940216,-0.21545565128326416,0.13823173940181732,0.9671575427055359,0.2511812746524811,0.028055449947714806,-0.026964999735355377,0.014750256203114986,0.002098047873005271,0.0028011056128889322,0.20415042340755463,-0.06213877350091934,-0.011285492219030857,-0.8164862531483829,0.08973774439551566,0.10214246884434905,0.5068987241825054,0.06786637346874445,-0.03816189061927796
727.0,14.540000000000001,0.0,727.0,0.4487858712673187,0.2021041363477707,0.0746350884437561,0.9156354069709778,-0.39637836813926697,0.02004508674144745,0.06398290395736694,0.014939618296921253,-0.0007998445071280003,0.006302368361502886,0.22568798065185547,-0.09167429804801941,-0.04831903055310249,0.46693769097328186,-0.21641191840171814,0.13823428750038147,0.9666624069213867,0.2531740069389343,0.02716328762471676,-0.02699260413646698,0.014939618296921253,-0.0007998445071280003,0.006302368361502886,0.22568798065185547,-0.09167429804801941,-0.04831903055310249,-0.8126209512926633,0.08754266728913636,0.10184448453383695,0.5110273489087117,0.06623153868984528,-0.0385253804240342
728.0,14.56,0.0,728.0,0.44922173023223877,0.201003298163414,0.0766855999827385,0.9165695309638977,-0.3944288194179535,0.019079886376857758,0.06294523179531097,0.014495237730443478,-0.003524189814925194,0.00927391555160284,0.24398991465568542,-0.11779849976301193,-0.08008020371198654,0.46666643023490906,-0.21781185269355774,0.1384880691766739,0.9661176800727844,0.25534647703170776,0.025904351845383644,-0.027275988832116127,0.014495237730443478,-0.003524189814925194,0.00927391555160284,0.24398991465568542,-0.11779849976301193,-0.08008020371198654,-0.8084761540411444,0.08473227041905076,0.10086827852895584,0.5155189120076996,0.06402668285690825,-0.0395658236544649
729.0,14.58,0.0,729.0,0.4497024118900299,0.1995716542005539,0.07905073463916779,0.9175752401351929,-0.39235299825668335,0.017978163436055183,0.06157733127474785,0.012925555929541588,-0.006207938306033611,0.011080692522227764,0.26007136702537537,-0.13792674243450165,-0.10216918587684631,0.4661993980407715,-0.219559907913208,0.13893906772136688,0.9655275344848633,0.2576717436313629,0.02434343285858631,-0.02773900330066681,0.012925555929541588,-0.006207938306033611,0.011080692522227764,0.26007136702537537,-0.13792674243450165,-0.10216918587684631,-0.8040868161816886,0.0814025928389462,0.09938819297377574,0.5203257255755964,0.06134207464250943,-0.0411091807335454
730.0,14.6,0.0,730.0,0.4501570165157318,0.1979174166917801,0.08161963522434235,0.9186340570449829,-0.39016249775886536,0.01677248254418373,0.06002727523446083,0.009479896165430546,-0.0095077408477664,0.01183108240365982,0.2737971544265747,-0.14785249531269073,-0.10964677482843399,0.4655820429325104,-0.22153884172439575,0.1394861936569214,0.9648955464363098,0.2601270377635956,0.022596878930926323,-0.028284229338169098,0.009479896165430546,-0.0095077408477664,0.01183108240365982,0.2737971544265747,-0.14785249531269073,-0.10964677482843399,-0.7994671347884559,0.07773460253149111,0.09764773696757546,0.5254083028343688,0.058355349377359256,-0.04291272350184994
731.0,14.620000000000001,0.0,731.0,0.4505213797092438,0.19614289700984955,0.08429241180419922,0.9197387099266052,-0.3878461718559265,0.015504425391554832,0.05844631418585777,0.0050396667793393135,-0.012987733818590641,0.012293948791921139,0.289488822221756,-0.1491263210773468,-0.10548536479473114,0.4648657441139221,-0.2236412763595581,0.14001929759979248,0.9642194509506226,0.2627134919166565,0.020791133865714073,-0.028818404302001,0.0050396667793393135,-0.012987733818590641,0.012293948791921139,0.289488822221756,-0.1491263210773468,-0.10548536479473114,-0.7945816027557441,0.07392368642541988,0.09589236649627793,0.5307742826723176,0.05526450890405814,-0.044733485129700455
732.0,14.64,0.0,732.0,0.4507535696029663,0.19434680044651031,0.08702542632818222,0.9208983182907104,-0.3853561580181122,0.014194011688232422,0.05696829408407211,0.00023831201542634517,-0.015850570052862167,0.013754907995462418,0.3117559850215912,-0.14306996762752533,-0.08980609476566315,0.4641135036945343,-0.22576886415481567,0.14045174419879913,0.9634866118431091,0.2654730975627899,0.01902809552848339,-0.02924976870417595,0.00023831201542634517,-0.015850570052862167,0.013754907995462418,0.3117559850215912,-0.14306996762752533,-0.08980609476566315,-0.7893196610992655,0.07010606604035996,0.09435589967410743,0.5365143201676038,0.05222041289594534,-0.046340355697009596
733.0,14.66,0.0,733.0,0.45083633065223694,0.19258014857769012,0.08979913592338562,0.9221307635307312,-0.3826329708099365,0.012878317385911942,0.055686675012111664,-0.004918173886835575,-0.01832262985408306,0.01710345223546028,0.34180063009262085,-0.1284199208021164,-0.07158613204956055,0.4633753299713135,-0.22787287831306458,0.14071109890937805,0.9626808166503906,0.2684607207775116,0.017398705706000328,-0.029529033228754997,-0.004918173886835575,-0.01832262985408306,0.01710345223546028,0.34180063009262085,-0.1284199208021164,-0.07158613204956055,-0.7835475835816647,0.06641491620576785,0.09318540460954207,0.5427418253936349,0.049373619723878874,-0.047588250622165075
734.0,14.68,0.0,734.0,0.4507754147052765,0.19079278409481049,0.09255845844745636,0.9234464764595032,-0.3796370327472687,0.011690081097185612,0.05464063212275505,-0.010476818308234215,-0.024927325546741486,0.022266164422035217,0.36785051226615906,-0.10160540789365768,-0.06068316474556923,0.4626579284667969,-0.2300042062997818,0.14071139693260193,0.9617884159088135,0.27170446515083313,0.016033843159675598,-0.02970833331346512,-0.010476818308234215,-0.024927325546741486,0.022266164422035217,0.36785051226615906,-0.10160540789365768,-0.06068316474556923,-0.7771745847705919,0.06311945147283947,0.09235431059360046,0.5495090158341915,0.04700341124255063,-0.048505901296206744
735.0,14.700000000000001,0.0,735.0,0.45059844851493835,0.1887296736240387,0.09509221464395523,0.9248046875,-0.3764556050300598,0.01102074421942234,0.05381332337856293,-0.0168792512267828,-0.029909756034612656,0.02405613288283348,0.4056500494480133,-0.05551125481724739,-0.05161072313785553,0.46188563108444214,-0.23240679502487183,0.14033283293247223,0.9608303904533386,0.2750830054283142,0.015223578549921513,-0.03003949113190174,-0.0168792512267828,-0.029909756034612656,0.02405613288283348,0.4056500494480133,-0.05551125481724739,-0.05161072313785553,-0.7703722445087191,0.060938443337673946,0.0915334259652511,0.5565447789601222,0.04579727619742396,-0.0494221405005299
736.0,14.72,0.0,736.0,0.4504227340221405,0.1871536672115326,0.09738438576459885,0.9265927076339722,-0.37213361263275146,0.010377749800682068,0.053244706243276596,-0.018575869500637054,-0.0045291967689991,0.00432284502312541,0.5052337646484375,-0.013100169599056244,-0.0364922359585762,0.4612979292869568,-0.23439884185791016,0.13867880403995514,0.9595234990119934,0.2796187400817871,0.014674411155283451,-0.030214598402380943,-0.018575869500637054,-0.0045291967689991,0.00432284502312541,0.5052337646484375,-0.013100169599056244,-0.0364922359585762,-0.7611066514118804,0.05889421460534652,0.09123294518567908,0.5659989485811058,0.045073269755331685,-0.0498479888090178
737.0,14.74,0.0,737.0,0.4502437114715576,0.1855577975511551,0.0990116223692894,0.9283522963523865,-0.36775586009025574,0.01037090364843607,0.05301104485988617,-0.016548167914152145,-0.016549156978726387,-0.0011175349354743958,0.4759908616542816,0.03150048106908798,-0.038885366171598434,0.4608306586742401,-0.23637248575687408,0.13633127510547638,0.9581835865974426,0.2841356694698334,0.014834561385214329,-0.03051801025867462,-0.016548167914152145,-0.016549156978726387,-0.0011175349354743958,0.4759908616542816,0.03150048106908798,-0.038885366171598434,-0.7516891658471315,0.05827892874272058,0.09107820161909067,0.5754030598605362,0.045786960956340716,-0.050127146381181875
738.0,14.76,0.0,738.0,0.4501463770866394,0.1838138848543167,0.09986376762390137,0.92999267578125,-0.36357173323631287,0.010982581414282322,0.05299554020166397,-0.021017909049987793,-0.037283312529325485,-0.003860493889078498,0.41267305612564087,0.1073131114244461,-0.03367539122700691,0.4604755938053131,-0.23843982815742493,0.13340650498867035,0.9568851590156555,0.28838351368904114,0.015600177459418774,-0.03102373331785202,-0.021017909049987793,-0.037283312529325485,-0.003860493889078498,0.41267305612564087,0.1073131114244461,-0.03367539122700691,-0.7426610804953356,0.0589970243899734,0.09086789645674319,0.584234391361091,0.04776678099699509,-0.050453553575114995
739.0,14.780000000000001,0.0,739.0,0.45020872354507446,0.1821596622467041,0.0998946875333786,0.9316635131835938,-0.35921844840049744,0.011983719654381275,0.05311839282512665,-0.014648405835032463,-0.023328522220253944,-0.036996252834796906,0.4419649839401245,0.1352013200521469,-0.028382571414113045,0.4602867662906647,-0.240392804145813,0.12952342629432678,0.9555159211158752,0.2927550971508026,0.01676824316382408,-0.03166361525654793,-0.014648405835032463,-0.023328522220253944,-0.036996252834796906,0.4419649839401245,0.1352013200521469,-0.028382571414113045,-0.7332582219295026,0.06052875731376946,0.09065731799714948,0.5933218577192202,0.05060561390182422,-0.05077899904433241
740.0,14.8,0.0,740.0,0.45031216740608215,0.180653378367424,0.0990789532661438,0.9331498146057129,-0.35521456599235535,0.013477480970323086,0.05359448119997978,-0.01553162932395935,-0.036890532821416855,-0.024631306529045105,0.3627127408981323,0.19671091437339783,-0.008487734012305737,0.4603021442890167,-0.24213680624961853,0.12512999773025513,0.9542428255081177,0.2967042922973633,0.018515760079026222,-0.03231777623295784,-0.01553162932395935,-0.036890532821416855,-0.024631306529045105,0.3627127408981323,0.19671091437339783,-0.008487734012305737,-0.7245765405658838,0.06327030483373425,0.09075443859795117,0.6015251486109453,0.054541741754330575,-0.050787919041980656
741.0,14.82,0.0,741.0,0.45049867033958435,0.17940975725650787,0.0980805829167366,0.9344282150268555,-0.3516480326652527,0.015459592454135418,0.05429975315928459,-0.01763022318482399,-0.024432724341750145,0.011234295554459095,0.31465867161750793,0.25574246048927307,-0.021329306066036224,0.4604625105857849,-0.24356406927108765,0.12096910923719406,0.9530930519104004,0.3001478314399719,0.020756548270583153,-0.033078886568546295,-0.01763022318482399,-0.024432724341750145,0.011234295554459095,0.31465867161750793,0.25574246048927307,-0.021329306066036224,-0.7168068197390105,0.06713097924534658,0.09093560380858645,0.6086674478473133,0.05945797504281655,-0.05070573041439932
742.0,14.84,0.0,742.0,0.4507262706756592,0.17861974239349365,0.09706228226423264,0.9354286789894104,-0.3487361669540405,0.01771891489624977,0.05515654757618904,-0.011700949631631374,-0.02108139917254448,0.020301535725593567,0.2089102566242218,0.24888260662555695,0.010509812273085117,0.4607216417789459,-0.24448399245738983,0.11739260703325272,0.9521401524543762,0.30288732051849365,0.02326168119907379,-0.03387293964624405,-0.011700949631631374,-0.02108139917254448,0.020301535725593567,0.2089102566242218,0.24888260662555695,0.010509812273085117,-0.710424674742654,0.07168110243043448,0.09119177963451024,0.6143389993390475,0.0648615934970353,-0.050539973054082615
743.0,14.86,0.0,743.0,0.45096075534820557,0.17817898094654083,0.09568040817975998,0.9359140396118164,-0.34716978669166565,0.019677719101309776,0.056131791323423386,-0.003251415677368641,-0.023755325004458427,0.002511641476303339,0.08963064849376678,0.21101875603199005,0.016377363353967667,0.46119239926338196,-0.24498191475868225,0.11465875059366226,0.9516226053237915,0.3042758107185364,0.025509310886263847,-0.034352220594882965,-0.003251415677368641,-0.023755325004458427,0.002511641476303339,0.08963064849376678,0.21101875603199005,0.016377363353967667,-0.7069294047345345,0.07588063318068594,0.09179871138566538,0.6172029829482697,0.06951152747855484,-0.04999848178973193
744.0,14.88,0.0,744.0,0.4512535631656647,0.1778610348701477,0.09380334615707397,0.9359658360481262,-0.34678491950035095,0.021385496482253075,0.05701403692364693,0.0025566602125763893,-0.025922205299139023,-0.017728235572576523,-0.010695930570363998,0.18212808668613434,0.0228933896869421,0.46174588799476624,-0.24530655145645142,0.11248821020126343,0.9514880180358887,0.3044885993003845,0.027419250458478928,-0.03471868485212326,0.0025566602125763893,-0.025922205299139023,-0.017728235572576523,-0.010695930570363998,0.18212808668613434,0.0228933896869421,-0.7059757293357205,0.07965964527737607,0.09231747836287622,0.617611179451578,0.07338692193166423,-0.04952461783958114
745.0,14.9,0.0,745.0,0.4516472816467285,0.1774948686361313,0.09157336503267288,0.935724675655365,-0.3472290635108948,0.022986726835370064,0.05764378234744072,0.006323222536593676,-0.02679579332470894,-0.02577150985598564,-0.08202949911355972,0.16296440362930298,-0.005716737825423479,0.46225234866142273,-0.24564968049526215,0.11071085929870605,0.9516178369522095,0.30387839674949646,0.02903125248849392,-0.035196542739868164,0.006323222536593676,-0.02679579332470894,-0.02577150985598564,-0.08202949911355972,0.16296440362930298,-0.005716737825423479,-0.7068149657097265,0.08314546423513762,0.09236400875897334,0.6162863509381064,0.07671947628862927,-0.04950915986194798
746.0,14.92,0.0,746.0,0.4521985948085785,0.17684775590896606,0.08929389715194702,0.9353130459785461,-0.3481898903846741,0.024653952568769455,0.0578407421708107,0.0071383751928806305,-0.025747839361429214,-0.017501510679721832,-0.12439338862895966,0.15505263209342957,-0.05580175295472145,0.4625704884529114,-0.2462596595287323,0.10935748368501663,0.9519021511077881,0.3027534782886505,0.030391283333301544,-0.03604224696755409,0.0071383751928806305,-0.025747839361429214,-0.017501510679721832,-0.12439338862895966,0.15505263209342957,-0.05580175295472145,-0.7087890848990336,0.08650529343952068,0.09149916263791716,0.613856557682741,0.07976744785852065,-0.0503967600752674
747.0,14.94,0.0,747.0,0.45299583673477173,0.1758488267660141,0.08740796148777008,0.9349328875541687,-0.34915924072265625,0.026381170377135277,0.05737989395856857,0.011613074690103531,-0.008567961864173412,-0.0053410883992910385,-0.105698361992836,0.1303538829088211,-0.12244508415460587,0.462590754032135,-0.24723106622695923,0.10841675847768784,0.9521700143814087,0.301637202501297,0.03139164671301842,-0.03744262456893921,0.011613074690103531,-0.008567961864173412,-0.0053410883992910385,-0.105698361992836,0.1303538829088211,-0.12244508415460587,-0.7108338145451394,0.08951819045342636,0.08934633064717563,0.6114062340334895,0.08246196103847252,-0.05256846218098668
748.0,14.96,0.0,748.0,0.45397740602493286,0.174809530377388,0.08603870123624802,0.9346321821212769,-0.34999048709869385,0.027945002540946007,0.05646360665559769,0.017550209537148476,0.006177655886858702,0.0012715031625702977,-0.1002514660358429,0.09688493609428406,-0.139426589012146,0.4624658524990082,-0.24825234711170197,0.1078704446554184,0.9523828625679016,0.3006896376609802,0.03199267014861107,-0.03910459205508232,0.017550209537148476,0.006177655886858702,0.0012715031625702977,-0.1002514660358429,0.09688493609428406,-0.139426589012146,-0.712632081103328,0.0918893325591306,0.08645642063322354,0.6092904952573218,0.08455594882164,-0.05547188249899568
749.0,14.98,0.0,749.0,0.4549083411693573,0.17417235672473907,0.08493298292160034,0.9342373609542847,-0.35107073187828064,0.02916821278631687,0.05566911771893501,0.020660871639847755,0.008238372392952442,0.005351731553673744,-0.14418046176433563,0.0738612711429596,-0.09498405456542969,0.4624871015548706,-0.24885207414627075,0.10779998451471329,0.9526839852333069,0.29951292276382446,0.03238430619239807,-0.04045423865318298,0.020660871639847755,0.008238372392952442,0.005351731553673744,-0.14418046176433563,0.0738612711429596,-0.09498405456542969,-0.7149725317828646,0.09372482788193853,0.08400314560412603,0.6067145351685377,0.08604327969196246,-0.057927743220630025
750.0,15.0,0.0,750.0,0.45557916164398193,0.17428258061408997,0.08384954929351807,0.9336087703704834,-0.3526960611343384,0.030018029734492302,0.05548901855945587,0.020693186670541763,0.007567558903247118,0.00907305721193552,-0.20125937461853027,0.06376952677965164,-0.006009945645928383,0.4628640413284302,-0.24866294860839844,0.10822246223688126,0.9531819820404053,0.2977912127971649,0.0328240767121315,-0.041075389832258224,0.020693186670541763,0.007567558903247118,0.00907305721193552,-0.20125937461853027,0.06376952677965164,-0.006009945645928383,-0.718449161902765,0.09533606401794376,0.08290658518765336,0.6030464937286665,0.08714868043016408,-0.05901326850970823
751.0,15.02,0.0,751.0,0.45584505796432495,0.1754060536623001,0.08265495300292969,0.9327182769775391,-0.3548892140388489,0.030478740110993385,0.056227248162031174,0.017775828018784523,0.007632008288055658,0.009390844032168388,-0.2558658719062805,0.05921119451522827,0.1012960895895958,0.4637031555175781,-0.24740974605083466,0.10901909321546555,0.9538900852203369,0.29549044370651245,0.03348564729094505,-0.040718402713537216,0.017775828018784523,0.007632008288055658,0.009390844032168388,-0.2558658719062805,0.05921119451522827,0.1012960895895958,-0.7230850738815098,0.09691667407926552,0.08374558791857074,0.5982363676576661,0.08806080652253134,-0.05815033704037127
752.0,15.040000000000001,0.0,752.0,0.4556807279586792,0.17745786905288696,0.08127495646476746,0.9315927624702454,-0.35757648944854736,0.030579619109630585,0.0577852800488472,0.012027093209326267,0.008880242705345154,0.003982845693826675,-0.3013777732849121,0.051285337656736374,0.17972053587436676,0.4648890793323517,-0.24517332017421722,0.11005154252052307,0.9547771215438843,0.2926829159259796,0.034336429089307785,-0.03948017582297325,0.012027093209326267,0.008880242705345154,0.003982845693826675,-0.3013777732849121,0.051285337656736374,0.17972053587436676,-0.7287294074054704,0.09845979862006426,0.0863202782776669,0.5924345332731913,0.08879422758755261,-0.05553737652604682
753.0,15.06,0.0,753.0,0.455189049243927,0.18005035817623138,0.07975351810455322,0.9302952885627747,-0.3606429398059845,0.030344940721988678,0.05971970781683922,0.006844556890428066,0.012589950114488602,-0.006009961012750864,-0.3314245343208313,0.024336475878953934,0.2107793390750885,0.4661540389060974,-0.24234355986118317,0.11126787960529327,0.955790102481842,0.28949588537216187,0.03512967750430107,-0.037727855145931244,0.006844556890428066,0.012589950114488602,-0.006009961012750864,-0.3314245343208313,0.024336475878953934,0.2107793390750885,-0.7351726580748529,0.09969958847190692,0.0897924693920356,0.5858861513817603,0.08911521218456998,-0.05200975641998804
754.0,15.08,0.0,754.0,0.45448318123817444,0.1828654706478119,0.07826061546802521,0.9288815259933472,-0.36400264501571655,0.02970036491751671,0.06163483485579491,0.003379697445780039,0.01542968861758709,-0.0163162462413311,-0.3585590720176697,-0.02368442714214325,0.21815577149391174,0.467302143573761,-0.23924247920513153,0.11276508122682571,0.956891655921936,0.2860362231731415,0.03556926175951958,-0.035729192197322845,0.003379697445780039,0.01542968861758709,-0.0163162462413311,-0.3585590720176697,-0.02368442714214325,0.21815577149391174,-0.742268150076908,0.1002144052470526,0.09348538445275686,0.578796103685249,0.0886275164649223,-0.04823768910929759
755.0,15.1,0.0,755.0,0.45364508032798767,0.18569223582744598,0.07705140113830566,0.9273413419723511,-0.36771678924560547,0.02853795327246189,0.0633074939250946,0.002727955812588334,0.012611698359251022,-0.016047514975070953,-0.39820095896720886,-0.08848030120134354,0.20980516076087952,0.4682580828666687,-0.23607464134693146,0.11485590785741806,0.9580955505371094,0.28225743770599365,0.035428136587142944,-0.033592160791158676,0.002727955812588334,0.012611698359251022,-0.016047514975070953,-0.39820095896720886,-0.08848030120134354,0.20980516076087952,-0.7501754025355671,0.09965217066675323,0.09706066229797014,0.5710567706101615,0.08695991793993033,-0.04455232089064265
756.0,15.120000000000001,0.0,756.0,0.4527779221534729,0.18838684260845184,0.07656052708625793,0.925706148147583,-0.3717294931411743,0.02682519517838955,0.06454326957464218,0.0038864901289343834,0.014641201123595238,0.002872648648917675,-0.42112019658088684,-0.15745629370212555,0.18598242104053497,0.4689658582210541,-0.23298777639865875,0.11792972683906555,0.9593785405158997,0.27822500467300415,0.0345650240778923,-0.03145098313689232,0.0038864901289343834,0.014641201123595238,0.002872648648917675,-0.42112019658088684,-0.15745629370212555,0.18598242104053497,-0.7587984271835992,0.09780561808254912,0.10019839879651987,0.5627919199934635,0.08392123594128409,-0.04126999404186935
757.0,15.14,0.0,757.0,0.4519035518169403,0.19098028540611267,0.07722275704145432,0.9240487217903137,-0.3758513331413269,0.024631066247820854,0.06529262661933899,0.0036706964019685984,0.023034151643514633,0.042489927262067795,-0.4240333139896393,-0.21963396668434143,0.15869957208633423,0.46937549114227295,-0.22996723651885986,0.12225515395402908,0.9606770277023315,0.274127334356308,0.0330168716609478,-0.029392194002866745,0.0036706964019685984,0.023034151643514633,0.042489927262067795,-0.4240333139896393,-0.21963396668434143,0.15869957208633423,-0.767735957626315,0.09474291967925574,0.10279300958943825,0.5543880044062436,0.07963564097085297,-0.03850265736787747
758.0,15.16,0.0,758.0,0.45112648606300354,0.19331157207489014,0.07941294461488724,0.9225506782531738,-0.37966349720954895,0.022280637174844742,0.06526490300893784,-0.004214324988424778,0.050378646701574326,0.10147105902433395,-0.364787757396698,-0.24349376559257507,0.055813223123550415,0.46925777196884155,-0.2272310107946396,0.127840057015419,0.9618542790412903,0.2703818380832672,0.030888373032212257,-0.02785717509686947,-0.004214324988424778,0.050378646701574326,0.10147105902433395,-0.364787757396698,-0.24349376559257507,0.055813223123550415,-0.7760901468608642,0.09079211611778189,0.1041181454014286,0.546685826093524,0.0745534127915646,-0.036996958974322564
759.0,15.18,0.0,759.0,0.45088455080986023,0.19464711844921112,0.0828813910484314,0.9211116433143616,-0.3835212290287018,0.01973765529692173,0.06383629888296127,0.03399701043963432,0.020263735204935074,0.09393493086099625,-0.46176421642303467,-0.4067240357398987,-0.04174688830971718,0.46855899691581726,-0.2255033552646637,0.1347583830356598,0.9630069136619568,0.26665055751800537,0.027741095051169395,-0.02730506658554077,0.03399701043963432,0.020263735204935074,0.09393493086099625,-0.46176421642303467,-0.4067240357398987,-0.04174688830971718,-0.7846658693684923,0.08543021168764885,0.10301827190862052,0.5389620242467937,0.06804405220267684,-0.037892312890085676
760.0,15.200000000000001,0.0,760.0,0.45091599225997925,0.19532105326652527,0.08564941585063934,0.9195133447647095,-0.38779234886169434,0.016965147107839584,0.06184397637844086,0.00412370590493083,0.02924339473247528,0.042309653013944626,-0.41039159893989563,-0.28971895575523376,-0.0724659115076065,0.4677157998085022,-0.22437523305416107,0.14135244488716125,0.9642499089241028,0.26251325011253357,0.024036774411797523,-0.027041831985116005,0.00412370590493083,0.02924339473247528,0.042309653013944626,-0.41039159893989563,-0.28971895575523376,-0.0724659115076065,-0.7941963795151,0.07924750684615367,0.10106338978575123,0.5304076145985056,0.060589651215132316,-0.039613250147647695
761.0,15.22,0.0,761.0,0.45069342851638794,0.19596190750598907,0.08650766313076019,0.9180465340614319,-0.39156609773635864,0.015232722274959087,0.06028786674141884,-0.00019723709556274116,0.021878240630030632,-0.005327628459781408,-0.38546520471572876,-0.23107632994651794,-0.053574807941913605,0.46671009063720703,-0.2232997715473175,0.14561036229133606,0.9653199911117554,0.2587733268737793,0.02145184576511383,-0.027088021859526634,-0.00019723709556274116,0.021878240630030632,-0.005327628459781408,-0.38546520471572876,-0.23107632994651794,-0.053574807941913605,-0.8025787611564317,0.07525306346314006,0.09920786061562062,0.5226792460957558,0.055463523439326964,-0.041270033735201744
762.0,15.24,0.0,762.0,0.4504236876964569,0.19652196764945984,0.08616304397583008,0.9166812896728516,-0.3949633836746216,0.014119317755103111,0.0591619573533535,-0.01326927449554205,0.017035819590091705,-0.026758039370179176,-0.33911556005477905,-0.12351574748754501,-0.030922487378120422,0.4658520817756653,-0.22231727838516235,0.14833764731884003,0.9662675261497498,0.2553473114967346,0.019644243642687798,-0.027186447754502296,-0.01326927449554205,0.017035819590091705,-0.026758039370179176,-0.33911556005477905,-0.12351574748754501,-0.030922487378120422,-0.8100952061618848,0.07268341075066309,0.09772516270307573,0.5156064873743592,0.05187040949409714,-0.0425766553481096
763.0,15.26,0.0,763.0,0.4500625729560852,0.1971300095319748,0.08494105190038681,0.9155012965202332,-0.39778634905815125,0.013746483251452446,0.05860481038689613,-0.018200339749455452,0.012475086376070976,-0.03552078828215599,-0.2914324700832367,-0.04324725642800331,-0.02577701397240162,0.4651881158351898,-0.2213311791419983,0.14968247711658478,0.9670460224151611,0.2524334192276001,0.018808487802743912,-0.027309447526931763,-0.018200339749455452,0.012475086376070976,-0.03552078828215599,-0.2914324700832367,-0.04324725642800331,-0.02577701397240162,-0.8163002302677846,0.07185604657815546,0.09676951131867059,0.5095864209420863,0.05018603483639394,-0.04339142462210424
764.0,15.280000000000001,0.0,764.0,0.44973886013031006,0.1977166086435318,0.08322476595640182,0.914514422416687,-0.40006864070892334,0.013913015834987164,0.05843561142683029,-0.01651531085371971,0.014598999172449112,-0.03871328383684158,-0.22737351059913635,0.014161190949380398,-0.004680505022406578,0.46474942564964294,-0.22042042016983032,0.15005378425121307,0.9676696062088013,0.2500241696834564,0.018673287704586983,-0.02747497335076332,-0.01651531085371971,0.014598999172449112,-0.03871328383684158,-0.22737351059913635,0.014161190949380398,-0.004680505022406578,-0.8212849155522195,0.07226671565455729,0.0961467428314049,0.5045998218159292,0.04989865916615917,-0.043904574989991334
765.0,15.3,0.0,765.0,0.44961756467819214,0.19825749099254608,0.08146902918815613,0.9138169288635254,-0.401645302772522,0.01442993339151144,0.05840674042701721,-0.005947114434093237,0.02110336907207966,-0.03166770562529564,-0.15188227593898773,0.0386013388633728,-0.030242297798395157,0.4645366966724396,-0.21964798867702484,0.14975115656852722,0.9680941700935364,0.24832157790660858,0.018948810175061226,-0.027767371386289597,-0.005947114434093237,0.02110336907207966,-0.03166770562529564,-0.15188227593898773,0.0386013388633728,-0.030242297798395157,-0.8247084794326767,0.07335599978008021,0.09555666609338567,0.5010621767565325,0.05050040202194556,-0.04442328834886248
766.0,15.32,0.0,766.0,0.44972658157348633,0.19873130321502686,0.07995259016752243,0.9133796691894531,-0.40260353684425354,0.015174811705946922,0.058459680527448654,-0.0004352675750851631,0.02191176265478134,-0.019954320043325424,-0.0980263501405716,0.07044149935245514,-0.006619347725063562,0.4645587205886841,-0.21903006732463837,0.14912950992584229,0.9683468341827393,0.24724821746349335,0.01949753798544407,-0.02815471589565277,-0.0004352675750851631,0.02191176265478134,-0.019954320043325424,-0.0980263501405716,0.07044149935245514,-0.006619347725063562,-0.8267681454819344,0.07486279719011821,0.09498129836632246,0.4988152130638924,0.05170619569691463,-0.04496080659077745
767.0,15.34,0.0,767.0,0.44981592893600464,0.19932876527309418,0.07847481220960617,0.913084864616394,-0.40317147970199585,0.016074074432253838,0.058910202234983444,-0.001237977296113968,0.019023388624191284,-0.015601626597344875,-0.05616142228245735,0.10478092730045319,-3.1599462090525776e-05,0.46484625339508057,-0.21833549439907074,0.14819331467151642,0.968498170375824,0.24655765295028687,0.020440038293600082,-0.028335925191640854,-0.001237977296113968,0.019023388624191284,-0.015601626597344875,-0.05616142228245735,0.10478092730045319,-3.1599462090525776e-05,-0.8279469092708754,0.07693167899760683,0.09504252662090955,0.4973608558096076,0.05359080054433899,-0.04488677448759277
768.0,15.36,0.0,768.0,0.4499379098415375,0.19980065524578094,0.07700011879205704,0.9129427075386047,-0.4033694863319397,0.01714625395834446,0.05945410579442978,-0.000987407867796719,0.01972060278058052,-0.0128321573138237,-0.008807232603430748,0.12273210287094116,0.006279502995312214,0.4651976525783539,-0.21782046556472778,0.14692702889442444,0.9685474634170532,0.2462388128042221,0.021601896733045578,-0.02856149710714817,-0.000987407867796719,0.01972060278058052,-0.0128321573138237,-0.008807232603430748,0.12273210287094116,0.006279502995312214,-0.8283046188915046,0.07935428764901768,0.09516643300245713,0.4966685691733567,0.055939985629121565,-0.044772842878254886
769.0,15.38,0.0,769.0,0.4500861167907715,0.20029880106449127,0.07573126256465912,0.9129827618598938,-0.4031355082988739,0.018256859853863716,0.06009292230010033,0.0010367120848968625,0.022868022322654724,-0.006016944535076618,0.036641255021095276,0.1299174278974533,0.015270896255970001,0.4656328856945038,-0.21734271943569183,0.14547264575958252,0.968479573726654,0.24636834859848022,0.022882992401719093,-0.02874929830431938,0.0010367120848968625,0.022868022322654724,-0.006016944535076618,0.036641255021095276,0.1299174278974533,0.015270896255970001,-0.8277103321431545,0.08187901695882271,0.09547194094539124,0.49690336602002305,0.05852264394545761,-0.044501764589616695
770.0,15.4,0.0,770.0,0.45017924904823303,0.20092156529426575,0.07468821108341217,0.9131636023521423,-0.40254926681518555,0.019397739320993423,0.060910262167453766,-0.0008870754390954971,0.0245205145329237,0.004516844637691975,0.06662395596504211,0.14258654415607452,0.02897285483777523,0.4661422073841095,-0.21678867936134338,0.14392216503620148,0.9683173894882202,0.24685877561569214,0.024323003366589546,-0.028825804591178894,-0.0008870754390954971,0.0245205145329237,0.004516844637691975,0.06662395596504211,0.14258654415607452,0.02897285483777523,-0.8263332684799968,0.08456613980632417,0.09611584820236482,0.4978891886308719,0.061375083034741235,-0.04391311405823481
771.0,15.42,0.0,771.0,0.4502972364425659,0.20131640136241913,0.07365179061889648,0.9132017493247986,-0.40229877829551697,0.02022579126060009,0.06171799078583717,0.007808314636349678,-0.0012665995163843036,-0.009965764358639717,0.01737544871866703,0.09511715918779373,0.03948819637298584,0.4667433798313141,-0.21640990674495697,0.14267538487911224,0.9682497382164001,0.24701997637748718,0.0254881102591753,-0.028706764802336693,0.007808314636349678,-0.0012665995163843036,-0.009965764358639717,0.01737544871866703,0.09511715918779373,0.03948819637298584,-0.8257030084698952,0.08670721146674666,0.0969639046394794,0.4982126541643148,0.06358282478655844,-0.043098888749561234
772.0,15.44,0.0,772.0,0.4504154920578003,0.20158767700195312,0.0728072077035904,0.9133359789848328,-0.4018573462963104,0.02084076590836048,0.06240088492631912,0.006946541368961334,0.0038735095877200365,-0.011759040877223015,0.06544283777475357,0.07771852612495422,0.03253469616174698,0.4672800898551941,-0.2161862701177597,0.14144037663936615,0.9681306481361389,0.24740517139434814,0.026422668248414993,-0.028560740873217583,0.006946541368961334,0.0038735095877200365,-0.011759040877223015,0.06544283777475357,0.07771852612495422,0.03253469616174698,-0.824669833137458,0.08833657997829406,0.09777222281652795,0.4990058629607562,0.06533981297672085,-0.042329781521666894
773.0,15.46,0.0,773.0,0.4504988491535187,0.20192141830921173,0.07239403575658798,0.9136396050453186,-0.4010506272315979,0.021145686507225037,0.06304055452346802,0.009542735293507576,0.005630139727145433,-0.00936370063573122,0.1031479611992836,0.04507845267653465,0.04674558714032173,0.46779850125312805,-0.2159544825553894,0.14029446244239807,0.9679158329963684,0.24820320308208466,0.027113478630781174,-0.02826925739645958,0.009542735293507576,0.005630139727145433,-0.00936370063573122,0.1031479611992836,0.04507845267653465,0.04674558714032173,-0.8228509132096374,0.08932269482404369,0.09878546380511927,0.5006658379012614,0.06656931471077163,-0.04136861208602752
774.0,15.48,0.0,774.0,0.4505687355995178,0.20224031805992126,0.07251785695552826,0.9140710234642029,-0.3999853730201721,0.021060986444354057,0.06357888132333755,0.012059149332344532,0.0047911605797708035,-0.005376685410737991,0.1345214992761612,0.007882826961576939,0.04136347398161888,0.46829286217689514,-0.21577569842338562,0.13943926990032196,0.9676344394683838,0.24931024014949799,0.02745475433766842,-0.02782563865184784,0.012059149332344532,0.0047911605797708035,-0.005376685410737991,0.1345214992761612,0.007882826961576939,0.04136347398161888,-0.8204879502721851,0.08948309305476515,0.09994860556000505,0.5029790962218417,0.06705700660925974,-0.040261928444521866
775.0,15.5,0.0,775.0,0.450695663690567,0.202327698469162,0.07316282391548157,0.9146278500556946,-0.39869043231010437,0.020680628716945648,0.06382932513952255,0.013513816520571709,0.0032812634017318487,-0.0013257368700578809,0.16507212817668915,-0.025846101343631744,0.02072351612150669,0.4686625301837921,-0.21586741507053375,0.13888989388942719,0.9672892093658447,0.25069543719291687,0.02740290015935898,-0.027434006333351135,0.013513816520571709,0.0032812634017318487,-0.0013257368700578809,0.16507212817668915,-0.025846101343631744,0.02072351612150669,-0.817654918429722,0.08884326629547512,0.10083764561828465,0.5058688677742706,0.06681791746527356,-0.03943185284152176
776.0,15.52,0.0,776.0,0.4509316682815552,0.2020266056060791,0.0743008702993393,0.9153170585632324,-0.3971649408340454,0.020094867795705795,0.06364626437425613,0.014111754484474659,0.0014757242752239108,0.0027169096283614635,0.19324830174446106,-0.05847487226128578,-0.01915249601006508,0.4688223600387573,-0.21639040112495422,0.1386214941740036,0.9668747186660767,0.25235769152641296,0.02693881280720234,-0.027264559641480446,0.014111754484474659,0.0014757242752239108,0.0027169096283614635,0.19324830174446106,-0.05847487226128578,-0.01915249601006508,-0.8143581573677943,0.08745391854143804,0.10110900449873371,0.5093225741806587,0.06590143608256499,-0.03922155865779032
777.0,15.540000000000001,0.0,777.0,0.4512888491153717,0.2012779414653778,0.07589530944824219,0.9161189198493958,-0.3954554498195648,0.019338296726346016,0.06298383325338364,0.01438892725855112,-0.001399182714521885,0.006396585609763861,0.2143130600452423,-0.08864855021238327,-0.0548461489379406,0.46874234080314636,-0.21739663183689117,0.13864083588123322,0.9664009213447571,0.25424566864967346,0.026058031246066093,-0.027373390272259712,0.01438892725855112,-0.001399182714521885,0.006396585609763861,0.2143130600452423,-0.08864855021238327,-0.0548461489379406,-0.8107017358818924,0.08535056255815868,0.10064205631685257,0.51323211016019,0.06432850522776229,-0.03974972115020823
778.0,15.56,0.0,778.0,0.4517348110675812,0.20012716948986053,0.07788077741861343,0.9170063734054565,-0.39360833168029785,0.01842643879354,0.061905380338430405,0.014008089900016785,-0.0042119924910366535,0.009416702203452587,0.2318478375673294,-0.1153191477060318,-0.08467961102724075,0.46844208240509033,-0.21882940828800201,0.1389240026473999,0.9658798575401306,0.2563052177429199,0.02480832114815712,-0.027718381956219673,0.014008089900016785,-0.0042119924910366535,0.009416702203452587,0.2318478375673294,-0.1153191477060318,-0.08467961102724075,-0.8067816714813038,0.08262123619220516,0.09953288139339983,0.517490281429206,0.06217249170894828,-0.040918702398578054
779.0,15.58,0.0,779.0,0.4522203803062439,0.19866128265857697,0.08018383383750916,0.9179621934890747,-0.39164018630981445,0.017366517335176468,0.06051093712449074,0.012479035183787346,-0.006844928953796625,0.011199227534234524,0.24761110544204712,-0.13602079451084137,-0.10505200177431107,0.46795520186424255,-0.2205934375524521,0.13941137492656708,0.9653154611587524,0.258512407541275,0.023256424814462662,-0.02822432853281498,0.012479035183787346,-0.006844928953796625,0.011199227534234524,0.24761110544204712,-0.13602079451084137,-0.10505200177431107,-0.802627110417604,0.07936394629784146,0.09795508468228399,0.5220550069850748,0.05952739623240582,-0.04255480372069146
780.0,15.6,0.0,780.0,0.4526686370372772,0.19698910415172577,0.0826946347951889,0.9189692139625549,-0.38956236839294434,0.0161906685680151,0.058947641402482986,0.009085189551115036,-0.010058918967843056,0.011890681460499763,0.26100143790245056,-0.1465049386024475,-0.11099158227443695,0.467320054769516,-0.22257155179977417,0.14000266790390015,0.9647112488746643,0.26084527373313904,0.021516907960176468,-0.028794793412089348,0.009085189551115036,-0.010058918967843056,0.011890681460499763,0.26100143790245056,-0.1465049386024475,-0.11099158227443695,-0.7982513924778206,0.07575744469261694,0.09615100644288149,0.5268879626661107,0.056567331467446316,-0.044417774525761344
781.0,15.620000000000001,0.0,781.0,0.45302534103393555,0.19520772993564606,0.08530924469232559,0.9200181365013123,-0.38736653327941895,0.014943812042474747,0.05736056715250015,0.004663421306759119,-0.013492032885551453,0.012311452068388462,0.2761514484882355,-0.1480332314968109,-0.10639291256666183,0.46659258008003235,-0.2246616929769516,0.14058686792850494,0.9640656113624573,0.2633015215396881,0.019715607166290283,-0.029342954978346825,0.004663421306759119,-0.013492032885551453,0.012311452068388462,0.2761514484882355,-0.1480332314968109,-0.10639291256666183,-0.7936267127035018,0.07199848991030913,0.09435209388543465,0.5319889789565592,0.05349187849135863,-0.04627745869658017
782.0,15.64,0.0,782.0,0.4532487392425537,0.19341224431991577,0.0879819244146347,0.9211198091506958,-0.385005384683609,0.013650239445269108,0.05588100850582123,-7.713577360846102e-05,-0.01635034941136837,0.013670528307557106,0.2976296842098236,-0.14235809445381165,-0.08978929370641708,0.4658324718475342,-0.22676953673362732,0.14107543230056763,0.9633668065071106,0.26592308282852173,0.017955711111426353,-0.029781725257635117,-7.713577360846102e-05,-0.01635034941136837,0.013670528307557106,0.2976296842098236,-0.14235809445381165,-0.08978929370641708,-0.7886426269310624,0.06822892351674652,0.09278402935118323,0.5374474170628537,0.05045657263001902,-0.04791105158431483
783.0,15.66,0.0,783.0,0.45331722497940063,0.19166047871112823,0.09069503843784332,0.9222918748855591,-0.3824184238910675,0.012341572903096676,0.05460576340556145,-0.005041641648858786,-0.018919430673122406,0.016735242679715157,0.3265030086040497,-0.12855678796768188,-0.07012126594781876,0.46508949995040894,-0.22884006798267365,0.14139726758003235,0.9625981450080872,0.2687661349773407,0.016326038166880608,-0.030056094750761986,-0.005041641648858786,-0.018919430673122406,0.016735242679715157,0.3265030086040497,-0.12855678796768188,-0.07012126594781876,-0.7831640275839661,0.06457441648458823,0.09160430591903053,0.5433795804754441,0.04760491168416732,-0.04916357119638256
784.0,15.68,0.0,784.0,0.45324036478996277,0.18991093337535858,0.09339337795972824,0.9235460162162781,-0.37956249713897705,0.011146587319672108,0.053579796105623245,-0.01055210642516613,-0.025137750431895256,0.021796999499201775,0.3527849018573761,-0.10232789814472198,-0.0564894825220108,0.4643799960613251,-0.23091591894626617,0.1414627879858017,0.9617453813552856,0.27186262607574463,0.014958330430090427,-0.030211126431822777,-0.01055210642516613,-0.025137750431895256,0.021796999499201775,0.3527849018573761,-0.10232789814472198,-0.0564894825220108,-0.777092557839154,0.06130092220167682,0.09080019901647175,0.5498455089059465,0.04521416972254388,-0.05004962564202279
785.0,15.700000000000001,0.0,785.0,0.4530383348464966,0.18792246282100677,0.09587553888559341,0.9248472452163696,-0.3765122592449188,0.01044156402349472,0.05279181897640228,-0.022279731929302216,-0.04222540184855461,0.03577904403209686,0.35473397374153137,-0.035182829946279526,-0.05931726470589638,0.4636284112930298,-0.2332284301519394,0.14115016162395477,0.9608265161514282,0.2751058042049408,0.014135342091321945,-0.03048545867204666,-0.022279731929302216,-0.04222540184855461,0.03577904403209686,0.35473397374153137,-0.035182829946279526,-0.05931726470589638,-0.7705729078219984,0.05910164382271837,0.09006474399631992,0.5566044574576045,0.04395082603477263,-0.05087610024556458
786.0,15.72,0.0,786.0,0.45290321111679077,0.18631748855113983,0.09828443080186844,0.9264991879463196,-0.37252679467201233,0.009658683091402054,0.05224820226430893,-0.00942305102944374,-0.007649417035281658,0.00399405462667346,0.4876861274242401,-0.041146207600831985,0.000657212920486927,0.46314552426338196,-0.2352178990840912,0.13991408050060272,0.9596223831176758,0.2793038487434387,0.013468139804899693,-0.030545001849532127,-0.00942305102944374,-0.007649417035281658,0.00399405462667346,0.4876861274242401,-0.041146207600831985,0.000657212920486927,-0.7620387177757995,0.05685585471357848,0.0898856218664927,0.5653638280757558,0.0429245039967719,-0.051169359771343736
787.0,15.74,0.0,787.0,0.45265379548072815,0.184840589761734,0.09971791505813599,0.9281455278396606,-0.3684070408344269,0.009648437611758709,0.052242279052734375,-0.021055568009614944,-0.025436948984861374,-0.0010153040057048202,0.440035343170166,0.05568385496735573,-0.04008791223168373,0.462803453207016,-0.23704974353313446,0.1376066952943802,0.9583690166473389,0.28354883193969727,0.013747747987508774,-0.030659766867756844,-0.021055568009614944,-0.025436948984861374,-0.0010153040057048202,0.440035343170166,0.05568385496735573,-0.04008791223168373,-0.7531651306956516,0.05643309200229377,0.09013303195146528,0.5742027120918066,0.04375186489748313,-0.05104140153021025
788.0,15.76,0.0,788.0,0.4525333046913147,0.18313318490982056,0.10042940080165863,0.929715633392334,-0.3643947243690491,0.010355295613408089,0.052328139543533325,-0.01883815787732601,-0.03587491065263748,-0.0005284574581310153,0.4058155119419098,0.10586227476596832,-0.010659873485565186,0.4624921977519989,-0.2390710413455963,0.1346992552280426,0.9571288228034973,0.2876119315624237,0.014638399705290794,-0.031139837577939034,-0.01883815787732601,-0.03587491065263748,-0.0005284574581310153,0.4058155119419098,0.10586227476596832,-0.010659873485565186,-0.7444942362775699,0.05742270043008244,0.09002346084996542,0.5826424718251034,0.04595020634370984,-0.051265847956692194
789.0,15.780000000000001,0.0,789.0,0.452583372592926,0.1816883087158203,0.10053670406341553,0.9313629865646362,-0.36009931564331055,0.011232784017920494,0.05258697643876076,-0.012125331908464432,-0.02451089769601822,-0.03294162079691887,0.42537885904312134,0.13073526322841644,-0.022909468039870262,0.46243736147880554,-0.24081438779830933,0.13094043731689453,0.9557865858078003,0.291932612657547,0.015789641067385674,-0.031595248728990555,-0.012125331908464432,-0.02451089769601822,-0.03294162079691887,0.42537885904312134,0.13073526322841644,-0.022909468039870262,-0.7352131894260537,0.05883059133759533,0.09014305148493387,0.5916273710909892,0.04864959879141445,-0.05126066540761799
790.0,15.8,0.0,790.0,0.4526894688606262,0.18027114868164062,0.09973336011171341,0.932791531085968,-0.35625481605529785,0.012649704702198505,0.05312742292881012,-0.013765747658908367,-0.0375143401324749,-0.02475777454674244,0.3489733636379242,0.19213654100894928,0.0030829445458948612,0.46253520250320435,-0.24246501922607422,0.12670013308525085,0.9545711278915405,0.29572659730911255,0.017505381256341934,-0.03214743733406067,-0.013765747658908367,-0.0375143401324749,-0.02475777454674244,0.3489733636379242,0.19213654100894928,0.0030829445458948612,-0.7268710889216995,0.06149161582632712,0.09039424457724587,0.5995060311192908,0.052458015524385025,-0.051112942942550144
791.0,15.82,0.0,791.0,0.45284727215766907,0.17911842465400696,0.09861863404512405,0.934025764465332,-0.3528081178665161,0.01463312841951847,0.05392881855368614,-0.019460372626781464,-0.024820739403367043,0.008799828588962555,0.3033960461616516,0.26393362879753113,-0.010789613239467144,0.46275246143341064,-0.24380016326904297,0.12252973765134811,0.9534673690795898,0.29904890060424805,0.01979787088930607,-0.03283102810382843,-0.019460372626781464,-0.024820739403367043,0.008799828588962555,0.3033960461616516,0.26393362879753113,-0.010789613239467144,-0.719349481166259,0.06543516482692462,0.09073479179342679,0.6063914427886051,0.0574209568728543,-0.050871304900660524
792.0,15.84,0.0,792.0,0.4530174732208252,0.17844241857528687,0.09742885828018188,0.9349815249443054,-0.3500089943408966,0.01693621277809143,0.05492156371474266,-0.013052169233560562,-0.02159544825553894,0.01888291724026203,0.19625665247440338,0.2569775879383087,0.02287481352686882,0.46306112408638,-0.24460469186306,0.11888311803340912,0.9525587558746338,0.30166929960250854,0.022413283586502075,-0.03354239463806152,-0.013052169233560562,-0.02159544825553894,0.01888291724026203,0.19625665247440338,0.2569775879383087,0.02287481352686882,-0.7131955386444757,0.07017375661051048,0.09119613917258093,0.6118105554826828,0.06297898517961951,-0.05050094412354932
793.0,15.860000000000001,0.0,793.0,0.45321986079216003,0.17808915674686432,0.0959126278758049,0.9354190230369568,-0.34856417775154114,0.018934577703475952,0.05599936097860336,-0.00408981554210186,-0.024431638419628143,0.0018739273073151708,0.07723654061555862,0.2172204554080963,0.021404225379228592,0.4635798931121826,-0.24501149356365204,0.11612439900636673,0.9520860314369202,0.3029301166534424,0.024746647104620934,-0.03396221622824669,-0.00408981554210186,-0.024431638419628143,0.0018739273073151708,0.07723654061555862,0.2172204554080963,0.021404225379228592,-0.7099500015499233,0.07453124045386715,0.09195031377175884,0.6144050865986895,0.06775002793487843,-0.04981170409979806
794.0,15.88,0.0,794.0,0.45350438356399536,0.1778033822774887,0.09393798559904099,0.9354345798492432,-0.34827354550361633,0.020686110481619835,0.0569184310734272,0.00217646942473948,-0.026062414050102234,-0.017879342660307884,-0.01966008171439171,0.18647611141204834,0.023776782676577568,0.4641492962837219,-0.2453000694513321,0.11394195258617401,0.9519838690757751,0.3030436038970947,0.026706883683800697,-0.03432433679699898,0.00217646942473948,-0.026062414050102234,-0.017879342660307884,-0.01966008171439171,0.18647611141204834,0.023776782676577568,-0.7091925368909332,0.07842775418469562,0.09249382866977501,0.6146026458331851,0.0717140309166488,-0.04931240482803818
795.0,15.9,0.0,795.0,0.45388516783714294,0.17748484015464783,0.09162995219230652,0.9351633787155151,-0.3487882614135742,0.022323936223983765,0.05760207027196884,0.005847688298672438,-0.026920778676867485,-0.025496508926153183,-0.08939982950687408,0.16822931170463562,-0.0003511590766720474,0.4646814167499542,-0.24559006094932556,0.11215073615312576,0.9521373510360718,0.3023569881916046,0.028375837951898575,-0.03478041663765907,0.005847688298672438,-0.026920778676867485,-0.025496508926153183,-0.08939982950687408,0.16822931170463562,-0.0003511590766720474,-0.710177318118634,0.08202684863838942,0.09260525160663449,0.6131180925606332,0.07513826534696508,-0.04923093021510832
796.0,15.92,0.0,796.0,0.45441216230392456,0.17690715193748474,0.08927170187234879,0.9347239136695862,-0.34980425238609314,0.02402833104133606,0.057886045426130295,0.006691892631351948,-0.02609325386583805,-0.01713395118713379,-0.13080230355262756,0.1618099957704544,-0.048410564661026,0.46503984928131104,-0.2461235225200653,0.11076853424310684,0.9524402022361755,0.3011690676212311,0.02981485426425934,-0.03557892143726349,0.006691892631351948,-0.02609325386583805,-0.01713395118713379,-0.13080230355262756,0.1618099957704544,-0.048410564661026,-0.7122620513944712,0.08552149549490874,0.09186897809576303,0.6105599451425746,0.07830427490618258,-0.04998889969626968
797.0,15.94,0.0,797.0,0.45519107580184937,0.17596547305583954,0.0872957706451416,0.934318482875824,-0.3508208394050598,0.025810157880187035,0.05751318112015724,0.011060278862714767,-0.009065032936632633,-0.005038118921220303,-0.11155743151903152,0.138413667678833,-0.11725594103336334,0.4651024043560028,-0.24703119695186615,0.10978083312511444,0.9527236223220825,0.2999962270259857,0.03090895339846611,-0.0369422510266304,0.011060278862714767,-0.009065032936632633,-0.005038118921220303,-0.11155743151903152,0.138413667678833,-0.11725594103336334,-0.714398887272201,0.0886997044325054,0.08983522835997232,0.6079951093351323,0.08114947683916385,-0.05204103186561496
798.0,15.96,0.0,798.0,0.4561707377433777,0.17494627833366394,0.0858364999294281,0.9339956045150757,-0.35169535875320435,0.02744084782898426,0.05665171146392822,0.01735849864780903,0.0055900514125823975,0.0014560929266735911,-0.1055719181895256,0.10430596023797989,-0.1379234343767166,0.4650060832500458,-0.2480274885892868,0.1091846451163292,0.9529496431350708,0.2989964485168457,0.03159321844577789,-0.03860095515847206,0.01735849864780903,0.0055900514125823975,0.0014560929266735911,-0.1055719181895256,0.10430596023797989,-0.1379234343767166,-0.716282796953942,0.09123408007568357,0.08699431158725211,0.6057718949506515,0.08339320924306698,-0.054895252180947554
799.0,15.98,0.0,799.0,0.4571167230606079,0.17430564761161804,0.08465910702943802,0.933585524559021,-0.35280290246009827,0.028727972880005836,0.0558820404112339,0.020984560251235962,0.008326574228703976,0.005277481861412525,-0.1462845504283905,0.07948849350214005,-0.09481019526720047,0.4650484025478363,-0.24862608313560486,0.10906913876533508,0.9532575011253357,0.2977844178676605,0.03204827010631561,-0.03996950760483742,0.020984560251235962,0.008326574228703976,0.005277481861412525,-0.1462845504283905,0.07948849350214005,-0.09481019526720047,-0.7186782642784907,0.09320563106357455,0.08453786805663348,0.6031223519123803,0.08500743845422262,-0.05735393858136014
800.0,16.0,0.0,800.0,0.4578112065792084,0.17441527545452118,0.08352771401405334,0.9329521059989929,-0.35442739725112915,0.02962443418800831,0.0557149201631546,0.02129475027322769,0.008119471371173859,0.00863660965114832,-0.20037926733493805,0.06798228621482849,-0.006822989787906408,0.46544837951660156,-0.2484321892261505,0.10944484174251556,0.9537520408630371,0.2960571348667145,0.03253274783492088,-0.040609054267406464,0.02129475027322769,0.008119471371173859,0.00863660965114832,-0.20037926733493805,0.06798228621482849,-0.006822989787906408,-0.7221525751757881,0.09491256604386593,0.08343109720694981,0.5994433563894733,0.08620826933137439,-0.05844902627267385
801.0,16.02,0.0,801.0,0.45809489488601685,0.175542414188385,0.0822906419634819,0.9320627450942993,-0.35660046339035034,0.030117232352495193,0.05646288022398949,0.018476905301213264,0.007666571531444788,0.008291361853480339,-0.2548217177391052,0.06233302503824234,0.10157544910907745,0.4663046598434448,-0.24716860055923462,0.11018313467502594,0.954449474811554,0.29377055168151855,0.03322688117623329,-0.04026421159505844,0.018476905301213264,0.007666571531444788,0.008291361853480339,-0.2548217177391052,0.06233302503824234,0.10157544910907745,-0.7267473329404232,0.09656167270393233,0.08426603539499518,0.5946644148921184,0.08719406772974386,-0.057588627431363476
802.0,16.04,0.0,802.0,0.45794692635536194,0.17760945856571198,0.08087106794118881,0.930939793586731,-0.3592606782913208,0.03023049794137478,0.058042094111442566,0.012903592549264431,0.00863302405923605,0.0026849776040762663,-0.29929134249687195,0.053282011300325394,0.18198716640472412,0.4675200879573822,-0.24490845203399658,0.11115316301584244,0.9553232789039612,0.2909849286079407,0.0341021791100502,-0.039017271250486374,0.012903592549264431,0.00863302405923605,0.0026849776040762663,-0.29929134249687195,0.053282011300325394,0.18198716640472412,-0.7323361527960236,0.09814753984424056,0.08687292875741587,0.5889117114909677,0.08797752570456122,-0.054941788128158066
803.0,16.06,0.0,803.0,0.45747607946395874,0.1802181899547577,0.07932528108358383,0.9296562671661377,-0.3622703552246094,0.030003510415554047,0.059990767389535904,0.007824829779565334,0.01256752759218216,-0.007292924448847771,-0.3273184895515442,0.026413340121507645,0.2115669548511505,0.4688127934932709,-0.242054745554924,0.11229556053876877,0.9563130736351013,0.28785043954849243,0.034914351999759674,-0.03725944459438324,0.007824829779565334,0.01256752759218216,-0.007292924448847771,-0.3273184895515442,0.026413340121507645,0.2115669548511505,-0.7386612184847944,0.09941536681515671,0.09037142358114349,0.5824765538219947,0.08834327912174372,-0.05138608770533955
804.0,16.080000000000002,0.0,804.0,0.45681142807006836,0.18300127983093262,0.07780782133340836,0.9282573461532593,-0.3655746281147003,0.029391668736934662,0.06188373267650604,0.004288602154701948,0.013596698641777039,-0.01645761728286743,-0.3583261966705322,-0.01991293579339981,0.21175506711006165,0.4699728488922119,-0.2389785647392273,0.11372144520282745,0.9573903679847717,0.2844409942626953,0.035369761288166046,-0.03529956191778183,0.004288602154701948,0.013596698641777039,-0.01645761728286743,-0.3583261966705322,-0.01991293579339981,0.21175506711006165,-0.7456437929335645,0.0999787897719934,0.0940055040852584,0.5754914600526251,0.08791984074469998,-0.04767181265230003
805.0,16.1,0.0,805.0,0.45603594183921814,0.18574821949005127,0.07659672945737839,0.9267391562461853,-0.36921826004981995,0.028292788192629814,0.06349585205316544,0.0038758304435759783,0.012579052709043026,-0.015038808807730675,-0.39085543155670166,-0.08356086909770966,0.20274999737739563,0.47092247009277344,-0.2358858734369278,0.11575168371200562,0.9585638642311096,0.2807265818119049,0.035246141254901886,-0.03325061500072479,0.0038758304435759783,0.012579052709043026,-0.015038808807730675,-0.39085543155670166,-0.08356086909770966,0.20274999737739563,-0.753408011196963,0.09949180332621917,0.09743090813687454,0.5678831020522646,0.08634727738322193,-0.04413532394100743
806.0,16.12,0.0,806.0,0.45522165298461914,0.18839415907859802,0.07612262666225433,0.9251367449760437,-0.3731296956539154,0.026646092534065247,0.06470019370317459,0.004975960589945316,0.014627870172262192,0.0041798558086156845,-0.4128480553627014,-0.1507318913936615,0.18205563724040985,0.4716353416442871,-0.23284581303596497,0.11875497549772263,0.959807813167572,0.2767890393733978,0.0344226136803627,-0.031177138909697533,0.004975960589945316,0.014627870172262192,0.0041798558086156845,-0.4128480553627014,-0.1507318913936615,0.18205563724040985,-0.7618185590315134,0.09774124770830171,0.10047589124617103,0.5598148591750896,0.08343392266059152,-0.0409463495916301
807.0,16.14,0.0,807.0,0.45439115166664124,0.19096973538398743,0.07677944749593735,0.9235172867774963,-0.3771345615386963,0.024525882676243782,0.06545198708772659,0.004416291601955891,0.026266630738973618,0.04254067689180374,-0.40567347407341003,-0.21105733513832092,0.1534239500761032,0.4720662832260132,-0.22984351217746735,0.12297279387712479,0.9610639810562134,0.2728012502193451,0.03294200450181961,-0.029164811596274376,0.004416291601955891,0.026266630738973618,0.04254067689180374,-0.40567347407341003,-0.21105733513832092,0.1534239500761032,-0.7705054558089773,0.09481053182286812,0.1030371112626874,0.5516402287037455,0.0793142530834458,-0.03821465768265316
808.0,16.16,0.0,808.0,0.45363494753837585,0.1933288276195526,0.0789349153637886,0.9220412969589233,-0.38086333870887756,0.022229738533496857,0.06548804044723511,-0.0026066587306559086,0.04930608347058296,0.1005556732416153,-0.3612399101257324,-0.23772263526916504,0.06644042581319809,0.47200319170951843,-0.22707682847976685,0.12844963371753693,0.9622116684913635,0.2691308557987213,0.030901392921805382,-0.027614841237664223,-0.0026066587306559086,0.04930608347058296,0.1005556732416153,-0.3612399101257324,-0.23772263526916504,0.06644042581319809,-0.7786768958374469,0.09100302789421295,0.10445365603376972,0.5440984593832536,0.07439997882594379,-0.0366190653735833
809.0,16.18,0.0,809.0,0.45337361097335815,0.19474026560783386,0.08233601599931717,0.9206034541130066,-0.38467997312545776,0.019729331135749817,0.06419766694307327,0.03407864645123482,0.017887303605675697,0.09243708848953247,-0.46230217814445496,-0.39766862988471985,-0.02940879575908184,0.4713839292526245,-0.2252647578716278,0.13526467978954315,0.9633495807647705,0.2654295861721039,0.027875706553459167,-0.026980824768543243,0.03407864645123482,0.017887303605675697,0.09243708848953247,-0.46230217814445496,-0.39766862988471985,-0.02940879575908184,-0.7871569456307462,0.08582220979671236,0.10358796089122405,0.5364439180089572,0.06808368520935702,-0.037280834249375755
810.0,16.2,0.0,810.0,0.45341217517852783,0.19544531404972076,0.08507755398750305,0.9189990162849426,-0.388937383890152,0.01695915311574936,0.062296800315380096,0.0062207928858697414,0.027829857543110847,0.042268794029951096,-0.4073672592639923,-0.28873950242996216,-0.06669723242521286,0.47061851620674133,-0.22409506142139435,0.14182117581367493,0.9645857810974121,0.2612990736961365,0.024230649694800377,-0.026646925136446953,0.0062207928858697414,0.027829857543110847,0.042268794029951096,-0.4073672592639923,-0.28873950242996216,-0.06669723242521286,-0.7966580360995433,0.07971439619743059,0.10180781326033224,0.527908049401687,0.06070798948159702,-0.03882484991944246
811.0,16.22,0.0,811.0,0.4532153904438019,0.19609293341636658,0.08595505356788635,0.9175435900688171,-0.39266663789749146,0.015234297141432762,0.060784947127103806,0.0012390661286190152,0.0233142226934433,-0.004705781117081642,-0.3748456835746765,-0.22752061486244202,-0.05308430269360542,0.46966999769210815,-0.2230093777179718,0.14605914056301117,0.9656403064727783,0.25760048627853394,0.021682128310203552,-0.02666390873491764,0.0012390661286190152,0.0233142226934433,-0.004705781117081642,-0.3748456835746765,-0.22752061486244202,-0.05308430269360542,-0.8049458905038779,0.07576515396317614,0.10003491491904684,0.5202668638643967,0.05564023399018637,-0.04039831242546451
812.0,16.240000000000002,0.0,812.0,0.4529682397842407,0.19669748842716217,0.0856429859995842,0.916196346282959,-0.3960031270980835,0.014124082401394844,0.05971844494342804,-0.011171311140060425,0.01802811585366726,-0.025286493822932243,-0.33297812938690186,-0.12113586068153381,-0.021815313026309013,0.46887990832328796,-0.2219819873571396,0.14876458048820496,0.9665687680244446,0.25423309206962585,0.019917987287044525,-0.026718975976109505,-0.011171311140060425,0.01802811585366726,-0.025286493822932243,-0.33297812938690186,-0.12113586068153381,-0.021815313026309013,-0.8123311125104815,0.07324371713379335,0.09866538948120197,0.513317283401967,0.05211347534572787,-0.041592261022017504
813.0,16.26,0.0,813.0,0.4526141583919525,0.19737428426742554,0.08442266285419464,0.9150151014328003,-0.39880749583244324,0.013753159902989864,0.059251606464385986,-0.017039481550455093,0.012246199883520603,-0.03459540009498596,-0.2910498380661011,-0.038333140313625336,-0.018512513488531113,0.4682959318161011,-0.22092139720916748,0.15009455382823944,0.9673411846160889,0.25133273005485535,0.01914084516465664,-0.02677236869931221,-0.017039481550455093,0.012246199883520603,-0.03459540009498596,-0.2910498380661011,-0.038333140313625336,-0.018512513488531113,-0.8184940132291152,0.07249214643025728,0.09787534987408325,0.5073281100866905,0.05051046377855956,-0.04224099588556741
814.0,16.28,0.0,814.0,0.4522927701473236,0.19800472259521484,0.08266853541135788,0.9140217304229736,-0.40108656883239746,0.013946151360869408,0.05915417522192001,-0.01571308821439743,0.014505023136734962,-0.03848705440759659,-0.22738364338874817,0.019121399149298668,-0.0001807248336263001,0.4679132401943207,-0.2199605256319046,0.15042591094970703,0.9679626822471619,0.2489199936389923,0.01907064951956272,-0.026897497475147247,-0.01571308821439743,0.014505023136734962,-0.03848705440759659,-0.22738364338874817,0.019121399149298668,-0.0001807248336263001,-0.8234688895824377,0.07301091853250967,0.09736190951155531,0.5023360429494437,0.05033124722269121,-0.042644322322017265
815.0,16.3,0.0,815.0,0.45218172669410706,0.19857636094093323,0.08086248487234116,0.9133191108703613,-0.40266117453575134,0.01449173130095005,0.05917946994304657,-0.005181249231100082,0.021201753988862038,-0.032159850001335144,-0.15156970918178558,0.043492067605257034,-0.026276646181941032,0.46775004267692566,-0.21915289759635925,0.15007150173187256,0.9683858156204224,0.2472139149904251,0.019402427598834038,-0.027164723724126816,-0.005181249231100082,0.021201753988862038,-0.032159850001335144,-0.15156970918178558,0.043492067605257034,-0.026276646181941032,-0.8268850358907177,0.07419775860905352,0.09684632798342963,0.49879240714650686,0.051031203585522183,-0.04308816501123559
816.0,16.32,0.0,816.0,0.45229968428611755,0.19907456636428833,0.07928149402141571,0.9128811955451965,-0.4036095440387726,0.015273998491466045,0.059278737753629684,0.00012695748591795564,0.02201039344072342,-0.020782914012670517,-0.09743621945381165,0.07600405812263489,-0.0048866840079426765,0.4678118824958801,-0.21850897371768951,0.14937683939933777,0.9686350226402283,0.24614518880844116,0.020009692758321762,-0.027538903057575226,0.00012695748591795564,0.02201039344072342,-0.020782914012670517,-0.09743621945381165,0.07600405812263489,-0.0048866840079426765,-0.8289194153393974,0.07581021533264724,0.09632455138414954,0.49655578313723214,0.05234521451345676,-0.04357316105250451
817.0,16.34,0.0,817.0,0.4524073302745819,0.19967550039291382,0.07774096727371216,0.9125910997390747,-0.4041585922241211,0.0162220299243927,0.0597514770925045,-0.0005947666359134018,0.019458968192338943,-0.016286717727780342,-0.05422791838645935,0.10987964272499084,-0.0009905508486554027,0.46812641620635986,-0.21781185269355774,0.14836151897907257,0.9687801599502563,0.24546878039836884,0.021005449816584587,-0.027733078226447105,-0.0005947666359134018,0.019458968192338943,-0.016286717727780342,-0.05422791838645935,0.10987964272499084,-0.0009905508486554027,-0.8300533083159876,0.07798532337464237,0.09638644948247613,0.4951307721575159,0.05434126177772239,-0.04350004449598291
818.0,16.36,0.0,818.0,0.45255836844444275,0.20013827085494995,0.07621696591377258,0.9124600291252136,-0.40432673692703247,0.01734413206577301,0.06029816344380379,-0.0003036441921722144,0.0205595251172781,-0.013242787681519985,-0.00542533490806818,0.12758652865886688,0.003491870127618313,0.4684991240501404,-0.2173098474740982,0.1470191925764084,0.968819797039032,0.24517689645290375,0.022210227325558662,-0.027988100424408913,-0.0003036441921722144,0.0205595251172781,-0.013242787681519985,-0.00542533490806818,0.12758652865886688,0.003491870127618313,-0.8303427473245029,0.08049887715492099,0.0964754441606865,0.494493904341128,0.056789999933908965,-0.04342360374744238
819.0,16.38,0.0,819.0,0.4527364671230316,0.20062221586704254,0.07490938156843185,0.912514865398407,-0.4040566384792328,0.018505163490772247,0.06093033030629158,0.0018112489487975836,0.023559190332889557,-0.006144010927528143,0.03960443288087845,0.1342059075832367,0.012580526992678642,0.46894827485084534,-0.2168523520231247,0.14549383521080017,0.9687407612800598,0.24534019827842712,0.023529279977083206,-0.028213301673531532,0.0018112489487975836,0.023559190332889557,-0.006144010927528143,0.03960443288087845,0.1342059075832367,0.012580526992678642,-0.8296666494170418,0.08310670755100504,0.09672948899871084,0.4947978212563981,0.05946629538425947,-0.04320718184252484
820.0,16.4,0.0,820.0,0.4528607726097107,0.20123575627803802,0.07383963465690613,0.9127113819122314,-0.4034329652786255,0.019688986241817474,0.06174140051007271,-9.947277430910617e-05,0.025412634015083313,0.0046894969418644905,0.07019653916358948,0.1464698612689972,0.025951441377401352,0.4694744050502777,-0.2163141667842865,0.14388296008110046,0.9685672521591187,0.24586646258831024,0.02500174194574356,-0.02832236886024475,-9.947277430910617e-05,0.025412634015083313,0.0046894969418644905,0.07019653916358948,0.1464698612689972,0.025951441377401352,-0.8282047526729772,0.0858632319602716,0.0973293855260566,0.4958575885198564,0.06239925887771587,-0.0426660098214243
821.0,16.42,0.0,821.0,0.4530039131641388,0.20162710547447205,0.0727853775024414,0.9127721190452576,-0.40312784910202026,0.020573144778609276,0.0625436082482338,0.008466779254376888,-0.000714216788765043,-0.009832295589148998,0.020021196454763412,0.09907937049865723,0.037185631692409515,0.4700835347175598,-0.21594741940498352,0.1425693780183792,0.9684832096099854,0.24608057737350464,0.02621118165552616,-0.02824384905397892,0.008466779254376888,-0.000714216788765043,-0.009832295589148998,0.020021196454763412,0.09907937049865723,0.037185631692409515,-0.8274519673072321,0.0880972412439772,0.09812623708816912,0.4962894439816941,0.06471586009896003,-0.04190722245011861
822.0,16.44,0.0,822.0,0.4531508684158325,0.20189310610294342,0.07192373275756836,0.9129191637039185,-0.4026544988155365,0.0212278850376606,0.06322434544563293,0.007651796098798513,0.004665229469537735,-0.011228812858462334,0.06872058659791946,0.08152889460325241,0.030521372333168983,0.470638245344162,-0.21573437750339508,0.14128880202770233,0.9683544039726257,0.24649594724178314,0.027177967131137848,-0.028124986216425896,0.007651796098798513,0.004665229469537735,-0.011228812858462334,0.06872058659791946,0.08152889460325241,0.030521372333168983,-0.8263465438227845,0.08979444239143503,0.09890138852835233,0.49714463249979407,0.06655030159291965,-0.04117413681330836
823.0,16.46,0.0,823.0,0.4532585144042969,0.2022234946489334,0.07149610668420792,0.9132352471351624,-0.4018171429634094,0.021575001999735832,0.0638640969991684,0.010061094537377357,0.0063405423425138,-0.008674700744450092,0.10597258806228638,0.04937693104147911,0.04475025460124016,0.471171110868454,-0.2155114710330963,0.14010128378868103,0.9681305289268494,0.24732260406017303,0.02790413610637188,-0.027860265225172043,0.010061094537377357,0.0063405423425138,-0.008674700744450092,0.10597258806228638,0.04937693104147911,0.04475025460124016,-0.824457685350303,0.09085444834952955,0.09988479498293593,0.4988631175883922,0.06786271354968182,-0.04024557365561101
824.0,16.48,0.0,824.0,0.453347772359848,0.20254620909690857,0.07160475105047226,0.9136777520179749,-0.40072503685951233,0.021532801911234856,0.06440988928079605,0.01242818869650364,0.005521262064576149,-0.00464331591501832,0.13718333840370178,0.01237392332404852,0.040750183165073395,0.47168055176734924,-0.2153339833021164,0.13920710980892181,0.9678416848182678,0.24845458567142487,0.028285162523388863,-0.027437886223196983,0.01242818869650364,0.005521262064576149,-0.00464331591501832,0.13718333840370178,0.01237392332404852,0.040750183165073395,-0.8220320627590999,0.09109534313840958,0.1010323046812333,0.5012270945614554,0.06843866301150843,-0.03915755051898169
825.0,16.5,0.0,825.0,0.4534846842288971,0.2026529163122177,0.07223444432020187,0.9142439365386963,-0.39940568804740906,0.021188484504818916,0.06468361616134644,0.013786985538899899,0.0039106011390686035,-0.0007177311927080154,0.1672377735376358,-0.021587012335658073,0.0219682976603508,0.47206997871398926,-0.2154110223054886,0.13862089812755585,0.9674903154373169,0.24986211955547333,0.028277605772018433,-0.027050882577896118,0.013786985538899899,0.0039106011390686035,-0.0007177311927080154,0.1672377735376358,-0.021587012335658073,0.0219682976603508,-0.819141116021209,0.0905365486958426,0.10194088421598908,0.5041626133149419,0.0682876645875137,-0.03831056943109221
826.0,16.52,0.0,826.0,0.45372262597084045,0.20238550007343292,0.07335987687110901,0.9149411916732788,-0.397859126329422,0.020628536120057106,0.06453908979892731,0.014305399730801582,0.0020720288157463074,0.0032191507052630186,0.19522778689861298,-0.05460990220308304,-0.016228487715125084,0.4722556471824646,-0.21590456366539001,0.13832105696201324,0.9670718312263489,0.25154393911361694,0.02785901539027691,-0.02686779759824276,0.014305399730801582,0.0020720288157463074,0.0032191507052630186,0.19522778689861298,-0.05460990220308304,-0.016228487715125084,-0.8157931612392737,0.08922104310586586,0.10226867765123598,0.5076562433691533,0.06745131760229225,-0.03804631049287801
827.0,16.54,0.0,827.0,0.4540780186653137,0.20167817175388336,0.07494611293077469,0.9157499074935913,-0.39613181352615356,0.01988815888762474,0.06392277777194977,0.014620136469602585,-0.0008799480274319649,0.006826780736446381,0.21606986224651337,-0.08546403795480728,-0.051155004650354385,0.47220590710639954,-0.21687360107898712,0.13831651210784912,0.9665956497192383,0.2534489631652832,0.027020514011383057,-0.026950975880026817,0.014620136469602585,-0.0008799480274319649,0.006826780736446381,0.21606986224651337,-0.08546403795480728,-0.051155004650354385,-0.8120932186771668,0.08717924223635976,0.10188029085338898,0.5115999909337733,0.06594500294548673,-0.0384979165722872
828.0,16.56,0.0,828.0,0.454522043466568,0.20056860148906708,0.07692721486091614,0.916644275188446,-0.3942681550979614,0.018988247960805893,0.06289110332727432,0.0142082953825593,-0.00376240536570549,0.00980958342552185,0.23344522714614868,-0.11248726397752762,-0.08098157495260239,0.47193700075149536,-0.21826975047588348,0.1385810226202011,0.9660732746124268,0.25552499294281006,0.025810495018959045,-0.02726712077856064,0.0142082953825593,-0.00376240536570549,0.00980958342552185,0.23344522714614868,-0.11248726397752762,-0.08098157495260239,-0.8081332830611964,0.08450339511781514,0.10085478107121965,0.5158899863090279,0.0638478742648192,-0.039584582262278775
829.0,16.580000000000002,0.0,829.0,0.4550010561943054,0.19914638996124268,0.07923158258199692,0.9176075458526611,-0.39228445291519165,0.017934512346982956,0.061545949429273605,0.012692837044596672,-0.006357660051435232,0.011545483022928238,0.24932323396205902,-0.13367420434951782,-0.10052593052387238,0.4714796543121338,-0.2199949473142624,0.13905636966228485,0.9655082821846008,0.25774848461151123,0.024294691160321236,-0.027738915756344795,0.012692837044596672,-0.006357660051435232,0.011545483022928238,0.24932323396205902,-0.13367420434951782,-0.10052593052387238,-0.8039413817674549,0.08129020491209601,0.09937023012677944,0.5204853141691758,0.061251057587150326,-0.0411291586403067
830.0,16.6,0.0,830.0,0.45544227957725525,0.19752636551856995,0.08174711465835571,0.9186213612556458,-0.3901912271976471,0.016756415367126465,0.06003879755735397,0.009293956682085991,-0.009545269422233105,0.012153806164860725,0.262774795293808,-0.14463472366333008,-0.10555269569158554,0.4708811342716217,-0.22192583978176117,0.13963937759399414,0.9649041295051575,0.2600977122783661,0.022589365020394325,-0.028264356777071953,0.009293956682085991,-0.009545269422233105,0.012153806164860725,0.262774795293808,-0.14463472366333008,-0.10555269569158554,-0.799529707569964,0.07771705005023746,0.09767907347849239,0.525348683432132,0.058329204945803466,-0.04287994825300257
831.0,16.62,0.0,831.0,0.45578694343566895,0.19580143690109253,0.08437007665634155,0.919677734375,-0.3879806697368622,0.01550132967531681,0.058510005474090576,0.004873699974268675,-0.012926091440021992,0.012498372234404087,0.2780799865722656,-0.1466437429189682,-0.10101950913667679,0.4701879620552063,-0.22396455705165863,0.1402192860841751,0.9642592072486877,0.2625707685947418,0.020818552002310753,-0.0287623293697834,0.004873699974268675,-0.012926091440021992,0.012498372234404087,0.2780799865722656,-0.1466437429189682,-0.10101950913667679,-0.7948705525786117,0.07398143708340515,0.09600187560717273,0.5304805763956133,0.05528141235878606,-0.04461894139770683
832.0,16.64,0.0,832.0,0.4559992253780365,0.19405946135520935,0.08705558627843857,0.9207878112792969,-0.38560327887535095,0.014196372590959072,0.05708232894539833,0.000182967574801296,-0.01576114632189274,0.013763935305178165,0.29966437816619873,-0.1416482776403427,-0.08505895733833313,0.4694584906101227,-0.22602437436580658,0.14070674777030945,0.9635606408119202,0.26521098613739014,0.01908285543322563,-0.029154038056731224,0.000182967574801296,-0.01576114632189274,0.013763935305178165,0.29966437816619873,-0.1416482776403427,-0.08505895733833313,-0.7898495778588976,0.07022366147072215,0.09454656416295817,0.5359735097495594,0.05226270292564952,-0.046140745051954826
833.0,16.66,0.0,833.0,0.4560638964176178,0.19235357642173767,0.08978712558746338,0.9219689965248108,-0.382999449968338,0.01287231594324112,0.055847130715847015,-0.0046790544874966145,-0.01845189370214939,0.016680482774972916,0.3283003866672516,-0.12875697016716003,-0.0664914920926094,0.46874454617500305,-0.2280547171831131,0.1410323679447174,0.9627915620803833,0.26807403564453125,0.017467090860009193,-0.029388178139925003,-0.0046790544874966145,-0.01845189370214939,0.016680482774972916,0.3283003866672516,-0.12875697016716003,-0.0664914920926094,-0.7843337428692156,0.06656373604934199,0.09346114272232135,0.5419431578638308,0.049410851286698906,-0.04729977208070597
834.0,16.68,0.0,834.0,0.4559844732284546,0.19063863158226013,0.09250912815332413,0.9232339859008789,-0.3801248073577881,0.011661595664918423,0.054846979677677155,-0.010303650051355362,-0.024461185559630394,0.022070521488785744,0.3553180694580078,-0.10246364027261734,-0.05385569483041763,0.4680536985397339,-0.23010213673114777,0.14110499620437622,0.9619376063346863,0.2711929678916931,0.0161043182015419,-0.029514029622077942,-0.010303650051355362,-0.024461185559630394,0.022070521488785744,0.3553180694580078,-0.10246364027261734,-0.05385569483041763,-0.7782212822451977,0.06327236405911862,0.09272556326182142,0.5484518366862599,0.047008003409939055,-0.048118254604355634
835.0,16.7,0.0,835.0,0.45578479766845703,0.18866890668869019,0.09502145648002625,0.9245453476905823,-0.3770577907562256,0.01094055362045765,0.054068777710199356,-0.021815225481987,-0.041881147772073746,0.036090146750211716,0.35659265518188477,-0.036418210715055466,-0.05938132107257843,0.4673130214214325,-0.23240205645561218,0.14080743491649628,0.9610170722007751,0.27445676922798157,0.015275976620614529,-0.02977142482995987,-0.021815225481987,-0.041881147772073746,0.036090146750211716,0.35659265518188477,-0.036418210715055466,-0.05938132107257843,-0.7716653887105003,0.06104209696493837,0.0920286579218908,0.5552509092036569,0.04571881100455821,-0.04890708173037758
836.0,16.72,0.0,836.0,0.455670565366745,0.18705394864082336,0.0974680557847023,0.926213800907135,-0.37304621934890747,0.010140027850866318,0.05349535495042801,-0.00928864348679781,-0.008060749620199203,0.00470087630674243,0.48763659596443176,-0.04123492166399956,-0.0028122987132519484,0.46682679653167725,-0.23440983891487122,0.13958513736724854,0.9598076343536377,0.2786865234375,0.014578386209905148,-0.02984471060335636,-0.00928864348679781,-0.008060749620199203,0.00470087630674243,0.48763659596443176,-0.04123492166399956,-0.0028122987132519484,-0.7630760231128086,0.05872989984134292,0.09181790772728642,0.5640735745185163,0.04463434395941813,-0.04923365915546636
837.0,16.740000000000002,0.0,837.0,0.4554411470890045,0.18560616672039032,0.09892844408750534,0.9279041886329651,-0.36882898211479187,0.01008705236017704,0.05345083028078079,-0.02028675563633442,-0.021602559834718704,-0.006092759780585766,0.45111140608787537,0.051083460450172424,-0.04136761650443077,0.46647849678993225,-0.23622600734233856,0.13721458613872528,0.9585260152816772,0.28303825855255127,0.014807681553065777,-0.02996644750237465,-0.02028675563633442,-0.021602559834718704,-0.006092759780585766,0.45111140608787537,0.051083460450172424,-0.04136761650443077,-0.7539945190489232,0.05818090030714819,0.09203913313225731,0.5731358920708364,0.045365956167306674,-0.04913525810080712
838.0,16.76,0.0,838.0,0.4553411900997162,0.18386374413967133,0.09960103780031204,0.9294840097427368,-0.36480435729026794,0.01079335156828165,0.053484003990888596,-0.01863408461213112,-0.03612933307886124,-0.0025470678228884935,0.40500274300575256,0.10443819314241409,-0.018585454672574997,0.46614235639572144,-0.23828831315040588,0.13425621390342712,0.9572821259498596,0.28711700439453125,0.015666237100958824,-0.030488086864352226,-0.01863408461213112,-0.03612933307886124,-0.0025470678228884935,0.40500274300575256,0.10443819314241409,-0.018585454672574997,-0.7452970590770844,0.059121339313882054,0.09183943090685354,0.5816085484244302,0.04751918609685328,-0.04945125680612268
839.0,16.78,0.0,839.0,0.45542559027671814,0.18232731521129608,0.09969475865364075,0.9311330318450928,-0.36052170395851135,0.011702300980687141,0.05365361273288727,-0.011990869417786598,-0.024058738723397255,-0.03305131942033768,0.42678502202033997,0.1311403512954712,-0.03232509642839432,0.46603938937187195,-0.24012823402881622,0.13049522042274475,0.9559424519538879,0.2914263606071472,0.016785962507128716,-0.031033018603920937,-0.011990869417786598,-0.024058738723397255,-0.03305131942033768,0.42678502202033997,0.1311403512954712,-0.03232509642839432,-0.7360427950391601,0.060516295650437826,0.09177595613947954,0.590568445022745,0.050201585717106444,-0.04963068370811368
840.0,16.8,0.0,840.0,0.4555700719356537,0.18084627389907837,0.0988912582397461,0.9325742125511169,-0.35665544867515564,0.01316074002534151,0.05412027984857559,-0.013716460205614567,-0.03702326491475105,-0.023638539016246796,0.3500283360481262,0.19403024017810822,-0.005683791358023882,0.4661029279232025,-0.24184909462928772,0.1262352615594864,0.954718291759491,0.2952422797679901,0.018490193411707878,-0.031669531017541885,-0.013716460205614567,-0.03702326491475105,-0.023638539016246796,0.3500283360481262,0.19403024017810822,-0.005683791358023882,-0.7276524114724896,0.06319337115741516,0.09186693365857582,0.598492400346341,0.054032515600924126,-0.04964560806132321
841.0,16.82,0.0,841.0,0.45575571060180664,0.17964647710323334,0.0977829322218895,0.9338189959526062,-0.353188693523407,0.015176582150161266,0.05486105754971504,-0.019045742228627205,-0.023857275024056435,0.009659782983362675,0.3053252100944519,0.26457297801971436,-0.01724047027528286,0.46628883481025696,-0.24323654174804688,0.12205296754837036,0.9536062479019165,0.29858461022377014,0.0207723006606102,-0.03242133930325508,-0.019045742228627205,-0.023857275024056435,0.009659782983362675,0.3053252100944519,0.26457297801971436,-0.01724047027528286,-0.720086042400094,0.06714740351291394,0.09207744068572025,0.6054204819296714,0.05901244649186785,-0.0495362415839513
842.0,16.84,0.0,842.0,0.4559497833251953,0.17893542349338531,0.09659284353256226,0.9347811341285706,-0.35037675499916077,0.017498211935162544,0.05580483376979828,-0.012653287500143051,-0.021002788096666336,0.019237490370869637,0.19716571271419525,0.2568609416484833,0.017748862504959106,0.4665756821632385,-0.24407975375652313,0.1183939129114151,0.9526911973953247,0.3012176752090454,0.023372868075966835,-0.03318296745419502,-0.012653287500143051,-0.021002788096666336,0.019237490370869637,0.19716571271419525,0.2568609416484833,0.017748862504959106,-0.7139035244804474,0.07188131438364342,0.09243863694280399,0.6108683318004812,0.06456970208422115,-0.049268157513154026
843.0,16.86,0.0,843.0,0.45616352558135986,0.1785607635974884,0.09506858885288239,0.9352226853370667,-0.34892117977142334,0.019509360194206238,0.05684986338019371,-0.00412266980856657,-0.023899655789136887,0.0019225176656618714,0.0781170204281807,0.2177731841802597,0.01849624700844288,0.4670756161212921,-0.24450978636741638,0.11561710387468338,0.9522126913070679,0.3024885356426239,0.025696728378534317,-0.03363671526312828,-0.00412266980856657,-0.023899655789136887,0.0019225176656618714,0.0781170204281807,0.2177731841802597,0.01849624700844288,-0.7106341499193723,0.07623726513002825,0.09312475307932917,0.6134865128594501,0.06934249563025724,-0.048648734351452005
844.0,16.88,0.0,844.0,0.45644450187683105,0.17827248573303223,0.09307590126991272,0.9352400898933411,-0.34862154722213745,0.021273000165820122,0.057761050760746,0.0017780073685571551,-0.025658564642071724,-0.017896924167871475,-0.01900337263941765,0.18758518993854523,0.023535069078207016,0.46763232350349426,-0.2448013424873352,0.11340814083814621,0.9521058797836304,0.3026093542575836,0.027662334963679314,-0.03401258587837219,0.0017780073685571551,-0.025658564642071724,-0.017896924167871475,-0.01900337263941765,0.18758518993854523,0.023535069078207016,-0.7098559099638607,0.08015001459786736,0.0936454589353715,0.6137021828740479,0.07332568051651357,-0.048173427348789946
845.0,16.9,0.0,845.0,0.4568173289299011,0.17794843018054962,0.09074883162975311,0.9349717497825623,-0.34912365674972534,0.022927427664399147,0.05843796953558922,0.005200061947107315,-0.026446189731359482,-0.02542017214000225,-0.08801844716072083,0.1697172373533249,-0.0023960673715919256,0.46814730763435364,-0.24509701132774353,0.1115865409374237,0.9522533416748047,0.30193328857421875,0.029340967535972595,-0.03448444977402687,0.005200061947107315,-0.026446189731359482,-0.02542017214000225,-0.08801844716072083,0.1697172373533249,-0.0023960673715919256,-0.7108127791038376,0.08377509412314356,0.09373210639744259,0.6122416270513877,0.07677947425324284,-0.04811809757282295
846.0,16.92,0.0,846.0,0.45734086632728577,0.1773495227098465,0.08837557584047318,0.9345380067825317,-0.3501213788986206,0.024654360488057137,0.058702271431684494,0.006052032578736544,-0.025593308731913567,-0.016928860917687416,-0.12901000678539276,0.16298659145832062,-0.051274001598358154,0.4684813916683197,-0.24565255641937256,0.11017359793186188,0.9525480270385742,0.3007616102695465,0.030786840245127678,-0.03531260788440704,0.006052032578736544,-0.025593308731913567,-0.016928860917687416,-0.12901000678539276,0.16298659145832062,-0.051274001598358154,-0.7128590982724731,0.08729754718210463,0.09294213153268334,0.6097174494573918,0.07997847070496467,-0.048930777037602284
847.0,16.94,0.0,847.0,0.45811232924461365,0.17639105021953583,0.08639249950647354,0.9341388940811157,-0.3511183261871338,0.026449542492628098,0.058316245675086975,0.010540420189499855,-0.008583924733102322,-0.004899849183857441,-0.10980140417814255,0.1389993578195572,-0.11808698624372482,0.4685231149196625,-0.2465784102678299,0.10916197299957275,0.9528234601020813,0.29960712790489197,0.03188466653227806,-0.036694929003715515,0.010540420189499855,-0.008583924733102322,-0.004899849183857441,-0.10980140417814255,0.1389993578195572,-0.11808698624372482,-0.714955804414688,0.09049035176005732,0.09087342954729577,0.6071901415838243,0.08284375880663943,-0.05101885285326176
848.0,16.96,0.0,848.0,0.45907655358314514,0.17538030445575714,0.08492707461118698,0.9338200092315674,-0.35197800397872925,0.028080416843295097,0.05747069790959358,0.016836458817124367,0.005887526087462902,0.0015030427603051066,-0.1044095829129219,0.10485325753688812,-0.13515157997608185,0.4684246778488159,-0.24756738543510437,0.10854659229516983,0.9530444145202637,0.29862135648727417,0.03257979452610016,-0.038341645151376724,0.016836458817124367,0.005887526087462902,0.0015030427603051066,-0.1044095829129219,0.10485325753688812,-0.13515157997608185,-0.7168085994069215,0.09303513312297844,0.08806133644440038,0.6049961327243001,0.08510194515695366,-0.05384532893343131
849.0,16.98,0.0,849.0,0.45998936891555786,0.17478835582733154,0.08374269306659698,0.9334099292755127,-0.35307639837265015,0.029352709650993347,0.05675743147730827,0.02042572759091854,0.008562188595533371,0.005311537533998489,-0.14528732001781464,0.08004684001207352,-0.08730126172304153,0.46848413348197937,-0.24811720848083496,0.10841483622789383,0.9533506631851196,0.297417551279068,0.033058859407901764,-0.03965679556131363,0.02042572759091854,0.008562188595533371,0.005311537533998489,-0.14528732001781464,0.08004684001207352,-0.08730126172304153,-0.719182257732157,0.09501855275276586,0.08571953297442732,0.6023664474801189,0.08673130051044771,-0.0561897396191391
850.0,17.0,0.0,850.0,0.46063533425331116,0.17498989403247833,0.08260726183652878,0.9327738285064697,-0.35469210147857666,0.030217193067073822,0.0566863939166069,0.020728975534439087,0.008410009555518627,0.008706983178853989,-0.19917039573192596,0.06811922043561935,0.0048108757473528385,0.46892255544662476,-0.24782982468605042,0.10877618193626404,0.9538444876670837,0.29569771885871887,0.03357810899615288,-0.04020106419920921,0.020728975534439087,0.008410009555518627,0.008706983178853989,-0.19917039573192596,0.06811922043561935,0.0048108757473528385,-0.7226321272403267,0.09673485065341485,0.08481326155879873,0.5987102341096331,0.0879446293839162,-0.05708467289986738
851.0,17.02,0.0,851.0,0.460866779088974,0.17622855305671692,0.08137197047472,0.9318816661834717,-0.3568539321422577,0.030668791383504868,0.0575421079993248,0.01785820536315441,0.008110728114843369,0.008400609716773033,-0.25290676951408386,0.062098581343889236,0.11277703195810318,0.4698255956172943,-0.2464515119791031,0.10950230807065964,0.9545404314994812,0.2934211194515228,0.0343073233962059,-0.03974618762731552,0.01785820536315441,0.008110728114843369,0.008400609716773033,-0.25290676951408386,0.062098581343889236,0.11277703195810318,-0.7271949551112318,0.09838629060302961,0.08587663363065612,0.5939625734277998,0.08893738446271467,-0.05599614980478744
852.0,17.04,0.0,852.0,0.4606698453426361,0.17838190495967865,0.07996061444282532,0.9307588934898376,-0.35949718952178955,0.030747193843126297,0.059196971356868744,0.012284796684980392,0.009022725746035576,0.002820240333676338,-0.29694628715515137,0.05238744243979454,0.1885489523410797,0.4710635244846344,-0.24410083889961243,0.11046179383993149,0.9554091691970825,0.2906514108181,0.03520326688885689,-0.03841850534081459,0.012284796684980392,0.009022725746035576,0.002820240333676338,-0.29694628715515137,0.05238744243979454,0.1885489523410797,-0.7327408694111769,0.0999651453469591,0.08864719030285427,0.5882535321697779,0.08972013949070229,-0.0531859092256628
853.0,17.06,0.0,853.0,0.46017128229141235,0.18102604150772095,0.0784374549984932,0.9294813871383667,-0.3624819219112396,0.03049496002495289,0.06116506829857826,0.007449725642800331,0.01298996526747942,-0.007108765188604593,-0.3240301012992859,0.024046065285801888,0.21243111789226532,0.47235167026519775,-0.24120819568634033,0.11160196363925934,0.9563897252082825,0.2875419557094574,0.036009397357702255,-0.03663032501935959,0.007449725642800331,0.01298996526747942,-0.007108765188604593,-0.3240301012992859,0.024046065285801888,0.21243111789226532,-0.7390099304322258,0.10120414022661618,0.09219749942229687,0.5818779114883016,0.09006524833833016,-0.04957847518827411
854.0,17.080000000000002,0.0,854.0,0.45949745178222656,0.18380366265773773,0.07696200907230377,0.9280950427055359,-0.36575260758399963,0.02986116334795952,0.06303201615810394,0.004123117309063673,0.014032353647053242,-0.016169313341379166,-0.35421550273895264,-0.02345062419772148,0.209092378616333,0.47348761558532715,-0.2381356805562973,0.11303810030221939,0.957454264163971,0.2841682434082031,0.03643382340669632,-0.034678079187870026,0.004123117309063673,0.014032353647053242,-0.016169313341379166,-0.35421550273895264,-0.02345062419772148,0.209092378616333,-0.7459219585986416,0.10171151433897625,0.09579658545003772,0.5749709278119721,0.08959605764176021,-0.04589881853886411
855.0,17.1,0.0,855.0,0.4587222635746002,0.18652242422103882,0.07580897212028503,0.9265940189361572,-0.3693578541278839,0.028739169239997864,0.06459342688322067,0.003898796159774065,0.012904810719192028,-0.014667145907878876,-0.3865033686161041,-0.08810820430517197,0.1986577808856964,0.47440242767333984,-0.23507104814052582,0.1150910034775734,0.9586138725280762,0.280496209859848,0.036263495683670044,-0.03265591338276863,0.003898796159774065,0.012904810719192028,-0.014667145907878876,-0.3865033686161041,-0.08810820430517197,0.1986577808856964,-0.7536079805077878,0.10114765151917235,0.09914191925757611,0.5674511828026173,0.08795846253505155,-0.04244203772361289
856.0,17.12,0.0,856.0,0.4579196572303772,0.1891341656446457,0.07540623098611832,0.925010085105896,-0.3732316493988037,0.027062295004725456,0.0657401829957962,0.0051302858628332615,0.014768438413739204,0.004572227131575346,-0.4087201654911041,-0.15600065886974335,0.17817968130111694,0.475087970495224,-0.2320663183927536,0.11813138425350189,0.9598450660705566,0.27660155296325684,0.035383403301239014,-0.03061019815504551,0.0051302858628332615,0.014768438413739204,0.004572227131575346,-0.4087201654911041,-0.15600065886974335,0.17817968130111694,-0.7619436286027974,0.09930157751085539,0.10209908297079595,0.559470493566884,0.08496100848197699,-0.039339898621622786
857.0,17.14,0.0,857.0,0.45709580183029175,0.19168177247047424,0.07613979279994965,0.9234092831611633,-0.37720102071762085,0.024904675781726837,0.0664415955543518,0.004577148240059614,0.026389900594949722,0.04275423288345337,-0.4014505445957184,-0.2166234850883484,0.1508042812347412,0.4754939079284668,-0.22909383475780487,0.12239348143339157,0.9610903263092041,0.2726556956768036,0.03384505212306976,-0.028615569695830345,0.004577148240059614,0.026389900594949722,0.04275423288345337,-0.4014505445957184,-0.2166234850883484,0.1508042812347412,-0.770560359614425,0.09626670836294349,0.10459140138589205,0.5513802370064017,0.08074841601728072,-0.036675897979669254
858.0,17.16,0.0,858.0,0.45633840560913086,0.19402725994586945,0.0783691331744194,0.921950101852417,-0.3808988332748413,0.022561009973287582,0.06644565612077713,-0.002431354718282819,0.049266502261161804,0.1003003865480423,-0.35761865973472595,-0.24361050128936768,0.06653900444507599,0.4754149913787842,-0.2263430655002594,0.1279158741235733,0.9622297883033752,0.2690232992172241,0.031749479472637177,-0.02706252411007881,-0.002431354718282819,0.049266502261161804,0.1003003865480423,-0.35761865973472595,-0.24361050128936768,0.06653900444507599,-0.7786711512844555,0.09234961314555898,0.10598128912007208,0.5439142332830937,0.07573385646527296,-0.035105848875401094
859.0,17.18,0.0,859.0,0.4560646116733551,0.19544760882854462,0.08183733373880386,0.9205272793769836,-0.3846876919269562,0.020005254074931145,0.06515286862850189,0.03385375440120697,0.017978785559535027,0.0920950174331665,-0.4585224688053131,-0.40234944224357605,-0.025960974395275116,0.47479450702667236,-0.2245250791311264,0.13477273285388947,0.9633621573448181,0.26535695791244507,0.028680989518761635,-0.026397323235869408,0.03385375440120697,0.017978785559535027,0.0920950174331665,-0.4585224688053131,-0.40234944224357605,-0.025960974395275116,-0.7870971954286369,0.08706772554733996,0.10514964481846213,0.5363276263981086,0.06932527652788983,-0.03573236624695615
860.0,17.2,0.0,860.0,0.4560789167881012,0.19617491960525513,0.0846492275595665,0.9189373254776001,-0.3889179527759552,0.01717468909919262,0.06326398253440857,0.006232275161892176,0.028005028143525124,0.04206191748380661,-0.4036087393760681,-0.29467329382896423,-0.06365766376256943,0.474029004573822,-0.22333668172359467,0.14137524366378784,0.9645938277244568,0.2612609565258026,0.0249978918582201,-0.026017695665359497,0.006232275161892176,0.028005028143525124,0.04206191748380661,-0.4036087393760681,-0.29467329382896423,-0.06365766376256943,-0.7965458482751143,0.08086199270375005,0.10343385739556049,0.5278577804333597,0.06185986360438712,-0.03721080163097704
861.0,17.22,0.0,861.0,0.45586246252059937,0.19684289395809174,0.08559474349021912,0.9174970388412476,-0.39261767268180847,0.015389499254524708,0.06175689026713371,0.0007869396940805018,0.024198172613978386,-0.004654972348362207,-0.369826078414917,-0.23167739808559418,-0.05076299607753754,0.4730786383152008,-0.22223523259162903,0.14565429091453552,0.9656423926353455,0.2575990557670593,0.02240714617073536,-0.025994837284088135,0.0007869396940805018,0.024198172613978386,-0.004654972348362207,-0.369826078414917,-0.23167739808559418,-0.05076299607753754,-0.804775386794101,0.07680881865047694,0.10171379193238868,0.5202889391939207,0.05669742535660765,-0.038731205299366564
862.0,17.240000000000002,0.0,862.0,0.45558613538742065,0.1974901407957077,0.08534205704927444,0.9161576628684998,-0.39593738317489624,0.014213242568075657,0.060717109590768814,-0.010989862494170666,0.018398407846689224,-0.025380337610840797,-0.3304297924041748,-0.12695477902889252,-0.015610306523740292,0.4722962975502014,-0.22116734087467194,0.14840298891067505,0.9665685296058655,0.2542543113231659,0.020608961582183838,-0.025988761335611343,-0.010989862494170666,0.018398407846689224,-0.025380337610840797,-0.3304297924041748,-0.12695477902889252,-0.015610306523740292,-0.8121279609072423,0.07419154407044716,0.10044244580785082,0.513385236639707,0.05308037250722673,-0.03982660409219798
863.0,17.26,0.0,863.0,0.4552059471607208,0.19820821285247803,0.08417254686355591,0.9149793386459351,-0.39873579144477844,0.013773106038570404,0.06027393788099289,-0.016863930970430374,0.012086024507880211,-0.034802038222551346,-0.2905195951461792,-0.04375167563557625,-0.014543083496391773,0.4717210829257965,-0.22006601095199585,0.149776890873909,0.9673411846160889,0.25136542320251465,0.019792569801211357,-0.025981031358242035,-0.016863930970430374,0.012086024507880211,-0.034802038222551346,-0.2905195951461792,-0.04375167563557625,-0.014543083496391773,-0.8182806407475969,0.07333668233203375,0.09974814815771639,0.5074209897049411,0.0513763847756352,-0.04037893207018435
864.0,17.28,0.0,864.0,0.4548764228820801,0.19884711503982544,0.08246073871850967,0.9139881134033203,-0.4010135531425476,0.01391261164098978,0.06016834080219269,-0.015441116876900196,0.014275558292865753,-0.03874601423740387,-0.22716327011585236,0.013619747012853622,1.2892123777419329e-05,0.47133544087409973,-0.2190973460674286,0.15014787018299103,0.9679629802703857,0.24895891547203064,0.019675608724355698,-0.026079745963215828,-0.015441116876900196,0.014275558292865753,-0.03874601423740387,-0.22716327011585236,0.013619747012853622,1.2892123777419329e-05,-0.8232554476697943,0.07375542036196651,0.09926034312609595,0.5024432313517754,0.051098318024810054,-0.040756078140290024
865.0,17.3,0.0,865.0,0.45475825667381287,0.1994125247001648,0.08068741858005524,0.9132886528968811,-0.40258553624153137,0.014416692778468132,0.06017318367958069,-0.0051369681023061275,0.021207358688116074,-0.03262883797287941,-0.1506699174642563,0.0391729362308979,-0.02664240077137947,0.47115713357925415,-0.21829721331596375,0.14982245862483978,0.9683855175971985,0.2472596913576126,0.019962362945079803,-0.026337653398513794,-0.0051369681023061275,0.021207358688116074,-0.03262883797287941,-0.1506699174642563,0.0391729362308979,-0.02664240077137947,-0.826668126336939,0.07485279560447243,0.0987394770901344,0.4989153970743631,0.05171004646156013,-0.041204948111850034
866.0,17.32,0.0,866.0,0.4548764228820801,0.19989420473575592,0.07912766188383102,0.9128578305244446,-0.4035234749317169,0.015174583531916142,0.06024293228983879,-7.829185051377863e-05,0.022227171808481216,-0.021235870197415352,-0.0958155170083046,0.07299595326185226,-0.007575016934424639,0.4711998701095581,-0.21767264604568481,0.14913839101791382,0.9686318039894104,0.24620527029037476,0.02053295262157917,-0.026720315217971802,-7.829185051377863e-05,0.022227171808481216,-0.021235870197415352,-0.0958155170083046,0.07299595326185226,-0.007575016934424639,-0.8286810413856207,0.07639763788241485,0.09818345596880322,0.49670948819622734,0.05295985000189819,-0.04172423188793163
867.0,17.34,0.0,867.0,0.454996794462204,0.20045216381549835,0.07760944217443466,0.9125785827636719,-0.4040564000606537,0.016112864017486572,0.060656722635030746,-0.0005532266804948449,0.019723450765013695,-0.016623005270957947,-0.05242728814482689,0.10628804564476013,-0.007307319901883602,0.47148019075393677,-0.2170225977897644,0.14812980592250824,0.96877121925354,0.24554893374443054,0.02148592285811901,-0.02695554867386818,-0.0005532266804948449,0.019723450765013695,-0.016623005270957947,-0.05242728814482689,0.10628804564476013,-0.007307319901883602,-0.8297817586612154,0.0785065930771871,0.09814633462250379,0.4953266407279258,0.05489525572074571,-0.04175082247978678
868.0,17.36,0.0,868.0,0.4551745057106018,0.20085091888904572,0.07611162215471268,0.9124612808227539,-0.40420472621917725,0.017234114930033684,0.061121199280023575,-0.00027032376965507865,0.021007858216762543,-0.01348706055432558,-0.003153494093567133,0.1245032399892807,-0.004708788823336363,0.4718115031719208,-0.21659013628959656,0.14679524302482605,0.9688038229942322,0.24528104066848755,0.022640803828835487,-0.02727532386779785,-0.00027032376965507865,0.021007858216762543,-0.01348706055432558,-0.003153494093567133,0.1245032399892807,-0.004708788823336363,-0.8300309299500452,0.0809502727978529,0.09808714546438667,0.49473901373359996,0.0572805419763661,-0.04182291287542946
869.0,17.38,0.0,869.0,0.45538192987442017,0.20126506686210632,0.07482633739709854,0.9125299453735352,-0.40391555428504944,0.018402352929115295,0.061666663736104965,0.0018112390534952283,0.023876557126641273,-0.0062707457691431046,0.04118644818663597,0.1316630095243454,0.00448978878557682,0.4722163677215576,-0.21620787680149078,0.14527465403079987,0.9687176942825317,0.24546736478805542,0.023913277313113213,-0.027573945000767708,0.0018112390534952283,0.023876557126641273,-0.0062707457691431046,0.04118644818663597,0.1316630095243454,0.00448978878557682,-0.8293161935056419,0.08349862907906795,0.09817850294370953,0.49508950014826075,0.059903234739687033,-0.041769907707352026
870.0,17.400000000000002,0.0,870.0,0.4555286169052124,0.20182275772094727,0.07377826422452927,0.9127385020256042,-0.4032743573188782,0.019592508673667908,0.062404923141002655,-0.00010877582099055871,0.025919005274772644,0.004781530238687992,0.07200448960065842,0.14439962804317474,0.019501958042383194,0.47270286083221436,-0.2157299667596817,0.14366930723190308,0.9685375094413757,0.2460143119096756,0.025346890091896057,-0.02774485945701599,-0.00010877582099055871,0.025919005274772644,0.004781530238687992,0.07200448960065842,0.14439962804317474,0.019501958042383194,-0.8278185925128665,0.08620501237148237,0.09864202694964956,0.49619152586162724,0.06279133427908073,-0.04136576425758255
871.0,17.42,0.0,871.0,0.45568495988845825,0.20218423008918762,0.07275193184614182,0.9128164649009705,-0.40293633937835693,0.020490381866693497,0.06315485388040543,0.008362388238310814,-6.510715320473537e-05,-0.009360136464238167,0.021776147186756134,0.09791728854179382,0.03271421790122986,0.47327813506126404,-0.2153993844985962,0.1423538625240326,0.9684430360794067,0.24626392126083374,0.026537269353866577,-0.027716901153326035,0.008362388238310814,-6.510715320473537e-05,-0.009360136464238167,0.021776147186756134,0.09791728854179382,0.03271421790122986,-0.8269955073598786,0.08841784785446541,0.09933562798437691,0.4966958537011793,0.06509696053339739,-0.04071157503961288
872.0,17.44,0.0,872.0,0.45584049820899963,0.2024272084236145,0.07190661132335663,0.9129694700241089,-0.4024538993835449,0.021150225773453712,0.0637998878955841,0.0075066667050123215,0.005029273219406605,-0.010793892666697502,0.06933365762233734,0.08086913824081421,0.027440402656793594,0.4738105237483978,-0.21521131694316864,0.14108140766620636,0.9683106541633606,0.2466896027326584,0.02748645655810833,-0.027629580348730087,0.0075066667050123215,0.005029273219406605,-0.010793892666697502,0.06933365762233734,0.08086913824081421,0.027440402656793594,-0.825871520620067,0.09009386557316615,0.10004256592429371,0.4975721288031697,0.06691262582140979,-0.04004707817226228
873.0,17.46,0.0,873.0,0.45595553517341614,0.2027362734079361,0.07148783653974533,0.9132893681526184,-0.4016110897064209,0.021508416160941124,0.06440892070531845,0.009767228737473488,0.006689137313514948,-0.00827210582792759,0.10640564560890198,0.04953126236796379,0.04120776802301407,0.4743229150772095,-0.2150108963251114,0.13989810645580292,0.9680842757225037,0.24752219021320343,0.028202813118696213,-0.02739608846604824,0.009767228737473488,0.006689137313514948,-0.00827210582792759,0.10640564560890198,0.04953126236796379,0.04120776802301407,-0.823971987265243,0.09114763900191285,0.10096174434002239,0.49930214804788453,0.06822056063476224,-0.03918293372798494
874.0,17.48,0.0,874.0,0.4560485780239105,0.2030392289161682,0.07160090655088425,0.9137346148490906,-0.40051430463790894,0.02148360200226307,0.06492802500724792,0.012037904001772404,0.005843912251293659,-0.004274927545338869,0.13731080293655396,0.013099824078381062,0.03787432238459587,0.47481027245521545,-0.21485395729541779,0.13900482654571533,0.967792809009552,0.2486581802368164,0.028581343591213226,-0.027005525305867195,0.012037904001772404,0.005843912251293659,-0.004274927545338869,0.13731080293655396,0.013099824078381062,0.03787432238459587,-0.8215375811045816,0.09139703416646129,0.10204721094747517,0.5016733662599835,0.06880620554169545,-0.038157060849070584
875.0,17.5,0.0,875.0,0.4561913311481476,0.20312818884849548,0.07223018258810043,0.9143013954162598,-0.3991951048374176,0.02115858532488346,0.0651802197098732,0.013320201076567173,0.00415990361943841,-0.00039621899486519396,0.16692179441452026,-0.02048332616686821,0.019188133999705315,0.4751836061477661,-0.21494875848293304,0.13841913640499115,0.9674404263496399,0.25006479024887085,0.02857554703950882,-0.026647450402379036,0.013320201076567173,0.00415990361943841,-0.00039621899486519396,0.16692179441452026,-0.02048332616686821,0.019188133999705315,-0.8186481129900478,0.09085484824461737,0.10290109659306743,0.5046054807534941,0.06867141550332825,-0.037364904945787196
876.0,17.52,0.0,876.0,0.4564308226108551,0.20284555852413177,0.07335259765386581,0.9149971604347229,-0.3976523280143738,0.02061804011464119,0.06501992791891098,0.013834409415721893,0.002248454373329878,0.003503193147480488,0.19446702301502228,-0.05343249440193176,-0.018067436292767525,0.47535398602485657,-0.21545696258544922,0.13812081515789032,0.9670220613479614,0.2517412304878235,0.028162218630313873,-0.026488540694117546,0.013834409415721893,0.002248454373329878,0.003503193147480488,0.19446702301502228,-0.05343249440193176,-0.018067436292767525,-0.8153096612119272,0.08956124282963314,0.10318431364198254,0.5080863897413859,0.06785554457106133,-0.03714482378402005
877.0,17.54,0.0,877.0,0.45678266882896423,0.20212669670581818,0.07493601739406586,0.915803074836731,-0.395932137966156,0.019894255325198174,0.06439390778541565,0.01416515838354826,-0.0006763150449842215,0.007095934357494116,0.21523232758045197,-0.08424446731805801,-0.052599355578422546,0.47528940439224243,-0.21643657982349396,0.13812080025672913,0.9665475487709045,0.25363782048225403,0.027330350130796432,-0.026589304208755493,0.01416515838354826,-0.0006763150449842215,0.007095934357494116,0.21523232758045197,-0.08424446731805801,-0.052599355578422546,-0.8116262179384647,0.08754145506242988,0.10276434143191676,0.5120107784994914,0.06636896918198995,-0.03762732292620998
878.0,17.56,0.0,878.0,0.4572228491306305,0.2010088413953781,0.07691416144371033,0.9166929125785828,-0.3940792381763458,0.01900809444487095,0.06335840374231339,0.013788326643407345,-0.003677257103845477,0.00999839324504137,0.2320740520954132,-0.11135061830282211,-0.0815618634223938,0.47501081228256226,-0.21783952414989471,0.13839299976825714,0.9660278558731079,0.25570157170295715,0.026127848774194717,-0.026916662231087685,0.013788326643407345,-0.003677257103845477,0.00999839324504137,0.2320740520954132,-0.11135061830282211,-0.0815618634223938,-0.8076906506521642,0.08488755098160232,0.10171998004190563,0.5162735435873568,0.0642899850346815,-0.03873229627794243
879.0,17.580000000000002,0.0,879.0,0.4576965570449829,0.19958853721618652,0.07921461760997772,0.9176497459411621,-0.392109751701355,0.017962727695703506,0.062020596116781235,0.012292697094380856,-0.006260966416448355,0.011654951609671116,0.2478223443031311,-0.1325911581516266,-0.09962528198957443,0.4745527505874634,-0.21956077218055725,0.13887806236743927,0.9654671549797058,0.2579093873500824,0.02462218701839447,-0.027387339621782303,0.012292697094380856,-0.006260966416448355,0.011654951609671116,0.2478223443031311,-0.1325911581516266,-0.09962528198957443,-0.8035303135536475,0.08169556399901587,0.10024117304098773,0.5208347534387178,0.06170986396827561,-0.040270066027626235
880.0,17.6,0.0,880.0,0.4581262767314911,0.19798314571380615,0.08172597736120224,0.9186559915542603,-0.39003199338912964,0.01678672805428505,0.060532938688993454,0.008930392563343048,-0.009425928816199303,0.012195920571684837,0.26119986176490784,-0.14370128512382507,-0.10341400653123856,0.4739585220813751,-0.22147461771965027,0.13947154581546783,0.9648679494857788,0.2602417469024658,0.02292943373322487,-0.02789829857647419,0.008930392563343048,-0.009425928816199303,0.012195920571684837,0.26119986176490784,-0.14370128512382507,-0.10341400653123856,-0.7991526701819697,0.07814153539275687,0.0985831332315325,0.5256619773907292,0.0588022362069917,-0.041986838553583095
881.0,17.62,0.0,881.0,0.45845726132392883,0.196279376745224,0.08434566855430603,0.9197044968605042,-0.3878370523452759,0.015530042350292206,0.05902930721640587,0.004513747990131378,-0.012736817821860313,0.012485962361097336,0.27663514018058777,-0.14577129483222961,-0.09869831055402756,0.47327300906181335,-0.2234897017478943,0.14006303250789642,0.9642283320426941,0.26269781589508057,0.021171731874346733,-0.028374990448355675,0.004513747990131378,-0.012736817821860313,0.012485962361097336,0.27663514018058777,-0.14577129483222961,-0.09869831055402756,-0.7945278816439612,0.07442231689983193,0.0969525957475916,0.5307575670007143,0.05576577364933244,-0.04367817588608238
882.0,17.64,0.0,882.0,0.4586569368839264,0.1945580393075943,0.08702828735113144,0.9208069443702698,-0.3854760229587555,0.01422247476875782,0.05762442946434021,-0.0001093953032977879,-0.01566251553595066,0.013664785772562027,0.2979000508785248,-0.14114898443222046,-0.08306547999382019,0.4725503623485565,-0.22552649676799774,0.14056289196014404,0.9635354280471802,0.2653208374977112,0.01944698393344879,-0.028746725991368294,-0.0001093953032977879,-0.01566251553595066,0.013664785772562027,0.2979000508785248,-0.14114898443222046,-0.08306547999382019,-0.789542914560306,0.07067680177677149,0.09554054230593373,0.5362135009805473,0.05275438087231454,-0.04515573048736765
883.0,17.66,0.0,883.0,0.4587095081806183,0.19286958873271942,0.08975930511951447,0.9219812750816345,-0.3828873336315155,0.012894424609839916,0.056405916810035706,-0.004938183818012476,-0.01828719489276409,0.016536768525838852,0.32674479484558105,-0.1285693347454071,-0.06504767388105392,0.4718390703201294,-0.2275373786687851,0.14090244472026825,0.9627715349197388,0.2681679129600525,0.01783735677599907,-0.02896483615040779,-0.004938183818012476,-0.01828719489276409,0.016536768525838852,0.32674479484558105,-0.1285693347454071,-0.06504767388105392,-0.7840609479245164,0.06702121674248376,0.09448852372124661,0.5421487132127042,0.04990217723044842,-0.04628032825616474
884.0,17.68,0.0,884.0,0.4586257040500641,0.1911683827638626,0.09248455613851547,0.9232400059700012,-0.3800268769264221,0.011677408590912819,0.05541481822729111,-0.010459693148732185,-0.024322466924786568,0.021874135360121727,0.3537184000015259,-0.10288890451192856,-0.0528627410531044,0.47115278244018555,-0.229569211602211,0.14099177718162537,0.9619221687316895,0.2712724506855011,0.016474252566695213,-0.029079215601086617,-0.010459693148732185,-0.024322466924786568,0.021874135360121727,0.3537184000015259,-0.10288890451192856,-0.0528627410531044,-0.7779808381895438,0.06372347932674088,0.09377435042219899,0.548626495716569,0.04748852455738973,-0.047076301436021144
885.0,17.7,0.0,885.0,0.45842406153678894,0.18920756876468658,0.09500298649072647,0.9245480895042419,-0.3769688606262207,0.010946802794933319,0.05463701859116554,-0.02189788594841957,-0.04146883264183998,0.03573815897107124,0.356045126914978,-0.03742070123553276,-0.05955501273274422,0.47041237354278564,-0.23185928165912628,0.14070864021778107,0.9610044956207275,0.27452775835990906,0.015637878328561783,-0.029330238699913025,-0.02189788594841957,-0.04146883264183998,0.03573815897107124,0.356045126914978,-0.03742070123553276,-0.05955501273274422,-0.7714459173097683,0.061473327553041204,0.09308586809572647,0.5554074979625118,0.04617648338507114,-0.04785617942737582
886.0,17.72,0.0,886.0,0.4582992494106293,0.18760336935520172,0.09745443612337112,0.9262153506278992,-0.3729606568813324,0.010137658566236496,0.054065119475126266,-0.009647238068282604,-0.007936072535812855,0.004159234464168549,0.4865818917751312,-0.041695788502693176,-0.0016699581174179912,0.4699183702468872,-0.23385560512542725,0.13949431478977203,0.9597963094711304,0.27875468134880066,0.014934273436665535,-0.029396826401352882,-0.009647238068282604,-0.007936072535812855,0.004159234464168549,0.4865818917751312,-0.041695788502693176,-0.0016699581174179912,-0.7628652858236536,0.059142086721850264,0.09288563463834909,0.5642240496500295,0.04507197090002487,-0.048171448229776516
887.0,17.740000000000002,0.0,887.0,0.458062082529068,0.18617458641529083,0.09890491515398026,0.927915632724762,-0.3687182366847992,0.010076409205794334,0.05401675030589104,-0.02105971984565258,-0.020106373354792595,-0.007942087948322296,0.4541487395763397,0.05153803154826164,-0.04279227927327156,0.4695599675178528,-0.2356543391942978,0.13709087669849396,0.9585065841674805,0.2831328809261322,0.015156454406678677,-0.02951723150908947,-0.02105971984565258,-0.020106373354792595,-0.007942087948322296,0.4541487395763397,0.05153803154826164,-0.04279227927327156,-0.7537306831387964,0.05856751964572327,0.09310915841436436,0.5733425591898088,0.04578571169812035,-0.04807120660400307
888.0,17.76,0.0,888.0,0.4579553008079529,0.18441422283649445,0.09953916072845459,0.9294971227645874,-0.36469030380249023,0.010805923491716385,0.05402938276529312,-0.019673271104693413,-0.03599613159894943,-0.0034537138417363167,0.40405550599098206,0.10623983293771744,-0.02218632772564888,0.4691939055919647,-0.237734854221344,0.1340916007757187,0.9572604298591614,0.2872135639190674,0.016020771116018295,-0.03006947785615921,-0.019673271104693413,-0.03599613159894943,-0.0034537138417363167,0.40405550599098206,0.10623983293771744,-0.02218632772564888,-0.7450256044473597,0.05953129856301717,0.09285633052091624,0.5818193785034464,0.04796321180527966,-0.048440504437230254
889.0,17.78,0.0,889.0,0.45804160833358765,0.1828300505876541,0.09959112107753754,0.9311412572860718,-0.36042243242263794,0.011757073923945427,0.05416051298379898,-0.013154330663383007,-0.02375568449497223,-0.0337737500667572,0.4262335002422333,0.13393673300743103,-0.03781566768884659,0.46905091404914856,-0.2396218180656433,0.1303032785654068,0.9559236764907837,0.2915055453777313,0.017148956656455994,-0.030670175328850746,-0.013154330663383007,-0.02375568449497223,-0.0337737500667572,0.4262335002422333,0.13393673300743103,-0.03781566768884659,-0.7358023793757162,0.060974098217637364,0.0926918346160856,0.5907419659900808,0.050688927952278424,-0.048720471233083075
890.0,17.8,0.0,890.0,0.45818737149238586,0.18130365014076233,0.09874524176120758,0.9325835108757019,-0.3565566837787628,0.013261981308460236,0.054584603756666183,-0.014658329077064991,-0.03666968271136284,-0.023973802104592323,0.34969663619995117,0.1968175768852234,-0.01139609795063734,0.4690687954425812,-0.2413884848356247,0.12600228190422058,0.9546974897384644,0.2953184247016907,0.018863247707486153,-0.03136879950761795,-0.014658329077064991,-0.03666968271136284,-0.023973802104592323,0.34969663619995117,0.1968175768852234,-0.01139609795063734,-0.7274117592983679,0.06370389701187752,0.09267240291611382,0.5986587156123123,0.05457203719384066,-0.04884620403437961
891.0,17.82,0.0,891.0,0.45838209986686707,0.18006278574466705,0.09760140627622604,0.9338297247886658,-0.35308799147605896,0.015319250524044037,0.05528423190116882,-0.01962454803287983,-0.023488514125347137,0.009690191596746445,0.30513718724250793,0.26698747277259827,-0.022442268207669258,0.4692189693450928,-0.24281753599643707,0.12178372591733932,0.9535825252532959,0.298660010099411,0.02115243300795555,-0.03217857703566551,-0.01962454803287983,-0.023488514125347137,0.009690191596746445,0.30513718724250793,0.26698747277259827,-0.022442268207669258,-0.7198402908527232,0.06770324270800059,0.0927793229050867,0.6055849150185996,0.05959734397786302,-0.04884116390142639
892.0,17.84,0.0,892.0,0.4585874676704407,0.17931848764419556,0.09638361632823944,0.9347941279411316,-0.35027071833610535,0.01767585799098015,0.05619155243039131,-0.0129542900249362,-0.020624637603759766,0.01943916082382202,0.19714997708797455,0.25883710384368896,0.013311266899108887,0.4694778025150299,-0.24369466304779053,0.1180930882692337,0.9526634812355042,0.301296204328537,0.02375836856663227,-0.03299042209982872,-0.0129542900249362,-0.020624637603759766,0.01943916082382202,0.19714997708797455,0.25883710384368896,0.013311266899108887,-0.7136457535705357,0.07247454842592636,0.09305057371159137,0.6110392776157646,0.06519341291006478,-0.04866347266454999
893.0,17.86,0.0,893.0,0.4588097333908081,0.17892010509967804,0.09483195841312408,0.9352364540100098,-0.34881341457366943,0.019718708470463753,0.057210471481084824,-0.004456089809536934,-0.023662559688091278,0.002118494128808379,0.07765062898397446,0.21999520063400269,0.015491439029574394,0.46995633840560913,-0.2441488355398178,0.11528801918029785,0.9521824717521667,0.30256667733192444,0.026090994477272034,-0.03348436579108238,-0.004456089809536934,-0.023662559688091278,0.002118494128808379,0.07765062898397446,0.21999520063400269,0.015491439029574394,-0.710371734630422,0.07687056173680916,0.09366745775523931,0.6136564635298393,0.07000645053049367,-0.04811429148081486
894.0,17.88,0.0,894.0,0.4590950608253479,0.17861872911453247,0.09280795603990555,0.9352519512176514,-0.34851765632629395,0.021511126309633255,0.05810948461294174,0.0013888897374272346,-0.025560852140188217,-0.017840249463915825,-0.019892064854502678,0.18981581926345825,0.021925613284111023,0.47050005197525024,-0.2444535344839096,0.11305190622806549,0.9520756006240845,0.30268120765686035,0.02807127684354782,-0.03388746827840805,0.0013888897374272346,-0.025560852140188217,-0.017840249463915825,-0.019892064854502678,0.18981581926345825,0.021925613284111023,-0.7096003911402331,0.08082897643934185,0.09414591974859719,0.6138587537458262,0.07403375015763858,-0.047682187052480354
895.0,17.900000000000002,0.0,895.0,0.4594724774360657,0.17827850580215454,0.090448759496212,0.9349804520606995,-0.34902602434158325,0.023192252963781357,0.05877339839935303,0.004843377508223057,-0.026387425139546394,-0.02550020068883896,-0.08879201114177704,0.17149533331394196,-0.004773534834384918,0.4710026979446411,-0.2447655200958252,0.11120481789112091,0.9522235989570618,0.3019964098930359,0.02976250648498535,-0.03438569977879524,0.004843377508223057,-0.026387425139546394,-0.02550020068883896,-0.08879201114177704,0.17149533331394196,-0.004773534834384918,-0.7105701422462213,0.08449602242759258,0.09418932221463203,0.6123794258490978,0.07752749354792007,-0.047670608520721025
896.0,17.92,0.0,896.0,0.4600001275539398,0.17765578627586365,0.08804785460233688,0.9345452785491943,-0.350028395652771,0.024940865114331245,0.05901804938912392,0.005797941237688065,-0.02560751885175705,-0.017153827473521233,-0.12972015142440796,0.164044588804245,-0.05375225469470024,0.47131985425949097,-0.24534547328948975,0.10976924002170563,0.9525187015533447,0.3008187711238861,0.031212788075208664,-0.03524251654744148,0.005797941237688065,-0.02560751885175705,-0.017153827473521233,-0.12972015142440796,0.164044588804245,-0.05375225469470024,-0.7126267294427173,0.08804644220620725,0.09334662931108001,0.6098412253795412,0.08075247845659052,-0.04853668291644308
897.0,17.94,0.0,897.0,0.46077585220336914,0.17667117714881897,0.08604078739881516,0.9341444969177246,-0.3510305881500244,0.02675250917673111,0.05861469730734825,0.01031123474240303,-0.008748725987970829,-0.0050638895481824875,-0.11063727736473083,0.13978901505470276,-0.11996672302484512,0.4713481068611145,-0.24629810452461243,0.10873930901288986,0.9527948498725891,0.2996579110622406,0.03231251239776611,-0.0366484560072422,0.01031123474240303,-0.008748725987970829,-0.0050638895481824875,-0.11063727736473083,0.13978901505470276,-0.11996672302484512,-0.7147357775417371,0.09125915906355296,0.09123293851685019,0.6072986823744395,0.08363585295783982,-0.05067023402180768
898.0,17.96,0.0,898.0,0.4617408812046051,0.1756441593170166,0.08455849438905716,0.933824360370636,-0.3518940210342407,0.028392592445015907,0.05776389688253403,0.016642460599541664,0.005764919798821211,0.0014070951147004962,-0.10479361563920975,0.10548973828554153,-0.13518820703029633,0.47124430537223816,-0.2473037987947464,0.10811102390289307,0.9530167579650879,0.2986677587032318,0.03301136940717697,-0.03830487281084061,0.016642460599541664,0.005764919798821211,0.0014070951147004962,-0.10479361563920975,0.10548973828554153,-0.13518820703029633,-0.716597335060602,0.09381848497293459,0.08840366111557438,0.6050938782611118,0.08590723215975724,-0.053514279482906345
899.0,17.98,0.0,899.0,0.4626457691192627,0.17505814135074615,0.08336173743009567,0.9334127902984619,-0.3529931902885437,0.02966497093439102,0.057066649198532104,0.020248347893357277,0.008485750295221806,0.005227455869317055,-0.14523562788963318,0.08052898943424225,-0.08484865725040436,0.4713091552257538,-0.24784786999225616,0.10796765983104706,0.9533233642578125,0.29746246337890625,0.03350026160478592,-0.03960752114653587,0.020248347893357277,0.008485750295221806,0.005227455869317055,-0.14523562788963318,0.08052898943424225,-0.08484865725040436,-0.7189722110553621,0.09581411433285346,0.08609108451669811,0.6024613518341893,0.08754842911581687,-0.055830101752766925
900.0,18.0,0.0,900.0,0.4632723331451416,0.17529012262821198,0.08221640437841415,0.9327750205993652,-0.3546079397201538,0.030519280582666397,0.05703171715140343,0.020559875294566154,0.008317806757986546,0.008590266108512878,-0.19889439642429352,0.06831624358892441,0.009222358465194702,0.4717605412006378,-0.24752983450889587,0.1083173155784607,0.9538179039955139,0.29574301838874817,0.03403398022055626,-0.040117036551237106,0.020559875294566154,0.008317806757986546,0.008590266108512878,-0.19889439642429352,0.06831624358892441,0.009222358465194702,-0.7224176888590217,0.09753761934516106,0.08525875802126007,0.5988083189094413,0.08876962609472894,-0.05665129844817172
901.0,18.02,0.0,901.0,0.46348267793655396,0.17656764388084412,0.08097531646490097,0.9318821430206299,-0.35676607489585876,0.030957002192735672,0.057927027344703674,0.017710689455270767,0.008024990558624268,0.008301564492285252,-0.25221672654151917,0.06205189600586891,0.11676180362701416,0.47267863154411316,-0.2461121827363968,0.10903280973434448,0.954513669013977,0.2934698760509491,0.0347769521176815,-0.03962254896759987,0.017710689455270767,0.008024990558624268,0.008301564492285252,-0.25221672654151917,0.06205189600586891,0.11676180362701416,-0.7269691836427772,0.09919190671785742,0.0864051575759057,0.5940715780892987,0.0897666838784571,-0.055480261692071216
902.0,18.04,0.0,902.0,0.46327096223831177,0.17874987423419952,0.07956235110759735,0.9307605028152466,-0.3594015836715698,0.031024442985653877,0.05960724502801895,0.01218118704855442,0.008879761211574078,0.0027541741728782654,-0.29587918519973755,0.052085280418395996,0.1906946897506714,0.4739255905151367,-0.24373219907283783,0.10998235642910004,0.9553804993629456,0.29070764780044556,0.03568058833479881,-0.03826820105314255,0.01218118704855442,0.008879761211574078,0.0027541741728782654,-0.29587918519973755,0.052085280418395996,0.1906946897506714,-0.7324957411470382,0.10076896815357723,0.08923007323462996,0.5883817101970183,0.09055045060904418,-0.052615861463217256
903.0,18.06,0.0,903.0,0.462767094373703,0.18140257894992828,0.07804493606090546,0.9294875860214233,-0.3623732030391693,0.030765792354941368,0.061578284949064255,0.007459945045411587,0.01286768913269043,-0.007121257018297911,-0.3222218453884125,0.023333949968218803,0.2121042013168335,0.47521281242370605,-0.24083128571510315,0.11111551523208618,0.9563567042350769,0.28761178255081177,0.03648431599140167,-0.036474116146564484,0.007459945045411587,0.01286768913269043,-0.007121257018297911,-0.3222218453884125,0.023333949968218803,0.2121042013168335,-0.7387353309597358,0.10199825893939027,0.09278977284825717,0.5820367199441018,0.09088988604823407,-0.04899966300044039
904.0,18.080000000000002,0.0,904.0,0.4620972275733948,0.1841689497232437,0.0765836164355278,0.9281105399131775,-0.3656231164932251,0.030129775404930115,0.06342728435993195,0.00423046387732029,0.013958301395177841,-0.01619146764278412,-0.35161930322647095,-0.02445143461227417,0.20691774785518646,0.4763389527797699,-0.2377716451883316,0.11254649609327316,0.957414448261261,0.28426018357276917,0.036897528916597366,-0.03453526273369789,0.00423046387732029,0.013958301395177841,-0.01619146764278412,-0.35161930322647095,-0.02445143461227417,0.20691774785518646,-0.7456029265719603,0.1024877836527027,0.09635661655171071,0.5751761215896956,0.0904095354925546,-0.0453528152982597
905.0,18.1,0.0,905.0,0.4613357186317444,0.18686425685882568,0.07544983178377151,0.9266219735145569,-0.3692026734352112,0.029007256031036377,0.06495939940214157,0.004059348255395889,0.012666589580476284,-0.014841766096651554,-0.38388291001319885,-0.08930070698261261,0.19589224457740784,0.47724390029907227,-0.2347334325313568,0.11459525674581528,0.958565890789032,0.2806159555912018,0.036710478365421295,-0.03253655880689621,0.004059348255395889,0.012666589580476284,-0.014841766096651554,-0.38388291001319885,-0.08930070698261261,0.19589224457740784,-0.7532349256195319,0.10190014292067633,0.09964737334407178,0.5677131468249561,0.08875584958250059,-0.04195115622763914
906.0,18.12,0.0,906.0,0.4605434238910675,0.18944917619228363,0.07506614923477173,0.9250509142875671,-0.37305209040641785,0.027327947318553925,0.066077321767807,0.0053138392977416515,0.014307255856692791,0.004045715555548668,-0.40630659461021423,-0.15733927488327026,0.17595310509204865,0.4779171943664551,-0.2317589372396469,0.11763232201337814,0.9597899913787842,0.2767485976219177,0.035812314599752426,-0.030512887984514236,0.0053138392977416515,0.014307255856692791,0.004045715555548668,-0.40630659461021423,-0.15733927488327026,0.17595310509204865,-0.7615192541098335,0.1000267598882283,0.10255163504542779,0.5597873762860427,0.08573839166994028,-0.03890258272122228
907.0,18.14,0.0,907.0,0.4597284197807312,0.1919754594564438,0.07581311464309692,0.9234613180160522,-0.3770001232624054,0.0251616183668375,0.06675945967435837,0.004796451423317194,0.025738699361681938,0.041630156338214874,-0.3992733061313629,-0.2181965559720993,0.14979404211044312,0.4783188998699188,-0.22881129384040833,0.12188822031021118,0.961029589176178,0.2728270888328552,0.03425673395395279,-0.028528770431876183,0.004796451423317194,0.025738699361681938,0.041630156338214874,-0.3992733061313629,-0.2181965559720993,0.14979404211044312,-0.7700911090129797,0.09696008095086471,0.10501294506413993,0.5517462639444568,0.08150051596843638,-0.036269975777427445
908.0,18.16,0.0,908.0,0.45897018909454346,0.19431498646736145,0.07804588228464127,0.9220079183578491,-0.38068878650665283,0.022792361676692963,0.06676646322011948,-0.0019863941706717014,0.04809332266449928,0.09829255938529968,-0.35699012875556946,-0.24656954407691956,0.06943033635616302,0.47824859619140625,-0.22606827318668365,0.12740473449230194,0.9621680974960327,0.2692072093486786,0.032143767923116684,-0.026958031579852104,-0.0019863941706717014,0.04809332266449928,0.09829255938529968,-0.35699012875556946,-0.24656954407691956,0.06943033635616302,-0.778182503922936,0.09299797440906679,0.1064246412640544,0.5443059116805636,0.07644444655681236,-0.03467785502692051
909.0,18.18,0.0,909.0,0.4586440622806549,0.19580882787704468,0.08150392770767212,0.9205939769744873,-0.3844473958015442,0.020214680582284927,0.06556401401758194,0.03250638768076897,0.016478918492794037,0.09032870829105377,-0.4595716595649719,-0.3996211290359497,-0.008910689502954483,0.4776550531387329,-0.2241784632205963,0.13422271609306335,0.9632951021194458,0.26557159423828125,0.029115796089172363,-0.026209112256765366,0.03250638768076897,0.016478918492794037,0.09032870829105377,-0.4595716595649719,-0.3996211290359497,-0.008910689502954483,-0.78653796776492,0.08774336970297875,0.10577597015901849,0.5367854483139706,0.07007230281390553,-0.03512294614793594
910.0,18.2,0.0,910.0,0.4586183428764343,0.196602463722229,0.08433179557323456,0.9189972281455994,-0.388688325881958,0.01731495000422001,0.0637618750333786,0.00690828450024128,0.026835035532712936,0.041281357407569885,-0.40308821201324463,-0.299987256526947,-0.05952718108892441,0.4769380986690521,-0.22292131185531616,0.140849307179451,0.9645342826843262,0.26146796345710754,0.02543138712644577,-0.025718411430716515,0.00690828450024128,0.026835035532712936,0.041281357407569885,-0.40308821201324463,-0.299987256526947,-0.05952718108892441,-0.7960089582190768,0.08148191676419675,0.10426788711564411,0.5283015811478708,0.06254874379480395,-0.036392774890965665
911.0,18.22,0.0,911.0,0.4584007263183594,0.19727608561515808,0.0853511318564415,0.9175637364387512,-0.3923797905445099,0.01545904390513897,0.06225759908556938,0.0017853868193924427,0.025579016655683517,-0.003960383124649525,-0.362432599067688,-0.2371324896812439,-0.04841666668653488,0.4760054349899292,-0.2218169867992401,0.14519335329532623,0.9655832052230835,0.2578217685222626,0.022787461057305336,-0.025650158524513245,0.0017853868193924427,0.025579016655683517,-0.003960383124649525,-0.362432599067688,-0.2371324896812439,-0.04841666668653488,-0.8042247322315115,0.07730352492541731,0.10260481019591446,0.5207642015407701,0.057263998215867556,-0.03785558678720694
912.0,18.240000000000002,0.0,912.0,0.4581243395805359,0.19794777035713196,0.08517120033502579,0.9162394404411316,-0.39566799998283386,0.014243711717426777,0.061228591948747635,-0.010615034028887749,0.01900533027946949,-0.023998012766242027,-0.3274237811565399,-0.12915204465389252,-0.013115361332893372,0.4752403199672699,-0.22073040902614594,0.14798550307750702,0.9665025472640991,0.25451382994651794,0.020967578515410423,-0.025612618774175644,-0.010615034028887749,0.01900533027946949,-0.023998012766242027,-0.3274237811565399,-0.12915204465389252,-0.013115361332893372,-0.8115104665536431,0.07462295023310452,0.10138383077066973,0.5139356283983612,0.05359361389738404,-0.03890189326585372
913.0,18.26,0.0,913.0,0.45774146914482117,0.1986832469701767,0.08404730260372162,0.915063202381134,-0.3984634280204773,0.01378338411450386,0.060796331614255905,-0.016694966703653336,0.012129432521760464,-0.03350313380360603,-0.29081350564956665,-0.045097481459379196,-0.012741129845380783,0.474676251411438,-0.21961329877376556,0.14940188825130463,0.9672756195068359,0.25162985920906067,0.020142318680882454,-0.02558399923145771,-0.016694966703653336,0.012129432521760464,-0.03350313380360603,-0.29081350564956665,-0.045097481459379196,-0.012741129845380783,-0.817656789935595,0.07374238506097452,0.10072413490599062,0.5079811424279451,0.05186499515447495,-0.03941994349386168
914.0,18.28,0.0,914.0,0.45740583539009094,0.19932958483695984,0.08236334472894669,0.9140697717666626,-0.4007489085197449,0.013909252360463142,0.060690246522426605,-0.015364312566816807,0.014452299103140831,-0.0379486046731472,-0.22781960666179657,0.012126471847295761,-0.00024643982760608196,0.47428739070892334,-0.21863733232021332,0.14980727434158325,0.9679005146026611,0.2492169737815857,0.020013829693198204,-0.025674523785710335,-0.015364312566816807,0.014452299103140831,-0.0379486046731472,-0.22781960666179657,0.012126471847295761,-0.00024643982760608196,-0.8226483914590421,0.07413905383784009,0.1002447276718891,0.5029899702137574,0.051562679283508626,-0.03978855287587436
915.0,18.3,0.0,915.0,0.45728668570518494,0.19989894330501556,0.08060593158006668,0.9133657217025757,-0.4023336172103882,0.014398867264389992,0.06068969890475273,-0.005049251951277256,0.021220507100224495,-0.03239429369568825,-0.15212567150592804,0.03769393637776375,-0.025819480419158936,0.47410714626312256,-0.21783240139484406,0.14950892329216003,0.968326985836029,0.24750590324401855,0.02028508484363556,-0.02592737041413784,-0.005049251951277256,0.021220507100224495,-0.03239429369568825,-0.15212567150592804,0.03769393637776375,-0.025819480419158936,-0.8260891499418309,0.07520876842161216,0.09972414653616324,0.49943808318117994,0.052143168225603526,-0.0402365156202843
916.0,18.32,0.0,916.0,0.45740243792533875,0.2003878355026245,0.07904978096485138,0.9129308462142944,-0.40328148007392883,0.015145646408200264,0.06075853481888771,7.461371569661424e-05,0.022451143711805344,-0.02115555852651596,-0.09653276205062866,0.07203982770442963,-0.007591403089463711,0.47414931654930115,-0.2171996533870697,0.14883695542812347,0.9685762524604797,0.24644207954406738,0.020845778286457062,-0.02630363218486309,7.461371569661424e-05,0.022451143711805344,-0.02115555852651596,-0.09653276205062866,0.07203982770442963,-0.007591403089463711,-0.8281236171688124,0.07673474743321311,0.09917464985771973,0.49721360641393564,0.053371425386702184,-0.04074887274999584
917.0,18.34,0.0,917.0,0.45753902196884155,0.2009325921535492,0.0775352492928505,0.9126518964767456,-0.40381768345832825,0.01608373410999775,0.06114767864346504,-0.0001221169950440526,0.019964180886745453,-0.016613464802503586,-0.052970852702856064,0.10495536774396896,-0.010874008759856224,0.47442546486854553,-0.21656332910060883,0.14783474802970886,0.9687160849571228,0.24578328430652618,0.021782996132969856,-0.026558030396699905,-0.0001221169950440526,0.019964180886745453,-0.016613464802503586,-0.052970852702856064,0.10495536774396896,-0.010874008759856224,-0.8292318129352295,0.07882433507594319,0.09909257718619824,0.49582592233988676,0.055286271695782506,-0.04082027288888346
918.0,18.36,0.0,918.0,0.45774009823799133,0.20129936933517456,0.07604046911001205,0.912536084651947,-0.40396904945373535,0.017211314290761948,0.0615682490170002,0.00027737856726162136,0.02134861797094345,-0.01355228666216135,-0.003363998606801033,0.12332034111022949,-0.009186665527522564,0.4747425317764282,-0.21616388857364655,0.14650587737560272,0.9687485098838806,0.24551349878311157,0.02291550301015377,-0.0269162617623806,0.00027737856726162136,0.02134861797094345,-0.01355228666216135,-0.003363998606801033,0.12332034111022949,-0.009186665527522564,-0.8294888209075671,0.08124457537375744,0.09894805690741945,0.49523386760907906,0.05764724446004026,-0.040977557330946296
919.0,18.38,0.0,919.0,0.4579765200614929,0.20167629420757294,0.07475347816944122,0.9126061797142029,-0.4036824703216553,0.018391067162156105,0.062066175043582916,0.0027552160900086164,0.022721368819475174,-0.006585710681974888,0.036447130143642426,0.12955830991268158,0.0015584367793053389,0.47513478994369507,-0.21581979095935822,0.14498621225357056,0.9686617851257324,0.24569784104824066,0.02416745200753212,-0.027259286493062973,0.0027552160900086164,0.022721368819475174,-0.006585710681974888,0.036447130143642426,0.12955830991268158,0.0015584367793053389,-0.8287814094849095,0.08377561545212105,0.09894344685438898,0.49557942883531714,0.06025170534674994,-0.04102018433939963
920.0,18.400000000000002,0.0,920.0,0.4581594169139862,0.2021845281124115,0.07369551062583923,0.912814199924469,-0.40304964780807495,0.019597431644797325,0.06274779886007309,0.0004000651533715427,0.02694455347955227,0.0043680090457201,0.07420344650745392,0.14452727138996124,0.01024625264108181,0.4756074547767639,-0.21539157629013062,0.14337898790836334,0.9684823155403137,0.24623680114746094,0.025578271597623825,-0.027484532445669174,0.0004000651533715427,0.02694455347955227,0.0043680090457201,0.07420344650745392,0.14452727138996124,0.01024625264108181,-0.8273042784098148,0.08646627592125292,0.09929006347231564,0.4966634795779849,0.0631215089124959,-0.040732293689014425
921.0,18.42,0.0,921.0,0.45834460854530334,0.20252180099487305,0.07268420606851578,0.9129201173782349,-0.40265119075775146,0.02056637592613697,0.06345001608133316,0.008745137602090836,0.0007276532705873251,-0.0076931072399020195,0.021920939907431602,0.10003296285867691,0.03032243251800537,0.4761553108692169,-0.21509593725204468,0.14202558994293213,0.9683690667152405,0.24654588103294373,0.026799172163009644,-0.027539843693375587,0.008745137602090836,0.0007276532705873251,-0.0076931072399020195,0.021920939907431602,0.10003296285867691,0.03032243251800537,-0.8263487696454018,0.08876388174017515,0.09984568653718973,0.4972865676603392,0.06552952681345751,-0.04022015181830391
922.0,18.44,0.0,922.0,0.45852169394493103,0.20274680852890015,0.07183044403791428,0.9130681157112122,-0.4021793603897095,0.021263781934976578,0.06407780200242996,0.007475778926163912,0.005210682284086943,-0.009723115712404251,0.06767452508211136,0.08423558622598648,0.021888375282287598,0.47668734192848206,-0.21492455899715424,0.14075548946857452,0.9682382345199585,0.2469577044248581,0.027766523882746696,-0.027488913387060165,0.007475778926163912,0.005210682284086943,-0.009723115712404251,0.06767452508211136,0.08423558622598648,0.021888375282287598,-0.8252476881107097,0.0904955930649507,0.10049066991343182,0.4981326810554194,0.06739743047824932,-0.03961760471386243
923.0,18.46,0.0,923.0,0.4586632549762726,0.2030113935470581,0.07138732075691223,0.9133845567703247,-0.40134695172309875,0.021676024422049522,0.064646877348423,0.009727202355861664,0.006869141943752766,-0.00775370467454195,0.10472378134727478,0.05255421996116638,0.03622043877840042,0.4771820902824402,-0.21476806700229645,0.1395590752363205,0.9680126905441284,0.2477760910987854,0.028499707579612732,-0.027319790795445442,0.009727202355861664,0.006869141943752766,-0.00775370467454195,0.10472378134727478,0.05255421996116638,0.03622043877840042,-0.8233714827536438,0.09161687810760501,0.10129293900014855,0.49983000319902426,0.06876871781894811,-0.038870349452342134
924.0,18.48,0.0,924.0,0.4587840735912323,0.2032746821641922,0.07146985828876495,0.9138262271881104,-0.40026047825813293,0.021703148260712624,0.0651295930147171,0.011804171837866306,0.006087306886911392,-0.004075964447110891,0.1358848363161087,0.016563594341278076,0.0321769192814827,0.4776565134525299,-0.21465010941028595,0.1386464387178421,0.9677222371101379,0.24889808893203735,0.0288957878947258,-0.026989560574293137,0.011804171837866306,0.006087306886911392,-0.004075964447110891,0.1358848363161087,0.016563594341278076,0.0321769192814827,-0.8209601165887406,0.09193288529412785,0.10226976403660423,0.5021690169402501,0.06941723111772496,-0.03795307891251754
925.0,18.5,0.0,925.0,0.45894649624824524,0.20332467555999756,0.07206682860851288,0.9143890738487244,-0.3989523649215698,0.021429602056741714,0.06534785032272339,0.013140371069312096,0.004212839528918266,-0.0002694765280466527,0.16481812298297882,-0.017488539218902588,0.014604727737605572,0.478010892868042,-0.21478304266929626,0.13804025948047638,0.9673712253570557,0.2502898871898651,0.028908653184771538,-0.026689562946558,0.013140371069312096,0.004212839528918266,-0.0002694765280466527,0.16481812298297882,-0.017488539218902588,0.014604727737605572,-0.8180951872364208,0.0914588036659227,0.1030198806241595,0.5050672027952794,0.06934661033531214,-0.037264506360700694
926.0,18.52,0.0,926.0,0.45919910073280334,0.2030152529478073,0.07315920293331146,0.9150781035423279,-0.39742544293403625,0.020930731669068336,0.06516797095537186,0.013633164577186108,0.0022673800121992826,0.00357397785410285,0.1923738569021225,-0.05062232166528702,-0.02082001604139805,0.4781695604324341,-0.215316042304039,0.13772769272327423,0.9669559001922607,0.2519468665122986,0.028514690697193146,-0.02657126449048519,0.013633164577186108,0.0022673800121992826,0.00357397785410285,0.1923738569021225,-0.05062232166528702,-0.02082001604139805,-0.8147911406509889,0.0902277136503925,0.10323321421324719,0.508505506488962,0.06858774997409378,-0.037113868447777934
927.0,18.54,0.0,927.0,0.459563285112381,0.20227891206741333,0.07471925020217896,0.915878176689148,-0.3957184851169586,0.020239440724253654,0.06453154236078262,0.014083140529692173,-0.0006379495607689023,0.007113081403076649,0.21342067420482635,-0.0820920467376709,-0.054655998945236206,0.47810181975364685,-0.21631109714508057,0.13771741092205048,0.9664841890335083,0.25382721424102783,0.02770087867975235,-0.026699837297201157,0.014083140529692173,-0.0006379495607689023,0.007113081403076649,0.21342067420482635,-0.0820920467376709,-0.054655998945236206,-0.8111361237518419,0.08826092788730229,0.10276794505159206,0.5123944499434006,0.06714965472543111,-0.037641160941957
928.0,18.56,0.0,928.0,0.46000874042510986,0.20114871859550476,0.07667829096317291,0.9167622923851013,-0.3938784897327423,0.019379811361432076,0.06349163502454758,0.013647015206515789,-0.0036556366831064224,0.010039100423455238,0.23028412461280823,-0.10921677947044373,-0.08267144858837128,0.4778190553188324,-0.21772418916225433,0.13798320293426514,0.9659676551818848,0.25587549805641174,0.026515556499361992,-0.027046598494052887,0.013647015206515789,-0.0036556366831064224,0.010039100423455238,0.23028412461280823,-0.10921677947044373,-0.08267144858837128,-0.8072280728766601,0.0856540247109907,0.10169424585656897,0.5166235381359696,0.0651134403640665,-0.0387747654067922
929.0,18.580000000000002,0.0,929.0,0.460485577583313,0.19972370564937592,0.07896339893341064,0.9177122712135315,-0.39192306995391846,0.01835508644580841,0.06215780973434448,0.012211336754262447,-0.006316297687590122,0.011680228635668755,0.24579668045043945,-0.13097818195819855,-0.0996738076210022,0.47736287117004395,-0.2194475382566452,0.1384667009115219,0.9654106497764587,0.2580665647983551,0.025027532130479813,-0.027526473626494408,0.012211336754262447,-0.006316297687590122,0.011680228635668755,0.24579668045043945,-0.13097818195819855,-0.0996738076210022,-0.8030977826348409,0.08250510616884388,0.10020631446458703,0.5211488870646283,0.06257182973534234,-0.040320967208323955
930.0,18.6,0.0,930.0,0.46091529726982117,0.19812019169330597,0.08146440237760544,0.9187119007110596,-0.3898601830005646,0.017192304134368896,0.06067967414855957,0.008850152604281902,-0.00943289790302515,0.012169957160949707,0.2593477964401245,-0.14241699874401093,-0.10300843417644501,0.47677329182624817,-0.22135664522647858,0.13906395435333252,0.9648159742355347,0.26038211584091187,0.02334984950721264,-0.028037656098604202,0.008850152604281902,-0.00943289790302515,0.012169957160949707,0.2593477964401245,-0.14241699874401093,-0.10300843417644501,-0.7987513965387724,0.07898481750929529,0.09855531270299529,0.5259402938127278,0.05969306591318224,-0.04202979955346767
931.0,18.62,0.0,931.0,0.46124446392059326,0.19642089307308197,0.084075927734375,0.9197543859481812,-0.38767871260643005,0.01594579964876175,0.05918605625629425,0.004409867338836193,-0.012639837339520454,0.012425243854522705,0.2750419080257416,-0.14476482570171356,-0.09827493131160736,0.47609156370162964,-0.22336477041244507,0.13965994119644165,0.9641807079315186,0.2628231942653656,0.02160545624792576,-0.028512343764305115,0.004409867338836193,-0.012639837339520454,0.012425243854522705,0.2750419080257416,-0.14476482570171356,-0.09827493131160736,-0.7941549951578261,0.0752938957049846,0.09693550879466013,0.5310038255221368,0.05668087144984167,-0.043709352358219426
932.0,18.64,0.0,932.0,0.4614436626434326,0.19470234215259552,0.08675259351730347,0.9208501577377319,-0.3853326141834259,0.014645292423665524,0.057786911725997925,-0.0001506281114416197,-0.015655117109417915,0.013452572748064995,0.2959630787372589,-0.14075607061386108,-0.08321850746870041,0.47537124156951904,-0.2253962606191635,0.14016807079315186,0.9634922742843628,0.26542991399765015,0.019888687878847122,-0.028883498162031174,-0.0001506281114416197,-0.015655117109417915,0.013452572748064995,0.2959630787372589,-0.14075607061386108,-0.08321850746870041,-0.7892022117429087,0.07156767823681473,0.0955289513371883,0.5364252118529959,0.053684053715395315,-0.045180375332359204
933.0,18.66,0.0,933.0,0.4614952802658081,0.19301335513591766,0.08947895467281342,0.9220183491706848,-0.3827596604824066,0.013322865590453148,0.05656778812408447,-0.004947775509208441,-0.018318478018045425,0.016190238296985626,0.32460010051727295,-0.12867414951324463,-0.06547216325998306,0.4746566116809845,-0.22740532457828522,0.14051756262779236,0.9627332091331482,0.26826053857803345,0.018281901255249977,-0.029105033725500107,-0.004947775509208441,-0.018318478018045425,0.016190238296985626,0.32460010051727295,-0.12867414951324463,-0.06547216325998306,-0.7837540793334706,0.06792379104784145,0.09447213366225085,0.5423254548058053,0.05083853312117788,-0.04630848540924355
934.0,18.68,0.0,934.0,0.4614134132862091,0.19131344556808472,0.09220194816589355,0.9232712388038635,-0.379914253950119,0.01210689079016447,0.055574603378772736,-0.010583342984318733,-0.024094348773360252,0.021786632016301155,0.3521232306957245,-0.10284972935914993,-0.052581124007701874,0.47396954894065857,-0.22943371534347534,0.14061856269836426,0.9618883728981018,0.27134957909584045,0.01691729947924614,-0.029221374541521072,-0.010583342984318733,-0.024094348773360252,0.021786632016301155,0.3521232306957245,-0.10284972935914993,-0.052581124007701874,-0.7777065514043127,0.06462805343991306,0.09375445961168856,0.5487706591817005,0.04842244732603985,-0.047107016269005084
935.0,18.7,0.0,935.0,0.4612080752849579,0.18936079740524292,0.09472274035215378,0.9245715737342834,-0.37687575817108154,0.011366206221282482,0.05479801818728447,-0.021658726036548615,-0.04138461500406265,0.03541722893714905,0.35393378138542175,-0.0390491709113121,-0.05964687839150429,0.4732280373573303,-0.23171305656433105,0.14035536348819733,0.960976779460907,0.27458545565605164,0.01607244275510311,-0.029464635998010635,-0.021658726036548615,-0.04138461500406265,0.03541722893714905,0.35393378138542175,-0.0390491709113121,-0.05964687839150429,-0.7712142939874993,0.06236224883692999,0.0930770956421251,0.5555114691216547,0.0470890084825878,-0.0478744759154306
936.0,18.72,0.0,936.0,0.46108633279800415,0.18776682019233704,0.09717704355716705,0.926232099533081,-0.3728843033313751,0.010542172938585281,0.054224442690610886,-0.009758859872817993,-0.006822837516665459,0.0035574163775891066,0.4876880943775177,-0.04254021495580673,-0.0015384785365313292,0.4727380573749542,-0.23369699716567993,0.1391589343547821,0.9597736597061157,0.2787962853908539,0.01535505149513483,-0.02952287346124649,-0.009758859872817993,-0.006822837516665459,0.0035574163775891066,0.4876880943775177,-0.04254021495580673,-0.0015384785365313292,-0.7626707463018562,0.060003883523557025,0.09288725725479914,0.564295260579442,0.04595264345208368,-0.04817815398601925
937.0,18.740000000000002,0.0,937.0,0.46084752678871155,0.1863340437412262,0.09860849380493164,0.9279260635375977,-0.36865872144699097,0.010485305450856686,0.054166797548532486,-0.021710311993956566,-0.020098550245165825,-0.008163297548890114,0.4522242248058319,0.05277614668011665,-0.04457100108265877,0.472368061542511,-0.2354981154203415,0.13675184547901154,0.9584885835647583,0.28315702080726624,0.015573674812912941,-0.029652753844857216,-0.021710311993956566,-0.020098550245165825,-0.008163297548890114,0.4522242248058319,0.05277614668011665,-0.04457100108265877,-0.753572337302323,0.05943228170615027,0.09309309646346431,0.5733774102081871,0.0466640793859839,-0.04809493107006507
938.0,18.76,0.0,938.0,0.46073704957962036,0.1845541149377823,0.09922472387552261,0.9295010566711426,-0.3646475374698639,0.011234559118747711,0.05416227504611015,-0.020127123221755028,-0.036135945469141006,-0.003193060401827097,0.40208718180656433,0.10703252255916595,-0.025030551478266716,0.47197842597961426,-0.2375970482826233,0.13375058770179749,0.9572464823722839,0.28721922636032104,0.01644168235361576,-0.030230186879634857,-0.020127123221755028,-0.036135945469141006,-0.003193060401827097,0.40208718180656433,0.10703252255916595,-0.025030551478266716,-0.7449033602815254,0.06042211962202797,0.09279671603041104,0.5818148182741176,0.04886231262130244,-0.048507643299399994
939.0,18.78,0.0,939.0,0.46083366870880127,0.18294548988342285,0.09927404671907425,0.9311486482620239,-0.3603735864162445,0.012198594398796558,0.054259151220321655,-0.0134385135024786,-0.023629169911146164,-0.033251501619815826,0.4256264269351959,0.13448840379714966,-0.042402222752571106,0.4718128442764282,-0.2395094633102417,0.12995484471321106,0.9559061527252197,0.2915170192718506,0.017559127882122993,-0.030865944921970367,-0.0134385135024786,-0.023629169911146164,-0.033251501619815826,0.4256264269351959,0.13448840379714966,-0.042402222752571106,-0.7356684553571673,0.06186400528457714,0.09256353022735675,0.5907487076234852,0.0515885446125372,-0.048856742282457635
940.0,18.8,0.0,940.0,0.46098604798316956,0.1813870519399643,0.09841285645961761,0.9325894713401794,-0.3565135896205902,0.013726062141358852,0.05465121194720268,-0.01498875766992569,-0.03642631694674492,-0.02406197227537632,0.34948113560676575,0.19746440649032593,-0.015052665024995804,0.47180429100990295,-0.24130837619304657,0.12564489245414734,0.9546802639961243,0.295322984457016,0.0192710030823946,-0.031603507697582245,-0.01498875766992569,-0.03642631694674492,-0.02406197227537632,0.34948113560676575,0.19746440649032593,-0.015052665024995804,-0.7272911064484511,0.06461429875403747,0.09247163801711099,0.5986493690483802,0.05549023746935908,-0.049055286131060055
941.0,18.82,0.0,941.0,0.46118661761283875,0.1801213026046753,0.09724844247102737,0.933833122253418,-0.35305124521255493,0.015799429267644882,0.05532560124993324,-0.01987270452082157,-0.02373221330344677,0.00984693318605423,0.30363544821739197,0.26740625500679016,-0.025251898914575577,0.47193464636802673,-0.24276234209537506,0.12141261249780655,0.9535653591156006,0.29865702986717224,0.02155676670372486,-0.032442860305309296,-0.01987270452082157,-0.02373221330344677,0.00984693318605423,0.30363544821739197,0.26740625500679016,-0.025251898914575577,-0.7197348839591529,0.06862746052909983,0.0925231740855574,0.6055587327534909,0.06052708990543463,-0.04910622937799982
942.0,18.84,0.0,942.0,0.4613957107067108,0.17936299741268158,0.0960104763507843,0.9347943663597107,-0.35024121403694153,0.01816696487367153,0.05621872469782829,-0.013219117186963558,-0.020743176341056824,0.01965116150677204,0.19610163569450378,0.25949200987815857,0.012220320291817188,0.47218191623687744,-0.24365335702896118,0.11770929396152496,0.95264732837677,0.3012847304344177,0.024162020534276962,-0.03327229246497154,-0.013219117186963558,-0.020743176341056824,0.01965116150677204,0.19610163569450378,0.25949200987815857,0.012220320291817188,-0.7135571723374927,0.07341090110974964,0.09276271965180113,0.610994403466974,0.06613281343697076,-0.048960755299489365
943.0,18.86,0.0,943.0,0.4616095721721649,0.17896930873394012,0.09443598985671997,0.9352319836616516,-0.34879130125045776,0.020218411460518837,0.057243358343839645,-0.004883460700511932,-0.023830881342291832,0.0022894691210240126,0.0763690173625946,0.22121718525886536,0.01638125441968441,0.47265422344207764,-0.24410243332386017,0.11488888412714005,0.9521676301956177,0.30254578590393066,0.0265043955296278,-0.03376671299338341,-0.004883460700511932,-0.023830881342291832,0.0022894691210240126,0.0763690173625946,0.22121718525886536,0.01638125441968441,-0.7102993915538389,0.0778283420666484,0.09338559498173339,0.6135921460850255,0.07096476907330493,-0.04840625435515238
944.0,18.88,0.0,944.0,0.46188032627105713,0.1786806583404541,0.09238532185554504,0.9352410435676575,-0.3485065996646881,0.0220202449709177,0.0581597201526165,0.0008432514732703567,-0.02573074959218502,-0.017773574218153954,-0.021098069846630096,0.19131021201610565,0.023381881415843964,0.47319528460502625,-0.24439364671707153,0.11263662576675415,0.952063798904419,0.3026471734046936,0.028501981869339943,-0.03416154161095619,0.0008432514732703567,-0.02573074959218502,-0.017773574218153954,-0.021098069846630096,0.19131021201610565,0.023381881415843964,-0.7095511096280162,0.08181781086150326,0.09388980716212791,0.6137674200356134,0.0750195337490623,-0.04794902105323538
945.0,18.900000000000002,0.0,945.0,0.4622463583946228,0.17834405601024628,0.08999849855899811,0.9349643588066101,-0.34902423620224,0.02371370978653431,0.05883306264877319,0.004273418802767992,-0.026532446965575218,-0.02559889853000641,-0.08978354930877686,0.17286552488803864,-0.004772936925292015,0.4736917316913605,-0.24470147490501404,0.11077099293470383,0.952214241027832,0.3019509017467499,0.03020804561674595,-0.03465959057211876,0.004273418802767992,-0.026532446965575218,-0.02559889853000641,-0.08978354930877686,0.17286552488803864,-0.004772936925292015,-0.7105405701162657,0.0855154711691174,0.0939412075030703,0.6122638474645955,0.078540765750148,-0.047930061275686185
946.0,18.92,0.0,946.0,0.46276459097862244,0.177714005112648,0.08756904304027557,0.9345247149467468,-0.35003459453582764,0.025476830080151558,0.05907858908176422,0.005209543276578188,-0.02572532184422016,-0.017350206151604652,-0.1305064558982849,0.1652691662311554,-0.0541033037006855,0.4739972949028015,-0.24528826773166656,0.1093151718378067,0.9525105953216553,0.30076318979263306,0.031669605523347855,-0.03552446886897087,0.005209543276578188,-0.02572532184422016,-0.017350206151604652,-0.1305064558982849,0.1652691662311554,-0.0541033037006855,-0.7126153163634544,0.08909437614011864,0.09308832351926194,0.6097036552725328,0.08179134884570963,-0.048807244103559515
947.0,18.94,0.0,947.0,0.463528573513031,0.17672094702720642,0.08553776890039444,0.9341198801994324,-0.3510441482067108,0.0272984579205513,0.05867784842848778,0.009811125695705414,-0.008974078111350536,-0.005270615220069885,-0.11160355806350708,0.14067798852920532,-0.11970339715480804,0.4740143418312073,-0.2462487518787384,0.10826875269412994,0.9527883529663086,0.299593448638916,0.0327783040702343,-0.03693423792719841,0.009811125695705414,-0.008974078111350536,-0.005270615220069885,-0.11160355806350708,0.14067798852920532,-0.11970339715480804,-0.7147418105369617,0.09232819227729604,0.09097069193111157,0.6071409470337359,0.08469326107104429,-0.05094523113065494
948.0,18.96,0.0,948.0,0.4644802212715149,0.1756928563117981,0.08403251320123672,0.9337949156761169,-0.3519144058227539,0.02894412726163864,0.05784013494849205,0.016133861616253853,0.005535827483981848,0.0012052905512973666,-0.10556093603372574,0.10646885633468628,-0.133519247174263,0.4739072024822235,-0.2472546100616455,0.10762467235326767,0.9530115723609924,0.29859456419944763,0.03348913788795471,-0.03858349099755287,0.016133861616253853,0.005535827483981848,0.0012052905512973666,-0.10556093603372574,0.10646885633468628,-0.133519247174263,-0.7166196677334177,0.0949077328675979,0.08816033838670759,0.6049171131048771,0.08698235735812002,-0.05377077316695131
949.0,18.98,0.0,949.0,0.46536386013031006,0.1751265525817871,0.08281591534614563,0.9333792924880981,-0.3530172109603882,0.030214572325348854,0.057175181806087494,0.019742492586374283,0.008345179259777069,0.0049928538501262665,-0.14553582668304443,0.08140028268098831,-0.08077703416347504,0.47397828102111816,-0.24777798354625702,0.10746514797210693,0.9533196687698364,0.29738402366638184,0.03399627283215523,-0.03985925763845444,0.019742492586374283,0.008345179259777069,0.0049928538501262665,-0.14553582668304443,0.08140028268098831,-0.08077703416347504,-0.7190020239160173,0.09692263821961007,0.08590806464790775,0.6022742909173217,0.08864166595161867,-0.05602647992095679
950.0,19.0,0.0,950.0,0.4659664034843445,0.17540305852890015,0.08165612816810608,0.9327377676963806,-0.3546336591243744,0.03105592355132103,0.057191479951143265,0.02012147568166256,0.008221994154155254,0.00833357684314251,-0.19891346991062164,0.06871754676103592,0.01520459819585085,0.4744512140750885,-0.2474142462015152,0.10780082643032074,0.9538158178329468,0.29566195607185364,0.034551218152046204,-0.04032048210501671,0.02012147568166256,0.008221994154155254,0.00833357684314251,-0.19891346991062164,0.06871754676103592,0.01520459819585085,-0.7224484404736988,0.098658071054805,0.08517901503681323,0.5986189045125732,0.08987439308335957,-0.056745005479273844
951.0,19.02,0.0,951.0,0.4661523103713989,0.17673392593860626,0.080405093729496,0.9318415522575378,-0.3567917048931122,0.031475115567445755,0.058139484375715256,0.017323683947324753,0.008016860112547874,0.008079297840595245,-0.2517435550689697,0.062114182859659195,0.12203230708837509,0.4753933250904083,-0.2459421008825302,0.10850464552640915,0.9545127749443054,0.2933880686759949,0.035312291234731674,-0.039772968739271164,0.017323683947324753,0.008016860112547874,0.008079297840595245,-0.2517435550689697,0.062114182859659195,0.12203230708837509,-0.7269960664198555,0.10031518738468302,0.08643504910840005,0.5938854022231042,0.09087491756635017,-0.05546437887054998
952.0,19.04,0.0,952.0,0.46591973304748535,0.1789557784795761,0.07898809760808945,0.9307188391685486,-0.3594244718551636,0.03152737021446228,0.059853412210941315,0.011888963170349598,0.008791426196694374,0.002592567354440689,-0.2952727675437927,0.051757872104644775,0.19353745877742767,0.47665178775787354,-0.24352166056632996,0.10944575816392899,0.9553793668746948,0.2906285226345062,0.03622490167617798,-0.038382843136787415,0.011888963170349598,0.008791426196694374,0.002592567354440689,-0.2952727675437927,0.051757872104644775,0.19353745877742767,-0.732513362630363,0.10188800018623125,0.08933141753647489,0.588205611717016,0.09165560611301102,-0.05252890413134161
953.0,19.06,0.0,953.0,0.465406596660614,0.18162405490875244,0.07747399061918259,0.9294478297233582,-0.3623899221420288,0.03125827759504318,0.06183212995529175,0.007348222658038139,0.012757065705955029,-0.0072163175791502,-0.32120513916015625,0.022434227168560028,0.21251146495342255,0.47793975472450256,-0.24060486257076263,0.1105751097202301,0.9563537836074829,0.2875392735004425,0.03702567517757416,-0.036576367914676666,0.007348222658038139,0.012757065705955029,-0.0072163175791502,-0.32120513916015625,0.022434227168560028,0.21251146495342255,-0.7387378419973728,0.1031031281023783,0.09291040547097355,0.581877391994088,0.0919832176300686,-0.048893309042595375
954.0,19.080000000000002,0.0,954.0,0.4647359251976013,0.18438716232776642,0.07602567970752716,0.9280756711959839,-0.36562904715538025,0.03061443567276001,0.06366945803165436,0.004251911770552397,0.013820001855492592,-0.016202839091420174,-0.3502313494682312,-0.025656161829829216,0.20577389001846313,0.47905853390693665,-0.23754899203777313,0.11200835555791855,0.9574078917503357,0.28419965505599976,0.03742629662156105,-0.03464220091700554,0.004251911770552397,0.013820001855492592,-0.016202839091420174,-0.3502313494682312,-0.025656161829829216,0.20577389001846313,-0.7455820493012147,0.10356887878307815,0.09645866621033117,0.5750432903890158,0.09148260580863443,-0.04526501841044572
955.0,19.1,0.0,955.0,0.4639796316623688,0.18706803023815155,0.0749129131436348,0.9265941381454468,-0.36919569969177246,0.02948535792529583,0.06517958641052246,0.004184072837233543,0.012427644804120064,-0.014845416881144047,-0.382447212934494,-0.09073834866285324,0.19401893019676208,0.47995349764823914,-0.23452644050121307,0.11406565457582474,0.9585554599761963,0.280570387840271,0.03722149506211281,-0.03265713155269623,0.004184072837233543,0.012427644804120064,-0.014845416881144047,-0.382447212934494,-0.09073834866285324,0.19401893019676208,-0.7531867566268169,0.10295174216821609,0.09971053749089581,0.5676116328202012,0.08980361894628146,-0.041901895443971965
956.0,19.12,0.0,956.0,0.4631968140602112,0.18963465094566345,0.07455307990312576,0.9250310659408569,-0.373031884431839,0.027797941118478775,0.06627333164215088,0.005492675118148327,0.013930483721196651,0.003845665603876114,-0.40499237179756165,-0.1589241474866867,0.17435792088508606,0.4806196391582489,-0.2315720170736313,0.11711366474628448,0.9597758650779724,0.27671903371810913,0.0363030806183815,-0.030648011714220047,0.005492675118148327,0.013930483721196651,0.003845665603876114,-0.40499237179756165,-0.1589241474866867,0.17435792088508606,-0.7614431604511083,0.1010438887199395,0.10257276483020986,0.5597188290125279,0.08675617672242367,-0.038894975169870255
957.0,19.14,0.0,957.0,0.4623872637748718,0.19214633107185364,0.07532121241092682,0.9234493374824524,-0.37696748971939087,0.025619136169552803,0.06693742424249649,0.005035417154431343,0.025262480601668358,0.04093670845031738,-0.39805975556373596,-0.22006858885288239,0.1490391194820404,0.4810161888599396,-0.22864066064357758,0.12137837707996368,0.9610127210617065,0.2728129029273987,0.03472741320729256,-0.028670845553278923,0.005035417154431343,0.025262480601668358,0.04093670845031738,-0.39805975556373596,-0.22006858885288239,0.1490391194820404,-0.7699883547363522,0.09793889891823154,0.10500661822957828,0.551709503635143,0.08248399653989442,-0.03628922568020493
958.0,19.16,0.0,958.0,0.46163132786750793,0.19448372721672058,0.07756777107715607,0.9219996929168701,-0.38065147399902344,0.023223238065838814,0.06694284826517105,-0.0015558091690763831,0.04731578379869461,0.09677617996931076,-0.3567734658718109,-0.24961547553539276,0.07189805805683136,0.4809543788433075,-0.22590023279190063,0.12690308690071106,0.9621511101722717,0.2692009210586548,0.03259286284446716,-0.02708519622683525,-0.0015558091690763831,0.04731578379869461,0.09677617996931076,-0.3567734658718109,-0.24961547553539276,0.07189805805683136,-0.7780698021756015,0.09392549890484864,0.10643175392057762,0.5442865416516324,0.07737844670172613,-0.03468276331938961
959.0,19.18,0.0,959.0,0.46126171946525574,0.19602029025554657,0.08100488036870956,0.9205852746963501,-0.3844030797481537,0.020646294578909874,0.0658067837357521,0.030367787927389145,0.014512603171169758,0.08964841067790985,-0.46346575021743774,-0.39430129528045654,0.003991239704191685,0.4803728759288788,-0.2239663004875183,0.13369309902191162,0.9632782340049744,0.26557037234306335,0.02960706315934658,-0.026284687221050262,0.030367787927389145,0.014512603171169758,0.08964841067790985,-0.46346575021743774,-0.39430129528045654,0.003991239704191685,-0.7864051650722421,0.08872238283103302,0.10590214090287813,0.5367787442002545,0.07106033334427024,-0.03500890072130835
960.0,19.2,0.0,960.0,0.46119457483291626,0.19687284529209137,0.08385416120290756,0.9189780354499817,-0.3886640667915344,0.017690792679786682,0.06408314406871796,0.007415106054395437,0.025922300294041634,0.04107329621911049,-0.40303394198417664,-0.30490127205848694,-0.05527522787451744,0.47969359159469604,-0.22264496982097626,0.14035730063915253,0.9645270109176636,0.2614484429359436,0.025925911962985992,-0.02569729834794998,0.007415106054395437,0.025922300294041634,0.04107329621911049,-0.40303394198417664,-0.30490127205848694,-0.05527522787451744,-0.7959173205967592,0.08242181901890265,0.10457531545621032,0.5282599421985731,0.06349216293605173,-0.03609544503883006
961.0,19.22,0.0,961.0,0.4609680771827698,0.19755814969539642,0.08493625372648239,0.917537271976471,-0.3923752009868622,0.015765108168125153,0.06259780377149582,0.0025403888430446386,0.023579029366374016,-0.0030463498551398516,-0.36624038219451904,-0.24243994057178497,-0.04169134423136711,0.4787847697734833,-0.22152569890022278,0.14478051662445068,0.9655837416648865,0.25778746604919434,0.02323775365948677,-0.02557060681283474,0.0025403888430446386,0.023579029366374016,-0.0030463498551398516,-0.36624038219451904,-0.24243994057178497,-0.04169134423136711,-0.8041791431448846,0.07813327675052384,0.10299563519410349,0.5206930516246983,0.058092215661192194,-0.0374722794266927
962.0,19.240000000000002,0.0,962.0,0.4606822729110718,0.1982569694519043,0.08483248203992844,0.9162276983261108,-0.39563170075416565,0.014504728838801384,0.061578236520290375,-0.010191557928919792,0.019948685541749,-0.02292647957801819,-0.32305246591567993,-0.13284312188625336,-0.015530015341937542,0.47802790999412537,-0.22041592001914978,0.14761894941329956,0.9664954543113708,0.25451651215553284,0.021390408277511597,-0.025498928502202034,-0.010191557928919792,0.019948685541749,-0.02292647957801819,-0.32305246591567993,-0.13284312188625336,-0.015530015341937542,-0.8113980451371005,0.07537523360119229,0.10182682237692617,0.5139414547407597,0.054354028474326965,-0.03846705880544441
963.0,19.26,0.0,963.0,0.4603046178817749,0.1989865005016327,0.08377145230770111,0.9150608777999878,-0.39841049909591675,0.014020765200257301,0.06112266704440117,-0.016279393807053566,0.014081628993153572,-0.0322829894721508,-0.2855454385280609,-0.04785216972231865,-0.010533571243286133,0.4774554371833801,-0.21930798888206482,0.1490827053785324,0.9672642946243286,0.25165310502052307,0.020533539354801178,-0.02547461912035942,-0.016279393807053566,0.014081628993153572,-0.0322829894721508,-0.2855454385280609,-0.04785216972231865,-0.010533571243286133,-0.8175109918894993,0.07443224828328807,0.10114181017176156,0.5080287584404414,0.05256845684843673,-0.03901048713773787
964.0,19.28,0.0,964.0,0.45997294783592224,0.19964970648288727,0.08212819695472717,0.9140707850456238,-0.4006904065608978,0.014124415814876556,0.06100914254784584,-0.01522180624306202,0.01541296299546957,-0.037312354892492294,-0.22736360132694244,0.010094890370965004,-0.0025527405086904764,0.47706955671310425,-0.21831636130809784,0.14952318370342255,0.9678877592086792,0.24924816191196442,0.02038337104022503,-0.025557493790984154,-0.01522180624306202,0.01541296299546957,-0.037312354892492294,-0.22736360132694244,0.010094890370965004,-0.0025527405086904764,-0.8224921090000639,0.07478268525469546,0.10066513687692918,0.503054421150112,0.05222167830365473,-0.039376374535225654
965.0,19.3,0.0,965.0,0.459861695766449,0.20020510256290436,0.08037830144166946,0.9133532643318176,-0.40230995416641235,0.01460319571197033,0.06098422035574913,-0.004937577061355114,0.019301148131489754,-0.03232993558049202,-0.16120655834674835,0.03574879467487335,-0.02441844902932644,0.47688090801239014,-0.2175210863351822,0.14926381409168243,0.9683234691619873,0.2475023865699768,0.020628677681088448,-0.02582181990146637,-0.004937577061355114,0.019301148131489754,-0.03232993558049202,-0.16120655834674835,0.03574879467487335,-0.02441844902932644,-0.8260109358689591,0.07581750089196748,0.10010447301258818,0.49943052480669686,0.05275685479773807,-0.0398624542310549
966.0,19.32,0.0,966.0,0.45997855067253113,0.20069637894630432,0.07881784439086914,0.9129081964492798,-0.40328264236450195,0.015339434146881104,0.061043284833431244,0.00011052215995732695,0.022412529215216637,-0.02114776149392128,-0.09936831146478653,0.07137914001941681,-0.01011420227587223,0.47691914439201355,-0.21688246726989746,0.1486099660396576,0.9685791730880737,0.24641339480876923,0.021173160523176193,-0.026198524981737137,0.00011052215995732695,0.022412529215216637,-0.02114776149392128,-0.09936831146478653,0.07137914001941681,-0.01011420227587223,-0.828100754555423,0.07731941330122262,0.09954280893496718,0.4971544734325178,0.05395328028184021,-0.04038572465292753
967.0,19.34,0.0,967.0,0.4601214528083801,0.20124679803848267,0.07730313390493393,0.9126310348510742,-0.40381646156311035,0.016273103654384613,0.061416104435920715,0.0005418319487944245,0.020596977323293686,-0.01681634411215782,-0.05363859981298447,0.10319369286298752,-0.009290390647947788,0.477189302444458,-0.21624130010604858,0.14760525524616241,0.9687179923057556,0.24575796723365784,0.022097256034612656,-0.026463055983185768,0.0005418319487944245,0.020596977323293686,-0.01681634411215782,-0.05363859981298447,0.10319369286298752,-0.009290390647947788,-0.8292049079447783,0.07938771807398776,0.09943423240960204,0.4957738099186298,0.055848053801825,-0.04048347673966046
968.0,19.36,0.0,968.0,0.46033191680908203,0.20163887739181519,0.0758100375533104,0.9125124216079712,-0.40397408604621887,0.01737728714942932,0.06184070184826851,0.0012714576441794634,0.02203558012843132,-0.014067469164729118,-0.0036628779489547014,0.12130764871835709,-0.009117914363741875,0.47752413153648376,-0.21581535041332245,0.14628291130065918,0.968752384185791,0.2454831600189209,0.023213345557451248,-0.026803554967045784,0.0012714576441794634,0.02203558012843132,-0.014067469164729118,-0.0036628779489547014,0.12130764871835709,-0.009117914363741875,-0.82947617087859,0.08176913467726964,0.09931532424903117,0.4951729758961022,0.058168381235890826,-0.04061486473280177
969.0,19.38,0.0,969.0,0.46058958768844604,0.20202024281024933,0.07451480627059937,0.9125792384147644,-0.4036960005760193,0.018545815721154213,0.06232576444745064,0.003774352138862014,0.02294459193944931,-0.0073615736328065395,0.03487576171755791,0.12819980084896088,0.0006428959313780069,0.47792962193489075,-0.21546581387519836,0.14476242661476135,0.9686673879623413,0.2456597238779068,0.024448035284876823,-0.02714953012764454,0.003774352138862014,0.02294459193944931,-0.0073615736328065395,0.03487576171755791,0.12819980084896088,0.0006428959313780069,-0.8287886456739108,0.08427009992418591,0.09929554879897286,0.4955032713650304,0.06074046285017081,-0.04067212993327919
970.0,19.400000000000002,0.0,970.0,0.46079450845718384,0.2025308907032013,0.07344239950180054,0.912784218788147,-0.40307146310806274,0.019746165722608566,0.06299561262130737,0.001662192982621491,0.026581380516290665,0.0037657986395061016,0.07111349701881409,0.14308227598667145,0.010968376882374287,0.4784160852432251,-0.21503418684005737,0.14314812421798706,0.968489944934845,0.24619066715240479,0.025846298784017563,-0.027379997074604034,0.001662192982621491,0.026581380516290665,0.0037657986395061016,0.07111349701881409,0.14308227598667145,0.010968376882374287,-0.8273303211017827,0.08694093075394076,0.09962494724919872,0.49657126443911964,0.06358798416400985,-0.040400875057903116
971.0,19.42,0.0,971.0,0.4609867334365845,0.20293454825878143,0.0724773034453392,0.9129290580749512,-0.4025782644748688,0.020772675052285194,0.06371782720088959,0.009042095392942429,0.003278287360444665,-0.0045704408548772335,0.025768062099814415,0.10440558195114136,0.029038259759545326,0.4789721369743347,-0.21468617022037506,0.14175567030906677,0.9683499336242676,0.24659395217895508,0.0271312203258276,-0.027458027005195618,0.009042095392942429,0.003278287360444665,-0.0045704408548772335,0.025768062099814415,0.10440558195114136,0.029038259759545326,-0.8261634423906975,0.08934960243196026,0.10018088226361577,0.49738782332464854,0.0661351837128963,-0.03989493344152431
972.0,19.44,0.0,972.0,0.4611731171607971,0.2031749188899994,0.07161425799131393,0.9130743145942688,-0.40210747718811035,0.021520601585507393,0.06435598433017731,0.007373983506113291,0.005857252981513739,-0.007993115112185478,0.06553979963064194,0.08960586786270142,0.02143755555152893,0.4795113205909729,-0.21449892222881317,0.14047838747501373,0.9682184457778931,0.2469995617866516,0.02814457379281521,-0.027429893612861633,0.007373983506113291,0.005857252981513739,-0.007993115112185478,0.06553979963064194,0.08960586786270142,0.02143755555152893,-0.8250618275390216,0.09118216449014858,0.10080510239944931,0.49821999632105035,0.06810314878042273,-0.03931409095208642
973.0,19.46,0.0,973.0,0.46132898330688477,0.20342695713043213,0.07113340497016907,0.9133815765380859,-0.4012932777404785,0.02199399098753929,0.06491771340370178,0.009462159126996994,0.007362390402704477,-0.0069478657096624374,0.10235893726348877,0.05766664072871208,0.031335197389125824,0.48000189661979675,-0.21435260772705078,0.13926251232624054,0.9679961800575256,0.2477937936782837,0.028919653967022896,-0.02730371803045273,0.009462159126996994,0.007362390402704477,-0.0069478657096624374,0.10235893726348877,0.05766664072871208,0.031335197389125824,-0.8232233745454788,0.09241134757456357,0.10154413140505811,0.4998651660666891,0.06957571828759236,-0.03863060765523396
974.0,19.48,0.0,974.0,0.46146777272224426,0.2036668211221695,0.07117168605327606,0.9138161540031433,-0.4002222418785095,0.02208324521780014,0.06537874042987823,0.011626962572336197,0.006648821756243706,-0.003857783507555723,0.13359512388706207,0.020890042185783386,0.028662534430623055,0.48046359419822693,-0.2142566740512848,0.1383216232061386,0.9677082896232605,0.24889491498470306,0.0293500404804945,-0.027028243988752365,0.011626962572336197,0.006648821756243706,-0.003857783507555723,0.13359512388706207,0.020890042185783386,0.028662534430623055,-0.8208447142769337,0.09282536623315112,0.10243114142403666,0.5021579981012873,0.07031687470661528,-0.03780316196675143
975.0,19.5,0.0,975.0,0.4616412818431854,0.20370951294898987,0.07172505557537079,0.9143708944320679,-0.3989313244819641,0.021858878433704376,0.06558754295110703,0.012998482212424278,0.004812224768102169,-0.00035747242509387434,0.1622868776321411,-0.013773338869214058,0.012202410027384758,0.4808110296726227,-0.2143949270248413,0.13768884539604187,0.9673609137535095,0.2502647936344147,0.02939446084201336,-0.026765387505292892,0.012998482212424278,0.004812224768102169,-0.00035747242509387434,0.1622868776321411,-0.013773338869214058,0.012202410027384758,-0.8180157797707968,0.09243568482427893,0.1031244688446642,0.5050087779373654,0.07032492372365955,-0.037171198275179
976.0,19.52,0.0,976.0,0.46189990639686584,0.2034139782190323,0.07277162373065948,0.915047824382782,-0.39742928743362427,0.02139580436050892,0.06542056798934937,0.013511660508811474,0.0026181084103882313,0.003245821688324213,0.1888628751039505,-0.047091253101825714,-0.019447918981313705,0.48097875714302063,-0.21491022408008575,0.13735398650169373,0.9669522643089294,0.2518923282623291,0.029034601524472237,-0.026658322662115097,0.013511660508811474,0.0026181084103882313,0.003245821688324213,0.1888628751039505,-0.047091253101825714,-0.019447918981313705,-0.8147632057660888,0.09128316900237797,0.10333248197575215,0.5083852950002216,0.06963646126100888,-0.03702563585502783
977.0,19.54,0.0,977.0,0.46225833892822266,0.2027120590209961,0.07428500056266785,0.9158325791358948,-0.3957516551017761,0.020728586241602898,0.0648198351264,0.014031543396413326,-0.0002690322871785611,0.006725289858877659,0.20994330942630768,-0.07894346863031387,-0.05176161974668503,0.48092958331108093,-0.21586580574512482,0.13732434809207916,0.966489315032959,0.2537384629249573,0.02825971320271492,-0.026772674173116684,0.014031543396413326,-0.0002690322871785611,0.006725289858877659,0.20994330942630768,-0.07894346863031387,-0.05176161974668503,-0.8111686203764663,0.08939195232034476,0.10291324422236282,0.5122036339101617,0.06826493095319273,-0.037505976566396274
978.0,19.56,0.0,978.0,0.4626956582069397,0.20162460207939148,0.07620181888341904,0.9167004227638245,-0.39394283294677734,0.019884373992681503,0.06382416933774948,0.01362838875502348,-0.0034201270900666714,0.009619580581784248,0.22641034424304962,-0.10643063485622406,-0.07889875024557114,0.4806716740131378,-0.21723094582557678,0.13757692277431488,0.9659824371337891,0.25575122237205505,0.027111558243632317,-0.027093123644590378,0.01362838875502348,-0.0034201270900666714,0.009619580581784248,0.22641034424304962,-0.10643063485622406,-0.07889875024557114,-0.8073251493342624,0.08685136447755966,0.10190847063488076,0.5163595790995463,0.06628531786821117,-0.038569583877712796
979.0,19.580000000000002,0.0,979.0,0.463159441947937,0.20024655759334564,0.07844816893339157,0.9176334142684937,-0.39202240109443665,0.018868952989578247,0.06254009157419205,0.012229970656335354,-0.006161616183817387,0.011277398094534874,0.24168246984481812,-0.12863080203533173,-0.0949975773692131,0.48024114966392517,-0.2189018726348877,0.1380537897348404,0.9654372334480286,0.25790369510650635,0.025659142062067986,-0.02753852866590023,0.012229970656335354,-0.006161616183817387,0.011277398094534874,0.24168246984481812,-0.12863080203533173,-0.0949975773692131,-0.8032672968012129,0.08376171307649749,0.10050454524657346,0.520804874866344,0.06379240867063357,-0.04003035350879338
980.0,19.6,0.0,980.0,0.4635772109031677,0.19869159162044525,0.0809168666601181,0.9186156392097473,-0.3899962604045868,0.017710354179143906,0.061111945658922195,0.008946885354816914,-0.009375138208270073,0.011749024502933025,0.2550116777420044,-0.1407650113105774,-0.09859929978847504,0.47967949509620667,-0.22075724601745605,0.13865244388580322,0.9648551940917969,0.2601795196533203,0.02401309832930565,-0.028011906892061234,0.008946885354816914,-0.009375138208270073,0.011749024502933025,0.2550116777420044,-0.1407650113105774,-0.09859929978847504,-0.7989976834736466,0.08029110946737465,0.09894241267528926,0.52551350888692,0.06095229509428219,-0.04164878551772605
981.0,19.62,0.0,981.0,0.46389907598495483,0.19703437387943268,0.08350157737731934,0.9196417927742004,-0.3878514766693115,0.01646597497165203,0.059659481048583984,0.0044693839736282825,-0.012457141652703285,0.01203043945133686,0.2711404860019684,-0.14346285164356232,-0.09512139111757278,0.4790230989456177,-0.22271884977817535,0.139255553483963,0.9642325043678284,0.2625815272331238,0.02229294925928116,-0.028454577550292015,0.0044693839736282825,-0.012457141652703285,0.01203043945133686,0.2711404860019684,-0.14346285164356232,-0.09512139111757278,-0.7944785705733817,0.07663862009261813,0.09739733652017182,0.530495061107499,0.05796692192598633,-0.043252332005239244
982.0,19.64,0.0,982.0,0.4640945792198181,0.19534613192081451,0.08615779876708984,0.9207230806350708,-0.3855406939983368,0.015168661251664162,0.058286767452955246,-4.1564388084225357e-05,-0.015491045080125332,0.013001233339309692,0.29206597805023193,-0.14016982913017273,-0.0816112533211708,0.47831928730010986,-0.2247166782617569,0.13977596163749695,0.9635564088821411,0.2651514410972595,0.02059263177216053,-0.028805820271372795,-4.1564388084225357e-05,-0.015491045080125332,0.013001233339309692,0.29206597805023193,-0.14016982913017273,-0.0816112533211708,-0.7896007560893865,0.07294077196313334,0.09603820384207165,0.5358382938002703,0.05498783680434903,-0.04467408891777262
983.0,19.66,0.0,983.0,0.46415165066719055,0.19367815554141998,0.0888712927699089,0.9218789935112,-0.38300034403800964,0.013847830705344677,0.05707968398928642,-0.004791186656802893,-0.018175777047872543,0.01565830409526825,0.32071805000305176,-0.12887786328792572,-0.0647437646985054,0.477618545293808,-0.2267024964094162,0.1401427835226059,0.9628086686134338,0.26794883608818054,0.01899220608174801,-0.029018200933933258,-0.004791186656802893,-0.018175777047872543,0.01565830409526825,0.32071805000305176,-0.12887786328792572,-0.0647437646985054,-0.7842223493082678,0.06931060693176609,0.09500429068461548,0.5416675645417854,0.05214614395467067,-0.045778269977037225
984.0,19.68,0.0,984.0,0.46406733989715576,0.19199766218662262,0.091588094830513,0.9231207370758057,-0.3801872432231903,0.012627028860151768,0.05609218776226044,-0.01048063114285469,-0.0237578172236681,0.02153519168496132,0.3487938344478607,-0.1033562570810318,-0.051320288330316544,0.4769335985183716,-0.22870990633964539,0.1402670443058014,0.9619755744934082,0.2710059881210327,0.017625097185373306,-0.029126159846782684,-0.01048063114285469,-0.0237578172236681,0.02153519168496132,0.3487938344478607,-0.1033562570810318,-0.051320288330316544,-0.7782438917827238,0.06601154284727695,0.09430324990147945,0.5480446545339112,0.04971702114800154,-0.046558612114043184
985.0,19.7,0.0,985.0,0.4638652503490448,0.19006773829460144,0.09411434084177017,0.924409806728363,-0.37718063592910767,0.01186735462397337,0.055319227278232574,-0.019745586439967155,-0.037460844963788986,0.03178955987095833,0.36139723658561707,-0.04733413830399513,-0.056623298674821854,0.4762013852596283,-0.23096533119678497,0.1400381475687027,0.9610751867294312,0.2742112874984741,0.016765302047133446,-0.029354138299822807,-0.019745586439967155,-0.037460844963788986,0.03178955987095833,0.36139723658561707,-0.04733413830399513,-0.056623298674821854,-0.7718208480475551,0.06371439463617522,0.09364959354400451,0.5547212421233093,0.048342727018451104,-0.04730147156929103
986.0,19.72,0.0,986.0,0.46373194456100464,0.18851323425769806,0.09653615951538086,0.9260817170143127,-0.3731684684753418,0.011037602089345455,0.05473678559064865,-0.010668611153960228,-0.0077972374856472015,0.0004009491531178355,0.4795483350753784,-0.04325024038553238,-0.007576209958642721,0.47569093108177185,-0.23291480541229248,0.13879026472568512,0.9598674774169922,0.2784457504749298,0.01603936031460762,-0.029416609555482864,-0.010668611153960228,-0.0077972374856472015,0.0004009491531178355,0.4795483350753784,-0.04325024038553238,-0.007576209958642721,-0.7632319439678388,0.06133397578542187,0.09345515264914166,0.5635528210700262,0.04719068402716678,-0.047610869494623634
987.0,19.740000000000002,0.0,987.0,0.46349212527275085,0.187068372964859,0.09796618670225143,0.9277806282043457,-0.3689417243003845,0.010987508110702038,0.0546288825571537,-0.022065138444304466,-0.017635326832532883,-0.008579353801906109,0.4556919038295746,0.050000958144664764,-0.0455540306866169,0.47527506947517395,-0.23473191261291504,0.13638073205947876,0.9585821032524109,0.2828100025653839,0.01623244769871235,-0.029590396210551262,-0.022065138444304466,-0.017635326832532883,-0.008579353801906109,0.4556919038295746,0.050000958144664764,-0.0455540306866169,-0.7541315196101602,0.060735079382374206,0.09356848802300748,0.5726406160937938,0.04787546356492845,-0.047620780718786435
988.0,19.76,0.0,988.0,0.46337127685546875,0.18529140949249268,0.09857729822397232,0.9293583631515503,-0.36492905020713806,0.011749704368412495,0.05460520461201668,-0.02188790775835514,-0.036019109189510345,-0.0032293382100760937,0.39918479323387146,0.11008277535438538,-0.031700048595666885,0.4748542606830597,-0.23683109879493713,0.13337311148643494,0.9573398232460022,0.28687426447868347,0.01709890179336071,-0.030191075056791306,-0.02188790775835514,-0.036019109189510345,-0.0032293382100760937,0.39918479323387146,0.11008277535438538,-0.031700048595666885,-0.745458318162179,0.061732627432139815,0.09323233855947867,0.5810811691475242,0.0500819246963294,-0.04807452523597683
989.0,19.78,0.0,989.0,0.4634641706943512,0.18361404538154602,0.09858003258705139,0.9309974312782288,-0.360685795545578,0.012783430516719818,0.05464470386505127,-0.015115449205040932,-0.022260921075940132,-0.034151576459407806,0.4267849326133728,0.1375359147787094,-0.048597581684589386,0.47461998462677,-0.2388143539428711,0.12956055998802185,0.956007719039917,0.2911377549171448,0.018233368173241615,-0.03091418743133545,-0.015115449205040932,-0.022260921075940132,-0.034151576459407806,0.4267849326133728,0.1375359147787094,-0.048597581684589386,-0.7362871907180379,0.0632640161777852,0.09284536654659574,0.5899390058308117,0.05288770271697842,-0.04857855684552676
990.0,19.8,0.0,990.0,0.4636201560497284,0.18200506269931793,0.09768573939800262,0.9324426054954529,-0.35682225227355957,0.014364009723067284,0.054975368082523346,-0.01596906967461109,-0.03540797531604767,-0.024042773991823196,0.3495221734046936,0.19905291497707367,-0.023679375648498535,0.47455018758773804,-0.2406681329011917,0.12521591782569885,0.9547786116600037,0.2949453592300415,0.01994910277426243,-0.031732894480228424,-0.01596906967461109,-0.03540797531604767,-0.024042773991823196,0.3495221734046936,0.19905291497707367,-0.023679375648498535,-0.7279019323835361,0.0660681561534029,0.09260601579451735,0.5978396132994445,0.056843505620406506,-0.04892650210831697
991.0,19.82,0.0,991.0,0.46383363008499146,0.18069539964199066,0.09651992470026016,0.9336864948272705,-0.35336780548095703,0.016458777710795403,0.05558740720152855,-0.019841279834508896,-0.022865723818540573,0.010518028400838375,0.3032633364200592,0.2659633159637451,-0.03128241375088692,0.4746363162994385,-0.24216927587985992,0.1209903284907341,0.9536644220352173,0.2982717752456665,0.02221260778605938,-0.03263428807258606,-0.019841279834508896,-0.022865723818540573,0.010518028400838375,0.3032633364200592,0.2659633159637451,-0.03128241375088692,-0.7203645468290993,0.0700776111261149,0.09252916637008023,0.6047304700741415,0.061873976439687,-0.04910718508657746
992.0,19.84,0.0,992.0,0.4640536308288574,0.17991794645786285,0.09529342502355576,0.9346497654914856,-0.3505561351776123,0.018834708258509636,0.05644018203020096,-0.013328541070222855,-0.019888143986463547,0.02044920064508915,0.19628381729125977,0.2593807876110077,0.008787252940237522,0.474858820438385,-0.24308213591575623,0.11729765683412552,0.9527440071105957,0.3009015619754791,0.024799522012472153,-0.03350074961781502,-0.013328541070222855,-0.019888143986463547,0.02044920064508915,0.19628381729125977,0.2593807876110077,0.008787252940237522,-0.7141855759916163,0.0748484809898785,0.09269017141564609,0.6101692921509249,0.06746720508769657,-0.04904202135413902
993.0,19.86,0.0,993.0,0.464264839887619,0.17953139543533325,0.09371341019868851,0.9350875616073608,-0.3491034507751465,0.02089860290288925,0.0574568472802639,-0.005340623203665018,-0.02319672703742981,0.0029519363306462765,0.07585901767015457,0.2224990576505661,0.016757100820541382,0.47531867027282715,-0.24352532625198364,0.11446984857320786,0.9522623419761658,0.30216407775878906,0.027147071436047554,-0.034009046852588654,-0.005340623203665018,-0.02319672703742981,0.0029519363306462765,0.07585901767015457,0.2224990576505661,0.016757100820541382,-0.710922208625788,0.07928384993285045,0.09329070956493873,0.6127698759410521,0.07231789135373815,-0.04851108957289559
994.0,19.88,0.0,994.0,0.4645175337791443,0.17927120625972748,0.0916433110833168,0.935089647769928,-0.34882915019989014,0.02270950749516487,0.05839521437883377,0.00017735600704327226,-0.025447599589824677,-0.01733715645968914,-0.02282426506280899,0.19295945763587952,0.025492727756500244,0.47585809230804443,-0.24378728866577148,0.11220793426036835,0.9521608948707581,0.3022521734237671,0.029164614155888557,-0.03439176827669144,0.00017735600704327226,-0.025447599589824677,-0.01733715645968914,-0.02282426506280899,0.19295945763587952,0.025492727756500244,-0.7101952066059477,0.08330707043736653,0.09382856753283733,0.612918898135229,0.07640308617748467,-0.04802134533134271
995.0,19.900000000000002,0.0,995.0,0.464866578578949,0.178949236869812,0.0892350897192955,0.9348042011260986,-0.3493637144565582,0.024410242214798927,0.05907858535647392,0.0037386794574558735,-0.026166196912527084,-0.025613097473978996,-0.0913274884223938,0.1733233481645584,-0.004771780222654343,0.4763454496860504,-0.2440791130065918,0.11033660173416138,0.9523155689239502,0.30153688788414,0.030881375074386597,-0.03488585725426674,0.0037386794574558735,-0.026166196912527084,-0.025613097473978996,-0.0913274884223938,0.1733233481645584,-0.004771780222654343,-0.7112212322449751,0.08702723063518965,0.09389040093583463,0.6113762429133036,0.07994148363920187,-0.047992569268760436
996.0,19.92,0.0,996.0,0.4653763771057129,0.17831885814666748,0.08678964525461197,0.934355616569519,-0.3503938913345337,0.02617207169532776,0.05931796506047249,0.004725762642920017,-0.02547300234436989,-0.017456036061048508,-0.13253866136074066,0.1648193746805191,-0.05443568900227547,0.47664007544517517,-0.24466462433338165,0.10888336598873138,0.9526169300079346,0.3003281354904175,0.03233683109283447,-0.035754069685935974,0.004725762642920017,-0.02547300234436989,-0.017456036061048508,-0.13253866136074066,0.1648193746805191,-0.05443568900227547,-0.7133412260891151,0.09060125956539479,0.09302216578554487,0.6087716376033476,0.08318101886420146,-0.04888496523627903
997.0,19.94,0.0,997.0,0.46613234281539917,0.17732368409633636,0.08475174754858017,0.9339412450790405,-0.35142648220062256,0.02797948196530342,0.05890911445021629,0.009641398675739765,-0.008703913539648056,-0.005398488137871027,-0.11344881355762482,0.13861311972141266,-0.11989690363407135,0.4766484498977661,-0.24562528729438782,0.10785163193941116,0.952900767326355,0.2991354465484619,0.033427752554416656,-0.0371607281267643,0.009641398675739765,-0.008703913539648056,-0.005398488137871027,-0.11344881355762482,0.13861311972141266,-0.11989690363407135,-0.7155213507165539,0.09380434174643199,0.09089400716671213,0.6061602241959374,0.08604496142468866,-0.051032977421337215
998.0,19.96,0.0,998.0,0.46706917881965637,0.176304891705513,0.0832475945353508,0.9336066246032715,-0.3523204028606415,0.02960190922021866,0.05807673558592796,0.01590457186102867,0.005561575293540955,0.0011500433320179582,-0.10792404413223267,0.10423555970191956,-0.13113601505756378,0.4765387177467346,-0.24661965668201447,0.10723008215427399,0.9531314373016357,0.29811373353004456,0.03412199392914772,-0.03879078850150108,0.01590457186102867,0.005561575293540955,0.0011500433320179582,-0.10792404413223267,0.10423555970191956,-0.13113601505756378,-0.7174533228602592,0.09634528154574354,0.08810493135559272,0.6038883494771753,0.08828824484403398,-0.053836538113438054
999.0,19.98,0.0,999.0,0.46792370080947876,0.17578844726085663,0.08203204721212387,0.9331803917884827,-0.3534439206123352,0.030834393575787544,0.05745379626750946,0.019349321722984314,0.00870631542056799,0.005091432016342878,-0.14685823023319244,0.07931377738714218,-0.07459979504346848,0.4766261875629425,-0.24709028005599976,0.10708894580602646,0.9534469246864319,0.29688310623168945,0.034623656421899796,-0.04000956192612648,0.019349321722984314,0.00870631542056799,0.005091432016342878,-0.14685823023319244,0.07931377738714218,-0.07459979504346848,-0.7198805541199913,0.09831982777251856,0.08595345848981487,0.6012069148884192,0.08990099795196942,-0.05599086454531752
