step,tag,value,wall_time
7999,Metrics/base_velocity/error_vel_xy,0.0032504028640687466,1781175596.7763822
8043,Metrics/base_velocity/error_vel_xy,0.15002427995204926,1781175849.7613995
8087,Metrics/base_velocity/error_vel_xy,0.214230477809906,1781176146.0752225
8131,Metrics/base_velocity/error_vel_xy,0.5059581995010376,1781176457.6115773
8175,Metrics/base_velocity/error_vel_xy,0.1981217861175537,1781176762.3274906
8219,Metrics/base_velocity/error_vel_xy,0.11269508302211761,1781177061.7784312
8263,Metrics/base_velocity/error_vel_xy,0.12195965647697449,1781177369.6603281
8307,Metrics/base_velocity/error_vel_xy,0.12760326266288757,1781177682.5705502
8351,Metrics/base_velocity/error_vel_xy,0.12154404819011688,1781177988.5259166
8395,Metrics/base_velocity/error_vel_xy,0.10734298080205917,1781178298.6688519
8439,Metrics/base_velocity/error_vel_xy,0.09864482283592224,1781178603.0424776
8483,Metrics/base_velocity/error_vel_xy,0.0966949388384819,1781178906.1478255
8527,Metrics/base_velocity/error_vel_xy,0.09211616963148117,1781179210.7399545
8571,Metrics/base_velocity/error_vel_xy,0.08492982387542725,1781179511.0518837
8615,Metrics/base_velocity/error_vel_xy,0.08259738981723785,1781179814.2719433
8659,Metrics/base_velocity/error_vel_xy,0.08255283534526825,1781180115.7474787
8703,Metrics/base_velocity/error_vel_xy,0.07655010372400284,1781180423.8745363
8747,Metrics/base_velocity/error_vel_xy,0.07524766772985458,1781180721.1078053
8791,Metrics/base_velocity/error_vel_xy,0.07593584805727005,1781181025.725151
8835,Metrics/base_velocity/error_vel_xy,0.07333523035049438,1781181334.6815124
8879,Metrics/base_velocity/error_vel_xy,0.07108083367347717,1781181639.7336204
8923,Metrics/base_velocity/error_vel_xy,0.0703781321644783,1781181942.774393
8967,Metrics/base_velocity/error_vel_xy,0.06915555894374847,1781182252.795338
9011,Metrics/base_velocity/error_vel_xy,0.06921114027500153,1781182559.030889
9055,Metrics/base_velocity/error_vel_xy,0.06752108037471771,1781182868.7837605
9099,Metrics/base_velocity/error_vel_xy,0.06677575409412384,1781183175.7367444
9143,Metrics/base_velocity/error_vel_xy,0.06608843058347702,1781183485.3090825
9187,Metrics/base_velocity/error_vel_xy,0.06538751721382141,1781183797.3329818
9231,Metrics/base_velocity/error_vel_xy,0.06513824313879013,1781184105.1356304
9275,Metrics/base_velocity/error_vel_xy,0.06494002789258957,1781184412.5487914
9319,Metrics/base_velocity/error_vel_xy,0.06478449702262878,1781184719.082428
9363,Metrics/base_velocity/error_vel_xy,0.06493701785802841,1781185028.2637029
9407,Metrics/base_velocity/error_vel_xy,0.06341491639614105,1781185332.2273567
9451,Metrics/base_velocity/error_vel_xy,0.06286288797855377,1781185640.1840498
9495,Metrics/base_velocity/error_vel_xy,0.06610413640737534,1781185944.5003383
9539,Metrics/base_velocity/error_vel_xy,0.06547032296657562,1781186252.5671396
9583,Metrics/base_velocity/error_vel_xy,0.05952538177371025,1781186560.2536361
9627,Metrics/base_velocity/error_vel_xy,0.06286345422267914,1781186867.396697
9671,Metrics/base_velocity/error_vel_xy,0.06171346455812454,1781187176.6882935
9715,Metrics/base_velocity/error_vel_xy,0.0623001903295517,1781187485.0761433
9759,Metrics/base_velocity/error_vel_xy,0.06164514645934105,1781187792.9012487
9803,Metrics/base_velocity/error_vel_xy,0.05975959822535515,1781188100.4618428
9847,Metrics/base_velocity/error_vel_xy,0.06067425757646561,1781188409.5277429
9891,Metrics/base_velocity/error_vel_xy,0.06099008023738861,1781188718.3144689
9935,Metrics/base_velocity/error_vel_xy,0.060098737478256226,1781189025.0544262
9979,Metrics/base_velocity/error_vel_xy,0.06037513166666031,1781189331.7388544
10023,Metrics/base_velocity/error_vel_xy,0.061353057622909546,1781189640.3032246
10067,Metrics/base_velocity/error_vel_xy,0.06152554601430893,1781189948.9268785
10111,Metrics/base_velocity/error_vel_xy,0.059599898755550385,1781190253.8932788
10155,Metrics/base_velocity/error_vel_xy,0.05879303067922592,1781190559.812431
10199,Metrics/base_velocity/error_vel_xy,0.06042969226837158,1781190869.3436682
10243,Metrics/base_velocity/error_vel_xy,0.05939021706581116,1781191176.4308295
10287,Metrics/base_velocity/error_vel_xy,0.05715281888842583,1781191481.9038117
10331,Metrics/base_velocity/error_vel_xy,0.06027189642190933,1781191791.498659
10375,Metrics/base_velocity/error_vel_xy,0.05681110545992851,1781192099.5741806
10419,Metrics/base_velocity/error_vel_xy,0.058847978711128235,1781192407.113367
10463,Metrics/base_velocity/error_vel_xy,0.05844104290008545,1781192714.5747952
10507,Metrics/base_velocity/error_vel_xy,0.05778434872627258,1781193023.3570247
10551,Metrics/base_velocity/error_vel_xy,0.05654030293226242,1781193329.3188438
10595,Metrics/base_velocity/error_vel_xy,0.0562562420964241,1781193636.7594655
10639,Metrics/base_velocity/error_vel_xy,0.05788467079401016,1781193943.5076082
10683,Metrics/base_velocity/error_vel_xy,0.05736462399363518,1781194249.998447
10727,Metrics/base_velocity/error_vel_xy,0.05756764113903046,1781194555.8612423
10771,Metrics/base_velocity/error_vel_xy,0.05797630175948143,1781194864.294215
10815,Metrics/base_velocity/error_vel_xy,0.058008596301078796,1781195164.9492984
10859,Metrics/base_velocity/error_vel_xy,0.05708959698677063,1781195473.2978308
10903,Metrics/base_velocity/error_vel_xy,0.05544116720557213,1781195780.686313
10947,Metrics/base_velocity/error_vel_xy,0.05584324151277542,1781196088.9670386
10991,Metrics/base_velocity/error_vel_xy,0.053767990320920944,1781196396.0835526
11035,Metrics/base_velocity/error_vel_xy,0.05527056008577347,1781196701.5951405
11079,Metrics/base_velocity/error_vel_xy,0.054090723395347595,1781197006.8047621
11123,Metrics/base_velocity/error_vel_xy,0.05364525318145752,1781197313.4644086
11167,Metrics/base_velocity/error_vel_xy,0.05468670278787613,1781197619.2056
11211,Metrics/base_velocity/error_vel_xy,0.054328590631484985,1781197925.6473372
11255,Metrics/base_velocity/error_vel_xy,0.054335664957761765,1781198232.8592832
11299,Metrics/base_velocity/error_vel_xy,0.05417824536561966,1781198536.2026536
11343,Metrics/base_velocity/error_vel_xy,0.05382629483938217,1781198845.4130619
11387,Metrics/base_velocity/error_vel_xy,0.05341441556811333,1781199154.2278626
11431,Metrics/base_velocity/error_vel_xy,0.05391311272978783,1781199462.9396331
11475,Metrics/base_velocity/error_vel_xy,0.053499870002269745,1781199768.8879097
11519,Metrics/base_velocity/error_vel_xy,0.05514463409781456,1781200076.3957016
11563,Metrics/base_velocity/error_vel_xy,0.055700965225696564,1781200385.3822875
11607,Metrics/base_velocity/error_vel_xy,0.0558437779545784,1781200695.930299
11651,Metrics/base_velocity/error_vel_xy,0.05594612658023834,1781201006.8163474
11695,Metrics/base_velocity/error_vel_xy,0.05642862617969513,1781201315.6531246
11739,Metrics/base_velocity/error_vel_xy,0.05713970214128494,1781201622.6545963
11783,Metrics/base_velocity/error_vel_xy,0.059853553771972656,1781201926.5076625
11827,Metrics/base_velocity/error_vel_xy,0.059966303408145905,1781202236.360721
11871,Metrics/base_velocity/error_vel_xy,0.06753528118133545,1781202544.8478346
11915,Metrics/base_velocity/error_vel_xy,0.066242516040802,1781202854.0401266
11959,Metrics/base_velocity/error_vel_xy,0.06877756863832474,1781203163.887423
12003,Metrics/base_velocity/error_vel_xy,0.07124646008014679,1781203475.5597386
12047,Metrics/base_velocity/error_vel_xy,0.07619401812553406,1781203786.397945
12091,Metrics/base_velocity/error_vel_xy,0.0829734206199646,1781204094.5792415
12135,Metrics/base_velocity/error_vel_xy,0.08823838084936142,1781204401.6435046
12179,Metrics/base_velocity/error_vel_xy,0.09291599690914154,1781204709.5129173
12223,Metrics/base_velocity/error_vel_xy,0.09786584228277206,1781205019.8683994
12267,Metrics/base_velocity/error_vel_xy,0.10247393697500229,1781205330.62048
12311,Metrics/base_velocity/error_vel_xy,0.10542719811201096,1781205641.3893936
12355,Metrics/base_velocity/error_vel_xy,0.1104741096496582,1781205952.5791707
12399,Metrics/base_velocity/error_vel_xy,0.11043083667755127,1781206261.2489183
12443,Metrics/base_velocity/error_vel_xy,0.11206144094467163,1781206570.4347477
12487,Metrics/base_velocity/error_vel_xy,0.10798367112874985,1781206879.0531607
12531,Metrics/base_velocity/error_vel_xy,0.1048109382390976,1781207185.5061347
12575,Metrics/base_velocity/error_vel_xy,0.10000394284725189,1781207491.9951837
12619,Metrics/base_velocity/error_vel_xy,0.09703737497329712,1781207796.6832955
12663,Metrics/base_velocity/error_vel_xy,0.09460566937923431,1781208100.0039868
12707,Metrics/base_velocity/error_vel_xy,0.09008189290761948,1781208402.330305
12751,Metrics/base_velocity/error_vel_xy,0.08585210144519806,1781208706.1493719
12795,Metrics/base_velocity/error_vel_xy,0.08437561988830566,1781209010.8642235
12839,Metrics/base_velocity/error_vel_xy,0.08190079778432846,1781209311.742868
12883,Metrics/base_velocity/error_vel_xy,0.08004210889339447,1781209615.4582012
12927,Metrics/base_velocity/error_vel_xy,0.07837457209825516,1781209919.8434567
12971,Metrics/base_velocity/error_vel_xy,0.07592694461345673,1781210222.8665035
13015,Metrics/base_velocity/error_vel_xy,0.07445761561393738,1781210527.6911125
13059,Metrics/base_velocity/error_vel_xy,0.07235129177570343,1781210832.9015546
13103,Metrics/base_velocity/error_vel_xy,0.07425098121166229,1781211138.3639007
13147,Metrics/base_velocity/error_vel_xy,0.07341930270195007,1781211442.2083476
13191,Metrics/base_velocity/error_vel_xy,0.07055993378162384,1781211747.2271194
13235,Metrics/base_velocity/error_vel_xy,0.07065245509147644,1781212050.230374
13279,Metrics/base_velocity/error_vel_xy,0.06969022750854492,1781212352.2894433
13323,Metrics/base_velocity/error_vel_xy,0.06801064312458038,1781212658.9959877
13367,Metrics/base_velocity/error_vel_xy,0.06879429519176483,1781212963.5902767
13411,Metrics/base_velocity/error_vel_xy,0.06764611601829529,1781213268.5983152
13455,Metrics/base_velocity/error_vel_xy,0.06557430326938629,1781213571.4650722
13499,Metrics/base_velocity/error_vel_xy,0.06534112989902496,1781213874.883728
13543,Metrics/base_velocity/error_vel_xy,0.06509622931480408,1781214170.4413524
13587,Metrics/base_velocity/error_vel_xy,0.06777425855398178,1781214471.8420274
13631,Metrics/base_velocity/error_vel_xy,0.06745126843452454,1781214775.5843353
13675,Metrics/base_velocity/error_vel_xy,0.06707479059696198,1781215081.7648602
13719,Metrics/base_velocity/error_vel_xy,0.06607773154973984,1781215386.5745895
13763,Metrics/base_velocity/error_vel_xy,0.06748786568641663,1781215693.669719
13807,Metrics/base_velocity/error_vel_xy,0.06865949183702469,1781215998.9552562
13851,Metrics/base_velocity/error_vel_xy,0.06817807257175446,1781216304.1465604
13895,Metrics/base_velocity/error_vel_xy,0.06794922053813934,1781216609.704718
13939,Metrics/base_velocity/error_vel_xy,0.06617297232151031,1781216915.4344223
13983,Metrics/base_velocity/error_vel_xy,0.06611598283052444,1781217219.6971424
14027,Metrics/base_velocity/error_vel_xy,0.06651118397712708,1781217524.4804459
14071,Metrics/base_velocity/error_vel_xy,0.06404933333396912,1781217829.645917
14115,Metrics/base_velocity/error_vel_xy,0.06344769895076752,1781218136.0152504
14159,Metrics/base_velocity/error_vel_xy,0.06392185389995575,1781218440.753126
14203,Metrics/base_velocity/error_vel_xy,0.0650884136557579,1781218745.129373
14247,Metrics/base_velocity/error_vel_xy,0.06402534246444702,1781219046.8140304
14291,Metrics/base_velocity/error_vel_xy,0.06500671803951263,1781219350.9421973
14335,Metrics/base_velocity/error_vel_xy,0.06405037641525269,1781219656.320983
14379,Metrics/base_velocity/error_vel_xy,0.0629035010933876,1781219959.7223241
14423,Metrics/base_velocity/error_vel_xy,0.06401540338993073,1781220264.7275026
14467,Metrics/base_velocity/error_vel_xy,0.06297459453344345,1781220570.7808642
14511,Metrics/base_velocity/error_vel_xy,0.06258335709571838,1781220874.2606668
14555,Metrics/base_velocity/error_vel_xy,0.062468044459819794,1781221179.2890012
14599,Metrics/base_velocity/error_vel_xy,0.0619019940495491,1781221485.6433747
14643,Metrics/base_velocity/error_vel_xy,0.06253551691770554,1781221791.8652744
14687,Metrics/base_velocity/error_vel_xy,0.06252739578485489,1781222097.6412506
14731,Metrics/base_velocity/error_vel_xy,0.06279638409614563,1781222401.0973768
14775,Metrics/base_velocity/error_vel_xy,0.06285292655229568,1781222705.6384225
14819,Metrics/base_velocity/error_vel_xy,0.062317878007888794,1781223011.8753624
14863,Metrics/base_velocity/error_vel_xy,0.061676524579524994,1781223314.9191017
14907,Metrics/base_velocity/error_vel_xy,0.06183887645602226,1781223618.8505824
14951,Metrics/base_velocity/error_vel_xy,0.06505893170833588,1781223920.7190902
14995,Metrics/base_velocity/error_vel_xy,0.06184917688369751,1781224225.505339
15039,Metrics/base_velocity/error_vel_xy,0.06142377853393555,1781224531.206291
15083,Metrics/base_velocity/error_vel_xy,0.06090006232261658,1781224833.4030054
15127,Metrics/base_velocity/error_vel_xy,0.059880342334508896,1781225140.5719814
15171,Metrics/base_velocity/error_vel_xy,0.06054311990737915,1781225444.8716643
15215,Metrics/base_velocity/error_vel_xy,0.06187380477786064,1781225750.1468272
15259,Metrics/base_velocity/error_vel_xy,0.06146232411265373,1781226054.0875008
15303,Metrics/base_velocity/error_vel_xy,0.060687121003866196,1781226358.7276819
15347,Metrics/base_velocity/error_vel_xy,0.061106711626052856,1781226663.6772685
15391,Metrics/base_velocity/error_vel_xy,0.06056506931781769,1781226968.3218853
15435,Metrics/base_velocity/error_vel_xy,0.059798818081617355,1781227269.4612894
15479,Metrics/base_velocity/error_vel_xy,0.060021184384822845,1781227573.1109807
15523,Metrics/base_velocity/error_vel_xy,0.059171997010707855,1781227875.6748922
15567,Metrics/base_velocity/error_vel_xy,0.058845918625593185,1781228178.0192466
15611,Metrics/base_velocity/error_vel_xy,0.058656446635723114,1781228485.0203445
15655,Metrics/base_velocity/error_vel_xy,0.05876077339053154,1781228785.9378335
15699,Metrics/base_velocity/error_vel_xy,0.05808794125914574,1781229090.7729673
15743,Metrics/base_velocity/error_vel_xy,0.06153932958841324,1781229395.4422138
15787,Metrics/base_velocity/error_vel_xy,0.059338655322790146,1781229699.9938214
15831,Metrics/base_velocity/error_vel_xy,0.05901344120502472,1781230004.7719736
15875,Metrics/base_velocity/error_vel_xy,0.05948996543884277,1781230305.8369565
15919,Metrics/base_velocity/error_vel_xy,0.05902537703514099,1781230609.478362
15963,Metrics/base_velocity/error_vel_xy,0.059568267315626144,1781230915.9717898
16007,Metrics/base_velocity/error_vel_xy,0.059134047478437424,1781231218.8102882
16051,Metrics/base_velocity/error_vel_xy,0.058725737035274506,1781231521.912797
16095,Metrics/base_velocity/error_vel_xy,0.058355044573545456,1781231821.6885285
16139,Metrics/base_velocity/error_vel_xy,0.05811534449458122,1781232125.8898947
16183,Metrics/base_velocity/error_vel_xy,0.05917732045054436,1781232429.1061254
16227,Metrics/base_velocity/error_vel_xy,0.057908814400434494,1781232733.840773
16271,Metrics/base_velocity/error_vel_xy,0.057878971099853516,1781233039.9599957
16315,Metrics/base_velocity/error_vel_xy,0.057210057973861694,1781233344.3908894
16359,Metrics/base_velocity/error_vel_xy,0.05884314700961113,1781233644.3290834
16403,Metrics/base_velocity/error_vel_xy,0.05919138342142105,1781233947.6660836
16447,Metrics/base_velocity/error_vel_xy,0.05929615721106529,1781234251.4423144
16491,Metrics/base_velocity/error_vel_xy,0.05818411335349083,1781234557.6481137
16535,Metrics/base_velocity/error_vel_xy,0.05762410908937454,1781234863.63671
16579,Metrics/base_velocity/error_vel_xy,0.058960795402526855,1781235130.5387988
16623,Metrics/base_velocity/error_vel_xy,0.05864370986819267,1781235384.2522957
16667,Metrics/base_velocity/error_vel_xy,0.05834731459617615,1781235648.2912223
16711,Metrics/base_velocity/error_vel_xy,0.05714886635541916,1781235917.9149024
16755,Metrics/base_velocity/error_vel_xy,0.05699917674064636,1781236167.5817392
16799,Metrics/base_velocity/error_vel_xy,0.05755122750997543,1781236415.5679605
16843,Metrics/base_velocity/error_vel_xy,0.05704614147543907,1781236664.4547746
16887,Metrics/base_velocity/error_vel_xy,0.05686253309249878,1781236912.70302
16931,Metrics/base_velocity/error_vel_xy,0.05800532549619675,1781237161.7188857
16975,Metrics/base_velocity/error_vel_xy,0.05742644518613815,1781237410.215022
17019,Metrics/base_velocity/error_vel_xy,0.05718462914228439,1781237661.9873621
17063,Metrics/base_velocity/error_vel_xy,0.05835573002696037,1781237912.573406
17107,Metrics/base_velocity/error_vel_xy,0.05740797519683838,1781238162.7700913
17151,Metrics/base_velocity/error_vel_xy,0.05644313618540764,1781238408.0801923
17195,Metrics/base_velocity/error_vel_xy,0.0568462610244751,1781238653.549589
17239,Metrics/base_velocity/error_vel_xy,0.05650199204683304,1781238904.2101834
17283,Metrics/base_velocity/error_vel_xy,0.05686056613922119,1781239157.13738
17327,Metrics/base_velocity/error_vel_xy,0.057682156562805176,1781239405.1681707
17371,Metrics/base_velocity/error_vel_xy,0.05788123607635498,1781239654.6754062
17415,Metrics/base_velocity/error_vel_xy,0.05705557018518448,1781239901.899225
17459,Metrics/base_velocity/error_vel_xy,0.05689215287566185,1781240147.5320158
17503,Metrics/base_velocity/error_vel_xy,0.05699412524700165,1781240397.1661575
17547,Metrics/base_velocity/error_vel_xy,0.056627191603183746,1781240649.551153
17591,Metrics/base_velocity/error_vel_xy,0.056340716779232025,1781240897.7121408
17635,Metrics/base_velocity/error_vel_xy,0.056509822607040405,1781241147.6780841
17679,Metrics/base_velocity/error_vel_xy,0.05659830570220947,1781241400.0725474
17723,Metrics/base_velocity/error_vel_xy,0.056543342769145966,1781241652.1687338
17767,Metrics/base_velocity/error_vel_xy,0.055817656219005585,1781241902.907469
17811,Metrics/base_velocity/error_vel_xy,0.055612705647945404,1781242152.9411304
17855,Metrics/base_velocity/error_vel_xy,0.05553719401359558,1781242405.3245652
17899,Metrics/base_velocity/error_vel_xy,0.05628359317779541,1781242657.3806252
17943,Metrics/base_velocity/error_vel_xy,0.05675814673304558,1781242908.7195187
17987,Metrics/base_velocity/error_vel_xy,0.05552559345960617,1781243152.7931113
18031,Metrics/base_velocity/error_vel_xy,0.05606621131300926,1781243403.7002838
18075,Metrics/base_velocity/error_vel_xy,0.05588027089834213,1781243654.258971
18119,Metrics/base_velocity/error_vel_xy,0.056457649916410446,1781243929.4438255
18163,Metrics/base_velocity/error_vel_xy,0.055704932659864426,1781244237.1210456
18207,Metrics/base_velocity/error_vel_xy,0.057485803961753845,1781244540.1135945
18251,Metrics/base_velocity/error_vel_xy,0.05512859672307968,1781244848.28643
18295,Metrics/base_velocity/error_vel_xy,0.05492417514324188,1781245155.9912934
18339,Metrics/base_velocity/error_vel_xy,0.05640016496181488,1781245464.430837
18383,Metrics/base_velocity/error_vel_xy,0.05627831444144249,1781245766.8081853
18427,Metrics/base_velocity/error_vel_xy,0.0565473735332489,1781246071.5384479
18471,Metrics/base_velocity/error_vel_xy,0.056174635887145996,1781246381.47276
18515,Metrics/base_velocity/error_vel_xy,0.05550175905227661,1781246689.4732523
18559,Metrics/base_velocity/error_vel_xy,0.055793434381484985,1781246998.7257197
18603,Metrics/base_velocity/error_vel_xy,0.054492320865392685,1781247307.4083116
18647,Metrics/base_velocity/error_vel_xy,0.053532641381025314,1781247665.9520488
18691,Metrics/base_velocity/error_vel_xy,0.053869880735874176,1781248002.703239
18735,Metrics/base_velocity/error_vel_xy,0.05311458930373192,1781248307.9675198
18779,Metrics/base_velocity/error_vel_xy,0.05431103706359863,1781248614.613979
18823,Metrics/base_velocity/error_vel_xy,0.05432388186454773,1781248918.124285
18867,Metrics/base_velocity/error_vel_xy,0.054243266582489014,1781249224.6705399
18911,Metrics/base_velocity/error_vel_xy,0.05431636422872543,1781249529.2668111
18955,Metrics/base_velocity/error_vel_xy,0.05436317250132561,1781249833.2058654
18999,Metrics/base_velocity/error_vel_xy,0.05504472181200981,1781250134.650318
19043,Metrics/base_velocity/error_vel_xy,0.055126141756772995,1781250438.7450209
19087,Metrics/base_velocity/error_vel_xy,0.0548575334250927,1781250744.2050693
19131,Metrics/base_velocity/error_vel_xy,0.05433019995689392,1781251044.8945107
19175,Metrics/base_velocity/error_vel_xy,0.05472847446799278,1781251352.2861273
19219,Metrics/base_velocity/error_vel_xy,0.054005689918994904,1781251658.4287484
19263,Metrics/base_velocity/error_vel_xy,0.05334211140871048,1781251964.402102
19307,Metrics/base_velocity/error_vel_xy,0.05266591161489487,1781252269.671904
19351,Metrics/base_velocity/error_vel_xy,0.05277533829212189,1781252575.1849272
19395,Metrics/base_velocity/error_vel_xy,0.05257823318243027,1781252877.4118962
19439,Metrics/base_velocity/error_vel_xy,0.053467221558094025,1781253180.437622
19483,Metrics/base_velocity/error_vel_xy,0.05296091362833977,1781253485.2496514
19527,Metrics/base_velocity/error_vel_xy,0.053803831338882446,1781253789.8935263
19571,Metrics/base_velocity/error_vel_xy,0.05352001637220383,1781254093.3333714
19615,Metrics/base_velocity/error_vel_xy,0.053108930587768555,1781254396.4193435
19659,Metrics/base_velocity/error_vel_xy,0.05457468330860138,1781254701.3315938
19703,Metrics/base_velocity/error_vel_xy,0.05340160056948662,1781255008.107552
19747,Metrics/base_velocity/error_vel_xy,0.05364444479346275,1781255312.6781764
19791,Metrics/base_velocity/error_vel_xy,0.05366861820220947,1781255616.0309923
19835,Metrics/base_velocity/error_vel_xy,0.05301186442375183,1781255922.4388564
19879,Metrics/base_velocity/error_vel_xy,0.05287186801433563,1781256227.7614074
19923,Metrics/base_velocity/error_vel_xy,0.052876606583595276,1781256533.1036785
19967,Metrics/base_velocity/error_vel_xy,0.05255032703280449,1781256838.1346455
20011,Metrics/base_velocity/error_vel_xy,0.05258631706237793,1781257141.9584107
20055,Metrics/base_velocity/error_vel_xy,0.05249748378992081,1781257442.5028808
20099,Metrics/base_velocity/error_vel_xy,0.05275415629148483,1781257746.3419037
20143,Metrics/base_velocity/error_vel_xy,0.053087443113327026,1781258049.9765036
20187,Metrics/base_velocity/error_vel_xy,0.05322592705488205,1781258352.960765
20231,Metrics/base_velocity/error_vel_xy,0.052761852741241455,1781258655.0317903
20275,Metrics/base_velocity/error_vel_xy,0.05171564221382141,1781258957.3564312
20319,Metrics/base_velocity/error_vel_xy,0.05176246911287308,1781259256.822376
20363,Metrics/base_velocity/error_vel_xy,0.05341487377882004,1781259558.5240507
20407,Metrics/base_velocity/error_vel_xy,0.053295474499464035,1781259864.304972
20451,Metrics/base_velocity/error_vel_xy,0.05335264652967453,1781260168.5588908
20495,Metrics/base_velocity/error_vel_xy,0.054627399891614914,1781260473.0189142
20539,Metrics/base_velocity/error_vel_xy,0.0536254346370697,1781260776.9010136
20583,Metrics/base_velocity/error_vel_xy,0.05418681725859642,1781261081.2847009
20627,Metrics/base_velocity/error_vel_xy,0.053170785307884216,1781261384.0596337
20671,Metrics/base_velocity/error_vel_xy,0.05276945233345032,1781261688.3525736
20715,Metrics/base_velocity/error_vel_xy,0.05363444611430168,1781261991.4319735
20759,Metrics/base_velocity/error_vel_xy,0.053362857550382614,1781262291.919107
20803,Metrics/base_velocity/error_vel_xy,0.05299665778875351,1781262596.4808967
20847,Metrics/base_velocity/error_vel_xy,0.05327179655432701,1781262947.945166
20891,Metrics/base_velocity/error_vel_xy,0.053037047386169434,1781263279.4813123
20935,Metrics/base_velocity/error_vel_xy,0.05325273424386978,1781263583.6660478
20979,Metrics/base_velocity/error_vel_xy,0.053301602602005005,1781263887.973789
21023,Metrics/base_velocity/error_vel_xy,0.053520139306783676,1781264193.4391325
21067,Metrics/base_velocity/error_vel_xy,0.05435292050242424,1781264485.4540682
21111,Metrics/base_velocity/error_vel_xy,0.05401863157749176,1781264745.7519138
21155,Metrics/base_velocity/error_vel_xy,0.053865812718868256,1781264991.2913108
21199,Metrics/base_velocity/error_vel_xy,0.053538694977760315,1781265237.2609775
21243,Metrics/base_velocity/error_vel_xy,0.05307331681251526,1781265483.9023802
21287,Metrics/base_velocity/error_vel_xy,0.05397343635559082,1781265728.494336
21331,Metrics/base_velocity/error_vel_xy,0.054907768964767456,1781265976.9995985
21375,Metrics/base_velocity/error_vel_xy,0.05471913516521454,1781266212.6411452
21419,Metrics/base_velocity/error_vel_xy,0.0530310794711113,1781266459.294434
21463,Metrics/base_velocity/error_vel_xy,0.052394427359104156,1781266707.9020019
21507,Metrics/base_velocity/error_vel_xy,0.0520302876830101,1781266954.3532772
21551,Metrics/base_velocity/error_vel_xy,0.05204202979803085,1781267198.847771
21595,Metrics/base_velocity/error_vel_xy,0.0525825098156929,1781267443.8547533
21639,Metrics/base_velocity/error_vel_xy,0.05286681279540062,1781267688.6483505
21683,Metrics/base_velocity/error_vel_xy,0.051656439900398254,1781267939.0751727
21727,Metrics/base_velocity/error_vel_xy,0.051813721656799316,1781268186.6839657
21771,Metrics/base_velocity/error_vel_xy,0.0512484610080719,1781268450.003318
21815,Metrics/base_velocity/error_vel_xy,0.05216582864522934,1781268698.2777708
21859,Metrics/base_velocity/error_vel_xy,0.05235620588064194,1781268948.6717415
21903,Metrics/base_velocity/error_vel_xy,0.052925851196050644,1781269198.980227
21947,Metrics/base_velocity/error_vel_xy,0.053054358810186386,1781269451.3850102
21991,Metrics/base_velocity/error_vel_xy,0.053058918565511703,1781269700.9191928
22035,Metrics/base_velocity/error_vel_xy,0.05330542474985123,1781269951.0502677
22079,Metrics/base_velocity/error_vel_xy,0.05503898113965988,1781270201.5504553
22123,Metrics/base_velocity/error_vel_xy,0.053313761949539185,1781270451.9621384
22167,Metrics/base_velocity/error_vel_xy,0.052802711725234985,1781270700.7718735
22211,Metrics/base_velocity/error_vel_xy,0.052471503615379333,1781270949.671022
22255,Metrics/base_velocity/error_vel_xy,0.05246942862868309,1781271199.3912327
22299,Metrics/base_velocity/error_vel_xy,0.05185813829302788,1781271445.4159782
22343,Metrics/base_velocity/error_vel_xy,0.05141105875372887,1781271696.203734
22387,Metrics/base_velocity/error_vel_xy,0.050614677369594574,1781271938.918817
22431,Metrics/base_velocity/error_vel_xy,0.05107451602816582,1781272174.3877263
22475,Metrics/base_velocity/error_vel_xy,0.05148500204086304,1781272417.875024
22519,Metrics/base_velocity/error_vel_xy,0.05072929710149765,1781272671.4420152
22563,Metrics/base_velocity/error_vel_xy,0.050239197909832,1781272921.411829
22607,Metrics/base_velocity/error_vel_xy,0.050549041479825974,1781273167.7637515
22651,Metrics/base_velocity/error_vel_xy,0.05033233016729355,1781273416.741686
22695,Metrics/base_velocity/error_vel_xy,0.05093530938029289,1781273673.234455
22739,Metrics/base_velocity/error_vel_xy,0.05075962841510773,1781273929.9851258
22783,Metrics/base_velocity/error_vel_xy,0.050912242382764816,1781274172.8310323
22827,Metrics/base_velocity/error_vel_xy,0.051267631351947784,1781274419.1761823
22871,Metrics/base_velocity/error_vel_xy,0.05178525298833847,1781274672.2595031
22915,Metrics/base_velocity/error_vel_xy,0.052153389900922775,1781274923.826328
22959,Metrics/base_velocity/error_vel_xy,0.05221746116876602,1781275170.186789
23003,Metrics/base_velocity/error_vel_xy,0.05167028307914734,1781275418.7907603
23047,Metrics/base_velocity/error_vel_xy,0.05157000944018364,1781275666.376955
23091,Metrics/base_velocity/error_vel_xy,0.05132260173559189,1781275916.1438963
23135,Metrics/base_velocity/error_vel_xy,0.05133827030658722,1781276165.5236607
23179,Metrics/base_velocity/error_vel_xy,0.05185764282941818,1781276417.2585375
23223,Metrics/base_velocity/error_vel_xy,0.05179010331630707,1781276661.021343
23267,Metrics/base_velocity/error_vel_xy,0.051188405603170395,1781276911.8299923
23311,Metrics/base_velocity/error_vel_xy,0.051326096057891846,1781277162.8262029
23355,Metrics/base_velocity/error_vel_xy,0.05145832151174545,1781277412.494595
23399,Metrics/base_velocity/error_vel_xy,0.05115032196044922,1781277653.6005104
23443,Metrics/base_velocity/error_vel_xy,0.05151137709617615,1781277901.896191
23487,Metrics/base_velocity/error_vel_xy,0.051758285611867905,1781278152.4408436
23531,Metrics/base_velocity/error_vel_xy,0.05167466402053833,1781278403.2059014
23575,Metrics/base_velocity/error_vel_xy,0.052013617008924484,1781278655.1051123
23619,Metrics/base_velocity/error_vel_xy,0.05089268833398819,1781278903.7030733
23663,Metrics/base_velocity/error_vel_xy,0.05006839334964752,1781279155.0525436
23707,Metrics/base_velocity/error_vel_xy,0.050579532980918884,1781279407.1410317
23751,Metrics/base_velocity/error_vel_xy,0.052164994180202484,1781279655.101916
23795,Metrics/base_velocity/error_vel_xy,0.05191924422979355,1781279902.077809
23839,Metrics/base_velocity/error_vel_xy,0.05121248960494995,1781280150.7728562
23883,Metrics/base_velocity/error_vel_xy,0.0519346222281456,1781280399.674041
23927,Metrics/base_velocity/error_vel_xy,0.05161682888865471,1781280646.593847
23971,Metrics/base_velocity/error_vel_xy,0.05131092667579651,1781280897.3947613
24015,Metrics/base_velocity/error_vel_xy,0.050843603909015656,1781281147.6151812
24059,Metrics/base_velocity/error_vel_xy,0.050678666681051254,1781281393.5157504
24103,Metrics/base_velocity/error_vel_xy,0.05036267265677452,1781281644.149539
24147,Metrics/base_velocity/error_vel_xy,0.049929872155189514,1781281895.35865
24191,Metrics/base_velocity/error_vel_xy,0.04970471188426018,1781282144.8749902
24235,Metrics/base_velocity/error_vel_xy,0.050535302609205246,1781282397.7431455
24279,Metrics/base_velocity/error_vel_xy,0.05064707249403,1781282649.700148
24323,Metrics/base_velocity/error_vel_xy,0.04901416227221489,1781282900.7894504
24367,Metrics/base_velocity/error_vel_xy,0.05007409304380417,1781283148.3666213
24411,Metrics/base_velocity/error_vel_xy,0.050465162843465805,1781283400.8634515
24455,Metrics/base_velocity/error_vel_xy,0.05049841105937958,1781283651.7688696
24499,Metrics/base_velocity/error_vel_xy,0.05020167678594589,1781283903.4803126
24543,Metrics/base_velocity/error_vel_xy,0.04975459724664688,1781284154.1574655
24587,Metrics/base_velocity/error_vel_xy,0.049865301698446274,1781284402.8775368
24631,Metrics/base_velocity/error_vel_xy,0.049362264573574066,1781284647.4462838
24675,Metrics/base_velocity/error_vel_xy,0.05000835284590721,1781284897.2421205
24719,Metrics/base_velocity/error_vel_xy,0.050046615302562714,1781285147.8453124
24763,Metrics/base_velocity/error_vel_xy,0.049733929336071014,1781285396.2903152
24807,Metrics/base_velocity/error_vel_xy,0.048981837928295135,1781285646.5648558
24851,Metrics/base_velocity/error_vel_xy,0.0502886101603508,1781285895.211805
24895,Metrics/base_velocity/error_vel_xy,0.0505543127655983,1781286138.7774222
24939,Metrics/base_velocity/error_vel_xy,0.04958629235625267,1781286388.1607766
24983,Metrics/base_velocity/error_vel_xy,0.04944680258631706,1781286636.9234257
25027,Metrics/base_velocity/error_vel_xy,0.050685565918684006,1781286885.9492512
25071,Metrics/base_velocity/error_vel_xy,0.051252227276563644,1781287135.2655127
25115,Metrics/base_velocity/error_vel_xy,0.05025660991668701,1781287380.6736271
25159,Metrics/base_velocity/error_vel_xy,0.049098655581474304,1781287626.9034915
25203,Metrics/base_velocity/error_vel_xy,0.050160959362983704,1781287865.1879857
25247,Metrics/base_velocity/error_vel_xy,0.051256731152534485,1781288113.407858
25291,Metrics/base_velocity/error_vel_xy,0.050382956862449646,1781288363.8844433
25335,Metrics/base_velocity/error_vel_xy,0.050184816122055054,1781288609.9675615
25379,Metrics/base_velocity/error_vel_xy,0.04982884228229523,1781288849.4531271
25423,Metrics/base_velocity/error_vel_xy,0.049548547714948654,1781289098.152621
25467,Metrics/base_velocity/error_vel_xy,0.049934785813093185,1781289347.2956598
25511,Metrics/base_velocity/error_vel_xy,0.04902753233909607,1781289596.841399
25555,Metrics/base_velocity/error_vel_xy,0.04948968440294266,1781289847.6561728
25599,Metrics/base_velocity/error_vel_xy,0.04910007864236832,1781290096.6729803
25643,Metrics/base_velocity/error_vel_xy,0.049160316586494446,1781290346.8549159
25687,Metrics/base_velocity/error_vel_xy,0.048667848110198975,1781290594.5029116
25731,Metrics/base_velocity/error_vel_xy,0.048744864761829376,1781290837.5602727
25775,Metrics/base_velocity/error_vel_xy,0.04907233268022537,1781291081.3402085
25819,Metrics/base_velocity/error_vel_xy,0.04933144152164459,1781291326.282852
25863,Metrics/base_velocity/error_vel_xy,0.04923059791326523,1781291571.6922233
25907,Metrics/base_velocity/error_vel_xy,0.049053024500608444,1781291810.3847103
25951,Metrics/base_velocity/error_vel_xy,0.04952063784003258,1781292059.5786204
25995,Metrics/base_velocity/error_vel_xy,0.049853287637233734,1781292306.4487052
26039,Metrics/base_velocity/error_vel_xy,0.049728959798812866,1781292550.7358558
26083,Metrics/base_velocity/error_vel_xy,0.04995163530111313,1781292800.894516
26127,Metrics/base_velocity/error_vel_xy,0.049542441964149475,1781293046.223539
26171,Metrics/base_velocity/error_vel_xy,0.048590850085020065,1781293293.5585423
26215,Metrics/base_velocity/error_vel_xy,0.04849974066019058,1781293540.2774777
26259,Metrics/base_velocity/error_vel_xy,0.047830261290073395,1781293783.026531
26303,Metrics/base_velocity/error_vel_xy,0.04776861518621445,1781294030.1607525
26347,Metrics/base_velocity/error_vel_xy,0.04743873327970505,1781294279.0351336
26391,Metrics/base_velocity/error_vel_xy,0.0483832061290741,1781294527.4427304
26435,Metrics/base_velocity/error_vel_xy,0.04860015958547592,1781294777.2699041
26479,Metrics/base_velocity/error_vel_xy,0.04953255504369736,1781295022.3293664
26523,Metrics/base_velocity/error_vel_xy,0.0493294820189476,1781295272.0284839
26567,Metrics/base_velocity/error_vel_xy,0.04992493987083435,1781295516.5084872
26611,Metrics/base_velocity/error_vel_xy,0.049586087465286255,1781295760.9954276
26655,Metrics/base_velocity/error_vel_xy,0.04998614639043808,1781295994.0409617
26699,Metrics/base_velocity/error_vel_xy,0.049139492213726044,1781296237.0238595
26743,Metrics/base_velocity/error_vel_xy,0.04884239286184311,1781296478.7752357
26787,Metrics/base_velocity/error_vel_xy,0.0482209138572216,1781296723.4895992
26831,Metrics/base_velocity/error_vel_xy,0.049879953265190125,1781296970.9928637
26875,Metrics/base_velocity/error_vel_xy,0.049552492797374725,1781297219.627213
26919,Metrics/base_velocity/error_vel_xy,0.04794265329837799,1781297466.078655
26963,Metrics/base_velocity/error_vel_xy,0.04809486120939255,1781297714.6936102
27007,Metrics/base_velocity/error_vel_xy,0.04752545803785324,1781297961.7584898
27051,Metrics/base_velocity/error_vel_xy,0.04713822901248932,1781298209.9757156
27095,Metrics/base_velocity/error_vel_xy,0.04767034202814102,1781298458.968847
27139,Metrics/base_velocity/error_vel_xy,0.0483146607875824,1781298707.199548
27183,Metrics/base_velocity/error_vel_xy,0.0486912727355957,1781298952.2145221
27227,Metrics/base_velocity/error_vel_xy,0.04814375564455986,1781299200.2022386
27271,Metrics/base_velocity/error_vel_xy,0.0479501411318779,1781299448.9664319
27315,Metrics/base_velocity/error_vel_xy,0.04783669859170914,1781299695.1390781
27359,Metrics/base_velocity/error_vel_xy,0.048392392694950104,1781299942.0071306
27403,Metrics/base_velocity/error_vel_xy,0.048116713762283325,1781300184.5431468
27447,Metrics/base_velocity/error_vel_xy,0.0479331836104393,1781300431.9412434
27491,Metrics/base_velocity/error_vel_xy,0.047849200665950775,1781300680.0649996
27535,Metrics/base_velocity/error_vel_xy,0.0473543182015419,1781300928.1751478
27579,Metrics/base_velocity/error_vel_xy,0.04629991576075554,1781301174.2931085
27623,Metrics/base_velocity/error_vel_xy,0.04671362042427063,1781301421.310023
27667,Metrics/base_velocity/error_vel_xy,0.04905503988265991,1781301668.9254396
27711,Metrics/base_velocity/error_vel_xy,0.04814467951655388,1781301916.5525074
27755,Metrics/base_velocity/error_vel_xy,0.048153772950172424,1781302161.9997063
27799,Metrics/base_velocity/error_vel_xy,0.048090748488903046,1781302411.425369
27843,Metrics/base_velocity/error_vel_xy,0.0477144829928875,1781302660.7555745
27887,Metrics/base_velocity/error_vel_xy,0.04748452827334404,1781302910.3228226
27931,Metrics/base_velocity/error_vel_xy,0.04818999767303467,1781303158.73635
27975,Metrics/base_velocity/error_vel_xy,0.047940146178007126,1781303407.0126724
28019,Metrics/base_velocity/error_vel_xy,0.04855022951960564,1781303656.010758
28063,Metrics/base_velocity/error_vel_xy,0.04888303205370903,1781303905.1224482
28107,Metrics/base_velocity/error_vel_xy,0.049260061234235764,1781304153.2686915
28151,Metrics/base_velocity/error_vel_xy,0.04916556924581528,1781304399.225627
28195,Metrics/base_velocity/error_vel_xy,0.049652453511953354,1781304646.8746667
28239,Metrics/base_velocity/error_vel_xy,0.04895707219839096,1781304881.5784457
28283,Metrics/base_velocity/error_vel_xy,0.04812879487872124,1781305087.6074283
28327,Metrics/base_velocity/error_vel_xy,0.048113346099853516,1781305292.0046158
28371,Metrics/base_velocity/error_vel_xy,0.04833677411079407,1781305497.9742057
28415,Metrics/base_velocity/error_vel_xy,0.04781893640756607,1781305705.2396472
28459,Metrics/base_velocity/error_vel_xy,0.047428928315639496,1781305912.3018959
28503,Metrics/base_velocity/error_vel_xy,0.047103118151426315,1781306118.9401665
28547,Metrics/base_velocity/error_vel_xy,0.04791607707738876,1781306325.1623347
28591,Metrics/base_velocity/error_vel_xy,0.04805557429790497,1781306533.618149
28635,Metrics/base_velocity/error_vel_xy,0.04868132621049881,1781306739.3044662
28679,Metrics/base_velocity/error_vel_xy,0.04886215180158615,1781306945.9801986
28723,Metrics/base_velocity/error_vel_xy,0.04903478920459747,1781307153.3256407
28767,Metrics/base_velocity/error_vel_xy,0.04887406527996063,1781307360.8722572
28811,Metrics/base_velocity/error_vel_xy,0.047852471470832825,1781307567.4121087
28855,Metrics/base_velocity/error_vel_xy,0.04744971916079521,1781307773.8595853
28899,Metrics/base_velocity/error_vel_xy,0.04619137570261955,1781307978.9411445
28943,Metrics/base_velocity/error_vel_xy,0.04634648561477661,1781308185.2840378
28987,Metrics/base_velocity/error_vel_xy,0.04580160975456238,1781308390.3426745
29031,Metrics/base_velocity/error_vel_xy,0.04786105081439018,1781308596.5848093
29075,Metrics/base_velocity/error_vel_xy,0.04710204154253006,1781308802.1599383
29119,Metrics/base_velocity/error_vel_xy,0.047864146530628204,1781309008.8573787
29163,Metrics/base_velocity/error_vel_xy,0.04744531214237213,1781309214.3276517
29207,Metrics/base_velocity/error_vel_xy,0.04831269383430481,1781309419.2289045
29251,Metrics/base_velocity/error_vel_xy,0.04838714003562927,1781309624.7363663
29295,Metrics/base_velocity/error_vel_xy,0.049194615334272385,1781309829.787726
29339,Metrics/base_velocity/error_vel_xy,0.048677586019039154,1781310034.3918338
29383,Metrics/base_velocity/error_vel_xy,0.0483243390917778,1781310239.8634448
29427,Metrics/base_velocity/error_vel_xy,0.04783008620142937,1781310445.9406142
29471,Metrics/base_velocity/error_vel_xy,0.04816550016403198,1781310650.4932823
29515,Metrics/base_velocity/error_vel_xy,0.04841461777687073,1781310855.0945783
29559,Metrics/base_velocity/error_vel_xy,0.04820796102285385,1781311059.5973592
29603,Metrics/base_velocity/error_vel_xy,0.047325339168310165,1781311265.2433722
29647,Metrics/base_velocity/error_vel_xy,0.047967445105314255,1781311471.2721906
29691,Metrics/base_velocity/error_vel_xy,0.0488227903842926,1781311675.276459
29735,Metrics/base_velocity/error_vel_xy,0.04880906268954277,1781311882.0321965
29779,Metrics/base_velocity/error_vel_xy,0.049268655478954315,1781312086.9454157
29823,Metrics/base_velocity/error_vel_xy,0.04812944680452347,1781312293.0000913
29867,Metrics/base_velocity/error_vel_xy,0.04826520010828972,1781312498.3744485
29911,Metrics/base_velocity/error_vel_xy,0.04829196631908417,1781312704.1827123
29955,Metrics/base_velocity/error_vel_xy,0.04868203401565552,1781312909.523279
29999,Metrics/base_velocity/error_vel_xy,0.049406569451093674,1781313113.981135
30043,Metrics/base_velocity/error_vel_xy,0.0483403317630291,1781313318.35458
30087,Metrics/base_velocity/error_vel_xy,0.048834677785634995,1781313524.1720414
30131,Metrics/base_velocity/error_vel_xy,0.04798605293035507,1781313729.1648984
30175,Metrics/base_velocity/error_vel_xy,0.04862157255411148,1781313933.873084
30219,Metrics/base_velocity/error_vel_xy,0.04805216193199158,1781314138.6451676
30263,Metrics/base_velocity/error_vel_xy,0.04829531908035278,1781314343.7961152
30307,Metrics/base_velocity/error_vel_xy,0.04847125709056854,1781314548.1420918
30351,Metrics/base_velocity/error_vel_xy,0.04842078313231468,1781314754.1775658
30395,Metrics/base_velocity/error_vel_xy,0.04897388070821762,1781314960.981035
30439,Metrics/base_velocity/error_vel_xy,0.04814014956355095,1781315165.7367206
30483,Metrics/base_velocity/error_vel_xy,0.047477275133132935,1781315372.2966118
30527,Metrics/base_velocity/error_vel_xy,0.04751577973365784,1781315578.6562963
30571,Metrics/base_velocity/error_vel_xy,0.04794865846633911,1781315784.317546
30615,Metrics/base_velocity/error_vel_xy,0.04756078124046326,1781315989.9055383
30659,Metrics/base_velocity/error_vel_xy,0.048094913363456726,1781316195.445531
30703,Metrics/base_velocity/error_vel_xy,0.0475299134850502,1781316402.9967828
30747,Metrics/base_velocity/error_vel_xy,0.04789740964770317,1781316609.5766804
30791,Metrics/base_velocity/error_vel_xy,0.04792792350053787,1781316815.566818
30835,Metrics/base_velocity/error_vel_xy,0.048106562346220016,1781317021.9945614
30879,Metrics/base_velocity/error_vel_xy,0.04781210422515869,1781317229.000707
30923,Metrics/base_velocity/error_vel_xy,0.04769393801689148,1781317435.9825797
30967,Metrics/base_velocity/error_vel_xy,0.04810503125190735,1781317641.9581513
31011,Metrics/base_velocity/error_vel_xy,0.04745498299598694,1781317847.2461548
31055,Metrics/base_velocity/error_vel_xy,0.04728762432932854,1781318054.4577472
31099,Metrics/base_velocity/error_vel_xy,0.04806941747665405,1781318260.6002302
31143,Metrics/base_velocity/error_vel_xy,0.04792478308081627,1781318467.487442
31187,Metrics/base_velocity/error_vel_xy,0.048229049891233444,1781318673.8158944
31231,Metrics/base_velocity/error_vel_xy,0.04840969294309616,1781318879.5477173
31275,Metrics/base_velocity/error_vel_xy,0.047347526997327805,1781319084.8627713
31319,Metrics/base_velocity/error_vel_xy,0.04766751825809479,1781319290.8694725
31363,Metrics/base_velocity/error_vel_xy,0.046827297657728195,1781319497.410096
31407,Metrics/base_velocity/error_vel_xy,0.04757926985621452,1781319703.1763237
31451,Metrics/base_velocity/error_vel_xy,0.04788874834775925,1781319908.317907
31495,Metrics/base_velocity/error_vel_xy,0.04712752252817154,1781320114.1615314
31539,Metrics/base_velocity/error_vel_xy,0.04791436716914177,1781320321.066367
31583,Metrics/base_velocity/error_vel_xy,0.04898527264595032,1781320526.7723887
31627,Metrics/base_velocity/error_vel_xy,0.04787224531173706,1781320733.9860482
31671,Metrics/base_velocity/error_vel_xy,0.048309892416000366,1781320940.4152613
31715,Metrics/base_velocity/error_vel_xy,0.04847976565361023,1781321147.1176486
31759,Metrics/base_velocity/error_vel_xy,0.048836514353752136,1781321354.2050476
31803,Metrics/base_velocity/error_vel_xy,0.04864351078867912,1781321561.1273873
31847,Metrics/base_velocity/error_vel_xy,0.04917434975504875,1781321765.9271505
31891,Metrics/base_velocity/error_vel_xy,0.04832519590854645,1781321972.2187953
31935,Metrics/base_velocity/error_vel_xy,0.04791579768061638,1781322178.279318
31979,Metrics/base_velocity/error_vel_xy,0.04847905784845352,1781322384.1807933
32023,Metrics/base_velocity/error_vel_xy,0.048898957669734955,1781322590.4781485
32067,Metrics/base_velocity/error_vel_xy,0.04842212796211243,1781322795.1936953
32111,Metrics/base_velocity/error_vel_xy,0.04768481105566025,1781323001.4716666
32155,Metrics/base_velocity/error_vel_xy,0.04894072934985161,1781323207.3106174
32199,Metrics/base_velocity/error_vel_xy,0.048735059797763824,1781323413.762149
32243,Metrics/base_velocity/error_vel_xy,0.04878748953342438,1781323620.74672
32287,Metrics/base_velocity/error_vel_xy,0.04878087341785431,1781323826.2701879
32331,Metrics/base_velocity/error_vel_xy,0.04770690202713013,1781324032.9573863
32375,Metrics/base_velocity/error_vel_xy,0.04736561328172684,1781324238.6368885
32419,Metrics/base_velocity/error_vel_xy,0.0475044809281826,1781324443.5984433
32463,Metrics/base_velocity/error_vel_xy,0.04775315523147583,1781324649.0775084
32507,Metrics/base_velocity/error_vel_xy,0.0475551038980484,1781324856.7804728
32551,Metrics/base_velocity/error_vel_xy,0.047787927091121674,1781325061.6885405
32595,Metrics/base_velocity/error_vel_xy,0.04808927699923515,1781325267.5191107
32639,Metrics/base_velocity/error_vel_xy,0.04722050949931145,1781325473.436626
32683,Metrics/base_velocity/error_vel_xy,0.04725147411227226,1781325678.4949565
32727,Metrics/base_velocity/error_vel_xy,0.047149501740932465,1781325885.0981045
32771,Metrics/base_velocity/error_vel_xy,0.047284435480833054,1781326090.7955775
32815,Metrics/base_velocity/error_vel_xy,0.04799948260188103,1781326297.835685
32859,Metrics/base_velocity/error_vel_xy,0.046952709555625916,1781326503.136704
32903,Metrics/base_velocity/error_vel_xy,0.04718777537345886,1781326707.189249
32947,Metrics/base_velocity/error_vel_xy,0.04677490517497063,1781326913.0638096
32991,Metrics/base_velocity/error_vel_xy,0.04747051000595093,1781327120.4233742
33035,Metrics/base_velocity/error_vel_xy,0.04723251983523369,1781327327.1310613
33079,Metrics/base_velocity/error_vel_xy,0.04667089506983757,1781327542.9538217
33123,Metrics/base_velocity/error_vel_xy,0.04830522462725639,1781327752.7973237
33167,Metrics/base_velocity/error_vel_xy,0.04773484170436859,1781327959.8510842
33211,Metrics/base_velocity/error_vel_xy,0.04744398593902588,1781328166.3018937
33255,Metrics/base_velocity/error_vel_xy,0.04778759181499481,1781328372.4869456
33299,Metrics/base_velocity/error_vel_xy,0.047323279082775116,1781328578.2187126
33343,Metrics/base_velocity/error_vel_xy,0.04723023623228073,1781328783.726819
33387,Metrics/base_velocity/error_vel_xy,0.047113075852394104,1781328988.6350784
33431,Metrics/base_velocity/error_vel_xy,0.04718571901321411,1781329194.383541
33475,Metrics/base_velocity/error_vel_xy,0.047009192407131195,1781329399.5473976
33519,Metrics/base_velocity/error_vel_xy,0.04726354032754898,1781329604.8718421
33563,Metrics/base_velocity/error_vel_xy,0.04648229479789734,1781329808.5519662
33607,Metrics/base_velocity/error_vel_xy,0.04666898772120476,1781330012.7255304
33651,Metrics/base_velocity/error_vel_xy,0.0463891439139843,1781330218.4501827
33695,Metrics/base_velocity/error_vel_xy,0.047065820544958115,1781330424.078892
33739,Metrics/base_velocity/error_vel_xy,0.046643465757369995,1781330629.034283
33783,Metrics/base_velocity/error_vel_xy,0.04728004336357117,1781330833.4773312
33827,Metrics/base_velocity/error_vel_xy,0.04786800593137741,1781331039.9166348
33871,Metrics/base_velocity/error_vel_xy,0.04743218421936035,1781331244.8827012
33915,Metrics/base_velocity/error_vel_xy,0.04873720929026604,1781331451.2935605
33959,Metrics/base_velocity/error_vel_xy,0.04712395370006561,1781331657.181599
34003,Metrics/base_velocity/error_vel_xy,0.04659128189086914,1781331863.724457
34047,Metrics/base_velocity/error_vel_xy,0.04722443222999573,1781332068.3925338
34091,Metrics/base_velocity/error_vel_xy,0.04643772542476654,1781332274.65654
34135,Metrics/base_velocity/error_vel_xy,0.04661993309855461,1781332479.4306345
34179,Metrics/base_velocity/error_vel_xy,0.04731128737330437,1781332685.2190495
34223,Metrics/base_velocity/error_vel_xy,0.04714147001504898,1781332890.406862
34267,Metrics/base_velocity/error_vel_xy,0.047023992985486984,1781333096.0891569
34311,Metrics/base_velocity/error_vel_xy,0.04723089188337326,1781333301.8380358
34355,Metrics/base_velocity/error_vel_xy,0.04721514508128166,1781333507.9101417
34399,Metrics/base_velocity/error_vel_xy,0.04732508212327957,1781333714.4341824
34443,Metrics/base_velocity/error_vel_xy,0.04758639261126518,1781333920.7861748
34487,Metrics/base_velocity/error_vel_xy,0.048344459384679794,1781334125.7530177
34531,Metrics/base_velocity/error_vel_xy,0.04665425419807434,1781334330.2914135
34575,Metrics/base_velocity/error_vel_xy,0.048107605427503586,1781334535.6838553
34619,Metrics/base_velocity/error_vel_xy,0.0462302528321743,1781334742.1296084
34663,Metrics/base_velocity/error_vel_xy,0.04744059965014458,1781334946.0936894
34707,Metrics/base_velocity/error_vel_xy,0.04818463325500488,1781335151.3722892
34751,Metrics/base_velocity/error_vel_xy,0.04697480425238609,1781335357.2460303
34795,Metrics/base_velocity/error_vel_xy,0.04730823636054993,1781335563.099471
34839,Metrics/base_velocity/error_vel_xy,0.04729904979467392,1781335769.726634
34883,Metrics/base_velocity/error_vel_xy,0.048054080456495285,1781335975.7625828
34927,Metrics/base_velocity/error_vel_xy,0.04811128228902817,1781336182.4909954
34971,Metrics/base_velocity/error_vel_xy,0.0483347624540329,1781336388.8419278
35015,Metrics/base_velocity/error_vel_xy,0.047106802463531494,1781336593.9764624
35059,Metrics/base_velocity/error_vel_xy,0.04765428230166435,1781336800.2810993
35103,Metrics/base_velocity/error_vel_xy,0.0486263744533062,1781337005.5717545
35147,Metrics/base_velocity/error_vel_xy,0.04824480414390564,1781337210.7420418
35191,Metrics/base_velocity/error_vel_xy,0.04750650376081467,1781337415.2262585
35235,Metrics/base_velocity/error_vel_xy,0.0471159927546978,1781337620.2530298
35279,Metrics/base_velocity/error_vel_xy,0.04579116031527519,1781337826.2562048
35323,Metrics/base_velocity/error_vel_xy,0.04654565081000328,1781338032.9330301
35367,Metrics/base_velocity/error_vel_xy,0.04712654650211334,1781338238.1235712
35411,Metrics/base_velocity/error_vel_xy,0.04718045890331268,1781338443.6467683
35455,Metrics/base_velocity/error_vel_xy,0.04642784595489502,1781338650.114405
35499,Metrics/base_velocity/error_vel_xy,0.046005986630916595,1781338854.9772632
35543,Metrics/base_velocity/error_vel_xy,0.04699205607175827,1781339060.9036164
35587,Metrics/base_velocity/error_vel_xy,0.04738900065422058,1781339266.7027347
35631,Metrics/base_velocity/error_vel_xy,0.04774672910571098,1781339471.8299344
35675,Metrics/base_velocity/error_vel_xy,0.04677896946668625,1781339676.363245
35719,Metrics/base_velocity/error_vel_xy,0.0464591383934021,1781339882.069725
35763,Metrics/base_velocity/error_vel_xy,0.046217065304517746,1781340087.3033314
35807,Metrics/base_velocity/error_vel_xy,0.04627985507249832,1781340293.2816737
35851,Metrics/base_velocity/error_vel_xy,0.04731547832489014,1781340499.29644
35895,Metrics/base_velocity/error_vel_xy,0.04683515056967735,1781340705.407698
35939,Metrics/base_velocity/error_vel_xy,0.047531407326459885,1781340910.4212685
35983,Metrics/base_velocity/error_vel_xy,0.04692661389708519,1781341117.3981664
36027,Metrics/base_velocity/error_vel_xy,0.04660993069410324,1781341323.361011
36071,Metrics/base_velocity/error_vel_xy,0.04689371585845947,1781341529.059347
36115,Metrics/base_velocity/error_vel_xy,0.047448813915252686,1781341734.8580065
36159,Metrics/base_velocity/error_vel_xy,0.04674464464187622,1781341940.9281566
36203,Metrics/base_velocity/error_vel_xy,0.046963803470134735,1781342146.3793898
36247,Metrics/base_velocity/error_vel_xy,0.047134071588516235,1781342351.7459846
36291,Metrics/base_velocity/error_vel_xy,0.04668185114860535,1781342556.0177886
36335,Metrics/base_velocity/error_vel_xy,0.04791036248207092,1781342760.6115046
36379,Metrics/base_velocity/error_vel_xy,0.04906617850065231,1781342966.640473
36423,Metrics/base_velocity/error_vel_xy,0.048296213150024414,1781343172.203435
36467,Metrics/base_velocity/error_vel_xy,0.04829847067594528,1781343377.9487584
36511,Metrics/base_velocity/error_vel_xy,0.04820924252271652,1781343585.6117404
36555,Metrics/base_velocity/error_vel_xy,0.04806188866496086,1781343791.9514832
36599,Metrics/base_velocity/error_vel_xy,0.04784425348043442,1781343999.0628242
36643,Metrics/base_velocity/error_vel_xy,0.04813177511096001,1781344205.7083936
36687,Metrics/base_velocity/error_vel_xy,0.04814205318689346,1781344411.051377
36731,Metrics/base_velocity/error_vel_xy,0.04807373508810997,1781344616.134326
36775,Metrics/base_velocity/error_vel_xy,0.04766435548663139,1781344819.6327832
36819,Metrics/base_velocity/error_vel_xy,0.047723881900310516,1781345024.816994
36863,Metrics/base_velocity/error_vel_xy,0.049260299652814865,1781345230.0765495
36907,Metrics/base_velocity/error_vel_xy,0.04794871807098389,1781345435.1409483
36951,Metrics/base_velocity/error_vel_xy,0.04739340394735336,1781345639.947933
36995,Metrics/base_velocity/error_vel_xy,0.047476865351200104,1781345845.0419424
37039,Metrics/base_velocity/error_vel_xy,0.048471398651599884,1781346050.7754836
37083,Metrics/base_velocity/error_vel_xy,0.04714266210794449,1781346257.9369638
37127,Metrics/base_velocity/error_vel_xy,0.0485445111989975,1781346464.8740273
37171,Metrics/base_velocity/error_vel_xy,0.04928835481405258,1781346671.3555355
37215,Metrics/base_velocity/error_vel_xy,0.04862771928310394,1781346876.8625824
37259,Metrics/base_velocity/error_vel_xy,0.04801034554839134,1781347084.1454
37303,Metrics/base_velocity/error_vel_xy,0.04720655828714371,1781347289.3789058
37347,Metrics/base_velocity/error_vel_xy,0.047609589993953705,1781347494.4211679
37391,Metrics/base_velocity/error_vel_xy,0.04727594181895256,1781347700.5713174
37435,Metrics/base_velocity/error_vel_xy,0.047641657292842865,1781347906.4074671
37479,Metrics/base_velocity/error_vel_xy,0.04831680655479431,1781348112.7430074
37523,Metrics/base_velocity/error_vel_xy,0.047813381999731064,1781348318.411576
37567,Metrics/base_velocity/error_vel_xy,0.04777497053146362,1781348523.9971688
37611,Metrics/base_velocity/error_vel_xy,0.047653257846832275,1781348730.7987356
37655,Metrics/base_velocity/error_vel_xy,0.04711536690592766,1781348935.7325273
37699,Metrics/base_velocity/error_vel_xy,0.04591450095176697,1781349142.3030403
37743,Metrics/base_velocity/error_vel_xy,0.046832095831632614,1781349347.681594
37787,Metrics/base_velocity/error_vel_xy,0.048335276544094086,1781349553.1856315
37831,Metrics/base_velocity/error_vel_xy,0.04750540107488632,1781349759.9482374
37875,Metrics/base_velocity/error_vel_xy,0.0480479970574379,1781349966.7062025
37919,Metrics/base_velocity/error_vel_xy,0.04821814224123955,1781350174.3678935
37963,Metrics/base_velocity/error_vel_xy,0.046572133898735046,1781350374.4999592
38007,Metrics/base_velocity/error_vel_xy,0.047723304480314255,1781350577.6332467
38051,Metrics/base_velocity/error_vel_xy,0.04731858894228935,1781350783.7372074
38095,Metrics/base_velocity/error_vel_xy,0.047334328293800354,1781350987.2661247
38139,Metrics/base_velocity/error_vel_xy,0.04751947149634361,1781351193.76142
38183,Metrics/base_velocity/error_vel_xy,0.0465705506503582,1781351399.8674273
38227,Metrics/base_velocity/error_vel_xy,0.04647750407457352,1781351607.025139
38271,Metrics/base_velocity/error_vel_xy,0.04612794145941734,1781351814.404026
38315,Metrics/base_velocity/error_vel_xy,0.04648267477750778,1781352020.699709
38359,Metrics/base_velocity/error_vel_xy,0.046067528426647186,1781352226.5832229
38403,Metrics/base_velocity/error_vel_xy,0.04643922299146652,1781352433.8213103
38447,Metrics/base_velocity/error_vel_xy,0.04624791070818901,1781352641.062391
38491,Metrics/base_velocity/error_vel_xy,0.04548326134681702,1781352846.1489203
38535,Metrics/base_velocity/error_vel_xy,0.04602881520986557,1781353050.9011335
38579,Metrics/base_velocity/error_vel_xy,0.046310193836688995,1781353254.065766
38623,Metrics/base_velocity/error_vel_xy,0.0467878133058548,1781353460.0015
38667,Metrics/base_velocity/error_vel_xy,0.04669402539730072,1781353665.131181
38711,Metrics/base_velocity/error_vel_xy,0.04645951837301254,1781353871.3895307
38755,Metrics/base_velocity/error_vel_xy,0.046530064195394516,1781354077.3632803
38799,Metrics/base_velocity/error_vel_xy,0.04622666537761688,1781354284.9213343
38843,Metrics/base_velocity/error_vel_xy,0.04637885093688965,1781354491.6810918
38887,Metrics/base_velocity/error_vel_xy,0.04570835828781128,1781354700.2277527
38931,Metrics/base_velocity/error_vel_xy,0.04656928777694702,1781354907.622925
38975,Metrics/base_velocity/error_vel_xy,0.04755738377571106,1781355113.8269908
39019,Metrics/base_velocity/error_vel_xy,0.04670048505067825,1781355320.636203
39063,Metrics/base_velocity/error_vel_xy,0.04677468165755272,1781355529.0154238
39107,Metrics/base_velocity/error_vel_xy,0.047184668481349945,1781355735.3754158
39151,Metrics/base_velocity/error_vel_xy,0.04700816795229912,1781355941.3905904
39195,Metrics/base_velocity/error_vel_xy,0.046339940279722214,1781356147.6566784
39239,Metrics/base_velocity/error_vel_xy,0.046391990035772324,1781356354.4565983
39283,Metrics/base_velocity/error_vel_xy,0.0467258021235466,1781356561.888748
39327,Metrics/base_velocity/error_vel_xy,0.047133199870586395,1781356768.6481192
39371,Metrics/base_velocity/error_vel_xy,0.046228837221860886,1781356975.3435378
39415,Metrics/base_velocity/error_vel_xy,0.04663407802581787,1781357181.5543432
39459,Metrics/base_velocity/error_vel_xy,0.046172164380550385,1781357387.5735242
39503,Metrics/base_velocity/error_vel_xy,0.04582744091749191,1781357594.9249692
39547,Metrics/base_velocity/error_vel_xy,0.04732586443424225,1781357801.7625065
39591,Metrics/base_velocity/error_vel_xy,0.04803652688860893,1781358008.2828798
39635,Metrics/base_velocity/error_vel_xy,0.04731942340731621,1781358214.7841632
39679,Metrics/base_velocity/error_vel_xy,0.047443728893995285,1781358421.9588933
39723,Metrics/base_velocity/error_vel_xy,0.047321617603302,1781358627.7976308
39767,Metrics/base_velocity/error_vel_xy,0.04805370420217514,1781358833.1317623
39811,Metrics/base_velocity/error_vel_xy,0.04730049893260002,1781359026.9670396
39855,Metrics/base_velocity/error_vel_xy,0.04888305068016052,1781359233.2436552
39899,Metrics/base_velocity/error_vel_xy,0.04751317948102951,1781359440.5600386
39943,Metrics/base_velocity/error_vel_xy,0.04747467860579491,1781359648.0981185
39987,Metrics/base_velocity/error_vel_xy,0.04677772521972656,1781359856.2956808
40031,Metrics/base_velocity/error_vel_xy,0.04704222083091736,1781360060.1393313
40075,Metrics/base_velocity/error_vel_xy,0.04650476202368736,1781360263.291538
40119,Metrics/base_velocity/error_vel_xy,0.046994827687740326,1781360470.6508498
40163,Metrics/base_velocity/error_vel_xy,0.04714209958910942,1781360677.1610398
40207,Metrics/base_velocity/error_vel_xy,0.048671722412109375,1781360884.23862
40251,Metrics/base_velocity/error_vel_xy,0.046893760561943054,1781361091.4132652
40295,Metrics/base_velocity/error_vel_xy,0.045983605086803436,1781361298.119986
40339,Metrics/base_velocity/error_vel_xy,0.0468594953417778,1781361505.5861893
40383,Metrics/base_velocity/error_vel_xy,0.046108245849609375,1781361712.499938
40427,Metrics/base_velocity/error_vel_xy,0.04654611274600029,1781361919.545965
40471,Metrics/base_velocity/error_vel_xy,0.04613576456904411,1781362126.451766
40515,Metrics/base_velocity/error_vel_xy,0.04631912708282471,1781362333.4029827
40559,Metrics/base_velocity/error_vel_xy,0.04721549153327942,1781362539.7784271
40603,Metrics/base_velocity/error_vel_xy,0.046783071011304855,1781362745.4981296
40647,Metrics/base_velocity/error_vel_xy,0.04617562144994736,1781362951.9594138
40691,Metrics/base_velocity/error_vel_xy,0.04578234255313873,1781363157.8568873
40735,Metrics/base_velocity/error_vel_xy,0.0457930788397789,1781363363.6291716
40779,Metrics/base_velocity/error_vel_xy,0.04636472091078758,1781363569.3065834
40823,Metrics/base_velocity/error_vel_xy,0.04611379653215408,1781363774.5466452
40867,Metrics/base_velocity/error_vel_xy,0.04669643193483353,1781363981.373504
40911,Metrics/base_velocity/error_vel_xy,0.046929605305194855,1781364187.7015352
40955,Metrics/base_velocity/error_vel_xy,0.04651860520243645,1781364394.3110223
40999,Metrics/base_velocity/error_vel_xy,0.045786358416080475,1781364601.3745108
41043,Metrics/base_velocity/error_vel_xy,0.04700727388262749,1781364807.2026587
41087,Metrics/base_velocity/error_vel_xy,0.048111021518707275,1781365014.0607586
41131,Metrics/base_velocity/error_vel_xy,0.04868010804057121,1781365219.8941767
41175,Metrics/base_velocity/error_vel_xy,0.0478973388671875,1781365428.1166127
41219,Metrics/base_velocity/error_vel_xy,0.047112178057432175,1781365634.963632
41263,Metrics/base_velocity/error_vel_xy,0.047141075134277344,1781365841.2333488
41307,Metrics/base_velocity/error_vel_xy,0.04685601219534874,1781366049.3920689
41351,Metrics/base_velocity/error_vel_xy,0.04577202722430229,1781366256.831745
41395,Metrics/base_velocity/error_vel_xy,0.0462874136865139,1781366462.7537823
41439,Metrics/base_velocity/error_vel_xy,0.047072093933820724,1781366668.5821097
41483,Metrics/base_velocity/error_vel_xy,0.04697025939822197,1781366875.5120888
41527,Metrics/base_velocity/error_vel_xy,0.04668239876627922,1781367081.1523843
41571,Metrics/base_velocity/error_vel_xy,0.04663603752851486,1781367287.729633
41615,Metrics/base_velocity/error_vel_xy,0.04736713692545891,1781367495.6446347
41659,Metrics/base_velocity/error_vel_xy,0.04699389263987541,1781367702.7465994
41703,Metrics/base_velocity/error_vel_xy,0.04708337038755417,1781367910.782017
41747,Metrics/base_velocity/error_vel_xy,0.045680634677410126,1781368118.2453089
41791,Metrics/base_velocity/error_vel_xy,0.046746622771024704,1781368325.0802364
41835,Metrics/base_velocity/error_vel_xy,0.045834895223379135,1781368531.489154
41879,Metrics/base_velocity/error_vel_xy,0.04564069211483002,1781368738.984207
41923,Metrics/base_velocity/error_vel_xy,0.04683053493499756,1781368945.8364162
41967,Metrics/base_velocity/error_vel_xy,0.045414142310619354,1781369152.9835615
42011,Metrics/base_velocity/error_vel_xy,0.04552888497710228,1781369360.9728723
42055,Metrics/base_velocity/error_vel_xy,0.0461779348552227,1781369568.799005
42099,Metrics/base_velocity/error_vel_xy,0.04634068161249161,1781369776.3611827
42143,Metrics/base_velocity/error_vel_xy,0.045571740716695786,1781369983.163594
42187,Metrics/base_velocity/error_vel_xy,0.04534703493118286,1781370189.1208758
42231,Metrics/base_velocity/error_vel_xy,0.045017309486866,1781370392.2775545
42275,Metrics/base_velocity/error_vel_xy,0.044407397508621216,1781370599.6449249
42319,Metrics/base_velocity/error_vel_xy,0.044944506138563156,1781370805.916439
42363,Metrics/base_velocity/error_vel_xy,0.045042168349027634,1781371013.5175734
42407,Metrics/base_velocity/error_vel_xy,0.04499604552984238,1781371220.0784643
42451,Metrics/base_velocity/error_vel_xy,0.045378413051366806,1781371425.8804326
42495,Metrics/base_velocity/error_vel_xy,0.04620414972305298,1781371632.2565625
42539,Metrics/base_velocity/error_vel_xy,0.04734646528959274,1781371837.658766
42583,Metrics/base_velocity/error_vel_xy,0.04612525925040245,1781372043.6695154
42627,Metrics/base_velocity/error_vel_xy,0.04678387939929962,1781372251.22658
42671,Metrics/base_velocity/error_vel_xy,0.046476420015096664,1781372456.5184832
42715,Metrics/base_velocity/error_vel_xy,0.04605953022837639,1781372663.3912528
42759,Metrics/base_velocity/error_vel_xy,0.04589471220970154,1781372870.8908155
42803,Metrics/base_velocity/error_vel_xy,0.04618377611041069,1781373078.4104006
42847,Metrics/base_velocity/error_vel_xy,0.047007471323013306,1781373284.3147426
42891,Metrics/base_velocity/error_vel_xy,0.04728049784898758,1781373488.1959958
42935,Metrics/base_velocity/error_vel_xy,0.04704581946134567,1781373693.7607014
42979,Metrics/base_velocity/error_vel_xy,0.046782877296209335,1781373899.8667815
43023,Metrics/base_velocity/error_vel_xy,0.04606812819838524,1781374105.9317846
43067,Metrics/base_velocity/error_vel_xy,0.04619607329368591,1781374311.5676668
43111,Metrics/base_velocity/error_vel_xy,0.04718870669603348,1781374518.421959
43155,Metrics/base_velocity/error_vel_xy,0.04544588178396225,1781374723.9057426
43199,Metrics/base_velocity/error_vel_xy,0.04610070213675499,1781374930.1964114
43243,Metrics/base_velocity/error_vel_xy,0.045477479696273804,1781375135.4640725
43287,Metrics/base_velocity/error_vel_xy,0.04556836932897568,1781375341.644128
43331,Metrics/base_velocity/error_vel_xy,0.047259628772735596,1781375546.4398098
43375,Metrics/base_velocity/error_vel_xy,0.045656271278858185,1781375752.3798788
43419,Metrics/base_velocity/error_vel_xy,0.045597806572914124,1781375958.6499867
43463,Metrics/base_velocity/error_vel_xy,0.04590984433889389,1781376164.4600468
43507,Metrics/base_velocity/error_vel_xy,0.04658813774585724,1781376371.0662143
43551,Metrics/base_velocity/error_vel_xy,0.04636131972074509,1781376577.4861088
43595,Metrics/base_velocity/error_vel_xy,0.04633188992738724,1781376785.5159454
43639,Metrics/base_velocity/error_vel_xy,0.04628933593630791,1781376992.7550466
43683,Metrics/base_velocity/error_vel_xy,0.04706087335944176,1781377199.2122126
43727,Metrics/base_velocity/error_vel_xy,0.047303732484579086,1781377405.8821597
43771,Metrics/base_velocity/error_vel_xy,0.04612419009208679,1781377613.4621043
43815,Metrics/base_velocity/error_vel_xy,0.04606960341334343,1781377820.8243146
43859,Metrics/base_velocity/error_vel_xy,0.04594860598444939,1781378027.2689614
43903,Metrics/base_velocity/error_vel_xy,0.04557385295629501,1781378233.5473998
43947,Metrics/base_velocity/error_vel_xy,0.04601774737238884,1781378439.9399045
43991,Metrics/base_velocity/error_vel_xy,0.04622755944728851,1781378644.6336734
44035,Metrics/base_velocity/error_vel_xy,0.0464516207575798,1781378851.9483836
44079,Metrics/base_velocity/error_vel_xy,0.0461391806602478,1781379058.9280314
44123,Metrics/base_velocity/error_vel_xy,0.04653744027018547,1781379265.6910462
44167,Metrics/base_velocity/error_vel_xy,0.046455055475234985,1781379472.0506508
44211,Metrics/base_velocity/error_vel_xy,0.046766191720962524,1781379678.2763746
44255,Metrics/base_velocity/error_vel_xy,0.04615335166454315,1781379884.6872966
44299,Metrics/base_velocity/error_vel_xy,0.047162096947431564,1781380092.3565292
44343,Metrics/base_velocity/error_vel_xy,0.046918511390686035,1781380299.6058335
44387,Metrics/base_velocity/error_vel_xy,0.04629838094115257,1781380505.7975893
44431,Metrics/base_velocity/error_vel_xy,0.04572676867246628,1781380711.7754307
44475,Metrics/base_velocity/error_vel_xy,0.04573160037398338,1781380913.9589858
44519,Metrics/base_velocity/error_vel_xy,0.04521059989929199,1781381122.3959875
44563,Metrics/base_velocity/error_vel_xy,0.04509079456329346,1781381329.933966
44607,Metrics/base_velocity/error_vel_xy,0.045439332723617554,1781381537.1767821
44651,Metrics/base_velocity/error_vel_xy,0.04542538523674011,1781381743.5119946
44695,Metrics/base_velocity/error_vel_xy,0.04668952152132988,1781381949.0810852
44739,Metrics/base_velocity/error_vel_xy,0.04633914679288864,1781382155.1237223
44783,Metrics/base_velocity/error_vel_xy,0.04711490869522095,1781382360.8066366
44827,Metrics/base_velocity/error_vel_xy,0.046941012144088745,1781382568.0844865
44871,Metrics/base_velocity/error_vel_xy,0.04586391896009445,1781382774.5722582
44915,Metrics/base_velocity/error_vel_xy,0.045626312494277954,1781382981.43193
44959,Metrics/base_velocity/error_vel_xy,0.04550721496343613,1781383188.7987275
45003,Metrics/base_velocity/error_vel_xy,0.04628905653953552,1781383394.9771023
45047,Metrics/base_velocity/error_vel_xy,0.04614059254527092,1781383601.7355695
45091,Metrics/base_velocity/error_vel_xy,0.04536169022321701,1781383808.6857245
45135,Metrics/base_velocity/error_vel_xy,0.04574117809534073,1781384015.343279
45179,Metrics/base_velocity/error_vel_xy,0.04558659717440605,1781384221.5198526
45223,Metrics/base_velocity/error_vel_xy,0.04592294618487358,1781384429.3032472
45267,Metrics/base_velocity/error_vel_xy,0.045672595500946045,1781384635.491373
45311,Metrics/base_velocity/error_vel_xy,0.04555641859769821,1781384841.7269337
45355,Metrics/base_velocity/error_vel_xy,0.04452222213149071,1781385048.6274772
45399,Metrics/base_velocity/error_vel_xy,0.0448741689324379,1781385255.278742
45443,Metrics/base_velocity/error_vel_xy,0.04538540169596672,1781385462.470028
45487,Metrics/base_velocity/error_vel_xy,0.04536372050642967,1781385668.125486
45531,Metrics/base_velocity/error_vel_xy,0.04632679745554924,1781385873.9931304
45575,Metrics/base_velocity/error_vel_xy,0.04704830050468445,1781386080.3756332
45619,Metrics/base_velocity/error_vel_xy,0.04589873179793358,1781386287.080495
45663,Metrics/base_velocity/error_vel_xy,0.045894451439380646,1781386494.3942747
45707,Metrics/base_velocity/error_vel_xy,0.04702940583229065,1781386700.5687695
45751,Metrics/base_velocity/error_vel_xy,0.046109121292829514,1781386907.4185348
45795,Metrics/base_velocity/error_vel_xy,0.046284180134534836,1781387113.785147
45839,Metrics/base_velocity/error_vel_xy,0.04674684628844261,1781387319.9191148
45883,Metrics/base_velocity/error_vel_xy,0.0467195026576519,1781387527.0971806
45927,Metrics/base_velocity/error_vel_xy,0.04626572132110596,1781387733.7327373
45971,Metrics/base_velocity/error_vel_xy,0.04619438946247101,1781387939.7888417
46015,Metrics/base_velocity/error_vel_xy,0.045820824801921844,1781388146.1787136
46059,Metrics/base_velocity/error_vel_xy,0.04564270004630089,1781388352.9317207
46103,Metrics/base_velocity/error_vel_xy,0.046036846935749054,1781388558.2996051
46147,Metrics/base_velocity/error_vel_xy,0.04547669738531113,1781388764.6832335
46191,Metrics/base_velocity/error_vel_xy,0.04516790807247162,1781388971.8448915
46235,Metrics/base_velocity/error_vel_xy,0.04563634842634201,1781389177.726791
46279,Metrics/base_velocity/error_vel_xy,0.04549504444003105,1781389383.9091794
46323,Metrics/base_velocity/error_vel_xy,0.04579246789216995,1781389588.182373
46367,Metrics/base_velocity/error_vel_xy,0.04689288139343262,1781389794.1375542
46411,Metrics/base_velocity/error_vel_xy,0.045323338359594345,1781390000.7541678
46455,Metrics/base_velocity/error_vel_xy,0.04543977230787277,1781390206.8448145
46499,Metrics/base_velocity/error_vel_xy,0.04576941579580307,1781390414.4057426
46543,Metrics/base_velocity/error_vel_xy,0.04529985040426254,1781390621.2801511
46587,Metrics/base_velocity/error_vel_xy,0.04498003050684929,1781390827.7166924
46631,Metrics/base_velocity/error_vel_xy,0.04604426026344299,1781391034.5123925
46675,Metrics/base_velocity/error_vel_xy,0.045805901288986206,1781391240.5440154
46719,Metrics/base_velocity/error_vel_xy,0.045863114297389984,1781391446.9485366
46763,Metrics/base_velocity/error_vel_xy,0.046006571501493454,1781391652.4388173
46807,Metrics/base_velocity/error_vel_xy,0.045903608202934265,1781391858.5593863
46851,Metrics/base_velocity/error_vel_xy,0.0459805428981781,1781392062.806458
46895,Metrics/base_velocity/error_vel_xy,0.04570721834897995,1781392269.211881
46939,Metrics/base_velocity/error_vel_xy,0.04576043784618378,1781392475.4986517
46983,Metrics/base_velocity/error_vel_xy,0.045906465500593185,1781392682.2599268
47027,Metrics/base_velocity/error_vel_xy,0.045733511447906494,1781392889.3624954
47071,Metrics/base_velocity/error_vel_xy,0.04507317394018173,1781393094.3097408
47115,Metrics/base_velocity/error_vel_xy,0.044790010899305344,1781393300.054973
47159,Metrics/base_velocity/error_vel_xy,0.044741418212652206,1781393506.0704439
47203,Metrics/base_velocity/error_vel_xy,0.043853387236595154,1781393711.9230003
47247,Metrics/base_velocity/error_vel_xy,0.04472183436155319,1781393917.0947003
47291,Metrics/base_velocity/error_vel_xy,0.044681575149297714,1781394123.3406909
47335,Metrics/base_velocity/error_vel_xy,0.04484644532203674,1781394330.0347605
47379,Metrics/base_velocity/error_vel_xy,0.045861415565013885,1781394537.3132124
47423,Metrics/base_velocity/error_vel_xy,0.04506337270140648,1781394744.2379746
47467,Metrics/base_velocity/error_vel_xy,0.04502840340137482,1781394950.7635295
47511,Metrics/base_velocity/error_vel_xy,0.04503777250647545,1781395157.9281864
47555,Metrics/base_velocity/error_vel_xy,0.04453011602163315,1781395364.8889263
47599,Metrics/base_velocity/error_vel_xy,0.04455802962183952,1781395572.061959
47643,Metrics/base_velocity/error_vel_xy,0.04440394043922424,1781395778.849484
47687,Metrics/base_velocity/error_vel_xy,0.044546566903591156,1781395984.484428
47731,Metrics/base_velocity/error_vel_xy,0.0454498827457428,1781396191.0194733
47775,Metrics/base_velocity/error_vel_xy,0.04519899934530258,1781396397.4635108
47819,Metrics/base_velocity/error_vel_xy,0.04562821984291077,1781396603.9850209
47863,Metrics/base_velocity/error_vel_xy,0.04606090486049652,1781396810.0061662
47907,Metrics/base_velocity/error_vel_xy,0.045937784016132355,1781397017.5504718
47951,Metrics/base_velocity/error_vel_xy,0.04417463764548302,1781397224.8515074
47995,Metrics/base_velocity/error_vel_xy,0.045371245592832565,1781397431.4905457
48039,Metrics/base_velocity/error_vel_xy,0.045074380934238434,1781397637.405196
48083,Metrics/base_velocity/error_vel_xy,0.04493949934840202,1781397843.8702703
48127,Metrics/base_velocity/error_vel_xy,0.04444446414709091,1781398049.9688344
48171,Metrics/base_velocity/error_vel_xy,0.044645100831985474,1781398256.2409708
48215,Metrics/base_velocity/error_vel_xy,0.04444364458322525,1781398462.7434897
48259,Metrics/base_velocity/error_vel_xy,0.04424409568309784,1781398667.9941533
48303,Metrics/base_velocity/error_vel_xy,0.04448699951171875,1781398873.2612007
48347,Metrics/base_velocity/error_vel_xy,0.04459333419799805,1781399079.0982528
48391,Metrics/base_velocity/error_vel_xy,0.04468794912099838,1781399284.9131343
48435,Metrics/base_velocity/error_vel_xy,0.044716279953718185,1781399492.2112696
48479,Metrics/base_velocity/error_vel_xy,0.0451723113656044,1781399698.637844
48523,Metrics/base_velocity/error_vel_xy,0.04665764421224594,1781399905.3038123
48567,Metrics/base_velocity/error_vel_xy,0.046764545142650604,1781400110.8217745
48611,Metrics/base_velocity/error_vel_xy,0.04726829379796982,1781400317.446225
48655,Metrics/base_velocity/error_vel_xy,0.04760054871439934,1781400524.006656
48699,Metrics/base_velocity/error_vel_xy,0.04780621826648712,1781400723.5914402
48743,Metrics/base_velocity/error_vel_xy,0.04735913872718811,1781400926.5212152
48787,Metrics/base_velocity/error_vel_xy,0.048279788345098495,1781401132.5538251
48831,Metrics/base_velocity/error_vel_xy,0.04870714992284775,1781401339.3607156
48875,Metrics/base_velocity/error_vel_xy,0.04634234309196472,1781401546.544879
48919,Metrics/base_velocity/error_vel_xy,0.04573240876197815,1781401752.523322
48963,Metrics/base_velocity/error_vel_xy,0.046071555465459824,1781401958.2071164
49007,Metrics/base_velocity/error_vel_xy,0.04561110585927963,1781402162.906084
49051,Metrics/base_velocity/error_vel_xy,0.04531010985374451,1781402368.755644
49095,Metrics/base_velocity/error_vel_xy,0.04466389864683151,1781402574.7019331
49139,Metrics/base_velocity/error_vel_xy,0.04448763281106949,1781402780.40586
49183,Metrics/base_velocity/error_vel_xy,0.04396011680364609,1781402986.5484536
49227,Metrics/base_velocity/error_vel_xy,0.043941956013441086,1781403192.8775098
49271,Metrics/base_velocity/error_vel_xy,0.04381068795919418,1781403399.4960828
49315,Metrics/base_velocity/error_vel_xy,0.04377686604857445,1781403605.6769104
49359,Metrics/base_velocity/error_vel_xy,0.04470965266227722,1781403811.721855
49403,Metrics/base_velocity/error_vel_xy,0.044497065246105194,1781404017.267916
49447,Metrics/base_velocity/error_vel_xy,0.043745651841163635,1781404223.9053438
49491,Metrics/base_velocity/error_vel_xy,0.04380359500646591,1781404429.3866467
49535,Metrics/base_velocity/error_vel_xy,0.0451156422495842,1781404634.2115934
49579,Metrics/base_velocity/error_vel_xy,0.04291251301765442,1781404840.487461
49623,Metrics/base_velocity/error_vel_xy,0.044548001140356064,1781405046.677117
49667,Metrics/base_velocity/error_vel_xy,0.044390033930540085,1781405251.4115345
49711,Metrics/base_velocity/error_vel_xy,0.04398820549249649,1781405458.5234118
49755,Metrics/base_velocity/error_vel_xy,0.04418923705816269,1781405664.2406867
49799,Metrics/base_velocity/error_vel_xy,0.04426363855600357,1781405870.5916219
49843,Metrics/base_velocity/error_vel_xy,0.04509785771369934,1781406076.1221118
49887,Metrics/base_velocity/error_vel_xy,0.04427095875144005,1781406283.0267353
49931,Metrics/base_velocity/error_vel_xy,0.04427690431475639,1781406488.7986207
49975,Metrics/base_velocity/error_vel_xy,0.044951245188713074,1781406693.828663
50019,Metrics/base_velocity/error_vel_xy,0.04460742324590683,1781406900.0645604
50063,Metrics/base_velocity/error_vel_xy,0.04544956609606743,1781407104.911527
50107,Metrics/base_velocity/error_vel_xy,0.044913213700056076,1781407311.1279328
50151,Metrics/base_velocity/error_vel_xy,0.04513400048017502,1781407516.2838857
50195,Metrics/base_velocity/error_vel_xy,0.04458397626876831,1781407721.0275757
50239,Metrics/base_velocity/error_vel_xy,0.04445160552859306,1781407926.7986457
50283,Metrics/base_velocity/error_vel_xy,0.04444912075996399,1781408132.9758294
50327,Metrics/base_velocity/error_vel_xy,0.044822078198194504,1781408338.8612337
50371,Metrics/base_velocity/error_vel_xy,0.04590485617518425,1781408544.5926983
50415,Metrics/base_velocity/error_vel_xy,0.0453544482588768,1781408750.210908
50459,Metrics/base_velocity/error_vel_xy,0.045612793415784836,1781408956.8922176
50503,Metrics/base_velocity/error_vel_xy,0.04645492136478424,1781409163.265448
50547,Metrics/base_velocity/error_vel_xy,0.045640669763088226,1781409370.6961396
50591,Metrics/base_velocity/error_vel_xy,0.04535210132598877,1781409577.937358
50635,Metrics/base_velocity/error_vel_xy,0.04565615579485893,1781409784.1816604
50679,Metrics/base_velocity/error_vel_xy,0.045194171369075775,1781409998.0068104
50723,Metrics/base_velocity/error_vel_xy,0.04486958682537079,1781410262.322162
50767,Metrics/base_velocity/error_vel_xy,0.04481286555528641,1781410516.6949933
50811,Metrics/base_velocity/error_vel_xy,0.04460952803492546,1781410785.1744165
50855,Metrics/base_velocity/error_vel_xy,0.04428166151046753,1781411016.071552
50899,Metrics/base_velocity/error_vel_xy,0.04513497278094292,1781411250.0641541
50943,Metrics/base_velocity/error_vel_xy,0.04545682668685913,1781411457.1940415
50987,Metrics/base_velocity/error_vel_xy,0.04559598118066788,1781411657.4552062
51031,Metrics/base_velocity/error_vel_xy,0.045077286660671234,1781411864.118967
51075,Metrics/base_velocity/error_vel_xy,0.04644756764173508,1781412063.8826923
51119,Metrics/base_velocity/error_vel_xy,0.04552920162677765,1781412265.8006635
51163,Metrics/base_velocity/error_vel_xy,0.04515790566802025,1781412472.9275281
51207,Metrics/base_velocity/error_vel_xy,0.044270314276218414,1781412679.669842
51236,Metrics/base_velocity/error_vel_xy,0.04494275897741318,1781412836.0381832
7999,Metrics/base_velocity/error_vel_yaw,0.004753073677420616,1781175596.7770178
8043,Metrics/base_velocity/error_vel_yaw,0.20776677131652832,1781175849.7647948
8087,Metrics/base_velocity/error_vel_yaw,0.2881227731704712,1781176146.076388
8131,Metrics/base_velocity/error_vel_yaw,1.1800390481948853,1781176457.612429
8175,Metrics/base_velocity/error_vel_yaw,1.126416802406311,1781176762.328377
8219,Metrics/base_velocity/error_vel_yaw,0.9068267345428467,1781177061.7791317
8263,Metrics/base_velocity/error_vel_yaw,0.6986653208732605,1781177369.6637394
8307,Metrics/base_velocity/error_vel_yaw,0.6268922686576843,1781177682.5713618
8351,Metrics/base_velocity/error_vel_yaw,0.6177247166633606,1781177988.526596
8395,Metrics/base_velocity/error_vel_yaw,0.6290757656097412,1781178298.6695824
8439,Metrics/base_velocity/error_vel_yaw,0.6007146835327148,1781178603.0432742
8483,Metrics/base_velocity/error_vel_yaw,0.57676100730896,1781178906.151169
8527,Metrics/base_velocity/error_vel_yaw,0.5490245819091797,1781179210.7406175
8571,Metrics/base_velocity/error_vel_yaw,0.5198134779930115,1781179511.0552456
8615,Metrics/base_velocity/error_vel_yaw,0.49981340765953064,1781179814.2725956
8659,Metrics/base_velocity/error_vel_yaw,0.4723697900772095,1781180115.7483904
8703,Metrics/base_velocity/error_vel_yaw,0.45571205019950867,1781180423.8779502
8747,Metrics/base_velocity/error_vel_yaw,0.4401637017726898,1781180721.1084595
8791,Metrics/base_velocity/error_vel_yaw,0.4271172881126404,1781181025.7285652
8835,Metrics/base_velocity/error_vel_yaw,0.418174684047699,1781181334.6821733
8879,Metrics/base_velocity/error_vel_yaw,0.41267237067222595,1781181639.7370539
8923,Metrics/base_velocity/error_vel_yaw,0.40524229407310486,1781181942.775178
8967,Metrics/base_velocity/error_vel_yaw,0.3990551829338074,1781182252.7960105
9011,Metrics/base_velocity/error_vel_yaw,0.38781458139419556,1781182559.0359485
9055,Metrics/base_velocity/error_vel_yaw,0.38059526681900024,1781182868.784661
9099,Metrics/base_velocity/error_vel_yaw,0.3722308278083801,1781183175.7374508
9143,Metrics/base_velocity/error_vel_yaw,0.3631809651851654,1781183485.309686
9187,Metrics/base_velocity/error_vel_yaw,0.3552241027355194,1781183797.3339174
9231,Metrics/base_velocity/error_vel_yaw,0.35072895884513855,1781184105.136251
9275,Metrics/base_velocity/error_vel_yaw,0.34640464186668396,1781184412.5529025
9319,Metrics/base_velocity/error_vel_yaw,0.3433917760848999,1781184719.085783
9363,Metrics/base_velocity/error_vel_yaw,0.3432084918022156,1781185028.2674696
9407,Metrics/base_velocity/error_vel_yaw,0.34108027815818787,1781185332.228052
9451,Metrics/base_velocity/error_vel_yaw,0.3403714895248413,1781185640.1847181
9495,Metrics/base_velocity/error_vel_yaw,0.33983299136161804,1781185944.504439
9539,Metrics/base_velocity/error_vel_yaw,0.3379442095756531,1781186252.5716934
9583,Metrics/base_velocity/error_vel_yaw,0.3415500819683075,1781186560.2570708
9627,Metrics/base_velocity/error_vel_yaw,0.3346695601940155,1781186867.400914
9671,Metrics/base_velocity/error_vel_yaw,0.33495503664016724,1781187176.6911397
9715,Metrics/base_velocity/error_vel_yaw,0.33195310831069946,1781187485.078449
9759,Metrics/base_velocity/error_vel_yaw,0.3298455476760864,1781187792.904747
9803,Metrics/base_velocity/error_vel_yaw,0.32861006259918213,1781188100.4652178
9847,Metrics/base_velocity/error_vel_yaw,0.3311412036418915,1781188409.5307398
9891,Metrics/base_velocity/error_vel_yaw,0.32949167490005493,1781188718.3150804
9935,Metrics/base_velocity/error_vel_yaw,0.3291324973106384,1781189025.0574067
9979,Metrics/base_velocity/error_vel_yaw,0.32668834924697876,1781189331.7396388
10023,Metrics/base_velocity/error_vel_yaw,0.3266263008117676,1781189640.3065264
10067,Metrics/base_velocity/error_vel_yaw,0.32789161801338196,1781189948.9302502
10111,Metrics/base_velocity/error_vel_yaw,0.32636627554893494,1781190253.896659
10155,Metrics/base_velocity/error_vel_yaw,0.33033859729766846,1781190559.8170855
10199,Metrics/base_velocity/error_vel_yaw,0.32945847511291504,1781190869.3470354
10243,Metrics/base_velocity/error_vel_yaw,0.33303308486938477,1781191176.4332073
10287,Metrics/base_velocity/error_vel_yaw,0.3328953683376312,1781191481.907222
10331,Metrics/base_velocity/error_vel_yaw,0.33020251989364624,1781191791.5022418
10375,Metrics/base_velocity/error_vel_yaw,0.3226281404495239,1781192099.577519
10419,Metrics/base_velocity/error_vel_yaw,0.321640282869339,1781192407.116769
10463,Metrics/base_velocity/error_vel_yaw,0.3158663809299469,1781192714.5781674
10507,Metrics/base_velocity/error_vel_yaw,0.3151305913925171,1781193023.3604677
10551,Metrics/base_velocity/error_vel_yaw,0.3189089298248291,1781193329.3221593
10595,Metrics/base_velocity/error_vel_yaw,0.3145065903663635,1781193636.760138
10639,Metrics/base_velocity/error_vel_yaw,0.3104712665081024,1781193943.5082462
10683,Metrics/base_velocity/error_vel_yaw,0.31311091780662537,1781194250.0002854
10727,Metrics/base_velocity/error_vel_yaw,0.32236015796661377,1781194555.8630064
10771,Metrics/base_velocity/error_vel_yaw,0.31845414638519287,1781194864.29491
10815,Metrics/base_velocity/error_vel_yaw,0.3192078173160553,1781195164.949892
10859,Metrics/base_velocity/error_vel_yaw,0.3200158476829529,1781195473.3012338
10903,Metrics/base_velocity/error_vel_yaw,0.3178351819515228,1781195780.688525
10947,Metrics/base_velocity/error_vel_yaw,0.3099357485771179,1781196088.9677684
10991,Metrics/base_velocity/error_vel_yaw,0.30825722217559814,1781196396.0861847
11035,Metrics/base_velocity/error_vel_yaw,0.3111635446548462,1781196701.595775
11079,Metrics/base_velocity/error_vel_yaw,0.3029043972492218,1781197006.8054383
11123,Metrics/base_velocity/error_vel_yaw,0.2971782088279724,1781197313.467815
11167,Metrics/base_velocity/error_vel_yaw,0.2998921871185303,1781197619.2062647
11211,Metrics/base_velocity/error_vel_yaw,0.2966669797897339,1781197925.6497977
11255,Metrics/base_velocity/error_vel_yaw,0.30304965376853943,1781198232.8599553
11299,Metrics/base_velocity/error_vel_yaw,0.30207741260528564,1781198536.2060921
11343,Metrics/base_velocity/error_vel_yaw,0.2975391149520874,1781198845.4164526
11387,Metrics/base_velocity/error_vel_yaw,0.29423224925994873,1781199154.2286382
11431,Metrics/base_velocity/error_vel_yaw,0.2962583303451538,1781199462.9403083
11475,Metrics/base_velocity/error_vel_yaw,0.2949689030647278,1781199768.892014
11519,Metrics/base_velocity/error_vel_yaw,0.2931179404258728,1781200076.3989885
11563,Metrics/base_velocity/error_vel_yaw,0.2988615930080414,1781200385.3830068
11607,Metrics/base_velocity/error_vel_yaw,0.3044719099998474,1781200695.9316182
11651,Metrics/base_velocity/error_vel_yaw,0.3072860836982727,1781201006.8170805
11695,Metrics/base_velocity/error_vel_yaw,0.310551255941391,1781201315.6537147
11739,Metrics/base_velocity/error_vel_yaw,0.31721723079681396,1781201622.6579933
11783,Metrics/base_velocity/error_vel_yaw,0.32802826166152954,1781201926.508326
11827,Metrics/base_velocity/error_vel_yaw,0.3319898247718811,1781202236.3614151
11871,Metrics/base_velocity/error_vel_yaw,0.33396896719932556,1781202544.8485482
11915,Metrics/base_velocity/error_vel_yaw,0.36385923624038696,1781202854.0426788
11959,Metrics/base_velocity/error_vel_yaw,0.3780275285243988,1781203163.8881638
12003,Metrics/base_velocity/error_vel_yaw,0.397746741771698,1781203475.5605884
12047,Metrics/base_velocity/error_vel_yaw,0.418351411819458,1781203786.4010193
12091,Metrics/base_velocity/error_vel_yaw,0.45524463057518005,1781204094.583714
12135,Metrics/base_velocity/error_vel_yaw,0.487337589263916,1781204401.6441383
12179,Metrics/base_velocity/error_vel_yaw,0.5126019716262817,1781204709.5162573
12223,Metrics/base_velocity/error_vel_yaw,0.5525980591773987,1781205019.869084
12267,Metrics/base_velocity/error_vel_yaw,0.5824829936027527,1781205330.6212075
12311,Metrics/base_velocity/error_vel_yaw,0.6097155809402466,1781205641.3928046
12355,Metrics/base_velocity/error_vel_yaw,0.6380752325057983,1781205952.5799189
12399,Metrics/base_velocity/error_vel_yaw,0.6692599654197693,1781206261.2496457
12443,Metrics/base_velocity/error_vel_yaw,0.6952952146530151,1781206570.4372334
12487,Metrics/base_velocity/error_vel_yaw,0.7018839120864868,1781206879.08763
12531,Metrics/base_velocity/error_vel_yaw,0.6705799102783203,1781207185.5085976
12575,Metrics/base_velocity/error_vel_yaw,0.6524918675422668,1781207491.9990323
12619,Metrics/base_velocity/error_vel_yaw,0.6539491415023804,1781207796.684101
12663,Metrics/base_velocity/error_vel_yaw,0.612369179725647,1781208100.0048714
12707,Metrics/base_velocity/error_vel_yaw,0.5949903726577759,1781208402.3336608
12751,Metrics/base_velocity/error_vel_yaw,0.5617419481277466,1781208706.153565
12795,Metrics/base_velocity/error_vel_yaw,0.5304341316223145,1781209010.8676734
12839,Metrics/base_velocity/error_vel_yaw,0.5085561275482178,1781209311.743517
12883,Metrics/base_velocity/error_vel_yaw,0.49512356519699097,1781209615.461644
12927,Metrics/base_velocity/error_vel_yaw,0.48033303022384644,1781209919.8468227
12971,Metrics/base_velocity/error_vel_yaw,0.4643830955028534,1781210222.8699043
13015,Metrics/base_velocity/error_vel_yaw,0.45035168528556824,1781210527.6956806
13059,Metrics/base_velocity/error_vel_yaw,0.4344005584716797,1781210832.9040534
13103,Metrics/base_velocity/error_vel_yaw,0.4227595329284668,1781211138.3654165
13147,Metrics/base_velocity/error_vel_yaw,0.4140998125076294,1781211442.2117105
13191,Metrics/base_velocity/error_vel_yaw,0.40993887186050415,1781211747.2277641
13235,Metrics/base_velocity/error_vel_yaw,0.4063543975353241,1781212050.2337475
13279,Metrics/base_velocity/error_vel_yaw,0.39627641439437866,1781212352.292968
13323,Metrics/base_velocity/error_vel_yaw,0.38975998759269714,1781212658.9966128
13367,Metrics/base_velocity/error_vel_yaw,0.38477981090545654,1781212963.592679
13411,Metrics/base_velocity/error_vel_yaw,0.3763413429260254,1781213268.6017125
13455,Metrics/base_velocity/error_vel_yaw,0.37491708993911743,1781213571.468377
13499,Metrics/base_velocity/error_vel_yaw,0.36760473251342773,1781213874.8871145
13543,Metrics/base_velocity/error_vel_yaw,0.3699617385864258,1781214170.4438026
13587,Metrics/base_velocity/error_vel_yaw,0.3630913496017456,1781214471.845803
13631,Metrics/base_velocity/error_vel_yaw,0.36318451166152954,1781214775.5876374
13675,Metrics/base_velocity/error_vel_yaw,0.3605649471282959,1781215081.7682686
13719,Metrics/base_velocity/error_vel_yaw,0.35779374837875366,1781215386.575238
13763,Metrics/base_velocity/error_vel_yaw,0.35658693313598633,1781215693.6716106
13807,Metrics/base_velocity/error_vel_yaw,0.3515671193599701,1781215998.9593837
13851,Metrics/base_velocity/error_vel_yaw,0.34918349981307983,1781216304.147267
13895,Metrics/base_velocity/error_vel_yaw,0.3479416072368622,1781216609.705502
13939,Metrics/base_velocity/error_vel_yaw,0.34893473982810974,1781216915.4388237
13983,Metrics/base_velocity/error_vel_yaw,0.3435841500759125,1781217219.7004733
14027,Metrics/base_velocity/error_vel_yaw,0.34135112166404724,1781217524.4810822
14071,Metrics/base_velocity/error_vel_yaw,0.3377392888069153,1781217829.6492088
14115,Metrics/base_velocity/error_vel_yaw,0.3351156711578369,1781218136.01597
14159,Metrics/base_velocity/error_vel_yaw,0.33254146575927734,1781218440.7539244
14203,Metrics/base_velocity/error_vel_yaw,0.32654765248298645,1781218745.1334763
14247,Metrics/base_velocity/error_vel_yaw,0.32621830701828003,1781219046.8147273
14291,Metrics/base_velocity/error_vel_yaw,0.32841604948043823,1781219350.9428213
14335,Metrics/base_velocity/error_vel_yaw,0.32203182578086853,1781219656.3218741
14379,Metrics/base_velocity/error_vel_yaw,0.32162824273109436,1781219959.725726
14423,Metrics/base_velocity/error_vel_yaw,0.3198876976966858,1781220264.729544
14467,Metrics/base_velocity/error_vel_yaw,0.32219743728637695,1781220570.781874
14511,Metrics/base_velocity/error_vel_yaw,0.32159820199012756,1781220874.2642238
14555,Metrics/base_velocity/error_vel_yaw,0.3217432200908661,1781221179.292398
14599,Metrics/base_velocity/error_vel_yaw,0.3238159418106079,1781221485.6460307
14643,Metrics/base_velocity/error_vel_yaw,0.32192498445510864,1781221791.8660786
14687,Metrics/base_velocity/error_vel_yaw,0.31806379556655884,1781222097.6427414
14731,Metrics/base_velocity/error_vel_yaw,0.3142701983451843,1781222401.100796
14775,Metrics/base_velocity/error_vel_yaw,0.31320303678512573,1781222705.63906
14819,Metrics/base_velocity/error_vel_yaw,0.31125444173812866,1781223011.878759
14863,Metrics/base_velocity/error_vel_yaw,0.30984318256378174,1781223314.9219465
14907,Metrics/base_velocity/error_vel_yaw,0.3075190484523773,1781223618.8511474
14951,Metrics/base_velocity/error_vel_yaw,0.3066231310367584,1781223920.7224846
14995,Metrics/base_velocity/error_vel_yaw,0.30760079622268677,1781224225.5097482
15039,Metrics/base_velocity/error_vel_yaw,0.3012325167655945,1781224531.206843
15083,Metrics/base_velocity/error_vel_yaw,0.308874249458313,1781224833.4041383
15127,Metrics/base_velocity/error_vel_yaw,0.3117353320121765,1781225140.5768905
15171,Metrics/base_velocity/error_vel_yaw,0.3088817000389099,1781225444.8725607
15215,Metrics/base_velocity/error_vel_yaw,0.30881503224372864,1781225750.1475513
15259,Metrics/base_velocity/error_vel_yaw,0.302434504032135,1781226054.090923
15303,Metrics/base_velocity/error_vel_yaw,0.30042579770088196,1781226358.728331
15347,Metrics/base_velocity/error_vel_yaw,0.299552857875824,1781226663.6780133
15391,Metrics/base_velocity/error_vel_yaw,0.29770907759666443,1781226968.3226585
15435,Metrics/base_velocity/error_vel_yaw,0.29457899928092957,1781227269.4619398
15479,Metrics/base_velocity/error_vel_yaw,0.2962106168270111,1781227573.1143625
15523,Metrics/base_velocity/error_vel_yaw,0.2959880530834198,1781227875.6780598
15567,Metrics/base_velocity/error_vel_yaw,0.294116348028183,1781228178.022851
15611,Metrics/base_velocity/error_vel_yaw,0.2911754846572876,1781228485.0210993
15655,Metrics/base_velocity/error_vel_yaw,0.2902944087982178,1781228785.938529
15699,Metrics/base_velocity/error_vel_yaw,0.29349571466445923,1781229090.7736099
15743,Metrics/base_velocity/error_vel_yaw,0.2924768328666687,1781229395.445642
15787,Metrics/base_velocity/error_vel_yaw,0.29491183161735535,1781229699.994647
15831,Metrics/base_velocity/error_vel_yaw,0.2871740460395813,1781230004.775373
15875,Metrics/base_velocity/error_vel_yaw,0.2921162545681,1781230305.840287
15919,Metrics/base_velocity/error_vel_yaw,0.28666234016418457,1781230609.48178
15963,Metrics/base_velocity/error_vel_yaw,0.2871009111404419,1781230915.9725213
16007,Metrics/base_velocity/error_vel_yaw,0.2868034839630127,1781231218.8137183
16051,Metrics/base_velocity/error_vel_yaw,0.2867985665798187,1781231521.9135938
16095,Metrics/base_velocity/error_vel_yaw,0.28655391931533813,1781231821.6893368
16139,Metrics/base_velocity/error_vel_yaw,0.28424739837646484,1781232125.8905659
16183,Metrics/base_velocity/error_vel_yaw,0.28087666630744934,1781232429.1076972
16227,Metrics/base_velocity/error_vel_yaw,0.2801625430583954,1781232733.841467
16271,Metrics/base_velocity/error_vel_yaw,0.28269684314727783,1781233039.961442
16315,Metrics/base_velocity/error_vel_yaw,0.28426262736320496,1781233344.3929527
16359,Metrics/base_velocity/error_vel_yaw,0.2818050682544708,1781233644.32976
16403,Metrics/base_velocity/error_vel_yaw,0.2835662364959717,1781233947.6694276
16447,Metrics/base_velocity/error_vel_yaw,0.28208258748054504,1781234251.4466815
16491,Metrics/base_velocity/error_vel_yaw,0.2774702310562134,1781234557.6487935
16535,Metrics/base_velocity/error_vel_yaw,0.2802867591381073,1781234863.6377127
16579,Metrics/base_velocity/error_vel_yaw,0.27871817350387573,1781235130.5394292
16623,Metrics/base_velocity/error_vel_yaw,0.2770814299583435,1781235384.252883
16667,Metrics/base_velocity/error_vel_yaw,0.2782205045223236,1781235648.2945468
16711,Metrics/base_velocity/error_vel_yaw,0.28046202659606934,1781235917.9156106
16755,Metrics/base_velocity/error_vel_yaw,0.2813231348991394,1781236167.5824213
16799,Metrics/base_velocity/error_vel_yaw,0.2789972722530365,1781236415.5688372
16843,Metrics/base_velocity/error_vel_yaw,0.27867215871810913,1781236664.455508
16887,Metrics/base_velocity/error_vel_yaw,0.27790161967277527,1781236912.7037084
16931,Metrics/base_velocity/error_vel_yaw,0.27867591381073,1781237161.7195354
16975,Metrics/base_velocity/error_vel_yaw,0.28031858801841736,1781237410.2156785
17019,Metrics/base_velocity/error_vel_yaw,0.2765324115753174,1781237661.9880242
17063,Metrics/base_velocity/error_vel_yaw,0.2760647237300873,1781237912.5740461
17107,Metrics/base_velocity/error_vel_yaw,0.2739003896713257,1781238162.770764
17151,Metrics/base_velocity/error_vel_yaw,0.27578407526016235,1781238408.0808
17195,Metrics/base_velocity/error_vel_yaw,0.2748100161552429,1781238653.550254
17239,Metrics/base_velocity/error_vel_yaw,0.2726731300354004,1781238904.210863
17283,Metrics/base_velocity/error_vel_yaw,0.2682064175605774,1781239157.1379614
17327,Metrics/base_velocity/error_vel_yaw,0.27038177847862244,1781239405.168924
17371,Metrics/base_velocity/error_vel_yaw,0.2762831151485443,1781239654.6761055
17415,Metrics/base_velocity/error_vel_yaw,0.2729763090610504,1781239901.8998153
17459,Metrics/base_velocity/error_vel_yaw,0.2655874192714691,1781240147.5327384
17503,Metrics/base_velocity/error_vel_yaw,0.26711270213127136,1781240397.1667817
17547,Metrics/base_velocity/error_vel_yaw,0.26614779233932495,1781240649.551896
17591,Metrics/base_velocity/error_vel_yaw,0.26880043745040894,1781240897.712832
17635,Metrics/base_velocity/error_vel_yaw,0.2660694122314453,1781241147.6787274
17679,Metrics/base_velocity/error_vel_yaw,0.2655428349971771,1781241400.073218
17723,Metrics/base_velocity/error_vel_yaw,0.267782986164093,1781241652.1693993
17767,Metrics/base_velocity/error_vel_yaw,0.2680774927139282,1781241902.9081643
17811,Metrics/base_velocity/error_vel_yaw,0.26773571968078613,1781242152.9419575
17855,Metrics/base_velocity/error_vel_yaw,0.2699817419052124,1781242405.3252478
17899,Metrics/base_velocity/error_vel_yaw,0.26538777351379395,1781242657.381266
17943,Metrics/base_velocity/error_vel_yaw,0.26272547245025635,1781242908.7200847
17987,Metrics/base_velocity/error_vel_yaw,0.261961430311203,1781243152.7937214
18031,Metrics/base_velocity/error_vel_yaw,0.2614014446735382,1781243403.7010963
18075,Metrics/base_velocity/error_vel_yaw,0.2627132833003998,1781243654.259633
18119,Metrics/base_velocity/error_vel_yaw,0.2646043598651886,1781243929.447287
18163,Metrics/base_velocity/error_vel_yaw,0.2749437689781189,1781244237.123351
18207,Metrics/base_velocity/error_vel_yaw,0.26670947670936584,1781244540.1143606
18251,Metrics/base_velocity/error_vel_yaw,0.2603272795677185,1781244848.289825
18295,Metrics/base_velocity/error_vel_yaw,0.2629607319831848,1781245155.9937372
18339,Metrics/base_velocity/error_vel_yaw,0.2601269483566284,1781245464.4319618
18383,Metrics/base_velocity/error_vel_yaw,0.2630142867565155,1781245766.8128352
18427,Metrics/base_velocity/error_vel_yaw,0.26667526364326477,1781246071.5392046
18471,Metrics/base_velocity/error_vel_yaw,0.26493915915489197,1781246381.4764552
18515,Metrics/base_velocity/error_vel_yaw,0.2652173638343811,1781246689.4739447
18559,Metrics/base_velocity/error_vel_yaw,0.2675938308238983,1781246998.7290714
18603,Metrics/base_velocity/error_vel_yaw,0.266338586807251,1781247307.4120224
18647,Metrics/base_velocity/error_vel_yaw,0.26731929183006287,1781247665.955823
18691,Metrics/base_velocity/error_vel_yaw,0.263036847114563,1781248002.7039275
18735,Metrics/base_velocity/error_vel_yaw,0.2609538435935974,1781248307.9708593
18779,Metrics/base_velocity/error_vel_yaw,0.2624882459640503,1781248614.6173837
18823,Metrics/base_velocity/error_vel_yaw,0.2569725215435028,1781248918.127627
18867,Metrics/base_velocity/error_vel_yaw,0.25702840089797974,1781249224.6724758
18911,Metrics/base_velocity/error_vel_yaw,0.2587816119194031,1781249529.2674708
18955,Metrics/base_velocity/error_vel_yaw,0.2494117021560669,1781249833.2065048
18999,Metrics/base_velocity/error_vel_yaw,0.25228971242904663,1781250134.6536226
19043,Metrics/base_velocity/error_vel_yaw,0.2529059648513794,1781250438.745719
19087,Metrics/base_velocity/error_vel_yaw,0.2544647753238678,1781250744.205851
19131,Metrics/base_velocity/error_vel_yaw,0.25404244661331177,1781251044.8978536
19175,Metrics/base_velocity/error_vel_yaw,0.25986719131469727,1781251352.286842
19219,Metrics/base_velocity/error_vel_yaw,0.2595335841178894,1781251658.429729
19263,Metrics/base_velocity/error_vel_yaw,0.25684845447540283,1781251964.4048138
19307,Metrics/base_velocity/error_vel_yaw,0.26047104597091675,1781252269.6751938
19351,Metrics/base_velocity/error_vel_yaw,0.2594537138938904,1781252575.1882796
19395,Metrics/base_velocity/error_vel_yaw,0.2565859854221344,1781252877.4163444
19439,Metrics/base_velocity/error_vel_yaw,0.25591522455215454,1781253180.4396038
19483,Metrics/base_velocity/error_vel_yaw,0.2633580267429352,1781253485.2532616
19527,Metrics/base_velocity/error_vel_yaw,0.26781654357910156,1781253789.8969078
19571,Metrics/base_velocity/error_vel_yaw,0.27252382040023804,1781254093.3341212
19615,Metrics/base_velocity/error_vel_yaw,0.2713119387626648,1781254396.421068
19659,Metrics/base_velocity/error_vel_yaw,0.26084721088409424,1781254701.3322694
19703,Metrics/base_velocity/error_vel_yaw,0.26236963272094727,1781255008.108284
19747,Metrics/base_velocity/error_vel_yaw,0.2620820999145508,1781255312.678904
19791,Metrics/base_velocity/error_vel_yaw,0.26295968890190125,1781255616.0343235
19835,Metrics/base_velocity/error_vel_yaw,0.2662099301815033,1781255922.4423292
19879,Metrics/base_velocity/error_vel_yaw,0.26488474011421204,1781256227.7657866
19923,Metrics/base_velocity/error_vel_yaw,0.2640005648136139,1781256533.107045
19967,Metrics/base_velocity/error_vel_yaw,0.25740694999694824,1781256838.137014
20011,Metrics/base_velocity/error_vel_yaw,0.25801798701286316,1781257141.9617488
20055,Metrics/base_velocity/error_vel_yaw,0.26080626249313354,1781257442.5062816
20099,Metrics/base_velocity/error_vel_yaw,0.2649047374725342,1781257746.3433986
20143,Metrics/base_velocity/error_vel_yaw,0.2615714371204376,1781258049.9772158
20187,Metrics/base_velocity/error_vel_yaw,0.2654683589935303,1781258352.964317
20231,Metrics/base_velocity/error_vel_yaw,0.26097601652145386,1781258655.0363657
20275,Metrics/base_velocity/error_vel_yaw,0.2575113773345947,1781258957.361056
20319,Metrics/base_velocity/error_vel_yaw,0.2597612142562866,1781259256.8230023
20363,Metrics/base_velocity/error_vel_yaw,0.2579045295715332,1781259558.5248032
20407,Metrics/base_velocity/error_vel_yaw,0.26360297203063965,1781259864.3083313
20451,Metrics/base_velocity/error_vel_yaw,0.2640834450721741,1781260168.5623336
20495,Metrics/base_velocity/error_vel_yaw,0.26740762591362,1781260473.0195835
20539,Metrics/base_velocity/error_vel_yaw,0.2609613537788391,1781260776.9043987
20583,Metrics/base_velocity/error_vel_yaw,0.2625124156475067,1781261081.2879558
20627,Metrics/base_velocity/error_vel_yaw,0.2638978362083435,1781261384.0602953
20671,Metrics/base_velocity/error_vel_yaw,0.2662849426269531,1781261688.3532302
20715,Metrics/base_velocity/error_vel_yaw,0.27153846621513367,1781261991.4335806
20759,Metrics/base_velocity/error_vel_yaw,0.2695610523223877,1781262291.9203625
20803,Metrics/base_velocity/error_vel_yaw,0.2682115435600281,1781262596.4842281
20847,Metrics/base_velocity/error_vel_yaw,0.26599156856536865,1781262947.9497411
20891,Metrics/base_velocity/error_vel_yaw,0.2638612687587738,1781263279.48268
20935,Metrics/base_velocity/error_vel_yaw,0.2666064202785492,1781263583.669877
20979,Metrics/base_velocity/error_vel_yaw,0.2708776593208313,1781263887.974488
21023,Metrics/base_velocity/error_vel_yaw,0.2747545838356018,1781264193.4425583
21067,Metrics/base_velocity/error_vel_yaw,0.27446067333221436,1781264485.4547176
21111,Metrics/base_velocity/error_vel_yaw,0.2703077495098114,1781264745.7526202
21155,Metrics/base_velocity/error_vel_yaw,0.27351516485214233,1781264991.291997
21199,Metrics/base_velocity/error_vel_yaw,0.26799261569976807,1781265237.2617693
21243,Metrics/base_velocity/error_vel_yaw,0.2706977427005768,1781265483.9030263
21287,Metrics/base_velocity/error_vel_yaw,0.2710312008857727,1781265728.4949567
21331,Metrics/base_velocity/error_vel_yaw,0.26633644104003906,1781265977.0001607
21375,Metrics/base_velocity/error_vel_yaw,0.26146477460861206,1781266212.6418576
21419,Metrics/base_velocity/error_vel_yaw,0.2647540271282196,1781266459.295121
21463,Metrics/base_velocity/error_vel_yaw,0.25872325897216797,1781266707.902729
21507,Metrics/base_velocity/error_vel_yaw,0.26158520579338074,1781266954.3540428
21551,Metrics/base_velocity/error_vel_yaw,0.2615835666656494,1781267198.8483992
21595,Metrics/base_velocity/error_vel_yaw,0.2585587203502655,1781267443.8553984
21639,Metrics/base_velocity/error_vel_yaw,0.2571997046470642,1781267688.6490574
21683,Metrics/base_velocity/error_vel_yaw,0.253444641828537,1781267939.0758913
21727,Metrics/base_velocity/error_vel_yaw,0.2547609210014343,1781268186.684618
21771,Metrics/base_velocity/error_vel_yaw,0.26226767897605896,1781268450.003984
21815,Metrics/base_velocity/error_vel_yaw,0.257555216550827,1781268698.2785053
21859,Metrics/base_velocity/error_vel_yaw,0.2536412477493286,1781268948.6726177
21903,Metrics/base_velocity/error_vel_yaw,0.26574206352233887,1781269198.9809363
21947,Metrics/base_velocity/error_vel_yaw,0.2795959413051605,1781269451.3857703
21991,Metrics/base_velocity/error_vel_yaw,0.2764759659767151,1781269700.9197967
22035,Metrics/base_velocity/error_vel_yaw,0.27538609504699707,1781269951.051007
22079,Metrics/base_velocity/error_vel_yaw,0.2730568051338196,1781270201.5512218
22123,Metrics/base_velocity/error_vel_yaw,0.2698431611061096,1781270451.9627817
22167,Metrics/base_velocity/error_vel_yaw,0.2653558850288391,1781270700.7725353
22211,Metrics/base_velocity/error_vel_yaw,0.26430556178092957,1781270949.6717534
22255,Metrics/base_velocity/error_vel_yaw,0.2579103708267212,1781271199.391895
22299,Metrics/base_velocity/error_vel_yaw,0.25348228216171265,1781271445.4167244
22343,Metrics/base_velocity/error_vel_yaw,0.25127074122428894,1781271696.204376
22387,Metrics/base_velocity/error_vel_yaw,0.25010713934898376,1781271938.9193866
22431,Metrics/base_velocity/error_vel_yaw,0.2485750913619995,1781272174.388455
22475,Metrics/base_velocity/error_vel_yaw,0.24492013454437256,1781272417.8756979
22519,Metrics/base_velocity/error_vel_yaw,0.24120144546031952,1781272671.4426694
22563,Metrics/base_velocity/error_vel_yaw,0.2413945198059082,1781272921.4125605
22607,Metrics/base_velocity/error_vel_yaw,0.2404823750257492,1781273167.7644224
22651,Metrics/base_velocity/error_vel_yaw,0.2422451674938202,1781273416.7423434
22695,Metrics/base_velocity/error_vel_yaw,0.2485997974872589,1781273673.2351367
22739,Metrics/base_velocity/error_vel_yaw,0.25396448373794556,1781273929.9857936
22783,Metrics/base_velocity/error_vel_yaw,0.2520780563354492,1781274172.831791
22827,Metrics/base_velocity/error_vel_yaw,0.26323047280311584,1781274419.1771
22871,Metrics/base_velocity/error_vel_yaw,0.2706221044063568,1781274672.2603173
22915,Metrics/base_velocity/error_vel_yaw,0.26811060309410095,1781274923.8268898
22959,Metrics/base_velocity/error_vel_yaw,0.25606828927993774,1781275170.1875262
23003,Metrics/base_velocity/error_vel_yaw,0.25698113441467285,1781275418.7914793
23047,Metrics/base_velocity/error_vel_yaw,0.25034067034721375,1781275666.3776755
23091,Metrics/base_velocity/error_vel_yaw,0.24408483505249023,1781275916.1446364
23135,Metrics/base_velocity/error_vel_yaw,0.2433411329984665,1781276165.5242963
23179,Metrics/base_velocity/error_vel_yaw,0.24257850646972656,1781276417.259511
23223,Metrics/base_velocity/error_vel_yaw,0.2472100853919983,1781276661.022023
23267,Metrics/base_velocity/error_vel_yaw,0.2463296353816986,1781276911.8306625
23311,Metrics/base_velocity/error_vel_yaw,0.25018033385276794,1781277162.8269734
23355,Metrics/base_velocity/error_vel_yaw,0.24926118552684784,1781277412.4952426
23399,Metrics/base_velocity/error_vel_yaw,0.2538449168205261,1781277653.6012251
23443,Metrics/base_velocity/error_vel_yaw,0.2541932463645935,1781277901.8969126
23487,Metrics/base_velocity/error_vel_yaw,0.25239884853363037,1781278152.4415483
23531,Metrics/base_velocity/error_vel_yaw,0.2508481442928314,1781278403.206691
23575,Metrics/base_velocity/error_vel_yaw,0.2460075318813324,1781278655.105946
23619,Metrics/base_velocity/error_vel_yaw,0.239431232213974,1781278903.7038023
23663,Metrics/base_velocity/error_vel_yaw,0.23964713513851166,1781279155.053135
23707,Metrics/base_velocity/error_vel_yaw,0.2394562065601349,1781279407.141709
23751,Metrics/base_velocity/error_vel_yaw,0.24092422425746918,1781279655.102474
23795,Metrics/base_velocity/error_vel_yaw,0.24189656972885132,1781279902.0785694
23839,Metrics/base_velocity/error_vel_yaw,0.24787959456443787,1781280150.773507
23883,Metrics/base_velocity/error_vel_yaw,0.24461697041988373,1781280399.6746967
23927,Metrics/base_velocity/error_vel_yaw,0.25538748502731323,1781280646.5946343
23971,Metrics/base_velocity/error_vel_yaw,0.2544121742248535,1781280897.395408
24015,Metrics/base_velocity/error_vel_yaw,0.24978232383728027,1781281147.6159775
24059,Metrics/base_velocity/error_vel_yaw,0.2430330216884613,1781281393.5164266
24103,Metrics/base_velocity/error_vel_yaw,0.2419975996017456,1781281644.150159
24147,Metrics/base_velocity/error_vel_yaw,0.23828600347042084,1781281895.3592894
24191,Metrics/base_velocity/error_vel_yaw,0.23749494552612305,1781282144.8756678
24235,Metrics/base_velocity/error_vel_yaw,0.23836390674114227,1781282397.7437594
24279,Metrics/base_velocity/error_vel_yaw,0.23313312232494354,1781282649.7007687
24323,Metrics/base_velocity/error_vel_yaw,0.22839544713497162,1781282900.7903326
24367,Metrics/base_velocity/error_vel_yaw,0.23332726955413818,1781283148.3674107
24411,Metrics/base_velocity/error_vel_yaw,0.24082247912883759,1781283400.8641074
24455,Metrics/base_velocity/error_vel_yaw,0.23877358436584473,1781283651.769507
24499,Metrics/base_velocity/error_vel_yaw,0.23860785365104675,1781283903.4809704
24543,Metrics/base_velocity/error_vel_yaw,0.23702125251293182,1781284154.1581347
24587,Metrics/base_velocity/error_vel_yaw,0.2354271411895752,1781284402.878139
24631,Metrics/base_velocity/error_vel_yaw,0.23299936950206757,1781284647.4469564
24675,Metrics/base_velocity/error_vel_yaw,0.23122994601726532,1781284897.2428536
24719,Metrics/base_velocity/error_vel_yaw,0.22749823331832886,1781285147.8459496
24763,Metrics/base_velocity/error_vel_yaw,0.22698351740837097,1781285396.2910926
24807,Metrics/base_velocity/error_vel_yaw,0.22931182384490967,1781285646.565591
24851,Metrics/base_velocity/error_vel_yaw,0.2317817658185959,1781285895.212492
24895,Metrics/base_velocity/error_vel_yaw,0.23144644498825073,1781286138.7782242
24939,Metrics/base_velocity/error_vel_yaw,0.22700302302837372,1781286388.1615198
24983,Metrics/base_velocity/error_vel_yaw,0.22935329377651215,1781286636.9241743
25027,Metrics/base_velocity/error_vel_yaw,0.23857823014259338,1781286885.9499989
25071,Metrics/base_velocity/error_vel_yaw,0.23427578806877136,1781287135.2661753
25115,Metrics/base_velocity/error_vel_yaw,0.23491649329662323,1781287380.6743877
25159,Metrics/base_velocity/error_vel_yaw,0.23201605677604675,1781287626.9040658
25203,Metrics/base_velocity/error_vel_yaw,0.23102878034114838,1781287865.1885946
25247,Metrics/base_velocity/error_vel_yaw,0.2395307719707489,1781288113.4084938
25291,Metrics/base_velocity/error_vel_yaw,0.23582518100738525,1781288363.884982
25335,Metrics/base_velocity/error_vel_yaw,0.2301362007856369,1781288609.9682496
25379,Metrics/base_velocity/error_vel_yaw,0.23188114166259766,1781288849.4537978
25423,Metrics/base_velocity/error_vel_yaw,0.22920843958854675,1781289098.1532896
25467,Metrics/base_velocity/error_vel_yaw,0.23102271556854248,1781289347.2964942
25511,Metrics/base_velocity/error_vel_yaw,0.22842806577682495,1781289596.8420796
25555,Metrics/base_velocity/error_vel_yaw,0.22529512643814087,1781289847.6569006
25599,Metrics/base_velocity/error_vel_yaw,0.22483223676681519,1781290096.6736932
25643,Metrics/base_velocity/error_vel_yaw,0.22978532314300537,1781290346.855511
25687,Metrics/base_velocity/error_vel_yaw,0.22901052236557007,1781290594.5036032
25731,Metrics/base_velocity/error_vel_yaw,0.22993203997612,1781290837.5610392
25775,Metrics/base_velocity/error_vel_yaw,0.22934870421886444,1781291081.3408172
25819,Metrics/base_velocity/error_vel_yaw,0.22979359328746796,1781291326.2834918
25863,Metrics/base_velocity/error_vel_yaw,0.2307243049144745,1781291571.692915
25907,Metrics/base_velocity/error_vel_yaw,0.23667435348033905,1781291810.3854923
25951,Metrics/base_velocity/error_vel_yaw,0.23267856240272522,1781292059.5792968
25995,Metrics/base_velocity/error_vel_yaw,0.236190527677536,1781292306.4495027
26039,Metrics/base_velocity/error_vel_yaw,0.23423413932323456,1781292550.7365901
26083,Metrics/base_velocity/error_vel_yaw,0.2302974909543991,1781292800.8950877
26127,Metrics/base_velocity/error_vel_yaw,0.22931025922298431,1781293046.2241783
26171,Metrics/base_velocity/error_vel_yaw,0.22835835814476013,1781293293.559197
26215,Metrics/base_velocity/error_vel_yaw,0.22639064490795135,1781293540.2780614
26259,Metrics/base_velocity/error_vel_yaw,0.22669148445129395,1781293783.0272782
26303,Metrics/base_velocity/error_vel_yaw,0.223248690366745,1781294030.1614168
26347,Metrics/base_velocity/error_vel_yaw,0.22505061328411102,1781294279.0358603
26391,Metrics/base_velocity/error_vel_yaw,0.22928789258003235,1781294527.4434526
26435,Metrics/base_velocity/error_vel_yaw,0.23447385430335999,1781294777.270671
26479,Metrics/base_velocity/error_vel_yaw,0.2316177785396576,1781295022.33001
26523,Metrics/base_velocity/error_vel_yaw,0.23018966615200043,1781295272.02916
26567,Metrics/base_velocity/error_vel_yaw,0.2338550090789795,1781295516.5091474
26611,Metrics/base_velocity/error_vel_yaw,0.23583728075027466,1781295760.9962626
26655,Metrics/base_velocity/error_vel_yaw,0.2321469634771347,1781295994.0415952
26699,Metrics/base_velocity/error_vel_yaw,0.23141849040985107,1781296237.0245345
26743,Metrics/base_velocity/error_vel_yaw,0.22830238938331604,1781296478.775869
26787,Metrics/base_velocity/error_vel_yaw,0.22841870784759521,1781296723.4902704
26831,Metrics/base_velocity/error_vel_yaw,0.22531360387802124,1781296970.9935074
26875,Metrics/base_velocity/error_vel_yaw,0.22062566876411438,1781297219.6278913
26919,Metrics/base_velocity/error_vel_yaw,0.22488561272621155,1781297466.0794134
26963,Metrics/base_velocity/error_vel_yaw,0.2240980863571167,1781297714.6942532
27007,Metrics/base_velocity/error_vel_yaw,0.22499465942382812,1781297961.7593222
27051,Metrics/base_velocity/error_vel_yaw,0.2224503457546234,1781298209.9764524
27095,Metrics/base_velocity/error_vel_yaw,0.22550642490386963,1781298458.9695113
27139,Metrics/base_velocity/error_vel_yaw,0.2294166535139084,1781298707.2001317
27183,Metrics/base_velocity/error_vel_yaw,0.22991995513439178,1781298952.215127
27227,Metrics/base_velocity/error_vel_yaw,0.22702428698539734,1781299200.20284
27271,Metrics/base_velocity/error_vel_yaw,0.2259240597486496,1781299448.9670708
27315,Metrics/base_velocity/error_vel_yaw,0.22532813251018524,1781299695.1397045
27359,Metrics/base_velocity/error_vel_yaw,0.22572267055511475,1781299942.0080853
27403,Metrics/base_velocity/error_vel_yaw,0.2226657271385193,1781300184.5438035
27447,Metrics/base_velocity/error_vel_yaw,0.22504982352256775,1781300431.9419787
27491,Metrics/base_velocity/error_vel_yaw,0.2191774845123291,1781300680.0656726
27535,Metrics/base_velocity/error_vel_yaw,0.21647050976753235,1781300928.175794
27579,Metrics/base_velocity/error_vel_yaw,0.21645453572273254,1781301174.2937832
27623,Metrics/base_velocity/error_vel_yaw,0.2227226346731186,1781301421.3106606
27667,Metrics/base_velocity/error_vel_yaw,0.22920629382133484,1781301668.926136
27711,Metrics/base_velocity/error_vel_yaw,0.23041105270385742,1781301916.5531778
27755,Metrics/base_velocity/error_vel_yaw,0.23020315170288086,1781302162.000552
27799,Metrics/base_velocity/error_vel_yaw,0.22726665437221527,1781302411.4260533
27843,Metrics/base_velocity/error_vel_yaw,0.22353462874889374,1781302660.756209
27887,Metrics/base_velocity/error_vel_yaw,0.2214406430721283,1781302910.3234825
27931,Metrics/base_velocity/error_vel_yaw,0.2175363302230835,1781303158.737092
27975,Metrics/base_velocity/error_vel_yaw,0.21906815469264984,1781303407.013246
28019,Metrics/base_velocity/error_vel_yaw,0.21976158022880554,1781303656.0115235
28063,Metrics/base_velocity/error_vel_yaw,0.22459572553634644,1781303905.1231363
28107,Metrics/base_velocity/error_vel_yaw,0.22903677821159363,1781304153.269411
28151,Metrics/base_velocity/error_vel_yaw,0.2246505320072174,1781304399.2262876
28195,Metrics/base_velocity/error_vel_yaw,0.22242027521133423,1781304646.875364
28239,Metrics/base_velocity/error_vel_yaw,0.21909096837043762,1781304881.5790222
28283,Metrics/base_velocity/error_vel_yaw,0.2206268012523651,1781305087.6080835
28327,Metrics/base_velocity/error_vel_yaw,0.2183917760848999,1781305292.005212
28371,Metrics/base_velocity/error_vel_yaw,0.2169044017791748,1781305497.9748313
28415,Metrics/base_velocity/error_vel_yaw,0.2260081022977829,1781305705.2402954
28459,Metrics/base_velocity/error_vel_yaw,0.22740386426448822,1781305912.3025348
28503,Metrics/base_velocity/error_vel_yaw,0.22623483836650848,1781306118.940832
28547,Metrics/base_velocity/error_vel_yaw,0.22257189452648163,1781306325.162905
28591,Metrics/base_velocity/error_vel_yaw,0.2203834056854248,1781306533.6188438
28635,Metrics/base_velocity/error_vel_yaw,0.2219085395336151,1781306739.305117
28679,Metrics/base_velocity/error_vel_yaw,0.22402024269104004,1781306945.9808493
28723,Metrics/base_velocity/error_vel_yaw,0.2249058485031128,1781307153.3263314
28767,Metrics/base_velocity/error_vel_yaw,0.2233811318874359,1781307360.8728576
28811,Metrics/base_velocity/error_vel_yaw,0.2243550717830658,1781307567.412765
28855,Metrics/base_velocity/error_vel_yaw,0.22093866765499115,1781307773.8602114
28899,Metrics/base_velocity/error_vel_yaw,0.21902982890605927,1781307978.941737
28943,Metrics/base_velocity/error_vel_yaw,0.21775749325752258,1781308185.2846975
28987,Metrics/base_velocity/error_vel_yaw,0.21882706880569458,1781308390.3432634
29031,Metrics/base_velocity/error_vel_yaw,0.22823356091976166,1781308596.5854516
29075,Metrics/base_velocity/error_vel_yaw,0.22681042551994324,1781308802.1606183
29119,Metrics/base_velocity/error_vel_yaw,0.2268815040588379,1781309008.8579342
29163,Metrics/base_velocity/error_vel_yaw,0.2260497808456421,1781309214.3283165
29207,Metrics/base_velocity/error_vel_yaw,0.22952160239219666,1781309419.2294939
29251,Metrics/base_velocity/error_vel_yaw,0.22820863127708435,1781309624.736962
29295,Metrics/base_velocity/error_vel_yaw,0.22380249202251434,1781309829.788338
29339,Metrics/base_velocity/error_vel_yaw,0.22066804766654968,1781310034.3925643
29383,Metrics/base_velocity/error_vel_yaw,0.2197701632976532,1781310239.8640227
29427,Metrics/base_velocity/error_vel_yaw,0.2161596268415451,1781310445.9411936
29471,Metrics/base_velocity/error_vel_yaw,0.21740233898162842,1781310650.4938672
29515,Metrics/base_velocity/error_vel_yaw,0.2208479344844818,1781310855.0951571
29559,Metrics/base_velocity/error_vel_yaw,0.21773497760295868,1781311059.5979638
29603,Metrics/base_velocity/error_vel_yaw,0.21827726066112518,1781311265.2439888
29647,Metrics/base_velocity/error_vel_yaw,0.2201753854751587,1781311471.2727988
29691,Metrics/base_velocity/error_vel_yaw,0.21781659126281738,1781311675.2770457
29735,Metrics/base_velocity/error_vel_yaw,0.22350585460662842,1781311882.0327828
29779,Metrics/base_velocity/error_vel_yaw,0.23007985949516296,1781312086.9460256
29823,Metrics/base_velocity/error_vel_yaw,0.2268173098564148,1781312293.0007677
29867,Metrics/base_velocity/error_vel_yaw,0.22306852042675018,1781312498.3751078
29911,Metrics/base_velocity/error_vel_yaw,0.22318606078624725,1781312704.183359
29955,Metrics/base_velocity/error_vel_yaw,0.23640242218971252,1781312909.523889
29999,Metrics/base_velocity/error_vel_yaw,0.23464660346508026,1781313113.9817822
30043,Metrics/base_velocity/error_vel_yaw,0.23014597594738007,1781313318.35523
30087,Metrics/base_velocity/error_vel_yaw,0.22684970498085022,1781313524.172612
30131,Metrics/base_velocity/error_vel_yaw,0.22303645312786102,1781313729.1655037
30175,Metrics/base_velocity/error_vel_yaw,0.22634780406951904,1781313933.8737328
30219,Metrics/base_velocity/error_vel_yaw,0.22593925893306732,1781314138.645811
30263,Metrics/base_velocity/error_vel_yaw,0.22945921123027802,1781314343.7967565
30307,Metrics/base_velocity/error_vel_yaw,0.23050324618816376,1781314548.1426811
30351,Metrics/base_velocity/error_vel_yaw,0.23349902033805847,1781314754.178232
30395,Metrics/base_velocity/error_vel_yaw,0.23234546184539795,1781314960.9816153
30439,Metrics/base_velocity/error_vel_yaw,0.2257075011730194,1781315165.7373962
30483,Metrics/base_velocity/error_vel_yaw,0.2206648290157318,1781315372.2972512
30527,Metrics/base_velocity/error_vel_yaw,0.21760889887809753,1781315578.6568897
30571,Metrics/base_velocity/error_vel_yaw,0.2174699306488037,1781315784.318158
30615,Metrics/base_velocity/error_vel_yaw,0.2164144515991211,1781315989.9061973
30659,Metrics/base_velocity/error_vel_yaw,0.22124037146568298,1781316195.4462416
30703,Metrics/base_velocity/error_vel_yaw,0.22367537021636963,1781316402.997451
30747,Metrics/base_velocity/error_vel_yaw,0.21981430053710938,1781316609.5773973
30791,Metrics/base_velocity/error_vel_yaw,0.22479292750358582,1781316815.5674384
30835,Metrics/base_velocity/error_vel_yaw,0.227463960647583,1781317021.9951313
30879,Metrics/base_velocity/error_vel_yaw,0.22023186087608337,1781317229.0013492
30923,Metrics/base_velocity/error_vel_yaw,0.22431014478206635,1781317435.9832332
30967,Metrics/base_velocity/error_vel_yaw,0.22404079139232635,1781317641.958813
31011,Metrics/base_velocity/error_vel_yaw,0.22611185908317566,1781317847.246806
31055,Metrics/base_velocity/error_vel_yaw,0.22359615564346313,1781318054.4584613
31099,Metrics/base_velocity/error_vel_yaw,0.22245299816131592,1781318260.600923
31143,Metrics/base_velocity/error_vel_yaw,0.2279987782239914,1781318467.4881897
31187,Metrics/base_velocity/error_vel_yaw,0.2281704992055893,1781318673.8165827
31231,Metrics/base_velocity/error_vel_yaw,0.22511345148086548,1781318879.5483658
31275,Metrics/base_velocity/error_vel_yaw,0.22135421633720398,1781319084.8633564
31319,Metrics/base_velocity/error_vel_yaw,0.22164033353328705,1781319290.8701124
31363,Metrics/base_velocity/error_vel_yaw,0.22309529781341553,1781319497.410744
31407,Metrics/base_velocity/error_vel_yaw,0.22172795236110687,1781319703.1769896
31451,Metrics/base_velocity/error_vel_yaw,0.22438740730285645,1781319908.3185203
31495,Metrics/base_velocity/error_vel_yaw,0.2218586504459381,1781320114.1621914
31539,Metrics/base_velocity/error_vel_yaw,0.22044143080711365,1781320321.0670092
31583,Metrics/base_velocity/error_vel_yaw,0.21936622262001038,1781320526.7729757
31627,Metrics/base_velocity/error_vel_yaw,0.2262359857559204,1781320733.9866712
31671,Metrics/base_velocity/error_vel_yaw,0.2260476052761078,1781320940.4159179
31715,Metrics/base_velocity/error_vel_yaw,0.22557668387889862,1781321147.1182237
31759,Metrics/base_velocity/error_vel_yaw,0.2240757793188095,1781321354.20576
31803,Metrics/base_velocity/error_vel_yaw,0.21825763583183289,1781321561.1280344
31847,Metrics/base_velocity/error_vel_yaw,0.21645021438598633,1781321765.927809
31891,Metrics/base_velocity/error_vel_yaw,0.2140093296766281,1781321972.2194657
31935,Metrics/base_velocity/error_vel_yaw,0.21164123713970184,1781322178.2798994
31979,Metrics/base_velocity/error_vel_yaw,0.21149054169654846,1781322384.1815019
32023,Metrics/base_velocity/error_vel_yaw,0.22489792108535767,1781322590.478764
32067,Metrics/base_velocity/error_vel_yaw,0.23543131351470947,1781322795.1942785
32111,Metrics/base_velocity/error_vel_yaw,0.233051598072052,1781323001.472347
32155,Metrics/base_velocity/error_vel_yaw,0.22686806321144104,1781323207.3112402
32199,Metrics/base_velocity/error_vel_yaw,0.23091134428977966,1781323413.7627575
32243,Metrics/base_velocity/error_vel_yaw,0.22712640464305878,1781323620.7474082
32287,Metrics/base_velocity/error_vel_yaw,0.22754046320915222,1781323826.2707458
32331,Metrics/base_velocity/error_vel_yaw,0.22563408315181732,1781324032.9580226
32375,Metrics/base_velocity/error_vel_yaw,0.2207363098859787,1781324238.6375923
32419,Metrics/base_velocity/error_vel_yaw,0.2171459197998047,1781324443.5991063
32463,Metrics/base_velocity/error_vel_yaw,0.2159968912601471,1781324649.0781767
32507,Metrics/base_velocity/error_vel_yaw,0.2145870327949524,1781324856.7812207
32551,Metrics/base_velocity/error_vel_yaw,0.21131101250648499,1781325061.689177
32595,Metrics/base_velocity/error_vel_yaw,0.21261267364025116,1781325267.5197637
32639,Metrics/base_velocity/error_vel_yaw,0.21691815555095673,1781325473.4372952
32683,Metrics/base_velocity/error_vel_yaw,0.2159799039363861,1781325678.4956298
32727,Metrics/base_velocity/error_vel_yaw,0.21783962845802307,1781325885.0987604
32771,Metrics/base_velocity/error_vel_yaw,0.21554255485534668,1781326090.7962353
32815,Metrics/base_velocity/error_vel_yaw,0.21223163604736328,1781326297.8363636
32859,Metrics/base_velocity/error_vel_yaw,0.20878875255584717,1781326503.1373956
32903,Metrics/base_velocity/error_vel_yaw,0.21200665831565857,1781326707.1898353
32947,Metrics/base_velocity/error_vel_yaw,0.21311871707439423,1781326913.0643873
32991,Metrics/base_velocity/error_vel_yaw,0.21578538417816162,1781327120.4239666
33035,Metrics/base_velocity/error_vel_yaw,0.21964912116527557,1781327327.1316803
33079,Metrics/base_velocity/error_vel_yaw,0.2165902853012085,1781327542.9544435
33123,Metrics/base_velocity/error_vel_yaw,0.21433329582214355,1781327752.7979128
33167,Metrics/base_velocity/error_vel_yaw,0.21013092994689941,1781327959.85167
33211,Metrics/base_velocity/error_vel_yaw,0.2070610523223877,1781328166.3025498
33255,Metrics/base_velocity/error_vel_yaw,0.20647603273391724,1781328372.487646
33299,Metrics/base_velocity/error_vel_yaw,0.20559881627559662,1781328578.2192876
33343,Metrics/base_velocity/error_vel_yaw,0.20480549335479736,1781328783.727494
33387,Metrics/base_velocity/error_vel_yaw,0.20686832070350647,1781328988.6356955
33431,Metrics/base_velocity/error_vel_yaw,0.21331781148910522,1781329194.384118
33475,Metrics/base_velocity/error_vel_yaw,0.21492056548595428,1781329399.5480757
33519,Metrics/base_velocity/error_vel_yaw,0.21801835298538208,1781329604.872453
33563,Metrics/base_velocity/error_vel_yaw,0.21619533002376556,1781329808.5525665
33607,Metrics/base_velocity/error_vel_yaw,0.22115829586982727,1781330012.7261426
33651,Metrics/base_velocity/error_vel_yaw,0.21777717769145966,1781330218.4507802
33695,Metrics/base_velocity/error_vel_yaw,0.2151188850402832,1781330424.0796833
33739,Metrics/base_velocity/error_vel_yaw,0.22004090249538422,1781330629.0348666
33783,Metrics/base_velocity/error_vel_yaw,0.21582871675491333,1781330833.477917
33827,Metrics/base_velocity/error_vel_yaw,0.2159813493490219,1781331039.9171999
33871,Metrics/base_velocity/error_vel_yaw,0.21271321177482605,1781331244.8833919
33915,Metrics/base_velocity/error_vel_yaw,0.21532437205314636,1781331451.294194
33959,Metrics/base_velocity/error_vel_yaw,0.21267595887184143,1781331657.1821656
34003,Metrics/base_velocity/error_vel_yaw,0.20791815221309662,1781331863.7250896
34047,Metrics/base_velocity/error_vel_yaw,0.20636940002441406,1781332068.393226
34091,Metrics/base_velocity/error_vel_yaw,0.20851509273052216,1781332274.6571784
34135,Metrics/base_velocity/error_vel_yaw,0.20713651180267334,1781332479.431291
34179,Metrics/base_velocity/error_vel_yaw,0.20587186515331268,1781332685.2196372
34223,Metrics/base_velocity/error_vel_yaw,0.20820236206054688,1781332890.4075506
34267,Metrics/base_velocity/error_vel_yaw,0.20763425529003143,1781333096.0897393
34311,Metrics/base_velocity/error_vel_yaw,0.2064272165298462,1781333301.8386443
34355,Metrics/base_velocity/error_vel_yaw,0.2079845666885376,1781333507.9107862
34399,Metrics/base_velocity/error_vel_yaw,0.2159717082977295,1781333714.434863
34443,Metrics/base_velocity/error_vel_yaw,0.21319495141506195,1781333920.7867877
34487,Metrics/base_velocity/error_vel_yaw,0.22255587577819824,1781334125.753634
34531,Metrics/base_velocity/error_vel_yaw,0.22369413077831268,1781334330.29208
34575,Metrics/base_velocity/error_vel_yaw,0.2263939082622528,1781334535.684449
34619,Metrics/base_velocity/error_vel_yaw,0.22802841663360596,1781334742.1301699
34663,Metrics/base_velocity/error_vel_yaw,0.22325924038887024,1781334946.0943089
34707,Metrics/base_velocity/error_vel_yaw,0.2242693305015564,1781335151.3729327
34751,Metrics/base_velocity/error_vel_yaw,0.22525213658809662,1781335357.2467103
34795,Metrics/base_velocity/error_vel_yaw,0.2253810167312622,1781335563.1001728
34839,Metrics/base_velocity/error_vel_yaw,0.22327321767807007,1781335769.727255
34883,Metrics/base_velocity/error_vel_yaw,0.22417716681957245,1781335975.7632692
34927,Metrics/base_velocity/error_vel_yaw,0.220920130610466,1781336182.4916792
34971,Metrics/base_velocity/error_vel_yaw,0.2158818542957306,1781336388.8425689
35015,Metrics/base_velocity/error_vel_yaw,0.21134714782238007,1781336593.9771397
35059,Metrics/base_velocity/error_vel_yaw,0.21261082589626312,1781336800.2817674
35103,Metrics/base_velocity/error_vel_yaw,0.21321110427379608,1781337005.5724206
35147,Metrics/base_velocity/error_vel_yaw,0.21208906173706055,1781337210.7426658
35191,Metrics/base_velocity/error_vel_yaw,0.21853230893611908,1781337415.226879
35235,Metrics/base_velocity/error_vel_yaw,0.21615156531333923,1781337620.2537708
35279,Metrics/base_velocity/error_vel_yaw,0.2120647430419922,1781337826.2567632
35323,Metrics/base_velocity/error_vel_yaw,0.20744971930980682,1781338032.9337146
35367,Metrics/base_velocity/error_vel_yaw,0.20547018945217133,1781338238.1242127
35411,Metrics/base_velocity/error_vel_yaw,0.2007560431957245,1781338443.6473787
35455,Metrics/base_velocity/error_vel_yaw,0.20418338477611542,1781338650.114983
35499,Metrics/base_velocity/error_vel_yaw,0.20475339889526367,1781338854.9778872
35543,Metrics/base_velocity/error_vel_yaw,0.2023896425962448,1781339060.9042501
35587,Metrics/base_velocity/error_vel_yaw,0.20680055022239685,1781339266.7033126
35631,Metrics/base_velocity/error_vel_yaw,0.21323935687541962,1781339471.8306081
35675,Metrics/base_velocity/error_vel_yaw,0.21107280254364014,1781339676.3639627
35719,Metrics/base_velocity/error_vel_yaw,0.20850317180156708,1781339882.0703537
35763,Metrics/base_velocity/error_vel_yaw,0.20810334384441376,1781340087.3039258
35807,Metrics/base_velocity/error_vel_yaw,0.20959049463272095,1781340293.2822807
35851,Metrics/base_velocity/error_vel_yaw,0.21639639139175415,1781340499.2970839
35895,Metrics/base_velocity/error_vel_yaw,0.21989600360393524,1781340705.4083676
35939,Metrics/base_velocity/error_vel_yaw,0.21908631920814514,1781340910.4219806
35983,Metrics/base_velocity/error_vel_yaw,0.2176259458065033,1781341117.398745
36027,Metrics/base_velocity/error_vel_yaw,0.2141927182674408,1781341323.3616717
36071,Metrics/base_velocity/error_vel_yaw,0.21456238627433777,1781341529.0600092
36115,Metrics/base_velocity/error_vel_yaw,0.22418950498104095,1781341734.8585997
36159,Metrics/base_velocity/error_vel_yaw,0.2268902063369751,1781341940.9288237
36203,Metrics/base_velocity/error_vel_yaw,0.22266194224357605,1781342146.380001
36247,Metrics/base_velocity/error_vel_yaw,0.22126393020153046,1781342351.7465346
36291,Metrics/base_velocity/error_vel_yaw,0.22437825798988342,1781342556.0183883
36335,Metrics/base_velocity/error_vel_yaw,0.22659149765968323,1781342760.6121259
36379,Metrics/base_velocity/error_vel_yaw,0.224294513463974,1781342966.6411219
36423,Metrics/base_velocity/error_vel_yaw,0.22335898876190186,1781343172.204076
36467,Metrics/base_velocity/error_vel_yaw,0.2302781045436859,1781343377.9494364
36511,Metrics/base_velocity/error_vel_yaw,0.2319364845752716,1781343585.6125748
36555,Metrics/base_velocity/error_vel_yaw,0.22504167258739471,1781343791.9520779
36599,Metrics/base_velocity/error_vel_yaw,0.22909514605998993,1781343999.0635204
36643,Metrics/base_velocity/error_vel_yaw,0.23181353509426117,1781344205.709058
36687,Metrics/base_velocity/error_vel_yaw,0.2332293838262558,1781344411.0520365
36731,Metrics/base_velocity/error_vel_yaw,0.22898833453655243,1781344616.1350188
36775,Metrics/base_velocity/error_vel_yaw,0.23220723867416382,1781344819.6334372
36819,Metrics/base_velocity/error_vel_yaw,0.2274419516324997,1781345024.817608
36863,Metrics/base_velocity/error_vel_yaw,0.23261849582195282,1781345230.077253
36907,Metrics/base_velocity/error_vel_yaw,0.22693376243114471,1781345435.1415749
36951,Metrics/base_velocity/error_vel_yaw,0.23254647850990295,1781345639.9486253
36995,Metrics/base_velocity/error_vel_yaw,0.23743289709091187,1781345845.04253
37039,Metrics/base_velocity/error_vel_yaw,0.22952798008918762,1781346050.7760544
37083,Metrics/base_velocity/error_vel_yaw,0.23379504680633545,1781346257.937608
37127,Metrics/base_velocity/error_vel_yaw,0.23386013507843018,1781346464.874688
37171,Metrics/base_velocity/error_vel_yaw,0.23683683574199677,1781346671.3561866
37215,Metrics/base_velocity/error_vel_yaw,0.23826488852500916,1781346876.863167
37259,Metrics/base_velocity/error_vel_yaw,0.22697483003139496,1781347084.1459808
37303,Metrics/base_velocity/error_vel_yaw,0.22492659091949463,1781347289.3795502
37347,Metrics/base_velocity/error_vel_yaw,0.22990457713603973,1781347494.4218311
37391,Metrics/base_velocity/error_vel_yaw,0.22551167011260986,1781347700.571926
37435,Metrics/base_velocity/error_vel_yaw,0.2322547286748886,1781347906.4080963
37479,Metrics/base_velocity/error_vel_yaw,0.227340966463089,1781348112.743607
37523,Metrics/base_velocity/error_vel_yaw,0.22224551439285278,1781348318.4121556
37567,Metrics/base_velocity/error_vel_yaw,0.22436681389808655,1781348523.9977689
37611,Metrics/base_velocity/error_vel_yaw,0.219576895236969,1781348730.7995021
37655,Metrics/base_velocity/error_vel_yaw,0.2236483097076416,1781348935.7331052
37699,Metrics/base_velocity/error_vel_yaw,0.23051874339580536,1781349142.303626
37743,Metrics/base_velocity/error_vel_yaw,0.23029637336730957,1781349347.6821847
37787,Metrics/base_velocity/error_vel_yaw,0.23236005008220673,1781349553.1862097
37831,Metrics/base_velocity/error_vel_yaw,0.2217773199081421,1781349759.9488878
37875,Metrics/base_velocity/error_vel_yaw,0.21858665347099304,1781349966.7068675
37919,Metrics/base_velocity/error_vel_yaw,0.21370166540145874,1781350174.3685937
37963,Metrics/base_velocity/error_vel_yaw,0.2068404257297516,1781350374.500744
38007,Metrics/base_velocity/error_vel_yaw,0.2134023755788803,1781350577.6338184
38051,Metrics/base_velocity/error_vel_yaw,0.21017813682556152,1781350783.737846
38095,Metrics/base_velocity/error_vel_yaw,0.20900259912014008,1781350987.26678
38139,Metrics/base_velocity/error_vel_yaw,0.2133333534002304,1781351193.7622464
38183,Metrics/base_velocity/error_vel_yaw,0.21344010531902313,1781351399.868015
38227,Metrics/base_velocity/error_vel_yaw,0.21685978770256042,1781351607.0258205
38271,Metrics/base_velocity/error_vel_yaw,0.21554505825042725,1781351814.4046965
38315,Metrics/base_velocity/error_vel_yaw,0.2165769338607788,1781352020.7003546
38359,Metrics/base_velocity/error_vel_yaw,0.21468870341777802,1781352226.5838487
38403,Metrics/base_velocity/error_vel_yaw,0.21525844931602478,1781352433.8219671
38447,Metrics/base_velocity/error_vel_yaw,0.20796214044094086,1781352641.062977
38491,Metrics/base_velocity/error_vel_yaw,0.2088494598865509,1781352846.1495237
38535,Metrics/base_velocity/error_vel_yaw,0.2074349820613861,1781353050.9017408
38579,Metrics/base_velocity/error_vel_yaw,0.21354222297668457,1781353254.0663316
38623,Metrics/base_velocity/error_vel_yaw,0.21113461256027222,1781353460.0020878
38667,Metrics/base_velocity/error_vel_yaw,0.2105395495891571,1781353665.1317701
38711,Metrics/base_velocity/error_vel_yaw,0.2069268673658371,1781353871.390165
38755,Metrics/base_velocity/error_vel_yaw,0.2057284414768219,1781354077.363869
38799,Metrics/base_velocity/error_vel_yaw,0.2043025940656662,1781354284.9219263
38843,Metrics/base_velocity/error_vel_yaw,0.20478682219982147,1781354491.6816897
38887,Metrics/base_velocity/error_vel_yaw,0.20125576853752136,1781354700.2284365
38931,Metrics/base_velocity/error_vel_yaw,0.20186802744865417,1781354907.6235776
38975,Metrics/base_velocity/error_vel_yaw,0.2113237977027893,1781355113.8275888
39019,Metrics/base_velocity/error_vel_yaw,0.21412746608257294,1781355320.636861
39063,Metrics/base_velocity/error_vel_yaw,0.21337217092514038,1781355529.0160868
39107,Metrics/base_velocity/error_vel_yaw,0.21768364310264587,1781355735.376071
39151,Metrics/base_velocity/error_vel_yaw,0.21157126128673553,1781355941.3912745
39195,Metrics/base_velocity/error_vel_yaw,0.2098694145679474,1781356147.657293
39239,Metrics/base_velocity/error_vel_yaw,0.21146094799041748,1781356354.4572692
39283,Metrics/base_velocity/error_vel_yaw,0.22609958052635193,1781356561.8893416
39327,Metrics/base_velocity/error_vel_yaw,0.22964999079704285,1781356768.6487772
39371,Metrics/base_velocity/error_vel_yaw,0.22299200296401978,1781356975.3441355
39415,Metrics/base_velocity/error_vel_yaw,0.22887484729290009,1781357181.5550134
39459,Metrics/base_velocity/error_vel_yaw,0.22524338960647583,1781357387.574175
39503,Metrics/base_velocity/error_vel_yaw,0.21399353444576263,1781357594.9256275
39547,Metrics/base_velocity/error_vel_yaw,0.21438941359519958,1781357801.763139
39591,Metrics/base_velocity/error_vel_yaw,0.21411219239234924,1781358008.283545
39635,Metrics/base_velocity/error_vel_yaw,0.21734623610973358,1781358214.7848208
39679,Metrics/base_velocity/error_vel_yaw,0.21444444358348846,1781358421.9595528
39723,Metrics/base_velocity/error_vel_yaw,0.22216640412807465,1781358627.7982976
39767,Metrics/base_velocity/error_vel_yaw,0.22688744962215424,1781358833.1323712
39811,Metrics/base_velocity/error_vel_yaw,0.22196945548057556,1781359026.9677296
39855,Metrics/base_velocity/error_vel_yaw,0.23387348651885986,1781359233.2442465
39899,Metrics/base_velocity/error_vel_yaw,0.2299661487340927,1781359440.5608728
39943,Metrics/base_velocity/error_vel_yaw,0.22987817227840424,1781359648.098853
39987,Metrics/base_velocity/error_vel_yaw,0.22455912828445435,1781359856.3949206
40031,Metrics/base_velocity/error_vel_yaw,0.21976912021636963,1781360060.1399949
40075,Metrics/base_velocity/error_vel_yaw,0.21199475228786469,1781360263.2921042
40119,Metrics/base_velocity/error_vel_yaw,0.2127244472503662,1781360470.6515226
40163,Metrics/base_velocity/error_vel_yaw,0.21182489395141602,1781360677.1617274
40207,Metrics/base_velocity/error_vel_yaw,0.2132648527622223,1781360884.239254
40251,Metrics/base_velocity/error_vel_yaw,0.21085882186889648,1781361091.4139254
40295,Metrics/base_velocity/error_vel_yaw,0.21065299212932587,1781361298.1206312
40339,Metrics/base_velocity/error_vel_yaw,0.20648805797100067,1781361505.5868618
40383,Metrics/base_velocity/error_vel_yaw,0.2048439234495163,1781361712.5005968
40427,Metrics/base_velocity/error_vel_yaw,0.20193776488304138,1781361919.548065
40471,Metrics/base_velocity/error_vel_yaw,0.21292273700237274,1781362126.45243
40515,Metrics/base_velocity/error_vel_yaw,0.21029572188854218,1781362333.403561
40559,Metrics/base_velocity/error_vel_yaw,0.21110564470291138,1781362539.7790759
40603,Metrics/base_velocity/error_vel_yaw,0.2105727195739746,1781362745.4987245
40647,Metrics/base_velocity/error_vel_yaw,0.20605748891830444,1781362951.9599903
40691,Metrics/base_velocity/error_vel_yaw,0.20270612835884094,1781363157.8575654
40735,Metrics/base_velocity/error_vel_yaw,0.1985832303762436,1781363363.6297634
40779,Metrics/base_velocity/error_vel_yaw,0.20100688934326172,1781363569.3072708
40823,Metrics/base_velocity/error_vel_yaw,0.20248572528362274,1781363774.5472264
40867,Metrics/base_velocity/error_vel_yaw,0.19406193494796753,1781363981.3741593
40911,Metrics/base_velocity/error_vel_yaw,0.19231896102428436,1781364187.7021892
40955,Metrics/base_velocity/error_vel_yaw,0.19689743220806122,1781364394.3115797
40999,Metrics/base_velocity/error_vel_yaw,0.1963084638118744,1781364601.375194
41043,Metrics/base_velocity/error_vel_yaw,0.20000240206718445,1781364807.203312
41087,Metrics/base_velocity/error_vel_yaw,0.19809268414974213,1781365014.0614586
41131,Metrics/base_velocity/error_vel_yaw,0.2034747302532196,1781365219.8948734
41175,Metrics/base_velocity/error_vel_yaw,0.2053222358226776,1781365428.1171904
41219,Metrics/base_velocity/error_vel_yaw,0.20008152723312378,1781365634.9642081
41263,Metrics/base_velocity/error_vel_yaw,0.19941096007823944,1781365841.2339318
41307,Metrics/base_velocity/error_vel_yaw,0.20335432887077332,1781366049.3927307
41351,Metrics/base_velocity/error_vel_yaw,0.20656459033489227,1781366256.8324149
41395,Metrics/base_velocity/error_vel_yaw,0.20645347237586975,1781366462.754422
41439,Metrics/base_velocity/error_vel_yaw,0.20594476163387299,1781366668.5827873
41483,Metrics/base_velocity/error_vel_yaw,0.2089652419090271,1781366875.5127463
41527,Metrics/base_velocity/error_vel_yaw,0.20107309520244598,1781367081.1530411
41571,Metrics/base_velocity/error_vel_yaw,0.19608962535858154,1781367287.730242
41615,Metrics/base_velocity/error_vel_yaw,0.2014400213956833,1781367495.6452763
41659,Metrics/base_velocity/error_vel_yaw,0.19812452793121338,1781367702.7472568
41703,Metrics/base_velocity/error_vel_yaw,0.20677658915519714,1781367910.7826247
41747,Metrics/base_velocity/error_vel_yaw,0.19802778959274292,1781368118.2459524
41791,Metrics/base_velocity/error_vel_yaw,0.19711431860923767,1781368325.0808463
41835,Metrics/base_velocity/error_vel_yaw,0.19332574307918549,1781368531.489775
41879,Metrics/base_velocity/error_vel_yaw,0.1919790506362915,1781368738.9848704
41923,Metrics/base_velocity/error_vel_yaw,0.21090149879455566,1781368945.8370206
41967,Metrics/base_velocity/error_vel_yaw,0.21262547373771667,1781369152.984184
42011,Metrics/base_velocity/error_vel_yaw,0.20912133157253265,1781369360.9735343
42055,Metrics/base_velocity/error_vel_yaw,0.2076638787984848,1781369568.7996206
42099,Metrics/base_velocity/error_vel_yaw,0.2047043740749359,1781369776.3618534
42143,Metrics/base_velocity/error_vel_yaw,0.20446431636810303,1781369983.1641629
42187,Metrics/base_velocity/error_vel_yaw,0.2041710913181305,1781370189.1215498
42231,Metrics/base_velocity/error_vel_yaw,0.19908654689788818,1781370392.2781746
42275,Metrics/base_velocity/error_vel_yaw,0.19923073053359985,1781370599.6455812
42319,Metrics/base_velocity/error_vel_yaw,0.19729623198509216,1781370805.9170623
42363,Metrics/base_velocity/error_vel_yaw,0.20203106105327606,1781371013.518168
42407,Metrics/base_velocity/error_vel_yaw,0.20786058902740479,1781371220.0791097
42451,Metrics/base_velocity/error_vel_yaw,0.20626196265220642,1781371425.8811014
42495,Metrics/base_velocity/error_vel_yaw,0.20408964157104492,1781371632.2572083
42539,Metrics/base_velocity/error_vel_yaw,0.20173963904380798,1781371837.659345
42583,Metrics/base_velocity/error_vel_yaw,0.20580825209617615,1781372043.6702068
42627,Metrics/base_velocity/error_vel_yaw,0.21496866643428802,1781372251.227153
42671,Metrics/base_velocity/error_vel_yaw,0.20920467376708984,1781372456.5191896
42715,Metrics/base_velocity/error_vel_yaw,0.19990849494934082,1781372663.3919742
42759,Metrics/base_velocity/error_vel_yaw,0.1998261660337448,1781372870.8916514
42803,Metrics/base_velocity/error_vel_yaw,0.21128122508525848,1781373078.4109926
42847,Metrics/base_velocity/error_vel_yaw,0.21516220271587372,1781373284.3155584
42891,Metrics/base_velocity/error_vel_yaw,0.2108343094587326,1781373488.1966481
42935,Metrics/base_velocity/error_vel_yaw,0.20859365165233612,1781373693.7612839
42979,Metrics/base_velocity/error_vel_yaw,0.21128986775875092,1781373899.8674488
43023,Metrics/base_velocity/error_vel_yaw,0.21044179797172546,1781374105.9323897
43067,Metrics/base_velocity/error_vel_yaw,0.20923998951911926,1781374311.568294
43111,Metrics/base_velocity/error_vel_yaw,0.21835243701934814,1781374518.4226465
43155,Metrics/base_velocity/error_vel_yaw,0.21315565705299377,1781374723.9063885
43199,Metrics/base_velocity/error_vel_yaw,0.22110585868358612,1781374930.1969898
43243,Metrics/base_velocity/error_vel_yaw,0.22303244471549988,1781375135.4647398
43287,Metrics/base_velocity/error_vel_yaw,0.2266022264957428,1781375341.6447842
43331,Metrics/base_velocity/error_vel_yaw,0.21935346722602844,1781375546.440412
43375,Metrics/base_velocity/error_vel_yaw,0.2169797420501709,1781375752.380543
43419,Metrics/base_velocity/error_vel_yaw,0.21179525554180145,1781375958.6505575
43463,Metrics/base_velocity/error_vel_yaw,0.21115688979625702,1781376164.4607093
43507,Metrics/base_velocity/error_vel_yaw,0.20512554049491882,1781376371.0668128
43551,Metrics/base_velocity/error_vel_yaw,0.20574042201042175,1781376577.4867456
43595,Metrics/base_velocity/error_vel_yaw,0.20447584986686707,1781376785.5166395
43639,Metrics/base_velocity/error_vel_yaw,0.20165333151817322,1781376992.7557094
43683,Metrics/base_velocity/error_vel_yaw,0.2003345489501953,1781377199.2128024
43727,Metrics/base_velocity/error_vel_yaw,0.19627928733825684,1781377405.882759
43771,Metrics/base_velocity/error_vel_yaw,0.19998399913311005,1781377613.4627578
43815,Metrics/base_velocity/error_vel_yaw,0.20137177407741547,1781377820.824932
43859,Metrics/base_velocity/error_vel_yaw,0.19925150275230408,1781378027.269848
43903,Metrics/base_velocity/error_vel_yaw,0.20261472463607788,1781378233.5482087
43947,Metrics/base_velocity/error_vel_yaw,0.2034202665090561,1781378439.9405496
43991,Metrics/base_velocity/error_vel_yaw,0.20360247790813446,1781378644.6342702
44035,Metrics/base_velocity/error_vel_yaw,0.2172829955816269,1781378851.949059
44079,Metrics/base_velocity/error_vel_yaw,0.21843186020851135,1781379058.928766
44123,Metrics/base_velocity/error_vel_yaw,0.21464964747428894,1781379265.6916227
44167,Metrics/base_velocity/error_vel_yaw,0.2133343666791916,1781379472.051217
44211,Metrics/base_velocity/error_vel_yaw,0.20791111886501312,1781379678.2770286
44255,Metrics/base_velocity/error_vel_yaw,0.21310651302337646,1781379884.6878817
44299,Metrics/base_velocity/error_vel_yaw,0.2101166695356369,1781380092.3571806
44343,Metrics/base_velocity/error_vel_yaw,0.2053295075893402,1781380299.606488
44387,Metrics/base_velocity/error_vel_yaw,0.20656800270080566,1781380505.798246
44431,Metrics/base_velocity/error_vel_yaw,0.20477424561977386,1781380711.7761598
44475,Metrics/base_velocity/error_vel_yaw,0.20618365705013275,1781380913.9596634
44519,Metrics/base_velocity/error_vel_yaw,0.20336392521858215,1781381122.3966544
44563,Metrics/base_velocity/error_vel_yaw,0.20113959908485413,1781381329.9346058
44607,Metrics/base_velocity/error_vel_yaw,0.19695645570755005,1781381537.1774914
44651,Metrics/base_velocity/error_vel_yaw,0.19403259456157684,1781381743.5126677
44695,Metrics/base_velocity/error_vel_yaw,0.1937425136566162,1781381949.0816886
44739,Metrics/base_velocity/error_vel_yaw,0.20340412855148315,1781382155.1243203
44783,Metrics/base_velocity/error_vel_yaw,0.21280114352703094,1781382360.8072195
44827,Metrics/base_velocity/error_vel_yaw,0.21337196230888367,1781382568.085144
44871,Metrics/base_velocity/error_vel_yaw,0.2052297294139862,1781382774.5728593
44915,Metrics/base_velocity/error_vel_yaw,0.20170891284942627,1781382981.432545
44959,Metrics/base_velocity/error_vel_yaw,0.20518718659877777,1781383188.7993896
45003,Metrics/base_velocity/error_vel_yaw,0.19780217111110687,1781383394.9777207
45047,Metrics/base_velocity/error_vel_yaw,0.20265452563762665,1781383601.7362254
45091,Metrics/base_velocity/error_vel_yaw,0.19807001948356628,1781383808.6863728
45135,Metrics/base_velocity/error_vel_yaw,0.1947742998600006,1781384015.3439767
45179,Metrics/base_velocity/error_vel_yaw,0.19522623717784882,1781384221.5205057
45223,Metrics/base_velocity/error_vel_yaw,0.18952421844005585,1781384429.3038876
45267,Metrics/base_velocity/error_vel_yaw,0.18864601850509644,1781384635.4920375
45311,Metrics/base_velocity/error_vel_yaw,0.19647662341594696,1781384841.7276406
45355,Metrics/base_velocity/error_vel_yaw,0.2027127742767334,1781385048.6280873
45399,Metrics/base_velocity/error_vel_yaw,0.21080157160758972,1781385255.27944
45443,Metrics/base_velocity/error_vel_yaw,0.21331682801246643,1781385462.4706676
45487,Metrics/base_velocity/error_vel_yaw,0.21628689765930176,1781385668.1262076
45531,Metrics/base_velocity/error_vel_yaw,0.225504070520401,1781385873.9937413
45575,Metrics/base_velocity/error_vel_yaw,0.2196308821439743,1781386080.3763168
45619,Metrics/base_velocity/error_vel_yaw,0.21357648074626923,1781386287.0811534
45663,Metrics/base_velocity/error_vel_yaw,0.21823754906654358,1781386494.395135
45707,Metrics/base_velocity/error_vel_yaw,0.21960508823394775,1781386700.5693614
45751,Metrics/base_velocity/error_vel_yaw,0.22067347168922424,1781386907.4191926
45795,Metrics/base_velocity/error_vel_yaw,0.22129742801189423,1781387113.7857647
45839,Metrics/base_velocity/error_vel_yaw,0.22508791089057922,1781387319.91973
45883,Metrics/base_velocity/error_vel_yaw,0.21429841220378876,1781387527.0978343
45927,Metrics/base_velocity/error_vel_yaw,0.206404447555542,1781387733.7333708
45971,Metrics/base_velocity/error_vel_yaw,0.20944726467132568,1781387939.7894387
46015,Metrics/base_velocity/error_vel_yaw,0.21073298156261444,1781388146.1793382
46059,Metrics/base_velocity/error_vel_yaw,0.2022305428981781,1781388352.9323182
46103,Metrics/base_velocity/error_vel_yaw,0.21002435684204102,1781388558.300198
46147,Metrics/base_velocity/error_vel_yaw,0.21460187435150146,1781388764.683945
46191,Metrics/base_velocity/error_vel_yaw,0.20630359649658203,1781388971.8455524
46235,Metrics/base_velocity/error_vel_yaw,0.19870130717754364,1781389177.7274532
46279,Metrics/base_velocity/error_vel_yaw,0.20948681235313416,1781389383.9098477
46323,Metrics/base_velocity/error_vel_yaw,0.20863740146160126,1781389588.1829548
46367,Metrics/base_velocity/error_vel_yaw,0.21209345757961273,1781389794.1382322
46411,Metrics/base_velocity/error_vel_yaw,0.20367702841758728,1781390000.754812
46455,Metrics/base_velocity/error_vel_yaw,0.19901525974273682,1781390206.8454561
46499,Metrics/base_velocity/error_vel_yaw,0.21351109445095062,1781390414.406324
46543,Metrics/base_velocity/error_vel_yaw,0.20520034432411194,1781390621.2807877
46587,Metrics/base_velocity/error_vel_yaw,0.21577641367912292,1781390827.7173495
46631,Metrics/base_velocity/error_vel_yaw,0.2186434268951416,1781391034.5130613
46675,Metrics/base_velocity/error_vel_yaw,0.2101479023694992,1781391240.544623
46719,Metrics/base_velocity/error_vel_yaw,0.21573954820632935,1781391446.9491253
46763,Metrics/base_velocity/error_vel_yaw,0.228738933801651,1781391652.4394305
46807,Metrics/base_velocity/error_vel_yaw,0.2205890417098999,1781391858.56001
46851,Metrics/base_velocity/error_vel_yaw,0.21497325599193573,1781392062.8071275
46895,Metrics/base_velocity/error_vel_yaw,0.2064150869846344,1781392269.212513
46939,Metrics/base_velocity/error_vel_yaw,0.19917407631874084,1781392475.4993088
46983,Metrics/base_velocity/error_vel_yaw,0.1954287737607956,1781392682.26051
47027,Metrics/base_velocity/error_vel_yaw,0.19875529408454895,1781392889.3630846
47071,Metrics/base_velocity/error_vel_yaw,0.19536010921001434,1781393094.3103404
47115,Metrics/base_velocity/error_vel_yaw,0.18968531489372253,1781393300.0555665
47159,Metrics/base_velocity/error_vel_yaw,0.1936492919921875,1781393506.071047
47203,Metrics/base_velocity/error_vel_yaw,0.18770572543144226,1781393711.9236033
47247,Metrics/base_velocity/error_vel_yaw,0.1981174200773239,1781393917.0952666
47291,Metrics/base_velocity/error_vel_yaw,0.19037708640098572,1781394123.3413172
47335,Metrics/base_velocity/error_vel_yaw,0.1890588253736496,1781394330.0354092
47379,Metrics/base_velocity/error_vel_yaw,0.19382938742637634,1781394537.3139472
47423,Metrics/base_velocity/error_vel_yaw,0.19741031527519226,1781394744.2385926
47467,Metrics/base_velocity/error_vel_yaw,0.19948214292526245,1781394950.7642176
47511,Metrics/base_velocity/error_vel_yaw,0.19681493937969208,1781395157.9287794
47555,Metrics/base_velocity/error_vel_yaw,0.1976669728755951,1781395364.8895326
47599,Metrics/base_velocity/error_vel_yaw,0.206405907869339,1781395572.0625653
47643,Metrics/base_velocity/error_vel_yaw,0.205312579870224,1781395778.8502343
47687,Metrics/base_velocity/error_vel_yaw,0.19998817145824432,1781395984.4850917
47731,Metrics/base_velocity/error_vel_yaw,0.19550733268260956,1781396191.020132
47775,Metrics/base_velocity/error_vel_yaw,0.19159430265426636,1781396397.464091
47819,Metrics/base_velocity/error_vel_yaw,0.18746471405029297,1781396603.985645
47863,Metrics/base_velocity/error_vel_yaw,0.1906832903623581,1781396810.0068023
47907,Metrics/base_velocity/error_vel_yaw,0.1952459067106247,1781397017.5510974
47951,Metrics/base_velocity/error_vel_yaw,0.19921597838401794,1781397224.8521566
47995,Metrics/base_velocity/error_vel_yaw,0.20130762457847595,1781397431.4911888
48039,Metrics/base_velocity/error_vel_yaw,0.19911298155784607,1781397637.4058838
48083,Metrics/base_velocity/error_vel_yaw,0.19392982125282288,1781397843.870901
48127,Metrics/base_velocity/error_vel_yaw,0.1961860954761505,1781398049.9695044
48171,Metrics/base_velocity/error_vel_yaw,0.19478951394557953,1781398256.24155
48215,Metrics/base_velocity/error_vel_yaw,0.19485150277614594,1781398462.744164
48259,Metrics/base_velocity/error_vel_yaw,0.1970069855451584,1781398667.994763
48303,Metrics/base_velocity/error_vel_yaw,0.19648274779319763,1781398873.2617898
48347,Metrics/base_velocity/error_vel_yaw,0.19197645783424377,1781399079.0989408
48391,Metrics/base_velocity/error_vel_yaw,0.19439105689525604,1781399284.9138079
48435,Metrics/base_velocity/error_vel_yaw,0.20063507556915283,1781399492.21196
48479,Metrics/base_velocity/error_vel_yaw,0.21754097938537598,1781399698.6385238
48523,Metrics/base_velocity/error_vel_yaw,0.23661193251609802,1781399905.3044317
48567,Metrics/base_velocity/error_vel_yaw,0.24145683646202087,1781400110.8224196
48611,Metrics/base_velocity/error_vel_yaw,0.2540505826473236,1781400317.4468074
48655,Metrics/base_velocity/error_vel_yaw,0.2613868713378906,1781400524.007361
48699,Metrics/base_velocity/error_vel_yaw,0.24386486411094666,1781400723.5919979
48743,Metrics/base_velocity/error_vel_yaw,0.23693329095840454,1781400926.5218909
48787,Metrics/base_velocity/error_vel_yaw,0.23516450822353363,1781401132.5545034
48831,Metrics/base_velocity/error_vel_yaw,0.22231745719909668,1781401339.3613706
48875,Metrics/base_velocity/error_vel_yaw,0.2232433259487152,1781401546.545538
48919,Metrics/base_velocity/error_vel_yaw,0.21242892742156982,1781401752.5239122
48963,Metrics/base_velocity/error_vel_yaw,0.21066109836101532,1781401958.2077274
49007,Metrics/base_velocity/error_vel_yaw,0.20398692786693573,1781402162.9067202
49051,Metrics/base_velocity/error_vel_yaw,0.20333372056484222,1781402368.7563412
49095,Metrics/base_velocity/error_vel_yaw,0.1968424916267395,1781402574.702586
49139,Metrics/base_velocity/error_vel_yaw,0.19710266590118408,1781402780.406674
49183,Metrics/base_velocity/error_vel_yaw,0.19268178939819336,1781402986.549118
49227,Metrics/base_velocity/error_vel_yaw,0.18603187799453735,1781403192.8781624
49271,Metrics/base_velocity/error_vel_yaw,0.18370088934898376,1781403399.4969528
49315,Metrics/base_velocity/error_vel_yaw,0.18171004951000214,1781403605.6775131
49359,Metrics/base_velocity/error_vel_yaw,0.1801101416349411,1781403811.722484
49403,Metrics/base_velocity/error_vel_yaw,0.18110251426696777,1781404017.2685864
49447,Metrics/base_velocity/error_vel_yaw,0.18741557002067566,1781404223.9059389
49491,Metrics/base_velocity/error_vel_yaw,0.19345825910568237,1781404429.3872583
49535,Metrics/base_velocity/error_vel_yaw,0.19327156245708466,1781404634.21224
49579,Metrics/base_velocity/error_vel_yaw,0.18742415308952332,1781404840.4880822
49623,Metrics/base_velocity/error_vel_yaw,0.185550719499588,1781405046.6776955
49667,Metrics/base_velocity/error_vel_yaw,0.19018611311912537,1781405251.4121099
49711,Metrics/base_velocity/error_vel_yaw,0.20511659979820251,1781405458.5240192
49755,Metrics/base_velocity/error_vel_yaw,0.2014186829328537,1781405664.2413862
49799,Metrics/base_velocity/error_vel_yaw,0.19370459020137787,1781405870.5922024
49843,Metrics/base_velocity/error_vel_yaw,0.1971321702003479,1781406076.1227431
49887,Metrics/base_velocity/error_vel_yaw,0.19684091210365295,1781406283.0273666
49931,Metrics/base_velocity/error_vel_yaw,0.2030090093612671,1781406488.7992492
49975,Metrics/base_velocity/error_vel_yaw,0.21271827816963196,1781406693.8292708
50019,Metrics/base_velocity/error_vel_yaw,0.2038586586713791,1781406900.065133
50063,Metrics/base_velocity/error_vel_yaw,0.19881504774093628,1781407104.912172
50107,Metrics/base_velocity/error_vel_yaw,0.1974259465932846,1781407311.1285775
50151,Metrics/base_velocity/error_vel_yaw,0.19853994250297546,1781407516.2844436
50195,Metrics/base_velocity/error_vel_yaw,0.19324257969856262,1781407721.0281625
50239,Metrics/base_velocity/error_vel_yaw,0.1882403939962387,1781407926.799308
50283,Metrics/base_velocity/error_vel_yaw,0.18560385704040527,1781408132.9764872
50327,Metrics/base_velocity/error_vel_yaw,0.1919436901807785,1781408338.861838
50371,Metrics/base_velocity/error_vel_yaw,0.1992911994457245,1781408544.5932748
50415,Metrics/base_velocity/error_vel_yaw,0.2063664197921753,1781408750.2114608
50459,Metrics/base_velocity/error_vel_yaw,0.21943829953670502,1781408956.8928773
50503,Metrics/base_velocity/error_vel_yaw,0.22421914339065552,1781409163.2660892
50547,Metrics/base_velocity/error_vel_yaw,0.21765410900115967,1781409370.6968439
50591,Metrics/base_velocity/error_vel_yaw,0.21470454335212708,1781409577.9379947
50635,Metrics/base_velocity/error_vel_yaw,0.20384666323661804,1781409784.1823256
50679,Metrics/base_velocity/error_vel_yaw,0.20546379685401917,1781409998.0101628
50723,Metrics/base_velocity/error_vel_yaw,0.20625174045562744,1781410262.3255289
50767,Metrics/base_velocity/error_vel_yaw,0.21063236892223358,1781410516.697016
50811,Metrics/base_velocity/error_vel_yaw,0.2085741013288498,1781410785.1750684
50855,Metrics/base_velocity/error_vel_yaw,0.21257250010967255,1781411016.0721552
50899,Metrics/base_velocity/error_vel_yaw,0.2160080373287201,1781411250.0647597
50943,Metrics/base_velocity/error_vel_yaw,0.2156597375869751,1781411457.1947854
50987,Metrics/base_velocity/error_vel_yaw,0.21229290962219238,1781411657.4558444
51031,Metrics/base_velocity/error_vel_yaw,0.20490561425685883,1781411864.1196725
51075,Metrics/base_velocity/error_vel_yaw,0.20520463585853577,1781412063.8833096
51119,Metrics/base_velocity/error_vel_yaw,0.21092423796653748,1781412265.8013275
51163,Metrics/base_velocity/error_vel_yaw,0.20621788501739502,1781412472.9281068
51207,Metrics/base_velocity/error_vel_yaw,0.20156726241111755,1781412679.670461
51236,Metrics/base_velocity/error_vel_yaw,0.20563368499279022,1781412836.038829
7999,Episode_Reward/track_lin_vel_xy,0.05264014005661011,1781175596.766222
8043,Episode_Reward/track_lin_vel_xy,0.3595283031463623,1781175849.741882
8087,Episode_Reward/track_lin_vel_xy,0.52962726354599,1781176146.0579817
8131,Episode_Reward/track_lin_vel_xy,2.9311423301696777,1781176457.5995412
8175,Episode_Reward/track_lin_vel_xy,4.452260494232178,1781176762.3139946
8219,Episode_Reward/track_lin_vel_xy,4.870327949523926,1781177061.762995
8263,Episode_Reward/track_lin_vel_xy,4.8785319328308105,1781177369.6477914
8307,Episode_Reward/track_lin_vel_xy,4.877988815307617,1781177682.5573254
8351,Episode_Reward/track_lin_vel_xy,4.896873474121094,1781177988.514811
8395,Episode_Reward/track_lin_vel_xy,4.912545204162598,1781178298.6536937
8439,Episode_Reward/track_lin_vel_xy,4.909705638885498,1781178603.027788
8483,Episode_Reward/track_lin_vel_xy,4.915594100952148,1781178906.1338992
8527,Episode_Reward/track_lin_vel_xy,4.92138671875,1781179210.727949
8571,Episode_Reward/track_lin_vel_xy,4.9315080642700195,1781179511.0355217
8615,Episode_Reward/track_lin_vel_xy,4.936215400695801,1781179814.252929
8659,Episode_Reward/track_lin_vel_xy,4.939425945281982,1781180115.7323122
8703,Episode_Reward/track_lin_vel_xy,4.945366859436035,1781180423.8577518
8747,Episode_Reward/track_lin_vel_xy,4.946441173553467,1781180721.096745
8791,Episode_Reward/track_lin_vel_xy,4.941998481750488,1781181025.710366
8835,Episode_Reward/track_lin_vel_xy,4.94810676574707,1781181334.6659055
8879,Episode_Reward/track_lin_vel_xy,4.949529647827148,1781181639.7148547
8923,Episode_Reward/track_lin_vel_xy,4.950221538543701,1781181942.7582383
8967,Episode_Reward/track_lin_vel_xy,4.951480865478516,1781182252.7846727
9011,Episode_Reward/track_lin_vel_xy,4.952878952026367,1781182559.0147197
9055,Episode_Reward/track_lin_vel_xy,4.954705715179443,1781182868.7714467
9099,Episode_Reward/track_lin_vel_xy,4.954385757446289,1781183175.7225263
9143,Episode_Reward/track_lin_vel_xy,4.955661296844482,1781183485.2979696
9187,Episode_Reward/track_lin_vel_xy,4.956378936767578,1781183797.3208425
9231,Episode_Reward/track_lin_vel_xy,4.956264972686768,1781184105.125238
9275,Episode_Reward/track_lin_vel_xy,4.956496238708496,1781184412.5348608
9319,Episode_Reward/track_lin_vel_xy,4.956004619598389,1781184719.0662355
9363,Episode_Reward/track_lin_vel_xy,4.955455303192139,1781185028.2456338
9407,Episode_Reward/track_lin_vel_xy,4.956461429595947,1781185332.2112617
9451,Episode_Reward/track_lin_vel_xy,4.958995342254639,1781185640.1700337
9495,Episode_Reward/track_lin_vel_xy,4.9563517570495605,1781185944.4841433
9539,Episode_Reward/track_lin_vel_xy,4.9539008140563965,1781186252.5525618
9583,Episode_Reward/track_lin_vel_xy,4.962267875671387,1781186560.235189
9627,Episode_Reward/track_lin_vel_xy,4.958250045776367,1781186867.3785985
9671,Episode_Reward/track_lin_vel_xy,4.957965850830078,1781187176.6719267
9715,Episode_Reward/track_lin_vel_xy,4.9581146240234375,1781187485.0623472
9759,Episode_Reward/track_lin_vel_xy,4.958987236022949,1781187792.8862615
9803,Episode_Reward/track_lin_vel_xy,4.96082878112793,1781188100.4432535
9847,Episode_Reward/track_lin_vel_xy,4.960303783416748,1781188409.518369
9891,Episode_Reward/track_lin_vel_xy,4.9600982666015625,1781188718.301655
9935,Episode_Reward/track_lin_vel_xy,4.960209846496582,1781189025.0376775
9979,Episode_Reward/track_lin_vel_xy,4.959922790527344,1781189331.7244298
10023,Episode_Reward/track_lin_vel_xy,4.959057807922363,1781189640.288574
10067,Episode_Reward/track_lin_vel_xy,4.958645820617676,1781189948.9150696
10111,Episode_Reward/track_lin_vel_xy,4.960287094116211,1781190253.8753283
10155,Episode_Reward/track_lin_vel_xy,4.960318088531494,1781190559.792411
10199,Episode_Reward/track_lin_vel_xy,4.959194183349609,1781190869.3235395
10243,Episode_Reward/track_lin_vel_xy,4.9612579345703125,1781191176.4157941
10287,Episode_Reward/track_lin_vel_xy,4.962649822235107,1781191481.8855174
10331,Episode_Reward/track_lin_vel_xy,4.959639549255371,1781191791.483993
10375,Episode_Reward/track_lin_vel_xy,4.962523460388184,1781192099.5573647
10419,Episode_Reward/track_lin_vel_xy,4.960849761962891,1781192407.0980334
10463,Episode_Reward/track_lin_vel_xy,4.961246013641357,1781192714.5585978
10507,Episode_Reward/track_lin_vel_xy,4.962347030639648,1781193023.3389523
10551,Episode_Reward/track_lin_vel_xy,4.963457107543945,1781193329.30161
10595,Episode_Reward/track_lin_vel_xy,4.963808059692383,1781193636.7487838
10639,Episode_Reward/track_lin_vel_xy,4.962517738342285,1781193943.4946742
10683,Episode_Reward/track_lin_vel_xy,4.962672710418701,1781194249.9826481
10727,Episode_Reward/track_lin_vel_xy,4.962426662445068,1781194555.8440695
10771,Episode_Reward/track_lin_vel_xy,4.961552619934082,1781194864.2816598
10815,Episode_Reward/track_lin_vel_xy,4.961136817932129,1781195164.9375916
10859,Episode_Reward/track_lin_vel_xy,4.962368965148926,1781195473.2777188
10903,Episode_Reward/track_lin_vel_xy,4.964326858520508,1781195780.6737978
10947,Episode_Reward/track_lin_vel_xy,4.96475887298584,1781196088.952818
10991,Episode_Reward/track_lin_vel_xy,4.967095375061035,1781196396.0662577
11035,Episode_Reward/track_lin_vel_xy,4.964413642883301,1781196701.5818465
11079,Episode_Reward/track_lin_vel_xy,4.96713924407959,1781197006.7919197
11123,Episode_Reward/track_lin_vel_xy,4.966279029846191,1781197313.4490159
11167,Episode_Reward/track_lin_vel_xy,4.964702606201172,1781197619.193191
11211,Episode_Reward/track_lin_vel_xy,4.966489315032959,1781197925.629389
11255,Episode_Reward/track_lin_vel_xy,4.965066432952881,1781198232.8468928
11299,Episode_Reward/track_lin_vel_xy,4.966024875640869,1781198536.1868598
11343,Episode_Reward/track_lin_vel_xy,4.966241359710693,1781198845.3944979
11387,Episode_Reward/track_lin_vel_xy,4.96695613861084,1781199154.2105618
11431,Episode_Reward/track_lin_vel_xy,4.966711521148682,1781199462.9271083
11475,Episode_Reward/track_lin_vel_xy,4.9666242599487305,1781199768.8722396
11519,Episode_Reward/track_lin_vel_xy,4.965290546417236,1781200076.3783636
11563,Episode_Reward/track_lin_vel_xy,4.964261054992676,1781200385.366714
11607,Episode_Reward/track_lin_vel_xy,4.963139533996582,1781200695.9177024
11651,Episode_Reward/track_lin_vel_xy,4.9641265869140625,1781201006.7989564
11695,Episode_Reward/track_lin_vel_xy,4.963634490966797,1781201315.6439178
11739,Episode_Reward/track_lin_vel_xy,4.963586807250977,1781201622.6368482
11783,Episode_Reward/track_lin_vel_xy,4.959596157073975,1781201926.4944763
11827,Episode_Reward/track_lin_vel_xy,4.960050582885742,1781202236.348381
11871,Episode_Reward/track_lin_vel_xy,4.773910999298096,1781202544.8312125
11915,Episode_Reward/track_lin_vel_xy,4.950821876525879,1781202854.0234895
11959,Episode_Reward/track_lin_vel_xy,4.947610855102539,1781203163.8725822
12003,Episode_Reward/track_lin_vel_xy,4.944437026977539,1781203475.5458286
12047,Episode_Reward/track_lin_vel_xy,4.936758041381836,1781203786.3801057
12091,Episode_Reward/track_lin_vel_xy,4.924625396728516,1781204094.5660794
12135,Episode_Reward/track_lin_vel_xy,4.913753032684326,1781204401.6309566
12179,Episode_Reward/track_lin_vel_xy,4.900001049041748,1781204709.498873
12223,Episode_Reward/track_lin_vel_xy,4.894435405731201,1781205019.8560894
12267,Episode_Reward/track_lin_vel_xy,4.883390426635742,1781205330.6045024
12311,Episode_Reward/track_lin_vel_xy,4.867241859436035,1781205641.3743842
12355,Episode_Reward/track_lin_vel_xy,4.8607892990112305,1781205952.5650322
12399,Episode_Reward/track_lin_vel_xy,4.840160846710205,1781206261.2339227
12443,Episode_Reward/track_lin_vel_xy,4.823657035827637,1781206570.4190578
12487,Episode_Reward/track_lin_vel_xy,4.870767116546631,1781206879.0387597
12531,Episode_Reward/track_lin_vel_xy,4.845016956329346,1781207185.489581
12575,Episode_Reward/track_lin_vel_xy,4.8826422691345215,1781207491.980131
12619,Episode_Reward/track_lin_vel_xy,4.885883331298828,1781207796.6690085
12663,Episode_Reward/track_lin_vel_xy,4.889021873474121,1781208099.9853895
12707,Episode_Reward/track_lin_vel_xy,4.899319648742676,1781208402.3164976
12751,Episode_Reward/track_lin_vel_xy,4.910248756408691,1781208706.133505
12795,Episode_Reward/track_lin_vel_xy,4.915374755859375,1781209010.8447664
12839,Episode_Reward/track_lin_vel_xy,4.9229736328125,1781209311.7313094
12883,Episode_Reward/track_lin_vel_xy,4.9272685050964355,1781209615.4432483
12927,Episode_Reward/track_lin_vel_xy,4.929275989532471,1781209919.82874
12971,Episode_Reward/track_lin_vel_xy,4.9348464012146,1781210222.8470666
13015,Episode_Reward/track_lin_vel_xy,4.936722755432129,1781210527.677633
13059,Episode_Reward/track_lin_vel_xy,4.940842628479004,1781210832.8840778
13103,Episode_Reward/track_lin_vel_xy,4.939940929412842,1781211138.3497071
13147,Episode_Reward/track_lin_vel_xy,4.940735816955566,1781211442.1910691
13191,Episode_Reward/track_lin_vel_xy,4.943775177001953,1781211747.2155132
13235,Episode_Reward/track_lin_vel_xy,4.944678783416748,1781212050.214784
13279,Episode_Reward/track_lin_vel_xy,4.947111129760742,1781212352.273203
13323,Episode_Reward/track_lin_vel_xy,4.9490966796875,1781212658.9850736
13367,Episode_Reward/track_lin_vel_xy,4.9482622146606445,1781212963.5751014
13411,Episode_Reward/track_lin_vel_xy,4.949645519256592,1781213268.581081
13455,Episode_Reward/track_lin_vel_xy,4.951749801635742,1781213571.4488811
13499,Episode_Reward/track_lin_vel_xy,4.953214645385742,1781213874.8664737
13543,Episode_Reward/track_lin_vel_xy,4.951735496520996,1781214170.4284742
13587,Episode_Reward/track_lin_vel_xy,4.950794219970703,1781214471.8283787
13631,Episode_Reward/track_lin_vel_xy,4.951435565948486,1781214775.568587
13675,Episode_Reward/track_lin_vel_xy,4.952392578125,1781215081.7496438
13719,Episode_Reward/track_lin_vel_xy,4.952908515930176,1781215386.5636387
13763,Episode_Reward/track_lin_vel_xy,4.95131778717041,1781215693.656148
13807,Episode_Reward/track_lin_vel_xy,4.95094108581543,1781215998.9426675
13851,Episode_Reward/track_lin_vel_xy,4.95184326171875,1781216304.1052735
13895,Episode_Reward/track_lin_vel_xy,4.950572490692139,1781216609.6885257
13939,Episode_Reward/track_lin_vel_xy,4.952065944671631,1781216915.4192889
13983,Episode_Reward/track_lin_vel_xy,4.952555179595947,1781217219.6808214
14027,Episode_Reward/track_lin_vel_xy,4.952301025390625,1781217524.4693954
14071,Episode_Reward/track_lin_vel_xy,4.954859733581543,1781217829.631149
14115,Episode_Reward/track_lin_vel_xy,4.955984115600586,1781218136.0032015
14159,Episode_Reward/track_lin_vel_xy,4.956539630889893,1781218440.7415597
14203,Episode_Reward/track_lin_vel_xy,4.954073905944824,1781218745.114598
14247,Episode_Reward/track_lin_vel_xy,4.956096649169922,1781219046.8021379
14291,Episode_Reward/track_lin_vel_xy,4.955766201019287,1781219350.9319997
14335,Episode_Reward/track_lin_vel_xy,4.955787181854248,1781219656.3076608
14379,Episode_Reward/track_lin_vel_xy,4.956303596496582,1781219959.7093482
14423,Episode_Reward/track_lin_vel_xy,4.954916954040527,1781220264.7119634
14467,Episode_Reward/track_lin_vel_xy,4.955961227416992,1781220570.7681718
14511,Episode_Reward/track_lin_vel_xy,4.957396984100342,1781220874.244713
14555,Episode_Reward/track_lin_vel_xy,4.9576735496521,1781221179.2743068
14599,Episode_Reward/track_lin_vel_xy,4.958004951477051,1781221485.626774
14643,Episode_Reward/track_lin_vel_xy,4.958074569702148,1781221791.8505874
14687,Episode_Reward/track_lin_vel_xy,4.958182334899902,1781222097.6262534
14731,Episode_Reward/track_lin_vel_xy,4.9577436447143555,1781222401.0787306
14775,Episode_Reward/track_lin_vel_xy,4.95763635635376,1781222705.6267116
14819,Episode_Reward/track_lin_vel_xy,4.957714080810547,1781223011.8589058
14863,Episode_Reward/track_lin_vel_xy,4.958168983459473,1781223314.9031453
14907,Episode_Reward/track_lin_vel_xy,4.959010124206543,1781223618.8385174
14951,Episode_Reward/track_lin_vel_xy,4.954800605773926,1781223920.699986
14995,Episode_Reward/track_lin_vel_xy,4.958749771118164,1781224225.4892657
15039,Episode_Reward/track_lin_vel_xy,4.957963466644287,1781224531.1947773
15083,Episode_Reward/track_lin_vel_xy,4.958503723144531,1781224833.3882325
15127,Episode_Reward/track_lin_vel_xy,4.958950042724609,1781225140.5569322
15171,Episode_Reward/track_lin_vel_xy,4.958906650543213,1781225444.8592887
15215,Episode_Reward/track_lin_vel_xy,4.957278251647949,1781225750.133807
15259,Episode_Reward/track_lin_vel_xy,4.957709312438965,1781226054.0679042
15303,Episode_Reward/track_lin_vel_xy,4.959410667419434,1781226358.7177444
15347,Episode_Reward/track_lin_vel_xy,4.959197044372559,1781226663.6593878
15391,Episode_Reward/track_lin_vel_xy,4.959437370300293,1781226968.3082778
15435,Episode_Reward/track_lin_vel_xy,4.960434913635254,1781227269.4496315
15479,Episode_Reward/track_lin_vel_xy,4.960202217102051,1781227573.0961273
15523,Episode_Reward/track_lin_vel_xy,4.9608354568481445,1781227875.6580286
15567,Episode_Reward/track_lin_vel_xy,4.961430549621582,1781228178.0004401
15611,Episode_Reward/track_lin_vel_xy,4.961394309997559,1781228485.0089648
15655,Episode_Reward/track_lin_vel_xy,4.961230754852295,1781228785.9227517
15699,Episode_Reward/track_lin_vel_xy,4.961572170257568,1781229090.7584481
15743,Episode_Reward/track_lin_vel_xy,4.958182334899902,1781229395.4247332
15787,Episode_Reward/track_lin_vel_xy,4.960502624511719,1781229699.9827142
15831,Episode_Reward/track_lin_vel_xy,4.961648464202881,1781230004.754969
15875,Episode_Reward/track_lin_vel_xy,4.959820747375488,1781230305.8222375
15919,Episode_Reward/track_lin_vel_xy,4.96103572845459,1781230609.4617052
15963,Episode_Reward/track_lin_vel_xy,4.9597601890563965,1781230915.9594064
16007,Episode_Reward/track_lin_vel_xy,4.9601922035217285,1781231218.7951198
16051,Episode_Reward/track_lin_vel_xy,4.961126327514648,1781231521.8997777
16095,Episode_Reward/track_lin_vel_xy,4.961203098297119,1781231821.6741855
16139,Episode_Reward/track_lin_vel_xy,4.961716651916504,1781232125.8791156
16183,Episode_Reward/track_lin_vel_xy,4.960734844207764,1781232429.0894654
16227,Episode_Reward/track_lin_vel_xy,4.961838722229004,1781232733.826887
16271,Episode_Reward/track_lin_vel_xy,4.961626052856445,1781233039.9435248
16315,Episode_Reward/track_lin_vel_xy,4.96191930770874,1781233344.3743227
16359,Episode_Reward/track_lin_vel_xy,4.9594926834106445,1781233644.3129416
16403,Episode_Reward/track_lin_vel_xy,4.959272384643555,1781233947.6525736
16447,Episode_Reward/track_lin_vel_xy,4.959959983825684,1781234251.4311502
16491,Episode_Reward/track_lin_vel_xy,4.961668968200684,1781234557.6360087
16535,Episode_Reward/track_lin_vel_xy,4.962884426116943,1781234863.6249988
16579,Episode_Reward/track_lin_vel_xy,4.960330486297607,1781235130.527801
16623,Episode_Reward/track_lin_vel_xy,4.959600448608398,1781235384.2428708
16667,Episode_Reward/track_lin_vel_xy,4.960954666137695,1781235648.2762008
16711,Episode_Reward/track_lin_vel_xy,4.962195873260498,1781235917.9027503
16755,Episode_Reward/track_lin_vel_xy,4.962883949279785,1781236167.571499
16799,Episode_Reward/track_lin_vel_xy,4.961604595184326,1781236415.5551355
16843,Episode_Reward/track_lin_vel_xy,4.962082862854004,1781236664.4432318
16887,Episode_Reward/track_lin_vel_xy,4.962340831756592,1781236912.692724
16931,Episode_Reward/track_lin_vel_xy,4.961488723754883,1781237161.708394
16975,Episode_Reward/track_lin_vel_xy,4.96152400970459,1781237410.2042596
17019,Episode_Reward/track_lin_vel_xy,4.961703300476074,1781237661.9762495
17063,Episode_Reward/track_lin_vel_xy,4.960750102996826,1781237912.5640755
17107,Episode_Reward/track_lin_vel_xy,4.961911201477051,1781238162.7579696
17151,Episode_Reward/track_lin_vel_xy,4.962693214416504,1781238408.0693607
17195,Episode_Reward/track_lin_vel_xy,4.962209224700928,1781238653.5389018
17239,Episode_Reward/track_lin_vel_xy,4.962660789489746,1781238904.1998696
17283,Episode_Reward/track_lin_vel_xy,4.962026596069336,1781239157.1279714
17327,Episode_Reward/track_lin_vel_xy,4.960963249206543,1781239405.1561685
17371,Episode_Reward/track_lin_vel_xy,4.9607439041137695,1781239654.663701
17415,Episode_Reward/track_lin_vel_xy,4.961237907409668,1781239901.8897786
17459,Episode_Reward/track_lin_vel_xy,4.961877822875977,1781240147.5229042
17503,Episode_Reward/track_lin_vel_xy,4.962153911590576,1781240397.1555467
17547,Episode_Reward/track_lin_vel_xy,4.962644100189209,1781240649.5379848
17591,Episode_Reward/track_lin_vel_xy,4.962841510772705,1781240897.702003
17635,Episode_Reward/track_lin_vel_xy,4.9625349044799805,1781241147.668024
17679,Episode_Reward/track_lin_vel_xy,4.9626054763793945,1781241400.0626826
17723,Episode_Reward/track_lin_vel_xy,4.962468147277832,1781241652.158685
17767,Episode_Reward/track_lin_vel_xy,4.963099956512451,1781241902.8953495
17811,Episode_Reward/track_lin_vel_xy,4.963475227355957,1781242152.9276483
17855,Episode_Reward/track_lin_vel_xy,4.963468074798584,1781242405.3127043
17899,Episode_Reward/track_lin_vel_xy,4.962441444396973,1781242657.3690553
17943,Episode_Reward/track_lin_vel_xy,4.962205410003662,1781242908.7088706
17987,Episode_Reward/track_lin_vel_xy,4.963522911071777,1781243152.783869
18031,Episode_Reward/track_lin_vel_xy,4.963072776794434,1781243403.688756
18075,Episode_Reward/track_lin_vel_xy,4.962115287780762,1781243654.2484787
18119,Episode_Reward/track_lin_vel_xy,4.962675094604492,1781243929.4299219
18163,Episode_Reward/track_lin_vel_xy,4.9617815017700195,1781244237.1048748
18207,Episode_Reward/track_lin_vel_xy,4.960789680480957,1781244540.0996509
18251,Episode_Reward/track_lin_vel_xy,4.9635138511657715,1781244848.2670665
18295,Episode_Reward/track_lin_vel_xy,4.963743209838867,1781245155.9770768
18339,Episode_Reward/track_lin_vel_xy,4.962252616882324,1781245464.4125333
18383,Episode_Reward/track_lin_vel_xy,4.962057113647461,1781245766.791453
18427,Episode_Reward/track_lin_vel_xy,4.961441516876221,1781246071.5261283
18471,Episode_Reward/track_lin_vel_xy,4.961735725402832,1781246381.4608436
18515,Episode_Reward/track_lin_vel_xy,4.961422920227051,1781246689.4598188
18559,Episode_Reward/track_lin_vel_xy,4.962460517883301,1781246998.7090237
18603,Episode_Reward/track_lin_vel_xy,4.96394157409668,1781247307.3910577
18647,Episode_Reward/track_lin_vel_xy,4.964726448059082,1781247665.9360445
18691,Episode_Reward/track_lin_vel_xy,4.964321613311768,1781248002.6910932
18735,Episode_Reward/track_lin_vel_xy,4.9659423828125,1781248307.948519
18779,Episode_Reward/track_lin_vel_xy,4.964330673217773,1781248614.597891
18823,Episode_Reward/track_lin_vel_xy,4.96456241607666,1781248918.1068277
18867,Episode_Reward/track_lin_vel_xy,4.96452522277832,1781249224.652627
18911,Episode_Reward/track_lin_vel_xy,4.964275360107422,1781249529.2516932
18955,Episode_Reward/track_lin_vel_xy,4.964077472686768,1781249833.1941338
18999,Episode_Reward/track_lin_vel_xy,4.963019371032715,1781250134.6326294
19043,Episode_Reward/track_lin_vel_xy,4.963272571563721,1781250438.7331705
19087,Episode_Reward/track_lin_vel_xy,4.963808059692383,1781250744.188145
19131,Episode_Reward/track_lin_vel_xy,4.963906288146973,1781251044.8796148
19175,Episode_Reward/track_lin_vel_xy,4.963351249694824,1781251352.2724874
19219,Episode_Reward/track_lin_vel_xy,4.964287757873535,1781251658.4119508
19263,Episode_Reward/track_lin_vel_xy,4.96492862701416,1781251964.3855011
19307,Episode_Reward/track_lin_vel_xy,4.965741157531738,1781252269.6592824
19351,Episode_Reward/track_lin_vel_xy,4.965230941772461,1781252575.1696115
19395,Episode_Reward/track_lin_vel_xy,4.965899467468262,1781252877.3985121
19439,Episode_Reward/track_lin_vel_xy,4.965135097503662,1781253180.4198325
19483,Episode_Reward/track_lin_vel_xy,4.965368270874023,1781253485.239219
19527,Episode_Reward/track_lin_vel_xy,4.964022159576416,1781253789.8802803
19571,Episode_Reward/track_lin_vel_xy,4.964059829711914,1781254093.3207946
19615,Episode_Reward/track_lin_vel_xy,4.9648661613464355,1781254396.4028704
19659,Episode_Reward/track_lin_vel_xy,4.963046073913574,1781254701.3174193
19703,Episode_Reward/track_lin_vel_xy,4.964315414428711,1781255008.0597737
19747,Episode_Reward/track_lin_vel_xy,4.964443206787109,1781255312.6638076
19791,Episode_Reward/track_lin_vel_xy,4.963719367980957,1781255616.0140917
19835,Episode_Reward/track_lin_vel_xy,4.964996814727783,1781255922.419888
19879,Episode_Reward/track_lin_vel_xy,4.964877605438232,1781256227.7472024
19923,Episode_Reward/track_lin_vel_xy,4.964904308319092,1781256533.0904741
19967,Episode_Reward/track_lin_vel_xy,4.965363502502441,1781256838.118402
20011,Episode_Reward/track_lin_vel_xy,4.965456962585449,1781257141.9435432
20055,Episode_Reward/track_lin_vel_xy,4.965149879455566,1781257442.4849498
20099,Episode_Reward/track_lin_vel_xy,4.965202331542969,1781257746.3249922
20143,Episode_Reward/track_lin_vel_xy,4.9646453857421875,1781258049.9632297
20187,Episode_Reward/track_lin_vel_xy,4.964176177978516,1781258352.9442332
20231,Episode_Reward/track_lin_vel_xy,4.96486759185791,1781258655.018705
20275,Episode_Reward/track_lin_vel_xy,4.966304779052734,1781258957.3382568
20319,Episode_Reward/track_lin_vel_xy,4.965936660766602,1781259256.8085783
20363,Episode_Reward/track_lin_vel_xy,4.96385383605957,1781259558.50755
20407,Episode_Reward/track_lin_vel_xy,4.964657783508301,1781259864.287491
20451,Episode_Reward/track_lin_vel_xy,4.964328289031982,1781260168.5448809
20495,Episode_Reward/track_lin_vel_xy,4.962611675262451,1781260473.0056548
20539,Episode_Reward/track_lin_vel_xy,4.963377952575684,1781260776.886515
20583,Episode_Reward/track_lin_vel_xy,4.96311092376709,1781261081.2732012
20627,Episode_Reward/track_lin_vel_xy,4.963886260986328,1781261384.0474687
20671,Episode_Reward/track_lin_vel_xy,4.964629173278809,1781261688.3408086
20715,Episode_Reward/track_lin_vel_xy,4.9636077880859375,1781261991.4186437
20759,Episode_Reward/track_lin_vel_xy,4.963910102844238,1781262291.904171
20803,Episode_Reward/track_lin_vel_xy,4.96401834487915,1781262596.4653356
20847,Episode_Reward/track_lin_vel_xy,4.964212417602539,1781262947.9308083
20891,Episode_Reward/track_lin_vel_xy,4.9644670486450195,1781263279.4679043
20935,Episode_Reward/track_lin_vel_xy,4.964426040649414,1781263583.6540148
20979,Episode_Reward/track_lin_vel_xy,4.964090347290039,1781263887.9612155
21023,Episode_Reward/track_lin_vel_xy,4.963613033294678,1781264193.4209473
21067,Episode_Reward/track_lin_vel_xy,4.962512493133545,1781264485.3160162
21111,Episode_Reward/track_lin_vel_xy,4.950394630432129,1781264745.7407637
21155,Episode_Reward/track_lin_vel_xy,4.96318244934082,1781264991.280933
21199,Episode_Reward/track_lin_vel_xy,4.9633941650390625,1781265237.2479455
21243,Episode_Reward/track_lin_vel_xy,4.964241027832031,1781265483.8919225
21287,Episode_Reward/track_lin_vel_xy,4.9624457359313965,1781265728.4830182
21331,Episode_Reward/track_lin_vel_xy,4.961338043212891,1781265976.989842
21375,Episode_Reward/track_lin_vel_xy,4.962089538574219,1781266212.6287296
21419,Episode_Reward/track_lin_vel_xy,4.964254379272461,1781266459.2813663
21463,Episode_Reward/track_lin_vel_xy,4.965270042419434,1781266707.890143
21507,Episode_Reward/track_lin_vel_xy,4.965648651123047,1781266954.3416822
21551,Episode_Reward/track_lin_vel_xy,4.964508056640625,1781267198.8373475
21595,Episode_Reward/track_lin_vel_xy,4.9645609855651855,1781267443.843796
21639,Episode_Reward/track_lin_vel_xy,4.96426248550415,1781267688.6363158
21683,Episode_Reward/track_lin_vel_xy,4.966109275817871,1781267939.0629945
21727,Episode_Reward/track_lin_vel_xy,4.965733528137207,1781268186.6735835
21771,Episode_Reward/track_lin_vel_xy,4.966315269470215,1781268449.9929209
21815,Episode_Reward/track_lin_vel_xy,4.965507507324219,1781268698.2657857
21859,Episode_Reward/track_lin_vel_xy,4.96539306640625,1781268948.6584013
21903,Episode_Reward/track_lin_vel_xy,4.964424133300781,1781269198.9689002
21947,Episode_Reward/track_lin_vel_xy,4.964204788208008,1781269451.372949
21991,Episode_Reward/track_lin_vel_xy,4.964101791381836,1781269700.908642
22035,Episode_Reward/track_lin_vel_xy,4.963820457458496,1781269951.0389676
22079,Episode_Reward/track_lin_vel_xy,4.961866855621338,1781270201.5374944
22123,Episode_Reward/track_lin_vel_xy,4.96364164352417,1781270451.9482641
22167,Episode_Reward/track_lin_vel_xy,4.964532852172852,1781270700.7617521
22211,Episode_Reward/track_lin_vel_xy,4.965086936950684,1781270949.6593132
22255,Episode_Reward/track_lin_vel_xy,4.964869499206543,1781271199.3810842
22299,Episode_Reward/track_lin_vel_xy,4.965753078460693,1781271445.40382
22343,Episode_Reward/track_lin_vel_xy,4.9662885665893555,1781271696.1935654
22387,Episode_Reward/track_lin_vel_xy,4.967228412628174,1781271938.9099128
22431,Episode_Reward/track_lin_vel_xy,4.966693878173828,1781272174.3757164
22475,Episode_Reward/track_lin_vel_xy,4.966513633728027,1781272417.864519
22519,Episode_Reward/track_lin_vel_xy,4.967141151428223,1781272671.432
22563,Episode_Reward/track_lin_vel_xy,4.967817306518555,1781272921.400351
22607,Episode_Reward/track_lin_vel_xy,4.967442512512207,1781273167.7522624
22651,Episode_Reward/track_lin_vel_xy,4.967615127563477,1781273416.7299159
22695,Episode_Reward/track_lin_vel_xy,4.967120170593262,1781273673.2238538
22739,Episode_Reward/track_lin_vel_xy,4.967040538787842,1781273929.9737165
22783,Episode_Reward/track_lin_vel_xy,4.966806888580322,1781274172.8185356
22827,Episode_Reward/track_lin_vel_xy,4.9664530754089355,1781274419.1628106
22871,Episode_Reward/track_lin_vel_xy,4.966022491455078,1781274672.2470922
22915,Episode_Reward/track_lin_vel_xy,4.965353965759277,1781274923.8168647
22959,Episode_Reward/track_lin_vel_xy,4.96511697769165,1781275170.1705036
23003,Episode_Reward/track_lin_vel_xy,4.965731620788574,1781275418.7791426
23047,Episode_Reward/track_lin_vel_xy,4.965949535369873,1781275666.3644013
23091,Episode_Reward/track_lin_vel_xy,4.966286659240723,1781275916.131537
23135,Episode_Reward/track_lin_vel_xy,4.966429710388184,1781276165.512414
23179,Episode_Reward/track_lin_vel_xy,4.965743064880371,1781276417.2452114
23223,Episode_Reward/track_lin_vel_xy,4.96571683883667,1781276661.0107212
23267,Episode_Reward/track_lin_vel_xy,4.966662406921387,1781276911.8161838
23311,Episode_Reward/track_lin_vel_xy,4.966503143310547,1781277162.8122246
23355,Episode_Reward/track_lin_vel_xy,4.966255187988281,1781277412.4847934
23399,Episode_Reward/track_lin_vel_xy,4.9664506912231445,1781277653.5882707
23443,Episode_Reward/track_lin_vel_xy,4.966365337371826,1781277901.884196
23487,Episode_Reward/track_lin_vel_xy,4.966086387634277,1781278152.4277482
23531,Episode_Reward/track_lin_vel_xy,4.965972423553467,1781278403.194408
23575,Episode_Reward/track_lin_vel_xy,4.965913772583008,1781278655.0942163
23619,Episode_Reward/track_lin_vel_xy,4.966908931732178,1781278903.690491
23663,Episode_Reward/track_lin_vel_xy,4.9681854248046875,1781279155.0422494
23707,Episode_Reward/track_lin_vel_xy,4.967214584350586,1781279407.1303098
23751,Episode_Reward/track_lin_vel_xy,4.965394496917725,1781279655.092713
23795,Episode_Reward/track_lin_vel_xy,4.965719699859619,1781279902.0645943
23839,Episode_Reward/track_lin_vel_xy,4.966360092163086,1781280150.7614412
23883,Episode_Reward/track_lin_vel_xy,4.965476036071777,1781280399.663393
23927,Episode_Reward/track_lin_vel_xy,4.965823650360107,1781280646.5809555
23971,Episode_Reward/track_lin_vel_xy,4.966318130493164,1781280897.383887
24015,Episode_Reward/track_lin_vel_xy,4.966864585876465,1781281147.6025238
24059,Episode_Reward/track_lin_vel_xy,4.967075347900391,1781281393.5041883
24103,Episode_Reward/track_lin_vel_xy,4.967370986938477,1781281644.1399236
24147,Episode_Reward/track_lin_vel_xy,4.9680609703063965,1781281895.3481793
24191,Episode_Reward/track_lin_vel_xy,4.968369960784912,1781282144.8637836
24235,Episode_Reward/track_lin_vel_xy,4.967161178588867,1781282397.732502
24279,Episode_Reward/track_lin_vel_xy,4.9672627449035645,1781282649.6908078
24323,Episode_Reward/track_lin_vel_xy,4.969125270843506,1781282900.7763376
24367,Episode_Reward/track_lin_vel_xy,4.967551231384277,1781283148.35561
24411,Episode_Reward/track_lin_vel_xy,4.967504501342773,1781283400.8525617
24455,Episode_Reward/track_lin_vel_xy,4.967206954956055,1781283651.7587402
24499,Episode_Reward/track_lin_vel_xy,4.968257904052734,1781283903.4686458
24543,Episode_Reward/track_lin_vel_xy,4.968587398529053,1781284154.1466005
24587,Episode_Reward/track_lin_vel_xy,4.9684271812438965,1781284402.8681333
24631,Episode_Reward/track_lin_vel_xy,4.96890115737915,1781284647.4350038
24675,Episode_Reward/track_lin_vel_xy,4.968225479125977,1781284897.2303782
24719,Episode_Reward/track_lin_vel_xy,4.968161582946777,1781285147.8343964
24763,Episode_Reward/track_lin_vel_xy,4.968520641326904,1781285396.2793493
24807,Episode_Reward/track_lin_vel_xy,4.969294548034668,1781285646.5527048
24851,Episode_Reward/track_lin_vel_xy,4.967826843261719,1781285895.201147
24895,Episode_Reward/track_lin_vel_xy,4.96726131439209,1781286138.7644663
24939,Episode_Reward/track_lin_vel_xy,4.968625545501709,1781286388.1487427
24983,Episode_Reward/track_lin_vel_xy,4.968752861022949,1781286636.911386
25027,Episode_Reward/track_lin_vel_xy,4.9672369956970215,1781286885.9371321
25071,Episode_Reward/track_lin_vel_xy,4.96682596206665,1781287135.2551372
25115,Episode_Reward/track_lin_vel_xy,4.967955589294434,1781287380.6618118
25159,Episode_Reward/track_lin_vel_xy,4.96906852722168,1781287626.894796
25203,Episode_Reward/track_lin_vel_xy,4.967912673950195,1781287865.1783948
25247,Episode_Reward/track_lin_vel_xy,4.966567039489746,1781288113.397457
25291,Episode_Reward/track_lin_vel_xy,4.967853546142578,1781288363.8760595
25335,Episode_Reward/track_lin_vel_xy,4.968006134033203,1781288609.956648
25379,Episode_Reward/track_lin_vel_xy,4.968145370483398,1781288849.4419458
25423,Episode_Reward/track_lin_vel_xy,4.9685211181640625,1781289098.140181
25467,Episode_Reward/track_lin_vel_xy,4.968228340148926,1781289347.2834864
25511,Episode_Reward/track_lin_vel_xy,4.969363212585449,1781289596.830588
25555,Episode_Reward/track_lin_vel_xy,4.968925476074219,1781289847.6457028
25599,Episode_Reward/track_lin_vel_xy,4.969269752502441,1781290096.660956
25643,Episode_Reward/track_lin_vel_xy,4.969303131103516,1781290346.8452024
25687,Episode_Reward/track_lin_vel_xy,4.969821929931641,1781290594.4917815
25731,Episode_Reward/track_lin_vel_xy,4.969766616821289,1781290837.546546
25775,Episode_Reward/track_lin_vel_xy,4.969324111938477,1781291081.3311489
25819,Episode_Reward/track_lin_vel_xy,4.969088554382324,1781291326.2729864
25863,Episode_Reward/track_lin_vel_xy,4.968991279602051,1781291571.6804864
25907,Episode_Reward/track_lin_vel_xy,4.969031810760498,1781291810.3703294
25951,Episode_Reward/track_lin_vel_xy,4.968582630157471,1781292059.5662458
25995,Episode_Reward/track_lin_vel_xy,4.968380928039551,1781292306.4387524
26039,Episode_Reward/track_lin_vel_xy,4.968095779418945,1781292550.7243075
26083,Episode_Reward/track_lin_vel_xy,4.968005657196045,1781292800.8853629
26127,Episode_Reward/track_lin_vel_xy,4.9687418937683105,1781293046.2130315
26171,Episode_Reward/track_lin_vel_xy,4.969955921173096,1781293293.5473592
26215,Episode_Reward/track_lin_vel_xy,4.969939708709717,1781293540.268713
26259,Episode_Reward/track_lin_vel_xy,4.970722198486328,1781293783.013982
26303,Episode_Reward/track_lin_vel_xy,4.970876693725586,1781294030.1499496
26347,Episode_Reward/track_lin_vel_xy,4.971122741699219,1781294279.0231385
26391,Episode_Reward/track_lin_vel_xy,4.9700117111206055,1781294527.4307575
26435,Episode_Reward/track_lin_vel_xy,4.969695091247559,1781294777.2570388
26479,Episode_Reward/track_lin_vel_xy,4.968743801116943,1781295022.3180356
26523,Episode_Reward/track_lin_vel_xy,4.968984603881836,1781295272.0171974
26567,Episode_Reward/track_lin_vel_xy,4.968375205993652,1781295516.4964967
26611,Episode_Reward/track_lin_vel_xy,4.968723297119141,1781295760.9827905
26655,Episode_Reward/track_lin_vel_xy,4.968350887298584,1781295994.0295339
26699,Episode_Reward/track_lin_vel_xy,4.969244956970215,1781296237.0128512
26743,Episode_Reward/track_lin_vel_xy,4.9697065353393555,1781296478.765017
26787,Episode_Reward/track_lin_vel_xy,4.970562934875488,1781296723.4781632
26831,Episode_Reward/track_lin_vel_xy,4.968471050262451,1781296970.9824338
26875,Episode_Reward/track_lin_vel_xy,4.9689249992370605,1781297219.6169837
26919,Episode_Reward/track_lin_vel_xy,4.970849990844727,1781297466.0502872
26963,Episode_Reward/track_lin_vel_xy,4.970677375793457,1781297714.6837232
27007,Episode_Reward/track_lin_vel_xy,4.971338748931885,1781297961.7475927
27051,Episode_Reward/track_lin_vel_xy,4.971778392791748,1781298209.9645143
27095,Episode_Reward/track_lin_vel_xy,4.971126556396484,1781298458.958254
27139,Episode_Reward/track_lin_vel_xy,4.9703521728515625,1781298707.1898544
27183,Episode_Reward/track_lin_vel_xy,4.969850540161133,1781298952.2029443
27227,Episode_Reward/track_lin_vel_xy,4.970571517944336,1781299200.1927238
27271,Episode_Reward/track_lin_vel_xy,4.970592021942139,1781299448.9564514
27315,Episode_Reward/track_lin_vel_xy,4.970674514770508,1781299695.129885
27359,Episode_Reward/track_lin_vel_xy,4.970022201538086,1781299941.9951243
27403,Episode_Reward/track_lin_vel_xy,4.970338344573975,1781300184.5323548
27447,Episode_Reward/track_lin_vel_xy,4.970452308654785,1781300431.928329
27491,Episode_Reward/track_lin_vel_xy,4.970542907714844,1781300680.0547025
27535,Episode_Reward/track_lin_vel_xy,4.971316337585449,1781300928.1659207
27579,Episode_Reward/track_lin_vel_xy,4.972367286682129,1781301174.283027
27623,Episode_Reward/track_lin_vel_xy,4.971803188323975,1781301421.30016
27667,Episode_Reward/track_lin_vel_xy,4.969119548797607,1781301668.913725
27711,Episode_Reward/track_lin_vel_xy,4.970141887664795,1781301916.5397573
27755,Episode_Reward/track_lin_vel_xy,4.970414161682129,1781302161.986818
27799,Episode_Reward/track_lin_vel_xy,4.970500946044922,1781302411.4129732
27843,Episode_Reward/track_lin_vel_xy,4.9709320068359375,1781302660.7446203
27887,Episode_Reward/track_lin_vel_xy,4.971220016479492,1781302910.3130515
27931,Episode_Reward/track_lin_vel_xy,4.970394611358643,1781303158.723739
27975,Episode_Reward/track_lin_vel_xy,4.970812797546387,1781303407.0041974
28019,Episode_Reward/track_lin_vel_xy,4.97015380859375,1781303655.9994476
28063,Episode_Reward/track_lin_vel_xy,4.969756126403809,1781303905.1081963
28107,Episode_Reward/track_lin_vel_xy,4.9691243171691895,1781304153.258033
28151,Episode_Reward/track_lin_vel_xy,4.969383239746094,1781304399.2138977
28195,Episode_Reward/track_lin_vel_xy,4.9687042236328125,1781304646.8633718
28239,Episode_Reward/track_lin_vel_xy,4.969661235809326,1781304881.5694473
28283,Episode_Reward/track_lin_vel_xy,4.970368385314941,1781305087.5795329
28327,Episode_Reward/track_lin_vel_xy,4.970643997192383,1781305291.9955919
28371,Episode_Reward/track_lin_vel_xy,4.970262050628662,1781305497.9650385
28415,Episode_Reward/track_lin_vel_xy,4.970867156982422,1781305705.2292082
28459,Episode_Reward/track_lin_vel_xy,4.971292972564697,1781305912.2911758
28503,Episode_Reward/track_lin_vel_xy,4.971644401550293,1781306118.929486
28547,Episode_Reward/track_lin_vel_xy,4.970759391784668,1781306325.1532323
28591,Episode_Reward/track_lin_vel_xy,4.970654487609863,1781306533.6065598
28635,Episode_Reward/track_lin_vel_xy,4.9698486328125,1781306739.2937799
28679,Episode_Reward/track_lin_vel_xy,4.969727039337158,1781306945.9696736
28723,Episode_Reward/track_lin_vel_xy,4.969544410705566,1781307153.3146317
28767,Episode_Reward/track_lin_vel_xy,4.969677925109863,1781307360.8634229
28811,Episode_Reward/track_lin_vel_xy,4.970747947692871,1781307567.4010963
28855,Episode_Reward/track_lin_vel_xy,4.971338748931885,1781307773.8488955
28899,Episode_Reward/track_lin_vel_xy,4.972762584686279,1781307978.9312701
28943,Episode_Reward/track_lin_vel_xy,4.972599029541016,1781308185.2734287
28987,Episode_Reward/track_lin_vel_xy,4.973151683807373,1781308390.333581
29031,Episode_Reward/track_lin_vel_xy,4.939113616943359,1781308596.5742588
29075,Episode_Reward/track_lin_vel_xy,4.9718451499938965,1781308802.1488326
29119,Episode_Reward/track_lin_vel_xy,4.970755100250244,1781309008.8484192
29163,Episode_Reward/track_lin_vel_xy,4.971179962158203,1781309214.3170292
29207,Episode_Reward/track_lin_vel_xy,4.9702372550964355,1781309419.219771
29251,Episode_Reward/track_lin_vel_xy,4.97023868560791,1781309624.727181
29295,Episode_Reward/track_lin_vel_xy,4.969351768493652,1781309829.7774265
29339,Episode_Reward/track_lin_vel_xy,4.969873428344727,1781310034.3806205
29383,Episode_Reward/track_lin_vel_xy,4.970314979553223,1781310239.8528273
29427,Episode_Reward/track_lin_vel_xy,4.970905303955078,1781310445.9316266
29471,Episode_Reward/track_lin_vel_xy,4.970306396484375,1781310650.4842556
29515,Episode_Reward/track_lin_vel_xy,4.9701385498046875,1781310855.0854716
29559,Episode_Reward/track_lin_vel_xy,4.970393657684326,1781311059.5872984
29603,Episode_Reward/track_lin_vel_xy,4.971375465393066,1781311265.2325993
29647,Episode_Reward/track_lin_vel_xy,4.97067928314209,1781311471.262766
29691,Episode_Reward/track_lin_vel_xy,4.9696784019470215,1781311675.2668083
29735,Episode_Reward/track_lin_vel_xy,4.969694137573242,1781311882.0230856
29779,Episode_Reward/track_lin_vel_xy,4.969119071960449,1781312086.9362926
29823,Episode_Reward/track_lin_vel_xy,4.970499038696289,1781312292.9893699
29867,Episode_Reward/track_lin_vel_xy,4.970414161682129,1781312498.363327
29911,Episode_Reward/track_lin_vel_xy,4.970193862915039,1781312704.172058
29955,Episode_Reward/track_lin_vel_xy,4.969552516937256,1781312909.51337
29999,Episode_Reward/track_lin_vel_xy,4.9689836502075195,1781313113.970348
30043,Episode_Reward/track_lin_vel_xy,4.970222473144531,1781313318.3437717
30087,Episode_Reward/track_lin_vel_xy,4.969423294067383,1781313524.1628478
30131,Episode_Reward/track_lin_vel_xy,4.970452308654785,1781313729.1553257
30175,Episode_Reward/track_lin_vel_xy,4.969714164733887,1781313933.8623183
30219,Episode_Reward/track_lin_vel_xy,4.970569133758545,1781314138.6345117
30263,Episode_Reward/track_lin_vel_xy,4.970285415649414,1781314343.7854
30307,Episode_Reward/track_lin_vel_xy,4.969818115234375,1781314548.1330438
30351,Episode_Reward/track_lin_vel_xy,4.969992637634277,1781314754.1664178
30395,Episode_Reward/track_lin_vel_xy,4.969381332397461,1781314960.9719284
30439,Episode_Reward/track_lin_vel_xy,4.970433235168457,1781315165.7257793
30483,Episode_Reward/track_lin_vel_xy,4.9711408615112305,1781315372.2868197
30527,Episode_Reward/track_lin_vel_xy,4.971122741699219,1781315578.6470108
30571,Episode_Reward/track_lin_vel_xy,4.970399856567383,1781315784.3079672
30615,Episode_Reward/track_lin_vel_xy,4.971287727355957,1781315989.8954327
30659,Episode_Reward/track_lin_vel_xy,4.9705657958984375,1781316195.4345214
30703,Episode_Reward/track_lin_vel_xy,4.971090316772461,1781316402.9855068
30747,Episode_Reward/track_lin_vel_xy,4.97068977355957,1781316609.565681
30791,Episode_Reward/track_lin_vel_xy,4.970510005950928,1781316815.556465
30835,Episode_Reward/track_lin_vel_xy,4.970698356628418,1781317021.9853692
30879,Episode_Reward/track_lin_vel_xy,4.970747947692871,1781317228.9900136
30923,Episode_Reward/track_lin_vel_xy,4.970900535583496,1781317435.971774
30967,Episode_Reward/track_lin_vel_xy,4.970484733581543,1781317641.948625
31011,Episode_Reward/track_lin_vel_xy,4.971235275268555,1781317847.2354434
31055,Episode_Reward/track_lin_vel_xy,4.971392631530762,1781318054.4464767
31099,Episode_Reward/track_lin_vel_xy,4.970537185668945,1781318260.5891488
31143,Episode_Reward/track_lin_vel_xy,4.9707255363464355,1781318467.4760547
31187,Episode_Reward/track_lin_vel_xy,4.970434188842773,1781318673.8047693
31231,Episode_Reward/track_lin_vel_xy,4.970193862915039,1781318879.5369241
31275,Episode_Reward/track_lin_vel_xy,4.971525192260742,1781319084.8536086
31319,Episode_Reward/track_lin_vel_xy,4.971134185791016,1781319290.8590298
31363,Episode_Reward/track_lin_vel_xy,4.9720964431762695,1781319497.4004254
31407,Episode_Reward/track_lin_vel_xy,4.971200942993164,1781319703.1647627
31451,Episode_Reward/track_lin_vel_xy,4.970946788787842,1781319908.308453
31495,Episode_Reward/track_lin_vel_xy,4.971940994262695,1781320114.1508145
31539,Episode_Reward/track_lin_vel_xy,4.970942497253418,1781320321.056146
31583,Episode_Reward/track_lin_vel_xy,4.969333171844482,1781320526.7620604
31627,Episode_Reward/track_lin_vel_xy,4.971085548400879,1781320733.976558
31671,Episode_Reward/track_lin_vel_xy,4.970329284667969,1781320940.4043667
31715,Episode_Reward/track_lin_vel_xy,4.970122814178467,1781321147.1083345
31759,Episode_Reward/track_lin_vel_xy,4.969785213470459,1781321354.1931229
31803,Episode_Reward/track_lin_vel_xy,4.9698710441589355,1781321561.1167061
31847,Episode_Reward/track_lin_vel_xy,4.969173431396484,1781321765.9161968
31891,Episode_Reward/track_lin_vel_xy,4.970119476318359,1781321972.2080207
31935,Episode_Reward/track_lin_vel_xy,4.970951080322266,1781322178.2701764
31979,Episode_Reward/track_lin_vel_xy,4.970209121704102,1781322384.1704776
32023,Episode_Reward/track_lin_vel_xy,4.96961784362793,1781322590.4677675
32067,Episode_Reward/track_lin_vel_xy,4.970162868499756,1781322795.1845064
32111,Episode_Reward/track_lin_vel_xy,4.9710001945495605,1781323001.4610722
32155,Episode_Reward/track_lin_vel_xy,4.945425510406494,1781323207.3003817
32199,Episode_Reward/track_lin_vel_xy,4.969908714294434,1781323413.7530417
32243,Episode_Reward/track_lin_vel_xy,4.969561576843262,1781323620.734233
32287,Episode_Reward/track_lin_vel_xy,4.970048427581787,1781323826.261421
32331,Episode_Reward/track_lin_vel_xy,4.971124649047852,1781324032.947362
32375,Episode_Reward/track_lin_vel_xy,4.971492290496826,1781324238.6263094
32419,Episode_Reward/track_lin_vel_xy,4.971332550048828,1781324443.5876322
32463,Episode_Reward/track_lin_vel_xy,4.970884799957275,1781324649.066737
32507,Episode_Reward/track_lin_vel_xy,4.971118927001953,1781324856.7695355
32551,Episode_Reward/track_lin_vel_xy,4.970843315124512,1781325061.6789527
32595,Episode_Reward/track_lin_vel_xy,4.970195770263672,1781325267.5087948
32639,Episode_Reward/track_lin_vel_xy,4.971432209014893,1781325473.4252903
32683,Episode_Reward/track_lin_vel_xy,4.971421241760254,1781325678.4839113
32727,Episode_Reward/track_lin_vel_xy,4.971717357635498,1781325885.0880268
32771,Episode_Reward/track_lin_vel_xy,4.971566677093506,1781326090.7847488
32815,Episode_Reward/track_lin_vel_xy,4.9706268310546875,1781326297.824706
32859,Episode_Reward/track_lin_vel_xy,4.971890449523926,1781326503.125437
32903,Episode_Reward/track_lin_vel_xy,4.971604347229004,1781326707.1801338
32947,Episode_Reward/track_lin_vel_xy,4.9718732833862305,1781326913.054802
32991,Episode_Reward/track_lin_vel_xy,4.971250534057617,1781327120.4142172
33035,Episode_Reward/track_lin_vel_xy,4.97175931930542,1781327327.1211426
33079,Episode_Reward/track_lin_vel_xy,4.972558975219727,1781327542.94126
33123,Episode_Reward/track_lin_vel_xy,4.970401287078857,1781327752.7874162
33167,Episode_Reward/track_lin_vel_xy,4.970958709716797,1781327959.8418627
33211,Episode_Reward/track_lin_vel_xy,4.971307754516602,1781328166.2909272
33255,Episode_Reward/track_lin_vel_xy,4.971001148223877,1781328372.475984
33299,Episode_Reward/track_lin_vel_xy,4.971632480621338,1781328578.2095766
33343,Episode_Reward/track_lin_vel_xy,4.97161865234375,1781328783.7158859
33387,Episode_Reward/track_lin_vel_xy,4.971846103668213,1781328988.625905
33431,Episode_Reward/track_lin_vel_xy,4.971635818481445,1781329194.3729336
33475,Episode_Reward/track_lin_vel_xy,4.971916675567627,1781329399.5366247
33519,Episode_Reward/track_lin_vel_xy,4.97163200378418,1781329604.8612177
33563,Episode_Reward/track_lin_vel_xy,4.972468852996826,1781329808.542764
33607,Episode_Reward/track_lin_vel_xy,4.972271919250488,1781330012.7161899
33651,Episode_Reward/track_lin_vel_xy,4.972657203674316,1781330218.4410002
33695,Episode_Reward/track_lin_vel_xy,4.971778392791748,1781330424.0678127
33739,Episode_Reward/track_lin_vel_xy,4.972343444824219,1781330629.025683
33783,Episode_Reward/track_lin_vel_xy,4.971349716186523,1781330833.46831
33827,Episode_Reward/track_lin_vel_xy,4.970670223236084,1781331039.9076712
33871,Episode_Reward/track_lin_vel_xy,4.971240043640137,1781331244.871232
33915,Episode_Reward/track_lin_vel_xy,4.969793319702148,1781331451.2830172
33959,Episode_Reward/track_lin_vel_xy,4.971595764160156,1781331657.172597
34003,Episode_Reward/track_lin_vel_xy,4.972332954406738,1781331863.714426
34047,Episode_Reward/track_lin_vel_xy,4.971636772155762,1781332068.3814902
34091,Episode_Reward/track_lin_vel_xy,4.97268533706665,1781332274.6456034
34135,Episode_Reward/track_lin_vel_xy,4.972402572631836,1781332479.4032285
34179,Episode_Reward/track_lin_vel_xy,4.9716410636901855,1781332685.209937
34223,Episode_Reward/track_lin_vel_xy,4.971883296966553,1781332890.396036
34267,Episode_Reward/track_lin_vel_xy,4.972078323364258,1781333096.079738
34311,Episode_Reward/track_lin_vel_xy,4.971694469451904,1781333301.8289442
34355,Episode_Reward/track_lin_vel_xy,4.971648216247559,1781333507.90081
34399,Episode_Reward/track_lin_vel_xy,4.971536159515381,1781333714.4234078
34443,Episode_Reward/track_lin_vel_xy,4.971401691436768,1781333920.7771933
34487,Episode_Reward/track_lin_vel_xy,4.970493316650391,1781334125.7439165
34531,Episode_Reward/track_lin_vel_xy,4.972552299499512,1781334330.2802474
34575,Episode_Reward/track_lin_vel_xy,4.838350296020508,1781334535.6746109
34619,Episode_Reward/track_lin_vel_xy,4.973058223724365,1781334742.1212683
34663,Episode_Reward/track_lin_vel_xy,4.971462249755859,1781334946.082887
34707,Episode_Reward/track_lin_vel_xy,4.970500946044922,1781335151.3608847
34751,Episode_Reward/track_lin_vel_xy,4.971797943115234,1781335357.2348719
34795,Episode_Reward/track_lin_vel_xy,4.971590995788574,1781335563.0881152
34839,Episode_Reward/track_lin_vel_xy,4.97158145904541,1781335769.716937
34883,Episode_Reward/track_lin_vel_xy,4.970671653747559,1781335975.751287
34927,Episode_Reward/track_lin_vel_xy,4.970728397369385,1781336182.4798622
34971,Episode_Reward/track_lin_vel_xy,4.970502853393555,1781336388.832271
35015,Episode_Reward/track_lin_vel_xy,4.971855163574219,1781336593.96559
35059,Episode_Reward/track_lin_vel_xy,4.971174716949463,1781336800.270251
35103,Episode_Reward/track_lin_vel_xy,4.969891548156738,1781337005.5607202
35147,Episode_Reward/track_lin_vel_xy,4.970476150512695,1781337210.7319343
35191,Episode_Reward/track_lin_vel_xy,4.971384048461914,1781337415.2159388
35235,Episode_Reward/track_lin_vel_xy,4.971778869628906,1781337620.2410424
35279,Episode_Reward/track_lin_vel_xy,4.973304271697998,1781337826.2479324
35323,Episode_Reward/track_lin_vel_xy,4.9725341796875,1781338032.9217434
35367,Episode_Reward/track_lin_vel_xy,4.971797466278076,1781338238.112916
35411,Episode_Reward/track_lin_vel_xy,4.972110748291016,1781338443.6372905
35455,Episode_Reward/track_lin_vel_xy,4.972628593444824,1781338650.1050384
35499,Episode_Reward/track_lin_vel_xy,4.973176956176758,1781338854.9668357
35543,Episode_Reward/track_lin_vel_xy,4.972102165222168,1781339060.89318
35587,Episode_Reward/track_lin_vel_xy,4.971498966217041,1781339266.693638
35631,Episode_Reward/track_lin_vel_xy,4.970907211303711,1781339471.818945
35675,Episode_Reward/track_lin_vel_xy,4.972243785858154,1781339676.352009
35719,Episode_Reward/track_lin_vel_xy,4.972612380981445,1781339882.0600948
35763,Episode_Reward/track_lin_vel_xy,4.9728498458862305,1781340087.293726
35807,Episode_Reward/track_lin_vel_xy,4.972827434539795,1781340293.271919
35851,Episode_Reward/track_lin_vel_xy,4.971542835235596,1781340499.2847488
35895,Episode_Reward/track_lin_vel_xy,4.97219181060791,1781340705.3965695
35939,Episode_Reward/track_lin_vel_xy,4.971456527709961,1781340910.4101477
35983,Episode_Reward/track_lin_vel_xy,4.972197532653809,1781341117.3891933
36027,Episode_Reward/track_lin_vel_xy,4.972686767578125,1781341323.3504696
36071,Episode_Reward/track_lin_vel_xy,4.972167491912842,1781341529.0486097
36115,Episode_Reward/track_lin_vel_xy,4.97169303894043,1781341734.8487093
36159,Episode_Reward/track_lin_vel_xy,4.972231388092041,1781341940.9171276
36203,Episode_Reward/track_lin_vel_xy,4.971766471862793,1781342146.3697593
36247,Episode_Reward/track_lin_vel_xy,4.972049713134766,1781342351.737522
36291,Episode_Reward/track_lin_vel_xy,4.9725542068481445,1781342556.0085166
36335,Episode_Reward/track_lin_vel_xy,4.970822334289551,1781342760.6006577
36379,Episode_Reward/track_lin_vel_xy,4.969654083251953,1781342966.6308253
36423,Episode_Reward/track_lin_vel_xy,4.970656394958496,1781343172.193387
36467,Episode_Reward/track_lin_vel_xy,4.967571258544922,1781343377.9379864
36511,Episode_Reward/track_lin_vel_xy,4.970726013183594,1781343585.600682
36555,Episode_Reward/track_lin_vel_xy,4.970809459686279,1781343791.940606
36599,Episode_Reward/track_lin_vel_xy,4.9710693359375,1781343999.051995
36643,Episode_Reward/track_lin_vel_xy,4.970674514770508,1781344205.697558
36687,Episode_Reward/track_lin_vel_xy,4.9707722663879395,1781344411.0406394
36731,Episode_Reward/track_lin_vel_xy,4.970795631408691,1781344616.1229444
36775,Episode_Reward/track_lin_vel_xy,4.971168518066406,1781344819.6219957
36819,Episode_Reward/track_lin_vel_xy,4.971112251281738,1781345024.807804
36863,Episode_Reward/track_lin_vel_xy,4.9693169593811035,1781345230.065201
36907,Episode_Reward/track_lin_vel_xy,4.970888614654541,1781345435.1315105
36951,Episode_Reward/track_lin_vel_xy,4.97140645980835,1781345639.936794
36995,Episode_Reward/track_lin_vel_xy,4.9712677001953125,1781345845.0315053
37039,Episode_Reward/track_lin_vel_xy,4.9701995849609375,1781346050.7666078
37083,Episode_Reward/track_lin_vel_xy,4.9717512130737305,1781346257.9272013
37127,Episode_Reward/track_lin_vel_xy,4.970094680786133,1781346464.8631475
37171,Episode_Reward/track_lin_vel_xy,4.969128608703613,1781346671.3448522
37215,Episode_Reward/track_lin_vel_xy,4.969959735870361,1781346876.8532286
37259,Episode_Reward/track_lin_vel_xy,4.970727920532227,1781347084.1362376
37303,Episode_Reward/track_lin_vel_xy,4.970634460449219,1781347289.367966
37347,Episode_Reward/track_lin_vel_xy,4.9711103439331055,1781347494.41043
37391,Episode_Reward/track_lin_vel_xy,4.971500873565674,1781347700.5619595
37435,Episode_Reward/track_lin_vel_xy,4.971189022064209,1781347906.3979783
37479,Episode_Reward/track_lin_vel_xy,4.9704365730285645,1781348112.7338936
37523,Episode_Reward/track_lin_vel_xy,4.970990180969238,1781348318.402556
37567,Episode_Reward/track_lin_vel_xy,4.971064567565918,1781348523.9873397
37611,Episode_Reward/track_lin_vel_xy,4.971268653869629,1781348730.788067
37655,Episode_Reward/track_lin_vel_xy,4.971818923950195,1781348935.7233899
37699,Episode_Reward/track_lin_vel_xy,4.973324775695801,1781349142.2938676
37743,Episode_Reward/track_lin_vel_xy,4.972221851348877,1781349347.672477
37787,Episode_Reward/track_lin_vel_xy,4.970706939697266,1781349553.1766236
37831,Episode_Reward/track_lin_vel_xy,4.971289157867432,1781349759.9378588
37875,Episode_Reward/track_lin_vel_xy,4.970745086669922,1781349966.695803
37919,Episode_Reward/track_lin_vel_xy,4.970564842224121,1781350174.357066
37963,Episode_Reward/track_lin_vel_xy,4.972439765930176,1781350374.4884994
38007,Episode_Reward/track_lin_vel_xy,4.97121000289917,1781350577.6240711
38051,Episode_Reward/track_lin_vel_xy,4.971626281738281,1781350783.7270746
38095,Episode_Reward/track_lin_vel_xy,4.971628189086914,1781350987.2556238
38139,Episode_Reward/track_lin_vel_xy,4.971463203430176,1781351193.750138
38183,Episode_Reward/track_lin_vel_xy,4.972626209259033,1781351399.8581183
38227,Episode_Reward/track_lin_vel_xy,4.972591400146484,1781351607.0136025
38271,Episode_Reward/track_lin_vel_xy,4.973003387451172,1781351814.392697
38315,Episode_Reward/track_lin_vel_xy,4.972576141357422,1781352020.6900318
38359,Episode_Reward/track_lin_vel_xy,4.973048686981201,1781352226.5719502
38403,Episode_Reward/track_lin_vel_xy,4.972599029541016,1781352433.8100252
38447,Episode_Reward/track_lin_vel_xy,4.972905158996582,1781352641.053237
38491,Episode_Reward/track_lin_vel_xy,4.973572731018066,1781352846.1397376
38535,Episode_Reward/track_lin_vel_xy,4.868167877197266,1781353050.891799
38579,Episode_Reward/track_lin_vel_xy,4.9726362228393555,1781353254.0576053
38623,Episode_Reward/track_lin_vel_xy,4.972299575805664,1781353459.9918692
38667,Episode_Reward/track_lin_vel_xy,4.972057342529297,1781353665.122152
38711,Episode_Reward/track_lin_vel_xy,4.972595691680908,1781353871.3787198
38755,Episode_Reward/track_lin_vel_xy,4.972542762756348,1781354077.3528802
38799,Episode_Reward/track_lin_vel_xy,4.9729719161987305,1781354284.912079
38843,Episode_Reward/track_lin_vel_xy,4.972816467285156,1781354491.6718867
38887,Episode_Reward/track_lin_vel_xy,4.973541259765625,1781354700.2166424
38931,Episode_Reward/track_lin_vel_xy,4.9725236892700195,1781354907.6119366
38975,Episode_Reward/track_lin_vel_xy,4.971408367156982,1781355113.8175542
39019,Episode_Reward/track_lin_vel_xy,4.972383975982666,1781355320.6255627
39063,Episode_Reward/track_lin_vel_xy,4.972386360168457,1781355529.0062754
39107,Episode_Reward/track_lin_vel_xy,4.971804141998291,1781355735.364112
39151,Episode_Reward/track_lin_vel_xy,4.971897125244141,1781355941.3792949
39195,Episode_Reward/track_lin_vel_xy,4.9728593826293945,1781356147.6473372
39239,Episode_Reward/track_lin_vel_xy,4.972957611083984,1781356354.446458
39283,Episode_Reward/track_lin_vel_xy,4.97223424911499,1781356561.8797793
39327,Episode_Reward/track_lin_vel_xy,4.971962928771973,1781356768.6381958
39371,Episode_Reward/track_lin_vel_xy,4.972872734069824,1781356975.334205
39415,Episode_Reward/track_lin_vel_xy,4.972635269165039,1781357181.543686
39459,Episode_Reward/track_lin_vel_xy,4.973113536834717,1781357387.562725
39503,Episode_Reward/track_lin_vel_xy,4.973381996154785,1781357594.9142125
39547,Episode_Reward/track_lin_vel_xy,4.971643447875977,1781357801.7516885
39591,Episode_Reward/track_lin_vel_xy,4.970826148986816,1781358008.272103
39635,Episode_Reward/track_lin_vel_xy,4.9716315269470215,1781358214.773582
39679,Episode_Reward/track_lin_vel_xy,4.971596717834473,1781358421.9482176
39723,Episode_Reward/track_lin_vel_xy,4.971819877624512,1781358627.788105
39767,Episode_Reward/track_lin_vel_xy,4.970974922180176,1781358833.1227021
39811,Episode_Reward/track_lin_vel_xy,4.971771240234375,1781359026.95607
39855,Episode_Reward/track_lin_vel_xy,4.96993350982666,1781359233.23452
39899,Episode_Reward/track_lin_vel_xy,4.971527099609375,1781359440.546701
39943,Episode_Reward/track_lin_vel_xy,4.971586227416992,1781359648.0866508
39987,Episode_Reward/track_lin_vel_xy,4.97235107421875,1781359856.2850509
40031,Episode_Reward/track_lin_vel_xy,4.972153186798096,1781360060.1279738
40075,Episode_Reward/track_lin_vel_xy,4.9725871086120605,1781360263.2825758
40119,Episode_Reward/track_lin_vel_xy,4.972060680389404,1781360470.6393213
40163,Episode_Reward/track_lin_vel_xy,4.971729278564453,1781360677.1501281
40207,Episode_Reward/track_lin_vel_xy,4.970183849334717,1781360884.2281306
40251,Episode_Reward/track_lin_vel_xy,4.972372531890869,1781361091.402486
40295,Episode_Reward/track_lin_vel_xy,4.973317623138428,1781361298.1092484
40339,Episode_Reward/track_lin_vel_xy,4.972415924072266,1781361505.5753872
40383,Episode_Reward/track_lin_vel_xy,4.973267555236816,1781361712.4890447
40427,Episode_Reward/track_lin_vel_xy,4.972657680511475,1781361919.5348427
40471,Episode_Reward/track_lin_vel_xy,4.97314453125,1781362126.4409866
40515,Episode_Reward/track_lin_vel_xy,4.9727678298950195,1781362333.3940036
40559,Episode_Reward/track_lin_vel_xy,4.971744537353516,1781362539.7676017
40603,Episode_Reward/track_lin_vel_xy,4.972455024719238,1781362745.4890046
40647,Episode_Reward/track_lin_vel_xy,4.973069667816162,1781362951.9494762
40691,Episode_Reward/track_lin_vel_xy,4.973445892333984,1781363157.8460474
40735,Episode_Reward/track_lin_vel_xy,4.9733686447143555,1781363363.6201282
40779,Episode_Reward/track_lin_vel_xy,4.9728498458862305,1781363569.2959774
40823,Episode_Reward/track_lin_vel_xy,4.973130702972412,1781363774.5375285
40867,Episode_Reward/track_lin_vel_xy,4.972494125366211,1781363981.3627512
40911,Episode_Reward/track_lin_vel_xy,4.9721879959106445,1781364187.6907895
40955,Episode_Reward/track_lin_vel_xy,4.9728899002075195,1781364394.302564
40999,Episode_Reward/track_lin_vel_xy,4.97355842590332,1781364601.3638747
41043,Episode_Reward/track_lin_vel_xy,4.972175598144531,1781364807.1910434
41087,Episode_Reward/track_lin_vel_xy,4.970761299133301,1781365014.0492306
41131,Episode_Reward/track_lin_vel_xy,4.970085144042969,1781365219.8831012
41175,Episode_Reward/track_lin_vel_xy,4.971080303192139,1781365428.107513
41219,Episode_Reward/track_lin_vel_xy,4.972047328948975,1781365634.9548416
41263,Episode_Reward/track_lin_vel_xy,4.971967697143555,1781365841.2241359
41307,Episode_Reward/track_lin_vel_xy,4.972264289855957,1781366049.381066
41351,Episode_Reward/track_lin_vel_xy,4.973536014556885,1781366256.804334
41395,Episode_Reward/track_lin_vel_xy,4.9730095863342285,1781366462.7431254
41439,Episode_Reward/track_lin_vel_xy,4.9720892906188965,1781366668.5711727
41483,Episode_Reward/track_lin_vel_xy,4.972184658050537,1781366875.50137
41527,Episode_Reward/track_lin_vel_xy,4.97261381149292,1781367081.141271
41571,Episode_Reward/track_lin_vel_xy,4.972630500793457,1781367287.7204401
41615,Episode_Reward/track_lin_vel_xy,4.971770286560059,1781367495.6341774
41659,Episode_Reward/track_lin_vel_xy,4.972413539886475,1781367702.7349281
41703,Episode_Reward/track_lin_vel_xy,4.972003936767578,1781367910.771684
41747,Episode_Reward/track_lin_vel_xy,4.973824977874756,1781368118.2346609
41791,Episode_Reward/track_lin_vel_xy,4.972581386566162,1781368325.0709264
41835,Episode_Reward/track_lin_vel_xy,4.97374153137207,1781368531.4794152
41879,Episode_Reward/track_lin_vel_xy,4.967676162719727,1781368738.9734704
41923,Episode_Reward/track_lin_vel_xy,4.972504615783691,1781368945.8267581
41967,Episode_Reward/track_lin_vel_xy,4.974027633666992,1781369152.973475
42011,Episode_Reward/track_lin_vel_xy,4.973897933959961,1781369360.961911
42055,Episode_Reward/track_lin_vel_xy,4.9730963706970215,1781369568.789824
42099,Episode_Reward/track_lin_vel_xy,4.973052501678467,1781369776.3504167
42143,Episode_Reward/track_lin_vel_xy,4.973816871643066,1781369983.1545868
42187,Episode_Reward/track_lin_vel_xy,4.974011421203613,1781370189.109852
42231,Episode_Reward/track_lin_vel_xy,4.974483013153076,1781370392.268178
42275,Episode_Reward/track_lin_vel_xy,4.974976539611816,1781370599.634441
42319,Episode_Reward/track_lin_vel_xy,4.97450065612793,1781370805.9068696
42363,Episode_Reward/track_lin_vel_xy,4.974609375,1781371013.508311
42407,Episode_Reward/track_lin_vel_xy,4.974526405334473,1781371220.0687795
42451,Episode_Reward/track_lin_vel_xy,4.974116325378418,1781371425.8695858
42495,Episode_Reward/track_lin_vel_xy,4.973269462585449,1781371632.2460864
42539,Episode_Reward/track_lin_vel_xy,4.945010662078857,1781371837.649596
42583,Episode_Reward/track_lin_vel_xy,4.973085880279541,1781372043.6581154
42627,Episode_Reward/track_lin_vel_xy,4.972326278686523,1781372251.2171502
42671,Episode_Reward/track_lin_vel_xy,4.972605228424072,1781372456.5079386
42715,Episode_Reward/track_lin_vel_xy,4.973222732543945,1781372663.3787436
42759,Episode_Reward/track_lin_vel_xy,4.973602294921875,1781372870.8792212
42803,Episode_Reward/track_lin_vel_xy,4.97320556640625,1781373078.4010437
42847,Episode_Reward/track_lin_vel_xy,4.972156047821045,1781373284.3015594
42891,Episode_Reward/track_lin_vel_xy,4.971923351287842,1781373488.185268
42935,Episode_Reward/track_lin_vel_xy,4.972160339355469,1781373693.751574
42979,Episode_Reward/track_lin_vel_xy,4.9724016189575195,1781373899.8557186
43023,Episode_Reward/track_lin_vel_xy,4.973244667053223,1781374105.9228084
43067,Episode_Reward/track_lin_vel_xy,4.973077774047852,1781374311.5584273
43111,Episode_Reward/track_lin_vel_xy,4.971975326538086,1781374518.4108672
43155,Episode_Reward/track_lin_vel_xy,4.973886489868164,1781374723.8953831
43199,Episode_Reward/track_lin_vel_xy,4.973137855529785,1781374930.187131
43243,Episode_Reward/track_lin_vel_xy,4.973770618438721,1781375135.4532094
43287,Episode_Reward/track_lin_vel_xy,4.97352933883667,1781375341.633121
43331,Episode_Reward/track_lin_vel_xy,4.971773147583008,1781375546.4310062
43375,Episode_Reward/track_lin_vel_xy,4.973564147949219,1781375752.3686788
43419,Episode_Reward/track_lin_vel_xy,4.973787784576416,1781375958.6409566
43463,Episode_Reward/track_lin_vel_xy,4.973421096801758,1781376164.44912
43507,Episode_Reward/track_lin_vel_xy,4.972652435302734,1781376371.0568566
43551,Episode_Reward/track_lin_vel_xy,4.973013877868652,1781376577.4757416
43595,Episode_Reward/track_lin_vel_xy,4.973086357116699,1781376785.503695
43639,Episode_Reward/track_lin_vel_xy,4.973146438598633,1781376992.744327
43683,Episode_Reward/track_lin_vel_xy,4.972248554229736,1781377199.2029676
43727,Episode_Reward/track_lin_vel_xy,4.972015857696533,1781377405.8730655
43771,Episode_Reward/track_lin_vel_xy,4.973317623138428,1781377613.4525838
43815,Episode_Reward/track_lin_vel_xy,4.973303318023682,1781377820.8142557
43859,Episode_Reward/track_lin_vel_xy,4.973400115966797,1781378027.2591848
43903,Episode_Reward/track_lin_vel_xy,4.973862648010254,1781378233.5381706
43947,Episode_Reward/track_lin_vel_xy,4.973256587982178,1781378439.9292321
43991,Episode_Reward/track_lin_vel_xy,4.973207473754883,1781378644.623987
44035,Episode_Reward/track_lin_vel_xy,4.972942352294922,1781378851.937426
44079,Episode_Reward/track_lin_vel_xy,4.973425388336182,1781379058.9167483
44123,Episode_Reward/track_lin_vel_xy,4.9727983474731445,1781379265.6815126
44167,Episode_Reward/track_lin_vel_xy,4.973077774047852,1781379472.0416436
44211,Episode_Reward/track_lin_vel_xy,4.972463130950928,1781379678.265559
44255,Episode_Reward/track_lin_vel_xy,4.973143577575684,1781379884.6781325
44299,Episode_Reward/track_lin_vel_xy,4.971775531768799,1781380092.34562
44343,Episode_Reward/track_lin_vel_xy,4.972110748291016,1781380299.5951474
44387,Episode_Reward/track_lin_vel_xy,4.972978591918945,1781380505.7869365
44431,Episode_Reward/track_lin_vel_xy,4.973583221435547,1781380711.763582
44475,Episode_Reward/track_lin_vel_xy,4.973536968231201,1781380913.9480634
44519,Episode_Reward/track_lin_vel_xy,4.974301815032959,1781381122.385108
44563,Episode_Reward/track_lin_vel_xy,4.974381923675537,1781381329.9239001
44607,Episode_Reward/track_lin_vel_xy,4.973954200744629,1781381537.1659136
44651,Episode_Reward/track_lin_vel_xy,4.973973751068115,1781381743.5009177
44695,Episode_Reward/track_lin_vel_xy,4.97254753112793,1781381949.0716355
44739,Episode_Reward/track_lin_vel_xy,4.972904205322266,1781382155.1138976
44783,Episode_Reward/track_lin_vel_xy,4.971988677978516,1781382360.7973936
44827,Episode_Reward/track_lin_vel_xy,4.9722466468811035,1781382568.0741947
44871,Episode_Reward/track_lin_vel_xy,4.973710536956787,1781382774.5627687
44915,Episode_Reward/track_lin_vel_xy,4.973761558532715,1781382981.4210176
44959,Episode_Reward/track_lin_vel_xy,4.973967552185059,1781383188.7880836
45003,Episode_Reward/track_lin_vel_xy,4.9730939865112305,1781383394.966259
45047,Episode_Reward/track_lin_vel_xy,4.97324800491333,1781383601.7249577
45091,Episode_Reward/track_lin_vel_xy,4.974119663238525,1781383808.67491
45135,Episode_Reward/track_lin_vel_xy,4.973613262176514,1781384015.3320107
45179,Episode_Reward/track_lin_vel_xy,4.973826885223389,1781384221.5084062
45223,Episode_Reward/track_lin_vel_xy,4.973576545715332,1781384429.2924101
45267,Episode_Reward/track_lin_vel_xy,4.973701477050781,1781384635.480552
45311,Episode_Reward/track_lin_vel_xy,4.973896503448486,1781384841.7157545
45355,Episode_Reward/track_lin_vel_xy,4.974987983703613,1781385048.618004
45399,Episode_Reward/track_lin_vel_xy,4.974606513977051,1781385255.2675579
45443,Episode_Reward/track_lin_vel_xy,4.974120140075684,1781385462.4600976
45487,Episode_Reward/track_lin_vel_xy,4.974119186401367,1781385668.114459
45531,Episode_Reward/track_lin_vel_xy,4.972954750061035,1781385873.9825394
45575,Episode_Reward/track_lin_vel_xy,4.972232341766357,1781386080.3645332
45619,Episode_Reward/track_lin_vel_xy,4.973333358764648,1781386287.0692332
45663,Episode_Reward/track_lin_vel_xy,4.973671913146973,1781386494.3826127
45707,Episode_Reward/track_lin_vel_xy,4.972370147705078,1781386700.5596077
45751,Episode_Reward/track_lin_vel_xy,4.973370552062988,1781386907.4077513
45795,Episode_Reward/track_lin_vel_xy,4.973055839538574,1781387113.7755282
45839,Episode_Reward/track_lin_vel_xy,4.972594261169434,1781387319.9095645
45883,Episode_Reward/track_lin_vel_xy,4.972622394561768,1781387527.0868804
45927,Episode_Reward/track_lin_vel_xy,4.973128318786621,1781387733.7230802
45971,Episode_Reward/track_lin_vel_xy,4.973141670227051,1781387939.7796617
46015,Episode_Reward/track_lin_vel_xy,4.973605155944824,1781388146.168395
46059,Episode_Reward/track_lin_vel_xy,4.973926544189453,1781388352.9226842
46103,Episode_Reward/track_lin_vel_xy,4.973357677459717,1781388558.2902782
46147,Episode_Reward/track_lin_vel_xy,4.974017143249512,1781388764.6720588
46191,Episode_Reward/track_lin_vel_xy,4.974463939666748,1781388971.8351688
46235,Episode_Reward/track_lin_vel_xy,4.973773002624512,1781389177.716091
46279,Episode_Reward/track_lin_vel_xy,4.973954677581787,1781389383.8977902
46323,Episode_Reward/track_lin_vel_xy,4.973601341247559,1781389588.1733162
46367,Episode_Reward/track_lin_vel_xy,4.972407341003418,1781389794.1268463
46411,Episode_Reward/track_lin_vel_xy,4.974064826965332,1781390000.743571
46455,Episode_Reward/track_lin_vel_xy,4.9741950035095215,1781390206.8342679
46499,Episode_Reward/track_lin_vel_xy,4.973798751831055,1781390414.3966756
46543,Episode_Reward/track_lin_vel_xy,4.974181652069092,1781390621.2699378
46587,Episode_Reward/track_lin_vel_xy,4.974542617797852,1781390827.7059116
46631,Episode_Reward/track_lin_vel_xy,4.973268032073975,1781391034.5014722
46675,Episode_Reward/track_lin_vel_xy,4.973675727844238,1781391240.5348787
46719,Episode_Reward/track_lin_vel_xy,4.9735941886901855,1781391446.9393702
46763,Episode_Reward/track_lin_vel_xy,4.97341775894165,1781391652.4297273
46807,Episode_Reward/track_lin_vel_xy,4.973472595214844,1781391858.549722
46851,Episode_Reward/track_lin_vel_xy,4.973411560058594,1781392062.7958593
46895,Episode_Reward/track_lin_vel_xy,4.973702907562256,1781392269.2015574
46939,Episode_Reward/track_lin_vel_xy,4.9736647605896,1781392475.4877508
46983,Episode_Reward/track_lin_vel_xy,4.973560333251953,1781392682.2507286
47027,Episode_Reward/track_lin_vel_xy,4.973649978637695,1781392889.3534274
47071,Episode_Reward/track_lin_vel_xy,4.974475383758545,1781393094.3007321
47115,Episode_Reward/track_lin_vel_xy,4.974925994873047,1781393300.04589
47159,Episode_Reward/track_lin_vel_xy,4.974770545959473,1781393506.0608828
47203,Episode_Reward/track_lin_vel_xy,4.9758524894714355,1781393711.8948927
47247,Episode_Reward/track_lin_vel_xy,4.974785804748535,1781393917.0858307
47291,Episode_Reward/track_lin_vel_xy,4.974740028381348,1781394123.3300147
47335,Episode_Reward/track_lin_vel_xy,4.974640369415283,1781394330.0239778
47379,Episode_Reward/track_lin_vel_xy,4.97359561920166,1781394537.3031135
47423,Episode_Reward/track_lin_vel_xy,4.974435806274414,1781394744.228671
47467,Episode_Reward/track_lin_vel_xy,4.97443151473999,1781394950.7525885
47511,Episode_Reward/track_lin_vel_xy,4.974488258361816,1781395157.9185736
47555,Episode_Reward/track_lin_vel_xy,4.975055694580078,1781395364.8796802
47599,Episode_Reward/track_lin_vel_xy,4.975009918212891,1781395572.0527446
47643,Episode_Reward/track_lin_vel_xy,4.975204944610596,1781395778.837592
47687,Episode_Reward/track_lin_vel_xy,4.9751386642456055,1781395984.4727404
47731,Episode_Reward/track_lin_vel_xy,4.974236488342285,1781396191.0088928
47775,Episode_Reward/track_lin_vel_xy,4.974390506744385,1781396397.4548914
47819,Episode_Reward/track_lin_vel_xy,4.974025726318359,1781396603.9756086
47863,Episode_Reward/track_lin_vel_xy,4.973422050476074,1781396809.9958673
47907,Episode_Reward/track_lin_vel_xy,4.973577499389648,1781397017.5398724
47951,Episode_Reward/track_lin_vel_xy,4.9755449295043945,1781397224.840709
47995,Episode_Reward/track_lin_vel_xy,4.9742817878723145,1781397431.4800673
48039,Episode_Reward/track_lin_vel_xy,4.974658966064453,1781397637.3942459
48083,Episode_Reward/track_lin_vel_xy,4.974841117858887,1781397843.859935
48127,Episode_Reward/track_lin_vel_xy,4.975381851196289,1781398049.958406
48171,Episode_Reward/track_lin_vel_xy,4.97505521774292,1781398256.2318938
48215,Episode_Reward/track_lin_vel_xy,4.975160598754883,1781398462.732109
48259,Episode_Reward/track_lin_vel_xy,4.975499629974365,1781398667.98517
48303,Episode_Reward/track_lin_vel_xy,4.975132942199707,1781398873.251689
48347,Episode_Reward/track_lin_vel_xy,4.975038528442383,1781399079.087426
48391,Episode_Reward/track_lin_vel_xy,4.974947929382324,1781399284.902377
48435,Episode_Reward/track_lin_vel_xy,4.975000381469727,1781399492.1999009
48479,Episode_Reward/track_lin_vel_xy,4.974414825439453,1781399698.627025
48523,Episode_Reward/track_lin_vel_xy,4.972690582275391,1781399905.2945824
48567,Episode_Reward/track_lin_vel_xy,4.972569465637207,1781400110.7954183
48611,Episode_Reward/track_lin_vel_xy,4.971858501434326,1781400317.436573
48655,Episode_Reward/track_lin_vel_xy,4.971389293670654,1781400523.995339
48699,Episode_Reward/track_lin_vel_xy,4.971196174621582,1781400723.5821903
48743,Episode_Reward/track_lin_vel_xy,4.971548080444336,1781400926.5100367
48787,Episode_Reward/track_lin_vel_xy,4.970530986785889,1781401132.5426786
48831,Episode_Reward/track_lin_vel_xy,4.907525062561035,1781401339.3501174
48875,Episode_Reward/track_lin_vel_xy,4.973002910614014,1781401546.5339658
48919,Episode_Reward/track_lin_vel_xy,4.97371244430542,1781401752.5142045
48963,Episode_Reward/track_lin_vel_xy,4.9734344482421875,1781401958.1980577
49007,Episode_Reward/track_lin_vel_xy,4.973878860473633,1781402162.8964086
49051,Episode_Reward/track_lin_vel_xy,4.974211692810059,1781402368.7448564
49095,Episode_Reward/track_lin_vel_xy,4.974857807159424,1781402574.6919546
49139,Episode_Reward/track_lin_vel_xy,4.975052833557129,1781402780.3940742
49183,Episode_Reward/track_lin_vel_xy,4.975746154785156,1781402986.53706
49227,Episode_Reward/track_lin_vel_xy,4.975766181945801,1781403192.8673604
49271,Episode_Reward/track_lin_vel_xy,4.975907325744629,1781403399.4867756
49315,Episode_Reward/track_lin_vel_xy,4.97598934173584,1781403605.668131
49359,Episode_Reward/track_lin_vel_xy,4.97504186630249,1781403811.7120705
49403,Episode_Reward/track_lin_vel_xy,4.975352764129639,1781404017.2569811
49447,Episode_Reward/track_lin_vel_xy,4.9760003089904785,1781404223.896137
49491,Episode_Reward/track_lin_vel_xy,4.975884437561035,1781404429.3771887
49535,Episode_Reward/track_lin_vel_xy,4.974509239196777,1781404634.200777
49579,Episode_Reward/track_lin_vel_xy,4.976935863494873,1781404840.4764163
49623,Episode_Reward/track_lin_vel_xy,4.974969863891602,1781405046.6671326
49667,Episode_Reward/track_lin_vel_xy,4.975381851196289,1781405251.402547
49711,Episode_Reward/track_lin_vel_xy,4.975576400756836,1781405458.514059
49755,Episode_Reward/track_lin_vel_xy,4.975429058074951,1781405664.2290568
49799,Episode_Reward/track_lin_vel_xy,4.975445747375488,1781405870.5824556
49843,Episode_Reward/track_lin_vel_xy,4.974465370178223,1781406076.11239
49887,Episode_Reward/track_lin_vel_xy,4.975354194641113,1781406283.016949
49931,Episode_Reward/track_lin_vel_xy,4.975346088409424,1781406488.7879503
49975,Episode_Reward/track_lin_vel_xy,4.974582672119141,1781406693.8183298
50019,Episode_Reward/track_lin_vel_xy,4.9750189781188965,1781406900.0554261
50063,Episode_Reward/track_lin_vel_xy,4.974205017089844,1781407104.9008338
50107,Episode_Reward/track_lin_vel_xy,4.974638938903809,1781407311.1172175
50151,Episode_Reward/track_lin_vel_xy,4.974469184875488,1781407516.2755947
50195,Episode_Reward/track_lin_vel_xy,4.975046157836914,1781407721.017263
50239,Episode_Reward/track_lin_vel_xy,4.975119113922119,1781407926.787919
50283,Episode_Reward/track_lin_vel_xy,4.975046157836914,1781408132.965264
50327,Episode_Reward/track_lin_vel_xy,4.974635124206543,1781408338.851256
50371,Episode_Reward/track_lin_vel_xy,4.950095176696777,1781408544.5835814
50415,Episode_Reward/track_lin_vel_xy,4.97398567199707,1781408750.200979
50459,Episode_Reward/track_lin_vel_xy,4.973933219909668,1781408956.8816056
50503,Episode_Reward/track_lin_vel_xy,4.970246315002441,1781409163.2553346
50547,Episode_Reward/track_lin_vel_xy,4.973739147186279,1781409370.6846693
50591,Episode_Reward/track_lin_vel_xy,4.974116802215576,1781409577.9265473
50635,Episode_Reward/track_lin_vel_xy,4.972199440002441,1781409784.1707766
50679,Episode_Reward/track_lin_vel_xy,4.9743123054504395,1781409997.989235
50723,Episode_Reward/track_lin_vel_xy,4.974703311920166,1781410262.306055
50767,Episode_Reward/track_lin_vel_xy,4.974758625030518,1781410516.6785567
50811,Episode_Reward/track_lin_vel_xy,4.9749555587768555,1781410785.16046
50855,Episode_Reward/track_lin_vel_xy,4.975285530090332,1781411016.0624242
50899,Episode_Reward/track_lin_vel_xy,4.974393844604492,1781411250.054858
50943,Episode_Reward/track_lin_vel_xy,4.973989009857178,1781411457.183099
50987,Episode_Reward/track_lin_vel_xy,4.973811149597168,1781411657.4447045
51031,Episode_Reward/track_lin_vel_xy,4.974413871765137,1781411864.108028
51075,Episode_Reward/track_lin_vel_xy,4.972802639007568,1781412063.873006
51119,Episode_Reward/track_lin_vel_xy,4.973891258239746,1781412265.7911909
51163,Episode_Reward/track_lin_vel_xy,4.974339962005615,1781412472.918787
51207,Episode_Reward/track_lin_vel_xy,4.975356578826904,1781412679.6598775
51236,Episode_Reward/track_lin_vel_xy,4.974574089050293,1781412836.0275624
7999,Episode_Reward/hand_payload_pose,1.404693499342522e-15,1781175596.7739697
8043,Episode_Reward/hand_payload_pose,4.444514161150437e-06,1781175849.7538807
8087,Episode_Reward/hand_payload_pose,1.8821319827111438e-06,1781176146.0690117
8131,Episode_Reward/hand_payload_pose,1.0172741895075887e-05,1781176457.6084201
8175,Episode_Reward/hand_payload_pose,2.1291884877427947e-07,1781176762.3234951
8219,Episode_Reward/hand_payload_pose,6.686843789793784e-08,1781177061.774934
8263,Episode_Reward/hand_payload_pose,3.659591243376781e-07,1781177369.6574984
8307,Episode_Reward/hand_payload_pose,1.7012755506584654e-06,1781177682.5679657
8351,Episode_Reward/hand_payload_pose,7.81682592787547e-06,1781177988.5232346
8395,Episode_Reward/hand_payload_pose,2.4630853658891283e-05,1781178298.663757
8439,Episode_Reward/hand_payload_pose,5.2335482905618846e-05,1781178603.0393806
8483,Episode_Reward/hand_payload_pose,7.033348083496094e-05,1781178906.1445296
8527,Episode_Reward/hand_payload_pose,7.105711119947955e-05,1781179210.737295
8571,Episode_Reward/hand_payload_pose,8.391049777856097e-05,1781179511.0462053
8615,Episode_Reward/hand_payload_pose,9.881242294795811e-05,1781179814.269389
8659,Episode_Reward/hand_payload_pose,0.00012297554349061102,1781180115.74167
8703,Episode_Reward/hand_payload_pose,0.0001665545132709667,1781180423.8676734
8747,Episode_Reward/hand_payload_pose,0.00024052166554611176,1781180721.105505
8791,Episode_Reward/hand_payload_pose,0.0003291578614152968,1781181025.7196755
8835,Episode_Reward/hand_payload_pose,0.00040985376108437777,1781181334.6763666
8879,Episode_Reward/hand_payload_pose,0.0004921011859551072,1781181639.7257814
8923,Episode_Reward/hand_payload_pose,0.0005764644010923803,1781181942.7686062
8967,Episode_Reward/hand_payload_pose,0.0006698926445096731,1781182252.7926173
9011,Episode_Reward/hand_payload_pose,0.0006548657547682524,1781182559.0259638
9055,Episode_Reward/hand_payload_pose,0.0007128227734938264,1781182868.7810872
9099,Episode_Reward/hand_payload_pose,0.0007923304801806808,1781183175.7338634
9143,Episode_Reward/hand_payload_pose,0.0008100926643237472,1781183485.3068752
9187,Episode_Reward/hand_payload_pose,0.0007969128782860935,1781183797.330503
9231,Episode_Reward/hand_payload_pose,0.000847671995870769,1781184105.133059
9275,Episode_Reward/hand_payload_pose,0.000899491598829627,1781184412.5439613
9319,Episode_Reward/hand_payload_pose,0.0009342699195258319,1781184719.076541
9363,Episode_Reward/hand_payload_pose,0.0009508925722911954,1781185028.2577622
9407,Episode_Reward/hand_payload_pose,0.0010076842736452818,1781185332.222262
9451,Episode_Reward/hand_payload_pose,0.0010334884282201529,1781185640.1811578
9495,Episode_Reward/hand_payload_pose,0.0010950390715152025,1781185944.4953952
9539,Episode_Reward/hand_payload_pose,0.001149639138020575,1781186252.5626798
9583,Episode_Reward/hand_payload_pose,0.0011879436206072569,1781186560.2464685
9627,Episode_Reward/hand_payload_pose,0.0011753300204873085,1781186867.3909087
9671,Episode_Reward/hand_payload_pose,0.0012438214616850019,1781187176.6822531
9715,Episode_Reward/hand_payload_pose,0.001288228202611208,1781187485.0710793
9759,Episode_Reward/hand_payload_pose,0.00136603694409132,1781187792.8948405
9803,Episode_Reward/hand_payload_pose,0.0014614469837397337,1781188100.4549892
9847,Episode_Reward/hand_payload_pose,0.0013708637561649084,1781188409.5254261
9891,Episode_Reward/hand_payload_pose,0.0013524274108931422,1781188718.312018
9935,Episode_Reward/hand_payload_pose,0.0015391249908134341,1781189025.0498037
9979,Episode_Reward/hand_payload_pose,0.0015569764655083418,1781189331.7357254
10023,Episode_Reward/hand_payload_pose,0.0015615865122526884,1781189640.297538
10067,Episode_Reward/hand_payload_pose,0.001564724138006568,1781189948.9218109
10111,Episode_Reward/hand_payload_pose,0.0016441666521131992,1781190253.8864303
10155,Episode_Reward/hand_payload_pose,0.0017216028645634651,1781190559.8067355
10199,Episode_Reward/hand_payload_pose,0.0018510519294068217,1781190869.3365486
10243,Episode_Reward/hand_payload_pose,0.0018811183981597424,1781191176.4255126
10287,Episode_Reward/hand_payload_pose,0.0018745192792266607,1781191481.8964605
10331,Episode_Reward/hand_payload_pose,0.002213819418102503,1781191791.4942694
10375,Episode_Reward/hand_payload_pose,0.002203525509685278,1781192099.5676873
10419,Episode_Reward/hand_payload_pose,0.0022306684404611588,1781192407.10631
10463,Episode_Reward/hand_payload_pose,0.0023223920725286007,1781192714.568192
10507,Episode_Reward/hand_payload_pose,0.0023386268876492977,1781193023.3510823
10551,Episode_Reward/hand_payload_pose,0.0023715198040008545,1781193329.3121288
10595,Episode_Reward/hand_payload_pose,0.0027011483907699585,1781193636.7566094
10639,Episode_Reward/hand_payload_pose,0.002809649333357811,1781193943.5048888
10683,Episode_Reward/hand_payload_pose,0.0027905269525945187,1781194249.9926775
10727,Episode_Reward/hand_payload_pose,0.003009125590324402,1781194555.8554938
10771,Episode_Reward/hand_payload_pose,0.003372653853148222,1781194864.291499
10815,Episode_Reward/hand_payload_pose,0.003441921900957823,1781195164.946614
10859,Episode_Reward/hand_payload_pose,0.003742797300219536,1781195473.2901957
10903,Episode_Reward/hand_payload_pose,0.0041714198887348175,1781195780.6811955
10947,Episode_Reward/hand_payload_pose,0.00454064691439271,1781196088.9639976
10991,Episode_Reward/hand_payload_pose,0.004945565015077591,1781196396.0777392
11035,Episode_Reward/hand_payload_pose,0.00579100614413619,1781196701.5926392
11079,Episode_Reward/hand_payload_pose,0.006852786056697369,1781197006.8005447
11123,Episode_Reward/hand_payload_pose,0.00827116146683693,1781197313.4586146
11167,Episode_Reward/hand_payload_pose,0.009569784626364708,1781197619.203028
11211,Episode_Reward/hand_payload_pose,0.01146821491420269,1781197925.6411397
11255,Episode_Reward/hand_payload_pose,0.013833212666213512,1781198232.8568928
11299,Episode_Reward/hand_payload_pose,0.0175798162817955,1781198536.1965935
11343,Episode_Reward/hand_payload_pose,0.022218797355890274,1781198845.4056568
11387,Episode_Reward/hand_payload_pose,0.028918340802192688,1781199154.2219076
11431,Episode_Reward/hand_payload_pose,0.037621188908815384,1781199462.9370542
11475,Episode_Reward/hand_payload_pose,0.05010105296969414,1781199768.8830547
11519,Episode_Reward/hand_payload_pose,0.07297500222921371,1781200076.389958
11563,Episode_Reward/hand_payload_pose,0.10182543843984604,1781200385.378947
11607,Episode_Reward/hand_payload_pose,0.13815447688102722,1781200695.926424
11651,Episode_Reward/hand_payload_pose,0.17744189500808716,1781201006.8108149
11695,Episode_Reward/hand_payload_pose,0.22283749282360077,1781201315.6502492
11739,Episode_Reward/hand_payload_pose,0.2712247371673584,1781201622.647257
11783,Episode_Reward/hand_payload_pose,0.33704614639282227,1781201926.50477
11827,Episode_Reward/hand_payload_pose,0.41347360610961914,1781202236.357866
11871,Episode_Reward/hand_payload_pose,0.4748949706554413,1781202544.8422701
11915,Episode_Reward/hand_payload_pose,0.5784494876861572,1781202854.034323
11959,Episode_Reward/hand_payload_pose,0.6693795919418335,1781203163.884428
12003,Episode_Reward/hand_payload_pose,0.771805465221405,1781203475.5540981
12047,Episode_Reward/hand_payload_pose,0.8890829086303711,1781203786.3926914
12091,Episode_Reward/hand_payload_pose,1.0106829404830933,1781204094.575889
12135,Episode_Reward/hand_payload_pose,1.1466429233551025,1781204401.6408129
12179,Episode_Reward/hand_payload_pose,1.3064143657684326,1781204709.5077822
12223,Episode_Reward/hand_payload_pose,1.4592393636703491,1781205019.8657236
12267,Episode_Reward/hand_payload_pose,1.633901596069336,1781205330.615488
12311,Episode_Reward/hand_payload_pose,1.797059416770935,1781205641.3835762
12355,Episode_Reward/hand_payload_pose,2.005645751953125,1781205952.5761359
12399,Episode_Reward/hand_payload_pose,2.210178852081299,1781206261.2458162
12443,Episode_Reward/hand_payload_pose,2.4205451011657715,1781206570.4291828
12487,Episode_Reward/hand_payload_pose,2.648118257522583,1781206879.0488958
12531,Episode_Reward/hand_payload_pose,2.89436411857605,1781207185.500169
12575,Episode_Reward/hand_payload_pose,3.309823989868164,1781207491.990367
12619,Episode_Reward/hand_payload_pose,3.6010470390319824,1781207796.6780803
12663,Episode_Reward/hand_payload_pose,3.73337984085083,1781208099.997246
12707,Episode_Reward/hand_payload_pose,3.788774251937866,1781208402.324051
12751,Episode_Reward/hand_payload_pose,3.8225133419036865,1781208706.1444547
12795,Episode_Reward/hand_payload_pose,3.8446967601776123,1781209010.856767
12839,Episode_Reward/hand_payload_pose,3.8592066764831543,1781209311.7404013
12883,Episode_Reward/hand_payload_pose,3.8684134483337402,1781209615.4533803
12927,Episode_Reward/hand_payload_pose,3.8770313262939453,1781209919.8362277
12971,Episode_Reward/hand_payload_pose,3.8824195861816406,1781210222.859314
13015,Episode_Reward/hand_payload_pose,3.888561964035034,1781210527.686822
13059,Episode_Reward/hand_payload_pose,3.8920211791992188,1781210832.8958585
13103,Episode_Reward/hand_payload_pose,3.8951845169067383,1781211138.3586292
13147,Episode_Reward/hand_payload_pose,3.8973803520202637,1781211442.2017782
13191,Episode_Reward/hand_payload_pose,3.900639295578003,1781211747.2227316
13235,Episode_Reward/hand_payload_pose,3.901540756225586,1781212050.2246695
13279,Episode_Reward/hand_payload_pose,3.9045562744140625,1781212352.2833602
13323,Episode_Reward/hand_payload_pose,3.907210111618042,1781212658.9937289
13367,Episode_Reward/hand_payload_pose,3.907339096069336,1781212963.585073
13411,Episode_Reward/hand_payload_pose,3.9097793102264404,1781213268.592386
13455,Episode_Reward/hand_payload_pose,3.9109225273132324,1781213571.4590034
13499,Episode_Reward/hand_payload_pose,3.910968542098999,1781213874.8762789
13543,Episode_Reward/hand_payload_pose,3.9125328063964844,1781214170.438384
13587,Episode_Reward/hand_payload_pose,3.913567543029785,1781214471.8381548
13631,Episode_Reward/hand_payload_pose,3.9147441387176514,1781214775.5784068
13675,Episode_Reward/hand_payload_pose,3.914405584335327,1781215081.75914
13719,Episode_Reward/hand_payload_pose,3.9157800674438477,1781215386.5720255
13763,Episode_Reward/hand_payload_pose,3.9168128967285156,1781215693.6640983
13807,Episode_Reward/hand_payload_pose,3.917201042175293,1781215998.95161
13851,Episode_Reward/hand_payload_pose,3.9182357788085938,1781216304.1418445
13895,Episode_Reward/hand_payload_pose,3.9187188148498535,1781216609.699029
13939,Episode_Reward/hand_payload_pose,3.919189453125,1781216915.4305527
13983,Episode_Reward/hand_payload_pose,3.9198758602142334,1781217219.6904144
14027,Episode_Reward/hand_payload_pose,3.920469045639038,1781217524.4779756
14071,Episode_Reward/hand_payload_pose,3.9213550090789795,1781217829.6418204
14115,Episode_Reward/hand_payload_pose,3.921816825866699,1781218136.012446
14159,Episode_Reward/hand_payload_pose,3.9225540161132812,1781218440.7501109
14203,Episode_Reward/hand_payload_pose,3.922983169555664,1781218745.1250637
14247,Episode_Reward/hand_payload_pose,3.9239726066589355,1781219046.8107126
14291,Episode_Reward/hand_payload_pose,3.9248757362365723,1781219350.9396875
14335,Episode_Reward/hand_payload_pose,3.9251906871795654,1781219656.3180091
14379,Episode_Reward/hand_payload_pose,3.9249491691589355,1781219959.7169025
14423,Episode_Reward/hand_payload_pose,3.92529559135437,1781220264.7219996
14467,Episode_Reward/hand_payload_pose,3.9254631996154785,1781220570.7756104
14511,Episode_Reward/hand_payload_pose,3.9256720542907715,1781220874.2543848
14555,Episode_Reward/hand_payload_pose,3.9267568588256836,1781221179.2855172
14599,Episode_Reward/hand_payload_pose,3.926905632019043,1781221485.6377792
14643,Episode_Reward/hand_payload_pose,3.927152633666992,1781221791.8621778
14687,Episode_Reward/hand_payload_pose,3.9275825023651123,1781222097.6361613
14731,Episode_Reward/hand_payload_pose,3.928006172180176,1781222401.0901728
14775,Episode_Reward/hand_payload_pose,3.9286913871765137,1781222705.6357336
14819,Episode_Reward/hand_payload_pose,3.9301748275756836,1781223011.8694758
14863,Episode_Reward/hand_payload_pose,3.9300665855407715,1781223314.9135475
14907,Episode_Reward/hand_payload_pose,3.930906057357788,1781223618.8465972
14951,Episode_Reward/hand_payload_pose,3.9304938316345215,1781223920.7113452
14995,Episode_Reward/hand_payload_pose,3.931281566619873,1781224225.499868
15039,Episode_Reward/hand_payload_pose,3.9322075843811035,1781224531.2039714
15083,Episode_Reward/hand_payload_pose,3.9317831993103027,1781224833.3972747
15127,Episode_Reward/hand_payload_pose,3.931678295135498,1781225140.5677278
15171,Episode_Reward/hand_payload_pose,3.932333469390869,1781225444.8684213
15215,Episode_Reward/hand_payload_pose,3.9329261779785156,1781225750.1437478
15259,Episode_Reward/hand_payload_pose,3.9342124462127686,1781226054.080432
15303,Episode_Reward/hand_payload_pose,3.934844732284546,1781226358.7251391
15347,Episode_Reward/hand_payload_pose,3.9350829124450684,1781226663.6725438
15391,Episode_Reward/hand_payload_pose,3.9354074001312256,1781226968.3188663
15435,Episode_Reward/hand_payload_pose,3.935908317565918,1781227269.4583542
15479,Episode_Reward/hand_payload_pose,3.9365334510803223,1781227573.1055527
15523,Episode_Reward/hand_payload_pose,3.936323881149292,1781227875.6690338
15567,Episode_Reward/hand_payload_pose,3.9367339611053467,1781228178.0130265
15611,Episode_Reward/hand_payload_pose,3.9363467693328857,1781228485.0179167
15655,Episode_Reward/hand_payload_pose,3.937183141708374,1781228785.934753
15699,Episode_Reward/hand_payload_pose,3.937227249145508,1781229090.7701144
15743,Episode_Reward/hand_payload_pose,3.9371581077575684,1781229395.4354134
15787,Episode_Reward/hand_payload_pose,3.9374961853027344,1781229699.9913864
15831,Episode_Reward/hand_payload_pose,3.9381699562072754,1781230004.7654982
15875,Episode_Reward/hand_payload_pose,3.938659191131592,1781230305.8311105
15919,Episode_Reward/hand_payload_pose,3.9388856887817383,1781230609.473758
15963,Episode_Reward/hand_payload_pose,3.9383583068847656,1781230915.9687011
16007,Episode_Reward/hand_payload_pose,3.9388110637664795,1781231218.8060374
16051,Episode_Reward/hand_payload_pose,3.9388041496276855,1781231521.9098144
16095,Episode_Reward/hand_payload_pose,3.9394328594207764,1781231821.6853814
16139,Episode_Reward/hand_payload_pose,3.939499855041504,1781232125.887088
16183,Episode_Reward/hand_payload_pose,3.939558506011963,1781232429.1001906
16227,Episode_Reward/hand_payload_pose,3.940336227416992,1781232733.8376296
16271,Episode_Reward/hand_payload_pose,3.9397711753845215,1781233039.9543314
16315,Episode_Reward/hand_payload_pose,3.939199924468994,1781233344.3852382
16359,Episode_Reward/hand_payload_pose,3.9405009746551514,1781233644.3235722
16403,Episode_Reward/hand_payload_pose,3.940458297729492,1781233947.659829
16447,Episode_Reward/hand_payload_pose,3.940727710723877,1781234251.438932
16491,Episode_Reward/hand_payload_pose,3.941760778427124,1781234557.6451707
16535,Episode_Reward/hand_payload_pose,3.9417216777801514,1781234863.6339796
16579,Episode_Reward/hand_payload_pose,3.9419994354248047,1781235130.536477
16623,Episode_Reward/hand_payload_pose,3.9424309730529785,1781235384.2500014
16667,Episode_Reward/hand_payload_pose,3.942314863204956,1781235648.285912
16711,Episode_Reward/hand_payload_pose,3.942403554916382,1781235917.9120173
16755,Episode_Reward/hand_payload_pose,3.942321538925171,1781236167.5791912
16799,Episode_Reward/hand_payload_pose,3.9430580139160156,1781236415.5648208
16843,Episode_Reward/hand_payload_pose,3.9436252117156982,1781236664.451969
16887,Episode_Reward/hand_payload_pose,3.944221019744873,1781236912.7004611
16931,Episode_Reward/hand_payload_pose,3.9443299770355225,1781237161.7162735
16975,Episode_Reward/hand_payload_pose,3.9444291591644287,1781237410.2123504
17019,Episode_Reward/hand_payload_pose,3.9450368881225586,1781237661.9847639
17063,Episode_Reward/hand_payload_pose,3.9452855587005615,1781237912.5711813
17107,Episode_Reward/hand_payload_pose,3.9453353881835938,1781238162.76732
17151,Episode_Reward/hand_payload_pose,3.94508695602417,1781238408.0777886
17195,Episode_Reward/hand_payload_pose,3.944857358932495,1781238653.547164
17239,Episode_Reward/hand_payload_pose,3.9455127716064453,1781238904.2075286
17283,Episode_Reward/hand_payload_pose,3.946106433868408,1781239157.1350615
17327,Episode_Reward/hand_payload_pose,3.9464335441589355,1781239405.1652153
17371,Episode_Reward/hand_payload_pose,3.9457945823669434,1781239654.6725607
17415,Episode_Reward/hand_payload_pose,3.9470038414001465,1781239901.8969197
17459,Episode_Reward/hand_payload_pose,3.947173833847046,1781240147.5296712
17503,Episode_Reward/hand_payload_pose,3.94683837890625,1781240397.1636994
17547,Episode_Reward/hand_payload_pose,3.9470653533935547,1781240649.5481267
17591,Episode_Reward/hand_payload_pose,3.9466705322265625,1781240897.7096274
17635,Episode_Reward/hand_payload_pose,3.9476191997528076,1781241147.6755798
17679,Episode_Reward/hand_payload_pose,3.94754695892334,1781241400.0701163
17723,Episode_Reward/hand_payload_pose,3.947247266769409,1781241652.1662004
17767,Episode_Reward/hand_payload_pose,3.9480502605438232,1781241902.904559
17811,Episode_Reward/hand_payload_pose,3.948113203048706,1781242152.9381588
17855,Episode_Reward/hand_payload_pose,3.9482364654541016,1781242405.3217657
17899,Episode_Reward/hand_payload_pose,3.948796033859253,1781242657.3778973
17943,Episode_Reward/hand_payload_pose,3.9489285945892334,1781242908.7172585
17987,Episode_Reward/hand_payload_pose,3.949324369430542,1781243152.7908475
18031,Episode_Reward/hand_payload_pose,3.9491565227508545,1781243403.697282
18075,Episode_Reward/hand_payload_pose,3.9493699073791504,1781243654.2563999
18119,Episode_Reward/hand_payload_pose,3.9496006965637207,1781243929.4384112
18163,Episode_Reward/hand_payload_pose,3.949042797088623,1781244237.1151066
18207,Episode_Reward/hand_payload_pose,3.9493682384490967,1781244540.110844
18251,Episode_Reward/hand_payload_pose,3.950089454650879,1781244848.2804086
18295,Episode_Reward/hand_payload_pose,3.9500303268432617,1781245155.9859548
18339,Episode_Reward/hand_payload_pose,3.9503021240234375,1781245464.4245875
18383,Episode_Reward/hand_payload_pose,3.950249433517456,1781245766.8037453
18427,Episode_Reward/hand_payload_pose,3.9502456188201904,1781246071.5355163
18471,Episode_Reward/hand_payload_pose,3.950408935546875,1781246381.4700224
18515,Episode_Reward/hand_payload_pose,3.9489893913269043,1781246689.469183
18559,Episode_Reward/hand_payload_pose,3.950626850128174,1781246998.719942
18603,Episode_Reward/hand_payload_pose,3.950831890106201,1781247307.402861
18647,Episode_Reward/hand_payload_pose,3.951324462890625,1781247665.9469702
18691,Episode_Reward/hand_payload_pose,3.9517059326171875,1781248002.7002926
18735,Episode_Reward/hand_payload_pose,3.9515159130096436,1781248307.9601305
18779,Episode_Reward/hand_payload_pose,3.9515604972839355,1781248614.6073277
18823,Episode_Reward/hand_payload_pose,3.9517221450805664,1781248918.118499
18867,Episode_Reward/hand_payload_pose,3.952500820159912,1781249224.6646562
18911,Episode_Reward/hand_payload_pose,3.952942371368408,1781249529.2618268
18955,Episode_Reward/hand_payload_pose,3.9519119262695312,1781249833.2035136
18999,Episode_Reward/hand_payload_pose,3.9522852897644043,1781250134.6442053
19043,Episode_Reward/hand_payload_pose,3.9530417919158936,1781250438.742122
19087,Episode_Reward/hand_payload_pose,3.952773094177246,1781250744.2006593
19131,Episode_Reward/hand_payload_pose,3.9533591270446777,1781251044.8893669
19175,Episode_Reward/hand_payload_pose,3.9529025554656982,1781251352.2816446
19219,Episode_Reward/hand_payload_pose,3.9528369903564453,1781251658.4228647
19263,Episode_Reward/hand_payload_pose,3.9527785778045654,1781251964.3964927
19307,Episode_Reward/hand_payload_pose,3.9531307220458984,1781252269.6668437
19351,Episode_Reward/hand_payload_pose,3.9531638622283936,1781252575.179293
19395,Episode_Reward/hand_payload_pose,3.953350067138672,1781252877.4082477
19439,Episode_Reward/hand_payload_pose,3.9541983604431152,1781253180.4316247
19483,Episode_Reward/hand_payload_pose,3.953636884689331,1781253485.2467766
19527,Episode_Reward/hand_payload_pose,3.952571392059326,1781253789.888294
19571,Episode_Reward/hand_payload_pose,3.9523847103118896,1781254093.3303864
19615,Episode_Reward/hand_payload_pose,3.9534168243408203,1781254396.4136446
19659,Episode_Reward/hand_payload_pose,3.9541354179382324,1781254701.3287802
19703,Episode_Reward/hand_payload_pose,3.954087734222412,1781255008.0686927
19747,Episode_Reward/hand_payload_pose,3.954735517501831,1781255312.6752582
19791,Episode_Reward/hand_payload_pose,3.954592227935791,1781255616.0244942
19835,Episode_Reward/hand_payload_pose,3.9548966884613037,1781255922.4318168
19879,Episode_Reward/hand_payload_pose,3.954461097717285,1781256227.7577028
19923,Episode_Reward/hand_payload_pose,3.954681396484375,1781256533.1002655
19967,Episode_Reward/hand_payload_pose,3.9557137489318848,1781256838.128773
20011,Episode_Reward/hand_payload_pose,3.9553020000457764,1781257141.9532876
20055,Episode_Reward/hand_payload_pose,3.955476760864258,1781257442.495775
20099,Episode_Reward/hand_payload_pose,3.955383062362671,1781257746.3359401
20143,Episode_Reward/hand_payload_pose,3.955697536468506,1781258049.9735577
20187,Episode_Reward/hand_payload_pose,3.9561190605163574,1781258352.9550157
20231,Episode_Reward/hand_payload_pose,3.956415891647339,1781258655.028026
20275,Episode_Reward/hand_payload_pose,3.956378936767578,1781258957.3507001
20319,Episode_Reward/hand_payload_pose,3.9561173915863037,1781259256.819817
20363,Episode_Reward/hand_payload_pose,3.956632614135742,1781259558.5192664
20407,Episode_Reward/hand_payload_pose,3.9562225341796875,1781259864.2979672
20451,Episode_Reward/hand_payload_pose,3.956171751022339,1781260168.5531745
20495,Episode_Reward/hand_payload_pose,3.9567155838012695,1781260473.0154362
20539,Episode_Reward/hand_payload_pose,3.9567763805389404,1781260776.8942308
20583,Episode_Reward/hand_payload_pose,3.9573190212249756,1781261081.2818165
20627,Episode_Reward/hand_payload_pose,3.9574756622314453,1781261384.0570183
20671,Episode_Reward/hand_payload_pose,3.956801414489746,1781261688.3496783
20715,Episode_Reward/hand_payload_pose,3.9566540718078613,1781261991.4278746
20759,Episode_Reward/hand_payload_pose,3.9579455852508545,1781262291.9133854
20803,Episode_Reward/hand_payload_pose,3.957604169845581,1781262596.475505
20847,Episode_Reward/hand_payload_pose,3.957991361618042,1781262947.941261
20891,Episode_Reward/hand_payload_pose,3.9583072662353516,1781263279.4761982
20935,Episode_Reward/hand_payload_pose,3.957684278488159,1781263583.6626947
20979,Episode_Reward/hand_payload_pose,3.957862615585327,1781263887.971177
21023,Episode_Reward/hand_payload_pose,3.9578065872192383,1781264193.4320698
21067,Episode_Reward/hand_payload_pose,3.9580721855163574,1781264485.4515674
21111,Episode_Reward/hand_payload_pose,3.9484949111938477,1781264745.7491736
21155,Episode_Reward/hand_payload_pose,3.957838773727417,1781264991.2887375
21199,Episode_Reward/hand_payload_pose,3.9585447311401367,1781265237.2577395
21243,Episode_Reward/hand_payload_pose,3.959077835083008,1781265483.8997884
21287,Episode_Reward/hand_payload_pose,3.9589478969573975,1781265728.4915876
21331,Episode_Reward/hand_payload_pose,3.958958625793457,1781265976.997288
21375,Episode_Reward/hand_payload_pose,3.9596519470214844,1781266212.6382096
21419,Episode_Reward/hand_payload_pose,3.959298610687256,1781266459.2915883
21463,Episode_Reward/hand_payload_pose,3.9597411155700684,1781266707.8989542
21507,Episode_Reward/hand_payload_pose,3.9591825008392334,1781266954.3503933
21551,Episode_Reward/hand_payload_pose,3.959258794784546,1781267198.845182
21595,Episode_Reward/hand_payload_pose,3.960484504699707,1781267443.8518853
21639,Episode_Reward/hand_payload_pose,3.960054874420166,1781267688.6454268
21683,Episode_Reward/hand_payload_pose,3.9610002040863037,1781267939.072195
21727,Episode_Reward/hand_payload_pose,3.961150646209717,1781268186.6814315
21771,Episode_Reward/hand_payload_pose,3.9609792232513428,1781268450.0007646
21815,Episode_Reward/hand_payload_pose,3.9612128734588623,1781268698.274804
21859,Episode_Reward/hand_payload_pose,3.9615066051483154,1781268948.6685414
21903,Episode_Reward/hand_payload_pose,3.9601798057556152,1781269198.9774065
21947,Episode_Reward/hand_payload_pose,3.959804058074951,1781269451.3820567
21991,Episode_Reward/hand_payload_pose,3.9601292610168457,1781269700.9167387
22035,Episode_Reward/hand_payload_pose,3.959775447845459,1781269951.0472648
22079,Episode_Reward/hand_payload_pose,3.960594892501831,1781270201.5471323
22123,Episode_Reward/hand_payload_pose,3.9601850509643555,1781270451.9595304
22167,Episode_Reward/hand_payload_pose,3.96090030670166,1781270700.7693765
22211,Episode_Reward/hand_payload_pose,3.961397171020508,1781270949.6682978
22255,Episode_Reward/hand_payload_pose,3.961386203765869,1781271199.3887224
22299,Episode_Reward/hand_payload_pose,3.962299346923828,1781271445.4130301
22343,Episode_Reward/hand_payload_pose,3.9620823860168457,1781271696.201224
22387,Episode_Reward/hand_payload_pose,3.9623351097106934,1781271938.9167106
22431,Episode_Reward/hand_payload_pose,3.962923526763916,1781272174.3848276
22475,Episode_Reward/hand_payload_pose,3.962906837463379,1781272417.872313
22519,Episode_Reward/hand_payload_pose,3.9632232189178467,1781272671.4395154
22563,Episode_Reward/hand_payload_pose,3.9633307456970215,1781272921.4090116
22607,Episode_Reward/hand_payload_pose,3.9636611938476562,1781273167.7609851
22651,Episode_Reward/hand_payload_pose,3.9633588790893555,1781273416.7392135
22695,Episode_Reward/hand_payload_pose,3.963167667388916,1781273673.2318623
22739,Episode_Reward/hand_payload_pose,3.962853193283081,1781273929.9820132
22783,Episode_Reward/hand_payload_pose,3.9629878997802734,1781274172.8279674
22827,Episode_Reward/hand_payload_pose,3.96223783493042,1781274419.1724718
22871,Episode_Reward/hand_payload_pose,3.961493968963623,1781274672.2564108
22915,Episode_Reward/hand_payload_pose,3.9618184566497803,1781274923.8241196
22959,Episode_Reward/hand_payload_pose,3.9631571769714355,1781275170.18302
23003,Episode_Reward/hand_payload_pose,3.9628634452819824,1781275418.7879205
23047,Episode_Reward/hand_payload_pose,3.963303327560425,1781275666.3739572
23091,Episode_Reward/hand_payload_pose,3.9640464782714844,1781275916.140952
23135,Episode_Reward/hand_payload_pose,3.9637231826782227,1781276165.5210586
23179,Episode_Reward/hand_payload_pose,3.963960647583008,1781276417.2551062
23223,Episode_Reward/hand_payload_pose,3.963362216949463,1781276661.0187
23267,Episode_Reward/hand_payload_pose,3.9635353088378906,1781276911.827487
23311,Episode_Reward/hand_payload_pose,3.9634742736816406,1781277162.8229918
23355,Episode_Reward/hand_payload_pose,3.9637362957000732,1781277412.4920843
23399,Episode_Reward/hand_payload_pose,3.9634366035461426,1781277653.5975916
23443,Episode_Reward/hand_payload_pose,3.963411331176758,1781277901.8932626
23487,Episode_Reward/hand_payload_pose,3.9637317657470703,1781278152.4378126
23531,Episode_Reward/hand_payload_pose,3.9637255668640137,1781278403.2030656
23575,Episode_Reward/hand_payload_pose,3.964240789413452,1781278655.1026142
23619,Episode_Reward/hand_payload_pose,3.964496612548828,1781278903.7002773
23663,Episode_Reward/hand_payload_pose,3.9645657539367676,1781279155.0502434
23707,Episode_Reward/hand_payload_pose,3.964186429977417,1781279407.1382306
23751,Episode_Reward/hand_payload_pose,3.9640913009643555,1781279655.099737
23795,Episode_Reward/hand_payload_pose,3.964179039001465,1781279902.074437
23839,Episode_Reward/hand_payload_pose,3.9641013145446777,1781280150.7701926
23883,Episode_Reward/hand_payload_pose,3.9643187522888184,1781280399.6714718
23927,Episode_Reward/hand_payload_pose,3.9636917114257812,1781280646.5907447
23971,Episode_Reward/hand_payload_pose,3.963860273361206,1781280897.3921714
24015,Episode_Reward/hand_payload_pose,3.964113235473633,1781281147.6123364
24059,Episode_Reward/hand_payload_pose,3.9647560119628906,1781281393.5131533
24103,Episode_Reward/hand_payload_pose,3.9647529125213623,1781281644.1471627
24147,Episode_Reward/hand_payload_pose,3.964522123336792,1781281895.3560696
24191,Episode_Reward/hand_payload_pose,3.964637517929077,1781282144.8723154
24235,Episode_Reward/hand_payload_pose,3.9649970531463623,1781282397.7404091
24279,Episode_Reward/hand_payload_pose,3.965055227279663,1781282649.6977937
24323,Episode_Reward/hand_payload_pose,3.965374708175659,1781282900.7860134
24367,Episode_Reward/hand_payload_pose,3.965297222137451,1781283148.3639102
24411,Episode_Reward/hand_payload_pose,3.964684247970581,1781283400.860752
24455,Episode_Reward/hand_payload_pose,3.9648966789245605,1781283651.7663586
24499,Episode_Reward/hand_payload_pose,3.964792251586914,1781283903.4774911
24543,Episode_Reward/hand_payload_pose,3.9648585319519043,1781284154.1547403
24587,Episode_Reward/hand_payload_pose,3.9651365280151367,1781284402.8752072
24631,Episode_Reward/hand_payload_pose,3.965240240097046,1781284647.4436705
24675,Episode_Reward/hand_payload_pose,3.965268135070801,1781284897.239283
24719,Episode_Reward/hand_payload_pose,3.9655981063842773,1781285147.8427477
24763,Episode_Reward/hand_payload_pose,3.965965986251831,1781285396.2874973
24807,Episode_Reward/hand_payload_pose,3.9657962322235107,1781285646.5619152
24851,Episode_Reward/hand_payload_pose,3.9655961990356445,1781285895.2093313
24895,Episode_Reward/hand_payload_pose,3.9654741287231445,1781286138.7740219
24939,Episode_Reward/hand_payload_pose,3.965914487838745,1781286388.1578724
24983,Episode_Reward/hand_payload_pose,3.965834140777588,1781286636.920494
25027,Episode_Reward/hand_payload_pose,3.965366840362549,1781286885.9462426
25071,Episode_Reward/hand_payload_pose,3.965799331665039,1781287135.2629406
25115,Episode_Reward/hand_payload_pose,3.965668201446533,1781287380.670789
25159,Episode_Reward/hand_payload_pose,3.966005802154541,1781287626.9012313
25203,Episode_Reward/hand_payload_pose,3.9656829833984375,1781287865.1857154
25247,Episode_Reward/hand_payload_pose,3.9655017852783203,1781288113.4054348
25291,Episode_Reward/hand_payload_pose,3.9659976959228516,1781288363.8823924
25335,Episode_Reward/hand_payload_pose,3.9660587310791016,1781288609.9649312
25379,Episode_Reward/hand_payload_pose,3.965900421142578,1781288849.4504683
25423,Episode_Reward/hand_payload_pose,3.9662673473358154,1781289098.1498432
25467,Episode_Reward/hand_payload_pose,3.9661073684692383,1781289347.2927423
25511,Episode_Reward/hand_payload_pose,3.966351270675659,1781289596.8387928
25555,Episode_Reward/hand_payload_pose,3.9663333892822266,1781289847.6535988
25599,Episode_Reward/hand_payload_pose,3.966691732406616,1781290096.6700056
25643,Episode_Reward/hand_payload_pose,3.9665963649749756,1781290346.8524313
25687,Episode_Reward/hand_payload_pose,3.9666621685028076,1781290594.5002463
25731,Episode_Reward/hand_payload_pose,3.9663302898406982,1781290837.5570817
25775,Episode_Reward/hand_payload_pose,3.9661471843719482,1781291081.3379583
25819,Episode_Reward/hand_payload_pose,3.96643328666687,1781291326.2804081
25863,Episode_Reward/hand_payload_pose,3.9661598205566406,1781291571.6893709
25907,Episode_Reward/hand_payload_pose,3.9659862518310547,1781291810.3815174
25951,Episode_Reward/hand_payload_pose,3.9661996364593506,1781292059.575781
25995,Episode_Reward/hand_payload_pose,3.966279983520508,1781292306.446187
26039,Episode_Reward/hand_payload_pose,3.9658401012420654,1781292550.7330256
26083,Episode_Reward/hand_payload_pose,3.965967893600464,1781292800.8922188
26127,Episode_Reward/hand_payload_pose,3.966203212738037,1781293046.2209597
26171,Episode_Reward/hand_payload_pose,3.9664864540100098,1781293293.5558372
26215,Episode_Reward/hand_payload_pose,3.9667582511901855,1781293540.2752523
26259,Episode_Reward/hand_payload_pose,3.9663989543914795,1781293783.0235717
26303,Episode_Reward/hand_payload_pose,3.9670872688293457,1781294030.1581106
26347,Episode_Reward/hand_payload_pose,3.9670276641845703,1781294279.0322654
26391,Episode_Reward/hand_payload_pose,3.966831922531128,1781294527.4398005
26435,Episode_Reward/hand_payload_pose,3.9664669036865234,1781294777.2669528
26479,Episode_Reward/hand_payload_pose,3.9660916328430176,1781295022.32674
26523,Episode_Reward/hand_payload_pose,3.9667372703552246,1781295272.025735
26567,Episode_Reward/hand_payload_pose,3.9666059017181396,1781295516.5055437
26611,Episode_Reward/hand_payload_pose,3.9666810035705566,1781295760.9922223
26655,Episode_Reward/hand_payload_pose,3.9664058685302734,1781295994.0383723
26699,Episode_Reward/hand_payload_pose,3.9667108058929443,1781296237.0211558
26743,Episode_Reward/hand_payload_pose,3.9672203063964844,1781296478.7726986
26787,Episode_Reward/hand_payload_pose,3.966789960861206,1781296723.4868114
26831,Episode_Reward/hand_payload_pose,3.967031240463257,1781296970.9903092
26875,Episode_Reward/hand_payload_pose,3.967349052429199,1781297219.6246722
26919,Episode_Reward/hand_payload_pose,3.967078685760498,1781297466.0757751
26963,Episode_Reward/hand_payload_pose,3.9674229621887207,1781297714.6911304
27007,Episode_Reward/hand_payload_pose,3.967106342315674,1781297961.7557447
27051,Episode_Reward/hand_payload_pose,3.9674079418182373,1781298209.9729614
27095,Episode_Reward/hand_payload_pose,3.967299222946167,1781298458.9662027
27139,Episode_Reward/hand_payload_pose,3.9671237468719482,1781298707.1972096
27183,Episode_Reward/hand_payload_pose,3.9674232006073,1781298952.2120254
27227,Episode_Reward/hand_payload_pose,3.967510938644409,1781299200.1998858
27271,Episode_Reward/hand_payload_pose,3.9676132202148438,1781299448.963902
27315,Episode_Reward/hand_payload_pose,3.967611312866211,1781299695.13681
27359,Episode_Reward/hand_payload_pose,3.967599391937256,1781299942.0037832
27403,Episode_Reward/hand_payload_pose,3.9676918983459473,1781300184.5404336
27447,Episode_Reward/hand_payload_pose,3.967925548553467,1781300431.9383137
27491,Episode_Reward/hand_payload_pose,3.967813491821289,1781300680.0624173
27535,Episode_Reward/hand_payload_pose,3.9678754806518555,1781300928.1727836
27579,Episode_Reward/hand_payload_pose,3.967550754547119,1781301174.2904947
27623,Episode_Reward/hand_payload_pose,3.968107223510742,1781301421.3075948
27667,Episode_Reward/hand_payload_pose,3.9678287506103516,1781301668.9226425
27711,Episode_Reward/hand_payload_pose,3.967548131942749,1781301916.5494442
27755,Episode_Reward/hand_payload_pose,3.967658519744873,1781302161.9966106
27799,Episode_Reward/hand_payload_pose,3.9676780700683594,1781302411.422294
27843,Episode_Reward/hand_payload_pose,3.967811107635498,1781302660.7530496
27887,Episode_Reward/hand_payload_pose,3.9680399894714355,1781302910.3203614
27931,Episode_Reward/hand_payload_pose,3.9682846069335938,1781303158.7332668
27975,Episode_Reward/hand_payload_pose,3.968294620513916,1781303407.0104644
28019,Episode_Reward/hand_payload_pose,3.9682540893554688,1781303656.0078418
28063,Episode_Reward/hand_payload_pose,3.9681596755981445,1781303905.1192183
28107,Episode_Reward/hand_payload_pose,3.9680895805358887,1781304153.2660308
28151,Episode_Reward/hand_payload_pose,3.968188762664795,1781304399.22281
28195,Episode_Reward/hand_payload_pose,3.9681482315063477,1781304646.8719966
28239,Episode_Reward/hand_payload_pose,3.968717336654663,1781304881.576187
28283,Episode_Reward/hand_payload_pose,3.968339681625366,1781305087.6047716
28327,Episode_Reward/hand_payload_pose,3.968515396118164,1781305292.0024111
28371,Episode_Reward/hand_payload_pose,3.968538761138916,1781305497.9719214
28415,Episode_Reward/hand_payload_pose,3.968461036682129,1781305705.2370565
28459,Episode_Reward/hand_payload_pose,3.9679627418518066,1781305912.2992697
28503,Episode_Reward/hand_payload_pose,3.968074321746826,1781306118.9375207
28547,Episode_Reward/hand_payload_pose,3.9682865142822266,1781306325.1600895
28591,Episode_Reward/hand_payload_pose,3.9685497283935547,1781306533.615351
28635,Episode_Reward/hand_payload_pose,3.9685535430908203,1781306739.301825
28679,Episode_Reward/hand_payload_pose,3.9683799743652344,1781306945.977653
28723,Episode_Reward/hand_payload_pose,3.9684791564941406,1781307153.3230166
28767,Episode_Reward/hand_payload_pose,3.9683876037597656,1781307360.8701189
28811,Episode_Reward/hand_payload_pose,3.968531370162964,1781307567.4094512
28855,Episode_Reward/hand_payload_pose,3.9685349464416504,1781307773.8570905
28899,Episode_Reward/hand_payload_pose,3.9686877727508545,1781307978.9388642
28943,Episode_Reward/hand_payload_pose,3.968618154525757,1781308185.2814283
28987,Episode_Reward/hand_payload_pose,3.968822479248047,1781308390.3404655
29031,Episode_Reward/hand_payload_pose,3.9435782432556152,1781308596.582292
29075,Episode_Reward/hand_payload_pose,3.9686031341552734,1781308802.1572526
29119,Episode_Reward/hand_payload_pose,3.968531370162964,1781309008.8551488
29163,Episode_Reward/hand_payload_pose,3.968600273132324,1781309214.325018
29207,Episode_Reward/hand_payload_pose,3.968435287475586,1781309419.2266235
29251,Episode_Reward/hand_payload_pose,3.9684035778045654,1781309624.7340548
29295,Episode_Reward/hand_payload_pose,3.9686198234558105,1781309829.7854116
29339,Episode_Reward/hand_payload_pose,3.9688258171081543,1781310034.3890512
29383,Episode_Reward/hand_payload_pose,3.9689064025878906,1781310239.8608627
29427,Episode_Reward/hand_payload_pose,3.9686686992645264,1781310445.9383562
29471,Episode_Reward/hand_payload_pose,3.968937873840332,1781310650.491041
29515,Episode_Reward/hand_payload_pose,3.9688682556152344,1781310855.0923095
29559,Episode_Reward/hand_payload_pose,3.969095230102539,1781311059.5946999
29603,Episode_Reward/hand_payload_pose,3.969212532043457,1781311265.2407324
29647,Episode_Reward/hand_payload_pose,3.9690685272216797,1781311471.269843
29691,Episode_Reward/hand_payload_pose,3.9691197872161865,1781311675.2741487
29735,Episode_Reward/hand_payload_pose,3.968801498413086,1781311882.0299513
29779,Episode_Reward/hand_payload_pose,3.968470335006714,1781312086.9431422
29823,Episode_Reward/hand_payload_pose,3.9684557914733887,1781312292.9974742
29867,Episode_Reward/hand_payload_pose,3.9690651893615723,1781312498.3717651
29911,Episode_Reward/hand_payload_pose,3.9692020416259766,1781312704.1800838
29955,Episode_Reward/hand_payload_pose,3.9686050415039062,1781312909.5210433
29999,Episode_Reward/hand_payload_pose,3.9682376384735107,1781313113.9785182
30043,Episode_Reward/hand_payload_pose,3.9686789512634277,1781313318.351896
30087,Episode_Reward/hand_payload_pose,3.96882963180542,1781313524.1697545
30131,Episode_Reward/hand_payload_pose,3.9690260887145996,1781313729.162533
30175,Episode_Reward/hand_payload_pose,3.9686808586120605,1781313933.8704662
30219,Episode_Reward/hand_payload_pose,3.968653440475464,1781314138.64253
30263,Episode_Reward/hand_payload_pose,3.9685802459716797,1781314343.793555
30307,Episode_Reward/hand_payload_pose,3.96858549118042,1781314548.139856
30351,Episode_Reward/hand_payload_pose,3.968540906906128,1781314754.1748571
30395,Episode_Reward/hand_payload_pose,3.968593120574951,1781314960.978772
30439,Episode_Reward/hand_payload_pose,3.968984603881836,1781315165.7340455
30483,Episode_Reward/hand_payload_pose,3.9692130088806152,1781315372.2941911
30527,Episode_Reward/hand_payload_pose,3.9692859649658203,1781315578.6539996
30571,Episode_Reward/hand_payload_pose,3.969416618347168,1781315784.3151698
30615,Episode_Reward/hand_payload_pose,3.969280958175659,1781315989.9030244
30659,Episode_Reward/hand_payload_pose,3.968879461288452,1781316195.4426713
30703,Episode_Reward/hand_payload_pose,3.96932315826416,1781316402.9940193
30747,Episode_Reward/hand_payload_pose,3.969116687774658,1781316609.5739279
30791,Episode_Reward/hand_payload_pose,3.9682750701904297,1781316815.564298
30835,Episode_Reward/hand_payload_pose,3.9689455032348633,1781317021.9922023
30879,Episode_Reward/hand_payload_pose,3.9693305492401123,1781317228.9981089
30923,Episode_Reward/hand_payload_pose,3.9690749645233154,1781317435.9798956
30967,Episode_Reward/hand_payload_pose,3.9689559936523438,1781317641.955777
31011,Episode_Reward/hand_payload_pose,3.9689576625823975,1781317847.2435446
31055,Episode_Reward/hand_payload_pose,3.968980312347412,1781318054.4550636
31099,Episode_Reward/hand_payload_pose,3.969074010848999,1781318260.5974684
31143,Episode_Reward/hand_payload_pose,3.968895673751831,1781318467.484669
31187,Episode_Reward/hand_payload_pose,3.9689879417419434,1781318673.8131356
31231,Episode_Reward/hand_payload_pose,3.9690117835998535,1781318879.5450864
31275,Episode_Reward/hand_payload_pose,3.9695143699645996,1781319084.860542
31319,Episode_Reward/hand_payload_pose,3.9695003032684326,1781319290.8668153
31363,Episode_Reward/hand_payload_pose,3.9694135189056396,1781319497.4076726
31407,Episode_Reward/hand_payload_pose,3.9693992137908936,1781319703.1735327
31451,Episode_Reward/hand_payload_pose,3.969273328781128,1781319908.3155851
31495,Episode_Reward/hand_payload_pose,3.9690825939178467,1781320114.158893
31539,Episode_Reward/hand_payload_pose,3.9693973064422607,1781320321.0637593
31583,Episode_Reward/hand_payload_pose,3.969393491744995,1781320526.7700424
31627,Episode_Reward/hand_payload_pose,3.969127655029297,1781320733.9837039
31671,Episode_Reward/hand_payload_pose,3.969033718109131,1781320940.4125385
31715,Episode_Reward/hand_payload_pose,3.969019651412964,1781321147.1153674
31759,Episode_Reward/hand_payload_pose,3.9692866802215576,1781321354.2021177
31803,Episode_Reward/hand_payload_pose,3.969416379928589,1781321561.1247447
31847,Episode_Reward/hand_payload_pose,3.9694252014160156,1781321765.9245303
31891,Episode_Reward/hand_payload_pose,3.9696860313415527,1781321972.216137
31935,Episode_Reward/hand_payload_pose,3.969773769378662,1781322178.2770247
31979,Episode_Reward/hand_payload_pose,3.969703197479248,1781322384.1778686
32023,Episode_Reward/hand_payload_pose,3.968787670135498,1781322590.4756281
32067,Episode_Reward/hand_payload_pose,3.968360662460327,1781322795.1914225
32111,Episode_Reward/hand_payload_pose,3.9684417247772217,1781323001.469049
32155,Episode_Reward/hand_payload_pose,3.9504785537719727,1781323207.3082304
32199,Episode_Reward/hand_payload_pose,3.9689252376556396,1781323413.7598567
32243,Episode_Reward/hand_payload_pose,3.9690628051757812,1781323620.743751
32287,Episode_Reward/hand_payload_pose,3.9693734645843506,1781323826.2680044
32331,Episode_Reward/hand_payload_pose,3.9690041542053223,1781324032.9548686
32375,Episode_Reward/hand_payload_pose,3.9694983959198,1781324238.6342459
32419,Episode_Reward/hand_payload_pose,3.9694948196411133,1781324443.5956807
32463,Episode_Reward/hand_payload_pose,3.9697747230529785,1781324649.0748472
32507,Episode_Reward/hand_payload_pose,3.9695777893066406,1781324856.7777667
32551,Episode_Reward/hand_payload_pose,3.9699459075927734,1781325061.6861331
32595,Episode_Reward/hand_payload_pose,3.969710350036621,1781325267.5165339
32639,Episode_Reward/hand_payload_pose,3.9698081016540527,1781325473.4338522
32683,Episode_Reward/hand_payload_pose,3.969717025756836,1781325678.4922066
32727,Episode_Reward/hand_payload_pose,3.9695873260498047,1781325885.095597
32771,Episode_Reward/hand_payload_pose,3.97003173828125,1781326090.792907
32815,Episode_Reward/hand_payload_pose,3.9700756072998047,1781326297.8329477
32859,Episode_Reward/hand_payload_pose,3.970238447189331,1781326503.1338925
32903,Episode_Reward/hand_payload_pose,3.9701132774353027,1781326707.1869915
32947,Episode_Reward/hand_payload_pose,3.970188856124878,1781326913.0615656
32991,Episode_Reward/hand_payload_pose,3.9699573516845703,1781327120.4210942
33035,Episode_Reward/hand_payload_pose,3.969740629196167,1781327327.128662
33079,Episode_Reward/hand_payload_pose,3.9698007106781006,1781327542.9510615
33123,Episode_Reward/hand_payload_pose,3.9702224731445312,1781327752.7949214
33167,Episode_Reward/hand_payload_pose,3.970374584197998,1781327959.8487816
33211,Episode_Reward/hand_payload_pose,3.9702765941619873,1781328166.2992342
33255,Episode_Reward/hand_payload_pose,3.970362424850464,1781328372.4842472
33299,Episode_Reward/hand_payload_pose,3.97052264213562,1781328578.2164626
33343,Episode_Reward/hand_payload_pose,3.970442295074463,1781328783.72417
33387,Episode_Reward/hand_payload_pose,3.9703292846679688,1781328988.6328077
33431,Episode_Reward/hand_payload_pose,3.9701993465423584,1781329194.38094
33475,Episode_Reward/hand_payload_pose,3.969947338104248,1781329399.544747
33519,Episode_Reward/hand_payload_pose,3.969970703125,1781329604.8694496
33563,Episode_Reward/hand_payload_pose,3.9698283672332764,1781329808.5496795
33607,Episode_Reward/hand_payload_pose,3.969724655151367,1781330012.7231774
33651,Episode_Reward/hand_payload_pose,3.969625949859619,1781330218.448021
33695,Episode_Reward/hand_payload_pose,3.9700679779052734,1781330424.076024
33739,Episode_Reward/hand_payload_pose,3.96990966796875,1781330629.032002
33783,Episode_Reward/hand_payload_pose,3.969987630844116,1781330833.4750774
33827,Episode_Reward/hand_payload_pose,3.9699106216430664,1781331039.9144235
33871,Episode_Reward/hand_payload_pose,3.970374584197998,1781331244.8799198
33915,Episode_Reward/hand_payload_pose,3.970339775085449,1781331451.2909534
33959,Episode_Reward/hand_payload_pose,3.97035551071167,1781331657.1793833
34003,Episode_Reward/hand_payload_pose,3.970442533493042,1781331863.7219858
34047,Episode_Reward/hand_payload_pose,3.9703898429870605,1781332068.3898494
34091,Episode_Reward/hand_payload_pose,3.9700570106506348,1781332274.6538415
34135,Episode_Reward/hand_payload_pose,3.9705519676208496,1781332479.4279075
34179,Episode_Reward/hand_payload_pose,3.970306873321533,1781332685.2167833
34223,Episode_Reward/hand_payload_pose,3.9703798294067383,1781332890.404216
34267,Episode_Reward/hand_payload_pose,3.9705140590667725,1781333096.0868945
34311,Episode_Reward/hand_payload_pose,3.9706835746765137,1781333301.8357623
34355,Episode_Reward/hand_payload_pose,3.970609664916992,1781333507.9078023
34399,Episode_Reward/hand_payload_pose,3.970125675201416,1781333714.4315324
34443,Episode_Reward/hand_payload_pose,3.9703879356384277,1781333920.7838774
34487,Episode_Reward/hand_payload_pose,3.969961166381836,1781334125.7507267
34531,Episode_Reward/hand_payload_pose,3.9699153900146484,1781334330.2886105
34575,Episode_Reward/hand_payload_pose,3.8657689094543457,1781334535.6815448
34619,Episode_Reward/hand_payload_pose,3.9693353176116943,1781334742.1275032
34663,Episode_Reward/hand_payload_pose,3.969722270965576,1781334946.0912447
34707,Episode_Reward/hand_payload_pose,3.969966411590576,1781335151.3694935
34751,Episode_Reward/hand_payload_pose,3.969893217086792,1781335357.2431028
34795,Episode_Reward/hand_payload_pose,3.9698941707611084,1781335563.0966346
34839,Episode_Reward/hand_payload_pose,3.9699409008026123,1781335769.724068
34883,Episode_Reward/hand_payload_pose,3.969867467880249,1781335975.7597442
34927,Episode_Reward/hand_payload_pose,3.969968318939209,1781336182.4882507
34971,Episode_Reward/hand_payload_pose,3.9702372550964355,1781336388.8395112
35015,Episode_Reward/hand_payload_pose,3.970151424407959,1781336593.973799
35059,Episode_Reward/hand_payload_pose,3.970625638961792,1781336800.278479
35103,Episode_Reward/hand_payload_pose,3.9704298973083496,1781337005.5690746
35147,Episode_Reward/hand_payload_pose,3.970519542694092,1781337210.7391558
35191,Episode_Reward/hand_payload_pose,3.9698970317840576,1781337415.223937
35235,Episode_Reward/hand_payload_pose,3.970458507537842,1781337620.2501101
35279,Episode_Reward/hand_payload_pose,3.970630407333374,1781337826.2541218
35323,Episode_Reward/hand_payload_pose,3.970731496810913,1781338032.9302602
35367,Episode_Reward/hand_payload_pose,3.970795154571533,1781338238.1209624
35411,Episode_Reward/hand_payload_pose,3.9710421562194824,1781338443.6444569
35455,Episode_Reward/hand_payload_pose,3.9705467224121094,1781338650.1121094
35499,Episode_Reward/hand_payload_pose,3.9710216522216797,1781338854.9746988
35543,Episode_Reward/hand_payload_pose,3.9708948135375977,1781339060.9010298
35587,Episode_Reward/hand_payload_pose,3.970808506011963,1781339266.7004848
35631,Episode_Reward/hand_payload_pose,3.9705169200897217,1781339471.8271477
35675,Episode_Reward/hand_payload_pose,3.9705429077148438,1781339676.360398
35719,Episode_Reward/hand_payload_pose,3.9705522060394287,1781339882.0672185
35763,Episode_Reward/hand_payload_pose,3.9706199169158936,1781340087.300957
35807,Episode_Reward/hand_payload_pose,3.9705233573913574,1781340293.2792637
35851,Episode_Reward/hand_payload_pose,3.9703643321990967,1781340499.293952
35895,Episode_Reward/hand_payload_pose,3.969999313354492,1781340705.4050283
35939,Episode_Reward/hand_payload_pose,3.9700379371643066,1781340910.4185345
35983,Episode_Reward/hand_payload_pose,3.9703593254089355,1781341117.3959377
36027,Episode_Reward/hand_payload_pose,3.970405101776123,1781341323.3583488
36071,Episode_Reward/hand_payload_pose,3.970590114593506,1781341529.0566916
36115,Episode_Reward/hand_payload_pose,3.9702231884002686,1781341734.8556798
36159,Episode_Reward/hand_payload_pose,3.970055341720581,1781341940.9255219
36203,Episode_Reward/hand_payload_pose,3.970087766647339,1781342146.3769355
36247,Episode_Reward/hand_payload_pose,3.970010280609131,1781342351.7440038
36291,Episode_Reward/hand_payload_pose,3.9699954986572266,1781342556.0155268
36335,Episode_Reward/hand_payload_pose,3.96958065032959,1781342760.608913
36379,Episode_Reward/hand_payload_pose,3.97011137008667,1781342966.6380079
36423,Episode_Reward/hand_payload_pose,3.970205783843994,1781343172.200882
36467,Episode_Reward/hand_payload_pose,3.967480421066284,1781343377.9461272
36511,Episode_Reward/hand_payload_pose,3.969691276550293,1781343585.609066
36555,Episode_Reward/hand_payload_pose,3.9700963497161865,1781343791.9491677
36599,Episode_Reward/hand_payload_pose,3.9698643684387207,1781343999.060108
36643,Episode_Reward/hand_payload_pose,3.9697318077087402,1781344205.7057288
36687,Episode_Reward/hand_payload_pose,3.969740390777588,1781344411.0487516
36731,Episode_Reward/hand_payload_pose,3.9697699546813965,1781344616.13147
36775,Episode_Reward/hand_payload_pose,3.9697623252868652,1781344819.630186
36819,Episode_Reward/hand_payload_pose,3.9698359966278076,1781345024.8147027
36863,Episode_Reward/hand_payload_pose,3.9695730209350586,1781345230.0737724
36907,Episode_Reward/hand_payload_pose,3.970174551010132,1781345435.1385524
36951,Episode_Reward/hand_payload_pose,3.9696269035339355,1781345639.9451902
36995,Episode_Reward/hand_payload_pose,3.969590663909912,1781345845.039314
37039,Episode_Reward/hand_payload_pose,3.969634771347046,1781346050.77324
37083,Episode_Reward/hand_payload_pose,3.9698684215545654,1781346257.9344296
37127,Episode_Reward/hand_payload_pose,3.96968936920166,1781346464.8713727
37171,Episode_Reward/hand_payload_pose,3.969650983810425,1781346671.3529031
37215,Episode_Reward/hand_payload_pose,3.9693362712860107,1781346876.8602872
37259,Episode_Reward/hand_payload_pose,3.969799757003784,1781347084.1431437
37303,Episode_Reward/hand_payload_pose,3.9691810607910156,1781347289.3762498
37347,Episode_Reward/hand_payload_pose,3.9698591232299805,1781347494.4185216
37391,Episode_Reward/hand_payload_pose,3.9700934886932373,1781347700.5689614
37435,Episode_Reward/hand_payload_pose,3.9698081016540527,1781347906.4050024
37479,Episode_Reward/hand_payload_pose,3.9699580669403076,1781348112.7407408
37523,Episode_Reward/hand_payload_pose,3.9700708389282227,1781348318.4093292
37567,Episode_Reward/hand_payload_pose,3.9702725410461426,1781348523.9948213
37611,Episode_Reward/hand_payload_pose,3.970569610595703,1781348730.796199
37655,Episode_Reward/hand_payload_pose,3.9704272747039795,1781348935.7302408
37699,Episode_Reward/hand_payload_pose,3.969625234603882,1781349142.300799
37743,Episode_Reward/hand_payload_pose,3.9698970317840576,1781349347.6793268
37787,Episode_Reward/hand_payload_pose,3.970026731491089,1781349553.1832924
37831,Episode_Reward/hand_payload_pose,3.9704627990722656,1781349759.9457278
37875,Episode_Reward/hand_payload_pose,3.970698833465576,1781349966.7034876
37919,Episode_Reward/hand_payload_pose,3.9706993103027344,1781350174.3649557
37963,Episode_Reward/hand_payload_pose,3.970893621444702,1781350374.497087
38007,Episode_Reward/hand_payload_pose,3.9706506729125977,1781350577.6309786
38051,Episode_Reward/hand_payload_pose,3.9709925651550293,1781350783.7347486
38095,Episode_Reward/hand_payload_pose,3.971101760864258,1781350987.263704
38139,Episode_Reward/hand_payload_pose,3.970860481262207,1781351193.7584345
38183,Episode_Reward/hand_payload_pose,3.9706873893737793,1781351399.864887
38227,Episode_Reward/hand_payload_pose,3.9705076217651367,1781351607.022371
38271,Episode_Reward/hand_payload_pose,3.9702911376953125,1781351814.4014041
38315,Episode_Reward/hand_payload_pose,3.970526695251465,1781352020.6973214
38359,Episode_Reward/hand_payload_pose,3.9710865020751953,1781352226.5807395
38403,Episode_Reward/hand_payload_pose,3.9711599349975586,1781352433.818576
38447,Episode_Reward/hand_payload_pose,3.971419095993042,1781352641.060127
38491,Episode_Reward/hand_payload_pose,3.9711899757385254,1781352846.1466606
38535,Episode_Reward/hand_payload_pose,3.8900649547576904,1781353050.8987885
38579,Episode_Reward/hand_payload_pose,3.9709651470184326,1781353254.0637028
38623,Episode_Reward/hand_payload_pose,3.970993757247925,1781353459.9992082
38667,Episode_Reward/hand_payload_pose,3.971071243286133,1781353665.1289487
38711,Episode_Reward/hand_payload_pose,3.970954656600952,1781353871.3868823
38755,Episode_Reward/hand_payload_pose,3.971191167831421,1781354077.3609033
38799,Episode_Reward/hand_payload_pose,3.9713382720947266,1781354284.9190373
38843,Episode_Reward/hand_payload_pose,3.9713592529296875,1781354491.6788347
38887,Episode_Reward/hand_payload_pose,3.9714508056640625,1781354700.2249155
38931,Episode_Reward/hand_payload_pose,3.971367597579956,1781354907.6200993
38975,Episode_Reward/hand_payload_pose,3.9709391593933105,1781355113.8247094
39019,Episode_Reward/hand_payload_pose,3.9708194732666016,1781355320.633702
39063,Episode_Reward/hand_payload_pose,3.970741033554077,1781355529.0131133
39107,Episode_Reward/hand_payload_pose,3.9706389904022217,1781355735.3727777
39151,Episode_Reward/hand_payload_pose,3.970864772796631,1781355941.3878088
39195,Episode_Reward/hand_payload_pose,3.9711227416992188,1781356147.6543467
39239,Episode_Reward/hand_payload_pose,3.970975399017334,1781356354.4540532
39283,Episode_Reward/hand_payload_pose,3.9704880714416504,1781356561.886528
39327,Episode_Reward/hand_payload_pose,3.970407247543335,1781356768.645552
39371,Episode_Reward/hand_payload_pose,3.9707980155944824,1781356975.3411987
39415,Episode_Reward/hand_payload_pose,3.9703280925750732,1781357181.551714
39459,Episode_Reward/hand_payload_pose,3.970864772796631,1781357387.5708938
39503,Episode_Reward/hand_payload_pose,3.9710397720336914,1781357594.9223886
39547,Episode_Reward/hand_payload_pose,3.9711108207702637,1781357801.7599316
39591,Episode_Reward/hand_payload_pose,3.9709129333496094,1781358008.2801805
39635,Episode_Reward/hand_payload_pose,3.9710211753845215,1781358214.7815506
39679,Episode_Reward/hand_payload_pose,3.9712815284729004,1781358421.9562562
39723,Episode_Reward/hand_payload_pose,3.970888614654541,1781358627.7951
39767,Episode_Reward/hand_payload_pose,3.9706873893737793,1781358833.129498
39811,Episode_Reward/hand_payload_pose,3.971007823944092,1781359026.9643662
39855,Episode_Reward/hand_payload_pose,3.9703822135925293,1781359233.2413325
39899,Episode_Reward/hand_payload_pose,3.9706549644470215,1781359440.556667
39943,Episode_Reward/hand_payload_pose,3.9705300331115723,1781359648.0953176
39987,Episode_Reward/hand_payload_pose,3.97053599357605,1781359856.2930436
40031,Episode_Reward/hand_payload_pose,3.9709184169769287,1781360060.1364655
40075,Episode_Reward/hand_payload_pose,3.971123456954956,1781360263.2893388
40119,Episode_Reward/hand_payload_pose,3.9712209701538086,1781360470.647987
40163,Episode_Reward/hand_payload_pose,3.9712767601013184,1781360677.15836
40207,Episode_Reward/hand_payload_pose,3.971304416656494,1781360884.2360597
40251,Episode_Reward/hand_payload_pose,3.971158742904663,1781361091.4106092
40295,Episode_Reward/hand_payload_pose,3.9712862968444824,1781361298.1173708
40339,Episode_Reward/hand_payload_pose,3.9713847637176514,1781361505.583569
40383,Episode_Reward/hand_payload_pose,3.9713096618652344,1781361712.4972703
40427,Episode_Reward/hand_payload_pose,3.9715185165405273,1781361919.543102
40471,Episode_Reward/hand_payload_pose,3.9710822105407715,1781362126.4491382
40515,Episode_Reward/hand_payload_pose,3.9713258743286133,1781362333.4007432
40559,Episode_Reward/hand_payload_pose,3.971224546432495,1781362539.7757463
40603,Episode_Reward/hand_payload_pose,3.971391201019287,1781362745.495859
40647,Episode_Reward/hand_payload_pose,3.971590757369995,1781362951.957119
40691,Episode_Reward/hand_payload_pose,3.9715042114257812,1781363157.8542151
40735,Episode_Reward/hand_payload_pose,3.9717464447021484,1781363363.6269145
40779,Episode_Reward/hand_payload_pose,3.9714808464050293,1781363569.3037655
40823,Episode_Reward/hand_payload_pose,3.9717679023742676,1781363774.5444057
40867,Episode_Reward/hand_payload_pose,3.9717273712158203,1781363981.3708222
40911,Episode_Reward/hand_payload_pose,3.9718406200408936,1781364187.698889
40955,Episode_Reward/hand_payload_pose,3.971493721008301,1781364394.3089402
40999,Episode_Reward/hand_payload_pose,3.9715309143066406,1781364601.3718503
41043,Episode_Reward/hand_payload_pose,3.971531867980957,1781364807.1999137
41087,Episode_Reward/hand_payload_pose,3.9719645977020264,1781365014.058002
41131,Episode_Reward/hand_payload_pose,3.9717912673950195,1781365219.8914504
41175,Episode_Reward/hand_payload_pose,3.9716796875,1781365428.1142812
41219,Episode_Reward/hand_payload_pose,3.971813917160034,1781365634.9613903
41263,Episode_Reward/hand_payload_pose,3.9716553688049316,1781365841.2310271
41307,Episode_Reward/hand_payload_pose,3.971581220626831,1781366049.3894393
41351,Episode_Reward/hand_payload_pose,3.9715964794158936,1781366256.8290846
41395,Episode_Reward/hand_payload_pose,3.971555709838867,1781366462.751173
41439,Episode_Reward/hand_payload_pose,3.971548557281494,1781366668.5794566
41483,Episode_Reward/hand_payload_pose,3.9712753295898438,1781366875.5094693
41527,Episode_Reward/hand_payload_pose,3.9715499877929688,1781367081.1497192
41571,Episode_Reward/hand_payload_pose,3.971801280975342,1781367287.7272406
41615,Episode_Reward/hand_payload_pose,3.971829891204834,1781367495.6416748
41659,Episode_Reward/hand_payload_pose,3.9718949794769287,1781367702.7438593
41703,Episode_Reward/hand_payload_pose,3.971841812133789,1781367910.7795594
41747,Episode_Reward/hand_payload_pose,3.971890926361084,1781368118.2426972
41791,Episode_Reward/hand_payload_pose,3.972224712371826,1781368325.0778406
41835,Episode_Reward/hand_payload_pose,3.9719529151916504,1781368531.4867625
41879,Episode_Reward/hand_payload_pose,3.9673221111297607,1781368738.9816008
41923,Episode_Reward/hand_payload_pose,3.9713287353515625,1781368945.834022
41967,Episode_Reward/hand_payload_pose,3.9713542461395264,1781369152.981083
42011,Episode_Reward/hand_payload_pose,3.971417188644409,1781369360.9701796
42055,Episode_Reward/hand_payload_pose,3.9714207649230957,1781369568.7966573
42099,Episode_Reward/hand_payload_pose,3.9715962409973145,1781369776.358586
42143,Episode_Reward/hand_payload_pose,3.9715824127197266,1781369983.1613832
42187,Episode_Reward/hand_payload_pose,3.9717254638671875,1781370189.1181183
42231,Episode_Reward/hand_payload_pose,3.971783399581909,1781370392.2752025
42275,Episode_Reward/hand_payload_pose,3.971673011779785,1781370599.642356
42319,Episode_Reward/hand_payload_pose,3.9715945720672607,1781370805.9138217
42363,Episode_Reward/hand_payload_pose,3.971571445465088,1781371013.51526
42407,Episode_Reward/hand_payload_pose,3.9712915420532227,1781371220.0760682
42451,Episode_Reward/hand_payload_pose,3.9714765548706055,1781371425.8776817
42495,Episode_Reward/hand_payload_pose,3.9715335369110107,1781371632.2540126
42539,Episode_Reward/hand_payload_pose,3.95145845413208,1781371837.6565237
42583,Episode_Reward/hand_payload_pose,3.9717445373535156,1781372043.6667318
42627,Episode_Reward/hand_payload_pose,3.9713809490203857,1781372251.2242672
42671,Episode_Reward/hand_payload_pose,3.9715545177459717,1781372456.5157008
42715,Episode_Reward/hand_payload_pose,3.971952438354492,1781372663.3879023
42759,Episode_Reward/hand_payload_pose,3.9719789028167725,1781372870.8877883
42803,Episode_Reward/hand_payload_pose,3.971559524536133,1781373078.408089
42847,Episode_Reward/hand_payload_pose,3.971402645111084,1781373284.3114738
42891,Episode_Reward/hand_payload_pose,3.971618413925171,1781373488.1934085
42935,Episode_Reward/hand_payload_pose,3.971726894378662,1781373693.7584486
42979,Episode_Reward/hand_payload_pose,3.9715728759765625,1781373899.864043
43023,Episode_Reward/hand_payload_pose,3.971560001373291,1781374105.9295676
43067,Episode_Reward/hand_payload_pose,3.9716603755950928,1781374311.5653803
43111,Episode_Reward/hand_payload_pose,3.971421718597412,1781374518.4191492
43155,Episode_Reward/hand_payload_pose,3.971325635910034,1781374723.9032426
43199,Episode_Reward/hand_payload_pose,3.9712226390838623,1781374930.1940951
43243,Episode_Reward/hand_payload_pose,3.9712369441986084,1781375135.4613955
43287,Episode_Reward/hand_payload_pose,3.970977306365967,1781375341.6414502
43331,Episode_Reward/hand_payload_pose,3.9713969230651855,1781375546.4376025
43375,Episode_Reward/hand_payload_pose,3.9714725017547607,1781375752.3771517
43419,Episode_Reward/hand_payload_pose,3.971756935119629,1781375958.6477427
43463,Episode_Reward/hand_payload_pose,3.9715468883514404,1781376164.4573474
43507,Episode_Reward/hand_payload_pose,3.9718892574310303,1781376371.0638173
43551,Episode_Reward/hand_payload_pose,3.9717178344726562,1781376577.483619
43595,Episode_Reward/hand_payload_pose,3.971815824508667,1781376785.5130105
43639,Episode_Reward/hand_payload_pose,3.971902847290039,1781376992.7524006
43683,Episode_Reward/hand_payload_pose,3.9719667434692383,1781377199.2098534
43727,Episode_Reward/hand_payload_pose,3.972123861312866,1781377405.8799157
43771,Episode_Reward/hand_payload_pose,3.9721648693084717,1781377613.4596252
43815,Episode_Reward/hand_payload_pose,3.972161054611206,1781377820.8218045
43859,Episode_Reward/hand_payload_pose,3.97230863571167,1781378027.2665277
43903,Episode_Reward/hand_payload_pose,3.972233772277832,1781378233.545045
43947,Episode_Reward/hand_payload_pose,3.972018003463745,1781378439.9373317
43991,Episode_Reward/hand_payload_pose,3.9718072414398193,1781378644.6311088
44035,Episode_Reward/hand_payload_pose,3.9712843894958496,1781378851.9457026
44079,Episode_Reward/hand_payload_pose,3.971451759338379,1781379058.9251747
44123,Episode_Reward/hand_payload_pose,3.9714951515197754,1781379265.6888213
44167,Episode_Reward/hand_payload_pose,3.971428871154785,1781379472.0483701
44211,Episode_Reward/hand_payload_pose,3.971884250640869,1781379678.2737286
44255,Episode_Reward/hand_payload_pose,3.9717299938201904,1781379884.6850321
44299,Episode_Reward/hand_payload_pose,3.9717092514038086,1781380092.3537555
44343,Episode_Reward/hand_payload_pose,3.9717483520507812,1781380299.6032097
44387,Episode_Reward/hand_payload_pose,3.9716899394989014,1781380505.7949867
44431,Episode_Reward/hand_payload_pose,3.9720561504364014,1781380711.7725556
44475,Episode_Reward/hand_payload_pose,3.9719083309173584,1781380913.95629
44519,Episode_Reward/hand_payload_pose,3.971871852874756,1781381122.3933668
44563,Episode_Reward/hand_payload_pose,3.971881866455078,1781381329.9314394
44607,Episode_Reward/hand_payload_pose,3.9720096588134766,1781381537.1741054
44651,Episode_Reward/hand_payload_pose,3.972245693206787,1781381743.5093615
44695,Episode_Reward/hand_payload_pose,3.9722399711608887,1781381949.0787349
44739,Episode_Reward/hand_payload_pose,3.9718685150146484,1781382155.1214454
44783,Episode_Reward/hand_payload_pose,3.971635341644287,1781382360.80435
44827,Episode_Reward/hand_payload_pose,3.9715919494628906,1781382568.0819266
44871,Episode_Reward/hand_payload_pose,3.9718074798583984,1781382774.569951
44915,Episode_Reward/hand_payload_pose,3.972123622894287,1781382981.429505
44959,Episode_Reward/hand_payload_pose,3.971953868865967,1781383188.7960718
45003,Episode_Reward/hand_payload_pose,3.972066640853882,1781383394.97456
45047,Episode_Reward/hand_payload_pose,3.9723315238952637,1781383601.7329717
45091,Episode_Reward/hand_payload_pose,3.9723587036132812,1781383808.6830053
45135,Episode_Reward/hand_payload_pose,3.972454786300659,1781384015.3405132
45179,Episode_Reward/hand_payload_pose,3.972543478012085,1781384221.5171785
45223,Episode_Reward/hand_payload_pose,3.9726595878601074,1781384429.3006194
45267,Episode_Reward/hand_payload_pose,3.9726462364196777,1781384635.488669
45311,Episode_Reward/hand_payload_pose,3.9723167419433594,1781384841.7241895
45355,Episode_Reward/hand_payload_pose,3.971961736679077,1781385048.6251338
45399,Episode_Reward/hand_payload_pose,3.9716556072235107,1781385255.2758734
45443,Episode_Reward/hand_payload_pose,3.9716439247131348,1781385462.4675698
45487,Episode_Reward/hand_payload_pose,3.9714603424072266,1781385668.1227548
45531,Episode_Reward/hand_payload_pose,3.9712817668914795,1781385873.9907067
45575,Episode_Reward/hand_payload_pose,3.971501111984253,1781386080.3729365
45619,Episode_Reward/hand_payload_pose,3.9718141555786133,1781386287.077832
45663,Episode_Reward/hand_payload_pose,3.9714431762695312,1781386494.3913505
45707,Episode_Reward/hand_payload_pose,3.9713826179504395,1781386700.5665045
45751,Episode_Reward/hand_payload_pose,3.9713473320007324,1781386907.4158838
45795,Episode_Reward/hand_payload_pose,3.971435546875,1781387113.7827723
45839,Episode_Reward/hand_payload_pose,3.9712295532226562,1781387319.9167435
45883,Episode_Reward/hand_payload_pose,3.971446990966797,1781387527.0946422
45927,Episode_Reward/hand_payload_pose,3.9719815254211426,1781387733.7303865
45971,Episode_Reward/hand_payload_pose,3.9719722270965576,1781387939.7865634
46015,Episode_Reward/hand_payload_pose,3.971834182739258,1781388146.1762786
46059,Episode_Reward/hand_payload_pose,3.9721179008483887,1781388352.9294946
46103,Episode_Reward/hand_payload_pose,3.9719607830047607,1781388558.2973154
46147,Episode_Reward/hand_payload_pose,3.9716925621032715,1781388764.6804798
46191,Episode_Reward/hand_payload_pose,3.971700429916382,1781388971.842396
46235,Episode_Reward/hand_payload_pose,3.9720582962036133,1781389177.7241652
46279,Episode_Reward/hand_payload_pose,3.971952199935913,1781389383.906383
46323,Episode_Reward/hand_payload_pose,3.9720206260681152,1781389588.1800997
46367,Episode_Reward/hand_payload_pose,3.9718360900878906,1781389794.1349287
46411,Episode_Reward/hand_payload_pose,3.9720590114593506,1781390000.751555
46455,Episode_Reward/hand_payload_pose,3.9720640182495117,1781390206.8422341
46499,Episode_Reward/hand_payload_pose,3.9717488288879395,1781390414.4035087
46543,Episode_Reward/hand_payload_pose,3.972102642059326,1781390621.2776234
46587,Episode_Reward/hand_payload_pose,3.971522808074951,1781390827.7142146
46631,Episode_Reward/hand_payload_pose,3.9715919494628906,1781391034.5097063
46675,Episode_Reward/hand_payload_pose,3.971806287765503,1781391240.5416894
46719,Episode_Reward/hand_payload_pose,3.971463680267334,1781391446.9462464
46763,Episode_Reward/hand_payload_pose,3.9712436199188232,1781391652.4365916
46807,Episode_Reward/hand_payload_pose,3.97153639793396,1781391858.5569358
46851,Episode_Reward/hand_payload_pose,3.97175669670105,1781392062.803731
46895,Episode_Reward/hand_payload_pose,3.9719462394714355,1781392269.2094014
46939,Episode_Reward/hand_payload_pose,3.972130537033081,1781392475.4960206
46983,Episode_Reward/hand_payload_pose,3.9723525047302246,1781392682.2576752
47027,Episode_Reward/hand_payload_pose,3.9722423553466797,1781392889.3602557
47071,Episode_Reward/hand_payload_pose,3.972332715988159,1781393094.3074787
47115,Episode_Reward/hand_payload_pose,3.972515106201172,1781393300.0527318
47159,Episode_Reward/hand_payload_pose,3.972365140914917,1781393506.0680587
47203,Episode_Reward/hand_payload_pose,3.972470760345459,1781393711.903576
47247,Episode_Reward/hand_payload_pose,3.9724299907684326,1781393917.0925114
47291,Episode_Reward/hand_payload_pose,3.972461223602295,1781394123.3380594
47335,Episode_Reward/hand_payload_pose,3.972675323486328,1781394330.032097
47379,Episode_Reward/hand_payload_pose,3.9723711013793945,1781394537.310458
47423,Episode_Reward/hand_payload_pose,3.972078323364258,1781394744.2356749
47467,Episode_Reward/hand_payload_pose,3.9721381664276123,1781394950.7608247
47511,Episode_Reward/hand_payload_pose,3.972141742706299,1781395157.925774
47555,Episode_Reward/hand_payload_pose,3.972108840942383,1781395364.8866882
47599,Episode_Reward/hand_payload_pose,3.9715611934661865,1781395572.059691
47643,Episode_Reward/hand_payload_pose,3.9719362258911133,1781395778.8465059
47687,Episode_Reward/hand_payload_pose,3.9722976684570312,1781395984.4817495
47731,Episode_Reward/hand_payload_pose,3.97245192527771,1781396191.016512
47775,Episode_Reward/hand_payload_pose,3.972546339035034,1781396397.461287
47819,Episode_Reward/hand_payload_pose,3.9724392890930176,1781396603.9826596
47863,Episode_Reward/hand_payload_pose,3.9726457595825195,1781396810.0036151
47907,Episode_Reward/hand_payload_pose,3.9723060131073,1781397017.547866
47951,Episode_Reward/hand_payload_pose,3.972393035888672,1781397224.8488352
47995,Episode_Reward/hand_payload_pose,3.972182273864746,1781397431.488007
48039,Episode_Reward/hand_payload_pose,3.972383499145508,1781397637.4024577
48083,Episode_Reward/hand_payload_pose,3.9723143577575684,1781397843.8678546
48127,Episode_Reward/hand_payload_pose,3.9723143577575684,1781398049.966122
48171,Episode_Reward/hand_payload_pose,3.9723095893859863,1781398256.2387285
48215,Episode_Reward/hand_payload_pose,3.972090482711792,1781398462.7407146
48259,Episode_Reward/hand_payload_pose,3.9722583293914795,1781398667.9919174
48303,Episode_Reward/hand_payload_pose,3.972332000732422,1781398873.2588787
48347,Episode_Reward/hand_payload_pose,3.9725587368011475,1781399079.0955443
48391,Episode_Reward/hand_payload_pose,3.9725451469421387,1781399284.910536
48435,Episode_Reward/hand_payload_pose,3.972303867340088,1781399492.2086072
48479,Episode_Reward/hand_payload_pose,3.971538543701172,1781399698.6351829
48523,Episode_Reward/hand_payload_pose,3.970818281173706,1781399905.3015087
48567,Episode_Reward/hand_payload_pose,3.9706084728240967,1781400110.8194184
48611,Episode_Reward/hand_payload_pose,3.9701881408691406,1781400317.4439502
48655,Episode_Reward/hand_payload_pose,3.9697699546813965,1781400524.0037854
48699,Episode_Reward/hand_payload_pose,3.970438003540039,1781400723.5891535
48743,Episode_Reward/hand_payload_pose,3.9708070755004883,1781400926.5184686
48787,Episode_Reward/hand_payload_pose,3.9709396362304688,1781401132.5510345
48831,Episode_Reward/hand_payload_pose,3.9218668937683105,1781401339.3581245
48875,Episode_Reward/hand_payload_pose,3.9715335369110107,1781401546.5422213
48919,Episode_Reward/hand_payload_pose,3.9716784954071045,1781401752.5210762
48963,Episode_Reward/hand_payload_pose,3.971679210662842,1781401958.204901
49007,Episode_Reward/hand_payload_pose,3.9721121788024902,1781402162.903226
49051,Episode_Reward/hand_payload_pose,3.9720897674560547,1781402368.7529767
49095,Episode_Reward/hand_payload_pose,3.972294569015503,1781402574.6994555
49139,Episode_Reward/hand_payload_pose,3.972177028656006,1781402780.4029002
49183,Episode_Reward/hand_payload_pose,3.9724340438842773,1781402986.545584
49227,Episode_Reward/hand_payload_pose,3.9724786281585693,1781403192.8749995
49271,Episode_Reward/hand_payload_pose,3.9725475311279297,1781403399.4936028
49315,Episode_Reward/hand_payload_pose,3.972723960876465,1781403605.6746385
49359,Episode_Reward/hand_payload_pose,3.97280216217041,1781403811.7195814
49403,Episode_Reward/hand_payload_pose,3.9727182388305664,1781404017.265251
49447,Episode_Reward/hand_payload_pose,3.972490072250366,1781404223.9030375
49491,Episode_Reward/hand_payload_pose,3.9724059104919434,1781404429.384216
49535,Episode_Reward/hand_payload_pose,3.972341537475586,1781404634.2089596
49579,Episode_Reward/hand_payload_pose,3.9723432064056396,1781404840.4847271
49623,Episode_Reward/hand_payload_pose,3.9727725982666016,1781405046.6748512
49667,Episode_Reward/hand_payload_pose,3.972625732421875,1781405251.40927
49711,Episode_Reward/hand_payload_pose,3.972200393676758,1781405458.5210125
49755,Episode_Reward/hand_payload_pose,3.972287654876709,1781405664.2379272
49799,Episode_Reward/hand_payload_pose,3.972506284713745,1781405870.589351
49843,Episode_Reward/hand_payload_pose,3.9726102352142334,1781406076.1196938
49887,Episode_Reward/hand_payload_pose,3.9724349975585938,1781406283.0242794
49931,Episode_Reward/hand_payload_pose,3.9721078872680664,1781406488.7959912
49975,Episode_Reward/hand_payload_pose,3.97175669670105,1781406693.826276
50019,Episode_Reward/hand_payload_pose,3.972005605697632,1781406900.062326
50063,Episode_Reward/hand_payload_pose,3.9721200466156006,1781407104.9088917
50107,Episode_Reward/hand_payload_pose,3.9723057746887207,1781407311.1253445
50151,Episode_Reward/hand_payload_pose,3.971970558166504,1781407516.2818172
50195,Episode_Reward/hand_payload_pose,3.9721744060516357,1781407721.025296
50239,Episode_Reward/hand_payload_pose,3.972520589828491,1781407926.796031
50283,Episode_Reward/hand_payload_pose,3.9726905822753906,1781408132.9731367
50327,Episode_Reward/hand_payload_pose,3.9723997116088867,1781408338.8588712
50371,Episode_Reward/hand_payload_pose,3.954165458679199,1781408544.5904286
50415,Episode_Reward/hand_payload_pose,3.971806049346924,1781408750.208437
50459,Episode_Reward/hand_payload_pose,3.971404790878296,1781408956.8896506
50503,Episode_Reward/hand_payload_pose,3.969305992126465,1781409163.2629442
50547,Episode_Reward/hand_payload_pose,3.971245288848877,1781409370.6933517
50591,Episode_Reward/hand_payload_pose,3.9717681407928467,1781409577.9347076
50635,Episode_Reward/hand_payload_pose,3.9708011150360107,1781409784.1789868
50679,Episode_Reward/hand_payload_pose,3.9718244075775146,1781409997.999991
50723,Episode_Reward/hand_payload_pose,3.9720046520233154,1781410262.315711
50767,Episode_Reward/hand_payload_pose,3.9718666076660156,1781410516.6890936
50811,Episode_Reward/hand_payload_pose,3.9720330238342285,1781410785.171667
50855,Episode_Reward/hand_payload_pose,3.971860647201538,1781411016.0692582
50899,Episode_Reward/hand_payload_pose,3.9717824459075928,1781411250.0618927
50943,Episode_Reward/hand_payload_pose,3.9717812538146973,1781411457.1913378
50987,Episode_Reward/hand_payload_pose,3.971944808959961,1781411657.45263
51031,Episode_Reward/hand_payload_pose,3.972158908843994,1781411864.1163392
51075,Episode_Reward/hand_payload_pose,3.972163677215576,1781412063.8802426
51119,Episode_Reward/hand_payload_pose,3.9721038341522217,1781412265.7982755
51163,Episode_Reward/hand_payload_pose,3.972395658493042,1781412472.9253418
51207,Episode_Reward/hand_payload_pose,3.9722776412963867,1781412679.6673818
51236,Episode_Reward/hand_payload_pose,3.9721250534057617,1781412836.0356877
7999,Episode_Reward/gait,0.009791801683604717,1781175596.772463
8043,Episode_Reward/gait,0.13453100621700287,1781175849.751812
8087,Episode_Reward/gait,0.21461272239685059,1781176146.0668173
8131,Episode_Reward/gait,0.8829644918441772,1781176457.606722
8175,Episode_Reward/gait,0.9040480852127075,1781176762.3215988
8219,Episode_Reward/gait,0.9052422046661377,1781177061.7729654
8263,Episode_Reward/gait,0.9078683853149414,1781177369.6558075
8307,Episode_Reward/gait,0.9059428572654724,1781177682.5662727
8351,Episode_Reward/gait,0.8971742391586304,1781177988.521759
8395,Episode_Reward/gait,0.8942413330078125,1781178298.6620946
8439,Episode_Reward/gait,0.8913453817367554,1781178603.0375173
8483,Episode_Reward/gait,0.8910267353057861,1781178906.1425552
8527,Episode_Reward/gait,0.8885366320610046,1781179210.7358174
8571,Episode_Reward/gait,0.8879213333129883,1781179511.0441089
8615,Episode_Reward/gait,0.8882624506950378,1781179814.2680163
8659,Episode_Reward/gait,0.8875266313552856,1781180115.739768
8703,Episode_Reward/gait,0.8875417709350586,1781180423.8656576
8747,Episode_Reward/gait,0.8848981857299805,1781180721.1042962
8791,Episode_Reward/gait,0.8857476115226746,1781181025.7168539
8835,Episode_Reward/gait,0.8855234980583191,1781181334.6747708
8879,Episode_Reward/gait,0.886056125164032,1781181639.7240827
8923,Episode_Reward/gait,0.8863940238952637,1781181942.7666457
8967,Episode_Reward/gait,0.8886594772338867,1781182252.7911966
9011,Episode_Reward/gait,0.8900378942489624,1781182559.0240498
9055,Episode_Reward/gait,0.8913580179214478,1781182868.7796338
9099,Episode_Reward/gait,0.8921086192131042,1781183175.732091
9143,Episode_Reward/gait,0.8921911120414734,1781183485.3056445
9187,Episode_Reward/gait,0.8925089836120605,1781183797.3292394
9231,Episode_Reward/gait,0.8931272029876709,1781184105.1315076
9275,Episode_Reward/gait,0.8939430117607117,1781184412.542563
9319,Episode_Reward/gait,0.8956913352012634,1781184719.0746589
9363,Episode_Reward/gait,0.8965107798576355,1781185028.2558122
9407,Episode_Reward/gait,0.8969916701316833,1781185332.2203264
9451,Episode_Reward/gait,0.8974413871765137,1781185640.1776888
9495,Episode_Reward/gait,0.8973554968833923,1781185944.4932978
9539,Episode_Reward/gait,0.8978612422943115,1781186252.5609539
9583,Episode_Reward/gait,0.9002736806869507,1781186560.244464
9627,Episode_Reward/gait,0.8994912505149841,1781186867.3888397
9671,Episode_Reward/gait,0.9015730619430542,1781187176.680337
9715,Episode_Reward/gait,0.9020013809204102,1781187485.069747
9759,Episode_Reward/gait,0.903206467628479,1781187792.8932064
9803,Episode_Reward/gait,0.9034985303878784,1781188100.4531248
9847,Episode_Reward/gait,0.9037050604820251,1781188409.524053
9891,Episode_Reward/gait,0.9043669700622559,1781188718.3105657
9935,Episode_Reward/gait,0.9059598445892334,1781189025.0478873
9979,Episode_Reward/gait,0.9068600535392761,1781189331.7338932
10023,Episode_Reward/gait,0.9074177145957947,1781189640.2959146
10067,Episode_Reward/gait,0.9079512357711792,1781189948.9205353
10111,Episode_Reward/gait,0.9094786643981934,1781190253.8845649
10155,Episode_Reward/gait,0.9099833965301514,1781190559.8040268
10199,Episode_Reward/gait,0.9097657203674316,1781190869.3339453
10243,Episode_Reward/gait,0.9106203317642212,1781191176.4238477
10287,Episode_Reward/gait,0.911657452583313,1781191481.8945906
10331,Episode_Reward/gait,0.9112669825553894,1781191791.4922962
10375,Episode_Reward/gait,0.9121195077896118,1781192099.565682
10419,Episode_Reward/gait,0.9127671718597412,1781192407.104665
10463,Episode_Reward/gait,0.9137238264083862,1781192714.5659308
10507,Episode_Reward/gait,0.9140717387199402,1781193023.3490224
10551,Episode_Reward/gait,0.9142300486564636,1781193329.3100402
10595,Episode_Reward/gait,0.914611279964447,1781193636.7549329
10639,Episode_Reward/gait,0.9150304794311523,1781193943.5034254
10683,Episode_Reward/gait,0.915677547454834,1781194249.9908946
10727,Episode_Reward/gait,0.9160420298576355,1781194555.8533604
10771,Episode_Reward/gait,0.916295051574707,1781194864.2899323
10815,Episode_Reward/gait,0.9167954325675964,1781195164.9432757
10859,Episode_Reward/gait,0.9170342683792114,1781195473.2880418
10903,Episode_Reward/gait,0.9174302816390991,1781195780.6798356
10947,Episode_Reward/gait,0.917280375957489,1781196088.9622493
10991,Episode_Reward/gait,0.9188067317008972,1781196396.0742679
11035,Episode_Reward/gait,0.9187272787094116,1781196701.5911543
11079,Episode_Reward/gait,0.9179424047470093,1781197006.7989802
11123,Episode_Reward/gait,0.9178377985954285,1781197313.4569378
11167,Episode_Reward/gait,0.918567419052124,1781197619.2015295
11211,Episode_Reward/gait,0.9194557070732117,1781197925.6380095
11255,Episode_Reward/gait,0.9197961688041687,1781198232.855254
11299,Episode_Reward/gait,0.9201493263244629,1781198536.1948237
11343,Episode_Reward/gait,0.9203233122825623,1781198845.4037828
11387,Episode_Reward/gait,0.9203092455863953,1781199154.2202008
11431,Episode_Reward/gait,0.9206795692443848,1781199462.9355843
11475,Episode_Reward/gait,0.9211208820343018,1781199768.8815153
11519,Episode_Reward/gait,0.9211840629577637,1781200076.3864968
11563,Episode_Reward/gait,0.921201229095459,1781200385.3769116
11607,Episode_Reward/gait,0.9209749698638916,1781200695.9247608
11651,Episode_Reward/gait,0.9212645292282104,1781201006.8087988
11695,Episode_Reward/gait,0.9213902354240417,1781201315.6490283
11739,Episode_Reward/gait,0.9213927984237671,1781201622.6452963
11783,Episode_Reward/gait,0.9213792681694031,1781201926.503183
11827,Episode_Reward/gait,0.9208232164382935,1781202236.3561933
11871,Episode_Reward/gait,0.8895081877708435,1781202544.8403602
11915,Episode_Reward/gait,0.9215831756591797,1781202854.0322828
11959,Episode_Reward/gait,0.9200224876403809,1781203163.881617
12003,Episode_Reward/gait,0.9194240570068359,1781203475.5526102
12047,Episode_Reward/gait,0.9182786345481873,1781203786.3904822
12091,Episode_Reward/gait,0.9165976047515869,1781204094.574432
12135,Episode_Reward/gait,0.9146443605422974,1781204401.6392958
12179,Episode_Reward/gait,0.9102504253387451,1781204709.504975
12223,Episode_Reward/gait,0.9076969623565674,1781205019.8641295
12267,Episode_Reward/gait,0.9020270705223083,1781205330.6135802
12311,Episode_Reward/gait,0.8958019614219666,1781205641.3818688
12355,Episode_Reward/gait,0.8906106948852539,1781205952.5743878
12399,Episode_Reward/gait,0.8801521062850952,1781206261.242504
12443,Episode_Reward/gait,0.8687869310379028,1781206570.4263353
12487,Episode_Reward/gait,0.8674086332321167,1781206879.047258
12531,Episode_Reward/gait,0.8546733856201172,1781207185.4981563
12575,Episode_Reward/gait,0.8555363416671753,1781207491.9887438
12619,Episode_Reward/gait,0.853871762752533,1781207796.6762593
12663,Episode_Reward/gait,0.8602936267852783,1781208099.995091
12707,Episode_Reward/gait,0.8636877536773682,1781208402.3224733
12751,Episode_Reward/gait,0.861440896987915,1781208706.1428578
12795,Episode_Reward/gait,0.8625444769859314,1781209010.854731
12839,Episode_Reward/gait,0.8608211278915405,1781209311.7389607
12883,Episode_Reward/gait,0.8624633550643921,1781209615.451686
12927,Episode_Reward/gait,0.8634564280509949,1781209919.8347495
12971,Episode_Reward/gait,0.8617741465568542,1781210222.8571403
13015,Episode_Reward/gait,0.863344669342041,1781210527.6853402
13059,Episode_Reward/gait,0.8655785322189331,1781210832.8925602
13103,Episode_Reward/gait,0.8681347370147705,1781211138.3568056
13147,Episode_Reward/gait,0.8694316148757935,1781211442.199934
13191,Episode_Reward/gait,0.8706786632537842,1781211747.221383
13235,Episode_Reward/gait,0.8712328672409058,1781212050.2231216
13279,Episode_Reward/gait,0.8705047369003296,1781212352.2797232
13323,Episode_Reward/gait,0.8713914752006531,1781212658.9924486
13367,Episode_Reward/gait,0.8735220432281494,1781212963.5835228
13411,Episode_Reward/gait,0.8738020658493042,1781213268.5892532
13455,Episode_Reward/gait,0.8745781779289246,1781213571.4568927
13499,Episode_Reward/gait,0.8723530173301697,1781213874.874431
13543,Episode_Reward/gait,0.8741848468780518,1781214170.4364548
13587,Episode_Reward/gait,0.8726107478141785,1781214471.8366807
13631,Episode_Reward/gait,0.8741840124130249,1781214775.5770123
13675,Episode_Reward/gait,0.8745641112327576,1781215081.7572775
13719,Episode_Reward/gait,0.8747960925102234,1781215386.570356
13763,Episode_Reward/gait,0.8765826225280762,1781215693.662385
13807,Episode_Reward/gait,0.8765591979026794,1781215998.9498224
13851,Episode_Reward/gait,0.8761510848999023,1781216304.139851
13895,Episode_Reward/gait,0.8783382177352905,1781216609.697051
13939,Episode_Reward/gait,0.8803883790969849,1781216915.4286747
13983,Episode_Reward/gait,0.8786596059799194,1781217219.6888437
14027,Episode_Reward/gait,0.8791574835777283,1781217524.4762366
14071,Episode_Reward/gait,0.8806312084197998,1781217829.6399395
14115,Episode_Reward/gait,0.8822800517082214,1781218136.0108895
14159,Episode_Reward/gait,0.8828133940696716,1781218440.7484093
14203,Episode_Reward/gait,0.881654679775238,1781218745.1235235
14247,Episode_Reward/gait,0.883701503276825,1781219046.8091106
14291,Episode_Reward/gait,0.8837857246398926,1781219350.9382858
14335,Episode_Reward/gait,0.8832000494003296,1781219656.316126
14379,Episode_Reward/gait,0.8832802772521973,1781219959.7155027
14423,Episode_Reward/gait,0.8839029669761658,1781220264.7204897
14467,Episode_Reward/gait,0.8852672576904297,1781220570.7742257
14511,Episode_Reward/gait,0.8836809992790222,1781220874.2523487
14555,Episode_Reward/gait,0.8859944343566895,1781221179.2833197
14599,Episode_Reward/gait,0.8872456550598145,1781221485.6359303
14643,Episode_Reward/gait,0.8876211643218994,1781221791.8603942
14687,Episode_Reward/gait,0.8874012231826782,1781222097.6347873
14731,Episode_Reward/gait,0.8865464925765991,1781222401.0882616
14775,Episode_Reward/gait,0.8874272108078003,1781222705.6340933
14819,Episode_Reward/gait,0.8881327509880066,1781223011.8676112
14863,Episode_Reward/gait,0.8889493942260742,1781223314.9118176
14907,Episode_Reward/gait,0.8891632556915283,1781223618.8451688
14951,Episode_Reward/gait,0.8888065814971924,1781223920.7093198
14995,Episode_Reward/gait,0.8897854685783386,1781224225.498104
15039,Episode_Reward/gait,0.8901416659355164,1781224531.2025661
15083,Episode_Reward/gait,0.8911554217338562,1781224833.3953462
15127,Episode_Reward/gait,0.892244815826416,1781225140.5661209
15171,Episode_Reward/gait,0.8917280435562134,1781225444.866761
15215,Episode_Reward/gait,0.8930349349975586,1781225750.1420782
15259,Episode_Reward/gait,0.8934049010276794,1781226054.078325
15303,Episode_Reward/gait,0.8934825658798218,1781226358.723613
15347,Episode_Reward/gait,0.8938530683517456,1781226663.6705287
15391,Episode_Reward/gait,0.8945610523223877,1781226968.3170455
15435,Episode_Reward/gait,0.8950497508049011,1781227269.4569898
15479,Episode_Reward/gait,0.8954467177391052,1781227573.1038244
15523,Episode_Reward/gait,0.8964914083480835,1781227875.6657436
15567,Episode_Reward/gait,0.8971523642539978,1781228178.0108194
15611,Episode_Reward/gait,0.8962461352348328,1781228485.0165544
15655,Episode_Reward/gait,0.8957821130752563,1781228785.932832
15699,Episode_Reward/gait,0.8974262475967407,1781229090.7684047
15743,Episode_Reward/gait,0.8971140384674072,1781229395.4331515
15787,Episode_Reward/gait,0.8983327150344849,1781229699.990019
15831,Episode_Reward/gait,0.8992826342582703,1781230004.7638528
15875,Episode_Reward/gait,0.8992034792900085,1781230305.8294308
15919,Episode_Reward/gait,0.8984931707382202,1781230609.4716365
15963,Episode_Reward/gait,0.8987059593200684,1781230915.9670067
16007,Episode_Reward/gait,0.8996953368186951,1781231218.8041399
16051,Episode_Reward/gait,0.9008511900901794,1781231521.908032
16095,Episode_Reward/gait,0.9015424251556396,1781231821.6834924
16139,Episode_Reward/gait,0.9021255373954773,1781232125.885412
16183,Episode_Reward/gait,0.9019357562065125,1781232429.0981543
16227,Episode_Reward/gait,0.9030274152755737,1781232733.8358843
16271,Episode_Reward/gait,0.9044596552848816,1781233039.9522748
16315,Episode_Reward/gait,0.9047042727470398,1781233344.3835754
16359,Episode_Reward/gait,0.9063693284988403,1781233644.321723
16403,Episode_Reward/gait,0.9070672988891602,1781233947.658443
16447,Episode_Reward/gait,0.9065536260604858,1781234251.4375844
16491,Episode_Reward/gait,0.9074692130088806,1781234557.643298
16535,Episode_Reward/gait,0.9082741141319275,1781234863.632231
16579,Episode_Reward/gait,0.9089106321334839,1781235130.5349808
16623,Episode_Reward/gait,0.9095084071159363,1781235384.248687
16667,Episode_Reward/gait,0.9099096059799194,1781235648.2842715
16711,Episode_Reward/gait,0.9094998240470886,1781235917.9102664
16755,Episode_Reward/gait,0.9094306826591492,1781236167.5777526
16799,Episode_Reward/gait,0.9096506834030151,1781236415.5630088
16843,Episode_Reward/gait,0.9108269214630127,1781236664.450299
16887,Episode_Reward/gait,0.9109189510345459,1781236912.6989958
16931,Episode_Reward/gait,0.9114024043083191,1781237161.7148216
16975,Episode_Reward/gait,0.9124424457550049,1781237410.2107892
17019,Episode_Reward/gait,0.9129366874694824,1781237661.9832501
17063,Episode_Reward/gait,0.9129042625427246,1781237912.5699508
17107,Episode_Reward/gait,0.9124437570571899,1781238162.765522
17151,Episode_Reward/gait,0.9116712808609009,1781238408.0764184
17195,Episode_Reward/gait,0.9116997122764587,1781238653.5455682
17239,Episode_Reward/gait,0.9127194285392761,1781238904.2060204
17283,Episode_Reward/gait,0.9133108854293823,1781239157.1337383
17327,Episode_Reward/gait,0.9141687154769897,1781239405.1634831
17371,Episode_Reward/gait,0.9140068292617798,1781239654.6709158
17415,Episode_Reward/gait,0.9149912595748901,1781239901.8956146
17459,Episode_Reward/gait,0.9143234491348267,1781240147.528337
17503,Episode_Reward/gait,0.9138158559799194,1781240397.162285
17547,Episode_Reward/gait,0.9145584106445312,1781240649.5463436
17591,Episode_Reward/gait,0.9148211479187012,1781240897.708219
17635,Episode_Reward/gait,0.9160940647125244,1781241147.6741824
17679,Episode_Reward/gait,0.9163357615470886,1781241400.0687127
17723,Episode_Reward/gait,0.916033148765564,1781241652.1647854
17767,Episode_Reward/gait,0.9161631464958191,1781241902.9028451
17811,Episode_Reward/gait,0.9170025587081909,1781242152.936292
17855,Episode_Reward/gait,0.9173025488853455,1781242405.3198814
17899,Episode_Reward/gait,0.9177905321121216,1781242657.3763838
17943,Episode_Reward/gait,0.9171595573425293,1781242908.7160242
17987,Episode_Reward/gait,0.9167065620422363,1781243152.789546
18031,Episode_Reward/gait,0.9169444441795349,1781243403.695567
18075,Episode_Reward/gait,0.917447566986084,1781243654.254892
18119,Episode_Reward/gait,0.9189356565475464,1781243929.4365702
18163,Episode_Reward/gait,0.9190053939819336,1781244237.1133344
18207,Episode_Reward/gait,0.9186751842498779,1781244540.1093612
18251,Episode_Reward/gait,0.917910099029541,1781244848.2790375
18295,Episode_Reward/gait,0.9188011884689331,1781245155.9842637
18339,Episode_Reward/gait,0.919653594493866,1781245464.422496
18383,Episode_Reward/gait,0.9199270009994507,1781245766.801637
18427,Episode_Reward/gait,0.920803964138031,1781246071.5337338
18471,Episode_Reward/gait,0.9201976656913757,1781246381.4685612
18515,Episode_Reward/gait,0.9196624755859375,1781246689.467573
18559,Episode_Reward/gait,0.9190122485160828,1781246998.7179954
18603,Episode_Reward/gait,0.9194426536560059,1781247307.4007964
18647,Episode_Reward/gait,0.9197510480880737,1781247665.9450665
18691,Episode_Reward/gait,0.9194008111953735,1781248002.6985736
18735,Episode_Reward/gait,0.9190011024475098,1781248307.9580302
18779,Episode_Reward/gait,0.9193024635314941,1781248614.6052375
18823,Episode_Reward/gait,0.9200628995895386,1781248918.1153738
18867,Episode_Reward/gait,0.9205436706542969,1781249224.662563
18911,Episode_Reward/gait,0.9213489890098572,1781249529.2603188
18955,Episode_Reward/gait,0.92162024974823,1781249833.2021587
18999,Episode_Reward/gait,0.9200589060783386,1781250134.6419775
19043,Episode_Reward/gait,0.9207092523574829,1781250438.7404513
19087,Episode_Reward/gait,0.9210593104362488,1781250744.1985433
19131,Episode_Reward/gait,0.9215940237045288,1781251044.886014
19175,Episode_Reward/gait,0.9215129613876343,1781251352.2798393
19219,Episode_Reward/gait,0.9214679598808289,1781251658.420712
19263,Episode_Reward/gait,0.9208757281303406,1781251964.3933458
19307,Episode_Reward/gait,0.9208123087882996,1781252269.6655269
19351,Episode_Reward/gait,0.9211046099662781,1781252575.1774704
19395,Episode_Reward/gait,0.921160101890564,1781252877.406825
19439,Episode_Reward/gait,0.9210092425346375,1781253180.4295876
19483,Episode_Reward/gait,0.9215347170829773,1781253485.2453222
19527,Episode_Reward/gait,0.9218391180038452,1781253789.8865466
19571,Episode_Reward/gait,0.9220563769340515,1781254093.3287604
19615,Episode_Reward/gait,0.922500729560852,1781254396.4118805
19659,Episode_Reward/gait,0.9226899147033691,1781254701.3270338
19703,Episode_Reward/gait,0.9223964214324951,1781255008.0673583
19747,Episode_Reward/gait,0.9241511225700378,1781255312.6735587
19791,Episode_Reward/gait,0.9236172437667847,1781255616.0226698
19835,Episode_Reward/gait,0.9245602488517761,1781255922.4297733
19879,Episode_Reward/gait,0.9248989820480347,1781256227.7557821
19923,Episode_Reward/gait,0.9250397682189941,1781256533.098231
19967,Episode_Reward/gait,0.9248153567314148,1781256838.1268768
20011,Episode_Reward/gait,0.9252989292144775,1781257141.9516895
20055,Episode_Reward/gait,0.925285816192627,1781257442.4937048
20099,Episode_Reward/gait,0.9258313179016113,1781257746.333935
20143,Episode_Reward/gait,0.9262064695358276,1781258049.9701962
20187,Episode_Reward/gait,0.9262642860412598,1781258352.9532232
20231,Episode_Reward/gait,0.9260329604148865,1781258655.026676
20275,Episode_Reward/gait,0.9269039630889893,1781258957.348515
20319,Episode_Reward/gait,0.9268083572387695,1781259256.818436
20363,Episode_Reward/gait,0.9275178909301758,1781259558.517265
20407,Episode_Reward/gait,0.9266022443771362,1781259864.2960877
20451,Episode_Reward/gait,0.9270342588424683,1781260168.551502
20495,Episode_Reward/gait,0.9267794489860535,1781260473.0138772
20539,Episode_Reward/gait,0.928673267364502,1781260776.8926172
20583,Episode_Reward/gait,0.9279723167419434,1781261081.2801743
20627,Episode_Reward/gait,0.927841067314148,1781261384.0556867
20671,Episode_Reward/gait,0.9274996519088745,1781261688.3481944
20715,Episode_Reward/gait,0.9280785322189331,1781261991.425971
20759,Episode_Reward/gait,0.928006649017334,1781262291.9117305
20803,Episode_Reward/gait,0.9283498525619507,1781262596.4725704
20847,Episode_Reward/gait,0.9291132688522339,1781262947.9394758
20891,Episode_Reward/gait,0.9287828207015991,1781263279.474801
20935,Episode_Reward/gait,0.9282245635986328,1781263583.6610498
20979,Episode_Reward/gait,0.9282428026199341,1781263887.9696853
21023,Episode_Reward/gait,0.9288252592086792,1781264193.4297976
21067,Episode_Reward/gait,0.9293172359466553,1781264485.4501255
21111,Episode_Reward/gait,0.9270329475402832,1781264745.7476099
21155,Episode_Reward/gait,0.9290997385978699,1781264991.2872677
21199,Episode_Reward/gait,0.9301351308822632,1781265237.2558298
21243,Episode_Reward/gait,0.9306678771972656,1781265483.8983698
21287,Episode_Reward/gait,0.9305225610733032,1781265728.4898505
21331,Episode_Reward/gait,0.929979681968689,1781265976.9960132
21375,Episode_Reward/gait,0.9296061396598816,1781266212.636409
21419,Episode_Reward/gait,0.930140495300293,1781266459.2899535
21463,Episode_Reward/gait,0.9295768737792969,1781266707.8973143
21507,Episode_Reward/gait,0.9294335246086121,1781266954.3487267
21551,Episode_Reward/gait,0.9302307963371277,1781267198.8437874
21595,Episode_Reward/gait,0.9304782152175903,1781267443.8503542
21639,Episode_Reward/gait,0.930794894695282,1781267688.643707
21683,Episode_Reward/gait,0.9305712580680847,1781267939.0704744
21727,Episode_Reward/gait,0.9303756952285767,1781268186.6799848
21771,Episode_Reward/gait,0.9305815696716309,1781268449.999317
21815,Episode_Reward/gait,0.9305291175842285,1781268698.2729897
21859,Episode_Reward/gait,0.9308290481567383,1781268948.6667109
21903,Episode_Reward/gait,0.9307448863983154,1781269198.9758747
21947,Episode_Reward/gait,0.9298274517059326,1781269451.380332
21991,Episode_Reward/gait,0.9300095438957214,1781269700.9153337
22035,Episode_Reward/gait,0.9306758642196655,1781269951.045477
22079,Episode_Reward/gait,0.9307343363761902,1781270201.5453446
22123,Episode_Reward/gait,0.9299232959747314,1781270451.957701
22167,Episode_Reward/gait,0.9308968782424927,1781270700.7679927
22211,Episode_Reward/gait,0.9303457140922546,1781270949.6665182
22255,Episode_Reward/gait,0.9306756854057312,1781271199.3872776
22299,Episode_Reward/gait,0.9310275316238403,1781271445.4113271
22343,Episode_Reward/gait,0.931012749671936,1781271696.199772
22387,Episode_Reward/gait,0.9311181902885437,1781271938.9155135
22431,Episode_Reward/gait,0.9315604567527771,1781272174.3830855
22475,Episode_Reward/gait,0.9319696426391602,1781272417.8708887
22519,Episode_Reward/gait,0.931675910949707,1781272671.4381115
22563,Episode_Reward/gait,0.9318224787712097,1781272921.4073806
22607,Episode_Reward/gait,0.9316660165786743,1781273167.7593966
22651,Episode_Reward/gait,0.932113528251648,1781273416.7377825
22695,Episode_Reward/gait,0.9318550825119019,1781273673.2303965
22739,Episode_Reward/gait,0.9309332370758057,1781273929.9804542
22783,Episode_Reward/gait,0.9317914843559265,1781274172.8261704
22827,Episode_Reward/gait,0.9313888549804688,1781274419.170786
22871,Episode_Reward/gait,0.9316949248313904,1781274672.2546544
22915,Episode_Reward/gait,0.9322504997253418,1781274923.8228436
22959,Episode_Reward/gait,0.9317317008972168,1781275170.180713
23003,Episode_Reward/gait,0.9323525428771973,1781275418.7862647
23047,Episode_Reward/gait,0.9325032234191895,1781275666.3721433
23091,Episode_Reward/gait,0.9327821135520935,1781275916.1392894
23135,Episode_Reward/gait,0.9328130483627319,1781276165.5195265
23179,Episode_Reward/gait,0.9329404830932617,1781276417.2533648
23223,Episode_Reward/gait,0.9325284361839294,1781276661.0171728
23267,Episode_Reward/gait,0.9323641657829285,1781276911.8223758
23311,Episode_Reward/gait,0.9323531985282898,1781277162.8210454
23355,Episode_Reward/gait,0.9319572448730469,1781277412.490665
23399,Episode_Reward/gait,0.9316576719284058,1781277653.5957541
23443,Episode_Reward/gait,0.932536244392395,1781277901.8915071
23487,Episode_Reward/gait,0.9322130680084229,1781278152.435884
23531,Episode_Reward/gait,0.9319276809692383,1781278403.20137
23575,Episode_Reward/gait,0.9319738745689392,1781278655.1013284
23619,Episode_Reward/gait,0.9318923950195312,1781278903.6986039
23663,Episode_Reward/gait,0.9321800470352173,1781279155.048752
23707,Episode_Reward/gait,0.9318615794181824,1781279407.136743
23751,Episode_Reward/gait,0.9326224327087402,1781279655.0985022
23795,Episode_Reward/gait,0.9331931471824646,1781279902.0725844
23839,Episode_Reward/gait,0.9332503080368042,1781280150.7686133
23883,Episode_Reward/gait,0.9333462715148926,1781280399.6699848
23927,Episode_Reward/gait,0.9330414533615112,1781280646.5888226
23971,Episode_Reward/gait,0.9331008791923523,1781280897.3907032
24015,Episode_Reward/gait,0.9330745935440063,1781281147.6102982
24059,Episode_Reward/gait,0.9332737922668457,1781281393.511631
24103,Episode_Reward/gait,0.9333456754684448,1781281644.1457994
24147,Episode_Reward/gait,0.9331538081169128,1781281895.3545713
24191,Episode_Reward/gait,0.9332894682884216,1781282144.8707802
24235,Episode_Reward/gait,0.9333626627922058,1781282397.7387955
24279,Episode_Reward/gait,0.9330248236656189,1781282649.6964085
24323,Episode_Reward/gait,0.933391273021698,1781282900.7843156
24367,Episode_Reward/gait,0.9332501292228699,1781283148.362443
24411,Episode_Reward/gait,0.9332272410392761,1781283400.8592105
24455,Episode_Reward/gait,0.9327337741851807,1781283651.7649145
24499,Episode_Reward/gait,0.9328527450561523,1781283903.4757845
24543,Episode_Reward/gait,0.9331664443016052,1781284154.1531847
24587,Episode_Reward/gait,0.9334608912467957,1781284402.873727
24631,Episode_Reward/gait,0.9336241483688354,1781284647.4420705
24675,Episode_Reward/gait,0.9336551427841187,1781284897.2376413
24719,Episode_Reward/gait,0.9336915016174316,1781285147.8412504
24763,Episode_Reward/gait,0.9335755705833435,1781285396.2861025
24807,Episode_Reward/gait,0.93353271484375,1781285646.5602353
24851,Episode_Reward/gait,0.9339033961296082,1781285895.2078838
24895,Episode_Reward/gait,0.9338790774345398,1781286138.7721157
24939,Episode_Reward/gait,0.9339903593063354,1781286388.156184
24983,Episode_Reward/gait,0.9340205192565918,1781286636.9187765
25027,Episode_Reward/gait,0.933996856212616,1781286885.944572
25071,Episode_Reward/gait,0.9341570138931274,1781287135.2614744
25115,Episode_Reward/gait,0.9336128234863281,1781287380.6690745
25159,Episode_Reward/gait,0.9351009130477905,1781287626.8999536
25203,Episode_Reward/gait,0.9344369769096375,1781287865.1843965
25247,Episode_Reward/gait,0.9342359304428101,1781288113.4039884
25291,Episode_Reward/gait,0.9348170161247253,1781288363.8811986
25335,Episode_Reward/gait,0.9349376559257507,1781288609.963389
25379,Episode_Reward/gait,0.9344658851623535,1781288849.4488409
25423,Episode_Reward/gait,0.9346165657043457,1781289098.1481209
25467,Episode_Reward/gait,0.934705376625061,1781289347.2906587
25511,Episode_Reward/gait,0.9345800280570984,1781289596.837283
25555,Episode_Reward/gait,0.9345545172691345,1781289847.6522033
25599,Episode_Reward/gait,0.9347081184387207,1781290096.6682725
25643,Episode_Reward/gait,0.934670627117157,1781290346.8510563
25687,Episode_Reward/gait,0.934567391872406,1781290594.498682
25731,Episode_Reward/gait,0.9343988299369812,1781290837.5552108
25775,Episode_Reward/gait,0.9343792796134949,1781291081.336642
25819,Episode_Reward/gait,0.9347692728042603,1781291326.279034
25863,Episode_Reward/gait,0.9342910647392273,1781291571.6877127
25907,Episode_Reward/gait,0.9347103834152222,1781291810.3786352
25951,Episode_Reward/gait,0.9347686767578125,1781292059.5741086
25995,Episode_Reward/gait,0.9347438812255859,1781292306.4448109
26039,Episode_Reward/gait,0.9350605010986328,1781292550.7313566
26083,Episode_Reward/gait,0.9352719187736511,1781292800.890923
26127,Episode_Reward/gait,0.9349934458732605,1781293046.2194963
26171,Episode_Reward/gait,0.9349572658538818,1781293293.5542154
26215,Episode_Reward/gait,0.9349662065505981,1781293540.2740092
26259,Episode_Reward/gait,0.9350962042808533,1781293783.021852
26303,Episode_Reward/gait,0.9352543354034424,1781294030.1565866
26347,Episode_Reward/gait,0.9349551200866699,1781294279.030584
26391,Episode_Reward/gait,0.9351358413696289,1781294527.43811
26435,Episode_Reward/gait,0.9350905418395996,1781294777.2651758
26479,Episode_Reward/gait,0.9352034330368042,1781295022.325219
26523,Episode_Reward/gait,0.9351500272750854,1781295272.0240955
26567,Episode_Reward/gait,0.9353646636009216,1781295516.5038729
26611,Episode_Reward/gait,0.9353837966918945,1781295760.9904075
26655,Episode_Reward/gait,0.9352378249168396,1781295994.0363998
26699,Episode_Reward/gait,0.9355952739715576,1781296237.0195956
26743,Episode_Reward/gait,0.9349581003189087,1781296478.7712474
26787,Episode_Reward/gait,0.935464084148407,1781296723.4852135
26831,Episode_Reward/gait,0.9355785846710205,1781296970.9888241
26875,Episode_Reward/gait,0.9357282519340515,1781297219.6232455
26919,Episode_Reward/gait,0.935511589050293,1781297466.057229
26963,Episode_Reward/gait,0.935389518737793,1781297714.6897426
27007,Episode_Reward/gait,0.9353417158126831,1781297961.754206
27051,Episode_Reward/gait,0.93546462059021,1781298209.9713593
27095,Episode_Reward/gait,0.9355977773666382,1781298458.9647396
27139,Episode_Reward/gait,0.9358577728271484,1781298707.195919
27183,Episode_Reward/gait,0.9353457689285278,1781298952.2106128
27227,Episode_Reward/gait,0.9355918169021606,1781299200.1985588
27271,Episode_Reward/gait,0.9356719851493835,1781299448.9626224
27315,Episode_Reward/gait,0.9359029531478882,1781299695.1355062
27359,Episode_Reward/gait,0.9359335899353027,1781299942.002194
27403,Episode_Reward/gait,0.9359674453735352,1781300184.5388913
27447,Episode_Reward/gait,0.9358137845993042,1781300431.9356785
27491,Episode_Reward/gait,0.9366425275802612,1781300680.060947
27535,Episode_Reward/gait,0.9368862509727478,1781300928.1714537
27579,Episode_Reward/gait,0.9362003207206726,1781301174.2890747
27623,Episode_Reward/gait,0.9366581439971924,1781301421.3062015
27667,Episode_Reward/gait,0.9365274310112,1781301668.92104
27711,Episode_Reward/gait,0.9364893436431885,1781301916.547746
27755,Episode_Reward/gait,0.9364773035049438,1781302161.9939625
27799,Episode_Reward/gait,0.9364277124404907,1781302411.4205809
27843,Episode_Reward/gait,0.9364261031150818,1781302660.7515547
27887,Episode_Reward/gait,0.9365460276603699,1781302910.3189614
27931,Episode_Reward/gait,0.9366552233695984,1781303158.7315197
27975,Episode_Reward/gait,0.9367498755455017,1781303407.0092688
28019,Episode_Reward/gait,0.936590313911438,1781303656.0062094
28063,Episode_Reward/gait,0.9364957809448242,1781303905.1171446
28107,Episode_Reward/gait,0.9363715648651123,1781304153.2644925
28151,Episode_Reward/gait,0.936698317527771,1781304399.2212481
28195,Episode_Reward/gait,0.9368243217468262,1781304646.8703356
28239,Episode_Reward/gait,0.93705153465271,1781304881.5749135
28283,Episode_Reward/gait,0.9369564056396484,1781305087.6031623
28327,Episode_Reward/gait,0.9373009204864502,1781305292.001132
28371,Episode_Reward/gait,0.937434196472168,1781305497.970646
28415,Episode_Reward/gait,0.9360332489013672,1781305705.2355847
28459,Episode_Reward/gait,0.9366323351860046,1781305912.2977474
28503,Episode_Reward/gait,0.936582088470459,1781306118.9359984
28547,Episode_Reward/gait,0.9367610216140747,1781306325.1587815
28591,Episode_Reward/gait,0.9366306066513062,1781306533.6136594
28635,Episode_Reward/gait,0.9365454912185669,1781306739.300276
28679,Episode_Reward/gait,0.9366086721420288,1781306945.9760816
28723,Episode_Reward/gait,0.9366700649261475,1781307153.3214679
28767,Episode_Reward/gait,0.9366528987884521,1781307360.8689137
28811,Episode_Reward/gait,0.9367599487304688,1781307567.4078813
28855,Episode_Reward/gait,0.9370853900909424,1781307773.8555765
28899,Episode_Reward/gait,0.9371417760848999,1781307978.9375608
28943,Episode_Reward/gait,0.9374363422393799,1781308185.2799032
28987,Episode_Reward/gait,0.9377972483634949,1781308390.3391607
29031,Episode_Reward/gait,0.9314349889755249,1781308596.5808394
29075,Episode_Reward/gait,0.9375735521316528,1781308802.155683
29119,Episode_Reward/gait,0.9374558329582214,1781309008.8538754
29163,Episode_Reward/gait,0.9370755553245544,1781309214.323505
29207,Episode_Reward/gait,0.9371310472488403,1781309419.225276
29251,Episode_Reward/gait,0.9371966123580933,1781309624.73275
29295,Episode_Reward/gait,0.9371953010559082,1781309829.784045
29339,Episode_Reward/gait,0.9372612833976746,1781310034.3874278
29383,Episode_Reward/gait,0.9373680949211121,1781310239.8591173
29427,Episode_Reward/gait,0.9373224973678589,1781310445.9370766
29471,Episode_Reward/gait,0.9372899532318115,1781310650.489737
29515,Episode_Reward/gait,0.9371530413627625,1781310855.0910363
29559,Episode_Reward/gait,0.9374658465385437,1781311059.5931227
29603,Episode_Reward/gait,0.9375022649765015,1781311265.2391672
29647,Episode_Reward/gait,0.9377056360244751,1781311471.2685308
29691,Episode_Reward/gait,0.9376487731933594,1781311675.2727342
29735,Episode_Reward/gait,0.9376978874206543,1781311882.0286167
29779,Episode_Reward/gait,0.9373378753662109,1781312086.941859
29823,Episode_Reward/gait,0.9375097155570984,1781312292.995939
29867,Episode_Reward/gait,0.9372717142105103,1781312498.370153
29911,Episode_Reward/gait,0.9373053908348083,1781312704.1785498
29955,Episode_Reward/gait,0.9371988773345947,1781312909.5197482
29999,Episode_Reward/gait,0.9380444288253784,1781313113.9769762
30043,Episode_Reward/gait,0.9380559325218201,1781313318.350365
30087,Episode_Reward/gait,0.9378781318664551,1781313524.1684766
30131,Episode_Reward/gait,0.9379314184188843,1781313729.161137
30175,Episode_Reward/gait,0.9379358291625977,1781313933.868922
30219,Episode_Reward/gait,0.9378483295440674,1781314138.640993
30263,Episode_Reward/gait,0.937874972820282,1781314343.792003
30307,Episode_Reward/gait,0.9378888607025146,1781314548.1385882
30351,Episode_Reward/gait,0.938005805015564,1781314754.1732373
30395,Episode_Reward/gait,0.9379934072494507,1781314960.977478
30439,Episode_Reward/gait,0.9379891157150269,1781315165.7325125
30483,Episode_Reward/gait,0.9378900527954102,1781315372.2927947
30527,Episode_Reward/gait,0.9379677176475525,1781315578.652717
30571,Episode_Reward/gait,0.9379791617393494,1781315784.3137963
30615,Episode_Reward/gait,0.9383408427238464,1781315989.901575
30659,Episode_Reward/gait,0.9383711218833923,1781316195.4409695
30703,Episode_Reward/gait,0.9378814101219177,1781316402.9923813
30747,Episode_Reward/gait,0.9378844499588013,1781316609.572311
30791,Episode_Reward/gait,0.93797367811203,1781316815.5628347
30835,Episode_Reward/gait,0.9379928112030029,1781317021.990924
30879,Episode_Reward/gait,0.9377156496047974,1781317228.9965265
30923,Episode_Reward/gait,0.9378193616867065,1781317435.9783478
30967,Episode_Reward/gait,0.9378249049186707,1781317641.9544127
31011,Episode_Reward/gait,0.9380172491073608,1781317847.2420282
31055,Episode_Reward/gait,0.9380823969841003,1781318054.4533935
31099,Episode_Reward/gait,0.938266932964325,1781318260.5958426
31143,Episode_Reward/gait,0.9381941556930542,1781318467.4830587
31187,Episode_Reward/gait,0.9381065368652344,1781318673.811487
31231,Episode_Reward/gait,0.9382092952728271,1781318879.54355
31275,Episode_Reward/gait,0.9382500648498535,1781319084.859237
31319,Episode_Reward/gait,0.9381494522094727,1781319290.865281
31363,Episode_Reward/gait,0.9380555152893066,1781319497.4062579
31407,Episode_Reward/gait,0.93746417760849,1781319703.171823
31451,Episode_Reward/gait,0.9379523992538452,1781319908.3142354
31495,Episode_Reward/gait,0.9377197623252869,1781320114.1573536
31539,Episode_Reward/gait,0.9385551810264587,1781320321.0622003
31583,Episode_Reward/gait,0.9380964040756226,1781320526.7685606
31627,Episode_Reward/gait,0.9381545782089233,1781320733.982344
31671,Episode_Reward/gait,0.9383375644683838,1781320940.4109848
31715,Episode_Reward/gait,0.9383739233016968,1781321147.1140695
31759,Episode_Reward/gait,0.9385433197021484,1781321354.200464
31803,Episode_Reward/gait,0.9385147094726562,1781321561.1232018
31847,Episode_Reward/gait,0.9385476112365723,1781321765.9230158
31891,Episode_Reward/gait,0.9384171366691589,1781321972.2145872
31935,Episode_Reward/gait,0.9385037422180176,1781322178.275755
31979,Episode_Reward/gait,0.9386515021324158,1781322384.1764197
32023,Episode_Reward/gait,0.9383845329284668,1781322590.4740303
32067,Episode_Reward/gait,0.9380547404289246,1781322795.1901145
32111,Episode_Reward/gait,0.937956690788269,1781323001.4675443
32155,Episode_Reward/gait,0.93382328748703,1781323207.3068438
32199,Episode_Reward/gait,0.9377641677856445,1781323413.758549
32243,Episode_Reward/gait,0.9380635023117065,1781323620.742142
32287,Episode_Reward/gait,0.9378001093864441,1781323826.2667353
32331,Episode_Reward/gait,0.9381532073020935,1781324032.9533706
32375,Episode_Reward/gait,0.9385827779769897,1781324238.632757
32419,Episode_Reward/gait,0.9383734464645386,1781324443.5941513
32463,Episode_Reward/gait,0.9382990598678589,1781324649.0732915
32507,Episode_Reward/gait,0.9382470846176147,1781324856.7761998
32551,Episode_Reward/gait,0.9382690191268921,1781325061.6847968
32595,Episode_Reward/gait,0.9380687475204468,1781325267.5150669
32639,Episode_Reward/gait,0.9381248354911804,1781325473.4321952
32683,Episode_Reward/gait,0.9382784366607666,1781325678.4906316
32727,Episode_Reward/gait,0.9383790493011475,1781325885.094146
32771,Episode_Reward/gait,0.9385042190551758,1781326090.7913716
32815,Episode_Reward/gait,0.9384052157402039,1781326297.8313994
32859,Episode_Reward/gait,0.9383561611175537,1781326503.1322653
32903,Episode_Reward/gait,0.9384702444076538,1781326707.1857176
32947,Episode_Reward/gait,0.9383817911148071,1781326913.0602758
32991,Episode_Reward/gait,0.9385077953338623,1781327120.4197822
33035,Episode_Reward/gait,0.9385465383529663,1781327327.127281
33079,Episode_Reward/gait,0.9388841390609741,1781327542.9495428
33123,Episode_Reward/gait,0.9378129839897156,1781327752.7934964
33167,Episode_Reward/gait,0.9382185935974121,1781327959.8474765
33211,Episode_Reward/gait,0.9384920001029968,1781328166.2976463
33255,Episode_Reward/gait,0.9387261271476746,1781328372.48266
33299,Episode_Reward/gait,0.9387631416320801,1781328578.2151604
33343,Episode_Reward/gait,0.9385384917259216,1781328783.7226164
33387,Episode_Reward/gait,0.9387354850769043,1781328988.6315193
33431,Episode_Reward/gait,0.9386885166168213,1781329194.3794315
33475,Episode_Reward/gait,0.9388061761856079,1781329399.5432081
33519,Episode_Reward/gait,0.9389057159423828,1781329604.868046
33563,Episode_Reward/gait,0.938866138458252,1781329808.5483675
33607,Episode_Reward/gait,0.9385266304016113,1781330012.721824
33651,Episode_Reward/gait,0.9385560750961304,1781330218.4468136
33695,Episode_Reward/gait,0.9385912418365479,1781330424.0744653
33739,Episode_Reward/gait,0.9387392997741699,1781330629.0306332
33783,Episode_Reward/gait,0.9387721419334412,1781330833.4737995
33827,Episode_Reward/gait,0.9380070567131042,1781331039.9131129
33871,Episode_Reward/gait,0.9389812350273132,1781331244.8782558
33915,Episode_Reward/gait,0.9390354156494141,1781331451.2894192
33959,Episode_Reward/gait,0.9387979507446289,1781331657.1780937
34003,Episode_Reward/gait,0.9388107061386108,1781331863.720546
34047,Episode_Reward/gait,0.9386657476425171,1781332068.388273
34091,Episode_Reward/gait,0.9387435913085938,1781332274.652298
34135,Episode_Reward/gait,0.9386411905288696,1781332479.4262578
34179,Episode_Reward/gait,0.9386252164840698,1781332685.2154777
34223,Episode_Reward/gait,0.9386457204818726,1781332890.40269
34267,Episode_Reward/gait,0.9385879039764404,1781333096.0856247
34311,Episode_Reward/gait,0.9385727643966675,1781333301.8344636
34355,Episode_Reward/gait,0.9387040138244629,1781333507.9064658
34399,Episode_Reward/gait,0.9388639330863953,1781333714.430003
34443,Episode_Reward/gait,0.9386727809906006,1781333920.7826126
34487,Episode_Reward/gait,0.9382849931716919,1781334125.7494357
34531,Episode_Reward/gait,0.9383148550987244,1781334330.2870295
34575,Episode_Reward/gait,0.9137024283409119,1781334535.6802344
34619,Episode_Reward/gait,0.938711404800415,1781334742.126328
34663,Episode_Reward/gait,0.9383997917175293,1781334946.0899305
34707,Episode_Reward/gait,0.9380700588226318,1781335151.3678603
34751,Episode_Reward/gait,0.9386368989944458,1781335357.2414398
34795,Episode_Reward/gait,0.9383772611618042,1781335563.0950093
34839,Episode_Reward/gait,0.9385921955108643,1781335769.7227347
34883,Episode_Reward/gait,0.9384283423423767,1781335975.7580636
34927,Episode_Reward/gait,0.9385916590690613,1781336182.4866774
34971,Episode_Reward/gait,0.9387164115905762,1781336388.8381317
35015,Episode_Reward/gait,0.9387072324752808,1781336593.9722435
35059,Episode_Reward/gait,0.9388583898544312,1781336800.2769349
35103,Episode_Reward/gait,0.9388042688369751,1781337005.5675302
35147,Episode_Reward/gait,0.9388880729675293,1781337210.7377436
35191,Episode_Reward/gait,0.9388850927352905,1781337415.2224905
35235,Episode_Reward/gait,0.9390575289726257,1781337620.2484214
35279,Episode_Reward/gait,0.9390873312950134,1781337826.2529778
35323,Episode_Reward/gait,0.9391843676567078,1781338032.9286466
35367,Episode_Reward/gait,0.9388169050216675,1781338238.119406
35411,Episode_Reward/gait,0.9390942454338074,1781338443.6431222
35455,Episode_Reward/gait,0.9388508796691895,1781338650.1108325
35499,Episode_Reward/gait,0.938816249370575,1781338854.9732077
35543,Episode_Reward/gait,0.9392866492271423,1781339060.8994799
35587,Episode_Reward/gait,0.9389071464538574,1781339266.6991742
35631,Episode_Reward/gait,0.938909649848938,1781339471.8255634
35675,Episode_Reward/gait,0.9390208125114441,1781339676.358732
35719,Episode_Reward/gait,0.9390397071838379,1781339882.0658607
35763,Episode_Reward/gait,0.938820481300354,1781340087.2995887
35807,Episode_Reward/gait,0.9389582872390747,1781340293.2778895
35851,Episode_Reward/gait,0.9389564394950867,1781340499.2924485
35895,Episode_Reward/gait,0.9389897584915161,1781340705.403438
35939,Episode_Reward/gait,0.9390155673027039,1781340910.4169543
35983,Episode_Reward/gait,0.9391090273857117,1781341117.3946538
36027,Episode_Reward/gait,0.9388741254806519,1781341323.3567996
36071,Episode_Reward/gait,0.9388426542282104,1781341529.0551493
36115,Episode_Reward/gait,0.9392333030700684,1781341734.8543878
36159,Episode_Reward/gait,0.9383909106254578,1781341940.9239786
36203,Episode_Reward/gait,0.9385584592819214,1781342146.375581
36247,Episode_Reward/gait,0.9388236403465271,1781342351.7428563
36291,Episode_Reward/gait,0.9389979839324951,1781342556.014224
36335,Episode_Reward/gait,0.9388928413391113,1781342760.607403
36379,Episode_Reward/gait,0.9385108947753906,1781342966.636731
36423,Episode_Reward/gait,0.9388927221298218,1781343172.1994567
36467,Episode_Reward/gait,0.938025951385498,1781343377.9445896
36511,Episode_Reward/gait,0.9387165904045105,1781343585.6074717
36555,Episode_Reward/gait,0.9386377334594727,1781343791.9475472
36599,Episode_Reward/gait,0.9386075735092163,1781343999.058562
36643,Episode_Reward/gait,0.938819408416748,1781344205.704157
36687,Episode_Reward/gait,0.938751220703125,1781344411.0472066
36731,Episode_Reward/gait,0.9388585090637207,1781344616.129865
36775,Episode_Reward/gait,0.9388289451599121,1781344819.6286619
36819,Episode_Reward/gait,0.9391652941703796,1781345024.8133903
36863,Episode_Reward/gait,0.9388842582702637,1781345230.0719862
36907,Episode_Reward/gait,0.9392085075378418,1781345435.1371293
36951,Episode_Reward/gait,0.9388582110404968,1781345639.9435909
36995,Episode_Reward/gait,0.9383877515792847,1781345845.037781
37039,Episode_Reward/gait,0.9384614825248718,1781346050.7719903
37083,Episode_Reward/gait,0.9387831091880798,1781346257.9330945
37127,Episode_Reward/gait,0.9387279748916626,1781346464.8697405
37171,Episode_Reward/gait,0.9388410449028015,1781346671.351374
37215,Episode_Reward/gait,0.9387974739074707,1781346876.85897
37259,Episode_Reward/gait,0.9386489391326904,1781347084.1418447
37303,Episode_Reward/gait,0.9386286735534668,1781347289.374645
37347,Episode_Reward/gait,0.938720166683197,1781347494.4169483
37391,Episode_Reward/gait,0.9387456774711609,1781347700.5676243
37435,Episode_Reward/gait,0.9389218091964722,1781347906.403655
37479,Episode_Reward/gait,0.9388362765312195,1781348112.7394505
37523,Episode_Reward/gait,0.9387898445129395,1781348318.4080334
37567,Episode_Reward/gait,0.9386317133903503,1781348523.993452
37611,Episode_Reward/gait,0.9388997554779053,1781348730.7946424
37655,Episode_Reward/gait,0.9391010999679565,1781348935.7289333
37699,Episode_Reward/gait,0.9389039278030396,1781349142.2994897
37743,Episode_Reward/gait,0.9391047358512878,1781349347.6780558
37787,Episode_Reward/gait,0.9386563301086426,1781349553.1820378
37831,Episode_Reward/gait,0.9391404986381531,1781349759.9442434
37875,Episode_Reward/gait,0.93939208984375,1781349966.701725
37919,Episode_Reward/gait,0.9395290613174438,1781350174.3631542
37963,Episode_Reward/gait,0.9390648603439331,1781350374.4954948
38007,Episode_Reward/gait,0.9392386674880981,1781350577.6296818
38051,Episode_Reward/gait,0.9393869638442993,1781350783.7332716
38095,Episode_Reward/gait,0.9393081068992615,1781350987.2623243
38139,Episode_Reward/gait,0.9391598701477051,1781351193.756807
38183,Episode_Reward/gait,0.9392491579055786,1781351399.8636198
38227,Episode_Reward/gait,0.9390401244163513,1781351607.0207639
38271,Episode_Reward/gait,0.9391961097717285,1781351814.399822
38315,Episode_Reward/gait,0.939251184463501,1781352020.6958735
38359,Episode_Reward/gait,0.9391120672225952,1781352226.5792835
38403,Episode_Reward/gait,0.93919438123703,1781352433.8169603
38447,Episode_Reward/gait,0.9397071599960327,1781352641.0588365
38491,Episode_Reward/gait,0.9394404292106628,1781352846.1453595
38535,Episode_Reward/gait,0.9201135635375977,1781353050.8974535
38579,Episode_Reward/gait,0.9392223358154297,1781353254.0625665
38623,Episode_Reward/gait,0.939424991607666,1781353459.997903
38667,Episode_Reward/gait,0.9389404058456421,1781353665.1276605
38711,Episode_Reward/gait,0.939166247844696,1781353871.3853128
38755,Episode_Reward/gait,0.9392887353897095,1781354077.3594456
38799,Episode_Reward/gait,0.939258337020874,1781354284.917634
38843,Episode_Reward/gait,0.9395461082458496,1781354491.6775
38887,Episode_Reward/gait,0.9396993517875671,1781354700.2233589
38931,Episode_Reward/gait,0.9395319819450378,1781354907.6185427
38975,Episode_Reward/gait,0.9396800994873047,1781355113.823394
39019,Episode_Reward/gait,0.9395861029624939,1781355320.632148
39063,Episode_Reward/gait,0.9397746324539185,1781355529.0117621
39107,Episode_Reward/gait,0.9398052096366882,1781355735.3712301
39151,Episode_Reward/gait,0.9398189783096313,1781355941.3861747
39195,Episode_Reward/gait,0.9399287104606628,1781356147.6530046
39239,Episode_Reward/gait,0.9398316740989685,1781356354.4526067
39283,Episode_Reward/gait,0.9396964907646179,1781356561.885255
39327,Episode_Reward/gait,0.9395043849945068,1781356768.6441913
39371,Episode_Reward/gait,0.9393672943115234,1781356975.3398137
39415,Episode_Reward/gait,0.9397603869438171,1781357181.5501614
39459,Episode_Reward/gait,0.9394196271896362,1781357387.5693564
39503,Episode_Reward/gait,0.9396215677261353,1781357594.9208276
39547,Episode_Reward/gait,0.9394598007202148,1781357801.7584052
39591,Episode_Reward/gait,0.9395188093185425,1781358008.278631
39635,Episode_Reward/gait,0.9394580125808716,1781358214.7800329
39679,Episode_Reward/gait,0.9395126700401306,1781358421.9547548
39723,Episode_Reward/gait,0.939323902130127,1781358627.7937827
39767,Episode_Reward/gait,0.9392012357711792,1781358833.1282108
39811,Episode_Reward/gait,0.9392449855804443,1781359026.9627957
39855,Episode_Reward/gait,0.9389865398406982,1781359233.2400615
39899,Episode_Reward/gait,0.9391595721244812,1781359440.5547469
39943,Episode_Reward/gait,0.9392743110656738,1781359648.0937014
39987,Episode_Reward/gait,0.9393944144248962,1781359856.2915382
40031,Episode_Reward/gait,0.9395765662193298,1781360060.1348035
40075,Episode_Reward/gait,0.9392647743225098,1781360263.2880352
40119,Episode_Reward/gait,0.939293622970581,1781360470.6463664
40163,Episode_Reward/gait,0.9395715594291687,1781360677.1567962
40207,Episode_Reward/gait,0.9391154050827026,1781360884.2345645
40251,Episode_Reward/gait,0.9393129348754883,1781361091.409037
40295,Episode_Reward/gait,0.9396583437919617,1781361298.1158435
40339,Episode_Reward/gait,0.9394210577011108,1781361505.5820239
40383,Episode_Reward/gait,0.9395613670349121,1781361712.4957025
40427,Episode_Reward/gait,0.9396055936813354,1781361919.5414417
40471,Episode_Reward/gait,0.9394585490226746,1781362126.4475815
40515,Episode_Reward/gait,0.9397580027580261,1781362333.3994517
40559,Episode_Reward/gait,0.9398140907287598,1781362539.7742002
40603,Episode_Reward/gait,0.9400434494018555,1781362745.4945302
40647,Episode_Reward/gait,0.939947247505188,1781362951.955823
40691,Episode_Reward/gait,0.940022349357605,1781363157.8527105
40735,Episode_Reward/gait,0.9400390386581421,1781363363.625644
40779,Episode_Reward/gait,0.9400731325149536,1781363569.3021307
40823,Episode_Reward/gait,0.9399997591972351,1781363774.5431218
40867,Episode_Reward/gait,0.9402451515197754,1781363981.3692849
40911,Episode_Reward/gait,0.940170407295227,1781364187.6972654
40955,Episode_Reward/gait,0.9399803876876831,1781364394.3077834
40999,Episode_Reward/gait,0.9403237104415894,1781364601.3702679
41043,Episode_Reward/gait,0.9399657249450684,1781364807.1981757
41087,Episode_Reward/gait,0.9401223063468933,1781365014.0563297
41131,Episode_Reward/gait,0.9401680827140808,1781365219.8898792
41175,Episode_Reward/gait,0.9400701522827148,1781365428.1129613
41219,Episode_Reward/gait,0.9400262236595154,1781365634.9601548
41263,Episode_Reward/gait,0.9402167201042175,1781365841.2297313
41307,Episode_Reward/gait,0.9401251673698425,1781366049.3878884
41351,Episode_Reward/gait,0.9401561617851257,1781366256.8275163
41395,Episode_Reward/gait,0.9400906562805176,1781366462.7496808
41439,Episode_Reward/gait,0.9400783777236938,1781366668.5779016
41483,Episode_Reward/gait,0.9399815797805786,1781366875.5079334
41527,Episode_Reward/gait,0.9400604963302612,1781367081.1481707
41571,Episode_Reward/gait,0.9402817487716675,1781367287.7259192
41615,Episode_Reward/gait,0.9399300813674927,1781367495.640237
41659,Episode_Reward/gait,0.9402669668197632,1781367702.7422767
41703,Episode_Reward/gait,0.9394222497940063,1781367910.7780585
41747,Episode_Reward/gait,0.9402580261230469,1781368118.241184
41791,Episode_Reward/gait,0.9403587579727173,1781368325.076524
41835,Episode_Reward/gait,0.9404783248901367,1781368531.485394
41879,Episode_Reward/gait,0.9394000768661499,1781368738.9800687
41923,Episode_Reward/gait,0.9402551651000977,1781368945.832664
41967,Episode_Reward/gait,0.940263032913208,1781369152.9796422
42011,Episode_Reward/gait,0.940342903137207,1781369360.9686282
42055,Episode_Reward/gait,0.9402555823326111,1781369568.7954066
42099,Episode_Reward/gait,0.9404937028884888,1781369776.3570366
42143,Episode_Reward/gait,0.9404215812683105,1781369983.1600752
42187,Episode_Reward/gait,0.9404532313346863,1781370189.1165318
42231,Episode_Reward/gait,0.9404077529907227,1781370392.2738795
42275,Episode_Reward/gait,0.940597414970398,1781370599.6409526
42319,Episode_Reward/gait,0.9405295252799988,1781370805.912453
42363,Episode_Reward/gait,0.9405368566513062,1781371013.5139794
42407,Episode_Reward/gait,0.9406485557556152,1781371220.0747144
42451,Episode_Reward/gait,0.9401680827140808,1781371425.876155
42495,Episode_Reward/gait,0.9406091570854187,1781371632.2525241
42539,Episode_Reward/gait,0.9355835914611816,1781371837.655046
42583,Episode_Reward/gait,0.9404241442680359,1781372043.6650908
42627,Episode_Reward/gait,0.9398198127746582,1781372251.2228103
42671,Episode_Reward/gait,0.9403004050254822,1781372456.5140302
42715,Episode_Reward/gait,0.940320611000061,1781372663.3859043
42759,Episode_Reward/gait,0.9403368234634399,1781372870.8861942
42803,Episode_Reward/gait,0.9401297569274902,1781373078.4067097
42847,Episode_Reward/gait,0.9401788711547852,1781373284.3095338
42891,Episode_Reward/gait,0.9399554133415222,1781373488.1918669
42935,Episode_Reward/gait,0.9398207068443298,1781373693.757104
42979,Episode_Reward/gait,0.939661979675293,1781373899.8624399
43023,Episode_Reward/gait,0.9398984909057617,1781374105.9282634
43067,Episode_Reward/gait,0.9398050308227539,1781374311.564084
43111,Episode_Reward/gait,0.9397453665733337,1781374518.4175785
43155,Episode_Reward/gait,0.9396622180938721,1781374723.901841
43199,Episode_Reward/gait,0.9396511912345886,1781374930.1927917
43243,Episode_Reward/gait,0.9397468566894531,1781375135.4598567
43287,Episode_Reward/gait,0.9396463632583618,1781375341.6398695
43331,Episode_Reward/gait,0.9400748014450073,1781375546.4363446
43375,Episode_Reward/gait,0.9396637678146362,1781375752.3755715
43419,Episode_Reward/gait,0.9396316409111023,1781375958.646461
43463,Episode_Reward/gait,0.9399280548095703,1781376164.4557502
43507,Episode_Reward/gait,0.9400122165679932,1781376371.0625236
43551,Episode_Reward/gait,0.9400858879089355,1781376577.4821692
43595,Episode_Reward/gait,0.9400277137756348,1781376785.5112953
43639,Episode_Reward/gait,0.9400671720504761,1781376992.7508786
43683,Episode_Reward/gait,0.9401582479476929,1781377199.2085533
43727,Episode_Reward/gait,0.9402105212211609,1781377405.878655
43771,Episode_Reward/gait,0.9403209686279297,1781377613.4582088
43815,Episode_Reward/gait,0.9402844309806824,1781377820.8203745
43859,Episode_Reward/gait,0.9405140280723572,1781378027.2649071
43903,Episode_Reward/gait,0.9402117729187012,1781378233.543771
43947,Episode_Reward/gait,0.9402391910552979,1781378439.935782
43991,Episode_Reward/gait,0.940403938293457,1781378644.6297522
44035,Episode_Reward/gait,0.9402565956115723,1781378851.9441211
44079,Episode_Reward/gait,0.939853310585022,1781379058.92351
44123,Episode_Reward/gait,0.9401488304138184,1781379265.6875215
44167,Episode_Reward/gait,0.9403499364852905,1781379472.047114
44211,Episode_Reward/gait,0.9400516748428345,1781379678.2721066
44255,Episode_Reward/gait,0.9403154253959656,1781379884.683717
44299,Episode_Reward/gait,0.9402146339416504,1781380092.352207
44343,Episode_Reward/gait,0.9401978850364685,1781380299.6016912
44387,Episode_Reward/gait,0.9403762817382812,1781380505.7934422
44431,Episode_Reward/gait,0.9404500722885132,1781380711.7708638
44475,Episode_Reward/gait,0.9404933452606201,1781380913.9547443
44519,Episode_Reward/gait,0.940551221370697,1781381122.3918016
44563,Episode_Reward/gait,0.9406118392944336,1781381329.929989
44607,Episode_Reward/gait,0.9405245184898376,1781381537.1725764
44651,Episode_Reward/gait,0.9405946135520935,1781381743.5078082
44695,Episode_Reward/gait,0.94059818983078,1781381949.0774052
44739,Episode_Reward/gait,0.9403068423271179,1781382155.120121
44783,Episode_Reward/gait,0.9404112696647644,1781382360.8030648
44827,Episode_Reward/gait,0.9403200149536133,1781382568.080495
44871,Episode_Reward/gait,0.94026780128479,1781382774.5686524
44915,Episode_Reward/gait,0.9404680132865906,1781382981.4279435
44959,Episode_Reward/gait,0.9404042959213257,1781383188.7945387
45003,Episode_Reward/gait,0.9406040906906128,1781383394.9731152
45047,Episode_Reward/gait,0.9405810236930847,1781383601.7313874
45091,Episode_Reward/gait,0.9405620098114014,1781383808.6814551
45135,Episode_Reward/gait,0.9404823184013367,1781384015.338877
45179,Episode_Reward/gait,0.9404745101928711,1781384221.515525
45223,Episode_Reward/gait,0.9405872225761414,1781384429.29907
45267,Episode_Reward/gait,0.9406765699386597,1781384635.487096
45311,Episode_Reward/gait,0.9403247237205505,1781384841.722595
45355,Episode_Reward/gait,0.9402937293052673,1781385048.6237893
45399,Episode_Reward/gait,0.9404193758964539,1781385255.2742274
45443,Episode_Reward/gait,0.9402750730514526,1781385462.466142
45487,Episode_Reward/gait,0.9403365850448608,1781385668.1211634
45531,Episode_Reward/gait,0.9399887919425964,1781385873.989314
45575,Episode_Reward/gait,0.9402145147323608,1781386080.3713303
45619,Episode_Reward/gait,0.9400593638420105,1781386287.0762856
45663,Episode_Reward/gait,0.9404270052909851,1781386494.3897417
45707,Episode_Reward/gait,0.9395698308944702,1781386700.5651822
45751,Episode_Reward/gait,0.9404196739196777,1781386907.4143484
45795,Episode_Reward/gait,0.9402741193771362,1781387113.7813897
45839,Episode_Reward/gait,0.9401259422302246,1781387319.9153705
45883,Episode_Reward/gait,0.9404870271682739,1781387527.0931835
45927,Episode_Reward/gait,0.9406180381774902,1781387733.7289643
45971,Episode_Reward/gait,0.9404622912406921,1781387939.7852933
46015,Episode_Reward/gait,0.9403278231620789,1781388146.1749241
46059,Episode_Reward/gait,0.9404077529907227,1781388352.928212
46103,Episode_Reward/gait,0.940140426158905,1781388558.2960079
46147,Episode_Reward/gait,0.9401378035545349,1781388764.678882
46191,Episode_Reward/gait,0.9403520822525024,1781388971.841041
46235,Episode_Reward/gait,0.9404621124267578,1781389177.7225864
46279,Episode_Reward/gait,0.9403676986694336,1781389383.9046247
46323,Episode_Reward/gait,0.9402034282684326,1781389588.1788242
46367,Episode_Reward/gait,0.9396178722381592,1781389794.1333926
46411,Episode_Reward/gait,0.9407505393028259,1781390000.7500021
46455,Episode_Reward/gait,0.9403690695762634,1781390206.8407426
46499,Episode_Reward/gait,0.9401273727416992,1781390414.4022274
46543,Episode_Reward/gait,0.9405209422111511,1781390621.2762527
46587,Episode_Reward/gait,0.940318763256073,1781390827.712603
46631,Episode_Reward/gait,0.9402186274528503,1781391034.5081491
46675,Episode_Reward/gait,0.940044105052948,1781391240.5403872
46719,Episode_Reward/gait,0.9400919675827026,1781391446.9449482
46763,Episode_Reward/gait,0.9399117231369019,1781391652.4352944
46807,Episode_Reward/gait,0.9402796626091003,1781391858.5555687
46851,Episode_Reward/gait,0.9402236938476562,1781392062.8020794
46895,Episode_Reward/gait,0.9403562545776367,1781392269.2077758
46939,Episode_Reward/gait,0.9403945207595825,1781392475.4944963
46983,Episode_Reward/gait,0.9404441118240356,1781392682.2563798
47027,Episode_Reward/gait,0.9404358863830566,1781392889.3589873
47071,Episode_Reward/gait,0.9407030344009399,1781393094.306122
47115,Episode_Reward/gait,0.9407839775085449,1781393300.0514429
47159,Episode_Reward/gait,0.9407207369804382,1781393506.0667012
47203,Episode_Reward/gait,0.9409822821617126,1781393711.9018295
47247,Episode_Reward/gait,0.9403351545333862,1781393917.0912483
47291,Episode_Reward/gait,0.9403848052024841,1781394123.3364823
47335,Episode_Reward/gait,0.9404370784759521,1781394330.0305817
47379,Episode_Reward/gait,0.9405401945114136,1781394537.3090522
47423,Episode_Reward/gait,0.9406619071960449,1781394744.2343798
47467,Episode_Reward/gait,0.9406384229660034,1781394950.759244
47511,Episode_Reward/gait,0.9405905604362488,1781395157.9243414
47555,Episode_Reward/gait,0.9405746459960938,1781395364.8854117
47599,Episode_Reward/gait,0.9404333829879761,1781395572.0583563
47643,Episode_Reward/gait,0.9404257535934448,1781395778.8448105
47687,Episode_Reward/gait,0.9406522512435913,1781395984.480185
47731,Episode_Reward/gait,0.9408313632011414,1781396191.0150886
47775,Episode_Reward/gait,0.9406204223632812,1781396397.4600616
47819,Episode_Reward/gait,0.940973162651062,1781396603.9812863
47863,Episode_Reward/gait,0.9408154487609863,1781396810.0021465
47907,Episode_Reward/gait,0.9407100677490234,1781397017.546355
47951,Episode_Reward/gait,0.9409335851669312,1781397224.847286
47995,Episode_Reward/gait,0.9410664439201355,1781397431.4864366
48039,Episode_Reward/gait,0.9407954216003418,1781397637.4009216
48083,Episode_Reward/gait,0.9408404231071472,1781397843.866294
48127,Episode_Reward/gait,0.940670907497406,1781398049.9646559
48171,Episode_Reward/gait,0.9410435557365417,1781398256.2374547
48215,Episode_Reward/gait,0.9408804774284363,1781398462.739073
48259,Episode_Reward/gait,0.9409066438674927,1781398667.990654
48303,Episode_Reward/gait,0.9409775733947754,1781398873.2575414
48347,Episode_Reward/gait,0.940899133682251,1781399079.09401
48391,Episode_Reward/gait,0.940779447555542,1781399284.908978
48435,Episode_Reward/gait,0.9406573176383972,1781399492.2070222
48479,Episode_Reward/gait,0.9404758810997009,1781399698.6336153
48523,Episode_Reward/gait,0.9402937889099121,1781399905.300202
48567,Episode_Reward/gait,0.9400531649589539,1781400110.8180413
48611,Episode_Reward/gait,0.9398409724235535,1781400317.4426718
48655,Episode_Reward/gait,0.9400658011436462,1781400524.002035
48699,Episode_Reward/gait,0.9396936893463135,1781400723.5878937
48743,Episode_Reward/gait,0.9398338794708252,1781400926.5168834
48787,Episode_Reward/gait,0.9400219321250916,1781401132.5494514
48831,Episode_Reward/gait,0.9285078048706055,1781401339.356611
48875,Episode_Reward/gait,0.940520167350769,1781401546.540658
48919,Episode_Reward/gait,0.94062340259552,1781401752.5197911
48963,Episode_Reward/gait,0.9405345320701599,1781401958.203631
49007,Episode_Reward/gait,0.9405667781829834,1781402162.9019434
49051,Episode_Reward/gait,0.9406864643096924,1781402368.7514431
49095,Episode_Reward/gait,0.9407083988189697,1781402574.6980093
49139,Episode_Reward/gait,0.9408167600631714,1781402780.4012473
49183,Episode_Reward/gait,0.9408199191093445,1781402986.5439324
49227,Episode_Reward/gait,0.9407867193222046,1781403192.8735652
49271,Episode_Reward/gait,0.940788745880127,1781403399.492299
49315,Episode_Reward/gait,0.9408782720565796,1781403605.673342
49359,Episode_Reward/gait,0.9409109950065613,1781403811.7182534
49403,Episode_Reward/gait,0.9408378601074219,1781404017.2636986
49447,Episode_Reward/gait,0.9408940076828003,1781404223.9017248
49491,Episode_Reward/gait,0.941055417060852,1781404429.382875
49535,Episode_Reward/gait,0.940190315246582,1781404634.2074065
49579,Episode_Reward/gait,0.941081702709198,1781404840.4831667
49623,Episode_Reward/gait,0.9409130811691284,1781405046.6734512
49667,Episode_Reward/gait,0.9411527514457703,1781405251.4079685
49711,Episode_Reward/gait,0.9407577514648438,1781405458.519653
49755,Episode_Reward/gait,0.94074547290802,1781405664.236349
49799,Episode_Reward/gait,0.9408017992973328,1781405870.5880272
49843,Episode_Reward/gait,0.9407920837402344,1781406076.1183088
49887,Episode_Reward/gait,0.9407596588134766,1781406283.0228593
49931,Episode_Reward/gait,0.9404808878898621,1781406488.7944403
49975,Episode_Reward/gait,0.9404780268669128,1781406693.8248582
50019,Episode_Reward/gait,0.9405290484428406,1781406900.0610092
50063,Episode_Reward/gait,0.9404980540275574,1781407104.9073794
50107,Episode_Reward/gait,0.9404159784317017,1781407311.1237893
50151,Episode_Reward/gait,0.9406473636627197,1781407516.2806025
50195,Episode_Reward/gait,0.9404268264770508,1781407721.0239983
50239,Episode_Reward/gait,0.9406613707542419,1781407926.794454
50283,Episode_Reward/gait,0.9407287836074829,1781408132.9715574
50327,Episode_Reward/gait,0.9408077001571655,1781408338.8574424
50371,Episode_Reward/gait,0.936139702796936,1781408544.5891466
50415,Episode_Reward/gait,0.9407092332839966,1781408750.2070007
50459,Episode_Reward/gait,0.9407280683517456,1781408956.8881168
50503,Episode_Reward/gait,0.9400814771652222,1781409163.2615016
50547,Episode_Reward/gait,0.9404980540275574,1781409370.691717
50591,Episode_Reward/gait,0.9406306147575378,1781409577.9331212
50635,Episode_Reward/gait,0.9404569864273071,1781409784.1773522
50679,Episode_Reward/gait,0.9407081604003906,1781409997.99825
50723,Episode_Reward/gait,0.9408115744590759,1781410262.314188
50767,Episode_Reward/gait,0.9405457973480225,1781410516.685861
50811,Episode_Reward/gait,0.94068443775177,1781410785.1696963
50855,Episode_Reward/gait,0.9405868053436279,1781411016.0679553
50899,Episode_Reward/gait,0.9405320882797241,1781411250.0605757
50943,Episode_Reward/gait,0.9406310319900513,1781411457.1897943
50987,Episode_Reward/gait,0.9403002262115479,1781411657.4510992
51031,Episode_Reward/gait,0.9408287405967712,1781411864.1147683
51075,Episode_Reward/gait,0.9405359029769897,1781412063.8788471
51119,Episode_Reward/gait,0.9404768347740173,1781412265.7969449
51163,Episode_Reward/gait,0.9407307505607605,1781412472.924088
51207,Episode_Reward/gait,0.940403401851654,1781412679.6659608
51236,Episode_Reward/gait,0.9406769275665283,1781412836.0343342
7999,Train/mean_reward,5.713798999786377,1781175596.7801843
8043,Train/mean_reward,35.57826232910156,1781175849.7797055
8087,Train/mean_reward,52.69461441040039,1781176146.0902977
8131,Train/mean_reward,220.9551239013672,1781176457.6162968
8175,Train/mean_reward,271.4947204589844,1781176762.3417416
8219,Train/mean_reward,281.6100769042969,1781177061.7824793
8263,Train/mean_reward,288.1517028808594,1781177369.6682327
8307,Train/mean_reward,292.1605224609375,1781177682.575226
8351,Train/mean_reward,294.3250732421875,1781177988.5300138
8395,Train/mean_reward,295.84613037109375,1781178298.6730764
8439,Train/mean_reward,297.34063720703125,1781178603.0470774
8483,Train/mean_reward,297.6559143066406,1781178906.1640983
8527,Train/mean_reward,298.87091064453125,1781179210.7440596
8571,Train/mean_reward,300.0274658203125,1781179511.0676005
8615,Train/mean_reward,299.3713684082031,1781179814.2758877
8659,Train/mean_reward,301.1078796386719,1781180115.7625022
8703,Train/mean_reward,301.7886657714844,1781180423.8923545
8747,Train/mean_reward,301.8722839355469,1781180721.1116817
8791,Train/mean_reward,302.281005859375,1781181025.73493
8835,Train/mean_reward,302.7182922363281,1781181334.685641
8879,Train/mean_reward,302.85711669921875,1781181639.7508488
8923,Train/mean_reward,303.02850341796875,1781181942.7861953
8967,Train/mean_reward,303.3748779296875,1781182252.7991793
9011,Train/mean_reward,303.5933532714844,1781182559.0480454
9055,Train/mean_reward,303.7165222167969,1781182868.78797
9099,Train/mean_reward,303.9513854980469,1781183175.7409053
9143,Train/mean_reward,303.9964904785156,1781183485.3128479
9187,Train/mean_reward,304.142333984375,1781183797.337177
9231,Train/mean_reward,304.2357177734375,1781184105.1396084
9275,Train/mean_reward,304.48388671875,1781184412.566866
9319,Train/mean_reward,304.52984619140625,1781184719.0980396
9363,Train/mean_reward,304.4633483886719,1781185028.2711759
9407,Train/mean_reward,304.6394348144531,1781185332.2419431
9451,Train/mean_reward,304.7126770019531,1781185640.1880007
9495,Train/mean_reward,304.8411865234375,1781185944.5173268
9539,Train/mean_reward,304.8392028808594,1781186252.5859141
9583,Train/mean_reward,305.0122375488281,1781186560.266376
9627,Train/mean_reward,305.01312255859375,1781186867.415913
9671,Train/mean_reward,305.2274169921875,1781187176.7045763
9715,Train/mean_reward,305.30218505859375,1781187485.084732
9759,Train/mean_reward,305.44354248046875,1781187792.9150393
9803,Train/mean_reward,305.5066833496094,1781188100.474323
9847,Train/mean_reward,305.4895935058594,1781188409.541446
9891,Train/mean_reward,305.5838623046875,1781188718.3180785
9935,Train/mean_reward,305.5793151855469,1781189025.0609963
9979,Train/mean_reward,305.6766052246094,1781189331.7433522
10023,Train/mean_reward,305.7837219238281,1781189640.3139284
10067,Train/mean_reward,305.8125915527344,1781189948.941143
10111,Train/mean_reward,305.91168212890625,1781190253.9121816
10155,Train/mean_reward,305.8479919433594,1781190559.8295834
10199,Train/mean_reward,305.9712829589844,1781190869.354634
10243,Train/mean_reward,305.9501037597656,1781191176.4438002
10287,Train/mean_reward,306.1708068847656,1781191481.915641
10331,Train/mean_reward,306.2328186035156,1781191791.516059
10375,Train/mean_reward,306.4117431640625,1781192099.5910826
10419,Train/mean_reward,306.4468994140625,1781192407.124278
10463,Train/mean_reward,306.5754089355469,1781192714.5917723
10507,Train/mean_reward,306.6692810058594,1781193023.374268
10551,Train/mean_reward,306.7226867675781,1781193329.3361518
10595,Train/mean_reward,306.8097839355469,1781193636.7635756
10639,Train/mean_reward,306.8561706542969,1781193943.5114362
10683,Train/mean_reward,306.9050598144531,1781194250.010853
10727,Train/mean_reward,306.82342529296875,1781194555.8767977
10771,Train/mean_reward,306.84552001953125,1781194864.2980921
10815,Train/mean_reward,306.9056701660156,1781195164.953333
10859,Train/mean_reward,306.9921875,1781195473.3090937
10903,Train/mean_reward,307.1629638671875,1781195780.6954958
10947,Train/mean_reward,307.3199768066406,1781196088.9715097
10991,Train/mean_reward,307.5120544433594,1781196396.0924416
11035,Train/mean_reward,307.5163879394531,1781196701.5991337
11079,Train/mean_reward,307.6357421875,1781197006.8156939
11123,Train/mean_reward,307.7323913574219,1781197313.480473
11167,Train/mean_reward,307.85247802734375,1781197619.2094946
11211,Train/mean_reward,307.9579772949219,1781197925.6639888
11255,Train/mean_reward,308.0355224609375,1781198232.863163
11299,Train/mean_reward,308.1055908203125,1781198536.2178588
11343,Train/mean_reward,308.2397155761719,1781198845.4298918
11387,Train/mean_reward,308.5118103027344,1781199154.2324739
11431,Train/mean_reward,308.52166748046875,1781199462.9434981
11475,Train/mean_reward,308.84246826171875,1781199768.9051816
11519,Train/mean_reward,309.25592041015625,1781200076.4135163
11563,Train/mean_reward,309.6612548828125,1781200385.3867974
11607,Train/mean_reward,310.3212890625,1781200695.9451282
11651,Train/mean_reward,310.8943786621094,1781201006.82045
11695,Train/mean_reward,311.76953125,1781201315.6568973
11739,Train/mean_reward,312.556396484375,1781201622.671197
11783,Train/mean_reward,313.4649353027344,1781201926.5118124
11827,Train/mean_reward,314.91650390625,1781202236.3648202
11871,Train/mean_reward,312.6399841308594,1781202544.8517678
11915,Train/mean_reward,316.80975341796875,1781202854.05279
11959,Train/mean_reward,318.2898864746094,1781203163.8944585
12003,Train/mean_reward,319.7977600097656,1781203475.5708528
12047,Train/mean_reward,321.05474853515625,1781203786.4055238
12091,Train/mean_reward,322.3849182128906,1781204094.5965846
12135,Train/mean_reward,323.7978210449219,1781204401.649907
12179,Train/mean_reward,326.1266784667969,1781204709.5302672
12223,Train/mean_reward,328.2841796875,1781205019.8728065
12267,Train/mean_reward,330.5247497558594,1781205330.6245544
12311,Train/mean_reward,332.52557373046875,1781205641.4067216
12355,Train/mean_reward,336.03704833984375,1781205952.5836847
12399,Train/mean_reward,339.48504638671875,1781206261.2532423
12443,Train/mean_reward,342.30023193359375,1781206570.452886
12487,Train/mean_reward,346.58123779296875,1781206879.0924091
12531,Train/mean_reward,350.32403564453125,1781207185.5189545
12575,Train/mean_reward,356.8656921386719,1781207492.0022974
12619,Train/mean_reward,365.4687194824219,1781207796.6875176
12663,Train/mean_reward,368.7592468261719,1781208100.008984
12707,Train/mean_reward,370.96771240234375,1781208402.3476
12751,Train/mean_reward,373.0650329589844,1781208706.1659067
12795,Train/mean_reward,374.44427490234375,1781209010.8832948
12839,Train/mean_reward,375.302490234375,1781209311.7467794
12883,Train/mean_reward,376.134033203125,1781209615.4644816
12927,Train/mean_reward,376.688232421875,1781209919.860515
12971,Train/mean_reward,377.3648986816406,1781210222.8789263
13015,Train/mean_reward,377.9244079589844,1781210527.7081037
13059,Train/mean_reward,378.4383544921875,1781210832.9105515
13103,Train/mean_reward,378.63067626953125,1781211138.3781974
13147,Train/mean_reward,379.1387939453125,1781211442.2208877
13191,Train/mean_reward,379.67486572265625,1781211747.2305806
13235,Train/mean_reward,379.7803039550781,1781212050.2479577
13279,Train/mean_reward,380.23895263671875,1781212352.3070812
13323,Train/mean_reward,380.4851379394531,1781212658.9997835
13367,Train/mean_reward,380.7226257324219,1781212963.606844
13411,Train/mean_reward,381.00494384765625,1781213268.6088543
13455,Train/mean_reward,381.2424621582031,1781213571.4775555
13499,Train/mean_reward,381.3663330078125,1781213874.893827
13543,Train/mean_reward,381.5111389160156,1781214170.4577408
13587,Train/mean_reward,381.58917236328125,1781214471.8488019
13631,Train/mean_reward,381.7890625,1781214775.601865
13675,Train/mean_reward,382.09869384765625,1781215081.7814467
13719,Train/mean_reward,382.26605224609375,1781215386.5814266
13763,Train/mean_reward,382.47705078125,1781215693.6855345
13807,Train/mean_reward,382.62261962890625,1781215998.9726536
13851,Train/mean_reward,382.73553466796875,1781216304.159175
13895,Train/mean_reward,382.98577880859375,1781216609.716281
13939,Train/mean_reward,383.16094970703125,1781216915.4502673
13983,Train/mean_reward,383.3070068359375,1781217219.7139857
14027,Train/mean_reward,383.4070129394531,1781217524.4842787
14071,Train/mean_reward,383.5931396484375,1781217829.6527135
14115,Train/mean_reward,383.7819519042969,1781218136.019208
14159,Train/mean_reward,383.9011535644531,1781218440.7580585
14203,Train/mean_reward,383.9459228515625,1781218745.1470432
14247,Train/mean_reward,383.9013671875,1781219046.8178616
14291,Train/mean_reward,384.15899658203125,1781219350.9457908
14335,Train/mean_reward,384.2365417480469,1781219656.3251767
14379,Train/mean_reward,384.3456115722656,1781219959.7373505
14423,Train/mean_reward,384.41748046875,1781220264.7433336
14467,Train/mean_reward,384.5127258300781,1781220570.7921631
14511,Train/mean_reward,384.57159423828125,1781220874.2758322
14555,Train/mean_reward,384.7809143066406,1781221179.304434
14599,Train/mean_reward,384.81719970703125,1781221485.6544259
14643,Train/mean_reward,385.0040588378906,1781221791.870195
14687,Train/mean_reward,385.0619812011719,1781222097.6486502
14731,Train/mean_reward,385.0398254394531,1781222401.110376
14775,Train/mean_reward,385.07861328125,1781222705.6422062
14819,Train/mean_reward,385.2591247558594,1781223011.891377
14863,Train/mean_reward,385.3053894042969,1781223314.9363172
14907,Train/mean_reward,385.44635009765625,1781223618.8541439
14951,Train/mean_reward,385.4510192871094,1781223920.736269
14995,Train/mean_reward,385.6566467285156,1781224225.5223606
15039,Train/mean_reward,385.743896484375,1781224531.209379
15083,Train/mean_reward,385.70013427734375,1781224833.4182465
15127,Train/mean_reward,385.8014831542969,1781225140.589574
15171,Train/mean_reward,385.8384094238281,1781225444.8767047
15215,Train/mean_reward,385.9571228027344,1781225750.151074
15259,Train/mean_reward,386.1241455078125,1781226054.0981727
15303,Train/mean_reward,386.3003234863281,1781226358.7315633
15347,Train/mean_reward,386.2571105957031,1781226663.681709
15391,Train/mean_reward,386.37957763671875,1781226968.3263836
15435,Train/mean_reward,386.4878845214844,1781227269.4652088
15479,Train/mean_reward,386.5931701660156,1781227573.1286924
15523,Train/mean_reward,386.6422424316406,1781227875.684774
15567,Train/mean_reward,386.8067626953125,1781228178.0344708
15611,Train/mean_reward,386.8052673339844,1781228485.0239553
15655,Train/mean_reward,386.8818359375,1781228785.9416418
15699,Train/mean_reward,386.92822265625,1781229090.7766993
15743,Train/mean_reward,386.9566650390625,1781229395.4599268
15787,Train/mean_reward,387.0578308105469,1781229699.9975529
15831,Train/mean_reward,387.1886901855469,1781230004.7871726
15875,Train/mean_reward,387.1959228515625,1781230305.849204
15919,Train/mean_reward,387.25177001953125,1781230609.4854198
15963,Train/mean_reward,387.177490234375,1781230915.9759276
16007,Train/mean_reward,387.3227233886719,1781231218.82499
16051,Train/mean_reward,387.4010314941406,1781231521.9175656
16095,Train/mean_reward,387.6161193847656,1781231821.6931906
16139,Train/mean_reward,387.53253173828125,1781232125.8942087
16183,Train/mean_reward,387.64398193359375,1781232429.1205437
16227,Train/mean_reward,387.7615661621094,1781232733.8478017
16271,Train/mean_reward,387.75347900390625,1781233039.9756823
16315,Train/mean_reward,387.8454895019531,1781233344.4081955
16359,Train/mean_reward,387.8345947265625,1781233644.3329535
16403,Train/mean_reward,387.9777526855469,1781233947.6831124
16447,Train/mean_reward,388.1184997558594,1781234251.460637
16491,Train/mean_reward,388.2207336425781,1781234557.6529295
16535,Train/mean_reward,388.3319091796875,1781234863.6416326
16579,Train/mean_reward,388.3591003417969,1781235130.542198
16623,Train/mean_reward,388.47149658203125,1781235384.2556248
16667,Train/mean_reward,388.51629638671875,1781235648.302635
16711,Train/mean_reward,388.5487365722656,1781235917.9189737
16755,Train/mean_reward,388.56402587890625,1781236167.5855236
16799,Train/mean_reward,388.6640930175781,1781236415.572408
16843,Train/mean_reward,388.7556457519531,1781236664.4588995
16887,Train/mean_reward,388.8329162597656,1781236912.7069275
16931,Train/mean_reward,388.9577941894531,1781237161.7227452
16975,Train/mean_reward,388.95220947265625,1781237410.2188904
17019,Train/mean_reward,389.09075927734375,1781237661.9910927
17063,Train/mean_reward,389.0709228515625,1781237912.5770178
17107,Train/mean_reward,389.176025390625,1781238162.774019
17151,Train/mean_reward,389.1786193847656,1781238408.0835857
17195,Train/mean_reward,389.2604675292969,1781238653.5533998
17239,Train/mean_reward,389.35546875,1781238904.2141752
17283,Train/mean_reward,389.4649658203125,1781239157.1407852
17327,Train/mean_reward,389.5359191894531,1781239405.1724086
17371,Train/mean_reward,389.46649169921875,1781239654.679536
17415,Train/mean_reward,389.5998229980469,1781239901.9025528
17459,Train/mean_reward,389.6304016113281,1781240147.535619
17503,Train/mean_reward,389.7691345214844,1781240397.169832
17547,Train/mean_reward,389.8188171386719,1781240649.5555294
17591,Train/mean_reward,389.84820556640625,1781240897.715971
17635,Train/mean_reward,389.96478271484375,1781241147.681803
17679,Train/mean_reward,390.0003356933594,1781241400.0761673
17723,Train/mean_reward,390.0764465332031,1781241652.172402
17767,Train/mean_reward,390.0809326171875,1781241902.911275
17811,Train/mean_reward,390.15216064453125,1781242152.9454162
17855,Train/mean_reward,390.2391052246094,1781242405.3285425
17899,Train/mean_reward,390.3586730957031,1781242657.3842933
17943,Train/mean_reward,390.360595703125,1781242908.7227514
17987,Train/mean_reward,390.4373474121094,1781243152.796523
18031,Train/mean_reward,390.47943115234375,1781243403.7045655
18075,Train/mean_reward,390.5104064941406,1781243654.2627308
18119,Train/mean_reward,390.610107421875,1781243929.4560628
18163,Train/mean_reward,390.5805969238281,1781244237.1374164
18207,Train/mean_reward,390.569580078125,1781244540.1172411
18251,Train/mean_reward,390.6661682128906,1781244848.3001845
18295,Train/mean_reward,390.7359313964844,1781245156.0038264
18339,Train/mean_reward,390.84771728515625,1781245464.4664016
18383,Train/mean_reward,390.87646484375,1781245766.824579
18427,Train/mean_reward,390.8569641113281,1781246071.5427544
18471,Train/mean_reward,390.9577941894531,1781246381.4817474
18515,Train/mean_reward,390.9904479980469,1781246689.4773922
18559,Train/mean_reward,391.0039978027344,1781246998.7329433
18603,Train/mean_reward,391.1204528808594,1781247307.4163818
18647,Train/mean_reward,391.1142272949219,1781247665.9593804
18691,Train/mean_reward,391.2104187011719,1781248002.7073472
18735,Train/mean_reward,391.2731628417969,1781248307.9785297
18779,Train/mean_reward,391.30352783203125,1781248614.631295
18823,Train/mean_reward,391.4142761230469,1781248918.134488
18867,Train/mean_reward,391.4579772949219,1781249224.6864972
18911,Train/mean_reward,391.5107116699219,1781249529.270578
18955,Train/mean_reward,391.4920654296875,1781249833.2096806
18999,Train/mean_reward,391.51837158203125,1781250134.6655238
19043,Train/mean_reward,391.60595703125,1781250438.7495637
19087,Train/mean_reward,391.6054992675781,1781250744.209828
19131,Train/mean_reward,391.72918701171875,1781251044.9049034
19175,Train/mean_reward,391.65997314453125,1781251352.297545
19219,Train/mean_reward,391.7588806152344,1781251658.4399512
19263,Train/mean_reward,391.802001953125,1781251964.4204154
19307,Train/mean_reward,391.851318359375,1781252269.6854446
19351,Train/mean_reward,391.8591003417969,1781252575.201916
19395,Train/mean_reward,391.9141540527344,1781252877.427806
19439,Train/mean_reward,391.9987487792969,1781253180.455297
19483,Train/mean_reward,391.9533996582031,1781253485.2673385
19527,Train/mean_reward,391.9295654296875,1781253789.9076018
19571,Train/mean_reward,391.9071960449219,1781254093.347952
19615,Train/mean_reward,392.0540771484375,1781254396.426746
19659,Train/mean_reward,392.17987060546875,1781254701.335882
19703,Train/mean_reward,392.2625732421875,1781255008.1138217
19747,Train/mean_reward,392.2957763671875,1781255312.6822736
19791,Train/mean_reward,392.3194885253906,1781255616.0475538
19835,Train/mean_reward,392.32275390625,1781255922.4517453
19879,Train/mean_reward,392.3654479980469,1781256227.7784867
19923,Train/mean_reward,392.463134765625,1781256533.1207228
19967,Train/mean_reward,392.60296630859375,1781256838.1500955
20011,Train/mean_reward,392.64593505859375,1781257141.9748266
20055,Train/mean_reward,392.5876159667969,1781257442.5203223
20099,Train/mean_reward,392.64910888671875,1781257746.3532631
20143,Train/mean_reward,392.672607421875,1781258049.9805787
20187,Train/mean_reward,392.72613525390625,1781258352.9776185
20231,Train/mean_reward,392.7819519042969,1781258655.048939
20275,Train/mean_reward,392.84503173828125,1781258957.3740606
20319,Train/mean_reward,392.8396911621094,1781259256.826238
20363,Train/mean_reward,392.9278259277344,1781259558.5283308
20407,Train/mean_reward,392.8647766113281,1781259864.3185062
20451,Train/mean_reward,392.9093933105469,1781260168.5708416
20495,Train/mean_reward,392.8575744628906,1781260473.023411
20539,Train/mean_reward,392.9247131347656,1781260776.912581
20583,Train/mean_reward,393.05999755859375,1781261081.3020473
20627,Train/mean_reward,393.1068115234375,1781261384.0639315
20671,Train/mean_reward,393.0267028808594,1781261688.3564796
20715,Train/mean_reward,393.03753662109375,1781261991.4461193
20759,Train/mean_reward,393.1313781738281,1781262291.9307387
20803,Train/mean_reward,393.13360595703125,1781262596.4973888
20847,Train/mean_reward,393.2660827636719,1781262947.9635623
20891,Train/mean_reward,393.3194580078125,1781263279.4962683
20935,Train/mean_reward,393.2611389160156,1781263583.6838815
20979,Train/mean_reward,393.2286376953125,1781263887.9778757
21023,Train/mean_reward,393.2547912597656,1781264193.457329
21067,Train/mean_reward,393.2765808105469,1781264485.4583848
21111,Train/mean_reward,393.3152770996094,1781264745.7559307
21155,Train/mean_reward,393.31683349609375,1781264991.2949266
21199,Train/mean_reward,393.4476318359375,1781265237.2655807
21243,Train/mean_reward,393.49212646484375,1781265483.906241
21287,Train/mean_reward,393.52349853515625,1781265728.497975
21331,Train/mean_reward,393.5473937988281,1781265977.0027966
21375,Train/mean_reward,393.58837890625,1781266212.645053
21419,Train/mean_reward,393.6543884277344,1781266459.298959
21463,Train/mean_reward,393.762939453125,1781266707.9065583
21507,Train/mean_reward,393.73907470703125,1781266954.3575473
21551,Train/mean_reward,393.78912353515625,1781267198.8513327
21595,Train/mean_reward,393.8651123046875,1781267443.8584247
21639,Train/mean_reward,393.906494140625,1781267688.6525197
21683,Train/mean_reward,394.045166015625,1781267939.0793877
21727,Train/mean_reward,393.9667053222656,1781268186.6878507
21771,Train/mean_reward,393.8750915527344,1781268450.0072184
21815,Train/mean_reward,394.00537109375,1781268698.2819545
21859,Train/mean_reward,394.08502197265625,1781268948.67647
21903,Train/mean_reward,393.90655517578125,1781269198.9841328
21947,Train/mean_reward,393.7837829589844,1781269451.3892646
21991,Train/mean_reward,393.8493957519531,1781269700.9227588
22035,Train/mean_reward,393.8570861816406,1781269951.054576
22079,Train/mean_reward,393.91998291015625,1781270201.5562336
22123,Train/mean_reward,392.37310791015625,1781270451.9658618
22167,Train/mean_reward,394.0527648925781,1781270700.7756717
22211,Train/mean_reward,394.1202087402344,1781270949.6752067
22255,Train/mean_reward,394.2406005859375,1781271199.395067
22299,Train/mean_reward,394.33233642578125,1781271445.4202
22343,Train/mean_reward,394.3686218261719,1781271696.207559
22387,Train/mean_reward,394.4183349609375,1781271938.9220862
22431,Train/mean_reward,394.4683837890625,1781272174.392001
22475,Train/mean_reward,394.5679931640625,1781272417.8792374
22519,Train/mean_reward,394.59454345703125,1781272671.4457135
22563,Train/mean_reward,394.6531677246094,1781272921.4160538
22607,Train/mean_reward,394.6412353515625,1781273167.7677062
22651,Train/mean_reward,394.665283203125,1781273416.7457402
22695,Train/mean_reward,394.6318054199219,1781273673.2384017
22739,Train/mean_reward,394.52532958984375,1781273929.9889524
22783,Train/mean_reward,394.5927734375,1781274172.8352945
22827,Train/mean_reward,394.45758056640625,1781274419.1813188
22871,Train/mean_reward,394.34869384765625,1781274672.2640762
22915,Train/mean_reward,394.4216613769531,1781274923.829502
22959,Train/mean_reward,394.5119934082031,1781275170.1916118
23003,Train/mean_reward,394.5755310058594,1781275418.794912
23047,Train/mean_reward,394.71099853515625,1781275666.3811553
23091,Train/mean_reward,394.85162353515625,1781275916.148129
23135,Train/mean_reward,394.8298034667969,1781276165.5274642
23179,Train/mean_reward,394.8677062988281,1781276417.2632017
23223,Train/mean_reward,394.82012939453125,1781276661.025075
23267,Train/mean_reward,394.8926696777344,1781276911.833765
23311,Train/mean_reward,394.7941589355469,1781277162.8306873
23355,Train/mean_reward,394.8722229003906,1781277412.4982438
23399,Train/mean_reward,394.8348083496094,1781277653.6046746
23443,Train/mean_reward,394.80999755859375,1781277901.9003923
23487,Train/mean_reward,394.85345458984375,1781278152.4450004
23531,Train/mean_reward,394.8902587890625,1781278403.2100372
23575,Train/mean_reward,394.9145202636719,1781278655.1093333
23619,Train/mean_reward,395.0578308105469,1781278903.707177
23663,Train/mean_reward,395.11468505859375,1781279155.0558891
23707,Train/mean_reward,395.0876159667969,1781279407.1449409
23751,Train/mean_reward,395.10296630859375,1781279655.1050332
23795,Train/mean_reward,395.13018798828125,1781279902.0820372
23839,Train/mean_reward,394.9837341308594,1781280150.7765687
23883,Train/mean_reward,395.0809020996094,1781280399.67752
23927,Train/mean_reward,394.9892272949219,1781280646.5980732
23971,Train/mean_reward,395.059814453125,1781280897.398417
24015,Train/mean_reward,395.10552978515625,1781281147.619676
24059,Train/mean_reward,395.178466796875,1781281393.519734
24103,Train/mean_reward,395.20672607421875,1781281644.152991
24147,Train/mean_reward,395.2897033691406,1781281895.3622785
24191,Train/mean_reward,395.35552978515625,1781282144.8788342
24235,Train/mean_reward,395.33563232421875,1781282397.7470217
24279,Train/mean_reward,395.38482666015625,1781282649.7037063
24323,Train/mean_reward,395.4898986816406,1781282900.794291
24367,Train/mean_reward,395.4169921875,1781283148.3712206
24411,Train/mean_reward,395.406494140625,1781283400.8673782
24455,Train/mean_reward,395.4549865722656,1781283651.7725706
24499,Train/mean_reward,395.45587158203125,1781283903.484527
24543,Train/mean_reward,395.48797607421875,1781284154.161427
24587,Train/mean_reward,395.5194396972656,1781284402.8809636
24631,Train/mean_reward,395.5780029296875,1781284647.4502082
24675,Train/mean_reward,395.5796203613281,1781284897.2464988
24719,Train/mean_reward,395.640869140625,1781285147.8491755
24763,Train/mean_reward,395.6479187011719,1781285396.2952702
24807,Train/mean_reward,395.65704345703125,1781285646.569174
24851,Train/mean_reward,395.6831970214844,1781285895.215703
24895,Train/mean_reward,395.6584167480469,1781286138.781845
24939,Train/mean_reward,395.7381896972656,1781286388.1650877
24983,Train/mean_reward,395.7358703613281,1781286636.927743
25027,Train/mean_reward,395.6736145019531,1781286885.9536433
25071,Train/mean_reward,395.7623596191406,1781287135.269399
25115,Train/mean_reward,395.75738525390625,1781287380.6778631
25159,Train/mean_reward,395.8143310546875,1781287626.9067407
25203,Train/mean_reward,395.85101318359375,1781287865.1914222
25247,Train/mean_reward,395.73614501953125,1781288113.4113686
25291,Train/mean_reward,395.841552734375,1781288363.8875432
25335,Train/mean_reward,395.9295349121094,1781288609.9715965
25379,Train/mean_reward,395.92254638671875,1781288849.4570453
25423,Train/mean_reward,395.9680480957031,1781289098.1566277
25467,Train/mean_reward,395.9598388671875,1781289347.300639
25511,Train/mean_reward,396.005615234375,1781289596.8453965
25555,Train/mean_reward,396.0721130371094,1781289847.7917397
25599,Train/mean_reward,396.07318115234375,1781290096.6771297
25643,Train/mean_reward,396.0572814941406,1781290346.8586113
25687,Train/mean_reward,396.1149597167969,1781290594.5069327
25731,Train/mean_reward,396.0845947265625,1781290837.5647972
25775,Train/mean_reward,396.10552978515625,1781291081.3436604
25819,Train/mean_reward,396.1237487792969,1781291326.2863107
25863,Train/mean_reward,396.1284484863281,1781291571.696265
25907,Train/mean_reward,396.000732421875,1781291810.389029
25951,Train/mean_reward,396.06622314453125,1781292059.5825999
25995,Train/mean_reward,396.1304626464844,1781292306.452607
26039,Train/mean_reward,396.1274108886719,1781292550.740528
26083,Train/mean_reward,396.16473388671875,1781292800.8979046
26127,Train/mean_reward,396.18792724609375,1781293046.2273602
26171,Train/mean_reward,396.2587890625,1781293293.5625527
26215,Train/mean_reward,396.2347717285156,1781293540.280827
26259,Train/mean_reward,396.2915344238281,1781293783.0309389
26303,Train/mean_reward,396.3215026855469,1781294030.1646197
26347,Train/mean_reward,396.3187561035156,1781294279.039375
26391,Train/mean_reward,396.2857360839844,1781294527.4469454
26435,Train/mean_reward,396.2074279785156,1781294777.274359
26479,Train/mean_reward,396.2471008300781,1781295022.3332615
26523,Train/mean_reward,396.27838134765625,1781295272.0324962
26567,Train/mean_reward,396.28009033203125,1781295516.5123322
26611,Train/mean_reward,396.2503662109375,1781295761.000266
26655,Train/mean_reward,396.26812744140625,1781295994.044467
26699,Train/mean_reward,396.29681396484375,1781296237.0277817
26743,Train/mean_reward,396.284912109375,1781296478.7789056
26787,Train/mean_reward,396.3262939453125,1781296723.4935915
26831,Train/mean_reward,396.3918762207031,1781296970.9965181
26875,Train/mean_reward,396.4416809082031,1781297219.6310322
26919,Train/mean_reward,396.4270935058594,1781297466.0827272
26963,Train/mean_reward,396.4276123046875,1781297714.6973124
27007,Train/mean_reward,396.3891906738281,1781297961.7630444
27051,Train/mean_reward,396.47369384765625,1781298209.9800646
27095,Train/mean_reward,396.4103698730469,1781298458.9726057
27139,Train/mean_reward,396.4136657714844,1781298707.2030244
27183,Train/mean_reward,396.43231201171875,1781298952.21808
27227,Train/mean_reward,396.46978759765625,1781299200.2057185
27271,Train/mean_reward,396.4956359863281,1781299448.9699876
27315,Train/mean_reward,396.5225830078125,1781299695.1428702
27359,Train/mean_reward,396.5028991699219,1781299942.0125513
27403,Train/mean_reward,396.55889892578125,1781300184.5468388
27447,Train/mean_reward,396.5138244628906,1781300431.9452436
27491,Train/mean_reward,396.60601806640625,1781300680.068782
27535,Train/mean_reward,396.60516357421875,1781300928.1788585
27579,Train/mean_reward,396.6141662597656,1781301174.2967386
27623,Train/mean_reward,396.6039733886719,1781301421.3145812
27667,Train/mean_reward,396.5086975097656,1781301668.9293134
27711,Train/mean_reward,396.4546203613281,1781301916.5565991
27755,Train/mean_reward,396.4947204589844,1781302162.004274
27799,Train/mean_reward,396.56134033203125,1781302411.4295805
27843,Train/mean_reward,396.57928466796875,1781302660.759327
27887,Train/mean_reward,396.62396240234375,1781302910.326638
27931,Train/mean_reward,396.6426086425781,1781303158.7408218
27975,Train/mean_reward,396.67449951171875,1781303407.0160136
28019,Train/mean_reward,396.64031982421875,1781303656.0157757
28063,Train/mean_reward,396.6298522949219,1781303905.1267362
28107,Train/mean_reward,396.55413818359375,1781304153.2724495
28151,Train/mean_reward,396.5878601074219,1781304399.229724
28195,Train/mean_reward,396.619384765625,1781304646.8786254
28239,Train/mean_reward,396.6932067871094,1781304881.581974
28283,Train/mean_reward,396.6565246582031,1781305087.6112363
28327,Train/mean_reward,396.7490234375,1781305292.007941
28371,Train/mean_reward,396.7503967285156,1781305497.9774656
28415,Train/mean_reward,396.6401672363281,1781305705.2433214
28459,Train/mean_reward,396.6217346191406,1781305912.3056052
28503,Train/mean_reward,396.5704040527344,1781306118.9439955
28547,Train/mean_reward,396.649169921875,1781306325.165656
28591,Train/mean_reward,396.6875,1781306533.6221235
28635,Train/mean_reward,396.644287109375,1781306739.308225
28679,Train/mean_reward,396.6673583984375,1781306945.9839575
28723,Train/mean_reward,396.64990234375,1781307153.3294425
28767,Train/mean_reward,396.6790466308594,1781307360.8756418
28811,Train/mean_reward,396.65423583984375,1781307567.4158602
28855,Train/mean_reward,396.722900390625,1781307773.8631356
28899,Train/mean_reward,396.76849365234375,1781307978.9444938
28943,Train/mean_reward,396.7728271484375,1781308185.287664
28987,Train/mean_reward,396.79278564453125,1781308390.3459888
29031,Train/mean_reward,394.25390625,1781308596.5884676
29075,Train/mean_reward,396.6620178222656,1781308802.1636765
29119,Train/mean_reward,396.6741638183594,1781309008.8606024
29163,Train/mean_reward,396.7206115722656,1781309214.331321
29207,Train/mean_reward,396.64642333984375,1781309419.2321808
29251,Train/mean_reward,396.6798400878906,1781309624.7396984
29295,Train/mean_reward,396.7328796386719,1781309829.7911515
29339,Train/mean_reward,396.74945068359375,1781310034.3959048
29383,Train/mean_reward,396.7928466796875,1781310239.8667476
29427,Train/mean_reward,396.8357849121094,1781310445.9439406
29471,Train/mean_reward,396.7314147949219,1781310650.4966047
29515,Train/mean_reward,396.7835998535156,1781310855.0979805
29559,Train/mean_reward,396.80462646484375,1781311059.6006901
29603,Train/mean_reward,396.8428039550781,1781311265.2468562
29647,Train/mean_reward,396.82208251953125,1781311471.2757087
29691,Train/mean_reward,396.7649230957031,1781311675.2799914
29735,Train/mean_reward,396.7672119140625,1781311882.0354855
29779,Train/mean_reward,396.64947509765625,1781312086.948745
29823,Train/mean_reward,396.71826171875,1781312293.003836
29867,Train/mean_reward,396.7691345214844,1781312498.3782651
29911,Train/mean_reward,396.7820129394531,1781312704.186392
29955,Train/mean_reward,396.6399841308594,1781312909.5265505
29999,Train/mean_reward,396.6498718261719,1781313113.9848435
30043,Train/mean_reward,396.6947021484375,1781313318.3582199
30087,Train/mean_reward,396.6888732910156,1781313524.1752741
30131,Train/mean_reward,396.7808532714844,1781313729.1683817
30175,Train/mean_reward,396.766357421875,1781313933.8770475
30219,Train/mean_reward,396.77093505859375,1781314138.6488724
30263,Train/mean_reward,396.7427978515625,1781314343.7999294
30307,Train/mean_reward,396.6728515625,1781314548.1453614
30351,Train/mean_reward,396.6853332519531,1781314754.1815846
30395,Train/mean_reward,396.6665344238281,1781314960.9843235
30439,Train/mean_reward,396.7674560546875,1781315165.740618
30483,Train/mean_reward,396.7956237792969,1781315372.3002872
30527,Train/mean_reward,396.8306884765625,1781315578.6597204
30571,Train/mean_reward,396.8113708496094,1781315784.3211396
30615,Train/mean_reward,396.8735656738281,1781315989.9093823
30659,Train/mean_reward,396.822021484375,1781316195.449472
30703,Train/mean_reward,396.79437255859375,1781316403.0005817
30747,Train/mean_reward,396.8290100097656,1781316609.5806756
30791,Train/mean_reward,396.7549743652344,1781316815.5702486
30835,Train/mean_reward,396.75347900390625,1781317021.997842
30879,Train/mean_reward,396.8377685546875,1781317229.0043445
30923,Train/mean_reward,396.7710876464844,1781317435.9863372
30967,Train/mean_reward,396.75579833984375,1781317641.9618106
31011,Train/mean_reward,396.77679443359375,1781317847.2498732
31055,Train/mean_reward,396.7874755859375,1781318054.4616623
31099,Train/mean_reward,396.800537109375,1781318260.6042678
31143,Train/mean_reward,396.7213439941406,1781318467.4914684
31187,Train/mean_reward,396.7480773925781,1781318673.820155
31231,Train/mean_reward,396.8145446777344,1781318879.55157
31275,Train/mean_reward,396.883544921875,1781319084.8661249
31319,Train/mean_reward,396.8677978515625,1781319290.8731685
31363,Train/mean_reward,396.8591003417969,1781319497.4136949
31407,Train/mean_reward,396.8526611328125,1781319703.1799693
31451,Train/mean_reward,396.8121032714844,1781319908.3212998
31495,Train/mean_reward,396.8089294433594,1781320114.1652246
31539,Train/mean_reward,396.80877685546875,1781320321.0699131
31583,Train/mean_reward,396.8569641113281,1781320526.7758505
31627,Train/mean_reward,396.7717590332031,1781320733.9894798
31671,Train/mean_reward,396.7762145996094,1781320940.4190216
31715,Train/mean_reward,396.7735595703125,1781321147.1210408
31759,Train/mean_reward,396.8063659667969,1781321354.2090106
31803,Train/mean_reward,396.8949279785156,1781321561.1310208
31847,Train/mean_reward,396.802978515625,1781321765.930881
31891,Train/mean_reward,396.875732421875,1781321972.2225704
31935,Train/mean_reward,396.93939208984375,1781322178.2826307
31979,Train/mean_reward,396.9109802246094,1781322384.184602
32023,Train/mean_reward,396.7358093261719,1781322590.4817843
32067,Train/mean_reward,396.6572570800781,1781322795.196995
32111,Train/mean_reward,396.6707763671875,1781323001.475568
32155,Train/mean_reward,394.9367980957031,1781323207.3140929
32199,Train/mean_reward,396.70709228515625,1781323413.7655241
32243,Train/mean_reward,396.7557678222656,1781323620.750617
32287,Train/mean_reward,396.7969665527344,1781323826.273445
32331,Train/mean_reward,396.78826904296875,1781324032.960913
32375,Train/mean_reward,396.8556823730469,1781324238.6406844
32419,Train/mean_reward,396.9285888671875,1781324443.6022904
32463,Train/mean_reward,396.9186706542969,1781324649.0813153
32507,Train/mean_reward,396.9562683105469,1781324856.7847743
32551,Train/mean_reward,396.9819030761719,1781325061.6922007
32595,Train/mean_reward,396.9809875488281,1781325267.522908
32639,Train/mean_reward,396.9648132324219,1781325473.4405699
32683,Train/mean_reward,396.9552307128906,1781325678.4988341
32727,Train/mean_reward,396.9356689453125,1781325885.1018608
32771,Train/mean_reward,396.97601318359375,1781326090.816141
32815,Train/mean_reward,397.00592041015625,1781326297.8395898
32859,Train/mean_reward,397.0553894042969,1781326503.140611
32903,Train/mean_reward,396.974365234375,1781326707.192532
32947,Train/mean_reward,397.0068359375,1781326913.0670927
32991,Train/mean_reward,396.942626953125,1781327120.4268112
33035,Train/mean_reward,396.9313659667969,1781327327.134665
33079,Train/mean_reward,396.9916687011719,1781327542.9573808
33123,Train/mean_reward,397.0005187988281,1781327752.8008592
33167,Train/mean_reward,397.0239562988281,1781327959.8544135
33211,Train/mean_reward,397.0327453613281,1781328166.3057315
33255,Train/mean_reward,397.04510498046875,1781328372.4908164
33299,Train/mean_reward,397.1029052734375,1781328578.2220016
33343,Train/mean_reward,397.0994567871094,1781328783.7306046
33387,Train/mean_reward,397.0911865234375,1781328988.6384282
33431,Train/mean_reward,396.991455078125,1781329194.3868334
33475,Train/mean_reward,397.0342102050781,1781329399.5511534
33519,Train/mean_reward,396.97003173828125,1781329604.875286
33563,Train/mean_reward,396.9508972167969,1781329808.5552723
33607,Train/mean_reward,396.9587097167969,1781330012.7289557
33651,Train/mean_reward,396.9932556152344,1781330218.4537036
33695,Train/mean_reward,397.01397705078125,1781330424.0832467
33739,Train/mean_reward,396.9642333984375,1781330629.0376697
33783,Train/mean_reward,397.0094299316406,1781330833.4806108
33827,Train/mean_reward,396.93768310546875,1781331039.9199166
33871,Train/mean_reward,397.00030517578125,1781331244.8864381
33915,Train/mean_reward,396.968017578125,1781331451.2970645
33959,Train/mean_reward,397.0363464355469,1781331657.1848414
34003,Train/mean_reward,397.10113525390625,1781331863.7280607
34047,Train/mean_reward,397.1463928222656,1781332068.396445
34091,Train/mean_reward,397.1156311035156,1781332274.6603243
34135,Train/mean_reward,397.1178283691406,1781332479.4345024
34179,Train/mean_reward,397.1044921875,1781332685.2223358
34223,Train/mean_reward,397.13140869140625,1781332890.410615
34267,Train/mean_reward,397.1402893066406,1781333096.0926266
34311,Train/mean_reward,397.105224609375,1781333301.841651
34355,Train/mean_reward,397.0740051269531,1781333507.913796
34399,Train/mean_reward,397.01959228515625,1781333714.4380262
34443,Train/mean_reward,397.0639343261719,1781333920.7897005
34487,Train/mean_reward,396.9327697753906,1781334125.756467
34531,Train/mean_reward,396.9348449707031,1781334330.295287
34575,Train/mean_reward,394.3345642089844,1781334535.6872175
34619,Train/mean_reward,396.9032287597656,1781334742.132851
34663,Train/mean_reward,396.88983154296875,1781334946.0971208
34707,Train/mean_reward,396.90679931640625,1781335151.3757906
34751,Train/mean_reward,396.92596435546875,1781335357.2497168
34795,Train/mean_reward,396.91864013671875,1781335563.1034646
34839,Train/mean_reward,396.9375,1781335769.7302995
34883,Train/mean_reward,396.8345031738281,1781335975.7666855
34927,Train/mean_reward,396.9767150878906,1781336182.4949424
34971,Train/mean_reward,397.0083312988281,1781336388.845605
35015,Train/mean_reward,397.0597839355469,1781336593.9802504
35059,Train/mean_reward,397.0137939453125,1781336800.284842
35103,Train/mean_reward,397.0258483886719,1781337005.575549
35147,Train/mean_reward,396.9836120605469,1781337210.7454815
35191,Train/mean_reward,396.9952392578125,1781337415.2297847
35235,Train/mean_reward,397.0168151855469,1781337620.257128
35279,Train/mean_reward,397.1185607910156,1781337826.2593443
35323,Train/mean_reward,397.1656799316406,1781338032.9368536
35367,Train/mean_reward,397.1600341796875,1781338238.1272442
35411,Train/mean_reward,397.19854736328125,1781338443.650169
35455,Train/mean_reward,397.15118408203125,1781338650.1176133
35499,Train/mean_reward,397.1790466308594,1781338854.9808195
35543,Train/mean_reward,397.1681213378906,1781339060.907279
35587,Train/mean_reward,397.12554931640625,1781339266.706005
35631,Train/mean_reward,397.0697326660156,1781339471.833686
35675,Train/mean_reward,397.12457275390625,1781339676.3670268
35719,Train/mean_reward,397.1546630859375,1781339882.0730696
35763,Train/mean_reward,397.0955505371094,1781340087.3067377
35807,Train/mean_reward,397.0958557128906,1781340293.2850993
35851,Train/mean_reward,397.0260925292969,1781340499.3001902
35895,Train/mean_reward,396.9693908691406,1781340705.4114587
35939,Train/mean_reward,396.99920654296875,1781340910.4252286
35983,Train/mean_reward,397.0400390625,1781341117.4014757
36027,Train/mean_reward,397.054931640625,1781341323.364764
36071,Train/mean_reward,397.05499267578125,1781341529.063044
36115,Train/mean_reward,396.9873962402344,1781341734.861294
36159,Train/mean_reward,396.9281005859375,1781341940.9319005
36203,Train/mean_reward,396.9275207519531,1781342146.3828583
36247,Train/mean_reward,396.96478271484375,1781342351.7489748
36291,Train/mean_reward,396.9250793457031,1781342556.0211556
36335,Train/mean_reward,396.89080810546875,1781342760.615191
36379,Train/mean_reward,396.92694091796875,1781342966.6442847
36423,Train/mean_reward,396.9214172363281,1781343172.2071247
36467,Train/mean_reward,396.8878173828125,1781343377.952606
36511,Train/mean_reward,396.82720947265625,1781343585.6158373
36555,Train/mean_reward,396.93487548828125,1781343791.9549649
36599,Train/mean_reward,396.869140625,1781343999.0669181
36643,Train/mean_reward,396.8277893066406,1781344205.7122126
36687,Train/mean_reward,396.8185729980469,1781344411.0551004
36731,Train/mean_reward,396.8734130859375,1781344616.1381526
36775,Train/mean_reward,396.8526611328125,1781344819.6365597
36819,Train/mean_reward,396.86212158203125,1781345024.8204522
36863,Train/mean_reward,396.7775573730469,1781345230.0805683
36907,Train/mean_reward,396.888427734375,1781345435.1444113
36951,Train/mean_reward,396.8561706542969,1781345639.9517684
36995,Train/mean_reward,396.7601318359375,1781345845.0451498
37039,Train/mean_reward,396.82659912109375,1781346050.7786276
37083,Train/mean_reward,396.8117980957031,1781346257.9405193
37127,Train/mean_reward,396.7481994628906,1781346464.8777308
37171,Train/mean_reward,396.7283935546875,1781346671.3592896
37215,Train/mean_reward,396.6637268066406,1781346876.8659406
37259,Train/mean_reward,396.8598937988281,1781347084.1487093
37303,Train/mean_reward,396.9110107421875,1781347289.3825278
37347,Train/mean_reward,396.8671569824219,1781347494.424984
37391,Train/mean_reward,396.9110107421875,1781347700.5747283
37435,Train/mean_reward,396.8191223144531,1781347906.411
37479,Train/mean_reward,396.8863525390625,1781348112.7463207
37523,Train/mean_reward,396.95306396484375,1781348318.4148467
37567,Train/mean_reward,396.9180603027344,1781348524.0006135
37611,Train/mean_reward,397.00030517578125,1781348730.8029335
37655,Train/mean_reward,396.9492492675781,1781348935.7358334
37699,Train/mean_reward,396.8548583984375,1781349142.3063116
37743,Train/mean_reward,396.84271240234375,1781349347.6848705
37787,Train/mean_reward,396.8631896972656,1781349553.1888535
37831,Train/mean_reward,396.9284973144531,1781349759.952054
37875,Train/mean_reward,396.90045166015625,1781349966.7101057
37919,Train/mean_reward,397.062255859375,1781350174.3720036
37963,Train/mean_reward,397.1564636230469,1781350374.5044758
38007,Train/mean_reward,397.04620361328125,1781350577.6366436
38051,Train/mean_reward,397.1167907714844,1781350783.7409475
38095,Train/mean_reward,397.0649719238281,1781350987.269802
38139,Train/mean_reward,397.06903076171875,1781351193.7659698
38183,Train/mean_reward,397.09381103515625,1781351399.870863
38227,Train/mean_reward,397.0591735839844,1781351607.029032
38271,Train/mean_reward,397.07965087890625,1781351814.4079933
38315,Train/mean_reward,397.10479736328125,1781352020.7033272
38359,Train/mean_reward,397.1282653808594,1781352226.587037
38403,Train/mean_reward,397.1214294433594,1781352433.8250315
38447,Train/mean_reward,397.2135314941406,1781352641.0657697
38491,Train/mean_reward,397.2200012207031,1781352846.1522167
38535,Train/mean_reward,395.2097473144531,1781353050.904524
38579,Train/mean_reward,397.1279296875,1781353254.0690022
38623,Train/mean_reward,397.1817626953125,1781353460.004881
38667,Train/mean_reward,397.1617431640625,1781353665.134555
38711,Train/mean_reward,397.1968688964844,1781353871.3933775
38755,Train/mean_reward,397.2069396972656,1781354077.3665836
38799,Train/mean_reward,397.21099853515625,1781354284.9247081
38843,Train/mean_reward,397.2341613769531,1781354491.684365
38887,Train/mean_reward,397.3060302734375,1781354700.231662
38931,Train/mean_reward,397.2535705566406,1781354907.6267416
38975,Train/mean_reward,397.1358947753906,1781355113.8303163
39019,Train/mean_reward,397.14593505859375,1781355320.639928
39063,Train/mean_reward,397.115478515625,1781355529.0189505
39107,Train/mean_reward,397.0567626953125,1781355735.3791087
39151,Train/mean_reward,397.08990478515625,1781355941.394415
39195,Train/mean_reward,397.1352233886719,1781356147.660096
39239,Train/mean_reward,397.1416320800781,1781356354.4603083
39283,Train/mean_reward,396.9696960449219,1781356561.892052
39327,Train/mean_reward,396.9486999511719,1781356768.6518178
39371,Train/mean_reward,397.0138244628906,1781356975.3469586
39415,Train/mean_reward,396.9136962890625,1781357181.5599089
39459,Train/mean_reward,396.9337158203125,1781357387.5772507
39503,Train/mean_reward,397.0940856933594,1781357594.9285388
39547,Train/mean_reward,397.07952880859375,1781357801.7661707
39591,Train/mean_reward,397.08642578125,1781358008.286589
39635,Train/mean_reward,397.0606994628906,1781358214.7878795
39679,Train/mean_reward,397.1322937011719,1781358421.962739
39723,Train/mean_reward,397.03741455078125,1781358627.8014512
39767,Train/mean_reward,396.9561462402344,1781358833.135265
39811,Train/mean_reward,397.023681640625,1781359026.9712563
39855,Train/mean_reward,396.86053466796875,1781359233.2470658
39899,Train/mean_reward,396.9250793457031,1781359440.5649114
39943,Train/mean_reward,396.9376525878906,1781359648.1022716
39987,Train/mean_reward,396.9967346191406,1781359856.3988018
40031,Train/mean_reward,397.03009033203125,1781360060.1432738
40075,Train/mean_reward,397.0987854003906,1781360263.294966
40119,Train/mean_reward,397.07244873046875,1781360470.6547406
40163,Train/mean_reward,397.0485534667969,1781360677.164831
40207,Train/mean_reward,397.07684326171875,1781360884.2426896
40251,Train/mean_reward,397.14599609375,1781361091.4170525
40295,Train/mean_reward,397.18328857421875,1781361298.1237705
40339,Train/mean_reward,397.20367431640625,1781361505.5899305
40383,Train/mean_reward,397.2364501953125,1781361712.5036986
40427,Train/mean_reward,397.2575988769531,1781361919.5511086
40471,Train/mean_reward,397.14398193359375,1781362126.4554765
40515,Train/mean_reward,397.0948791503906,1781362333.4062579
40559,Train/mean_reward,397.0836181640625,1781362539.7820907
40603,Train/mean_reward,397.1432800292969,1781362745.501472
40647,Train/mean_reward,397.22406005859375,1781362951.962735
40691,Train/mean_reward,397.26251220703125,1781363157.8606133
40735,Train/mean_reward,397.29327392578125,1781363363.6324785
40779,Train/mean_reward,397.27496337890625,1781363569.3101912
40823,Train/mean_reward,397.28851318359375,1781363774.5499418
40867,Train/mean_reward,397.3365478515625,1781363981.3772235
40911,Train/mean_reward,397.36944580078125,1781364187.7051659
40955,Train/mean_reward,397.3602600097656,1781364394.3140838
40999,Train/mean_reward,397.3252868652344,1781364601.3783846
41043,Train/mean_reward,397.2692565917969,1781364807.2063708
41087,Train/mean_reward,397.2319641113281,1781365014.0645926
41131,Train/mean_reward,397.16497802734375,1781365219.898167
41175,Train/mean_reward,397.20904541015625,1781365428.119902
41219,Train/mean_reward,397.2762145996094,1781365634.9670627
41263,Train/mean_reward,397.3010559082031,1781365841.2366667
41307,Train/mean_reward,397.2506103515625,1781366049.3957393
41351,Train/mean_reward,397.2437744140625,1781366256.8355505
41395,Train/mean_reward,397.18572998046875,1781366462.7573915
41439,Train/mean_reward,397.1775207519531,1781366668.5858552
41483,Train/mean_reward,397.1512756347656,1781366875.5158334
41527,Train/mean_reward,397.2713317871094,1781367081.1563478
41571,Train/mean_reward,397.2931823730469,1781367287.7331517
41615,Train/mean_reward,397.2762451171875,1781367495.6483257
41659,Train/mean_reward,397.3533935546875,1781367702.7502723
41703,Train/mean_reward,397.277587890625,1781367910.7855425
41747,Train/mean_reward,397.3193359375,1781368118.2489502
41791,Train/mean_reward,397.3783874511719,1781368325.0835588
41835,Train/mean_reward,397.37713623046875,1781368531.4930649
41879,Train/mean_reward,397.4225769042969,1781368738.9881606
41923,Train/mean_reward,397.1884460449219,1781368945.8400068
41967,Train/mean_reward,397.181640625,1781369152.9874284
42011,Train/mean_reward,397.1786804199219,1781369360.9767096
42055,Train/mean_reward,397.2287292480469,1781369568.8029199
42099,Train/mean_reward,397.25830078125,1781369776.3649101
42143,Train/mean_reward,397.2677917480469,1781369983.1668746
42187,Train/mean_reward,397.2579650878906,1781370189.1248899
42231,Train/mean_reward,397.3089904785156,1781370392.2811124
42275,Train/mean_reward,397.3127136230469,1781370599.6488004
42319,Train/mean_reward,397.3140563964844,1781370805.9200816
42363,Train/mean_reward,397.2915344238281,1781371013.5210528
42407,Train/mean_reward,397.26788330078125,1781371220.0820982
42451,Train/mean_reward,397.1965026855469,1781371425.884274
42495,Train/mean_reward,397.1962585449219,1781371632.2601707
42539,Train/mean_reward,396.2383117675781,1781371837.6620433
42583,Train/mean_reward,397.2151794433594,1781372043.6747253
42627,Train/mean_reward,397.1374816894531,1781372251.2298682
42671,Train/mean_reward,397.19732666015625,1781372456.5223808
42715,Train/mean_reward,397.3045349121094,1781372663.3951225
42759,Train/mean_reward,397.29730224609375,1781372870.8953953
42803,Train/mean_reward,397.1902160644531,1781373078.4137876
42847,Train/mean_reward,397.1258544921875,1781373284.3193948
42891,Train/mean_reward,397.2225341796875,1781373488.1997342
42935,Train/mean_reward,397.2388000488281,1781373693.7639964
42979,Train/mean_reward,397.1983947753906,1781373899.8703551
43023,Train/mean_reward,397.1880187988281,1781374105.9350915
43067,Train/mean_reward,397.2063293457031,1781374311.5709968
43111,Train/mean_reward,397.1358642578125,1781374518.425906
43155,Train/mean_reward,397.1838684082031,1781374723.9093506
43199,Train/mean_reward,397.1130065917969,1781374930.1997123
43243,Train/mean_reward,397.1070556640625,1781375135.4677823
43287,Train/mean_reward,397.041748046875,1781375341.647833
43331,Train/mean_reward,397.12060546875,1781375546.4430678
43375,Train/mean_reward,397.14495849609375,1781375752.3837414
43419,Train/mean_reward,397.23114013671875,1781375958.65319
43463,Train/mean_reward,397.1681213378906,1781376164.4637713
43507,Train/mean_reward,397.30078125,1781376371.069517
43551,Train/mean_reward,397.2759094238281,1781376577.4898376
43595,Train/mean_reward,397.3116149902344,1781376785.519948
43639,Train/mean_reward,397.3379821777344,1781376992.7588606
43683,Train/mean_reward,397.3185119628906,1781377199.2155943
43727,Train/mean_reward,397.3877258300781,1781377405.8855426
43771,Train/mean_reward,397.39752197265625,1781377613.4661682
43815,Train/mean_reward,397.3623962402344,1781377820.8279781
43859,Train/mean_reward,397.3770751953125,1781378027.2742867
43903,Train/mean_reward,397.3559265136719,1781378233.5510874
43947,Train/mean_reward,397.331298828125,1781378439.9435513
43991,Train/mean_reward,397.3558349609375,1781378644.6370213
44035,Train/mean_reward,397.2179870605469,1781378851.9524906
44079,Train/mean_reward,397.2038269042969,1781379058.9320962
44123,Train/mean_reward,397.24920654296875,1781379265.6945808
44167,Train/mean_reward,397.24462890625,1781379472.0539644
44211,Train/mean_reward,397.3306579589844,1781379678.2800725
44255,Train/mean_reward,397.2255859375,1781379884.6906915
44299,Train/mean_reward,397.109619140625,1781380092.3602984
44343,Train/mean_reward,397.30120849609375,1781380299.6095247
44387,Train/mean_reward,397.33056640625,1781380505.8013103
44431,Train/mean_reward,397.3275146484375,1781380711.7795045
44475,Train/mean_reward,397.3272705078125,1781380913.9628117
44519,Train/mean_reward,397.35302734375,1781381122.399775
44563,Train/mean_reward,397.3856506347656,1781381329.937671
44607,Train/mean_reward,397.42999267578125,1781381537.1807852
44651,Train/mean_reward,397.46099853515625,1781381743.5158815
44695,Train/mean_reward,397.4300537109375,1781381949.0845187
44739,Train/mean_reward,397.3560791015625,1781382155.1271267
44783,Train/mean_reward,397.2475891113281,1781382360.8099613
44827,Train/mean_reward,397.20831298828125,1781382568.0881536
44871,Train/mean_reward,397.3244323730469,1781382774.5757225
44915,Train/mean_reward,397.3573303222656,1781382981.435459
44959,Train/mean_reward,397.35406494140625,1781383188.8023953
45003,Train/mean_reward,397.4233703613281,1781383394.9805815
45047,Train/mean_reward,397.3383483886719,1781383601.739273
45091,Train/mean_reward,397.4324035644531,1781383808.6894238
45135,Train/mean_reward,397.4603576660156,1781384015.3470497
45179,Train/mean_reward,397.4858703613281,1781384221.5235825
45223,Train/mean_reward,397.5097961425781,1781384429.306931
45267,Train/mean_reward,397.4675598144531,1781384635.4950914
45311,Train/mean_reward,397.4649658203125,1781384841.7307637
45355,Train/mean_reward,397.3990478515625,1781385048.6309726
45399,Train/mean_reward,397.298095703125,1781385255.2824864
45443,Train/mean_reward,397.2833251953125,1781385462.4735994
45487,Train/mean_reward,397.23895263671875,1781385668.1294024
45531,Train/mean_reward,397.1224365234375,1781385873.9966216
45575,Train/mean_reward,397.18310546875,1781386080.3794408
45619,Train/mean_reward,397.3004455566406,1781386287.0843391
45663,Train/mean_reward,397.1861267089844,1781386494.3987687
45707,Train/mean_reward,397.20147705078125,1781386700.5721323
45751,Train/mean_reward,397.1886901855469,1781386907.422363
45795,Train/mean_reward,397.13470458984375,1781387113.7888224
45839,Train/mean_reward,397.1047668457031,1781387319.9389536
45883,Train/mean_reward,397.25653076171875,1781387527.1009552
45927,Train/mean_reward,397.3152160644531,1781387733.7363625
45971,Train/mean_reward,397.2832336425781,1781387939.7922637
46015,Train/mean_reward,397.2865295410156,1781388146.1822705
46059,Train/mean_reward,397.3749084472656,1781388352.9349933
46103,Train/mean_reward,397.3225402832031,1781388558.3029463
46147,Train/mean_reward,397.26220703125,1781388764.6872623
46191,Train/mean_reward,397.360107421875,1781388971.8486125
46235,Train/mean_reward,397.439697265625,1781389177.7304952
46279,Train/mean_reward,397.2979431152344,1781389383.9150808
46323,Train/mean_reward,397.3455810546875,1781389588.1856236
46367,Train/mean_reward,397.2732238769531,1781389794.1413991
46411,Train/mean_reward,397.4004821777344,1781390000.7578132
46455,Train/mean_reward,397.41949462890625,1781390206.84845
46499,Train/mean_reward,397.3226013183594,1781390414.4090147
46543,Train/mean_reward,397.3591613769531,1781390621.283689
46587,Train/mean_reward,397.2845458984375,1781390827.7204156
46631,Train/mean_reward,397.2122497558594,1781391034.5161963
46675,Train/mean_reward,397.2903137207031,1781391240.5474331
46719,Train/mean_reward,397.2503356933594,1781391446.9520214
46763,Train/mean_reward,397.1228332519531,1781391652.4422536
46807,Train/mean_reward,397.2176818847656,1781391858.5629995
46851,Train/mean_reward,397.2939147949219,1781392062.810391
46895,Train/mean_reward,397.36224365234375,1781392269.2156198
46939,Train/mean_reward,397.45635986328125,1781392475.502483
46983,Train/mean_reward,397.5043029785156,1781392682.263288
47027,Train/mean_reward,397.4961242675781,1781392889.3659468
47071,Train/mean_reward,397.5604248046875,1781393094.313108
47115,Train/mean_reward,397.60003662109375,1781393300.0583646
47159,Train/mean_reward,397.5728759765625,1781393506.0738895
47203,Train/mean_reward,397.62823486328125,1781393711.9263728
47247,Train/mean_reward,397.516845703125,1781393917.0979187
47291,Train/mean_reward,397.5946350097656,1781394123.344325
47335,Train/mean_reward,397.6096496582031,1781394330.0384288
47379,Train/mean_reward,397.5836181640625,1781394537.3172002
47423,Train/mean_reward,397.524658203125,1781394744.2412975
47467,Train/mean_reward,397.496826171875,1781394950.7673433
47511,Train/mean_reward,397.53363037109375,1781395157.9315512
47555,Train/mean_reward,397.4453430175781,1781395364.8922088
47599,Train/mean_reward,397.42510986328125,1781395572.0652564
47643,Train/mean_reward,397.450439453125,1781395778.8536348
47687,Train/mean_reward,397.4879455566406,1781395984.4881454
47731,Train/mean_reward,397.5610656738281,1781396191.0231278
47775,Train/mean_reward,397.5713806152344,1781396397.4670935
47819,Train/mean_reward,397.63262939453125,1781396603.9884725
47863,Train/mean_reward,397.5767517089844,1781396810.0098593
47907,Train/mean_reward,397.53924560546875,1781397017.5542264
47951,Train/mean_reward,397.5476379394531,1781397224.8551872
47995,Train/mean_reward,397.5192565917969,1781397431.4941766
48039,Train/mean_reward,397.5582580566406,1781397637.4090989
48083,Train/mean_reward,397.5533142089844,1781397843.8737693
48127,Train/mean_reward,397.52801513671875,1781398049.9725666
48171,Train/mean_reward,397.59210205078125,1781398256.2442718
48215,Train/mean_reward,397.5682067871094,1781398462.747332
48259,Train/mean_reward,397.5329284667969,1781398667.997463
48303,Train/mean_reward,397.5518798828125,1781398873.264527
48347,Train/mean_reward,397.6134948730469,1781399079.102008
48391,Train/mean_reward,397.5655517578125,1781399284.9168537
48435,Train/mean_reward,397.5037536621094,1781399492.215047
48479,Train/mean_reward,397.34344482421875,1781399698.6416848
48523,Train/mean_reward,397.1068115234375,1781399905.307315
48567,Train/mean_reward,397.0460205078125,1781400110.8254502
48611,Train/mean_reward,396.8798522949219,1781400317.4496202
48655,Train/mean_reward,396.7562255859375,1781400524.0106413
48699,Train/mean_reward,394.5553894042969,1781400723.5947645
48743,Train/mean_reward,396.957275390625,1781400926.525031
48787,Train/mean_reward,397.0167541503906,1781401132.5575728
48831,Train/mean_reward,394.7964172363281,1781401339.3644216
48875,Train/mean_reward,397.21728515625,1781401546.5487385
48919,Train/mean_reward,397.3263244628906,1781401752.5267458
48963,Train/mean_reward,397.34796142578125,1781401958.2105436
49007,Train/mean_reward,397.4465026855469,1781402162.9095166
49051,Train/mean_reward,397.4265441894531,1781402368.759091
49095,Train/mean_reward,397.5323486328125,1781402574.7055955
49139,Train/mean_reward,397.52606201171875,1781402780.4102356
49183,Train/mean_reward,397.5986022949219,1781402986.5525303
49227,Train/mean_reward,397.65093994140625,1781403192.8811228
49271,Train/mean_reward,397.6917724609375,1781403399.500253
49315,Train/mean_reward,397.72186279296875,1781403605.6803782
49359,Train/mean_reward,397.694091796875,1781403811.7251906
49403,Train/mean_reward,397.6954345703125,1781404017.2716622
49447,Train/mean_reward,397.6364440917969,1781404223.908663
49491,Train/mean_reward,397.649169921875,1781404429.390074
49535,Train/mean_reward,397.5486145019531,1781404634.2153437
49579,Train/mean_reward,397.64837646484375,1781404840.4907804
49623,Train/mean_reward,397.7061462402344,1781405046.6804378
49667,Train/mean_reward,397.6739501953125,1781405251.4149303
49711,Train/mean_reward,397.4787292480469,1781405458.5268428
49755,Train/mean_reward,397.5415954589844,1781405664.2444472
49799,Train/mean_reward,397.63751220703125,1781405870.5949078
49843,Train/mean_reward,397.5846252441406,1781406076.1256099
49887,Train/mean_reward,397.5793762207031,1781406283.0302677
49931,Train/mean_reward,397.4876403808594,1781406488.802234
49975,Train/mean_reward,397.423828125,1781406693.832125
50019,Train/mean_reward,397.49090576171875,1781406900.0678885
50063,Train/mean_reward,397.4920349121094,1781407104.9152455
50107,Train/mean_reward,397.5586853027344,1781407311.1315732
50151,Train/mean_reward,397.5541687011719,1781407516.2869635
50195,Train/mean_reward,397.5762023925781,1781407721.0309548
50239,Train/mean_reward,397.65899658203125,1781407926.802344
50283,Train/mean_reward,397.6388244628906,1781408132.9795384
50327,Train/mean_reward,397.6040344238281,1781408338.8647065
50371,Train/mean_reward,395.7806091308594,1781408544.5959764
50415,Train/mean_reward,397.4566955566406,1781408750.2140627
50459,Train/mean_reward,397.30975341796875,1781408956.8959243
50503,Train/mean_reward,396.89178466796875,1781409163.269069
50547,Train/mean_reward,397.3006591796875,1781409370.700024
50591,Train/mean_reward,397.3667907714844,1781409577.9410746
50635,Train/mean_reward,397.4820861816406,1781409784.185463
50679,Train/mean_reward,397.4556884765625,1781409998.0188751
50723,Train/mean_reward,397.45123291015625,1781410262.3350267
50767,Train/mean_reward,397.41204833984375,1781410516.7030768
50811,Train/mean_reward,397.4523620605469,1781410785.1786976
50855,Train/mean_reward,397.4117126464844,1781411016.0750017
50899,Train/mean_reward,397.3701477050781,1781411250.067672
50943,Train/mean_reward,397.3558654785156,1781411457.1981897
50987,Train/mean_reward,397.39447021484375,1781411657.4588614
51031,Train/mean_reward,397.49127197265625,1781411864.1228833
51075,Train/mean_reward,397.4554138183594,1781412063.886238
51119,Train/mean_reward,397.4237060546875,1781412265.8041735
51163,Train/mean_reward,397.48193359375,1781412472.9309402
51207,Train/mean_reward,397.5212707519531,1781412679.673358
51236,Train/mean_reward,397.48681640625,1781412836.0419068
7999,Train/mean_episode_length,20.950000762939453,1781175596.7802427
8043,Train/mean_episode_length,177.25,1781175849.7797668
8087,Train/mean_episode_length,256.3999938964844,1781176146.090379
8131,Train/mean_episode_length,1000.0,1781176457.616362
8175,Train/mean_episode_length,1000.0,1781176762.3417974
8219,Train/mean_episode_length,1000.0,1781177061.782539
8263,Train/mean_episode_length,1000.0,1781177369.6682887
8307,Train/mean_episode_length,1000.0,1781177682.5752852
8351,Train/mean_episode_length,1000.0,1781177988.53007
8395,Train/mean_episode_length,1000.0,1781178298.6731336
8439,Train/mean_episode_length,1000.0,1781178603.0471332
8483,Train/mean_episode_length,1000.0,1781178906.164181
8527,Train/mean_episode_length,1000.0,1781179210.7441182
8571,Train/mean_episode_length,1000.0,1781179511.067655
8615,Train/mean_episode_length,996.4600219726562,1781179814.2759416
8659,Train/mean_episode_length,1000.0,1781180115.762562
8703,Train/mean_episode_length,1000.0,1781180423.8924344
8747,Train/mean_episode_length,1000.0,1781180721.1117392
8791,Train/mean_episode_length,1000.0,1781181025.734992
8835,Train/mean_episode_length,1000.0,1781181334.6857007
8879,Train/mean_episode_length,1000.0,1781181639.750905
8923,Train/mean_episode_length,1000.0,1781181942.7862787
8967,Train/mean_episode_length,1000.0,1781182252.7992363
9011,Train/mean_episode_length,1000.0,1781182559.0481079
9055,Train/mean_episode_length,1000.0,1781182868.7880266
9099,Train/mean_episode_length,1000.0,1781183175.7409627
9143,Train/mean_episode_length,1000.0,1781183485.3129017
9187,Train/mean_episode_length,1000.0,1781183797.3372574
9231,Train/mean_episode_length,1000.0,1781184105.1396646
9275,Train/mean_episode_length,1000.0,1781184412.5669203
9319,Train/mean_episode_length,1000.0,1781184719.0980973
9363,Train/mean_episode_length,1000.0,1781185028.2712352
9407,Train/mean_episode_length,1000.0,1781185332.241997
9451,Train/mean_episode_length,1000.0,1781185640.1880589
9495,Train/mean_episode_length,1000.0,1781185944.5173855
9539,Train/mean_episode_length,1000.0,1781186252.5859756
9583,Train/mean_episode_length,1000.0,1781186560.2664454
9627,Train/mean_episode_length,1000.0,1781186867.4159706
9671,Train/mean_episode_length,1000.0,1781187176.7046492
9715,Train/mean_episode_length,1000.0,1781187485.084786
9759,Train/mean_episode_length,1000.0,1781187792.9151027
9803,Train/mean_episode_length,1000.0,1781188100.4743826
9847,Train/mean_episode_length,1000.0,1781188409.5414994
9891,Train/mean_episode_length,1000.0,1781188718.318135
9935,Train/mean_episode_length,1000.0,1781189025.0610526
9979,Train/mean_episode_length,1000.0,1781189331.7434185
10023,Train/mean_episode_length,1000.0,1781189640.3139849
10067,Train/mean_episode_length,1000.0,1781189948.9411979
10111,Train/mean_episode_length,1000.0,1781190253.9122398
10155,Train/mean_episode_length,1000.0,1781190559.829674
10199,Train/mean_episode_length,1000.0,1781190869.3546925
10243,Train/mean_episode_length,1000.0,1781191176.443865
10287,Train/mean_episode_length,1000.0,1781191481.9157012
10331,Train/mean_episode_length,1000.0,1781191791.5161204
10375,Train/mean_episode_length,1000.0,1781192099.591142
10419,Train/mean_episode_length,1000.0,1781192407.1243439
10463,Train/mean_episode_length,1000.0,1781192714.5918326
10507,Train/mean_episode_length,1000.0,1781193023.3743494
10551,Train/mean_episode_length,1000.0,1781193329.3362212
10595,Train/mean_episode_length,1000.0,1781193636.7636344
10639,Train/mean_episode_length,1000.0,1781193943.511493
10683,Train/mean_episode_length,1000.0,1781194250.010912
10727,Train/mean_episode_length,1000.0,1781194555.8768597
10771,Train/mean_episode_length,1000.0,1781194864.2981482
10815,Train/mean_episode_length,1000.0,1781195164.9533877
10859,Train/mean_episode_length,1000.0,1781195473.3091598
10903,Train/mean_episode_length,1000.0,1781195780.695553
10947,Train/mean_episode_length,1000.0,1781196088.9715734
10991,Train/mean_episode_length,1000.0,1781196396.092501
11035,Train/mean_episode_length,1000.0,1781196701.599193
11079,Train/mean_episode_length,1000.0,1781197006.8157532
11123,Train/mean_episode_length,1000.0,1781197313.4805393
11167,Train/mean_episode_length,1000.0,1781197619.2095556
11211,Train/mean_episode_length,1000.0,1781197925.6640568
11255,Train/mean_episode_length,1000.0,1781198232.863218
11299,Train/mean_episode_length,1000.0,1781198536.2179174
11343,Train/mean_episode_length,1000.0,1781198845.4299495
11387,Train/mean_episode_length,1000.0,1781199154.2325354
11431,Train/mean_episode_length,1000.0,1781199462.9435556
11475,Train/mean_episode_length,1000.0,1781199768.905239
11519,Train/mean_episode_length,1000.0,1781200076.4136975
11563,Train/mean_episode_length,1000.0,1781200385.3868566
11607,Train/mean_episode_length,1000.0,1781200695.9451847
11651,Train/mean_episode_length,1000.0,1781201006.8205078
11695,Train/mean_episode_length,1000.0,1781201315.6569502
11739,Train/mean_episode_length,1000.0,1781201622.6712546
11783,Train/mean_episode_length,1000.0,1781201926.5118701
11827,Train/mean_episode_length,1000.0,1781202236.3648784
11871,Train/mean_episode_length,990.27001953125,1781202544.8518288
11915,Train/mean_episode_length,1000.0,1781202854.0528488
11959,Train/mean_episode_length,1000.0,1781203163.8945565
12003,Train/mean_episode_length,1000.0,1781203475.57091
12047,Train/mean_episode_length,1000.0,1781203786.4055843
12091,Train/mean_episode_length,1000.0,1781204094.5966406
12135,Train/mean_episode_length,1000.0,1781204401.6499615
12179,Train/mean_episode_length,1000.0,1781204709.5303624
12223,Train/mean_episode_length,1000.0,1781205019.8728664
12267,Train/mean_episode_length,1000.0,1781205330.6246178
12311,Train/mean_episode_length,1000.0,1781205641.4067788
12355,Train/mean_episode_length,1000.0,1781205952.5837426
12399,Train/mean_episode_length,1000.0,1781206261.2533092
12443,Train/mean_episode_length,1000.0,1781206570.4529414
12487,Train/mean_episode_length,1000.0,1781206879.0924695
12531,Train/mean_episode_length,995.75,1781207185.519015
12575,Train/mean_episode_length,993.3499755859375,1781207492.0023632
12619,Train/mean_episode_length,1000.0,1781207796.6876156
12663,Train/mean_episode_length,1000.0,1781208100.0090737
12707,Train/mean_episode_length,1000.0,1781208402.3476548
12751,Train/mean_episode_length,1000.0,1781208706.1659632
12795,Train/mean_episode_length,1000.0,1781209010.8833935
12839,Train/mean_episode_length,1000.0,1781209311.7468412
12883,Train/mean_episode_length,1000.0,1781209615.4645371
12927,Train/mean_episode_length,1000.0,1781209919.8605814
12971,Train/mean_episode_length,1000.0,1781210222.8789876
13015,Train/mean_episode_length,1000.0,1781210527.7081835
13059,Train/mean_episode_length,1000.0,1781210832.910607
13103,Train/mean_episode_length,1000.0,1781211138.3782547
13147,Train/mean_episode_length,1000.0,1781211442.2209446
13191,Train/mean_episode_length,1000.0,1781211747.230636
13235,Train/mean_episode_length,1000.0,1781212050.2480125
13279,Train/mean_episode_length,1000.0,1781212352.3071728
13323,Train/mean_episode_length,1000.0,1781212658.9998376
13367,Train/mean_episode_length,1000.0,1781212963.6069062
13411,Train/mean_episode_length,1000.0,1781213268.608918
13455,Train/mean_episode_length,1000.0,1781213571.4776123
13499,Train/mean_episode_length,1000.0,1781213874.893887
13543,Train/mean_episode_length,1000.0,1781214170.4577987
13587,Train/mean_episode_length,1000.0,1781214471.8488574
13631,Train/mean_episode_length,1000.0,1781214775.60192
13675,Train/mean_episode_length,1000.0,1781215081.7815073
13719,Train/mean_episode_length,1000.0,1781215386.581486
13763,Train/mean_episode_length,1000.0,1781215693.6855936
13807,Train/mean_episode_length,1000.0,1781215998.9727125
13851,Train/mean_episode_length,1000.0,1781216304.159237
13895,Train/mean_episode_length,1000.0,1781216609.7163525
13939,Train/mean_episode_length,1000.0,1781216915.450333
13983,Train/mean_episode_length,1000.0,1781217219.714046
14027,Train/mean_episode_length,1000.0,1781217524.4843454
14071,Train/mean_episode_length,1000.0,1781217829.6527722
14115,Train/mean_episode_length,1000.0,1781218136.0192628
14159,Train/mean_episode_length,1000.0,1781218440.7581139
14203,Train/mean_episode_length,1000.0,1781218745.1471035
14247,Train/mean_episode_length,1000.0,1781219046.8179188
14291,Train/mean_episode_length,1000.0,1781219350.9458506
14335,Train/mean_episode_length,1000.0,1781219656.3252342
14379,Train/mean_episode_length,1000.0,1781219959.7374055
14423,Train/mean_episode_length,1000.0,1781220264.7433946
14467,Train/mean_episode_length,1000.0,1781220570.7922199
14511,Train/mean_episode_length,1000.0,1781220874.2758908
14555,Train/mean_episode_length,1000.0,1781221179.3044999
14599,Train/mean_episode_length,1000.0,1781221485.6544857
14643,Train/mean_episode_length,1000.0,1781221791.8702903
14687,Train/mean_episode_length,1000.0,1781222097.6487048
14731,Train/mean_episode_length,1000.0,1781222401.1104362
14775,Train/mean_episode_length,1000.0,1781222705.6422606
14819,Train/mean_episode_length,1000.0,1781223011.891435
14863,Train/mean_episode_length,1000.0,1781223314.9363816
14907,Train/mean_episode_length,1000.0,1781223618.854209
14951,Train/mean_episode_length,1000.0,1781223920.7363384
14995,Train/mean_episode_length,1000.0,1781224225.522424
15039,Train/mean_episode_length,1000.0,1781224531.209435
15083,Train/mean_episode_length,1000.0,1781224833.418338
15127,Train/mean_episode_length,1000.0,1781225140.5896418
15171,Train/mean_episode_length,1000.0,1781225444.87676
15215,Train/mean_episode_length,1000.0,1781225750.1511328
15259,Train/mean_episode_length,1000.0,1781226054.0982301
15303,Train/mean_episode_length,1000.0,1781226358.7316186
15347,Train/mean_episode_length,1000.0,1781226663.6817722
15391,Train/mean_episode_length,1000.0,1781226968.3264425
15435,Train/mean_episode_length,1000.0,1781227269.4652646
15479,Train/mean_episode_length,1000.0,1781227573.128749
15523,Train/mean_episode_length,1000.0,1781227875.6848345
15567,Train/mean_episode_length,1000.0,1781228178.0345309
15611,Train/mean_episode_length,1000.0,1781228485.0240104
15655,Train/mean_episode_length,1000.0,1781228785.941702
15699,Train/mean_episode_length,1000.0,1781229090.776756
15743,Train/mean_episode_length,1000.0,1781229395.4599848
15787,Train/mean_episode_length,1000.0,1781229699.9976125
15831,Train/mean_episode_length,1000.0,1781230004.7872338
15875,Train/mean_episode_length,1000.0,1781230305.8492615
15919,Train/mean_episode_length,1000.0,1781230609.4854782
15963,Train/mean_episode_length,1000.0,1781230915.9759872
16007,Train/mean_episode_length,1000.0,1781231218.8250535
16051,Train/mean_episode_length,1000.0,1781231521.9176462
16095,Train/mean_episode_length,1000.0,1781231821.6932576
16139,Train/mean_episode_length,1000.0,1781232125.8942692
16183,Train/mean_episode_length,1000.0,1781232429.120601
16227,Train/mean_episode_length,1000.0,1781232733.8478599
16271,Train/mean_episode_length,1000.0,1781233039.975745
16315,Train/mean_episode_length,1000.0,1781233344.4082613
16359,Train/mean_episode_length,1000.0,1781233644.33301
16403,Train/mean_episode_length,1000.0,1781233947.6831708
16447,Train/mean_episode_length,1000.0,1781234251.4606924
16491,Train/mean_episode_length,1000.0,1781234557.6530068
16535,Train/mean_episode_length,1000.0,1781234863.6417165
16579,Train/mean_episode_length,1000.0,1781235130.5422533
16623,Train/mean_episode_length,1000.0,1781235384.2556815
16667,Train/mean_episode_length,1000.0,1781235648.3026953
16711,Train/mean_episode_length,1000.0,1781235917.9190311
16755,Train/mean_episode_length,1000.0,1781236167.5855787
16799,Train/mean_episode_length,1000.0,1781236415.5724685
16843,Train/mean_episode_length,1000.0,1781236664.4589567
16887,Train/mean_episode_length,1000.0,1781236912.706988
16931,Train/mean_episode_length,1000.0,1781237161.7228053
16975,Train/mean_episode_length,1000.0,1781237410.2189507
17019,Train/mean_episode_length,1000.0,1781237661.991146
17063,Train/mean_episode_length,1000.0,1781237912.5770724
17107,Train/mean_episode_length,1000.0,1781238162.774075
17151,Train/mean_episode_length,1000.0,1781238408.0836403
17195,Train/mean_episode_length,1000.0,1781238653.5534573
17239,Train/mean_episode_length,1000.0,1781238904.2142286
17283,Train/mean_episode_length,1000.0,1781239157.140839
17327,Train/mean_episode_length,1000.0,1781239405.1724658
17371,Train/mean_episode_length,1000.0,1781239654.679595
17415,Train/mean_episode_length,1000.0,1781239901.9026074
17459,Train/mean_episode_length,1000.0,1781240147.535675
17503,Train/mean_episode_length,1000.0,1781240397.169888
17547,Train/mean_episode_length,1000.0,1781240649.5555892
17591,Train/mean_episode_length,1000.0,1781240897.7160268
17635,Train/mean_episode_length,1000.0,1781241147.681858
17679,Train/mean_episode_length,1000.0,1781241400.0762243
17723,Train/mean_episode_length,1000.0,1781241652.1724572
17767,Train/mean_episode_length,1000.0,1781241902.9113436
17811,Train/mean_episode_length,1000.0,1781242152.9454744
17855,Train/mean_episode_length,1000.0,1781242405.3286083
17899,Train/mean_episode_length,1000.0,1781242657.3843584
17943,Train/mean_episode_length,1000.0,1781242908.7228076
17987,Train/mean_episode_length,1000.0,1781243152.7965784
18031,Train/mean_episode_length,1000.0,1781243403.7046225
18075,Train/mean_episode_length,1000.0,1781243654.2627895
18119,Train/mean_episode_length,1000.0,1781243929.4561443
18163,Train/mean_episode_length,1000.0,1781244237.1375105
18207,Train/mean_episode_length,1000.0,1781244540.1173105
18251,Train/mean_episode_length,1000.0,1781244848.30024
18295,Train/mean_episode_length,1000.0,1781245156.0038867
18339,Train/mean_episode_length,1000.0,1781245464.4664721
18383,Train/mean_episode_length,1000.0,1781245766.8246398
18427,Train/mean_episode_length,1000.0,1781246071.5428176
18471,Train/mean_episode_length,1000.0,1781246381.4818046
18515,Train/mean_episode_length,1000.0,1781246689.47745
18559,Train/mean_episode_length,1000.0,1781246998.7330086
18603,Train/mean_episode_length,1000.0,1781247307.416481
18647,Train/mean_episode_length,1000.0,1781247665.959464
18691,Train/mean_episode_length,1000.0,1781248002.707406
18735,Train/mean_episode_length,1000.0,1781248307.97859
18779,Train/mean_episode_length,1000.0,1781248614.6313605
18823,Train/mean_episode_length,1000.0,1781248918.134569
18867,Train/mean_episode_length,1000.0,1781249224.686554
18911,Train/mean_episode_length,1000.0,1781249529.2706387
18955,Train/mean_episode_length,1000.0,1781249833.2097385
18999,Train/mean_episode_length,1000.0,1781250134.6655872
19043,Train/mean_episode_length,1000.0,1781250438.749619
19087,Train/mean_episode_length,1000.0,1781250744.2098885
19131,Train/mean_episode_length,1000.0,1781251044.904985
19175,Train/mean_episode_length,1000.0,1781251352.2976072
19219,Train/mean_episode_length,1000.0,1781251658.4400125
19263,Train/mean_episode_length,1000.0,1781251964.4204738
19307,Train/mean_episode_length,1000.0,1781252269.6855013
19351,Train/mean_episode_length,1000.0,1781252575.2019753
19395,Train/mean_episode_length,1000.0,1781252877.4278612
19439,Train/mean_episode_length,1000.0,1781253180.4553633
19483,Train/mean_episode_length,1000.0,1781253485.2673924
19527,Train/mean_episode_length,1000.0,1781253789.9076602
19571,Train/mean_episode_length,1000.0,1781254093.3480077
19615,Train/mean_episode_length,1000.0,1781254396.4268053
19659,Train/mean_episode_length,1000.0,1781254701.3359447
19703,Train/mean_episode_length,1000.0,1781255008.113882
19747,Train/mean_episode_length,1000.0,1781255312.6823401
19791,Train/mean_episode_length,1000.0,1781255616.0476131
19835,Train/mean_episode_length,1000.0,1781255922.4518034
19879,Train/mean_episode_length,1000.0,1781256227.778568
19923,Train/mean_episode_length,1000.0,1781256533.1207852
19967,Train/mean_episode_length,1000.0,1781256838.1501563
20011,Train/mean_episode_length,1000.0,1781257141.9748821
20055,Train/mean_episode_length,1000.0,1781257442.5203838
20099,Train/mean_episode_length,1000.0,1781257746.353328
20143,Train/mean_episode_length,1000.0,1781258049.98065
20187,Train/mean_episode_length,1000.0,1781258352.977675
20231,Train/mean_episode_length,1000.0,1781258655.0489976
20275,Train/mean_episode_length,1000.0,1781258957.37412
20319,Train/mean_episode_length,1000.0,1781259256.8262966
20363,Train/mean_episode_length,1000.0,1781259558.528391
20407,Train/mean_episode_length,1000.0,1781259864.3185687
20451,Train/mean_episode_length,1000.0,1781260168.5708983
20495,Train/mean_episode_length,1000.0,1781260473.0234692
20539,Train/mean_episode_length,1000.0,1781260776.912644
20583,Train/mean_episode_length,1000.0,1781261081.3021042
20627,Train/mean_episode_length,1000.0,1781261384.063986
20671,Train/mean_episode_length,1000.0,1781261688.3565395
20715,Train/mean_episode_length,1000.0,1781261991.4461741
20759,Train/mean_episode_length,1000.0,1781262291.9307964
20803,Train/mean_episode_length,1000.0,1781262596.4974484
20847,Train/mean_episode_length,1000.0,1781262947.9636214
20891,Train/mean_episode_length,1000.0,1781263279.4963336
20935,Train/mean_episode_length,1000.0,1781263583.68394
20979,Train/mean_episode_length,1000.0,1781263887.9779341
21023,Train/mean_episode_length,1000.0,1781264193.4573908
21067,Train/mean_episode_length,1000.0,1781264485.4584422
21111,Train/mean_episode_length,1000.0,1781264745.7559853
21155,Train/mean_episode_length,1000.0,1781264991.2949853
21199,Train/mean_episode_length,1000.0,1781265237.265645
21243,Train/mean_episode_length,1000.0,1781265483.906312
21287,Train/mean_episode_length,1000.0,1781265728.4980316
21331,Train/mean_episode_length,1000.0,1781265977.002858
21375,Train/mean_episode_length,1000.0,1781266212.6451075
21419,Train/mean_episode_length,1000.0,1781266459.2990537
21463,Train/mean_episode_length,1000.0,1781266707.9066389
21507,Train/mean_episode_length,1000.0,1781266954.3576062
21551,Train/mean_episode_length,1000.0,1781267198.8513887
21595,Train/mean_episode_length,1000.0,1781267443.858482
21639,Train/mean_episode_length,1000.0,1781267688.6525784
21683,Train/mean_episode_length,1000.0,1781267939.079447
21727,Train/mean_episode_length,1000.0,1781268186.6879086
21771,Train/mean_episode_length,1000.0,1781268450.0072875
21815,Train/mean_episode_length,1000.0,1781268698.282019
21859,Train/mean_episode_length,1000.0,1781268948.6765318
21903,Train/mean_episode_length,1000.0,1781269198.9841917
21947,Train/mean_episode_length,1000.0,1781269451.389333
21991,Train/mean_episode_length,1000.0,1781269700.922815
22035,Train/mean_episode_length,1000.0,1781269951.054634
22079,Train/mean_episode_length,1000.0,1781270201.5563285
22123,Train/mean_episode_length,996.280029296875,1781270451.9659207
22167,Train/mean_episode_length,1000.0,1781270700.7757301
22211,Train/mean_episode_length,1000.0,1781270949.6752653
22255,Train/mean_episode_length,1000.0,1781271199.3951235
22299,Train/mean_episode_length,1000.0,1781271445.420261
22343,Train/mean_episode_length,1000.0,1781271696.2076168
22387,Train/mean_episode_length,1000.0,1781271938.9221416
22431,Train/mean_episode_length,1000.0,1781272174.3920643
22475,Train/mean_episode_length,1000.0,1781272417.8792965
22519,Train/mean_episode_length,1000.0,1781272671.4457686
22563,Train/mean_episode_length,1000.0,1781272921.4161136
22607,Train/mean_episode_length,1000.0,1781273167.7677627
22651,Train/mean_episode_length,1000.0,1781273416.7457979
22695,Train/mean_episode_length,1000.0,1781273673.2384574
22739,Train/mean_episode_length,1000.0,1781273929.989015
22783,Train/mean_episode_length,1000.0,1781274172.8353634
22827,Train/mean_episode_length,1000.0,1781274419.1813884
22871,Train/mean_episode_length,1000.0,1781274672.264138
22915,Train/mean_episode_length,1000.0,1781274923.8295617
22959,Train/mean_episode_length,1000.0,1781275170.1916738
23003,Train/mean_episode_length,1000.0,1781275418.794976
23047,Train/mean_episode_length,1000.0,1781275666.3812156
23091,Train/mean_episode_length,1000.0,1781275916.1481907
23135,Train/mean_episode_length,1000.0,1781276165.527518
23179,Train/mean_episode_length,1000.0,1781276417.263263
23223,Train/mean_episode_length,1000.0,1781276661.0251317
23267,Train/mean_episode_length,1000.0,1781276911.8338227
23311,Train/mean_episode_length,1000.0,1781277162.8307467
23355,Train/mean_episode_length,1000.0,1781277412.498299
23399,Train/mean_episode_length,1000.0,1781277653.6047368
23443,Train/mean_episode_length,1000.0,1781277901.9004524
23487,Train/mean_episode_length,1000.0,1781278152.4450598
23531,Train/mean_episode_length,1000.0,1781278403.210094
23575,Train/mean_episode_length,1000.0,1781278655.1094139
23619,Train/mean_episode_length,1000.0,1781278903.707233
23663,Train/mean_episode_length,1000.0,1781279155.0559464
23707,Train/mean_episode_length,1000.0,1781279407.1450038
23751,Train/mean_episode_length,1000.0,1781279655.1050887
23795,Train/mean_episode_length,1000.0,1781279902.0820973
23839,Train/mean_episode_length,1000.0,1781280150.7766273
23883,Train/mean_episode_length,1000.0,1781280399.677578
23927,Train/mean_episode_length,1000.0,1781280646.5981324
23971,Train/mean_episode_length,1000.0,1781280897.3984737
24015,Train/mean_episode_length,1000.0,1781281147.6197703
24059,Train/mean_episode_length,1000.0,1781281393.5197937
24103,Train/mean_episode_length,1000.0,1781281644.1530468
24147,Train/mean_episode_length,1000.0,1781281895.3623438
24191,Train/mean_episode_length,1000.0,1781282144.8788888
24235,Train/mean_episode_length,1000.0,1781282397.7470758
24279,Train/mean_episode_length,1000.0,1781282649.7037616
24323,Train/mean_episode_length,1000.0,1781282900.7943654
24367,Train/mean_episode_length,1000.0,1781283148.3712978
24411,Train/mean_episode_length,1000.0,1781283400.8674402
24455,Train/mean_episode_length,1000.0,1781283651.7726288
24499,Train/mean_episode_length,1000.0,1781283903.4845877
24543,Train/mean_episode_length,1000.0,1781284154.1614904
24587,Train/mean_episode_length,1000.0,1781284402.8810196
24631,Train/mean_episode_length,1000.0,1781284647.4502647
24675,Train/mean_episode_length,1000.0,1781284897.2465556
24719,Train/mean_episode_length,1000.0,1781285147.8492339
24763,Train/mean_episode_length,1000.0,1781285396.295367
24807,Train/mean_episode_length,1000.0,1781285646.5692348
24851,Train/mean_episode_length,1000.0,1781285895.2157598
24895,Train/mean_episode_length,1000.0,1781286138.7819068
24939,Train/mean_episode_length,1000.0,1781286388.1651433
24983,Train/mean_episode_length,1000.0,1781286636.927803
25027,Train/mean_episode_length,1000.0,1781286885.9537013
25071,Train/mean_episode_length,1000.0,1781287135.269455
25115,Train/mean_episode_length,1000.0,1781287380.6779227
25159,Train/mean_episode_length,1000.0,1781287626.9067945
25203,Train/mean_episode_length,1000.0,1781287865.1914804
25247,Train/mean_episode_length,1000.0,1781288113.4114232
25291,Train/mean_episode_length,1000.0,1781288363.8875966
25335,Train/mean_episode_length,1000.0,1781288609.9716516
25379,Train/mean_episode_length,1000.0,1781288849.457103
25423,Train/mean_episode_length,1000.0,1781289098.156689
25467,Train/mean_episode_length,1000.0,1781289347.300733
25511,Train/mean_episode_length,1000.0,1781289596.8454547
25555,Train/mean_episode_length,1000.0,1781289847.7918105
25599,Train/mean_episode_length,1000.0,1781290096.677188
25643,Train/mean_episode_length,1000.0,1781290346.8586664
25687,Train/mean_episode_length,1000.0,1781290594.5069945
25731,Train/mean_episode_length,1000.0,1781290837.564855
25775,Train/mean_episode_length,1000.0,1781291081.343714
25819,Train/mean_episode_length,1000.0,1781291326.2863662
25863,Train/mean_episode_length,1000.0,1781291571.6963363
25907,Train/mean_episode_length,1000.0,1781291810.3890905
25951,Train/mean_episode_length,1000.0,1781292059.5826595
25995,Train/mean_episode_length,1000.0,1781292306.4526608
26039,Train/mean_episode_length,1000.0,1781292550.7406044
26083,Train/mean_episode_length,1000.0,1781292800.8979585
26127,Train/mean_episode_length,1000.0,1781293046.2274194
26171,Train/mean_episode_length,1000.0,1781293293.5626092
26215,Train/mean_episode_length,1000.0,1781293540.2808807
26259,Train/mean_episode_length,1000.0,1781293783.0309985
26303,Train/mean_episode_length,1000.0,1781294030.164678
26347,Train/mean_episode_length,1000.0,1781294279.0394344
26391,Train/mean_episode_length,1000.0,1781294527.447001
26435,Train/mean_episode_length,1000.0,1781294777.2744226
26479,Train/mean_episode_length,1000.0,1781295022.333338
26523,Train/mean_episode_length,1000.0,1781295272.032552
26567,Train/mean_episode_length,1000.0,1781295516.5123904
26611,Train/mean_episode_length,1000.0,1781295761.0003657
26655,Train/mean_episode_length,1000.0,1781295994.0445268
26699,Train/mean_episode_length,1000.0,1781296237.02784
26743,Train/mean_episode_length,1000.0,1781296478.778962
26787,Train/mean_episode_length,1000.0,1781296723.493657
26831,Train/mean_episode_length,1000.0,1781296970.9965775
26875,Train/mean_episode_length,1000.0,1781297219.631087
26919,Train/mean_episode_length,1000.0,1781297466.0827875
26963,Train/mean_episode_length,1000.0,1781297714.6973672
27007,Train/mean_episode_length,1000.0,1781297961.7631094
27051,Train/mean_episode_length,1000.0,1781298209.9801214
27095,Train/mean_episode_length,1000.0,1781298458.972659
27139,Train/mean_episode_length,1000.0,1781298707.2030797
27183,Train/mean_episode_length,1000.0,1781298952.2181406
27227,Train/mean_episode_length,1000.0,1781299200.2057755
27271,Train/mean_episode_length,1000.0,1781299448.9700441
27315,Train/mean_episode_length,1000.0,1781299695.142941
27359,Train/mean_episode_length,1000.0,1781299942.0126455
27403,Train/mean_episode_length,1000.0,1781300184.5468946
27447,Train/mean_episode_length,1000.0,1781300431.9453182
27491,Train/mean_episode_length,1000.0,1781300680.0688376
27535,Train/mean_episode_length,1000.0,1781300928.1789138
27579,Train/mean_episode_length,1000.0,1781301174.2967951
27623,Train/mean_episode_length,1000.0,1781301421.3146353
27667,Train/mean_episode_length,1000.0,1781301668.9293697
27711,Train/mean_episode_length,1000.0,1781301916.55666
27755,Train/mean_episode_length,1000.0,1781302162.0043716
27799,Train/mean_episode_length,1000.0,1781302411.4296408
27843,Train/mean_episode_length,1000.0,1781302660.759385
27887,Train/mean_episode_length,1000.0,1781302910.3266935
27931,Train/mean_episode_length,1000.0,1781303158.7408826
27975,Train/mean_episode_length,1000.0,1781303407.01607
28019,Train/mean_episode_length,1000.0,1781303656.0158546
28063,Train/mean_episode_length,1000.0,1781303905.1267958
28107,Train/mean_episode_length,1000.0,1781304153.2725072
28151,Train/mean_episode_length,1000.0,1781304399.229781
28195,Train/mean_episode_length,1000.0,1781304646.8786974
28239,Train/mean_episode_length,1000.0,1781304881.582027
28283,Train/mean_episode_length,1000.0,1781305087.6112952
28327,Train/mean_episode_length,1000.0,1781305292.0079956
28371,Train/mean_episode_length,1000.0,1781305497.977519
28415,Train/mean_episode_length,1000.0,1781305705.2433772
28459,Train/mean_episode_length,1000.0,1781305912.3056636
28503,Train/mean_episode_length,1000.0,1781306118.9440508
28547,Train/mean_episode_length,1000.0,1781306325.16571
28591,Train/mean_episode_length,1000.0,1781306533.6221821
28635,Train/mean_episode_length,1000.0,1781306739.3082855
28679,Train/mean_episode_length,1000.0,1781306945.984018
28723,Train/mean_episode_length,1000.0,1781307153.3295043
28767,Train/mean_episode_length,1000.0,1781307360.8756979
28811,Train/mean_episode_length,1000.0,1781307567.4159176
28855,Train/mean_episode_length,1000.0,1781307773.8631938
28899,Train/mean_episode_length,1000.0,1781307978.9445512
28943,Train/mean_episode_length,1000.0,1781308185.2877195
28987,Train/mean_episode_length,1000.0,1781308390.3460474
29031,Train/mean_episode_length,994.280029296875,1781308596.588525
29075,Train/mean_episode_length,1000.0,1781308802.1637335
29119,Train/mean_episode_length,1000.0,1781309008.8606553
29163,Train/mean_episode_length,1000.0,1781309214.3313792
29207,Train/mean_episode_length,1000.0,1781309419.2322369
29251,Train/mean_episode_length,1000.0,1781309624.7397532
29295,Train/mean_episode_length,1000.0,1781309829.7912083
29339,Train/mean_episode_length,1000.0,1781310034.3959603
29383,Train/mean_episode_length,1000.0,1781310239.8668017
29427,Train/mean_episode_length,1000.0,1781310445.9439926
29471,Train/mean_episode_length,1000.0,1781310650.496659
29515,Train/mean_episode_length,1000.0,1781310855.098038
29559,Train/mean_episode_length,1000.0,1781311059.6007438
29603,Train/mean_episode_length,1000.0,1781311265.2469134
29647,Train/mean_episode_length,1000.0,1781311471.2757702
29691,Train/mean_episode_length,1000.0,1781311675.2800467
29735,Train/mean_episode_length,1000.0,1781311882.0355394
29779,Train/mean_episode_length,1000.0,1781312086.9487987
29823,Train/mean_episode_length,1000.0,1781312293.003892
29867,Train/mean_episode_length,1000.0,1781312498.3783312
29911,Train/mean_episode_length,1000.0,1781312704.1864474
29955,Train/mean_episode_length,1000.0,1781312909.5266058
29999,Train/mean_episode_length,1000.0,1781313113.9849012
30043,Train/mean_episode_length,1000.0,1781313318.3582752
30087,Train/mean_episode_length,1000.0,1781313524.175337
30131,Train/mean_episode_length,1000.0,1781313729.1684358
30175,Train/mean_episode_length,1000.0,1781313933.877127
30219,Train/mean_episode_length,1000.0,1781314138.6489327
30263,Train/mean_episode_length,1000.0,1781314343.7999866
30307,Train/mean_episode_length,1000.0,1781314548.1454158
30351,Train/mean_episode_length,1000.0,1781314754.181643
30395,Train/mean_episode_length,1000.0,1781314960.9843771
30439,Train/mean_episode_length,1000.0,1781315165.7406747
30483,Train/mean_episode_length,1000.0,1781315372.3003497
30527,Train/mean_episode_length,1000.0,1781315578.6597776
30571,Train/mean_episode_length,1000.0,1781315784.321197
30615,Train/mean_episode_length,1000.0,1781315989.9094453
30659,Train/mean_episode_length,1000.0,1781316195.4495385
30703,Train/mean_episode_length,1000.0,1781316403.000641
30747,Train/mean_episode_length,1000.0,1781316609.580741
30791,Train/mean_episode_length,1000.0,1781316815.5703135
30835,Train/mean_episode_length,1000.0,1781317021.9978967
30879,Train/mean_episode_length,1000.0,1781317229.0044045
30923,Train/mean_episode_length,1000.0,1781317435.9863956
30967,Train/mean_episode_length,1000.0,1781317641.9618661
31011,Train/mean_episode_length,1000.0,1781317847.2499301
31055,Train/mean_episode_length,1000.0,1781318054.4617186
31099,Train/mean_episode_length,1000.0,1781318260.6043344
31143,Train/mean_episode_length,1000.0,1781318467.4915273
31187,Train/mean_episode_length,1000.0,1781318673.8202162
31231,Train/mean_episode_length,1000.0,1781318879.5516272
31275,Train/mean_episode_length,1000.0,1781319084.8661783
31319,Train/mean_episode_length,1000.0,1781319290.873225
31363,Train/mean_episode_length,1000.0,1781319497.413755
31407,Train/mean_episode_length,1000.0,1781319703.1800227
31451,Train/mean_episode_length,1000.0,1781319908.3213696
31495,Train/mean_episode_length,1000.0,1781320114.1652784
31539,Train/mean_episode_length,1000.0,1781320321.0699692
31583,Train/mean_episode_length,1000.0,1781320526.7759094
31627,Train/mean_episode_length,1000.0,1781320733.9895332
31671,Train/mean_episode_length,1000.0,1781320940.4190776
31715,Train/mean_episode_length,1000.0,1781321147.1210952
31759,Train/mean_episode_length,1000.0,1781321354.209072
31803,Train/mean_episode_length,1000.0,1781321561.1310773
31847,Train/mean_episode_length,1000.0,1781321765.9309375
31891,Train/mean_episode_length,1000.0,1781321972.222628
31935,Train/mean_episode_length,1000.0,1781322178.282685
31979,Train/mean_episode_length,1000.0,1781322384.1846585
32023,Train/mean_episode_length,1000.0,1781322590.4818423
32067,Train/mean_episode_length,1000.0,1781322795.1970484
32111,Train/mean_episode_length,1000.0,1781323001.4756262
32155,Train/mean_episode_length,995.739990234375,1781323207.3141499
32199,Train/mean_episode_length,1000.0,1781323413.7655792
32243,Train/mean_episode_length,1000.0,1781323620.750675
32287,Train/mean_episode_length,1000.0,1781323826.2734993
32331,Train/mean_episode_length,1000.0,1781324032.9609694
32375,Train/mean_episode_length,1000.0,1781324238.640742
32419,Train/mean_episode_length,1000.0,1781324443.6023564
32463,Train/mean_episode_length,1000.0,1781324649.081376
32507,Train/mean_episode_length,1000.0,1781324856.7848334
32551,Train/mean_episode_length,1000.0,1781325061.692255
32595,Train/mean_episode_length,1000.0,1781325267.5229657
32639,Train/mean_episode_length,1000.0,1781325473.440628
32683,Train/mean_episode_length,1000.0,1781325678.4988935
32727,Train/mean_episode_length,1000.0,1781325885.1019168
32771,Train/mean_episode_length,1000.0,1781326090.8162
32815,Train/mean_episode_length,1000.0,1781326297.8396482
32859,Train/mean_episode_length,1000.0,1781326503.140668
32903,Train/mean_episode_length,1000.0,1781326707.1925855
32947,Train/mean_episode_length,1000.0,1781326913.067147
32991,Train/mean_episode_length,1000.0,1781327120.4268725
33035,Train/mean_episode_length,1000.0,1781327327.13472
33079,Train/mean_episode_length,1000.0,1781327542.9574382
33123,Train/mean_episode_length,1000.0,1781327752.8009164
33167,Train/mean_episode_length,1000.0,1781327959.8544679
33211,Train/mean_episode_length,1000.0,1781328166.3057868
33255,Train/mean_episode_length,1000.0,1781328372.4908733
33299,Train/mean_episode_length,1000.0,1781328578.2220564
33343,Train/mean_episode_length,1000.0,1781328783.7306597
33387,Train/mean_episode_length,1000.0,1781328988.638482
33431,Train/mean_episode_length,1000.0,1781329194.3868895
33475,Train/mean_episode_length,1000.0,1781329399.551217
33519,Train/mean_episode_length,1000.0,1781329604.8753495
33563,Train/mean_episode_length,1000.0,1781329808.5553334
33607,Train/mean_episode_length,1000.0,1781330012.7290113
33651,Train/mean_episode_length,1000.0,1781330218.4537585
33695,Train/mean_episode_length,1000.0,1781330424.083358
33739,Train/mean_episode_length,1000.0,1781330629.0377228
33783,Train/mean_episode_length,1000.0,1781330833.4806647
33827,Train/mean_episode_length,1000.0,1781331039.9199698
33871,Train/mean_episode_length,1000.0,1781331244.8864934
33915,Train/mean_episode_length,1000.0,1781331451.2971203
33959,Train/mean_episode_length,1000.0,1781331657.1848962
34003,Train/mean_episode_length,1000.0,1781331863.7281194
34047,Train/mean_episode_length,1000.0,1781332068.3965187
34091,Train/mean_episode_length,1000.0,1781332274.6603804
34135,Train/mean_episode_length,1000.0,1781332479.43456
34179,Train/mean_episode_length,1000.0,1781332685.2223911
34223,Train/mean_episode_length,1000.0,1781332890.4106686
34267,Train/mean_episode_length,1000.0,1781333096.09268
34311,Train/mean_episode_length,1000.0,1781333301.8417044
34355,Train/mean_episode_length,1000.0,1781333507.9138508
34399,Train/mean_episode_length,1000.0,1781333714.4380813
34443,Train/mean_episode_length,1000.0,1781333920.7897558
34487,Train/mean_episode_length,1000.0,1781334125.756522
34531,Train/mean_episode_length,1000.0,1781334330.2953682
34575,Train/mean_episode_length,993.9099731445312,1781334535.6872733
34619,Train/mean_episode_length,1000.0,1781334742.132906
34663,Train/mean_episode_length,1000.0,1781334946.0971823
34707,Train/mean_episode_length,1000.0,1781335151.375845
34751,Train/mean_episode_length,1000.0,1781335357.249772
34795,Train/mean_episode_length,1000.0,1781335563.1035252
34839,Train/mean_episode_length,1000.0,1781335769.7303638
34883,Train/mean_episode_length,1000.0,1781335975.7667441
34927,Train/mean_episode_length,1000.0,1781336182.4949987
34971,Train/mean_episode_length,1000.0,1781336388.845661
35015,Train/mean_episode_length,1000.0,1781336593.9803119
35059,Train/mean_episode_length,1000.0,1781336800.2848969
35103,Train/mean_episode_length,1000.0,1781337005.5756047
35147,Train/mean_episode_length,1000.0,1781337210.745536
35191,Train/mean_episode_length,1000.0,1781337415.229842
35235,Train/mean_episode_length,1000.0,1781337620.2571912
35279,Train/mean_episode_length,1000.0,1781337826.2593977
35323,Train/mean_episode_length,1000.0,1781338032.9369102
35367,Train/mean_episode_length,1000.0,1781338238.1272995
35411,Train/mean_episode_length,1000.0,1781338443.6502266
35455,Train/mean_episode_length,1000.0,1781338650.1176665
35499,Train/mean_episode_length,1000.0,1781338854.9808748
35543,Train/mean_episode_length,1000.0,1781339060.9073403
35587,Train/mean_episode_length,1000.0,1781339266.7060578
35631,Train/mean_episode_length,1000.0,1781339471.8337457
35675,Train/mean_episode_length,1000.0,1781339676.3670819
35719,Train/mean_episode_length,1000.0,1781339882.073126
35763,Train/mean_episode_length,1000.0,1781340087.3067944
35807,Train/mean_episode_length,1000.0,1781340293.2851567
35851,Train/mean_episode_length,1000.0,1781340499.3002462
35895,Train/mean_episode_length,1000.0,1781340705.411514
35939,Train/mean_episode_length,1000.0,1781340910.425288
35983,Train/mean_episode_length,1000.0,1781341117.4015274
36027,Train/mean_episode_length,1000.0,1781341323.364821
36071,Train/mean_episode_length,1000.0,1781341529.0631082
36115,Train/mean_episode_length,1000.0,1781341734.8613555
36159,Train/mean_episode_length,1000.0,1781341940.9319568
36203,Train/mean_episode_length,1000.0,1781342146.3829145
36247,Train/mean_episode_length,1000.0,1781342351.7490296
36291,Train/mean_episode_length,1000.0,1781342556.021214
36335,Train/mean_episode_length,1000.0,1781342760.6152477
36379,Train/mean_episode_length,1000.0,1781342966.6443644
36423,Train/mean_episode_length,1000.0,1781343172.2071793
36467,Train/mean_episode_length,1000.0,1781343377.9526615
36511,Train/mean_episode_length,1000.0,1781343585.6158938
36555,Train/mean_episode_length,1000.0,1781343791.9550192
36599,Train/mean_episode_length,1000.0,1781343999.0669763
36643,Train/mean_episode_length,1000.0,1781344205.7122695
36687,Train/mean_episode_length,1000.0,1781344411.0551567
36731,Train/mean_episode_length,1000.0,1781344616.1382105
36775,Train/mean_episode_length,1000.0,1781344819.6366158
36819,Train/mean_episode_length,1000.0,1781345024.820509
36863,Train/mean_episode_length,1000.0,1781345230.0806277
36907,Train/mean_episode_length,1000.0,1781345435.1444693
36951,Train/mean_episode_length,1000.0,1781345639.951827
36995,Train/mean_episode_length,1000.0,1781345845.0452034
37039,Train/mean_episode_length,1000.0,1781346050.7786825
37083,Train/mean_episode_length,1000.0,1781346257.9405744
37127,Train/mean_episode_length,1000.0,1781346464.8777876
37171,Train/mean_episode_length,1000.0,1781346671.3593547
37215,Train/mean_episode_length,1000.0,1781346876.8659964
37259,Train/mean_episode_length,1000.0,1781347084.1487622
37303,Train/mean_episode_length,1000.0,1781347289.3825846
37347,Train/mean_episode_length,1000.0,1781347494.425046
37391,Train/mean_episode_length,1000.0,1781347700.5747814
37435,Train/mean_episode_length,1000.0,1781347906.4110596
37479,Train/mean_episode_length,1000.0,1781348112.7463763
37523,Train/mean_episode_length,1000.0,1781348318.414902
37567,Train/mean_episode_length,1000.0,1781348524.00067
37611,Train/mean_episode_length,1000.0,1781348730.8030012
37655,Train/mean_episode_length,1000.0,1781348935.7358878
37699,Train/mean_episode_length,1000.0,1781349142.3063686
37743,Train/mean_episode_length,1000.0,1781349347.6849244
37787,Train/mean_episode_length,1000.0,1781349553.1889067
37831,Train/mean_episode_length,1000.0,1781349759.9521112
37875,Train/mean_episode_length,1000.0,1781349966.7101629
37919,Train/mean_episode_length,1000.0,1781350174.3720632
37963,Train/mean_episode_length,1000.0,1781350374.5045364
38007,Train/mean_episode_length,1000.0,1781350577.6366963
38051,Train/mean_episode_length,1000.0,1781350783.741004
38095,Train/mean_episode_length,1000.0,1781350987.269862
38139,Train/mean_episode_length,1000.0,1781351193.766027
38183,Train/mean_episode_length,1000.0,1781351399.8709185
38227,Train/mean_episode_length,1000.0,1781351607.0290873
38271,Train/mean_episode_length,1000.0,1781351814.408051
38315,Train/mean_episode_length,1000.0,1781352020.703393
38359,Train/mean_episode_length,1000.0,1781352226.5870922
38403,Train/mean_episode_length,1000.0,1781352433.8250875
38447,Train/mean_episode_length,1000.0,1781352641.0658267
38491,Train/mean_episode_length,1000.0,1781352846.152271
38535,Train/mean_episode_length,995.27001953125,1781353050.9045827
38579,Train/mean_episode_length,1000.0,1781353254.0690563
38623,Train/mean_episode_length,1000.0,1781353460.0049365
38667,Train/mean_episode_length,1000.0,1781353665.1346092
38711,Train/mean_episode_length,1000.0,1781353871.3934329
38755,Train/mean_episode_length,1000.0,1781354077.3666382
38799,Train/mean_episode_length,1000.0,1781354284.9247644
38843,Train/mean_episode_length,1000.0,1781354491.6844206
38887,Train/mean_episode_length,1000.0,1781354700.2317214
38931,Train/mean_episode_length,1000.0,1781354907.626799
38975,Train/mean_episode_length,1000.0,1781355113.8303728
39019,Train/mean_episode_length,1000.0,1781355320.6399853
39063,Train/mean_episode_length,1000.0,1781355529.0190077
39107,Train/mean_episode_length,1000.0,1781355735.3791652
39151,Train/mean_episode_length,1000.0,1781355941.394473
39195,Train/mean_episode_length,1000.0,1781356147.6601536
39239,Train/mean_episode_length,1000.0,1781356354.4603636
39283,Train/mean_episode_length,1000.0,1781356561.8921044
39327,Train/mean_episode_length,1000.0,1781356768.651873
39371,Train/mean_episode_length,1000.0,1781356975.3470135
39415,Train/mean_episode_length,1000.0,1781357181.5599709
39459,Train/mean_episode_length,1000.0,1781357387.577315
39503,Train/mean_episode_length,1000.0,1781357594.9285955
39547,Train/mean_episode_length,1000.0,1781357801.7662287
39591,Train/mean_episode_length,1000.0,1781358008.2866442
39635,Train/mean_episode_length,1000.0,1781358214.7879345
39679,Train/mean_episode_length,1000.0,1781358421.9627945
39723,Train/mean_episode_length,1000.0,1781358627.8015072
39767,Train/mean_episode_length,1000.0,1781358833.1353278
39811,Train/mean_episode_length,1000.0,1781359026.971324
39855,Train/mean_episode_length,1000.0,1781359233.2471209
39899,Train/mean_episode_length,1000.0,1781359440.565001
39943,Train/mean_episode_length,1000.0,1781359648.102344
39987,Train/mean_episode_length,1000.0,1781359856.3988616
40031,Train/mean_episode_length,1000.0,1781360060.1433408
40075,Train/mean_episode_length,1000.0,1781360263.295021
40119,Train/mean_episode_length,1000.0,1781360470.6548018
40163,Train/mean_episode_length,1000.0,1781360677.164888
40207,Train/mean_episode_length,1000.0,1781360884.2427475
40251,Train/mean_episode_length,1000.0,1781361091.417109
40295,Train/mean_episode_length,1000.0,1781361298.1238272
40339,Train/mean_episode_length,1000.0,1781361505.5899851
40383,Train/mean_episode_length,1000.0,1781361712.5037584
40427,Train/mean_episode_length,1000.0,1781361919.5511744
40471,Train/mean_episode_length,1000.0,1781362126.4555311
40515,Train/mean_episode_length,1000.0,1781362333.4063199
40559,Train/mean_episode_length,1000.0,1781362539.7821507
40603,Train/mean_episode_length,1000.0,1781362745.501526
40647,Train/mean_episode_length,1000.0,1781362951.9627893
40691,Train/mean_episode_length,1000.0,1781363157.8606682
40735,Train/mean_episode_length,1000.0,1781363363.6325307
40779,Train/mean_episode_length,1000.0,1781363569.3102467
40823,Train/mean_episode_length,1000.0,1781363774.55
40867,Train/mean_episode_length,1000.0,1781363981.3772798
40911,Train/mean_episode_length,1000.0,1781364187.7052197
40955,Train/mean_episode_length,1000.0,1781364394.314139
40999,Train/mean_episode_length,1000.0,1781364601.3784428
41043,Train/mean_episode_length,1000.0,1781364807.2064312
41087,Train/mean_episode_length,1000.0,1781365014.0646524
41131,Train/mean_episode_length,1000.0,1781365219.8982263
41175,Train/mean_episode_length,1000.0,1781365428.1199563
41219,Train/mean_episode_length,1000.0,1781365634.9671159
41263,Train/mean_episode_length,1000.0,1781365841.2367187
41307,Train/mean_episode_length,1000.0,1781366049.3957958
41351,Train/mean_episode_length,1000.0,1781366256.835606
41395,Train/mean_episode_length,1000.0,1781366462.7574492
41439,Train/mean_episode_length,1000.0,1781366668.5859134
41483,Train/mean_episode_length,1000.0,1781366875.5158885
41527,Train/mean_episode_length,1000.0,1781367081.1564093
41571,Train/mean_episode_length,1000.0,1781367287.7332077
41615,Train/mean_episode_length,1000.0,1781367495.648382
41659,Train/mean_episode_length,1000.0,1781367702.750335
41703,Train/mean_episode_length,1000.0,1781367910.7856
41747,Train/mean_episode_length,1000.0,1781368118.2490108
41791,Train/mean_episode_length,1000.0,1781368325.0836158
41835,Train/mean_episode_length,1000.0,1781368531.4931228
41879,Train/mean_episode_length,1000.0,1781368738.9882174
41923,Train/mean_episode_length,1000.0,1781368945.8400645
41967,Train/mean_episode_length,1000.0,1781369152.9874847
42011,Train/mean_episode_length,1000.0,1781369360.9767663
42055,Train/mean_episode_length,1000.0,1781369568.8029785
42099,Train/mean_episode_length,1000.0,1781369776.3649642
42143,Train/mean_episode_length,1000.0,1781369983.1669278
42187,Train/mean_episode_length,1000.0,1781370189.1249452
42231,Train/mean_episode_length,1000.0,1781370392.281169
42275,Train/mean_episode_length,1000.0,1781370599.6488574
42319,Train/mean_episode_length,1000.0,1781370805.9201357
42363,Train/mean_episode_length,1000.0,1781371013.5211065
42407,Train/mean_episode_length,1000.0,1781371220.0821521
42451,Train/mean_episode_length,1000.0,1781371425.8843424
42495,Train/mean_episode_length,1000.0,1781371632.260228
42539,Train/mean_episode_length,997.739990234375,1781371837.6621013
42583,Train/mean_episode_length,1000.0,1781372043.674789
42627,Train/mean_episode_length,1000.0,1781372251.2299201
42671,Train/mean_episode_length,1000.0,1781372456.522438
42715,Train/mean_episode_length,1000.0,1781372663.3951802
42759,Train/mean_episode_length,1000.0,1781372870.8954558
42803,Train/mean_episode_length,1000.0,1781373078.4138424
42847,Train/mean_episode_length,1000.0,1781373284.3194864
42891,Train/mean_episode_length,1000.0,1781373488.1997888
42935,Train/mean_episode_length,1000.0,1781373693.7640488
42979,Train/mean_episode_length,1000.0,1781373899.870417
43023,Train/mean_episode_length,1000.0,1781374105.9351447
43067,Train/mean_episode_length,1000.0,1781374311.5710514
43111,Train/mean_episode_length,1000.0,1781374518.4259658
43155,Train/mean_episode_length,1000.0,1781374723.9094079
43199,Train/mean_episode_length,1000.0,1781374930.1997647
43243,Train/mean_episode_length,1000.0,1781375135.467839
43287,Train/mean_episode_length,1000.0,1781375341.6478875
43331,Train/mean_episode_length,1000.0,1781375546.4431226
43375,Train/mean_episode_length,1000.0,1781375752.3837988
43419,Train/mean_episode_length,1000.0,1781375958.6532426
43463,Train/mean_episode_length,1000.0,1781376164.4638286
43507,Train/mean_episode_length,1000.0,1781376371.0695713
43551,Train/mean_episode_length,1000.0,1781376577.4898922
43595,Train/mean_episode_length,1000.0,1781376785.520007
43639,Train/mean_episode_length,1000.0,1781376992.758914
43683,Train/mean_episode_length,1000.0,1781377199.2156472
43727,Train/mean_episode_length,1000.0,1781377405.885601
43771,Train/mean_episode_length,1000.0,1781377613.4662437
43815,Train/mean_episode_length,1000.0,1781377820.8280344
43859,Train/mean_episode_length,1000.0,1781378027.2743542
43903,Train/mean_episode_length,1000.0,1781378233.5511441
43947,Train/mean_episode_length,1000.0,1781378439.9436097
43991,Train/mean_episode_length,1000.0,1781378644.6370764
44035,Train/mean_episode_length,1000.0,1781378851.9525778
44079,Train/mean_episode_length,1000.0,1781379058.9321513
44123,Train/mean_episode_length,1000.0,1781379265.694636
44167,Train/mean_episode_length,1000.0,1781379472.0540216
44211,Train/mean_episode_length,1000.0,1781379678.2801266
44255,Train/mean_episode_length,1000.0,1781379884.6907463
44299,Train/mean_episode_length,1000.0,1781380092.3603666
44343,Train/mean_episode_length,1000.0,1781380299.6095812
44387,Train/mean_episode_length,1000.0,1781380505.8013673
44431,Train/mean_episode_length,1000.0,1781380711.7795649
44475,Train/mean_episode_length,1000.0,1781380913.962867
44519,Train/mean_episode_length,1000.0,1781381122.3998322
44563,Train/mean_episode_length,1000.0,1781381329.9377296
44607,Train/mean_episode_length,1000.0,1781381537.180841
44651,Train/mean_episode_length,1000.0,1781381743.515944
44695,Train/mean_episode_length,1000.0,1781381949.084574
44739,Train/mean_episode_length,1000.0,1781382155.127182
44783,Train/mean_episode_length,1000.0,1781382360.8100154
44827,Train/mean_episode_length,1000.0,1781382568.0882096
44871,Train/mean_episode_length,1000.0,1781382774.5757763
44915,Train/mean_episode_length,1000.0,1781382981.4355152
44959,Train/mean_episode_length,1000.0,1781383188.8024528
45003,Train/mean_episode_length,1000.0,1781383394.9806411
45047,Train/mean_episode_length,1000.0,1781383601.7393394
45091,Train/mean_episode_length,1000.0,1781383808.689479
45135,Train/mean_episode_length,1000.0,1781384015.34711
45179,Train/mean_episode_length,1000.0,1781384221.5236392
45223,Train/mean_episode_length,1000.0,1781384429.3069873
45267,Train/mean_episode_length,1000.0,1781384635.4951456
45311,Train/mean_episode_length,1000.0,1781384841.730822
45355,Train/mean_episode_length,1000.0,1781385048.6310287
45399,Train/mean_episode_length,1000.0,1781385255.2825453
45443,Train/mean_episode_length,1000.0,1781385462.4736547
45487,Train/mean_episode_length,1000.0,1781385668.1294591
45531,Train/mean_episode_length,1000.0,1781385873.9966784
45575,Train/mean_episode_length,1000.0,1781386080.3794973
45619,Train/mean_episode_length,1000.0,1781386287.0843968
45663,Train/mean_episode_length,1000.0,1781386494.3988478
45707,Train/mean_episode_length,1000.0,1781386700.5721867
45751,Train/mean_episode_length,1000.0,1781386907.4224174
45795,Train/mean_episode_length,1000.0,1781387113.7888765
45839,Train/mean_episode_length,1000.0,1781387319.9390154
45883,Train/mean_episode_length,1000.0,1781387527.1010122
45927,Train/mean_episode_length,1000.0,1781387733.7364194
45971,Train/mean_episode_length,1000.0,1781387939.792325
46015,Train/mean_episode_length,1000.0,1781388146.1823335
46059,Train/mean_episode_length,1000.0,1781388352.935046
46103,Train/mean_episode_length,1000.0,1781388558.3030014
46147,Train/mean_episode_length,1000.0,1781388764.6873302
46191,Train/mean_episode_length,1000.0,1781388971.8486702
46235,Train/mean_episode_length,1000.0,1781389177.7305534
46279,Train/mean_episode_length,1000.0,1781389383.9151442
46323,Train/mean_episode_length,1000.0,1781389588.1856782
46367,Train/mean_episode_length,1000.0,1781389794.141455
46411,Train/mean_episode_length,1000.0,1781390000.757875
46455,Train/mean_episode_length,1000.0,1781390206.8485048
46499,Train/mean_episode_length,1000.0,1781390414.409067
46543,Train/mean_episode_length,1000.0,1781390621.283748
46587,Train/mean_episode_length,1000.0,1781390827.7204704
46631,Train/mean_episode_length,1000.0,1781391034.516251
46675,Train/mean_episode_length,1000.0,1781391240.5474856
46719,Train/mean_episode_length,1000.0,1781391446.9520893
46763,Train/mean_episode_length,1000.0,1781391652.4423163
46807,Train/mean_episode_length,1000.0,1781391858.5630574
46851,Train/mean_episode_length,1000.0,1781392062.810448
46895,Train/mean_episode_length,1000.0,1781392269.2156785
46939,Train/mean_episode_length,1000.0,1781392475.5025387
46983,Train/mean_episode_length,1000.0,1781392682.26337
47027,Train/mean_episode_length,1000.0,1781392889.366001
47071,Train/mean_episode_length,1000.0,1781393094.3131604
47115,Train/mean_episode_length,1000.0,1781393300.0584211
47159,Train/mean_episode_length,1000.0,1781393506.0739458
47203,Train/mean_episode_length,1000.0,1781393711.926429
47247,Train/mean_episode_length,1000.0,1781393917.097973
47291,Train/mean_episode_length,1000.0,1781394123.3443837
47335,Train/mean_episode_length,1000.0,1781394330.0384839
47379,Train/mean_episode_length,1000.0,1781394537.317255
47423,Train/mean_episode_length,1000.0,1781394744.2413611
47467,Train/mean_episode_length,1000.0,1781394950.767402
47511,Train/mean_episode_length,1000.0,1781395157.9316087
47555,Train/mean_episode_length,1000.0,1781395364.8922622
47599,Train/mean_episode_length,1000.0,1781395572.0653162
47643,Train/mean_episode_length,1000.0,1781395778.853693
47687,Train/mean_episode_length,1000.0,1781395984.488203
47731,Train/mean_episode_length,1000.0,1781396191.0231888
47775,Train/mean_episode_length,1000.0,1781396397.4671524
47819,Train/mean_episode_length,1000.0,1781396603.988529
47863,Train/mean_episode_length,1000.0,1781396810.0099158
47907,Train/mean_episode_length,1000.0,1781397017.5542817
47951,Train/mean_episode_length,1000.0,1781397224.8552432
47995,Train/mean_episode_length,1000.0,1781397431.4942374
48039,Train/mean_episode_length,1000.0,1781397637.409157
48083,Train/mean_episode_length,1000.0,1781397843.8738232
48127,Train/mean_episode_length,1000.0,1781398049.972624
48171,Train/mean_episode_length,1000.0,1781398256.2443347
48215,Train/mean_episode_length,1000.0,1781398462.7473865
48259,Train/mean_episode_length,1000.0,1781398667.9975178
48303,Train/mean_episode_length,1000.0,1781398873.2645807
48347,Train/mean_episode_length,1000.0,1781399079.1020653
48391,Train/mean_episode_length,1000.0,1781399284.916908
48435,Train/mean_episode_length,1000.0,1781399492.215112
48479,Train/mean_episode_length,1000.0,1781399698.641741
48523,Train/mean_episode_length,1000.0,1781399905.307371
48567,Train/mean_episode_length,1000.0,1781400110.825507
48611,Train/mean_episode_length,1000.0,1781400317.4496734
48655,Train/mean_episode_length,1000.0,1781400524.010702
48699,Train/mean_episode_length,994.3400268554688,1781400723.5948186
48743,Train/mean_episode_length,1000.0,1781400926.5250854
48787,Train/mean_episode_length,1000.0,1781401132.5576615
48831,Train/mean_episode_length,994.2999877929688,1781401339.3644774
48875,Train/mean_episode_length,1000.0,1781401546.5487971
48919,Train/mean_episode_length,1000.0,1781401752.5267992
48963,Train/mean_episode_length,1000.0,1781401958.2105973
49007,Train/mean_episode_length,1000.0,1781402162.9095726
49051,Train/mean_episode_length,1000.0,1781402368.7591448
49095,Train/mean_episode_length,1000.0,1781402574.7056525
49139,Train/mean_episode_length,1000.0,1781402780.4103222
49183,Train/mean_episode_length,1000.0,1781402986.552594
49227,Train/mean_episode_length,1000.0,1781403192.8811817
49271,Train/mean_episode_length,1000.0,1781403399.5003395
49315,Train/mean_episode_length,1000.0,1781403605.6804323
49359,Train/mean_episode_length,1000.0,1781403811.7252433
49403,Train/mean_episode_length,1000.0,1781404017.27172
49447,Train/mean_episode_length,1000.0,1781404223.9087188
49491,Train/mean_episode_length,1000.0,1781404429.3901308
49535,Train/mean_episode_length,1000.0,1781404634.2154012
49579,Train/mean_episode_length,1000.0,1781404840.4908364
49623,Train/mean_episode_length,1000.0,1781405046.680493
49667,Train/mean_episode_length,1000.0,1781405251.4149837
49711,Train/mean_episode_length,1000.0,1781405458.5268955
49755,Train/mean_episode_length,1000.0,1781405664.244503
49799,Train/mean_episode_length,1000.0,1781405870.5949628
49843,Train/mean_episode_length,1000.0,1781406076.1256647
49887,Train/mean_episode_length,1000.0,1781406283.0303333
49931,Train/mean_episode_length,1000.0,1781406488.8022897
49975,Train/mean_episode_length,1000.0,1781406693.832182
50019,Train/mean_episode_length,1000.0,1781406900.0679417
50063,Train/mean_episode_length,1000.0,1781407104.9153078
50107,Train/mean_episode_length,1000.0,1781407311.1316285
50151,Train/mean_episode_length,1000.0,1781407516.287017
50195,Train/mean_episode_length,1000.0,1781407721.0310094
50239,Train/mean_episode_length,1000.0,1781407926.8024015
50283,Train/mean_episode_length,1000.0,1781408132.979597
50327,Train/mean_episode_length,1000.0,1781408338.8647635
50371,Train/mean_episode_length,995.8900146484375,1781408544.5960336
50415,Train/mean_episode_length,1000.0,1781408750.2141185
50459,Train/mean_episode_length,1000.0,1781408956.8959794
50503,Train/mean_episode_length,999.3599853515625,1781409163.269126
50547,Train/mean_episode_length,1000.0,1781409370.7000809
50591,Train/mean_episode_length,1000.0,1781409577.941129
50635,Train/mean_episode_length,1000.0,1781409784.1855192
50679,Train/mean_episode_length,1000.0,1781409998.0189648
50723,Train/mean_episode_length,1000.0,1781410262.3350828
50767,Train/mean_episode_length,1000.0,1781410516.7031364
50811,Train/mean_episode_length,1000.0,1781410785.1787672
50855,Train/mean_episode_length,1000.0,1781411016.075055
50899,Train/mean_episode_length,1000.0,1781411250.067726
50943,Train/mean_episode_length,1000.0,1781411457.1982477
50987,Train/mean_episode_length,1000.0,1781411657.4589171
51031,Train/mean_episode_length,1000.0,1781411864.122938
51075,Train/mean_episode_length,1000.0,1781412063.8862977
51119,Train/mean_episode_length,1000.0,1781412265.8042276
51163,Train/mean_episode_length,1000.0,1781412472.9309952
51207,Train/mean_episode_length,1000.0,1781412679.6734135
51236,Train/mean_episode_length,1000.0,1781412836.0419738
7999,Policy/mean_noise_std,0.05985765904188156,1781175596.7799582
8043,Policy/mean_noise_std,0.067625030875206,1781175849.7795115
8087,Policy/mean_noise_std,0.07900939881801605,1781176146.0900748
8131,Policy/mean_noise_std,0.09084304422140121,1781176457.616163
8175,Policy/mean_noise_std,0.10206617414951324,1781176762.3415623
8219,Policy/mean_noise_std,0.11460843682289124,1781177061.7822642
8263,Policy/mean_noise_std,0.12061116844415665,1781177369.668033
8307,Policy/mean_noise_std,0.12416684627532959,1781177682.575046
8351,Policy/mean_noise_std,0.13062915205955505,1781177988.529856
8395,Policy/mean_noise_std,0.13179455697536469,1781178298.672889
8439,Policy/mean_noise_std,0.12796024978160858,1781178603.0468812
8483,Policy/mean_noise_std,0.12788958847522736,1781178906.1638408
8527,Policy/mean_noise_std,0.12538732588291168,1781179210.7438774
8571,Policy/mean_noise_std,0.12277600914239883,1781179511.0674062
8615,Policy/mean_noise_std,0.11847752332687378,1781179814.2756958
8659,Policy/mean_noise_std,0.11318375915288925,1781180115.7622843
8703,Policy/mean_noise_std,0.1081337109208107,1781180423.8921592
8747,Policy/mean_noise_std,0.10398564487695694,1781180721.1115289
8791,Policy/mean_noise_std,0.10059119760990143,1781181025.7347212
8835,Policy/mean_noise_std,0.09702262282371521,1781181334.6854455
8879,Policy/mean_noise_std,0.09374232590198517,1781181639.7506328
8923,Policy/mean_noise_std,0.09079824388027191,1781181942.7859282
8967,Policy/mean_noise_std,0.08830202370882034,1781182252.7989922
9011,Policy/mean_noise_std,0.08588298410177231,1781182559.0478346
9055,Policy/mean_noise_std,0.08343937993049622,1781182868.7877364
9099,Policy/mean_noise_std,0.08191948384046555,1781183175.740682
9143,Policy/mean_noise_std,0.08001060783863068,1781183485.3126957
9187,Policy/mean_noise_std,0.07843367010354996,1781183797.336977
9231,Policy/mean_noise_std,0.0771600753068924,1781184105.1394103
9275,Policy/mean_noise_std,0.07637570798397064,1781184412.5667055
9319,Policy/mean_noise_std,0.07643849402666092,1781184719.097831
9363,Policy/mean_noise_std,0.07598789781332016,1781185028.270975
9407,Policy/mean_noise_std,0.07625910639762878,1781185332.2417789
9451,Policy/mean_noise_std,0.07655813544988632,1781185640.187819
9495,Policy/mean_noise_std,0.07561776787042618,1781185944.5171158
9539,Policy/mean_noise_std,0.07520940154790878,1781186252.5857263
9583,Policy/mean_noise_std,0.07412787526845932,1781186560.2661412
9627,Policy/mean_noise_std,0.0740680992603302,1781186867.4157312
9671,Policy/mean_noise_std,0.07339215278625488,1781187176.7043712
9715,Policy/mean_noise_std,0.07272164523601532,1781187485.0845804
9759,Policy/mean_noise_std,0.07206034660339355,1781187792.91486
9803,Policy/mean_noise_std,0.07167460769414902,1781188100.4741168
9847,Policy/mean_noise_std,0.07249623537063599,1781188409.541284
9891,Policy/mean_noise_std,0.07195469737052917,1781188718.3179069
9935,Policy/mean_noise_std,0.07215915620326996,1781189025.0607975
9979,Policy/mean_noise_std,0.07194379717111588,1781189331.7431238
10023,Policy/mean_noise_std,0.07260050624608994,1781189640.313756
10067,Policy/mean_noise_std,0.07236327975988388,1781189948.9409847
10111,Policy/mean_noise_std,0.07227034866809845,1781190253.9120023
10155,Policy/mean_noise_std,0.0737447515130043,1781190559.8292933
10199,Policy/mean_noise_std,0.07335955649614334,1781190869.3544626
10243,Policy/mean_noise_std,0.07509580999612808,1781191176.4435894
10287,Policy/mean_noise_std,0.07389798760414124,1781191481.9154391
10331,Policy/mean_noise_std,0.0731620043516159,1781191791.5158844
10375,Policy/mean_noise_std,0.07289958745241165,1781192099.5908504
10419,Policy/mean_noise_std,0.07199560105800629,1781192407.124112
10463,Policy/mean_noise_std,0.0713147521018982,1781192714.591609
10507,Policy/mean_noise_std,0.07261159271001816,1781193023.3740945
10551,Policy/mean_noise_std,0.07174555957317352,1781193329.3359315
10595,Policy/mean_noise_std,0.07086163014173508,1781193636.7633672
10639,Policy/mean_noise_std,0.07160446792840958,1781193943.5112374
10683,Policy/mean_noise_std,0.07255818694829941,1781194250.010643
10727,Policy/mean_noise_std,0.07421009987592697,1781194555.8765857
10771,Policy/mean_noise_std,0.07429572194814682,1781194864.2979198
10815,Policy/mean_noise_std,0.07557815313339233,1781195164.9531658
10859,Policy/mean_noise_std,0.07434535026550293,1781195473.3088717
10903,Policy/mean_noise_std,0.0737941786646843,1781195780.6953282
10947,Policy/mean_noise_std,0.07214277982711792,1781196088.9712799
10991,Policy/mean_noise_std,0.07073786854743958,1781196396.0922072
11035,Policy/mean_noise_std,0.0713903158903122,1781196701.598929
11079,Policy/mean_noise_std,0.07181859761476517,1781197006.8155122
11123,Policy/mean_noise_std,0.07047630101442337,1781197313.4802423
11167,Policy/mean_noise_std,0.06926675885915756,1781197619.209296
11211,Policy/mean_noise_std,0.07182110100984573,1781197925.6637506
11255,Policy/mean_noise_std,0.07106125354766846,1781198232.8629942
11299,Policy/mean_noise_std,0.07184089720249176,1781198536.2176461
11343,Policy/mean_noise_std,0.07052479684352875,1781198845.4297135
11387,Policy/mean_noise_std,0.06971073895692825,1781199154.232265
11431,Policy/mean_noise_std,0.07030001282691956,1781199462.9432898
11475,Policy/mean_noise_std,0.06919623911380768,1781199768.904994
11519,Policy/mean_noise_std,0.06950753927230835,1781200076.4128606
11563,Policy/mean_noise_std,0.0705866888165474,1781200385.3865895
11607,Policy/mean_noise_std,0.07153758406639099,1781200695.9449384
11651,Policy/mean_noise_std,0.07186795771121979,1781201006.8202434
11695,Policy/mean_noise_std,0.07232344895601273,1781201315.6567616
11739,Policy/mean_noise_std,0.0743183046579361,1781201622.6709723
11783,Policy/mean_noise_std,0.07696860283613205,1781201926.5116394
11827,Policy/mean_noise_std,0.07786095142364502,1781202236.3645997
11871,Policy/mean_noise_std,0.08510857820510864,1781202544.8515635
11915,Policy/mean_noise_std,0.0884609967470169,1781202854.0526118
11959,Policy/mean_noise_std,0.0939212441444397,1781203163.8941832
12003,Policy/mean_noise_std,0.09864413738250732,1781203475.5706692
12047,Policy/mean_noise_std,0.10615495592355728,1781203786.405321
12091,Policy/mean_noise_std,0.11258644610643387,1781204094.596429
12135,Policy/mean_noise_std,0.11976489424705505,1781204401.6497486
12179,Policy/mean_noise_std,0.12568305432796478,1781204709.5300708
12223,Policy/mean_noise_std,0.13310787081718445,1781205019.8726034
12267,Policy/mean_noise_std,0.14027269184589386,1781205330.624361
12311,Policy/mean_noise_std,0.1459086686372757,1781205641.4065232
12355,Policy/mean_noise_std,0.15259972214698792,1781205952.5834777
12399,Policy/mean_noise_std,0.1609295904636383,1781206261.253032
12443,Policy/mean_noise_std,0.16745847463607788,1781206570.4527185
12487,Policy/mean_noise_std,0.1693263202905655,1781206879.0921707
12531,Policy/mean_noise_std,0.16581732034683228,1781207185.518749
12575,Policy/mean_noise_std,0.16598811745643616,1781207492.002112
12619,Policy/mean_noise_std,0.1632770150899887,1781207796.6872842
12663,Policy/mean_noise_std,0.1575479358434677,1781208100.0087376
12707,Policy/mean_noise_std,0.1527474969625473,1781208402.3474379
12751,Policy/mean_noise_std,0.14565150439739227,1781208706.165736
12795,Policy/mean_noise_std,0.13892681896686554,1781209010.8830705
12839,Policy/mean_noise_std,0.133823961019516,1781209311.746626
12883,Policy/mean_noise_std,0.12951067090034485,1781209615.4642992
12927,Policy/mean_noise_std,0.12407451868057251,1781209919.860354
12971,Policy/mean_noise_std,0.11948741972446442,1781210222.878708
13015,Policy/mean_noise_std,0.1151914894580841,1781210527.7078798
13059,Policy/mean_noise_std,0.1115184873342514,1781210832.910357
13103,Policy/mean_noise_std,0.1088600605726242,1781211138.3779984
13147,Policy/mean_noise_std,0.10577723383903503,1781211442.220718
13191,Policy/mean_noise_std,0.1031963974237442,1781211747.2304192
13235,Policy/mean_noise_std,0.10022123903036118,1781212050.2477865
13279,Policy/mean_noise_std,0.09715583175420761,1781212352.3068316
13323,Policy/mean_noise_std,0.09438817948102951,1781212658.9996276
13367,Policy/mean_noise_std,0.09286683052778244,1781212963.6066227
13411,Policy/mean_noise_std,0.09060553461313248,1781213268.608639
13455,Policy/mean_noise_std,0.08878283947706223,1781213571.4773934
13499,Policy/mean_noise_std,0.08686178177595139,1781213874.8936114
13543,Policy/mean_noise_std,0.08678038418292999,1781214170.4575682
13587,Policy/mean_noise_std,0.08507605642080307,1781214471.848635
13631,Policy/mean_noise_std,0.08503025770187378,1781214775.6016974
13675,Policy/mean_noise_std,0.08377399295568466,1781215081.7812057
13719,Policy/mean_noise_std,0.08287516236305237,1781215386.581254
13763,Policy/mean_noise_std,0.0825607106089592,1781215693.6852834
13807,Policy/mean_noise_std,0.08145558089017868,1781215998.9724512
13851,Policy/mean_noise_std,0.0807555615901947,1781216304.1589735
13895,Policy/mean_noise_std,0.08020073175430298,1781216609.716068
13939,Policy/mean_noise_std,0.07910516858100891,1781216915.4501011
13983,Policy/mean_noise_std,0.07770182937383652,1781217219.713756
14027,Policy/mean_noise_std,0.07670169323682785,1781217524.4840913
14071,Policy/mean_noise_std,0.07574611902236938,1781217829.6525142
14115,Policy/mean_noise_std,0.07483179867267609,1781218136.0190341
14159,Policy/mean_noise_std,0.074163518846035,1781218440.7578714
14203,Policy/mean_noise_std,0.07346757501363754,1781218745.1468568
14247,Policy/mean_noise_std,0.07347795367240906,1781219046.8176677
14291,Policy/mean_noise_std,0.07387972623109818,1781219350.9455764
14335,Policy/mean_noise_std,0.07323962450027466,1781219656.3250167
14379,Policy/mean_noise_std,0.07275055348873138,1781219959.7371733
14423,Policy/mean_noise_std,0.07241390645503998,1781220264.7431173
14467,Policy/mean_noise_std,0.07209128886461258,1781220570.7920005
14511,Policy/mean_noise_std,0.07185599207878113,1781220874.275656
14555,Policy/mean_noise_std,0.07143216580152512,1781221179.3041756
14599,Policy/mean_noise_std,0.0717194676399231,1781221485.6541946
14643,Policy/mean_noise_std,0.07135023176670074,1781221791.8699017
14687,Policy/mean_noise_std,0.07087444514036179,1781222097.6484964
14731,Policy/mean_noise_std,0.07059448957443237,1781222401.1101549
14775,Policy/mean_noise_std,0.07063137739896774,1781222705.6420305
14819,Policy/mean_noise_std,0.07006554305553436,1781223011.891164
14863,Policy/mean_noise_std,0.06983919441699982,1781223314.9360993
14907,Policy/mean_noise_std,0.0694456472992897,1781223618.8539624
14951,Policy/mean_noise_std,0.06939878314733505,1781223920.7360625
14995,Policy/mean_noise_std,0.069483183324337,1781224225.522155
15039,Policy/mean_noise_std,0.06930579990148544,1781224531.2092147
15083,Policy/mean_noise_std,0.06895330548286438,1781224833.4179647
15127,Policy/mean_noise_std,0.06948429346084595,1781225140.589314
15171,Policy/mean_noise_std,0.07047379016876221,1781225444.8765101
15215,Policy/mean_noise_std,0.06982530653476715,1781225750.1508713
15259,Policy/mean_noise_std,0.06918104737997055,1781226054.097964
15303,Policy/mean_noise_std,0.06859663873910904,1781226358.7313793
15347,Policy/mean_noise_std,0.069333016872406,1781226663.6814911
15391,Policy/mean_noise_std,0.06887127459049225,1781226968.3261669
15435,Policy/mean_noise_std,0.06830489635467529,1781227269.4650514
15479,Policy/mean_noise_std,0.06830155849456787,1781227573.1285076
15523,Policy/mean_noise_std,0.06767864525318146,1781227875.6845388
15567,Policy/mean_noise_std,0.06698791682720184,1781228178.0342293
15611,Policy/mean_noise_std,0.06648561358451843,1781228485.0237834
15655,Policy/mean_noise_std,0.06600504368543625,1781228785.9414628
15699,Policy/mean_noise_std,0.06651698052883148,1781229090.7765346
15743,Policy/mean_noise_std,0.06601167470216751,1781229395.4597294
15787,Policy/mean_noise_std,0.06567896157503128,1781229699.997373
15831,Policy/mean_noise_std,0.06545831263065338,1781230004.786976
15875,Policy/mean_noise_std,0.06531207263469696,1781230305.8490002
15919,Policy/mean_noise_std,0.06573235243558884,1781230609.4852052
15963,Policy/mean_noise_std,0.0658196210861206,1781230915.9757237
16007,Policy/mean_noise_std,0.06644006818532944,1781231218.8247192
16051,Policy/mean_noise_std,0.06612719595432281,1781231521.917293
16095,Policy/mean_noise_std,0.0657443106174469,1781231821.6929805
16139,Policy/mean_noise_std,0.06601431965827942,1781232125.8940396
16183,Policy/mean_noise_std,0.06571897119283676,1781232429.1203651
16227,Policy/mean_noise_std,0.06549372524023056,1781232733.8476286
16271,Policy/mean_noise_std,0.06491389870643616,1781233039.975466
16315,Policy/mean_noise_std,0.06467858701944351,1781233344.4079976
16359,Policy/mean_noise_std,0.06489823013544083,1781233644.3327873
16403,Policy/mean_noise_std,0.06469985842704773,1781233947.6829557
16447,Policy/mean_noise_std,0.06455888599157333,1781234251.460476
16491,Policy/mean_noise_std,0.06443286687135696,1781234557.65267
16535,Policy/mean_noise_std,0.0644306093454361,1781234863.6413946
16579,Policy/mean_noise_std,0.06433460861444473,1781235130.5420308
16623,Policy/mean_noise_std,0.06463395804166794,1781235384.255443
16667,Policy/mean_noise_std,0.06463766098022461,1781235648.3024213
16711,Policy/mean_noise_std,0.06458807736635208,1781235917.9187722
16755,Policy/mean_noise_std,0.06443924456834793,1781236167.5853448
16799,Policy/mean_noise_std,0.06413208693265915,1781236415.572184
16843,Policy/mean_noise_std,0.06404107064008713,1781236664.458723
16887,Policy/mean_noise_std,0.06377961486577988,1781236912.7067375
16931,Policy/mean_noise_std,0.06381984055042267,1781237161.72255
16975,Policy/mean_noise_std,0.06373772770166397,1781237410.2187135
17019,Policy/mean_noise_std,0.06447575241327286,1781237661.990936
17063,Policy/mean_noise_std,0.0641128197312355,1781237912.576854
17107,Policy/mean_noise_std,0.06388690322637558,1781238162.773851
17151,Policy/mean_noise_std,0.06363092362880707,1781238408.0834258
17195,Policy/mean_noise_std,0.06390665471553802,1781238653.5532224
17239,Policy/mean_noise_std,0.06320562958717346,1781238904.2139833
17283,Policy/mean_noise_std,0.06265630573034286,1781239157.1406295
17327,Policy/mean_noise_std,0.06254236400127411,1781239405.1722121
17371,Policy/mean_noise_std,0.06380351632833481,1781239654.6793275
17415,Policy/mean_noise_std,0.0635608658194542,1781239901.9023767
17459,Policy/mean_noise_std,0.06315227597951889,1781240147.5354686
17503,Policy/mean_noise_std,0.06302878260612488,1781240397.1696513
17547,Policy/mean_noise_std,0.0628795474767685,1781240649.555317
17591,Policy/mean_noise_std,0.06309614330530167,1781240897.715777
17635,Policy/mean_noise_std,0.06272897124290466,1781241147.6816218
17679,Policy/mean_noise_std,0.06272285431623459,1781241400.0760055
17723,Policy/mean_noise_std,0.06265749037265778,1781241652.1722095
17767,Policy/mean_noise_std,0.06264086812734604,1781241902.911106
17811,Policy/mean_noise_std,0.06239112839102745,1781242152.9451983
17855,Policy/mean_noise_std,0.06216386705636978,1781242405.3283308
17899,Policy/mean_noise_std,0.06198827177286148,1781242657.384102
17943,Policy/mean_noise_std,0.06173016503453255,1781242908.7225962
17987,Policy/mean_noise_std,0.061570726335048676,1781243152.7963612
18031,Policy/mean_noise_std,0.06156465411186218,1781243403.7043736
18075,Policy/mean_noise_std,0.06144016236066818,1781243654.2625282
18119,Policy/mean_noise_std,0.06139408424496651,1781243929.4558964
18163,Policy/mean_noise_std,0.06342092156410217,1781244237.137096
18207,Policy/mean_noise_std,0.06307604163885117,1781244540.117055
18251,Policy/mean_noise_std,0.06258850544691086,1781244848.3000257
18295,Policy/mean_noise_std,0.062048688530921936,1781245156.0036597
18339,Policy/mean_noise_std,0.06195918843150139,1781245464.4355037
18383,Policy/mean_noise_std,0.06313581019639969,1781245766.8243608
18427,Policy/mean_noise_std,0.06328355520963669,1781246071.542552
18471,Policy/mean_noise_std,0.0629388764500618,1781246381.4815764
18515,Policy/mean_noise_std,0.06407561898231506,1781246689.4771626
18559,Policy/mean_noise_std,0.06338206678628922,1781246998.7327063
18603,Policy/mean_noise_std,0.06281545013189316,1781247307.4161084
18647,Policy/mean_noise_std,0.062251266092061996,1781247665.9591563
18691,Policy/mean_noise_std,0.062312208116054535,1781248002.7071376
18735,Policy/mean_noise_std,0.06203382462263107,1781248307.9783206
18779,Policy/mean_noise_std,0.061617325991392136,1781248614.6311188
18823,Policy/mean_noise_std,0.061027925461530685,1781248918.1342652
18867,Policy/mean_noise_std,0.06099051982164383,1781249224.6863167
18911,Policy/mean_noise_std,0.06095277890563011,1781249529.2703605
18955,Policy/mean_noise_std,0.06117478758096695,1781249833.209488
18999,Policy/mean_noise_std,0.061066724359989166,1781250134.6653275
19043,Policy/mean_noise_std,0.060880232602357864,1781250438.749388
19087,Policy/mean_noise_std,0.06114555150270462,1781250744.2096224
19131,Policy/mean_noise_std,0.061987631022930145,1781251044.904701
19175,Policy/mean_noise_std,0.062144212424755096,1781251352.2973323
19219,Policy/mean_noise_std,0.0615912526845932,1781251658.4397829
19263,Policy/mean_noise_std,0.061211518943309784,1781251964.4202242
19307,Policy/mean_noise_std,0.062116533517837524,1781252269.6852708
19351,Policy/mean_noise_std,0.06146790459752083,1781252575.201755
19395,Policy/mean_noise_std,0.060869134962558746,1781252877.4276419
19439,Policy/mean_noise_std,0.06065630167722702,1781253180.4550836
19483,Policy/mean_noise_std,0.06244148686528206,1781253485.2671754
19527,Policy/mean_noise_std,0.06415361166000366,1781253789.9073803
19571,Policy/mean_noise_std,0.063843734562397,1781254093.3477874
19615,Policy/mean_noise_std,0.06305450201034546,1781254396.426576
19659,Policy/mean_noise_std,0.06210646033287048,1781254701.3356707
19703,Policy/mean_noise_std,0.06135227903723717,1781255008.1135905
19747,Policy/mean_noise_std,0.06162610650062561,1781255312.6820765
19791,Policy/mean_noise_std,0.06287404149770737,1781255616.047319
19835,Policy/mean_noise_std,0.06303070485591888,1781255922.4515812
19879,Policy/mean_noise_std,0.06360907107591629,1781256227.7782688
19923,Policy/mean_noise_std,0.062752865254879,1781256533.1204877
19967,Policy/mean_noise_std,0.062002405524253845,1781256838.1498876
20011,Policy/mean_noise_std,0.06267689168453217,1781257141.9746423
20055,Policy/mean_noise_std,0.06331059336662292,1781257442.520101
20099,Policy/mean_noise_std,0.06351622939109802,1781257746.3530505
20143,Policy/mean_noise_std,0.06347077339887619,1781258049.980395
20187,Policy/mean_noise_std,0.0638146921992302,1781258352.9774394
20231,Policy/mean_noise_std,0.06330999732017517,1781258655.048752
20275,Policy/mean_noise_std,0.06225338205695152,1781258957.373839
20319,Policy/mean_noise_std,0.06302698701620102,1781259256.826043
20363,Policy/mean_noise_std,0.062574602663517,1781259558.5281208
20407,Policy/mean_noise_std,0.06359944492578506,1781259864.3182843
20451,Policy/mean_noise_std,0.06397103518247604,1781260168.5706456
20495,Policy/mean_noise_std,0.06432276964187622,1781260473.023218
20539,Policy/mean_noise_std,0.06433115899562836,1781260776.9122982
20583,Policy/mean_noise_std,0.06389416009187698,1781261081.301879
20627,Policy/mean_noise_std,0.06447120755910873,1781261384.0637736
20671,Policy/mean_noise_std,0.06635342538356781,1781261688.356278
20715,Policy/mean_noise_std,0.06600683927536011,1781261991.445944
20759,Policy/mean_noise_std,0.06548488885164261,1781262291.9305575
20803,Policy/mean_noise_std,0.06498381495475769,1781262596.4972043
20847,Policy/mean_noise_std,0.0646485984325409,1781262947.9633698
20891,Policy/mean_noise_std,0.06521417945623398,1781263279.4961016
20935,Policy/mean_noise_std,0.06561405211687088,1781263583.6836689
20979,Policy/mean_noise_std,0.06628084927797318,1781263887.977673
21023,Policy/mean_noise_std,0.06652852892875671,1781264193.457091
21067,Policy/mean_noise_std,0.06754731386899948,1781264485.4581945
21111,Policy/mean_noise_std,0.0682220458984375,1781264745.7557337
21155,Policy/mean_noise_std,0.0679880902171135,1781264991.2947664
21199,Policy/mean_noise_std,0.06727384030818939,1781265237.2653654
21243,Policy/mean_noise_std,0.0667511373758316,1781265483.9060655
21287,Policy/mean_noise_std,0.06728729605674744,1781265728.4977975
21331,Policy/mean_noise_std,0.06632489711046219,1781265977.0026386
21375,Policy/mean_noise_std,0.06580010801553726,1781266212.6448948
21419,Policy/mean_noise_std,0.06542261689901352,1781266459.2986767
21463,Policy/mean_noise_std,0.06505969911813736,1781266707.906337
21507,Policy/mean_noise_std,0.06604668498039246,1781266954.3573477
21551,Policy/mean_noise_std,0.06514023244380951,1781267198.8511693
21595,Policy/mean_noise_std,0.06448859721422195,1781267443.858246
21639,Policy/mean_noise_std,0.06306777894496918,1781267688.6522858
21683,Policy/mean_noise_std,0.06261666864156723,1781267939.079169
21727,Policy/mean_noise_std,0.06385546922683716,1781268186.6876748
21771,Policy/mean_noise_std,0.06334146112203598,1781268450.007038
21815,Policy/mean_noise_std,0.06245863065123558,1781268698.2817287
21859,Policy/mean_noise_std,0.06267641484737396,1781268948.6762283
21903,Policy/mean_noise_std,0.06602976471185684,1781269198.9839635
21947,Policy/mean_noise_std,0.06855177879333496,1781269451.3890698
21991,Policy/mean_noise_std,0.06837941706180573,1781269700.9225972
22035,Policy/mean_noise_std,0.06826596707105637,1781269951.0543668
22079,Policy/mean_noise_std,0.06804210692644119,1781270201.555918
22123,Policy/mean_noise_std,0.06737548112869263,1781270451.9656775
22167,Policy/mean_noise_std,0.06689485907554626,1781270700.77548
22211,Policy/mean_noise_std,0.06501495093107224,1781270949.6750207
22255,Policy/mean_noise_std,0.06361961364746094,1781271199.39489
22299,Policy/mean_noise_std,0.061984337866306305,1781271445.4199972
22343,Policy/mean_noise_std,0.061419036239385605,1781271696.2073839
22387,Policy/mean_noise_std,0.062079641968011856,1781271938.9219291
22431,Policy/mean_noise_std,0.0603194460272789,1781272174.3917499
22475,Policy/mean_noise_std,0.059196241199970245,1781272417.8790653
22519,Policy/mean_noise_std,0.05870842561125755,1781272671.4455347
22563,Policy/mean_noise_std,0.057758111506700516,1781272921.4158478
22607,Policy/mean_noise_std,0.05691519379615784,1781273167.7675405
22651,Policy/mean_noise_std,0.058168020099401474,1781273416.7455342
22695,Policy/mean_noise_std,0.059844762086868286,1781273673.2382061
22739,Policy/mean_noise_std,0.05990632250905037,1781273929.9887533
22783,Policy/mean_noise_std,0.060199473053216934,1781274172.8350787
22827,Policy/mean_noise_std,0.06487295776605606,1781274419.1810765
22871,Policy/mean_noise_std,0.0668204054236412,1781274672.2638533
22915,Policy/mean_noise_std,0.06473542004823685,1781274923.8293414
22959,Policy/mean_noise_std,0.06344383955001831,1781275170.1914117
23003,Policy/mean_noise_std,0.06238153576850891,1781275418.7947004
23047,Policy/mean_noise_std,0.06061508506536484,1781275666.380949
23091,Policy/mean_noise_std,0.059431541711091995,1781275916.1479173
23135,Policy/mean_noise_std,0.05887260660529137,1781276165.5272932
23179,Policy/mean_noise_std,0.0607038252055645,1781276417.262986
23223,Policy/mean_noise_std,0.059677962213754654,1781276661.0249083
23267,Policy/mean_noise_std,0.060367923229932785,1781276911.8335786
23311,Policy/mean_noise_std,0.05992603674530983,1781277162.8304567
23355,Policy/mean_noise_std,0.061056334525346756,1781277412.498062
23399,Policy/mean_noise_std,0.062457375228405,1781277653.604476
23443,Policy/mean_noise_std,0.062392257153987885,1781277901.9001806
23487,Policy/mean_noise_std,0.06155099347233772,1781278152.4448001
23531,Policy/mean_noise_std,0.06107170134782791,1781278403.2098384
23575,Policy/mean_noise_std,0.05944404751062393,1781278655.1090755
23619,Policy/mean_noise_std,0.058098386973142624,1781278903.7069633
23663,Policy/mean_noise_std,0.05775431543588638,1781279155.0557358
23707,Policy/mean_noise_std,0.05853329598903656,1781279407.1447444
23751,Policy/mean_noise_std,0.05891942232847214,1781279655.1048872
23795,Policy/mean_noise_std,0.06058891490101814,1781279902.081833
23839,Policy/mean_noise_std,0.06118322163820267,1781280150.7764032
23883,Policy/mean_noise_std,0.06103913486003876,1781280399.6773553
23927,Policy/mean_noise_std,0.06416622549295425,1781280646.597868
23971,Policy/mean_noise_std,0.0627063736319542,1781280897.39824
24015,Policy/mean_noise_std,0.061940114945173264,1781281147.619438
24059,Policy/mean_noise_std,0.06086887791752815,1781281393.5195239
24103,Policy/mean_noise_std,0.05950464680790901,1781281644.1528316
24147,Policy/mean_noise_std,0.058702412992715836,1781281895.3621023
24191,Policy/mean_noise_std,0.05808359012007713,1781282144.8786626
24235,Policy/mean_noise_std,0.05854840204119682,1781282397.746846
24279,Policy/mean_noise_std,0.057263921946287155,1781282649.7035425
24323,Policy/mean_noise_std,0.056869201362133026,1781282900.794072
24367,Policy/mean_noise_std,0.05739714205265045,1781283148.3709822
24411,Policy/mean_noise_std,0.058599866926670074,1781283400.867163
24455,Policy/mean_noise_std,0.0583004467189312,1781283651.772392
24499,Policy/mean_noise_std,0.0593172051012516,1781283903.484336
24543,Policy/mean_noise_std,0.057799145579338074,1781284154.1612208
24587,Policy/mean_noise_std,0.05839963257312775,1781284402.8808095
24631,Policy/mean_noise_std,0.05786195397377014,1781284647.450041
24675,Policy/mean_noise_std,0.05679813399910927,1781284897.2462525
24719,Policy/mean_noise_std,0.055812474340200424,1781285147.848992
24763,Policy/mean_noise_std,0.05624781921505928,1781285396.2950475
24807,Policy/mean_noise_std,0.05679760128259659,1781285646.5689726
24851,Policy/mean_noise_std,0.05720680207014084,1781285895.2155151
24895,Policy/mean_noise_std,0.056527577340602875,1781286138.7816417
24939,Policy/mean_noise_std,0.05536847934126854,1781286388.1648586
24983,Policy/mean_noise_std,0.05575947463512421,1781286636.9275515
25027,Policy/mean_noise_std,0.0575442872941494,1781286885.9534245
25071,Policy/mean_noise_std,0.05654739961028099,1781287135.2692027
25115,Policy/mean_noise_std,0.05669600889086723,1781287380.6776419
25159,Policy/mean_noise_std,0.05626267194747925,1781287626.9066057
25203,Policy/mean_noise_std,0.05640791729092598,1781287865.1912525
25247,Policy/mean_noise_std,0.05740407854318619,1781288113.4111829
25291,Policy/mean_noise_std,0.0559878833591938,1781288363.8873873
25335,Policy/mean_noise_std,0.056431058794260025,1781288609.9713898
25379,Policy/mean_noise_std,0.055335287004709244,1781288849.4568756
25423,Policy/mean_noise_std,0.05524889752268791,1781289098.1564124
25467,Policy/mean_noise_std,0.05537905544042587,1781289347.3003697
25511,Policy/mean_noise_std,0.05453305318951607,1781289596.8451846
25555,Policy/mean_noise_std,0.05390102043747902,1781289847.7914517
25599,Policy/mean_noise_std,0.05339733138680458,1781290096.6769242
25643,Policy/mean_noise_std,0.055073339492082596,1781290346.8584583
25687,Policy/mean_noise_std,0.0543396919965744,1781290594.5067387
25731,Policy/mean_noise_std,0.05540034547448158,1781290837.5645862
25775,Policy/mean_noise_std,0.05441134050488472,1781291081.3435023
25819,Policy/mean_noise_std,0.05528644099831581,1781291326.286137
25863,Policy/mean_noise_std,0.05440595746040344,1781291571.696046
25907,Policy/mean_noise_std,0.05624229460954666,1781291810.3888068
25951,Policy/mean_noise_std,0.05601801723241806,1781292059.582391
25995,Policy/mean_noise_std,0.05651574954390526,1781292306.4524088
26039,Policy/mean_noise_std,0.055821921676397324,1781292550.7402685
26083,Policy/mean_noise_std,0.05548405274748802,1781292800.8977456
26127,Policy/mean_noise_std,0.0558161623775959,1781293046.2271445
26171,Policy/mean_noise_std,0.05466209724545479,1781293293.5623791
26215,Policy/mean_noise_std,0.054844219237565994,1781293540.2806847
26259,Policy/mean_noise_std,0.05405642092227936,1781293783.0307233
26303,Policy/mean_noise_std,0.05312074348330498,1781294030.1644537
26347,Policy/mean_noise_std,0.054607704281806946,1781294279.0391738
26391,Policy/mean_noise_std,0.05625253543257713,1781294527.4467423
26435,Policy/mean_noise_std,0.05688127875328064,1781294777.274046
26479,Policy/mean_noise_std,0.055791810154914856,1781295022.333086
26523,Policy/mean_noise_std,0.05569518357515335,1781295272.0323236
26567,Policy/mean_noise_std,0.05690113827586174,1781295516.5121698
26611,Policy/mean_noise_std,0.05721156299114227,1781295761.0000012
26655,Policy/mean_noise_std,0.05575539544224739,1781295994.044287
26699,Policy/mean_noise_std,0.05599735677242279,1781296237.0276108
26743,Policy/mean_noise_std,0.056161344051361084,1781296478.7787323
26787,Policy/mean_noise_std,0.054568640887737274,1781296723.493385
26831,Policy/mean_noise_std,0.053772423416376114,1781296970.9963453
26875,Policy/mean_noise_std,0.05303891375660896,1781297219.630836
26919,Policy/mean_noise_std,0.0534745417535305,1781297466.0825317
26963,Policy/mean_noise_std,0.053845930844545364,1781297714.697124
27007,Policy/mean_noise_std,0.05328778177499771,1781297961.7627902
27051,Policy/mean_noise_std,0.05251413211226463,1781298209.9798746
27095,Policy/mean_noise_std,0.054283760488033295,1781298458.972448
27139,Policy/mean_noise_std,0.054408177733421326,1781298707.2028685
27183,Policy/mean_noise_std,0.05453021079301834,1781298952.217897
27227,Policy/mean_noise_std,0.05328885465860367,1781299200.2055528
27271,Policy/mean_noise_std,0.05369862541556358,1781299448.9698224
27315,Policy/mean_noise_std,0.05408177897334099,1781299695.1426706
27359,Policy/mean_noise_std,0.05309808626770973,1781299942.0122762
27403,Policy/mean_noise_std,0.053641658276319504,1781300184.5466452
27447,Policy/mean_noise_std,0.05254682898521423,1781300431.945015
27491,Policy/mean_noise_std,0.051777057349681854,1781300680.0685863
27535,Policy/mean_noise_std,0.050898805260658264,1781300928.178676
27579,Policy/mean_noise_std,0.050689663738012314,1781301174.2965755
27623,Policy/mean_noise_std,0.05326966196298599,1781301421.3143964
27667,Policy/mean_noise_std,0.05422074347734451,1781301668.9290974
27711,Policy/mean_noise_std,0.05569768324494362,1781301916.556409
27755,Policy/mean_noise_std,0.054358866065740585,1781302162.0040722
27799,Policy/mean_noise_std,0.05408990755677223,1781302411.4293716
27843,Policy/mean_noise_std,0.0530443899333477,1781302660.7591498
27887,Policy/mean_noise_std,0.05200866237282753,1781302910.3264527
27931,Policy/mean_noise_std,0.05129232630133629,1781303158.7406137
27975,Policy/mean_noise_std,0.051051490008831024,1781303407.0158474
28019,Policy/mean_noise_std,0.05075462535023689,1781303656.0155654
28063,Policy/mean_noise_std,0.053905464708805084,1781303905.1265314
28107,Policy/mean_noise_std,0.052990786731243134,1781304153.2722783
28151,Policy/mean_noise_std,0.05202122777700424,1781304399.2295458
28195,Policy/mean_noise_std,0.051875416189432144,1781304646.8784394
28239,Policy/mean_noise_std,0.05088794231414795,1781304881.5818279
28283,Policy/mean_noise_std,0.05097880959510803,1781305087.6110427
28327,Policy/mean_noise_std,0.05041910707950592,1781305292.0077863
28371,Policy/mean_noise_std,0.050545353442430496,1781305497.9773133
28415,Policy/mean_noise_std,0.05145242437720299,1781305705.2431564
28459,Policy/mean_noise_std,0.053061868995428085,1781305912.3054407
28503,Policy/mean_noise_std,0.052128035575151443,1781306118.9438257
28547,Policy/mean_noise_std,0.051516663283109665,1781306325.165506
28591,Policy/mean_noise_std,0.051444195210933685,1781306533.621949
28635,Policy/mean_noise_std,0.05126586928963661,1781306739.308054
28679,Policy/mean_noise_std,0.052363473922014236,1781306945.9837892
28723,Policy/mean_noise_std,0.05206289514899254,1781307153.3292673
28767,Policy/mean_noise_std,0.05247506871819496,1781307360.875483
28811,Policy/mean_noise_std,0.05157237872481346,1781307567.4156935
28855,Policy/mean_noise_std,0.05069635063409805,1781307773.862971
28899,Policy/mean_noise_std,0.05006932467222214,1781307978.9443345
28943,Policy/mean_noise_std,0.05007690191268921,1781308185.2875054
28987,Policy/mean_noise_std,0.0521247424185276,1781308390.345839
29031,Policy/mean_noise_std,0.05295274406671524,1781308596.5882828
29075,Policy/mean_noise_std,0.05217808485031128,1781308802.1635056
29119,Policy/mean_noise_std,0.05306107923388481,1781309008.860443
29163,Policy/mean_noise_std,0.05299869552254677,1781309214.3311508
29207,Policy/mean_noise_std,0.05367086082696915,1781309419.232025
29251,Policy/mean_noise_std,0.05319632217288017,1781309624.7395427
29295,Policy/mean_noise_std,0.05184640362858772,1781309829.7909818
29339,Policy/mean_noise_std,0.05116872489452362,1781310034.3957374
29383,Policy/mean_noise_std,0.050439778715372086,1781310239.866591
29427,Policy/mean_noise_std,0.049573864787817,1781310445.9437902
29471,Policy/mean_noise_std,0.05174275115132332,1781310650.496445
29515,Policy/mean_noise_std,0.05108524113893509,1781310855.0978246
29559,Policy/mean_noise_std,0.0501413457095623,1781311059.6005378
29603,Policy/mean_noise_std,0.05095003917813301,1781311265.2466903
29647,Policy/mean_noise_std,0.050010427832603455,1781311471.2755256
29691,Policy/mean_noise_std,0.05122525617480278,1781311675.2798276
29735,Policy/mean_noise_std,0.052034445106983185,1781311882.0353296
29779,Policy/mean_noise_std,0.053524285554885864,1781312086.9485888
29823,Policy/mean_noise_std,0.05225804075598717,1781312293.0036662
29867,Policy/mean_noise_std,0.05112391337752342,1781312498.378101
29911,Policy/mean_noise_std,0.05276001989841461,1781312704.1862175
29955,Policy/mean_noise_std,0.05470530316233635,1781312909.5263984
29999,Policy/mean_noise_std,0.054702792316675186,1781313113.9846761
30043,Policy/mean_noise_std,0.05399522930383682,1781313318.358044
30087,Policy/mean_noise_std,0.052706848829984665,1781313524.1751199
30131,Policy/mean_noise_std,0.052929993718862534,1781313729.1682005
30175,Policy/mean_noise_std,0.0531521812081337,1781313933.8768559
30219,Policy/mean_noise_std,0.05365774407982826,1781314138.6487026
30263,Policy/mean_noise_std,0.05477876588702202,1781314343.7997587
30307,Policy/mean_noise_std,0.05521974340081215,1781314548.1451988
30351,Policy/mean_noise_std,0.056118883192539215,1781314754.1814103
30395,Policy/mean_noise_std,0.05444039776921272,1781314960.9841676
30439,Policy/mean_noise_std,0.05263941362500191,1781315165.7404418
30483,Policy/mean_noise_std,0.05134188011288643,1781315372.3001165
30527,Policy/mean_noise_std,0.050539422780275345,1781315578.659565
30571,Policy/mean_noise_std,0.050397906452417374,1781315784.3209643
30615,Policy/mean_noise_std,0.04980475455522537,1781315989.9091926
30659,Policy/mean_noise_std,0.051972538232803345,1781316195.449273
30703,Policy/mean_noise_std,0.05104142799973488,1781316403.0004082
30747,Policy/mean_noise_std,0.050147391855716705,1781316609.5804935
30791,Policy/mean_noise_std,0.053928181529045105,1781316815.5700903
30835,Policy/mean_noise_std,0.052459895610809326,1781317021.9976852
30879,Policy/mean_noise_std,0.05119834467768669,1781317229.00416
30923,Policy/mean_noise_std,0.05311170220375061,1781317435.9861593
30967,Policy/mean_noise_std,0.05453963205218315,1781317641.9616456
31011,Policy/mean_noise_std,0.05381457135081291,1781317847.249682
31055,Policy/mean_noise_std,0.052852120250463486,1781318054.4614928
31099,Policy/mean_noise_std,0.05282222852110863,1781318260.6040862
31143,Policy/mean_noise_std,0.05464429780840874,1781318467.491286
31187,Policy/mean_noise_std,0.05440101400017738,1781318673.819888
31231,Policy/mean_noise_std,0.05278461426496506,1781318879.551397
31275,Policy/mean_noise_std,0.05126781016588211,1781319084.8659744
31319,Policy/mean_noise_std,0.0532149001955986,1781319290.8730009
31363,Policy/mean_noise_std,0.051651664078235626,1781319497.413536
31407,Policy/mean_noise_std,0.052219707518815994,1781319703.1798093
31451,Policy/mean_noise_std,0.05255138874053955,1781319908.3211458
31495,Policy/mean_noise_std,0.05265045538544655,1781320114.16505
31539,Policy/mean_noise_std,0.05222248658537865,1781320321.0697465
31583,Policy/mean_noise_std,0.05117420852184296,1781320526.7756753
31627,Policy/mean_noise_std,0.05426537245512009,1781320733.989324
31671,Policy/mean_noise_std,0.05302976071834564,1781320940.4188516
31715,Policy/mean_noise_std,0.05364666134119034,1781321147.1208832
31759,Policy/mean_noise_std,0.052319690585136414,1781321354.2088501
31803,Policy/mean_noise_std,0.05108707398176193,1781321561.13086
31847,Policy/mean_noise_std,0.051482073962688446,1781321765.9307115
31891,Policy/mean_noise_std,0.05080347880721092,1781321972.2223969
31935,Policy/mean_noise_std,0.049853693693876266,1781322178.2824771
31979,Policy/mean_noise_std,0.05223684012889862,1781322384.184444
32023,Policy/mean_noise_std,0.057195208966732025,1781322590.481622
32067,Policy/mean_noise_std,0.05545322224497795,1781322795.1968477
32111,Policy/mean_noise_std,0.055440887808799744,1781323001.4753945
32155,Policy/mean_noise_std,0.055550169199705124,1781323207.3139215
32199,Policy/mean_noise_std,0.05524703115224838,1781323413.7653718
32243,Policy/mean_noise_std,0.05343836173415184,1781323620.7504494
32287,Policy/mean_noise_std,0.05401834845542908,1781323826.273284
32331,Policy/mean_noise_std,0.05352170392870903,1781324032.960742
32375,Policy/mean_noise_std,0.05275236442685127,1781324238.640511
32419,Policy/mean_noise_std,0.051285870373249054,1781324443.6021242
32463,Policy/mean_noise_std,0.05160435289144516,1781324649.081136
32507,Policy/mean_noise_std,0.05051381513476372,1781324856.7845778
32551,Policy/mean_noise_std,0.050391677767038345,1781325061.6920342
32595,Policy/mean_noise_std,0.05105753615498543,1781325267.5227394
32639,Policy/mean_noise_std,0.05034515634179115,1781325473.4404027
32683,Policy/mean_noise_std,0.050340574234724045,1781325678.498662
32727,Policy/mean_noise_std,0.05075310915708542,1781325885.1016932
32771,Policy/mean_noise_std,0.04950333014130592,1781326090.81595
32815,Policy/mean_noise_std,0.04885029047727585,1781326297.8394036
32859,Policy/mean_noise_std,0.04881066828966141,1781326503.1404386
32903,Policy/mean_noise_std,0.04914788901805878,1781326707.1923785
32947,Policy/mean_noise_std,0.05032713711261749,1781326913.0669389
32991,Policy/mean_noise_std,0.05060841515660286,1781327120.426662
33035,Policy/mean_noise_std,0.051675282418727875,1781327327.1344843
33079,Policy/mean_noise_std,0.05005381628870964,1781327542.9571958
33123,Policy/mean_noise_std,0.04906145855784416,1781327752.8006976
33167,Policy/mean_noise_std,0.04795170947909355,1781327959.8542526
33211,Policy/mean_noise_std,0.04813861846923828,1781328166.3055677
33255,Policy/mean_noise_std,0.0474482998251915,1781328372.4906485
33299,Policy/mean_noise_std,0.0472722202539444,1781328578.2218504
33343,Policy/mean_noise_std,0.046852417290210724,1781328783.7304368
33387,Policy/mean_noise_std,0.04865489527583122,1781328988.6382654
33431,Policy/mean_noise_std,0.0496421717107296,1781329194.386671
33475,Policy/mean_noise_std,0.05034149810671806,1781329399.5509903
33519,Policy/mean_noise_std,0.05060933530330658,1781329604.8751357
33563,Policy/mean_noise_std,0.05072915926575661,1781329808.555121
33607,Policy/mean_noise_std,0.05139698460698128,1781330012.7288043
33651,Policy/mean_noise_std,0.05003777891397476,1781330218.4535484
33695,Policy/mean_noise_std,0.05156559869647026,1781330424.0830238
33739,Policy/mean_noise_std,0.050653524696826935,1781330629.0375168
33783,Policy/mean_noise_std,0.05012256279587746,1781330833.4804578
33827,Policy/mean_noise_std,0.05042076110839844,1781331039.9197593
33871,Policy/mean_noise_std,0.049297355115413666,1781331244.8862634
33915,Policy/mean_noise_std,0.04965035617351532,1781331451.2968996
33959,Policy/mean_noise_std,0.04895780235528946,1781331657.1846883
34003,Policy/mean_noise_std,0.047996729612350464,1781331863.72789
34047,Policy/mean_noise_std,0.04860272258520126,1781332068.396265
34091,Policy/mean_noise_std,0.047975026071071625,1781332274.6601455
34135,Policy/mean_noise_std,0.047554027289152145,1781332479.434316
34179,Policy/mean_noise_std,0.04730519279837608,1781332685.2221744
34223,Policy/mean_noise_std,0.04795010760426521,1781332890.4104497
34267,Policy/mean_noise_std,0.04741107299923897,1781333096.0924692
34311,Policy/mean_noise_std,0.04787081852555275,1781333301.8414989
34355,Policy/mean_noise_std,0.049236759543418884,1781333507.9136264
34399,Policy/mean_noise_std,0.04959065467119217,1781333714.4378636
34443,Policy/mean_noise_std,0.05039466172456741,1781333920.789535
34487,Policy/mean_noise_std,0.05245227739214897,1781334125.756309
34531,Policy/mean_noise_std,0.05375487357378006,1781334330.295122
34575,Policy/mean_noise_std,0.054250288754701614,1781334535.6870584
34619,Policy/mean_noise_std,0.05458792299032211,1781334742.1326928
34663,Policy/mean_noise_std,0.052752867341041565,1781334946.0969365
34707,Policy/mean_noise_std,0.053973350673913956,1781335151.3756409
34751,Policy/mean_noise_std,0.05322753265500069,1781335357.2495432
34795,Policy/mean_noise_std,0.05408630520105362,1781335563.1032689
34839,Policy/mean_noise_std,0.05342626944184303,1781335769.7301362
34883,Policy/mean_noise_std,0.05456557124853134,1781335975.7665076
34927,Policy/mean_noise_std,0.0525389164686203,1781336182.4947743
34971,Policy/mean_noise_std,0.05145539715886116,1781336388.8454387
35015,Policy/mean_noise_std,0.0501365065574646,1781336593.9800878
35059,Policy/mean_noise_std,0.051370397210121155,1781336800.2846777
35103,Policy/mean_noise_std,0.050342362374067307,1781337005.5753875
35147,Policy/mean_noise_std,0.05161333456635475,1781337210.7453282
35191,Policy/mean_noise_std,0.052499983459711075,1781337415.2296193
35235,Policy/mean_noise_std,0.05046794191002846,1781337620.2569437
35279,Policy/mean_noise_std,0.04954158887267113,1781337826.2591856
35323,Policy/mean_noise_std,0.048304613679647446,1781338032.9366817
35367,Policy/mean_noise_std,0.04771213233470917,1781338238.1270792
35411,Policy/mean_noise_std,0.047015320509672165,1781338443.6500108
35455,Policy/mean_noise_std,0.047507647424936295,1781338650.1174521
35499,Policy/mean_noise_std,0.04674149677157402,1781338854.9806435
35543,Policy/mean_noise_std,0.04783206060528755,1781339060.907113
35587,Policy/mean_noise_std,0.04865948483347893,1781339266.7058446
35631,Policy/mean_noise_std,0.049417801201343536,1781339471.8335164
35675,Policy/mean_noise_std,0.049360450357198715,1781339676.366872
35719,Policy/mean_noise_std,0.04980889707803726,1781339882.0729132
35763,Policy/mean_noise_std,0.04895057901740074,1781340087.3065784
35807,Policy/mean_noise_std,0.05148954316973686,1781340293.2849476
35851,Policy/mean_noise_std,0.05217151343822479,1781340499.3000238
35895,Policy/mean_noise_std,0.05253348872065544,1781340705.4112906
35939,Policy/mean_noise_std,0.05203023552894592,1781340910.4250567
35983,Policy/mean_noise_std,0.051468346267938614,1781341117.4013238
36027,Policy/mean_noise_std,0.05117133632302284,1781341323.3645976
36071,Policy/mean_noise_std,0.051386818289756775,1781341529.0628657
36115,Policy/mean_noise_std,0.05358819663524628,1781341734.8611495
36159,Policy/mean_noise_std,0.053582049906253815,1781341940.9317305
36203,Policy/mean_noise_std,0.054923199117183685,1781342146.382686
36247,Policy/mean_noise_std,0.053015608340501785,1781342351.7488186
36291,Policy/mean_noise_std,0.0556475967168808,1781342556.020988
36335,Policy/mean_noise_std,0.05481330677866936,1781342760.6150236
36379,Policy/mean_noise_std,0.05450692027807236,1781342966.6440978
36423,Policy/mean_noise_std,0.05684353783726692,1781343172.2069468
36467,Policy/mean_noise_std,0.05693275108933449,1781343377.952433
36511,Policy/mean_noise_std,0.05653340741991997,1781343585.6156685
36555,Policy/mean_noise_std,0.055421773344278336,1781343791.954807
36599,Policy/mean_noise_std,0.057710591703653336,1781343999.0667489
36643,Policy/mean_noise_std,0.0571892075240612,1781344205.712039
36687,Policy/mean_noise_std,0.05652604252099991,1781344411.0549405
36731,Policy/mean_noise_std,0.057844650000333786,1781344616.1379917
36775,Policy/mean_noise_std,0.056441374123096466,1781344819.6364012
36819,Policy/mean_noise_std,0.056743983179330826,1781345024.8202872
36863,Policy/mean_noise_std,0.05821235850453377,1781345230.0803947
36907,Policy/mean_noise_std,0.05654189735651016,1781345435.1442463
36951,Policy/mean_noise_std,0.05744703859090805,1781345639.951599
36995,Policy/mean_noise_std,0.05881918966770172,1781345845.0449982
37039,Policy/mean_noise_std,0.05800959840416908,1781346050.7784746
37083,Policy/mean_noise_std,0.05755142122507095,1781346257.94035
37127,Policy/mean_noise_std,0.05941023677587509,1781346464.8775692
37171,Policy/mean_noise_std,0.06095457077026367,1781346671.3591182
37215,Policy/mean_noise_std,0.059640709310770035,1781346876.8657877
37259,Policy/mean_noise_std,0.05676781386137009,1781347084.1485534
37303,Policy/mean_noise_std,0.059367649257183075,1781347289.3823543
37347,Policy/mean_noise_std,0.057235557585954666,1781347494.4248083
37391,Policy/mean_noise_std,0.05557515099644661,1781347700.574563
37435,Policy/mean_noise_std,0.059067048132419586,1781347906.4108407
37479,Policy/mean_noise_std,0.05716296285390854,1781348112.746158
37523,Policy/mean_noise_std,0.05523822084069252,1781348318.4146886
37567,Policy/mean_noise_std,0.055433258414268494,1781348524.000449
37611,Policy/mean_noise_std,0.05387314781546593,1781348730.8027568
37655,Policy/mean_noise_std,0.05712810531258583,1781348935.7356784
37699,Policy/mean_noise_std,0.057429440319538116,1781349142.3061476
37743,Policy/mean_noise_std,0.05755499750375748,1781349347.6847208
37787,Policy/mean_noise_std,0.056550852954387665,1781349553.1886992
37831,Policy/mean_noise_std,0.054572686553001404,1781349759.951883
37875,Policy/mean_noise_std,0.05420193821191788,1781349966.709935
37919,Policy/mean_noise_std,0.05214553698897362,1781350174.3717992
37963,Policy/mean_noise_std,0.052034586668014526,1781350374.5042837
38007,Policy/mean_noise_std,0.052284009754657745,1781350577.6364734
38051,Policy/mean_noise_std,0.050770699977874756,1781350783.7407765
38095,Policy/mean_noise_std,0.05083993822336197,1781350987.2696435
38139,Policy/mean_noise_std,0.05202866718173027,1781351193.7657926
38183,Policy/mean_noise_std,0.05343818664550781,1781351399.8707075
38227,Policy/mean_noise_std,0.052790138870477676,1781351607.0288687
38271,Policy/mean_noise_std,0.052383873611688614,1781351814.4078274
38315,Policy/mean_noise_std,0.05235196650028229,1781352020.7031493
38359,Policy/mean_noise_std,0.051873523741960526,1781352226.5868642
38403,Policy/mean_noise_std,0.05075816810131073,1781352433.8248725
38447,Policy/mean_noise_std,0.049373429268598557,1781352641.0656154
38491,Policy/mean_noise_std,0.05053367838263512,1781352846.1520658
38535,Policy/mean_noise_std,0.051378995180130005,1781353050.9043646
38579,Policy/mean_noise_std,0.0504036545753479,1781353254.0688367
38623,Policy/mean_noise_std,0.051095686852931976,1781353460.0047224
38667,Policy/mean_noise_std,0.05017273500561714,1781353665.1344018
38711,Policy/mean_noise_std,0.050027552992105484,1781353871.3931997
38755,Policy/mean_noise_std,0.04853504151105881,1781354077.3664243
38799,Policy/mean_noise_std,0.0497824065387249,1781354284.9245508
38843,Policy/mean_noise_std,0.04853861406445503,1781354491.684207
38887,Policy/mean_noise_std,0.04759655147790909,1781354700.2314315
38931,Policy/mean_noise_std,0.048183903098106384,1781354907.6265721
38975,Policy/mean_noise_std,0.05032576248049736,1781355113.830151
39019,Policy/mean_noise_std,0.052125394344329834,1781355320.6397653
39063,Policy/mean_noise_std,0.05163859203457832,1781355529.0187926
39107,Policy/mean_noise_std,0.05187767744064331,1781355735.3789372
39151,Policy/mean_noise_std,0.05098184943199158,1781355941.3942401
39195,Policy/mean_noise_std,0.05129314959049225,1781356147.6599452
39239,Policy/mean_noise_std,0.05303358659148216,1781356354.4601338
39283,Policy/mean_noise_std,0.05527779087424278,1781356561.891904
39327,Policy/mean_noise_std,0.05413961783051491,1781356768.6516476
39371,Policy/mean_noise_std,0.05524631589651108,1781356975.3467996
39415,Policy/mean_noise_std,0.05596690997481346,1781357181.5597
39459,Policy/mean_noise_std,0.0537576898932457,1781357387.5770807
39503,Policy/mean_noise_std,0.05229458957910538,1781357594.928364
39547,Policy/mean_noise_std,0.053411662578582764,1781357801.7660053
39591,Policy/mean_noise_std,0.05312804877758026,1781358008.2864323
39635,Policy/mean_noise_std,0.054067667573690414,1781358214.7877145
39679,Policy/mean_noise_std,0.05286087468266487,1781358421.9625638
39723,Policy/mean_noise_std,0.05632026866078377,1781358627.801282
39767,Policy/mean_noise_std,0.05518748238682747,1781358833.1351035
39811,Policy/mean_noise_std,0.056486327201128006,1781359026.9710817
39855,Policy/mean_noise_std,0.05693432316184044,1781359233.2469182
39899,Policy/mean_noise_std,0.05752404406666756,1781359440.564662
39943,Policy/mean_noise_std,0.056756507605314255,1781359648.1021059
39987,Policy/mean_noise_std,0.05612902715802193,1781359856.3986151
40031,Policy/mean_noise_std,0.053682371973991394,1781360060.1431007
40075,Policy/mean_noise_std,0.05226350575685501,1781360263.2948174
40119,Policy/mean_noise_std,0.05274398252367973,1781360470.6545606
40163,Policy/mean_noise_std,0.05394201725721359,1781360677.164667
40207,Policy/mean_noise_std,0.05140867456793785,1781360884.2425199
40251,Policy/mean_noise_std,0.05193304643034935,1781361091.416884
40295,Policy/mean_noise_std,0.05144729092717171,1781361298.1236038
40339,Policy/mean_noise_std,0.049715958535671234,1781361505.5897646
40383,Policy/mean_noise_std,0.049168724566698074,1781361712.5035102
40427,Policy/mean_noise_std,0.04891636222600937,1781361919.550912
40471,Policy/mean_noise_std,0.05165131762623787,1781362126.4553115
40515,Policy/mean_noise_std,0.05038505792617798,1781362333.4061046
40559,Policy/mean_noise_std,0.052185479551553726,1781362539.7819283
40603,Policy/mean_noise_std,0.05041448026895523,1781362745.501319
40647,Policy/mean_noise_std,0.048914697021245956,1781362951.962579
40691,Policy/mean_noise_std,0.04814868047833443,1781363157.860443
40735,Policy/mean_noise_std,0.04682262986898422,1781363363.632331
40779,Policy/mean_noise_std,0.04829414561390877,1781363569.3100388
40823,Policy/mean_noise_std,0.046767350286245346,1781363774.549793
40867,Policy/mean_noise_std,0.045775406062603,1781363981.3770502
40911,Policy/mean_noise_std,0.046347640454769135,1781364187.7050073
40955,Policy/mean_noise_std,0.045416686683893204,1781364394.3139286
40999,Policy/mean_noise_std,0.047399312257766724,1781364601.3781865
41043,Policy/mean_noise_std,0.046790167689323425,1781364807.2061925
41087,Policy/mean_noise_std,0.04647372290492058,1781365014.0644217
41131,Policy/mean_noise_std,0.04924723878502846,1781365219.897989
41175,Policy/mean_noise_std,0.04803068935871124,1781365428.1197538
41219,Policy/mean_noise_std,0.04666858911514282,1781365634.966909
41263,Policy/mean_noise_std,0.04702320322394371,1781365841.2365127
41307,Policy/mean_noise_std,0.04972396418452263,1781366049.3955722
41351,Policy/mean_noise_std,0.048409100621938705,1781366256.8353696
41395,Policy/mean_noise_std,0.04966958984732628,1781366462.7572165
41439,Policy/mean_noise_std,0.050219953060150146,1781366668.585682
41483,Policy/mean_noise_std,0.04942486062645912,1781366875.5156617
41527,Policy/mean_noise_std,0.047802433371543884,1781367081.1561723
41571,Policy/mean_noise_std,0.048667632043361664,1781367287.7330008
41615,Policy/mean_noise_std,0.047164641320705414,1781367495.6481514
41659,Policy/mean_noise_std,0.04742344841361046,1781367702.750109
41703,Policy/mean_noise_std,0.04716041684150696,1781367910.7853715
41747,Policy/mean_noise_std,0.046267587691545486,1781368118.248786
41791,Policy/mean_noise_std,0.045807477086782455,1781368325.0834093
41835,Policy/mean_noise_std,0.04476511478424072,1781368531.4928925
41879,Policy/mean_noise_std,0.04600248485803604,1781368738.9879894
41923,Policy/mean_noise_std,0.05043232440948486,1781368945.8398352
41967,Policy/mean_noise_std,0.04978583753108978,1781369152.987256
42011,Policy/mean_noise_std,0.05003427714109421,1781369360.9765427
42055,Policy/mean_noise_std,0.04977627471089363,1781369568.8027515
42099,Policy/mean_noise_std,0.04833624139428139,1781369776.3647447
42143,Policy/mean_noise_std,0.04935263469815254,1781369983.1667242
42187,Policy/mean_noise_std,0.04809726029634476,1781370189.1247008
42231,Policy/mean_noise_std,0.046397753059864044,1781370392.2809582
42275,Policy/mean_noise_std,0.04731426388025284,1781370599.6486323
42319,Policy/mean_noise_std,0.04640965163707733,1781370805.9199245
42363,Policy/mean_noise_std,0.04802478477358818,1781371013.520895
42407,Policy/mean_noise_std,0.049517758190631866,1781371220.0819423
42451,Policy/mean_noise_std,0.04852437973022461,1781371425.8841105
42495,Policy/mean_noise_std,0.048725713044404984,1781371632.2599983
42539,Policy/mean_noise_std,0.04954858124256134,1781371837.6618862
42583,Policy/mean_noise_std,0.05000360682606697,1781372043.673162
42627,Policy/mean_noise_std,0.051312435418367386,1781372251.2297132
42671,Policy/mean_noise_std,0.04965310916304588,1781372456.522197
42715,Policy/mean_noise_std,0.04777627810835838,1781372663.3949447
42759,Policy/mean_noise_std,0.0515238381922245,1781372870.8952148
42803,Policy/mean_noise_std,0.05193837359547615,1781373078.4136384
42847,Policy/mean_noise_std,0.05204576626420021,1781373284.3191483
42891,Policy/mean_noise_std,0.05084499716758728,1781373488.1995692
42935,Policy/mean_noise_std,0.052748795598745346,1781373693.7638414
42979,Policy/mean_noise_std,0.05057758092880249,1781373899.870189
43023,Policy/mean_noise_std,0.05250677466392517,1781374105.934946
43067,Policy/mean_noise_std,0.05072329565882683,1781374311.5708408
43111,Policy/mean_noise_std,0.05348721891641617,1781374518.425727
43155,Policy/mean_noise_std,0.05326534062623978,1781374723.9091792
43199,Policy/mean_noise_std,0.05339953675866127,1781374930.199563
43243,Policy/mean_noise_std,0.05575382709503174,1781375135.4676104
43287,Policy/mean_noise_std,0.05626574903726578,1781375341.647676
43331,Policy/mean_noise_std,0.05349080264568329,1781375546.4429207
43375,Policy/mean_noise_std,0.05292358621954918,1781375752.3835635
43419,Policy/mean_noise_std,0.05328052490949631,1781375958.6530402
43463,Policy/mean_noise_std,0.05148565396666527,1781376164.4636068
43507,Policy/mean_noise_std,0.05021924152970314,1781376371.0693655
43551,Policy/mean_noise_std,0.050533995032310486,1781376577.4896657
43595,Policy/mean_noise_std,0.049918852746486664,1781376785.5197713
43639,Policy/mean_noise_std,0.049294229596853256,1781376992.7586994
43683,Policy/mean_noise_std,0.04818420112133026,1781377199.2154438
43727,Policy/mean_noise_std,0.04788782820105553,1781377405.8853939
43771,Policy/mean_noise_std,0.04863777756690979,1781377613.4659657
43815,Policy/mean_noise_std,0.04804621636867523,1781377820.827805
43859,Policy/mean_noise_std,0.04732265695929527,1781378027.274078
43903,Policy/mean_noise_std,0.047922879457473755,1781378233.5509293
43947,Policy/mean_noise_std,0.048882193863391876,1781378439.9433799
43991,Policy/mean_noise_std,0.04923969507217407,1781378644.6368668
44035,Policy/mean_noise_std,0.05286058783531189,1781378851.9522796
44079,Policy/mean_noise_std,0.05229053273797035,1781379058.9319305
44123,Policy/mean_noise_std,0.053403910249471664,1781379265.694412
44167,Policy/mean_noise_std,0.051276497542858124,1781379472.053807
44211,Policy/mean_noise_std,0.05061018094420433,1781379678.279915
44255,Policy/mean_noise_std,0.05158547684550285,1781379884.6905284
44299,Policy/mean_noise_std,0.051558077335357666,1781380092.3601325
44343,Policy/mean_noise_std,0.05001121759414673,1781380299.609354
44387,Policy/mean_noise_std,0.05142655223608017,1781380505.8011253
44431,Policy/mean_noise_std,0.049199264496564865,1781380711.7793226
44475,Policy/mean_noise_std,0.05101175978779793,1781380913.9626455
44519,Policy/mean_noise_std,0.04885786399245262,1781381122.399607
44563,Policy/mean_noise_std,0.048691146075725555,1781381329.9375033
44607,Policy/mean_noise_std,0.04737421125173569,1781381537.180612
44651,Policy/mean_noise_std,0.04665738716721535,1781381743.515701
44695,Policy/mean_noise_std,0.04794767498970032,1781381949.08437
44739,Policy/mean_noise_std,0.0511934794485569,1781382155.1269722
44783,Policy/mean_noise_std,0.05215245112776756,1781382360.8098054
44827,Policy/mean_noise_std,0.05120681971311569,1781382568.0879915
44871,Policy/mean_noise_std,0.049197208136320114,1781382774.575559
44915,Policy/mean_noise_std,0.050093550235033035,1781382981.4352796
44959,Policy/mean_noise_std,0.049295391887426376,1781383188.8021996
45003,Policy/mean_noise_std,0.04813264310359955,1781383394.9804032
45047,Policy/mean_noise_std,0.048538461327552795,1781383601.7391078
45091,Policy/mean_noise_std,0.047057874500751495,1781383808.6892378
45135,Policy/mean_noise_std,0.04772200435400009,1781384015.3468728
45179,Policy/mean_noise_std,0.04616222158074379,1781384221.5234134
45223,Policy/mean_noise_std,0.0455363430082798,1781384429.3067603
45267,Policy/mean_noise_std,0.0469181127846241,1781384635.494929
45311,Policy/mean_noise_std,0.04865732789039612,1781384841.730603
45355,Policy/mean_noise_std,0.049225784838199615,1781385048.6308098
45399,Policy/mean_noise_std,0.051295842975378036,1781385255.282328
45443,Policy/mean_noise_std,0.053013164550065994,1781385462.4734335
45487,Policy/mean_noise_std,0.055470265448093414,1781385668.1292312
45531,Policy/mean_noise_std,0.055986907333135605,1781385873.9964511
45575,Policy/mean_noise_std,0.0535249263048172,1781386080.379266
45619,Policy/mean_noise_std,0.054015226662158966,1781386287.0841548
45663,Policy/mean_noise_std,0.054605633020401,1781386494.3985562
45707,Policy/mean_noise_std,0.054088350385427475,1781386700.5719767
45751,Policy/mean_noise_std,0.054278526455163956,1781386907.4221861
45795,Policy/mean_noise_std,0.05768214538693428,1781387113.788655
45839,Policy/mean_noise_std,0.05598485469818115,1781387319.9224706
45883,Policy/mean_noise_std,0.05257076025009155,1781387527.1007905
45927,Policy/mean_noise_std,0.0523374043405056,1781387733.7361884
45971,Policy/mean_noise_std,0.053853362798690796,1781387939.7921057
46015,Policy/mean_noise_std,0.051687322556972504,1781388146.182104
46059,Policy/mean_noise_std,0.05079455301165581,1781388352.9348395
46103,Policy/mean_noise_std,0.05234719440340996,1781388558.3027961
46147,Policy/mean_noise_std,0.052976805716753006,1781388764.6870797
46191,Policy/mean_noise_std,0.050343211740255356,1781388971.8484402
46235,Policy/mean_noise_std,0.04831888899207115,1781389177.73032
46279,Policy/mean_noise_std,0.051558323204517365,1781389383.914869
46323,Policy/mean_noise_std,0.05185806378722191,1781389588.185468
46367,Policy/mean_noise_std,0.05175687000155449,1781389794.1412199
46411,Policy/mean_noise_std,0.04977024719119072,1781390000.7576451
46455,Policy/mean_noise_std,0.051764387637376785,1781390206.848283
46499,Policy/mean_noise_std,0.05197984352707863,1781390414.4088693
46543,Policy/mean_noise_std,0.0507458820939064,1781390621.2835023
46587,Policy/mean_noise_std,0.05477706715464592,1781390827.720241
46631,Policy/mean_noise_std,0.05329396203160286,1781391034.5160277
46675,Policy/mean_noise_std,0.05161801725625992,1781391240.547272
46719,Policy/mean_noise_std,0.05557568371295929,1781391446.9518447
46763,Policy/mean_noise_std,0.05564582720398903,1781391652.4420974
46807,Policy/mean_noise_std,0.05391732603311539,1781391858.5628228
46851,Policy/mean_noise_std,0.05259806662797928,1781392062.8101997
46895,Policy/mean_noise_std,0.05052369087934494,1781392269.2154438
46939,Policy/mean_noise_std,0.048424940556287766,1781392475.5023155
46983,Policy/mean_noise_std,0.04663212597370148,1781392682.2631373
47027,Policy/mean_noise_std,0.048335250467061996,1781392889.365802
47071,Policy/mean_noise_std,0.046286825090646744,1781393094.3129492
47115,Policy/mean_noise_std,0.04642322286963463,1781393300.0581994
47159,Policy/mean_noise_std,0.0452934131026268,1781393506.0737293
47203,Policy/mean_noise_std,0.045628469437360764,1781393711.9261956
47247,Policy/mean_noise_std,0.045886777341365814,1781393917.0977676
47291,Policy/mean_noise_std,0.04471008852124214,1781394123.344128
47335,Policy/mean_noise_std,0.04437028244137764,1781394330.0382574
47379,Policy/mean_noise_std,0.04535730555653572,1781394537.3170216
47423,Policy/mean_noise_std,0.04836808145046234,1781394744.2411442
47467,Policy/mean_noise_std,0.04710998758673668,1781394950.7671685
47511,Policy/mean_noise_std,0.04683532938361168,1781395157.9313834
47555,Policy/mean_noise_std,0.049295078963041306,1781395364.8920598
47599,Policy/mean_noise_std,0.05019833520054817,1781395572.065099
47643,Policy/mean_noise_std,0.04928579926490784,1781395778.8534565
47687,Policy/mean_noise_std,0.04750780761241913,1781395984.4879775
47731,Policy/mean_noise_std,0.046662867069244385,1781396191.022961
47775,Policy/mean_noise_std,0.04507819935679436,1781396397.4669342
47819,Policy/mean_noise_std,0.0450001023709774,1781396603.988315
47863,Policy/mean_noise_std,0.04709448292851448,1781396810.0096712
47907,Policy/mean_noise_std,0.045752909034490585,1781397017.5540593
47951,Policy/mean_noise_std,0.047884512692689896,1781397224.8550153
47995,Policy/mean_noise_std,0.04744862765073776,1781397431.4940066
48039,Policy/mean_noise_std,0.04578356817364693,1781397637.4089189
48083,Policy/mean_noise_std,0.047226618975400925,1781397843.873615
48127,Policy/mean_noise_std,0.046204354614019394,1781398049.9723904
48171,Policy/mean_noise_std,0.046547986567020416,1781398256.2441187
48215,Policy/mean_noise_std,0.04791859909892082,1781398462.7471542
48259,Policy/mean_noise_std,0.04637657850980759,1781398667.9972997
48303,Policy/mean_noise_std,0.04645884782075882,1781398873.264378
48347,Policy/mean_noise_std,0.04504525661468506,1781399079.1018474
48391,Policy/mean_noise_std,0.04601340368390083,1781399284.9166803
48435,Policy/mean_noise_std,0.049305882304906845,1781399492.2148707
48479,Policy/mean_noise_std,0.054529983550310135,1781399698.6415138
48523,Policy/mean_noise_std,0.05813709273934364,1781399905.3071563
48567,Policy/mean_noise_std,0.061803512275218964,1781400110.825262
48611,Policy/mean_noise_std,0.06548769772052765,1781400317.4494636
48655,Policy/mean_noise_std,0.0638449415564537,1781400524.01047
48699,Policy/mean_noise_std,0.0613565556704998,1781400723.594626
48743,Policy/mean_noise_std,0.06075841933488846,1781400926.5248635
48787,Policy/mean_noise_std,0.06011692062020302,1781401132.5573862
48831,Policy/mean_noise_std,0.058152951300144196,1781401339.3642454
48875,Policy/mean_noise_std,0.05632437765598297,1781401546.5485635
48919,Policy/mean_noise_std,0.05465489253401756,1781401752.5265872
48963,Policy/mean_noise_std,0.05379028990864754,1781401958.2103882
49007,Policy/mean_noise_std,0.05191844701766968,1781402162.9093668
49051,Policy/mean_noise_std,0.05040790140628815,1781402368.7589357
49095,Policy/mean_noise_std,0.04865775257349014,1781402574.7054274
49139,Policy/mean_noise_std,0.048523638397455215,1781402780.4100282
49183,Policy/mean_noise_std,0.04686807096004486,1781402986.552342
49227,Policy/mean_noise_std,0.045211903750896454,1781403192.880959
49271,Policy/mean_noise_std,0.04411204904317856,1781403399.5000563
49315,Policy/mean_noise_std,0.04340289160609245,1781403605.680212
49359,Policy/mean_noise_std,0.04272807762026787,1781403811.7250328
49403,Policy/mean_noise_std,0.04468085989356041,1781404017.2714918
49447,Policy/mean_noise_std,0.04418119788169861,1781404223.9085112
49491,Policy/mean_noise_std,0.046165358275175095,1781404429.3899198
49535,Policy/mean_noise_std,0.045405466109514236,1781404634.2151687
49579,Policy/mean_noise_std,0.04430612549185753,1781404840.490628
49623,Policy/mean_noise_std,0.04348970204591751,1781405046.6802692
49667,Policy/mean_noise_std,0.04772790148854256,1781405251.4147725
49711,Policy/mean_noise_std,0.048447106033563614,1781405458.526685
49755,Policy/mean_noise_std,0.047060396522283554,1781405664.2442818
49799,Policy/mean_noise_std,0.04536541551351547,1781405870.594758
49843,Policy/mean_noise_std,0.04736776277422905,1781406076.1254418
49887,Policy/mean_noise_std,0.046906713396310806,1781406283.030108
49931,Policy/mean_noise_std,0.05323878675699234,1781406488.8020606
49975,Policy/mean_noise_std,0.05116652324795723,1781406693.8319592
50019,Policy/mean_noise_std,0.05010141059756279,1781406900.0677013
50063,Policy/mean_noise_std,0.04833243787288666,1781407104.9150765
50107,Policy/mean_noise_std,0.04916193708777428,1781407311.1314075
50151,Policy/mean_noise_std,0.04841645434498787,1781407516.2868338
50195,Policy/mean_noise_std,0.04669594019651413,1781407721.0307963
50239,Policy/mean_noise_std,0.04534056410193443,1781407926.8021655
50283,Policy/mean_noise_std,0.04661937057971954,1781408132.9793751
50327,Policy/mean_noise_std,0.04735327139496803,1781408338.8645337
50371,Policy/mean_noise_std,0.05035677179694176,1781408544.5958235
50415,Policy/mean_noise_std,0.051123619079589844,1781408750.2139108
50459,Policy/mean_noise_std,0.05692247301340103,1781408956.8957582
50503,Policy/mean_noise_std,0.05527561157941818,1781409163.2689047
50547,Policy/mean_noise_std,0.05544785410165787,1781409370.6998556
50591,Policy/mean_noise_std,0.05229257047176361,1781409577.9409096
50635,Policy/mean_noise_std,0.05140874162316322,1781409784.1852913
50679,Policy/mean_noise_std,0.05268191173672676,1781409998.0187044
50723,Policy/mean_noise_std,0.05216502025723457,1781410262.3348482
50767,Policy/mean_noise_std,0.052742667496204376,1781410516.7028878
50811,Policy/mean_noise_std,0.0527682900428772,1781410785.1785023
50855,Policy/mean_noise_std,0.05410788580775261,1781411016.0748444
50899,Policy/mean_noise_std,0.05327717959880829,1781411250.0675218
50943,Policy/mean_noise_std,0.054628223180770874,1781411457.1980207
50987,Policy/mean_noise_std,0.05201365053653717,1781411657.45871
51031,Policy/mean_noise_std,0.05168386548757553,1781411864.1227155
51075,Policy/mean_noise_std,0.05225272476673126,1781412063.8860736
51119,Policy/mean_noise_std,0.05342758819460869,1781412265.8040113
51163,Policy/mean_noise_std,0.05085602402687073,1781412472.930778
51207,Policy/mean_noise_std,0.05235216021537781,1781412679.673184
51236,Policy/mean_noise_std,0.05075811967253685,1781412836.0417101
7999,Loss/learning_rate,9.999999747378752e-06,1781175596.7799058
8043,Loss/learning_rate,9.999999747378752e-06,1781175849.779423
8087,Loss/learning_rate,2.2500000341096893e-05,1781176146.0899878
8131,Loss/learning_rate,2.2500000341096893e-05,1781176457.6161227
8175,Loss/learning_rate,2.2500000341096893e-05,1781176762.341486
8219,Loss/learning_rate,2.2500000341096893e-05,1781177061.7822433
8263,Loss/learning_rate,1.4999999621068127e-05,1781177369.6679676
8307,Loss/learning_rate,1.4999999621068127e-05,1781177682.5750074
8351,Loss/learning_rate,2.2500000341096893e-05,1781177988.5298
8395,Loss/learning_rate,2.2500000341096893e-05,1781178298.672866
8439,Loss/learning_rate,2.2500000341096893e-05,1781178603.0468574
8483,Loss/learning_rate,1.4999999621068127e-05,1781178906.163752
8527,Loss/learning_rate,9.999999747378752e-06,1781179210.7438214
8571,Loss/learning_rate,9.999999747378752e-06,1781179511.0673227
8615,Loss/learning_rate,1.4999999621068127e-05,1781179814.275663
8659,Loss/learning_rate,1.4999999621068127e-05,1781180115.7622519
8703,Loss/learning_rate,1.4999999621068127e-05,1781180423.892101
8747,Loss/learning_rate,9.999999747378752e-06,1781180721.111486
8791,Loss/learning_rate,9.999999747378752e-06,1781181025.7346606
8835,Loss/learning_rate,9.999999747378752e-06,1781181334.685381
8879,Loss/learning_rate,9.999999747378752e-06,1781181639.7505744
8923,Loss/learning_rate,9.999999747378752e-06,1781181942.7858422
8967,Loss/learning_rate,9.999999747378752e-06,1781182252.7989464
9011,Loss/learning_rate,9.999999747378752e-06,1781182559.0477858
9055,Loss/learning_rate,1.4999999621068127e-05,1781182868.787692
9099,Loss/learning_rate,9.999999747378752e-06,1781183175.7406206
9143,Loss/learning_rate,9.999999747378752e-06,1781183485.3126748
9187,Loss/learning_rate,1.4999999621068127e-05,1781183797.3369164
9231,Loss/learning_rate,9.999999747378752e-06,1781184105.1393378
9275,Loss/learning_rate,9.999999747378752e-06,1781184412.566661
9319,Loss/learning_rate,9.999999747378752e-06,1781184719.097755
9363,Loss/learning_rate,1.4999999621068127e-05,1781185028.2708864
9407,Loss/learning_rate,9.999999747378752e-06,1781185332.2417312
9451,Loss/learning_rate,9.999999747378752e-06,1781185640.187753
9495,Loss/learning_rate,9.999999747378752e-06,1781185944.5170562
9539,Loss/learning_rate,1.4999999621068127e-05,1781186252.5856605
9583,Loss/learning_rate,9.999999747378752e-06,1781186560.2660506
9627,Loss/learning_rate,9.999999747378752e-06,1781186867.415667
9671,Loss/learning_rate,1.4999999621068127e-05,1781187176.7043242
9715,Loss/learning_rate,1.4999999621068127e-05,1781187485.084535
9759,Loss/learning_rate,1.4999999621068127e-05,1781187792.9147863
9803,Loss/learning_rate,9.999999747378752e-06,1781188100.4740598
9847,Loss/learning_rate,1.4999999621068127e-05,1781188409.5412402
9891,Loss/learning_rate,9.999999747378752e-06,1781188718.3178277
9935,Loss/learning_rate,9.999999747378752e-06,1781189025.060725
9979,Loss/learning_rate,9.999999747378752e-06,1781189331.7430573
10023,Loss/learning_rate,9.999999747378752e-06,1781189640.3137107
10067,Loss/learning_rate,9.999999747378752e-06,1781189948.940953
10111,Loss/learning_rate,9.999999747378752e-06,1781190253.9119382
10155,Loss/learning_rate,9.999999747378752e-06,1781190559.8292186
10199,Loss/learning_rate,1.4999999621068127e-05,1781190869.354435
10243,Loss/learning_rate,9.999999747378752e-06,1781191176.44346
10287,Loss/learning_rate,1.4999999621068127e-05,1781191481.9153686
10331,Loss/learning_rate,9.999999747378752e-06,1781191791.5158327
10375,Loss/learning_rate,1.4999999621068127e-05,1781192099.5907702
10419,Loss/learning_rate,9.999999747378752e-06,1781192407.1240563
10463,Loss/learning_rate,9.999999747378752e-06,1781192714.591543
10507,Loss/learning_rate,9.999999747378752e-06,1781193023.3740118
10551,Loss/learning_rate,1.4999999621068127e-05,1781193329.3358545
10595,Loss/learning_rate,9.999999747378752e-06,1781193636.7632887
10639,Loss/learning_rate,9.999999747378752e-06,1781193943.5111923
10683,Loss/learning_rate,9.999999747378752e-06,1781194250.0105767
10727,Loss/learning_rate,1.4999999621068127e-05,1781194555.876482
10771,Loss/learning_rate,9.999999747378752e-06,1781194864.297846
10815,Loss/learning_rate,1.4999999621068127e-05,1781195164.9531143
10859,Loss/learning_rate,9.999999747378752e-06,1781195473.3088064
10903,Loss/learning_rate,1.4999999621068127e-05,1781195780.695276
10947,Loss/learning_rate,9.999999747378752e-06,1781196088.9711938
10991,Loss/learning_rate,9.999999747378752e-06,1781196396.092164
11035,Loss/learning_rate,9.999999747378752e-06,1781196701.5988271
11079,Loss/learning_rate,9.999999747378752e-06,1781197006.815438
11123,Loss/learning_rate,9.999999747378752e-06,1781197313.4801764
11167,Loss/learning_rate,9.999999747378752e-06,1781197619.20912
11211,Loss/learning_rate,9.999999747378752e-06,1781197925.6636815
11255,Loss/learning_rate,9.999999747378752e-06,1781198232.8629384
11299,Loss/learning_rate,9.999999747378752e-06,1781198536.217582
11343,Loss/learning_rate,9.999999747378752e-06,1781198845.4296305
11387,Loss/learning_rate,1.4999999621068127e-05,1781199154.2321744
11431,Loss/learning_rate,9.999999747378752e-06,1781199462.9432437
11475,Loss/learning_rate,9.999999747378752e-06,1781199768.9049122
11519,Loss/learning_rate,9.999999747378752e-06,1781200076.4124875
11563,Loss/learning_rate,9.999999747378752e-06,1781200385.386496
11607,Loss/learning_rate,9.999999747378752e-06,1781200695.9449117
11651,Loss/learning_rate,9.999999747378752e-06,1781201006.8201659
11695,Loss/learning_rate,9.999999747378752e-06,1781201315.6567295
11739,Loss/learning_rate,9.999999747378752e-06,1781201622.6709075
11783,Loss/learning_rate,9.999999747378752e-06,1781201926.5115626
11827,Loss/learning_rate,9.999999747378752e-06,1781202236.3645246
11871,Loss/learning_rate,1.4999999621068127e-05,1781202544.8514843
11915,Loss/learning_rate,1.4999999621068127e-05,1781202854.05254
11959,Loss/learning_rate,2.2500000341096893e-05,1781203163.8940752
12003,Loss/learning_rate,1.4999999621068127e-05,1781203475.5706043
12047,Loss/learning_rate,2.2500000341096893e-05,1781203786.40524
12091,Loss/learning_rate,9.999999747378752e-06,1781204094.5963743
12135,Loss/learning_rate,9.999999747378752e-06,1781204401.6496964
12179,Loss/learning_rate,1.4999999621068127e-05,1781204709.5299792
12223,Loss/learning_rate,2.2500000341096893e-05,1781205019.872547
12267,Loss/learning_rate,2.2500000341096893e-05,1781205330.6243136
12311,Loss/learning_rate,1.4999999621068127e-05,1781205641.4064858
12355,Loss/learning_rate,2.2500000341096893e-05,1781205952.5834076
12399,Loss/learning_rate,2.2500000341096893e-05,1781206261.2529695
12443,Loss/learning_rate,3.3749998692655936e-05,1781206570.4526439
12487,Loss/learning_rate,2.2500000341096893e-05,1781206879.0921276
12531,Loss/learning_rate,1.4999999621068127e-05,1781207185.5187209
12575,Loss/learning_rate,2.2500000341096893e-05,1781207492.0020683
12619,Loss/learning_rate,2.2500000341096893e-05,1781207796.6872406
12663,Loss/learning_rate,1.4999999621068127e-05,1781208100.0086296
12707,Loss/learning_rate,1.4999999621068127e-05,1781208402.34739
12751,Loss/learning_rate,9.999999747378752e-06,1781208706.165713
12795,Loss/learning_rate,9.999999747378752e-06,1781209010.8829944
12839,Loss/learning_rate,1.4999999621068127e-05,1781209311.7465847
12883,Loss/learning_rate,9.999999747378752e-06,1781209615.4642699
12927,Loss/learning_rate,1.4999999621068127e-05,1781209919.8602881
12971,Loss/learning_rate,9.999999747378752e-06,1781210222.8786414
13015,Loss/learning_rate,1.4999999621068127e-05,1781210527.7078125
13059,Loss/learning_rate,9.999999747378752e-06,1781210832.9103122
13103,Loss/learning_rate,9.999999747378752e-06,1781211138.3779547
13147,Loss/learning_rate,9.999999747378752e-06,1781211442.2206402
13191,Loss/learning_rate,9.999999747378752e-06,1781211747.2303765
13235,Loss/learning_rate,9.999999747378752e-06,1781212050.2477446
13279,Loss/learning_rate,1.4999999621068127e-05,1781212352.3067794
13323,Loss/learning_rate,9.999999747378752e-06,1781212658.9995775
13367,Loss/learning_rate,9.999999747378752e-06,1781212963.6065688
13411,Loss/learning_rate,9.999999747378752e-06,1781213268.608565
13455,Loss/learning_rate,9.999999747378752e-06,1781213571.4773617
13499,Loss/learning_rate,9.999999747378752e-06,1781213874.8935442
13543,Loss/learning_rate,1.4999999621068127e-05,1781214170.4575024
13587,Loss/learning_rate,9.999999747378752e-06,1781214471.8485825
13631,Loss/learning_rate,9.999999747378752e-06,1781214775.601655
13675,Loss/learning_rate,9.999999747378752e-06,1781215081.7811408
13719,Loss/learning_rate,9.999999747378752e-06,1781215386.5811946
13763,Loss/learning_rate,9.999999747378752e-06,1781215693.6852114
13807,Loss/learning_rate,9.999999747378752e-06,1781215998.9724069
13851,Loss/learning_rate,9.999999747378752e-06,1781216304.1587903
13895,Loss/learning_rate,9.999999747378752e-06,1781216609.7160356
13939,Loss/learning_rate,9.999999747378752e-06,1781216915.4500325
13983,Loss/learning_rate,9.999999747378752e-06,1781217219.7137218
14027,Loss/learning_rate,9.999999747378752e-06,1781217524.4840403
14071,Loss/learning_rate,9.999999747378752e-06,1781217829.6524706
14115,Loss/learning_rate,9.999999747378752e-06,1781218136.0189664
14159,Loss/learning_rate,1.4999999621068127e-05,1781218440.7578123
14203,Loss/learning_rate,9.999999747378752e-06,1781218745.1467981
14247,Loss/learning_rate,9.999999747378752e-06,1781219046.8176434
14291,Loss/learning_rate,9.999999747378752e-06,1781219350.9455307
14335,Loss/learning_rate,9.999999747378752e-06,1781219656.3249922
14379,Loss/learning_rate,9.999999747378752e-06,1781219959.737134
14423,Loss/learning_rate,1.4999999621068127e-05,1781220264.7429817
14467,Loss/learning_rate,9.999999747378752e-06,1781220570.7919476
14511,Loss/learning_rate,1.4999999621068127e-05,1781220874.275548
14555,Loss/learning_rate,1.4999999621068127e-05,1781221179.3041089
14599,Loss/learning_rate,1.4999999621068127e-05,1781221485.6541493
14643,Loss/learning_rate,9.999999747378752e-06,1781221791.8698096
14687,Loss/learning_rate,9.999999747378752e-06,1781222097.6484518
14731,Loss/learning_rate,9.999999747378752e-06,1781222401.1101003
14775,Loss/learning_rate,9.999999747378752e-06,1781222705.641953
14819,Loss/learning_rate,9.999999747378752e-06,1781223011.8911378
14863,Loss/learning_rate,9.999999747378752e-06,1781223314.9360325
14907,Loss/learning_rate,9.999999747378752e-06,1781223618.853934
14951,Loss/learning_rate,9.999999747378752e-06,1781223920.7359908
14995,Loss/learning_rate,1.4999999621068127e-05,1781224225.5221312
15039,Loss/learning_rate,9.999999747378752e-06,1781224531.2091684
15083,Loss/learning_rate,9.999999747378752e-06,1781224833.4179037
15127,Loss/learning_rate,1.4999999621068127e-05,1781225140.5892332
15171,Loss/learning_rate,1.4999999621068127e-05,1781225444.8764434
15215,Loss/learning_rate,9.999999747378752e-06,1781225750.150809
15259,Loss/learning_rate,9.999999747378752e-06,1781226054.0979025
15303,Loss/learning_rate,9.999999747378752e-06,1781226358.7313354
15347,Loss/learning_rate,9.999999747378752e-06,1781226663.6814096
15391,Loss/learning_rate,9.999999747378752e-06,1781226968.3260956
15435,Loss/learning_rate,9.999999747378752e-06,1781227269.4650297
15479,Loss/learning_rate,9.999999747378752e-06,1781227573.1284313
15523,Loss/learning_rate,9.999999747378752e-06,1781227875.684473
15567,Loss/learning_rate,1.4999999621068127e-05,1781228178.0341883
15611,Loss/learning_rate,9.999999747378752e-06,1781228485.0237346
15655,Loss/learning_rate,9.999999747378752e-06,1781228785.9414136
15699,Loss/learning_rate,9.999999747378752e-06,1781229090.7764752
15743,Loss/learning_rate,9.999999747378752e-06,1781229395.4596777
15787,Loss/learning_rate,9.999999747378752e-06,1781229699.9973152
15831,Loss/learning_rate,1.4999999621068127e-05,1781230004.7869165
15875,Loss/learning_rate,1.4999999621068127e-05,1781230305.848934
15919,Loss/learning_rate,9.999999747378752e-06,1781230609.4851332
15963,Loss/learning_rate,9.999999747378752e-06,1781230915.975657
16007,Loss/learning_rate,1.4999999621068127e-05,1781231218.824595
16051,Loss/learning_rate,9.999999747378752e-06,1781231521.9172277
16095,Loss/learning_rate,9.999999747378752e-06,1781231821.692907
16139,Loss/learning_rate,9.999999747378752e-06,1781232125.8939734
16183,Loss/learning_rate,9.999999747378752e-06,1781232429.1202738
16227,Loss/learning_rate,9.999999747378752e-06,1781232733.8475838
16271,Loss/learning_rate,1.4999999621068127e-05,1781233039.9754224
16315,Loss/learning_rate,9.999999747378752e-06,1781233344.4068515
16359,Loss/learning_rate,9.999999747378752e-06,1781233644.3327234
16403,Loss/learning_rate,9.999999747378752e-06,1781233947.682915
16447,Loss/learning_rate,1.4999999621068127e-05,1781234251.460421
16491,Loss/learning_rate,9.999999747378752e-06,1781234557.6525624
16535,Loss/learning_rate,9.999999747378752e-06,1781234863.6413126
16579,Loss/learning_rate,1.4999999621068127e-05,1781235130.542009
16623,Loss/learning_rate,9.999999747378752e-06,1781235384.2554214
16667,Loss/learning_rate,9.999999747378752e-06,1781235648.3023794
16711,Loss/learning_rate,9.999999747378752e-06,1781235917.9186785
16755,Loss/learning_rate,9.999999747378752e-06,1781236167.585288
16799,Loss/learning_rate,9.999999747378752e-06,1781236415.5721152
16843,Loss/learning_rate,9.999999747378752e-06,1781236664.458703
16887,Loss/learning_rate,9.999999747378752e-06,1781236912.706691
16931,Loss/learning_rate,9.999999747378752e-06,1781237161.7225053
16975,Loss/learning_rate,9.999999747378752e-06,1781237410.2186346
17019,Loss/learning_rate,9.999999747378752e-06,1781237661.9909136
17063,Loss/learning_rate,9.999999747378752e-06,1781237912.5768144
17107,Loss/learning_rate,9.999999747378752e-06,1781238162.773768
17151,Loss/learning_rate,9.999999747378752e-06,1781238408.083403
17195,Loss/learning_rate,9.999999747378752e-06,1781238653.5531845
17239,Loss/learning_rate,1.4999999621068127e-05,1781238904.2139301
17283,Loss/learning_rate,9.999999747378752e-06,1781239157.1405854
17327,Loss/learning_rate,9.999999747378752e-06,1781239405.1721478
17371,Loss/learning_rate,9.999999747378752e-06,1781239654.6792512
17415,Loss/learning_rate,9.999999747378752e-06,1781239901.9023333
17459,Loss/learning_rate,9.999999747378752e-06,1781240147.5354135
17503,Loss/learning_rate,9.999999747378752e-06,1781240397.169616
17547,Loss/learning_rate,1.4999999621068127e-05,1781240649.5552294
17591,Loss/learning_rate,9.999999747378752e-06,1781240897.7157383
17635,Loss/learning_rate,9.999999747378752e-06,1781241147.6815767
17679,Loss/learning_rate,9.999999747378752e-06,1781241400.075964
17723,Loss/learning_rate,9.999999747378752e-06,1781241652.1721663
17767,Loss/learning_rate,1.4999999621068127e-05,1781241902.9110172
17811,Loss/learning_rate,9.999999747378752e-06,1781242152.9451299
17855,Loss/learning_rate,9.999999747378752e-06,1781242405.328243
17899,Loss/learning_rate,9.999999747378752e-06,1781242657.3840666
17943,Loss/learning_rate,9.999999747378752e-06,1781242908.72256
17987,Loss/learning_rate,9.999999747378752e-06,1781243152.7963104
18031,Loss/learning_rate,9.999999747378752e-06,1781243403.7042916
18075,Loss/learning_rate,9.999999747378752e-06,1781243654.262448
18119,Loss/learning_rate,9.999999747378752e-06,1781243929.4558446
18163,Loss/learning_rate,9.999999747378752e-06,1781244237.1370444
18207,Loss/learning_rate,9.999999747378752e-06,1781244540.1170053
18251,Loss/learning_rate,9.999999747378752e-06,1781244848.299995
18295,Loss/learning_rate,9.999999747378752e-06,1781245156.003635
18339,Loss/learning_rate,9.999999747378752e-06,1781245464.4354293
18383,Loss/learning_rate,9.999999747378752e-06,1781245766.8242896
18427,Loss/learning_rate,9.999999747378752e-06,1781246071.5424821
18471,Loss/learning_rate,9.999999747378752e-06,1781246381.4815338
18515,Loss/learning_rate,9.999999747378752e-06,1781246689.477109
18559,Loss/learning_rate,9.999999747378752e-06,1781246998.7326517
18603,Loss/learning_rate,9.999999747378752e-06,1781247307.4158762
18647,Loss/learning_rate,9.999999747378752e-06,1781247665.9591043
18691,Loss/learning_rate,9.999999747378752e-06,1781248002.7070563
18735,Loss/learning_rate,9.999999747378752e-06,1781248307.9782498
18779,Loss/learning_rate,1.4999999621068127e-05,1781248614.6310508
18823,Loss/learning_rate,9.999999747378752e-06,1781248918.1342254
18867,Loss/learning_rate,9.999999747378752e-06,1781249224.686242
18911,Loss/learning_rate,9.999999747378752e-06,1781249529.270292
18955,Loss/learning_rate,9.999999747378752e-06,1781249833.2094479
18999,Loss/learning_rate,9.999999747378752e-06,1781250134.6652665
19043,Loss/learning_rate,9.999999747378752e-06,1781250438.7493672
19087,Loss/learning_rate,1.4999999621068127e-05,1781250744.2095187
19131,Loss/learning_rate,9.999999747378752e-06,1781251044.9046435
19175,Loss/learning_rate,9.999999747378752e-06,1781251352.2971804
19219,Loss/learning_rate,9.999999747378752e-06,1781251658.4397182
19263,Loss/learning_rate,9.999999747378752e-06,1781251964.420155
19307,Loss/learning_rate,9.999999747378752e-06,1781252269.6852188
19351,Loss/learning_rate,1.4999999621068127e-05,1781252575.2017322
19395,Loss/learning_rate,9.999999747378752e-06,1781252877.427607
19439,Loss/learning_rate,9.999999747378752e-06,1781253180.4549913
19483,Loss/learning_rate,9.999999747378752e-06,1781253485.2671103
19527,Loss/learning_rate,9.999999747378752e-06,1781253789.9072936
19571,Loss/learning_rate,9.999999747378752e-06,1781254093.347763
19615,Loss/learning_rate,9.999999747378752e-06,1781254396.4264967
19659,Loss/learning_rate,9.999999747378752e-06,1781254701.3356178
19703,Loss/learning_rate,9.999999747378752e-06,1781255008.113545
19747,Loss/learning_rate,9.999999747378752e-06,1781255312.6819873
19791,Loss/learning_rate,1.4999999621068127e-05,1781255616.0472834
19835,Loss/learning_rate,9.999999747378752e-06,1781255922.4515355
19879,Loss/learning_rate,9.999999747378752e-06,1781256227.778239
19923,Loss/learning_rate,9.999999747378752e-06,1781256533.1204169
19967,Loss/learning_rate,9.999999747378752e-06,1781256838.1498156
20011,Loss/learning_rate,9.999999747378752e-06,1781257141.9745777
20055,Loss/learning_rate,9.999999747378752e-06,1781257442.5200086
20099,Loss/learning_rate,9.999999747378752e-06,1781257746.352976
20143,Loss/learning_rate,9.999999747378752e-06,1781258049.9803295
20187,Loss/learning_rate,9.999999747378752e-06,1781258352.977372
20231,Loss/learning_rate,1.4999999621068127e-05,1781258655.0487053
20275,Loss/learning_rate,9.999999747378752e-06,1781258957.373757
20319,Loss/learning_rate,9.999999747378752e-06,1781259256.825996
20363,Loss/learning_rate,9.999999747378752e-06,1781259558.5280483
20407,Loss/learning_rate,9.999999747378752e-06,1781259864.318208
20451,Loss/learning_rate,9.999999747378752e-06,1781260168.570599
20495,Loss/learning_rate,9.999999747378752e-06,1781260473.0231943
20539,Loss/learning_rate,9.999999747378752e-06,1781260776.912269
20583,Loss/learning_rate,1.4999999621068127e-05,1781261081.3018422
20627,Loss/learning_rate,9.999999747378752e-06,1781261384.0637424
20671,Loss/learning_rate,9.999999747378752e-06,1781261688.3562305
20715,Loss/learning_rate,1.4999999621068127e-05,1781261991.4458568
20759,Loss/learning_rate,1.4999999621068127e-05,1781262291.9304907
20803,Loss/learning_rate,9.999999747378752e-06,1781262596.4971416
20847,Loss/learning_rate,9.999999747378752e-06,1781262947.9633474
20891,Loss/learning_rate,9.999999747378752e-06,1781263279.4960568
20935,Loss/learning_rate,9.999999747378752e-06,1781263583.683595
20979,Loss/learning_rate,9.999999747378752e-06,1781263887.977594
21023,Loss/learning_rate,9.999999747378752e-06,1781264193.4570434
21067,Loss/learning_rate,1.4999999621068127e-05,1781264485.458102
21111,Loss/learning_rate,9.999999747378752e-06,1781264745.7556798
21155,Loss/learning_rate,1.4999999621068127e-05,1781264991.2947252
21199,Loss/learning_rate,9.999999747378752e-06,1781265237.2652562
21243,Loss/learning_rate,1.4999999621068127e-05,1781265483.9060135
21287,Loss/learning_rate,9.999999747378752e-06,1781265728.4977365
21331,Loss/learning_rate,9.999999747378752e-06,1781265977.0025966
21375,Loss/learning_rate,9.999999747378752e-06,1781266212.644851
21419,Loss/learning_rate,9.999999747378752e-06,1781266459.2986112
21463,Loss/learning_rate,9.999999747378752e-06,1781266707.9062614
21507,Loss/learning_rate,1.4999999621068127e-05,1781266954.3573222
21551,Loss/learning_rate,9.999999747378752e-06,1781267198.8511229
21595,Loss/learning_rate,9.999999747378752e-06,1781267443.8581913
21639,Loss/learning_rate,9.999999747378752e-06,1781267688.6522095
21683,Loss/learning_rate,9.999999747378752e-06,1781267939.0791042
21727,Loss/learning_rate,9.999999747378752e-06,1781268186.6875854
21771,Loss/learning_rate,1.4999999621068127e-05,1781268450.006985
21815,Loss/learning_rate,9.999999747378752e-06,1781268698.281653
21859,Loss/learning_rate,1.4999999621068127e-05,1781268948.6761687
21903,Loss/learning_rate,9.999999747378752e-06,1781269198.9839404
21947,Loss/learning_rate,9.999999747378752e-06,1781269451.3890445
21991,Loss/learning_rate,9.999999747378752e-06,1781269700.9225714
22035,Loss/learning_rate,9.999999747378752e-06,1781269951.0542502
22079,Loss/learning_rate,9.999999747378752e-06,1781270201.55576
22123,Loss/learning_rate,9.999999747378752e-06,1781270451.9656057
22167,Loss/learning_rate,9.999999747378752e-06,1781270700.7754345
22211,Loss/learning_rate,9.999999747378752e-06,1781270949.6749508
22255,Loss/learning_rate,9.999999747378752e-06,1781271199.3948128
22299,Loss/learning_rate,9.999999747378752e-06,1781271445.419918
22343,Loss/learning_rate,9.999999747378752e-06,1781271696.2072968
22387,Loss/learning_rate,9.999999747378752e-06,1781271938.921898
22431,Loss/learning_rate,9.999999747378752e-06,1781272174.391684
22475,Loss/learning_rate,9.999999747378752e-06,1781272417.8789902
22519,Loss/learning_rate,9.999999747378752e-06,1781272671.4454627
22563,Loss/learning_rate,9.999999747378752e-06,1781272921.4157739
22607,Loss/learning_rate,1.4999999621068127e-05,1781273167.7674754
22651,Loss/learning_rate,9.999999747378752e-06,1781273416.7454872
22695,Loss/learning_rate,9.999999747378752e-06,1781273673.238163
22739,Loss/learning_rate,9.999999747378752e-06,1781273929.9886985
22783,Loss/learning_rate,9.999999747378752e-06,1781274172.835052
22827,Loss/learning_rate,9.999999747378752e-06,1781274419.1809857
22871,Loss/learning_rate,9.999999747378752e-06,1781274672.2637806
22915,Loss/learning_rate,9.999999747378752e-06,1781274923.8293002
22959,Loss/learning_rate,1.4999999621068127e-05,1781275170.1913385
23003,Loss/learning_rate,1.4999999621068127e-05,1781275418.7946422
23047,Loss/learning_rate,9.999999747378752e-06,1781275666.3809247
23091,Loss/learning_rate,9.999999747378752e-06,1781275916.1478517
23135,Loss/learning_rate,9.999999747378752e-06,1781276165.5272717
23179,Loss/learning_rate,9.999999747378752e-06,1781276417.2628596
23223,Loss/learning_rate,1.4999999621068127e-05,1781276661.0248682
23267,Loss/learning_rate,9.999999747378752e-06,1781276911.833531
23311,Loss/learning_rate,9.999999747378752e-06,1781277162.830391
23355,Loss/learning_rate,9.999999747378752e-06,1781277412.4980278
23399,Loss/learning_rate,9.999999747378752e-06,1781277653.60445
23443,Loss/learning_rate,9.999999747378752e-06,1781277901.900115
23487,Loss/learning_rate,9.999999747378752e-06,1781278152.4447744
23531,Loss/learning_rate,9.999999747378752e-06,1781278403.2097573
23575,Loss/learning_rate,1.4999999621068127e-05,1781278655.109033
23619,Loss/learning_rate,9.999999747378752e-06,1781278903.7069006
23663,Loss/learning_rate,9.999999747378752e-06,1781279155.0556872
23707,Loss/learning_rate,9.999999747378752e-06,1781279407.1446743
23751,Loss/learning_rate,9.999999747378752e-06,1781279655.104853
23795,Loss/learning_rate,1.4999999621068127e-05,1781279902.0817568
23839,Loss/learning_rate,9.999999747378752e-06,1781280150.776324
23883,Loss/learning_rate,9.999999747378752e-06,1781280399.6773174
23927,Loss/learning_rate,9.999999747378752e-06,1781280646.5977998
23971,Loss/learning_rate,9.999999747378752e-06,1781280897.398186
24015,Loss/learning_rate,1.4999999621068127e-05,1781281147.619386
24059,Loss/learning_rate,1.4999999621068127e-05,1781281393.519452
24103,Loss/learning_rate,9.999999747378752e-06,1781281644.1527805
24147,Loss/learning_rate,9.999999747378752e-06,1781281895.3620448
24191,Loss/learning_rate,9.999999747378752e-06,1781282144.8785796
24235,Loss/learning_rate,9.999999747378752e-06,1781282397.746795
24279,Loss/learning_rate,9.999999747378752e-06,1781282649.7034993
24323,Loss/learning_rate,9.999999747378752e-06,1781282900.7940035
24367,Loss/learning_rate,9.999999747378752e-06,1781283148.37092
24411,Loss/learning_rate,9.999999747378752e-06,1781283400.8671136
24455,Loss/learning_rate,9.999999747378752e-06,1781283651.7723393
24499,Loss/learning_rate,1.4999999621068127e-05,1781283903.4843097
24543,Loss/learning_rate,9.999999747378752e-06,1781284154.161167
24587,Loss/learning_rate,9.999999747378752e-06,1781284402.8807654
24631,Loss/learning_rate,9.999999747378752e-06,1781284647.4499688
24675,Loss/learning_rate,9.999999747378752e-06,1781284897.2461624
24719,Loss/learning_rate,9.999999747378752e-06,1781285147.8489285
24763,Loss/learning_rate,9.999999747378752e-06,1781285396.29499
24807,Loss/learning_rate,1.4999999621068127e-05,1781285646.5689037
24851,Loss/learning_rate,9.999999747378752e-06,1781285895.215468
24895,Loss/learning_rate,1.4999999621068127e-05,1781286138.7815769
24939,Loss/learning_rate,9.999999747378752e-06,1781286388.1647885
24983,Loss/learning_rate,9.999999747378752e-06,1781286636.927483
25027,Loss/learning_rate,9.999999747378752e-06,1781286885.953356
25071,Loss/learning_rate,1.4999999621068127e-05,1781287135.269156
25115,Loss/learning_rate,9.999999747378752e-06,1781287380.6775668
25159,Loss/learning_rate,9.999999747378752e-06,1781287626.9065578
25203,Loss/learning_rate,1.4999999621068127e-05,1781287865.1912062
25247,Loss/learning_rate,9.999999747378752e-06,1781288113.411139
25291,Loss/learning_rate,9.999999747378752e-06,1781288363.8873577
25335,Loss/learning_rate,9.999999747378752e-06,1781288609.9712796
25379,Loss/learning_rate,9.999999747378752e-06,1781288849.4568033
25423,Loss/learning_rate,9.999999747378752e-06,1781289098.1563482
25467,Loss/learning_rate,9.999999747378752e-06,1781289347.3002214
25511,Loss/learning_rate,9.999999747378752e-06,1781289596.8451087
25555,Loss/learning_rate,9.999999747378752e-06,1781289847.7909534
25599,Loss/learning_rate,9.999999747378752e-06,1781290096.6768699
25643,Loss/learning_rate,9.999999747378752e-06,1781290346.858421
25687,Loss/learning_rate,9.999999747378752e-06,1781290594.506673
25731,Loss/learning_rate,1.4999999621068127e-05,1781290837.5645192
25775,Loss/learning_rate,9.999999747378752e-06,1781291081.3434553
25819,Loss/learning_rate,9.999999747378752e-06,1781291326.2861006
25863,Loss/learning_rate,9.999999747378752e-06,1781291571.6960042
25907,Loss/learning_rate,9.999999747378752e-06,1781291810.388739
25951,Loss/learning_rate,9.999999747378752e-06,1781292059.5823388
25995,Loss/learning_rate,9.999999747378752e-06,1781292306.4523656
26039,Loss/learning_rate,9.999999747378752e-06,1781292550.740182
26083,Loss/learning_rate,1.4999999621068127e-05,1781292800.8977034
26127,Loss/learning_rate,9.999999747378752e-06,1781293046.2271008
26171,Loss/learning_rate,9.999999747378752e-06,1781293293.5623136
26215,Loss/learning_rate,9.999999747378752e-06,1781293540.2806416
26259,Loss/learning_rate,9.999999747378752e-06,1781293783.0306375
26303,Loss/learning_rate,9.999999747378752e-06,1781294030.1643898
26347,Loss/learning_rate,9.999999747378752e-06,1781294279.0391078
26391,Loss/learning_rate,9.999999747378752e-06,1781294527.4466774
26435,Loss/learning_rate,9.999999747378752e-06,1781294777.273979
26479,Loss/learning_rate,9.999999747378752e-06,1781295022.3330195
26523,Loss/learning_rate,1.4999999621068127e-05,1781295272.0322428
26567,Loss/learning_rate,9.999999747378752e-06,1781295516.5121467
26611,Loss/learning_rate,9.999999747378752e-06,1781295760.9999506
26655,Loss/learning_rate,9.999999747378752e-06,1781295994.0442426
26699,Loss/learning_rate,9.999999747378752e-06,1781296237.027547
26743,Loss/learning_rate,9.999999747378752e-06,1781296478.7786791
26787,Loss/learning_rate,9.999999747378752e-06,1781296723.4933314
26831,Loss/learning_rate,9.999999747378752e-06,1781296970.9962466
26875,Loss/learning_rate,9.999999747378752e-06,1781297219.630789
26919,Loss/learning_rate,9.999999747378752e-06,1781297466.0824625
26963,Loss/learning_rate,1.4999999621068127e-05,1781297714.6970787
27007,Loss/learning_rate,9.999999747378752e-06,1781297961.7627127
27051,Loss/learning_rate,1.4999999621068127e-05,1781298209.9797997
27095,Loss/learning_rate,9.999999747378752e-06,1781298458.972403
27139,Loss/learning_rate,9.999999747378752e-06,1781298707.202823
27183,Loss/learning_rate,9.999999747378752e-06,1781298952.2178519
27227,Loss/learning_rate,9.999999747378752e-06,1781299200.2055054
27271,Loss/learning_rate,9.999999747378752e-06,1781299448.9697938
27315,Loss/learning_rate,9.999999747378752e-06,1781299695.1426394
27359,Loss/learning_rate,9.999999747378752e-06,1781299942.0121882
27403,Loss/learning_rate,9.999999747378752e-06,1781300184.5466018
27447,Loss/learning_rate,9.999999747378752e-06,1781300431.9449706
27491,Loss/learning_rate,9.999999747378752e-06,1781300680.068539
27535,Loss/learning_rate,9.999999747378752e-06,1781300928.178633
27579,Loss/learning_rate,9.999999747378752e-06,1781301174.296552
27623,Loss/learning_rate,9.999999747378752e-06,1781301421.3143508
27667,Loss/learning_rate,9.999999747378752e-06,1781301668.9290445
27711,Loss/learning_rate,9.999999747378752e-06,1781301916.5563476
27755,Loss/learning_rate,9.999999747378752e-06,1781302162.0040061
27799,Loss/learning_rate,9.999999747378752e-06,1781302411.4293063
27843,Loss/learning_rate,9.999999747378752e-06,1781302660.7590919
27887,Loss/learning_rate,9.999999747378752e-06,1781302910.3264072
27931,Loss/learning_rate,9.999999747378752e-06,1781303158.7405243
27975,Loss/learning_rate,9.999999747378752e-06,1781303407.015817
28019,Loss/learning_rate,9.999999747378752e-06,1781303656.0155108
28063,Loss/learning_rate,9.999999747378752e-06,1781303905.1264298
28107,Loss/learning_rate,9.999999747378752e-06,1781304153.2722278
28151,Loss/learning_rate,9.999999747378752e-06,1781304399.2294824
28195,Loss/learning_rate,1.4999999621068127e-05,1781304646.8783834
28239,Loss/learning_rate,9.999999747378752e-06,1781304881.5818057
28283,Loss/learning_rate,9.999999747378752e-06,1781305087.610978
28327,Loss/learning_rate,9.999999747378752e-06,1781305292.0077424
28371,Loss/learning_rate,9.999999747378752e-06,1781305497.977261
28415,Loss/learning_rate,9.999999747378752e-06,1781305705.2431345
28459,Loss/learning_rate,9.999999747378752e-06,1781305912.3054173
28503,Loss/learning_rate,9.999999747378752e-06,1781306118.9437633
28547,Loss/learning_rate,9.999999747378752e-06,1781306325.1654618
28591,Loss/learning_rate,9.999999747378752e-06,1781306533.6218622
28635,Loss/learning_rate,9.999999747378752e-06,1781306739.307991
28679,Loss/learning_rate,9.999999747378752e-06,1781306945.9837108
28723,Loss/learning_rate,9.999999747378752e-06,1781307153.3292031
28767,Loss/learning_rate,9.999999747378752e-06,1781307360.8754325
28811,Loss/learning_rate,9.999999747378752e-06,1781307567.41563
28855,Loss/learning_rate,9.999999747378752e-06,1781307773.8629181
28899,Loss/learning_rate,9.999999747378752e-06,1781307978.944279
28943,Loss/learning_rate,9.999999747378752e-06,1781308185.2874815
28987,Loss/learning_rate,9.999999747378752e-06,1781308390.3457954
29031,Loss/learning_rate,9.999999747378752e-06,1781308596.5881915
29075,Loss/learning_rate,1.4999999621068127e-05,1781308802.1634166
29119,Loss/learning_rate,9.999999747378752e-06,1781309008.8604007
29163,Loss/learning_rate,9.999999747378752e-06,1781309214.3310788
29207,Loss/learning_rate,9.999999747378752e-06,1781309419.2319734
29251,Loss/learning_rate,9.999999747378752e-06,1781309624.7394984
29295,Loss/learning_rate,9.999999747378752e-06,1781309829.790928
29339,Loss/learning_rate,9.999999747378752e-06,1781310034.3956609
29383,Loss/learning_rate,9.999999747378752e-06,1781310239.8665462
29427,Loss/learning_rate,9.999999747378752e-06,1781310445.943746
29471,Loss/learning_rate,9.999999747378752e-06,1781310650.4964015
29515,Loss/learning_rate,9.999999747378752e-06,1781310855.097767
29559,Loss/learning_rate,9.999999747378752e-06,1781311059.6004925
29603,Loss/learning_rate,9.999999747378752e-06,1781311265.2466445
29647,Loss/learning_rate,9.999999747378752e-06,1781311471.2754815
29691,Loss/learning_rate,9.999999747378752e-06,1781311675.2797813
29735,Loss/learning_rate,9.999999747378752e-06,1781311882.0352752
29779,Loss/learning_rate,9.999999747378752e-06,1781312086.9485474
29823,Loss/learning_rate,9.999999747378752e-06,1781312293.0036037
29867,Loss/learning_rate,9.999999747378752e-06,1781312498.378019
29911,Loss/learning_rate,9.999999747378752e-06,1781312704.1861548
29955,Loss/learning_rate,9.999999747378752e-06,1781312909.5263534
29999,Loss/learning_rate,1.4999999621068127e-05,1781313113.984605
30043,Loss/learning_rate,9.999999747378752e-06,1781313318.3579657
30087,Loss/learning_rate,9.999999747378752e-06,1781313524.1750748
30131,Loss/learning_rate,9.999999747378752e-06,1781313729.1681492
30175,Loss/learning_rate,9.999999747378752e-06,1781313933.8768265
30219,Loss/learning_rate,9.999999747378752e-06,1781314138.6486387
30263,Loss/learning_rate,9.999999747378752e-06,1781314343.799693
30307,Loss/learning_rate,1.4999999621068127e-05,1781314548.145155
30351,Loss/learning_rate,9.999999747378752e-06,1781314754.181341
30395,Loss/learning_rate,9.999999747378752e-06,1781314960.9841254
30439,Loss/learning_rate,9.999999747378752e-06,1781315165.7403696
30483,Loss/learning_rate,9.999999747378752e-06,1781315372.3000429
30527,Loss/learning_rate,9.999999747378752e-06,1781315578.6595225
30571,Loss/learning_rate,9.999999747378752e-06,1781315784.3209212
30615,Loss/learning_rate,9.999999747378752e-06,1781315989.9091167
30659,Loss/learning_rate,9.999999747378752e-06,1781316195.4491966
30703,Loss/learning_rate,1.4999999621068127e-05,1781316403.000337
30747,Loss/learning_rate,1.4999999621068127e-05,1781316609.5804176
30791,Loss/learning_rate,9.999999747378752e-06,1781316815.570066
30835,Loss/learning_rate,9.999999747378752e-06,1781317021.9976418
30879,Loss/learning_rate,9.999999747378752e-06,1781317229.0040858
30923,Loss/learning_rate,1.4999999621068127e-05,1781317435.9860847
30967,Loss/learning_rate,1.4999999621068127e-05,1781317641.9615955
31011,Loss/learning_rate,9.999999747378752e-06,1781317847.2496197
31055,Loss/learning_rate,9.999999747378752e-06,1781318054.4614317
31099,Loss/learning_rate,9.999999747378752e-06,1781318260.6040242
31143,Loss/learning_rate,9.999999747378752e-06,1781318467.4912093
31187,Loss/learning_rate,9.999999747378752e-06,1781318673.819738
31231,Loss/learning_rate,9.999999747378752e-06,1781318879.5512688
31275,Loss/learning_rate,9.999999747378752e-06,1781319084.8659256
31319,Loss/learning_rate,9.999999747378752e-06,1781319290.8729243
31363,Loss/learning_rate,9.999999747378752e-06,1781319497.4134898
31407,Loss/learning_rate,9.999999747378752e-06,1781319703.179787
31451,Loss/learning_rate,9.999999747378752e-06,1781319908.321105
31495,Loss/learning_rate,9.999999747378752e-06,1781320114.1649725
31539,Loss/learning_rate,9.999999747378752e-06,1781320321.0697224
31583,Loss/learning_rate,9.999999747378752e-06,1781320526.7755783
31627,Loss/learning_rate,9.999999747378752e-06,1781320733.9892626
31671,Loss/learning_rate,9.999999747378752e-06,1781320940.4187882
31715,Loss/learning_rate,9.999999747378752e-06,1781321147.1208375
31759,Loss/learning_rate,9.999999747378752e-06,1781321354.2088232
31803,Loss/learning_rate,9.999999747378752e-06,1781321561.1307871
31847,Loss/learning_rate,1.4999999621068127e-05,1781321765.9306347
31891,Loss/learning_rate,9.999999747378752e-06,1781321972.2223196
31935,Loss/learning_rate,9.999999747378752e-06,1781322178.2824318
31979,Loss/learning_rate,1.4999999621068127e-05,1781322384.1844192
32023,Loss/learning_rate,9.999999747378752e-06,1781322590.4815981
32067,Loss/learning_rate,9.999999747378752e-06,1781322795.1968055
32111,Loss/learning_rate,9.999999747378752e-06,1781323001.4753351
32155,Loss/learning_rate,9.999999747378752e-06,1781323207.3138645
32199,Loss/learning_rate,9.999999747378752e-06,1781323413.7653322
32243,Loss/learning_rate,9.999999747378752e-06,1781323620.7503862
32287,Loss/learning_rate,9.999999747378752e-06,1781323826.2732375
32331,Loss/learning_rate,9.999999747378752e-06,1781324032.9606652
32375,Loss/learning_rate,9.999999747378752e-06,1781324238.6404467
32419,Loss/learning_rate,9.999999747378752e-06,1781324443.6020434
32463,Loss/learning_rate,9.999999747378752e-06,1781324649.0810568
32507,Loss/learning_rate,9.999999747378752e-06,1781324856.7845068
32551,Loss/learning_rate,9.999999747378752e-06,1781325061.6919596
32595,Loss/learning_rate,1.4999999621068127e-05,1781325267.5226796
32639,Loss/learning_rate,9.999999747378752e-06,1781325473.4403179
32683,Loss/learning_rate,9.999999747378752e-06,1781325678.498598
32727,Loss/learning_rate,9.999999747378752e-06,1781325885.1016393
32771,Loss/learning_rate,9.999999747378752e-06,1781326090.8158803
32815,Loss/learning_rate,9.999999747378752e-06,1781326297.8393378
32859,Loss/learning_rate,9.999999747378752e-06,1781326503.1403615
32903,Loss/learning_rate,9.999999747378752e-06,1781326707.1923335
32947,Loss/learning_rate,9.999999747378752e-06,1781326913.0668917
32991,Loss/learning_rate,9.999999747378752e-06,1781327120.4266188
33035,Loss/learning_rate,1.4999999621068127e-05,1781327327.1344264
33079,Loss/learning_rate,9.999999747378752e-06,1781327542.957137
33123,Loss/learning_rate,9.999999747378752e-06,1781327752.800648
33167,Loss/learning_rate,9.999999747378752e-06,1781327959.8542066
33211,Loss/learning_rate,9.999999747378752e-06,1781328166.3055003
33255,Loss/learning_rate,9.999999747378752e-06,1781328372.4905705
33299,Loss/learning_rate,9.999999747378752e-06,1781328578.2218056
33343,Loss/learning_rate,9.999999747378752e-06,1781328783.7303517
33387,Loss/learning_rate,9.999999747378752e-06,1781328988.6382215
33431,Loss/learning_rate,9.999999747378752e-06,1781329194.3866208
33475,Loss/learning_rate,9.999999747378752e-06,1781329399.550915
33519,Loss/learning_rate,9.999999747378752e-06,1781329604.8750849
33563,Loss/learning_rate,9.999999747378752e-06,1781329808.5550778
33607,Loss/learning_rate,9.999999747378752e-06,1781330012.7287621
33651,Loss/learning_rate,9.999999747378752e-06,1781330218.4534993
33695,Loss/learning_rate,9.999999747378752e-06,1781330424.082957
33739,Loss/learning_rate,9.999999747378752e-06,1781330629.03747
33783,Loss/learning_rate,9.999999747378752e-06,1781330833.480413
33827,Loss/learning_rate,9.999999747378752e-06,1781331039.9197166
33871,Loss/learning_rate,9.999999747378752e-06,1781331244.8862364
33915,Loss/learning_rate,1.4999999621068127e-05,1781331451.296824
33959,Loss/learning_rate,9.999999747378752e-06,1781331657.1846435
34003,Loss/learning_rate,9.999999747378752e-06,1781331863.7278314
34047,Loss/learning_rate,9.999999747378752e-06,1781332068.3961816
34091,Loss/learning_rate,9.999999747378752e-06,1781332274.660082
34135,Loss/learning_rate,9.999999747378752e-06,1781332479.4342406
34179,Loss/learning_rate,9.999999747378752e-06,1781332685.2221293
34223,Loss/learning_rate,9.999999747378752e-06,1781332890.410374
34267,Loss/learning_rate,9.999999747378752e-06,1781333096.0924466
34311,Loss/learning_rate,9.999999747378752e-06,1781333301.8414419
34355,Loss/learning_rate,9.999999747378752e-06,1781333507.9135864
34399,Loss/learning_rate,9.999999747378752e-06,1781333714.4378412
34443,Loss/learning_rate,9.999999747378752e-06,1781333920.7894917
34487,Loss/learning_rate,9.999999747378752e-06,1781334125.7562594
34531,Loss/learning_rate,9.999999747378752e-06,1781334330.2950485
34575,Loss/learning_rate,9.999999747378752e-06,1781334535.6870143
34619,Loss/learning_rate,9.999999747378752e-06,1781334742.1326597
34663,Loss/learning_rate,9.999999747378752e-06,1781334946.0969007
34707,Loss/learning_rate,9.999999747378752e-06,1781335151.3755882
34751,Loss/learning_rate,9.999999747378752e-06,1781335357.249467
34795,Loss/learning_rate,9.999999747378752e-06,1781335563.1031897
34839,Loss/learning_rate,9.999999747378752e-06,1781335769.7300901
34883,Loss/learning_rate,9.999999747378752e-06,1781335975.7664108
34927,Loss/learning_rate,9.999999747378752e-06,1781336182.494689
34971,Loss/learning_rate,9.999999747378752e-06,1781336388.8453588
35015,Loss/learning_rate,9.999999747378752e-06,1781336593.9800093
35059,Loss/learning_rate,1.4999999621068127e-05,1781336800.2846014
35103,Loss/learning_rate,9.999999747378752e-06,1781337005.575308
35147,Loss/learning_rate,1.4999999621068127e-05,1781337210.745276
35191,Loss/learning_rate,1.4999999621068127e-05,1781337415.2295687
35235,Loss/learning_rate,9.999999747378752e-06,1781337620.256858
35279,Loss/learning_rate,9.999999747378752e-06,1781337826.2591593
35323,Loss/learning_rate,9.999999747378752e-06,1781338032.9366019
35367,Loss/learning_rate,9.999999747378752e-06,1781338238.1270173
35411,Loss/learning_rate,9.999999747378752e-06,1781338443.6499708
35455,Loss/learning_rate,1.4999999621068127e-05,1781338650.1174006
35499,Loss/learning_rate,1.4999999621068127e-05,1781338854.9805675
35543,Loss/learning_rate,9.999999747378752e-06,1781339060.9070385
35587,Loss/learning_rate,9.999999747378752e-06,1781339266.7057989
35631,Loss/learning_rate,9.999999747378752e-06,1781339471.8334522
35675,Loss/learning_rate,9.999999747378752e-06,1781339676.3668478
35719,Loss/learning_rate,9.999999747378752e-06,1781339882.072864
35763,Loss/learning_rate,9.999999747378752e-06,1781340087.306529
35807,Loss/learning_rate,9.999999747378752e-06,1781340293.2849214
35851,Loss/learning_rate,9.999999747378752e-06,1781340499.2999656
35895,Loss/learning_rate,9.999999747378752e-06,1781340705.4112184
35939,Loss/learning_rate,9.999999747378752e-06,1781340910.4249792
35983,Loss/learning_rate,9.999999747378752e-06,1781341117.401272
36027,Loss/learning_rate,9.999999747378752e-06,1781341323.3645346
36071,Loss/learning_rate,9.999999747378752e-06,1781341529.0628023
36115,Loss/learning_rate,1.4999999621068127e-05,1781341734.8611028
36159,Loss/learning_rate,9.999999747378752e-06,1781341940.9316442
36203,Loss/learning_rate,9.999999747378752e-06,1781342146.3826048
36247,Loss/learning_rate,9.999999747378752e-06,1781342351.748786
36291,Loss/learning_rate,9.999999747378752e-06,1781342556.0209372
36335,Loss/learning_rate,9.999999747378752e-06,1781342760.6149993
36379,Loss/learning_rate,9.999999747378752e-06,1781342966.6440542
36423,Loss/learning_rate,9.999999747378752e-06,1781343172.2068505
36467,Loss/learning_rate,9.999999747378752e-06,1781343377.9523625
36511,Loss/learning_rate,9.999999747378752e-06,1781343585.6155875
36555,Loss/learning_rate,9.999999747378752e-06,1781343791.9547598
36599,Loss/learning_rate,1.4999999621068127e-05,1781343999.066671
36643,Loss/learning_rate,9.999999747378752e-06,1781344205.7119596
36687,Loss/learning_rate,1.4999999621068127e-05,1781344411.0549166
36731,Loss/learning_rate,9.999999747378752e-06,1781344616.137968
36775,Loss/learning_rate,1.4999999621068127e-05,1781344819.6363757
36819,Loss/learning_rate,9.999999747378752e-06,1781345024.8202431
36863,Loss/learning_rate,9.999999747378752e-06,1781345230.080326
36907,Loss/learning_rate,1.4999999621068127e-05,1781345435.144206
36951,Loss/learning_rate,9.999999747378752e-06,1781345639.951524
36995,Loss/learning_rate,1.4999999621068127e-05,1781345845.0449548
37039,Loss/learning_rate,9.999999747378752e-06,1781346050.7784305
37083,Loss/learning_rate,9.999999747378752e-06,1781346257.9403267
37127,Loss/learning_rate,1.4999999621068127e-05,1781346464.8774912
37171,Loss/learning_rate,9.999999747378752e-06,1781346671.3590565
37215,Loss/learning_rate,9.999999747378752e-06,1781346876.8657446
37259,Loss/learning_rate,9.999999747378752e-06,1781347084.1485107
37303,Loss/learning_rate,9.999999747378752e-06,1781347289.3822737
37347,Loss/learning_rate,1.4999999621068127e-05,1781347494.4247422
37391,Loss/learning_rate,9.999999747378752e-06,1781347700.5745234
37435,Loss/learning_rate,9.999999747378752e-06,1781347906.4107952
37479,Loss/learning_rate,1.4999999621068127e-05,1781348112.7461135
37523,Loss/learning_rate,9.999999747378752e-06,1781348318.4146438
37567,Loss/learning_rate,1.4999999621068127e-05,1781348524.0003989
37611,Loss/learning_rate,9.999999747378752e-06,1781348730.802708
37655,Loss/learning_rate,9.999999747378752e-06,1781348935.735633
37699,Loss/learning_rate,9.999999747378752e-06,1781349142.3061056
37743,Loss/learning_rate,9.999999747378752e-06,1781349347.684678
37787,Loss/learning_rate,9.999999747378752e-06,1781349553.1886427
37831,Loss/learning_rate,9.999999747378752e-06,1781349759.9518213
37875,Loss/learning_rate,9.999999747378752e-06,1781349966.709847
37919,Loss/learning_rate,9.999999747378752e-06,1781350174.3717265
37963,Loss/learning_rate,9.999999747378752e-06,1781350374.504213
38007,Loss/learning_rate,9.999999747378752e-06,1781350577.6364274
38051,Loss/learning_rate,9.999999747378752e-06,1781350783.7407224
38095,Loss/learning_rate,9.999999747378752e-06,1781350987.2695968
38139,Loss/learning_rate,9.999999747378752e-06,1781351193.7657676
38183,Loss/learning_rate,9.999999747378752e-06,1781351399.8706605
38227,Loss/learning_rate,9.999999747378752e-06,1781351607.0288086
38271,Loss/learning_rate,9.999999747378752e-06,1781351814.4077647
38315,Loss/learning_rate,1.4999999621068127e-05,1781352020.7031147
38359,Loss/learning_rate,9.999999747378752e-06,1781352226.5867827
38403,Loss/learning_rate,9.999999747378752e-06,1781352433.8248467
38447,Loss/learning_rate,9.999999747378752e-06,1781352641.0655718
38491,Loss/learning_rate,1.4999999621068127e-05,1781352846.1520224
38535,Loss/learning_rate,9.999999747378752e-06,1781353050.904324
38579,Loss/learning_rate,9.999999747378752e-06,1781353254.0688035
38623,Loss/learning_rate,9.999999747378752e-06,1781353460.0046828
38667,Loss/learning_rate,9.999999747378752e-06,1781353665.1343555
38711,Loss/learning_rate,9.999999747378752e-06,1781353871.3931215
38755,Loss/learning_rate,9.999999747378752e-06,1781354077.3663905
38799,Loss/learning_rate,9.999999747378752e-06,1781354284.9245064
38843,Loss/learning_rate,9.999999747378752e-06,1781354491.684163
38887,Loss/learning_rate,9.999999747378752e-06,1781354700.231329
38931,Loss/learning_rate,9.999999747378752e-06,1781354907.626497
38975,Loss/learning_rate,1.4999999621068127e-05,1781355113.830108
39019,Loss/learning_rate,9.999999747378752e-06,1781355320.6396875
39063,Loss/learning_rate,9.999999747378752e-06,1781355529.0187318
39107,Loss/learning_rate,9.999999747378752e-06,1781355735.3788598
39151,Loss/learning_rate,9.999999747378752e-06,1781355941.3941705
39195,Loss/learning_rate,9.999999747378752e-06,1781356147.659905
39239,Loss/learning_rate,9.999999747378752e-06,1781356354.4600747
39283,Loss/learning_rate,9.999999747378752e-06,1781356561.89186
39327,Loss/learning_rate,1.4999999621068127e-05,1781356768.651571
39371,Loss/learning_rate,9.999999747378752e-06,1781356975.3467581
39415,Loss/learning_rate,9.999999747378752e-06,1781357181.5596328
39459,Loss/learning_rate,9.999999747378752e-06,1781357387.577005
39503,Loss/learning_rate,9.999999747378752e-06,1781357594.9283175
39547,Loss/learning_rate,1.4999999621068127e-05,1781357801.7659252
39591,Loss/learning_rate,9.999999747378752e-06,1781358008.2863672
39635,Loss/learning_rate,9.999999747378752e-06,1781358214.7876465
39679,Loss/learning_rate,9.999999747378752e-06,1781358421.9624887
39723,Loss/learning_rate,9.999999747378752e-06,1781358627.8012347
39767,Loss/learning_rate,9.999999747378752e-06,1781358833.135049
39811,Loss/learning_rate,9.999999747378752e-06,1781359026.9710047
39855,Loss/learning_rate,9.999999747378752e-06,1781359233.2468734
39899,Loss/learning_rate,9.999999747378752e-06,1781359440.5645807
39943,Loss/learning_rate,1.4999999621068127e-05,1781359648.102078
39987,Loss/learning_rate,9.999999747378752e-06,1781359856.3985598
40031,Loss/learning_rate,9.999999747378752e-06,1781360060.143015
40075,Loss/learning_rate,9.999999747378752e-06,1781360263.294775
40119,Loss/learning_rate,1.4999999621068127e-05,1781360470.6544702
40163,Loss/learning_rate,9.999999747378752e-06,1781360677.164591
40207,Loss/learning_rate,1.4999999621068127e-05,1781360884.2424548
40251,Loss/learning_rate,9.999999747378752e-06,1781361091.4168243
40295,Loss/learning_rate,9.999999747378752e-06,1781361298.1235409
40339,Loss/learning_rate,9.999999747378752e-06,1781361505.5896883
40383,Loss/learning_rate,9.999999747378752e-06,1781361712.5034454
40427,Loss/learning_rate,9.999999747378752e-06,1781361919.5508683
40471,Loss/learning_rate,9.999999747378752e-06,1781362126.4552355
40515,Loss/learning_rate,9.999999747378752e-06,1781362333.4060595
40559,Loss/learning_rate,9.999999747378752e-06,1781362539.7819045
40603,Loss/learning_rate,9.999999747378752e-06,1781362745.5012677
40647,Loss/learning_rate,9.999999747378752e-06,1781362951.962534
40691,Loss/learning_rate,9.999999747378752e-06,1781363157.8603792
40735,Loss/learning_rate,9.999999747378752e-06,1781363363.6322794
40779,Loss/learning_rate,9.999999747378752e-06,1781363569.3099885
40823,Loss/learning_rate,9.999999747378752e-06,1781363774.54975
40867,Loss/learning_rate,1.4999999621068127e-05,1781363981.3769722
40911,Loss/learning_rate,9.999999747378752e-06,1781364187.7049453
40955,Loss/learning_rate,9.999999747378752e-06,1781364394.3139014
40999,Loss/learning_rate,9.999999747378752e-06,1781364601.3780985
41043,Loss/learning_rate,9.999999747378752e-06,1781364807.206117
41087,Loss/learning_rate,9.999999747378752e-06,1781365014.0643425
41131,Loss/learning_rate,9.999999747378752e-06,1781365219.8979216
41175,Loss/learning_rate,9.999999747378752e-06,1781365428.1197107
41219,Loss/learning_rate,9.999999747378752e-06,1781365634.9668598
41263,Loss/learning_rate,9.999999747378752e-06,1781365841.2364697
41307,Loss/learning_rate,9.999999747378752e-06,1781366049.3954954
41351,Loss/learning_rate,9.999999747378752e-06,1781366256.8353074
41395,Loss/learning_rate,9.999999747378752e-06,1781366462.757158
41439,Loss/learning_rate,9.999999747378752e-06,1781366668.5856063
41483,Loss/learning_rate,9.999999747378752e-06,1781366875.515598
41527,Loss/learning_rate,9.999999747378752e-06,1781367081.156107
41571,Loss/learning_rate,9.999999747378752e-06,1781367287.7329454
41615,Loss/learning_rate,9.999999747378752e-06,1781367495.6480708
41659,Loss/learning_rate,9.999999747378752e-06,1781367702.7500865
41703,Loss/learning_rate,9.999999747378752e-06,1781367910.7853143
41747,Loss/learning_rate,9.999999747378752e-06,1781368118.2487223
41791,Loss/learning_rate,9.999999747378752e-06,1781368325.0833516
41835,Loss/learning_rate,9.999999747378752e-06,1781368531.492844
41879,Loss/learning_rate,9.999999747378752e-06,1781368738.9879272
41923,Loss/learning_rate,9.999999747378752e-06,1781368945.8397808
41967,Loss/learning_rate,9.999999747378752e-06,1781369152.9871755
42011,Loss/learning_rate,9.999999747378752e-06,1781369360.9764802
42055,Loss/learning_rate,9.999999747378752e-06,1781369568.802682
42099,Loss/learning_rate,9.999999747378752e-06,1781369776.3646684
42143,Loss/learning_rate,9.999999747378752e-06,1781369983.1666794
42187,Loss/learning_rate,9.999999747378752e-06,1781370189.124619
42231,Loss/learning_rate,9.999999747378752e-06,1781370392.2809174
42275,Loss/learning_rate,9.999999747378752e-06,1781370599.6485689
42319,Loss/learning_rate,9.999999747378752e-06,1781370805.9198802
42363,Loss/learning_rate,9.999999747378752e-06,1781371013.5208488
42407,Loss/learning_rate,9.999999747378752e-06,1781371220.0818934
42451,Loss/learning_rate,9.999999747378752e-06,1781371425.8840337
42495,Loss/learning_rate,9.999999747378752e-06,1781371632.2599237
42539,Loss/learning_rate,9.999999747378752e-06,1781371837.6618419
42583,Loss/learning_rate,9.999999747378752e-06,1781372043.6730468
42627,Loss/learning_rate,9.999999747378752e-06,1781372251.2296674
42671,Loss/learning_rate,9.999999747378752e-06,1781372456.5221193
42715,Loss/learning_rate,9.999999747378752e-06,1781372663.394865
42759,Loss/learning_rate,1.4999999621068127e-05,1781372870.8951433
42803,Loss/learning_rate,9.999999747378752e-06,1781373078.4135966
42847,Loss/learning_rate,1.4999999621068127e-05,1781373284.3190625
42891,Loss/learning_rate,9.999999747378752e-06,1781373488.1994827
42935,Loss/learning_rate,9.999999747378752e-06,1781373693.763794
42979,Loss/learning_rate,9.999999747378752e-06,1781373899.8701446
43023,Loss/learning_rate,9.999999747378752e-06,1781374105.9349036
43067,Loss/learning_rate,9.999999747378752e-06,1781374311.5707958
43111,Loss/learning_rate,1.4999999621068127e-05,1781374518.4256651
43155,Loss/learning_rate,9.999999747378752e-06,1781374723.90912
43199,Loss/learning_rate,9.999999747378752e-06,1781374930.1995206
43243,Loss/learning_rate,9.999999747378752e-06,1781375135.4675832
43287,Loss/learning_rate,9.999999747378752e-06,1781375341.6476207
43331,Loss/learning_rate,1.4999999621068127e-05,1781375546.442871
43375,Loss/learning_rate,9.999999747378752e-06,1781375752.3834777
43419,Loss/learning_rate,9.999999747378752e-06,1781375958.6529937
43463,Loss/learning_rate,9.999999747378752e-06,1781376164.4635425
43507,Loss/learning_rate,9.999999747378752e-06,1781376371.0693178
43551,Loss/learning_rate,9.999999747378752e-06,1781376577.4896052
43595,Loss/learning_rate,9.999999747378752e-06,1781376785.5196884
43639,Loss/learning_rate,9.999999747378752e-06,1781376992.7586746
43683,Loss/learning_rate,9.999999747378752e-06,1781377199.2153964
43727,Loss/learning_rate,9.999999747378752e-06,1781377405.8853467
43771,Loss/learning_rate,9.999999747378752e-06,1781377613.465919
43815,Loss/learning_rate,9.999999747378752e-06,1781377820.8277056
43859,Loss/learning_rate,9.999999747378752e-06,1781378027.2740114
43903,Loss/learning_rate,9.999999747378752e-06,1781378233.550886
43947,Loss/learning_rate,9.999999747378752e-06,1781378439.9432974
43991,Loss/learning_rate,9.999999747378752e-06,1781378644.636819
44035,Loss/learning_rate,9.999999747378752e-06,1781378851.9521723
44079,Loss/learning_rate,9.999999747378752e-06,1781379058.9318476
44123,Loss/learning_rate,1.4999999621068127e-05,1781379265.6943526
44167,Loss/learning_rate,9.999999747378752e-06,1781379472.0537665
44211,Loss/learning_rate,9.999999747378752e-06,1781379678.279892
44255,Loss/learning_rate,9.999999747378752e-06,1781379884.6904876
44299,Loss/learning_rate,9.999999747378752e-06,1781380092.3600533
44343,Loss/learning_rate,1.4999999621068127e-05,1781380299.6092856
44387,Loss/learning_rate,9.999999747378752e-06,1781380505.8010476
44431,Loss/learning_rate,9.999999747378752e-06,1781380711.7792418
44475,Loss/learning_rate,9.999999747378752e-06,1781380913.9625697
44519,Loss/learning_rate,9.999999747378752e-06,1781381122.3995323
44563,Loss/learning_rate,9.999999747378752e-06,1781381329.9374485
44607,Loss/learning_rate,9.999999747378752e-06,1781381537.1805453
44651,Loss/learning_rate,9.999999747378752e-06,1781381743.5156384
44695,Loss/learning_rate,9.999999747378752e-06,1781381949.0843298
44739,Loss/learning_rate,1.4999999621068127e-05,1781382155.1269248
44783,Loss/learning_rate,9.999999747378752e-06,1781382360.809762
44827,Loss/learning_rate,9.999999747378752e-06,1781382568.087937
44871,Loss/learning_rate,1.4999999621068127e-05,1781382774.575509
44915,Loss/learning_rate,9.999999747378752e-06,1781382981.4352245
44959,Loss/learning_rate,9.999999747378752e-06,1781383188.8021376
45003,Loss/learning_rate,9.999999747378752e-06,1781383394.9803553
45047,Loss/learning_rate,9.999999747378752e-06,1781383601.739039
45091,Loss/learning_rate,9.999999747378752e-06,1781383808.689176
45135,Loss/learning_rate,9.999999747378752e-06,1781384015.3468223
45179,Loss/learning_rate,9.999999747378752e-06,1781384221.523351
45223,Loss/learning_rate,9.999999747378752e-06,1781384429.3066819
45267,Loss/learning_rate,9.999999747378752e-06,1781384635.494845
45311,Loss/learning_rate,9.999999747378752e-06,1781384841.7305772
45355,Loss/learning_rate,9.999999747378752e-06,1781385048.6307364
45399,Loss/learning_rate,9.999999747378752e-06,1781385255.2822936
45443,Loss/learning_rate,9.999999747378752e-06,1781385462.47338
45487,Loss/learning_rate,9.999999747378752e-06,1781385668.1292074
45531,Loss/learning_rate,9.999999747378752e-06,1781385873.9963722
45575,Loss/learning_rate,9.999999747378752e-06,1781386080.3792007
45619,Loss/learning_rate,9.999999747378752e-06,1781386287.0840876
45663,Loss/learning_rate,1.4999999621068127e-05,1781386494.3984902
45707,Loss/learning_rate,9.999999747378752e-06,1781386700.5719326
45751,Loss/learning_rate,9.999999747378752e-06,1781386907.4221094
45795,Loss/learning_rate,9.999999747378752e-06,1781387113.7885902
45839,Loss/learning_rate,9.999999747378752e-06,1781387319.922417
45883,Loss/learning_rate,9.999999747378752e-06,1781387527.1007354
45927,Loss/learning_rate,9.999999747378752e-06,1781387733.736095
45971,Loss/learning_rate,9.999999747378752e-06,1781387939.7920609
46015,Loss/learning_rate,9.999999747378752e-06,1781388146.1820521
46059,Loss/learning_rate,9.999999747378752e-06,1781388352.934797
46103,Loss/learning_rate,9.999999747378752e-06,1781388558.3027527
46147,Loss/learning_rate,9.999999747378752e-06,1781388764.687012
46191,Loss/learning_rate,9.999999747378752e-06,1781388971.8483684
46235,Loss/learning_rate,9.999999747378752e-06,1781389177.7302413
46279,Loss/learning_rate,9.999999747378752e-06,1781389383.914801
46323,Loss/learning_rate,9.999999747378752e-06,1781389588.1854475
46367,Loss/learning_rate,9.999999747378752e-06,1781389794.1411464
46411,Loss/learning_rate,9.999999747378752e-06,1781390000.75759
46455,Loss/learning_rate,9.999999747378752e-06,1781390206.8482265
46499,Loss/learning_rate,9.999999747378752e-06,1781390414.408821
46543,Loss/learning_rate,9.999999747378752e-06,1781390621.2834563
46587,Loss/learning_rate,9.999999747378752e-06,1781390827.7201777
46631,Loss/learning_rate,9.999999747378752e-06,1781391034.5159519
46675,Loss/learning_rate,9.999999747378752e-06,1781391240.5472293
46719,Loss/learning_rate,1.4999999621068127e-05,1781391446.9517934
46763,Loss/learning_rate,1.4999999621068127e-05,1781391652.4420557
46807,Loss/learning_rate,9.999999747378752e-06,1781391858.5627706
46851,Loss/learning_rate,9.999999747378752e-06,1781392062.8101132
46895,Loss/learning_rate,9.999999747378752e-06,1781392269.2153957
46939,Loss/learning_rate,9.999999747378752e-06,1781392475.5022442
46983,Loss/learning_rate,9.999999747378752e-06,1781392682.2630918
47027,Loss/learning_rate,9.999999747378752e-06,1781392889.365755
47071,Loss/learning_rate,1.4999999621068127e-05,1781393094.3129022
47115,Loss/learning_rate,9.999999747378752e-06,1781393300.058156
47159,Loss/learning_rate,9.999999747378752e-06,1781393506.0736794
47203,Loss/learning_rate,9.999999747378752e-06,1781393711.9261556
47247,Loss/learning_rate,9.999999747378752e-06,1781393917.0977151
47291,Loss/learning_rate,9.999999747378752e-06,1781394123.3440673
47335,Loss/learning_rate,9.999999747378752e-06,1781394330.0382345
47379,Loss/learning_rate,9.999999747378752e-06,1781394537.3169496
47423,Loss/learning_rate,9.999999747378752e-06,1781394744.241102
47467,Loss/learning_rate,9.999999747378752e-06,1781394950.767147
47511,Loss/learning_rate,9.999999747378752e-06,1781395157.93134
47555,Loss/learning_rate,9.999999747378752e-06,1781395364.8920133
47599,Loss/learning_rate,1.4999999621068127e-05,1781395572.0650558
47643,Loss/learning_rate,9.999999747378752e-06,1781395778.8533792
47687,Loss/learning_rate,9.999999747378752e-06,1781395984.4879417
47731,Loss/learning_rate,9.999999747378752e-06,1781396191.0229015
47775,Loss/learning_rate,9.999999747378752e-06,1781396397.4668887
47819,Loss/learning_rate,9.999999747378752e-06,1781396603.9882662
47863,Loss/learning_rate,1.4999999621068127e-05,1781396810.0096126
47907,Loss/learning_rate,9.999999747378752e-06,1781397017.553994
47951,Loss/learning_rate,9.999999747378752e-06,1781397224.85494
47995,Loss/learning_rate,9.999999747378752e-06,1781397431.4939408
48039,Loss/learning_rate,9.999999747378752e-06,1781397637.4088423
48083,Loss/learning_rate,9.999999747378752e-06,1781397843.873571
48127,Loss/learning_rate,9.999999747378752e-06,1781398049.972328
48171,Loss/learning_rate,9.999999747378752e-06,1781398256.2440698
48215,Loss/learning_rate,9.999999747378752e-06,1781398462.7470891
48259,Loss/learning_rate,9.999999747378752e-06,1781398667.997257
48303,Loss/learning_rate,9.999999747378752e-06,1781398873.2643578
48347,Loss/learning_rate,9.999999747378752e-06,1781399079.101763
48391,Loss/learning_rate,9.999999747378752e-06,1781399284.9166553
48435,Loss/learning_rate,9.999999747378752e-06,1781399492.214794
48479,Loss/learning_rate,9.999999747378752e-06,1781399698.6414523
48523,Loss/learning_rate,9.999999747378752e-06,1781399905.3071132
48567,Loss/learning_rate,1.4999999621068127e-05,1781400110.825223
48611,Loss/learning_rate,1.4999999621068127e-05,1781400317.4494193
48655,Loss/learning_rate,9.999999747378752e-06,1781400524.0103996
48699,Loss/learning_rate,1.4999999621068127e-05,1781400723.5945795
48743,Loss/learning_rate,9.999999747378752e-06,1781400926.5247998
48787,Loss/learning_rate,9.999999747378752e-06,1781401132.5573237
48831,Loss/learning_rate,9.999999747378752e-06,1781401339.3641782
48875,Loss/learning_rate,9.999999747378752e-06,1781401546.5484571
48919,Loss/learning_rate,9.999999747378752e-06,1781401752.5265365
48963,Loss/learning_rate,9.999999747378752e-06,1781401958.2103434
49007,Loss/learning_rate,9.999999747378752e-06,1781402162.9093235
49051,Loss/learning_rate,9.999999747378752e-06,1781402368.758896
49095,Loss/learning_rate,9.999999747378752e-06,1781402574.7053676
49139,Loss/learning_rate,9.999999747378752e-06,1781402780.4099817
49183,Loss/learning_rate,9.999999747378752e-06,1781402986.5522492
49227,Loss/learning_rate,9.999999747378752e-06,1781403192.8809345
49271,Loss/learning_rate,9.999999747378752e-06,1781403399.5000098
49315,Loss/learning_rate,9.999999747378752e-06,1781403605.6801496
49359,Loss/learning_rate,9.999999747378752e-06,1781403811.7249887
49403,Loss/learning_rate,9.999999747378752e-06,1781404017.271413
49447,Loss/learning_rate,9.999999747378752e-06,1781404223.9084663
49491,Loss/learning_rate,9.999999747378752e-06,1781404429.3898797
49535,Loss/learning_rate,9.999999747378752e-06,1781404634.2151065
49579,Loss/learning_rate,9.999999747378752e-06,1781404840.4906082
49623,Loss/learning_rate,9.999999747378752e-06,1781405046.6802247
49667,Loss/learning_rate,9.999999747378752e-06,1781405251.4147272
49711,Loss/learning_rate,9.999999747378752e-06,1781405458.5266342
49755,Loss/learning_rate,9.999999747378752e-06,1781405664.2442393
49799,Loss/learning_rate,9.999999747378752e-06,1781405870.594713
49843,Loss/learning_rate,9.999999747378752e-06,1781406076.1253893
49887,Loss/learning_rate,9.999999747378752e-06,1781406283.0300457
49931,Loss/learning_rate,9.999999747378752e-06,1781406488.801998
49975,Loss/learning_rate,1.4999999621068127e-05,1781406693.8319087
50019,Loss/learning_rate,9.999999747378752e-06,1781406900.0676575
50063,Loss/learning_rate,9.999999747378752e-06,1781407104.9150105
50107,Loss/learning_rate,9.999999747378752e-06,1781407311.1313305
50151,Loss/learning_rate,9.999999747378752e-06,1781407516.2867997
50195,Loss/learning_rate,9.999999747378752e-06,1781407721.0307317
50239,Loss/learning_rate,9.999999747378752e-06,1781407926.8021042
50283,Loss/learning_rate,9.999999747378752e-06,1781408132.979349
50327,Loss/learning_rate,9.999999747378752e-06,1781408338.8644547
50371,Loss/learning_rate,9.999999747378752e-06,1781408544.5957825
50415,Loss/learning_rate,9.999999747378752e-06,1781408750.2138672
50459,Loss/learning_rate,1.4999999621068127e-05,1781408956.895735
50503,Loss/learning_rate,9.999999747378752e-06,1781409163.2688098
50547,Loss/learning_rate,1.4999999621068127e-05,1781409370.699767
50591,Loss/learning_rate,9.999999747378752e-06,1781409577.9408317
50635,Loss/learning_rate,9.999999747378752e-06,1781409784.1852221
50679,Loss/learning_rate,1.4999999621068127e-05,1781409998.0186265
50723,Loss/learning_rate,9.999999747378752e-06,1781410262.3347561
50767,Loss/learning_rate,9.999999747378752e-06,1781410516.7028253
50811,Loss/learning_rate,9.999999747378752e-06,1781410785.1784725
50855,Loss/learning_rate,9.999999747378752e-06,1781411016.0748026
50899,Loss/learning_rate,9.999999747378752e-06,1781411250.0674746
50943,Loss/learning_rate,9.999999747378752e-06,1781411457.197941
50987,Loss/learning_rate,9.999999747378752e-06,1781411657.4586844
51031,Loss/learning_rate,9.999999747378752e-06,1781411864.122637
51075,Loss/learning_rate,9.999999747378752e-06,1781412063.8860326
51119,Loss/learning_rate,9.999999747378752e-06,1781412265.8039646
51163,Loss/learning_rate,9.999999747378752e-06,1781412472.930749
51207,Loss/learning_rate,9.999999747378752e-06,1781412679.6731591
51236,Loss/learning_rate,9.999999747378752e-06,1781412836.041674
