step,tag,value,wall_time
0,Metrics/base_velocity/error_vel_xy,0.005835676100105047,1780315977.9451418
33,Metrics/base_velocity/error_vel_xy,0.036282479763031006,1780316207.949842
66,Metrics/base_velocity/error_vel_xy,0.2609190344810486,1780316411.0852354
99,Metrics/base_velocity/error_vel_xy,0.3604302406311035,1780316608.8408582
132,Metrics/base_velocity/error_vel_xy,0.24171307682991028,1780316800.659048
165,Metrics/base_velocity/error_vel_xy,0.17969653010368347,1780316969.1260223
198,Metrics/base_velocity/error_vel_xy,0.19006656110286713,1780317123.5631945
231,Metrics/base_velocity/error_vel_xy,0.374517560005188,1780317277.8076537
264,Metrics/base_velocity/error_vel_xy,0.38297343254089355,1780317413.3563118
297,Metrics/base_velocity/error_vel_xy,0.39048513770103455,1780317560.0091264
330,Metrics/base_velocity/error_vel_xy,0.3695101737976074,1780317719.5197504
363,Metrics/base_velocity/error_vel_xy,0.3139326870441437,1780317880.0423508
396,Metrics/base_velocity/error_vel_xy,0.2705121636390686,1780318019.1271837
429,Metrics/base_velocity/error_vel_xy,0.23971551656723022,1780318155.4557922
462,Metrics/base_velocity/error_vel_xy,0.21350598335266113,1780318312.7372568
495,Metrics/base_velocity/error_vel_xy,0.20000283420085907,1780318471.6255424
528,Metrics/base_velocity/error_vel_xy,0.19146054983139038,1780318629.4651346
561,Metrics/base_velocity/error_vel_xy,0.18190467357635498,1780318788.3280437
594,Metrics/base_velocity/error_vel_xy,0.18504559993743896,1780318933.3584552
627,Metrics/base_velocity/error_vel_xy,0.1811542809009552,1780319091.037336
660,Metrics/base_velocity/error_vel_xy,0.1860998570919037,1780319249.7333515
693,Metrics/base_velocity/error_vel_xy,0.17417803406715393,1780319402.5848935
726,Metrics/base_velocity/error_vel_xy,0.17392632365226746,1780319557.7460723
759,Metrics/base_velocity/error_vel_xy,0.1741124987602234,1780319716.0284343
792,Metrics/base_velocity/error_vel_xy,0.1716904491186142,1780319875.7063105
825,Metrics/base_velocity/error_vel_xy,0.16784381866455078,1780320036.6908503
858,Metrics/base_velocity/error_vel_xy,0.16830939054489136,1780320196.062153
891,Metrics/base_velocity/error_vel_xy,0.1653817594051361,1780320356.277788
924,Metrics/base_velocity/error_vel_xy,0.16939181089401245,1780320501.0131326
957,Metrics/base_velocity/error_vel_xy,0.17115287482738495,1780320647.484175
990,Metrics/base_velocity/error_vel_xy,0.16940158605575562,1780320786.6670635
1023,Metrics/base_velocity/error_vel_xy,0.17074856162071228,1780320932.1454093
1056,Metrics/base_velocity/error_vel_xy,0.16746744513511658,1780321093.1667924
1089,Metrics/base_velocity/error_vel_xy,0.16492415964603424,1780321254.442553
1122,Metrics/base_velocity/error_vel_xy,0.1640993058681488,1780321407.0933323
1155,Metrics/base_velocity/error_vel_xy,0.1621038019657135,1780321567.7120843
1188,Metrics/base_velocity/error_vel_xy,0.16163437068462372,1780321722.2991264
1221,Metrics/base_velocity/error_vel_xy,0.16448360681533813,1780321859.7771363
1254,Metrics/base_velocity/error_vel_xy,0.16152316331863403,1780322008.5036845
1287,Metrics/base_velocity/error_vel_xy,0.16111841797828674,1780322168.8170457
1320,Metrics/base_velocity/error_vel_xy,0.15572237968444824,1780322329.2671475
1353,Metrics/base_velocity/error_vel_xy,0.1624593436717987,1780322490.0502827
1386,Metrics/base_velocity/error_vel_xy,0.16166287660598755,1780322647.6119652
1419,Metrics/base_velocity/error_vel_xy,0.16072338819503784,1780322799.8680754
1452,Metrics/base_velocity/error_vel_xy,0.16038647294044495,1780322952.661497
1485,Metrics/base_velocity/error_vel_xy,0.16558659076690674,1780323082.6696055
1518,Metrics/base_velocity/error_vel_xy,0.15749742090702057,1780323216.4743514
1551,Metrics/base_velocity/error_vel_xy,0.15784232318401337,1780323372.9529374
1584,Metrics/base_velocity/error_vel_xy,0.15566425025463104,1780323521.8550758
1617,Metrics/base_velocity/error_vel_xy,0.1596248596906662,1780323677.7523456
1650,Metrics/base_velocity/error_vel_xy,0.15531420707702637,1780323835.8871553
1683,Metrics/base_velocity/error_vel_xy,0.15489228069782257,1780323994.2755337
1716,Metrics/base_velocity/error_vel_xy,0.15269127488136292,1780324152.105648
1749,Metrics/base_velocity/error_vel_xy,0.15179599821567535,1780324310.3386338
1782,Metrics/base_velocity/error_vel_xy,0.154094859957695,1780324468.7036138
1815,Metrics/base_velocity/error_vel_xy,0.1489918977022171,1780324626.250357
1848,Metrics/base_velocity/error_vel_xy,0.15157271921634674,1780324779.6631014
1881,Metrics/base_velocity/error_vel_xy,0.14828285574913025,1780324936.978437
1914,Metrics/base_velocity/error_vel_xy,0.1467144936323166,1780325089.864223
1947,Metrics/base_velocity/error_vel_xy,0.1448907107114792,1780325246.5819674
1980,Metrics/base_velocity/error_vel_xy,0.14796112477779388,1780325402.017597
2013,Metrics/base_velocity/error_vel_xy,0.14520905911922455,1780325559.1214137
2046,Metrics/base_velocity/error_vel_xy,0.14071005582809448,1780325715.4306295
2079,Metrics/base_velocity/error_vel_xy,0.1419735997915268,1780325869.5970066
2112,Metrics/base_velocity/error_vel_xy,0.14537540078163147,1780326024.554299
2145,Metrics/base_velocity/error_vel_xy,0.1413755565881729,1780326178.8981643
2178,Metrics/base_velocity/error_vel_xy,0.13994523882865906,1780326337.0008805
2211,Metrics/base_velocity/error_vel_xy,0.13697536289691925,1780326490.927161
2244,Metrics/base_velocity/error_vel_xy,0.1369417905807495,1780326646.6398532
2277,Metrics/base_velocity/error_vel_xy,0.13091766834259033,1780326803.6820524
2310,Metrics/base_velocity/error_vel_xy,0.13287638127803802,1780326959.1182704
2343,Metrics/base_velocity/error_vel_xy,0.13330768048763275,1780327114.5651171
2376,Metrics/base_velocity/error_vel_xy,0.134764164686203,1780327269.221114
2409,Metrics/base_velocity/error_vel_xy,0.1330767571926117,1780327425.176265
2442,Metrics/base_velocity/error_vel_xy,0.13649311661720276,1780327582.3842485
2475,Metrics/base_velocity/error_vel_xy,0.13037125766277313,1780327739.3243334
2508,Metrics/base_velocity/error_vel_xy,0.12947210669517517,1780327894.8467503
2541,Metrics/base_velocity/error_vel_xy,0.12996165454387665,1780328051.841593
2574,Metrics/base_velocity/error_vel_xy,0.1270618736743927,1780328208.0573063
2607,Metrics/base_velocity/error_vel_xy,0.1306189000606537,1780328364.7065077
2640,Metrics/base_velocity/error_vel_xy,0.1294311285018921,1780328520.1757693
2673,Metrics/base_velocity/error_vel_xy,0.1270078867673874,1780328674.7083268
2706,Metrics/base_velocity/error_vel_xy,0.12593185901641846,1780328828.9010437
2739,Metrics/base_velocity/error_vel_xy,0.12904798984527588,1780328982.8471441
2772,Metrics/base_velocity/error_vel_xy,0.1234937310218811,1780329138.1009827
2805,Metrics/base_velocity/error_vel_xy,0.1222677156329155,1780329278.6397758
2838,Metrics/base_velocity/error_vel_xy,0.1247788518667221,1780329418.9864993
2871,Metrics/base_velocity/error_vel_xy,0.1219220757484436,1780329563.4500136
2904,Metrics/base_velocity/error_vel_xy,0.1211230456829071,1780329701.7981918
2937,Metrics/base_velocity/error_vel_xy,0.12100764364004135,1780329854.0645642
2970,Metrics/base_velocity/error_vel_xy,0.1211988553404808,1780330002.9620886
3003,Metrics/base_velocity/error_vel_xy,0.12121883034706116,1780330148.022677
3036,Metrics/base_velocity/error_vel_xy,0.12174388021230698,1780330295.931332
3069,Metrics/base_velocity/error_vel_xy,0.12399403750896454,1780330425.6445284
3102,Metrics/base_velocity/error_vel_xy,0.11924496293067932,1780330560.6868262
3135,Metrics/base_velocity/error_vel_xy,0.11958877742290497,1780330714.935778
3168,Metrics/base_velocity/error_vel_xy,0.11839692294597626,1780330865.700159
3201,Metrics/base_velocity/error_vel_xy,0.11645574867725372,1780330998.824685
3234,Metrics/base_velocity/error_vel_xy,0.1209072470664978,1780331142.4801505
3267,Metrics/base_velocity/error_vel_xy,0.11714547127485275,1780331291.224578
3300,Metrics/base_velocity/error_vel_xy,0.1177370473742485,1780331432.0211086
3333,Metrics/base_velocity/error_vel_xy,0.11666528880596161,1780331570.8216982
3366,Metrics/base_velocity/error_vel_xy,0.12150462716817856,1780331721.7895477
3399,Metrics/base_velocity/error_vel_xy,0.12036103010177612,1780331859.4855633
3432,Metrics/base_velocity/error_vel_xy,0.11878664791584015,1780331988.5848885
3465,Metrics/base_velocity/error_vel_xy,0.11858072876930237,1780332138.6038325
3498,Metrics/base_velocity/error_vel_xy,0.11721330881118774,1780332292.2263224
3531,Metrics/base_velocity/error_vel_xy,0.12003692984580994,1780332445.6494892
3564,Metrics/base_velocity/error_vel_xy,0.11680968105792999,1780332598.856938
3597,Metrics/base_velocity/error_vel_xy,0.11814361810684204,1780332750.7546263
3630,Metrics/base_velocity/error_vel_xy,0.12150530517101288,1780332903.1485
3663,Metrics/base_velocity/error_vel_xy,0.11971163749694824,1780333057.7577748
3696,Metrics/base_velocity/error_vel_xy,0.1179419606924057,1780333211.9541688
3729,Metrics/base_velocity/error_vel_xy,0.11748947948217392,1780333366.2646973
3762,Metrics/base_velocity/error_vel_xy,0.11851392686367035,1780333518.5960877
3795,Metrics/base_velocity/error_vel_xy,0.11693336069583893,1780333648.8331635
3828,Metrics/base_velocity/error_vel_xy,0.12227816879749298,1780333786.9136417
3861,Metrics/base_velocity/error_vel_xy,0.11915793269872665,1780333933.9036436
3894,Metrics/base_velocity/error_vel_xy,0.11597051471471786,1780334088.345773
3927,Metrics/base_velocity/error_vel_xy,0.11987534165382385,1780334242.6116898
3960,Metrics/base_velocity/error_vel_xy,0.11792944371700287,1780334397.311423
3993,Metrics/base_velocity/error_vel_xy,0.12382882833480835,1780334554.6521819
4026,Metrics/base_velocity/error_vel_xy,0.11729985475540161,1780334708.7708273
4059,Metrics/base_velocity/error_vel_xy,0.1199040412902832,1780334864.1555965
4092,Metrics/base_velocity/error_vel_xy,0.11942256987094879,1780335019.1640656
4125,Metrics/base_velocity/error_vel_xy,0.11878626048564911,1780335174.1366313
4158,Metrics/base_velocity/error_vel_xy,0.11934995651245117,1780335329.3682814
4191,Metrics/base_velocity/error_vel_xy,0.1193392276763916,1780335482.9524338
4224,Metrics/base_velocity/error_vel_xy,0.11922711133956909,1780335637.8620527
4257,Metrics/base_velocity/error_vel_xy,0.11706771701574326,1780335786.6691694
4290,Metrics/base_velocity/error_vel_xy,0.11771675199270248,1780335936.2305715
4323,Metrics/base_velocity/error_vel_xy,0.11578904092311859,1780336072.9413657
4356,Metrics/base_velocity/error_vel_xy,0.1155039519071579,1780336228.191628
4389,Metrics/base_velocity/error_vel_xy,0.11571221053600311,1780336383.4680123
4422,Metrics/base_velocity/error_vel_xy,0.11663322895765305,1780336536.628701
4455,Metrics/base_velocity/error_vel_xy,0.11897348612546921,1780336690.6789181
4488,Metrics/base_velocity/error_vel_xy,0.11660544574260712,1780336844.9538755
4521,Metrics/base_velocity/error_vel_xy,0.11806048452854156,1780336998.9835198
4554,Metrics/base_velocity/error_vel_xy,0.11630883067846298,1780337153.1933055
4587,Metrics/base_velocity/error_vel_xy,0.11783479899168015,1780337308.0312326
4620,Metrics/base_velocity/error_vel_xy,0.11797353625297546,1780337463.2899866
4653,Metrics/base_velocity/error_vel_xy,0.11776944994926453,1780337619.9555745
4686,Metrics/base_velocity/error_vel_xy,0.11626218259334564,1780337777.028124
4719,Metrics/base_velocity/error_vel_xy,0.11702122539281845,1780337934.8487148
4752,Metrics/base_velocity/error_vel_xy,0.11679594963788986,1780338091.5504212
4785,Metrics/base_velocity/error_vel_xy,0.11161687225103378,1780338248.3154585
4818,Metrics/base_velocity/error_vel_xy,0.11531689018011093,1780338402.6947658
4851,Metrics/base_velocity/error_vel_xy,0.11539246886968613,1780338558.0906386
4884,Metrics/base_velocity/error_vel_xy,0.1151229739189148,1780338713.6034992
4917,Metrics/base_velocity/error_vel_xy,0.1163436770439148,1780338868.761866
4950,Metrics/base_velocity/error_vel_xy,0.11417883634567261,1780339019.2379122
4983,Metrics/base_velocity/error_vel_xy,0.11683192104101181,1780339174.7671463
5016,Metrics/base_velocity/error_vel_xy,0.1163577064871788,1780339331.1232553
5049,Metrics/base_velocity/error_vel_xy,0.11453388631343842,1780339488.1454163
5082,Metrics/base_velocity/error_vel_xy,0.11480535566806793,1780339645.7588375
5115,Metrics/base_velocity/error_vel_xy,0.11416750401258469,1780339801.3412774
5148,Metrics/base_velocity/error_vel_xy,0.11302532255649567,1780339958.1819706
5181,Metrics/base_velocity/error_vel_xy,0.11476738750934601,1780340114.203536
5214,Metrics/base_velocity/error_vel_xy,0.11766903102397919,1780340269.2611895
5247,Metrics/base_velocity/error_vel_xy,0.11736159771680832,1780340424.314999
5280,Metrics/base_velocity/error_vel_xy,0.11489862203598022,1780340579.846157
5313,Metrics/base_velocity/error_vel_xy,0.11579020321369171,1780340736.2427382
5346,Metrics/base_velocity/error_vel_xy,0.11826840043067932,1780340892.634493
5379,Metrics/base_velocity/error_vel_xy,0.11622752249240875,1780341049.0403566
5412,Metrics/base_velocity/error_vel_xy,0.11335510015487671,1780341205.3938823
5445,Metrics/base_velocity/error_vel_xy,0.1128736361861229,1780341361.5659506
5478,Metrics/base_velocity/error_vel_xy,0.1218523234128952,1780341518.652074
5511,Metrics/base_velocity/error_vel_xy,0.12029983848333359,1780341674.3732276
5544,Metrics/base_velocity/error_vel_xy,0.1205647811293602,1780341829.8721123
5577,Metrics/base_velocity/error_vel_xy,0.115425705909729,1780341985.8182864
5610,Metrics/base_velocity/error_vel_xy,0.12048111855983734,1780342142.364763
5643,Metrics/base_velocity/error_vel_xy,0.11936616897583008,1780342297.9824262
5676,Metrics/base_velocity/error_vel_xy,0.12060761451721191,1780342453.2918315
5709,Metrics/base_velocity/error_vel_xy,0.1188058853149414,1780342610.6624322
5742,Metrics/base_velocity/error_vel_xy,0.11705911159515381,1780342767.2074041
5775,Metrics/base_velocity/error_vel_xy,0.11674459278583527,1780342923.641429
5808,Metrics/base_velocity/error_vel_xy,0.12031935155391693,1780343079.8789194
5841,Metrics/base_velocity/error_vel_xy,0.11958141624927521,1780343234.7523036
5874,Metrics/base_velocity/error_vel_xy,0.1190519779920578,1780343390.409428
5907,Metrics/base_velocity/error_vel_xy,0.12049828469753265,1780343545.0375605
5940,Metrics/base_velocity/error_vel_xy,0.1197754368185997,1780343699.5794754
5973,Metrics/base_velocity/error_vel_xy,0.11904679983854294,1780343854.5483575
6006,Metrics/base_velocity/error_vel_xy,0.11866699159145355,1780344008.9146924
6039,Metrics/base_velocity/error_vel_xy,0.11913949251174927,1780344162.695711
6072,Metrics/base_velocity/error_vel_xy,0.12132223695516586,1780344318.3870974
6105,Metrics/base_velocity/error_vel_xy,0.11960549652576447,1780344472.8370957
6138,Metrics/base_velocity/error_vel_xy,0.120278500020504,1780344627.373516
6171,Metrics/base_velocity/error_vel_xy,0.11801864951848984,1780344781.2933562
6204,Metrics/base_velocity/error_vel_xy,0.12062736600637436,1780344935.2260618
6237,Metrics/base_velocity/error_vel_xy,0.1181233748793602,1780345090.20368
6270,Metrics/base_velocity/error_vel_xy,0.11923392117023468,1780345244.550604
6303,Metrics/base_velocity/error_vel_xy,0.11816984415054321,1780345399.4416964
6336,Metrics/base_velocity/error_vel_xy,0.11926901340484619,1780345554.3121014
6369,Metrics/base_velocity/error_vel_xy,0.12022604048252106,1780345709.3625603
6402,Metrics/base_velocity/error_vel_xy,0.11180367320775986,1780345862.8480203
6435,Metrics/base_velocity/error_vel_xy,0.1159740686416626,1780346016.9362862
6468,Metrics/base_velocity/error_vel_xy,0.11596180498600006,1780346170.7576113
6501,Metrics/base_velocity/error_vel_xy,0.11619704961776733,1780346324.5845942
6534,Metrics/base_velocity/error_vel_xy,0.11688762158155441,1780346477.6146402
6567,Metrics/base_velocity/error_vel_xy,0.11663399636745453,1780346630.7623947
6600,Metrics/base_velocity/error_vel_xy,0.11558692902326584,1780346784.4238782
6633,Metrics/base_velocity/error_vel_xy,0.11514224112033844,1780346937.344116
6666,Metrics/base_velocity/error_vel_xy,0.11631657928228378,1780347090.5444617
6699,Metrics/base_velocity/error_vel_xy,0.11378628015518188,1780347243.2572215
6732,Metrics/base_velocity/error_vel_xy,0.11428570747375488,1780347395.9366992
6765,Metrics/base_velocity/error_vel_xy,0.11613520234823227,1780347549.618173
6798,Metrics/base_velocity/error_vel_xy,0.11552561819553375,1780347704.030941
6831,Metrics/base_velocity/error_vel_xy,0.11600361764431,1780347857.114504
6864,Metrics/base_velocity/error_vel_xy,0.11420583724975586,1780348009.7010036
6897,Metrics/base_velocity/error_vel_xy,0.1147359311580658,1780348162.1279721
6930,Metrics/base_velocity/error_vel_xy,0.11352638900279999,1780348314.0467668
6963,Metrics/base_velocity/error_vel_xy,0.11637192964553833,1780348466.9241683
6996,Metrics/base_velocity/error_vel_xy,0.11401792615652084,1780348619.4501092
7029,Metrics/base_velocity/error_vel_xy,0.11411802470684052,1780348771.5020397
7062,Metrics/base_velocity/error_vel_xy,0.11231175065040588,1780348923.9821646
7095,Metrics/base_velocity/error_vel_xy,0.11188631504774094,1780349076.2859006
7128,Metrics/base_velocity/error_vel_xy,0.1137436181306839,1780349228.9336624
7161,Metrics/base_velocity/error_vel_xy,0.1143602654337883,1780349381.164782
7194,Metrics/base_velocity/error_vel_xy,0.11231742799282074,1780349533.3351943
7227,Metrics/base_velocity/error_vel_xy,0.11293276399374008,1780349684.5159624
7260,Metrics/base_velocity/error_vel_xy,0.11356770992279053,1780349835.8953032
7293,Metrics/base_velocity/error_vel_xy,0.11285650730133057,1780349986.7230196
7326,Metrics/base_velocity/error_vel_xy,0.11532958596944809,1780350138.1276696
7359,Metrics/base_velocity/error_vel_xy,0.11408782005310059,1780350288.856203
7392,Metrics/base_velocity/error_vel_xy,0.11353810876607895,1780350439.7247727
7425,Metrics/base_velocity/error_vel_xy,0.11509476602077484,1780350591.1008809
7458,Metrics/base_velocity/error_vel_xy,0.11322718113660812,1780350741.8146534
7491,Metrics/base_velocity/error_vel_xy,0.10805922746658325,1780350893.5447657
7524,Metrics/base_velocity/error_vel_xy,0.1079980880022049,1780351044.9989722
7557,Metrics/base_velocity/error_vel_xy,0.11319514364004135,1780351196.3458736
7590,Metrics/base_velocity/error_vel_xy,0.11456845700740814,1780351347.7468348
7623,Metrics/base_velocity/error_vel_xy,0.11155872046947479,1780351498.905505
7656,Metrics/base_velocity/error_vel_xy,0.11285635828971863,1780351650.5115073
7689,Metrics/base_velocity/error_vel_xy,0.11370253562927246,1780351802.1379929
7722,Metrics/base_velocity/error_vel_xy,0.11270501464605331,1780351953.6946774
7755,Metrics/base_velocity/error_vel_xy,0.11321006715297699,1780352105.1800144
7788,Metrics/base_velocity/error_vel_xy,0.11311538517475128,1780352257.0471084
7821,Metrics/base_velocity/error_vel_xy,0.11439082026481628,1780352408.1085227
7854,Metrics/base_velocity/error_vel_xy,0.1151944249868393,1780352559.7965655
7887,Metrics/base_velocity/error_vel_xy,0.11541400849819183,1780352711.092253
7920,Metrics/base_velocity/error_vel_xy,0.11629307270050049,1780352861.849034
7953,Metrics/base_velocity/error_vel_xy,0.11741586774587631,1780353012.9770617
7986,Metrics/base_velocity/error_vel_xy,0.11435588449239731,1780353164.651171
8019,Metrics/base_velocity/error_vel_xy,0.11681453883647919,1780353314.9925425
8052,Metrics/base_velocity/error_vel_xy,0.1182250827550888,1780353466.0460258
8085,Metrics/base_velocity/error_vel_xy,0.11549385637044907,1780353617.7524343
8118,Metrics/base_velocity/error_vel_xy,0.11812879890203476,1780353769.0846205
8151,Metrics/base_velocity/error_vel_xy,0.12027296423912048,1780353919.7338905
8184,Metrics/base_velocity/error_vel_xy,0.11753211915493011,1780354072.2532747
8217,Metrics/base_velocity/error_vel_xy,0.11736243218183517,1780354224.2471795
8250,Metrics/base_velocity/error_vel_xy,0.1164865493774414,1780354375.4264643
8283,Metrics/base_velocity/error_vel_xy,0.11897756159305573,1780354527.538313
8316,Metrics/base_velocity/error_vel_xy,0.12090525031089783,1780354679.3127966
8349,Metrics/base_velocity/error_vel_xy,0.11600393056869507,1780354813.4310696
8382,Metrics/base_velocity/error_vel_xy,0.11667488515377045,1780354964.670042
8415,Metrics/base_velocity/error_vel_xy,0.11485308408737183,1780355116.3383312
8448,Metrics/base_velocity/error_vel_xy,0.11296592652797699,1780355268.0461
8481,Metrics/base_velocity/error_vel_xy,0.11742834746837616,1780355419.9543126
8514,Metrics/base_velocity/error_vel_xy,0.1152573749423027,1780355571.8267367
8547,Metrics/base_velocity/error_vel_xy,0.11713285744190216,1780355723.7716508
8580,Metrics/base_velocity/error_vel_xy,0.11425202339887619,1780355875.9649992
8613,Metrics/base_velocity/error_vel_xy,0.1189538985490799,1780356027.5867233
8646,Metrics/base_velocity/error_vel_xy,0.11919701099395752,1780356179.1130815
8679,Metrics/base_velocity/error_vel_xy,0.11760517209768295,1780356330.4455059
8712,Metrics/base_velocity/error_vel_xy,0.11750122904777527,1780356481.6376958
8745,Metrics/base_velocity/error_vel_xy,0.11900629848241806,1780356633.9012392
8778,Metrics/base_velocity/error_vel_xy,0.11975588649511337,1780356786.0329523
8811,Metrics/base_velocity/error_vel_xy,0.1207798570394516,1780356938.283977
8844,Metrics/base_velocity/error_vel_xy,0.12058602273464203,1780357090.706521
8877,Metrics/base_velocity/error_vel_xy,0.11848394572734833,1780357242.3399968
8910,Metrics/base_velocity/error_vel_xy,0.11939218640327454,1780357396.0344665
8943,Metrics/base_velocity/error_vel_xy,0.1238618940114975,1780357549.6433787
8976,Metrics/base_velocity/error_vel_xy,0.12142348289489746,1780357702.7084906
9009,Metrics/base_velocity/error_vel_xy,0.12184008210897446,1780357855.894473
9042,Metrics/base_velocity/error_vel_xy,0.12045647948980331,1780358008.847678
9075,Metrics/base_velocity/error_vel_xy,0.12154588103294373,1780358161.8831327
9108,Metrics/base_velocity/error_vel_xy,0.1204644963145256,1780358315.3613927
9141,Metrics/base_velocity/error_vel_xy,0.11841171979904175,1780358471.2586637
9174,Metrics/base_velocity/error_vel_xy,0.11843975633382797,1780358625.4954689
9207,Metrics/base_velocity/error_vel_xy,0.11985215544700623,1780358778.9178448
9240,Metrics/base_velocity/error_vel_xy,0.12190842628479004,1780358933.7956488
9273,Metrics/base_velocity/error_vel_xy,0.12004527449607849,1780359087.2144444
9306,Metrics/base_velocity/error_vel_xy,0.1210392639040947,1780359240.0716195
9339,Metrics/base_velocity/error_vel_xy,0.12381689995527267,1780359391.9678037
9372,Metrics/base_velocity/error_vel_xy,0.1228502094745636,1780359543.1643496
9405,Metrics/base_velocity/error_vel_xy,0.12412875890731812,1780359696.0369885
9438,Metrics/base_velocity/error_vel_xy,0.12052951753139496,1780359848.4720795
9471,Metrics/base_velocity/error_vel_xy,0.12073735892772675,1780360000.285438
9504,Metrics/base_velocity/error_vel_xy,0.12148323655128479,1780360151.4754908
9537,Metrics/base_velocity/error_vel_xy,0.11987718939781189,1780360302.144746
9570,Metrics/base_velocity/error_vel_xy,0.12065821886062622,1780360454.143869
9603,Metrics/base_velocity/error_vel_xy,0.11801298707723618,1780360607.2902648
9636,Metrics/base_velocity/error_vel_xy,0.11944147199392319,1780360759.8370152
9669,Metrics/base_velocity/error_vel_xy,0.12120021879673004,1780360912.1432228
9702,Metrics/base_velocity/error_vel_xy,0.12248929589986801,1780361064.1463947
9735,Metrics/base_velocity/error_vel_xy,0.12307727336883545,1780361215.7310894
9768,Metrics/base_velocity/error_vel_xy,0.12249445915222168,1780361366.8709652
9801,Metrics/base_velocity/error_vel_xy,0.12243078649044037,1780361518.3773005
9834,Metrics/base_velocity/error_vel_xy,0.12029536068439484,1780361670.9862888
9867,Metrics/base_velocity/error_vel_xy,0.11838370561599731,1780361823.913485
9900,Metrics/base_velocity/error_vel_xy,0.1192689761519432,1780361977.026164
9933,Metrics/base_velocity/error_vel_xy,0.11933529376983643,1780362130.023037
9966,Metrics/base_velocity/error_vel_xy,0.12123563140630722,1780362281.6762164
9999,Metrics/base_velocity/error_vel_xy,0.12113796174526215,1780362434.3231835
10032,Metrics/base_velocity/error_vel_xy,0.11987940967082977,1780362587.9081986
10065,Metrics/base_velocity/error_vel_xy,0.11699804663658142,1780362741.240691
10098,Metrics/base_velocity/error_vel_xy,0.11757262796163559,1780362894.0403678
10131,Metrics/base_velocity/error_vel_xy,0.11834868043661118,1780363045.685565
10164,Metrics/base_velocity/error_vel_xy,0.11836366355419159,1780363197.4477282
10197,Metrics/base_velocity/error_vel_xy,0.11919736862182617,1780363348.7160275
10230,Metrics/base_velocity/error_vel_xy,0.11597281694412231,1780363499.811179
10263,Metrics/base_velocity/error_vel_xy,0.11880317330360413,1780363651.3194017
10296,Metrics/base_velocity/error_vel_xy,0.11854138970375061,1780363803.12119
10329,Metrics/base_velocity/error_vel_xy,0.11753499507904053,1780363955.1509614
10362,Metrics/base_velocity/error_vel_xy,0.11619774997234344,1780364107.2335627
10395,Metrics/base_velocity/error_vel_xy,0.11737091839313507,1780364259.6651335
10428,Metrics/base_velocity/error_vel_xy,0.11742682754993439,1780364411.1471496
10461,Metrics/base_velocity/error_vel_xy,0.12020568549633026,1780364562.3697984
10494,Metrics/base_velocity/error_vel_xy,0.1185254454612732,1780364713.343881
10527,Metrics/base_velocity/error_vel_xy,0.12123528122901917,1780364864.154159
10560,Metrics/base_velocity/error_vel_xy,0.11788201332092285,1780365015.0761087
10593,Metrics/base_velocity/error_vel_xy,0.11985960602760315,1780365166.189667
10626,Metrics/base_velocity/error_vel_xy,0.12118502706289291,1780365316.907079
10659,Metrics/base_velocity/error_vel_xy,0.12319766730070114,1780365468.276466
10692,Metrics/base_velocity/error_vel_xy,0.12243539094924927,1780365619.2945843
10725,Metrics/base_velocity/error_vel_xy,0.12053154408931732,1780365770.5218012
10758,Metrics/base_velocity/error_vel_xy,0.1207171380519867,1780365921.3171222
10791,Metrics/base_velocity/error_vel_xy,0.11981050670146942,1780366071.6591866
10824,Metrics/base_velocity/error_vel_xy,0.11771427094936371,1780366222.2237072
10857,Metrics/base_velocity/error_vel_xy,0.1207486242055893,1780366373.3047836
10890,Metrics/base_velocity/error_vel_xy,0.11801742017269135,1780366524.2227857
10923,Metrics/base_velocity/error_vel_xy,0.11831682920455933,1780366675.3768888
10956,Metrics/base_velocity/error_vel_xy,0.11691063642501831,1780366826.3610039
10989,Metrics/base_velocity/error_vel_xy,0.11672495305538177,1780366977.5775535
11022,Metrics/base_velocity/error_vel_xy,0.11937442421913147,1780367129.4316647
11055,Metrics/base_velocity/error_vel_xy,0.11810831725597382,1780367280.7392101
11088,Metrics/base_velocity/error_vel_xy,0.11915706098079681,1780367432.5459857
11121,Metrics/base_velocity/error_vel_xy,0.11815258115530014,1780367583.789879
11154,Metrics/base_velocity/error_vel_xy,0.11499977111816406,1780367735.0364883
11187,Metrics/base_velocity/error_vel_xy,0.11534380912780762,1780367886.0481815
11220,Metrics/base_velocity/error_vel_xy,0.11709275841712952,1780368037.3830345
11253,Metrics/base_velocity/error_vel_xy,0.11791076511144638,1780368188.4675958
11286,Metrics/base_velocity/error_vel_xy,0.11772565543651581,1780368339.516954
11319,Metrics/base_velocity/error_vel_xy,0.1157134622335434,1780368491.1236107
11352,Metrics/base_velocity/error_vel_xy,0.12066814303398132,1780368642.9505455
11385,Metrics/base_velocity/error_vel_xy,0.11910867691040039,1780368794.018669
11418,Metrics/base_velocity/error_vel_xy,0.12106277793645859,1780368944.835989
11451,Metrics/base_velocity/error_vel_xy,0.11742081493139267,1780369095.9124289
11484,Metrics/base_velocity/error_vel_xy,0.11376842111349106,1780369247.0942733
11517,Metrics/base_velocity/error_vel_xy,0.11879219114780426,1780369397.8403857
11550,Metrics/base_velocity/error_vel_xy,0.11786472052335739,1780369548.8418298
11583,Metrics/base_velocity/error_vel_xy,0.11827882379293442,1780369699.2722712
11616,Metrics/base_velocity/error_vel_xy,0.11882626265287399,1780369850.643026
11649,Metrics/base_velocity/error_vel_xy,0.11888426542282104,1780370001.5888278
11682,Metrics/base_velocity/error_vel_xy,0.11733394861221313,1780370152.4481137
11715,Metrics/base_velocity/error_vel_xy,0.11978761851787567,1780370303.5868113
11748,Metrics/base_velocity/error_vel_xy,0.11850877851247787,1780370455.1654055
11781,Metrics/base_velocity/error_vel_xy,0.12017051875591278,1780370606.7448256
11814,Metrics/base_velocity/error_vel_xy,0.11581327766180038,1780370758.2314289
11847,Metrics/base_velocity/error_vel_xy,0.11689788103103638,1780370909.178195
11880,Metrics/base_velocity/error_vel_xy,0.11797542870044708,1780371060.8948956
11913,Metrics/base_velocity/error_vel_xy,0.11974738538265228,1780371211.5496342
11946,Metrics/base_velocity/error_vel_xy,0.11475762724876404,1780371363.1191604
11979,Metrics/base_velocity/error_vel_xy,0.1142466589808464,1780371513.2351818
12012,Metrics/base_velocity/error_vel_xy,0.11803295463323593,1780371663.7723808
12045,Metrics/base_velocity/error_vel_xy,0.11984821408987045,1780371815.1159966
12078,Metrics/base_velocity/error_vel_xy,0.11598311364650726,1780371965.8853235
12111,Metrics/base_velocity/error_vel_xy,0.12438901513814926,1780372111.377564
12144,Metrics/base_velocity/error_vel_xy,0.12109240144491196,1780372260.2347708
12177,Metrics/base_velocity/error_vel_xy,0.11950449645519257,1780372412.138356
12210,Metrics/base_velocity/error_vel_xy,0.12115617841482162,1780372563.1263597
12243,Metrics/base_velocity/error_vel_xy,0.12186034768819809,1780372714.4421992
12276,Metrics/base_velocity/error_vel_xy,0.12515029311180115,1780372865.848914
12309,Metrics/base_velocity/error_vel_xy,0.12012092769145966,1780373016.6075819
12342,Metrics/base_velocity/error_vel_xy,0.11927159875631332,1780373167.1796298
12375,Metrics/base_velocity/error_vel_xy,0.12083220481872559,1780373318.3790555
12408,Metrics/base_velocity/error_vel_xy,0.11744731664657593,1780373469.5417175
12441,Metrics/base_velocity/error_vel_xy,0.11785374581813812,1780373621.7556903
12474,Metrics/base_velocity/error_vel_xy,0.11909117549657822,1780373773.1093335
12507,Metrics/base_velocity/error_vel_xy,0.12021373212337494,1780373924.369187
12540,Metrics/base_velocity/error_vel_xy,0.11980607360601425,1780374075.3451371
12573,Metrics/base_velocity/error_vel_xy,0.12938880920410156,1780374226.3324976
12606,Metrics/base_velocity/error_vel_xy,0.12233304977416992,1780374377.87509
12639,Metrics/base_velocity/error_vel_xy,0.11992751806974411,1780374528.6984289
12672,Metrics/base_velocity/error_vel_xy,0.11970089375972748,1780374679.4873812
12705,Metrics/base_velocity/error_vel_xy,0.11955372989177704,1780374830.688391
12738,Metrics/base_velocity/error_vel_xy,0.11449002474546432,1780374981.523211
12771,Metrics/base_velocity/error_vel_xy,0.11865270137786865,1780375132.113372
12804,Metrics/base_velocity/error_vel_xy,0.120613694190979,1780375283.427008
12837,Metrics/base_velocity/error_vel_xy,0.11919529736042023,1780375433.541415
12870,Metrics/base_velocity/error_vel_xy,0.12351447343826294,1780375584.5532393
12903,Metrics/base_velocity/error_vel_xy,0.12403206527233124,1780375735.67579
12936,Metrics/base_velocity/error_vel_xy,0.12127484381198883,1780375886.5639436
12969,Metrics/base_velocity/error_vel_xy,0.12232004106044769,1780376037.926329
13002,Metrics/base_velocity/error_vel_xy,0.12168636918067932,1780376189.971124
13035,Metrics/base_velocity/error_vel_xy,0.1210164874792099,1780376341.8807905
13068,Metrics/base_velocity/error_vel_xy,0.11941295117139816,1780376493.2374759
13101,Metrics/base_velocity/error_vel_xy,0.12112285941839218,1780376645.2987437
13134,Metrics/base_velocity/error_vel_xy,0.1213010847568512,1780376797.969706
13167,Metrics/base_velocity/error_vel_xy,0.1212984174489975,1780376951.271295
13200,Metrics/base_velocity/error_vel_xy,0.11860738694667816,1780377107.9040322
13233,Metrics/base_velocity/error_vel_xy,0.12255802750587463,1780377264.7198832
13266,Metrics/base_velocity/error_vel_xy,0.12222802639007568,1780377418.6766427
13299,Metrics/base_velocity/error_vel_xy,0.1211017593741417,1780377571.6091814
13332,Metrics/base_velocity/error_vel_xy,0.12113511562347412,1780377725.0853257
13365,Metrics/base_velocity/error_vel_xy,0.12434615939855576,1780377878.4448178
13398,Metrics/base_velocity/error_vel_xy,0.12245438992977142,1780378035.4251971
13431,Metrics/base_velocity/error_vel_xy,0.12421298027038574,1780378190.4899151
13464,Metrics/base_velocity/error_vel_xy,0.12165838479995728,1780378343.9312584
13497,Metrics/base_velocity/error_vel_xy,0.12213694304227829,1780378498.2357624
13530,Metrics/base_velocity/error_vel_xy,0.12439931929111481,1780378652.3610373
13563,Metrics/base_velocity/error_vel_xy,0.12108349800109863,1780378807.8927095
13596,Metrics/base_velocity/error_vel_xy,0.12012120336294174,1780378965.3106549
13629,Metrics/base_velocity/error_vel_xy,0.11980316042900085,1780379120.6910267
13662,Metrics/base_velocity/error_vel_xy,0.11933301389217377,1780379275.5126135
13695,Metrics/base_velocity/error_vel_xy,0.11894025653600693,1780379430.0467038
13728,Metrics/base_velocity/error_vel_xy,0.11890903115272522,1780379584.5428295
13761,Metrics/base_velocity/error_vel_xy,0.11765288561582565,1780379738.6636758
13794,Metrics/base_velocity/error_vel_xy,0.11838503926992416,1780379892.4384394
13827,Metrics/base_velocity/error_vel_xy,0.11694707721471786,1780380046.3349512
13860,Metrics/base_velocity/error_vel_xy,0.12064462155103683,1780380200.6261277
13893,Metrics/base_velocity/error_vel_xy,0.11957719177007675,1780380356.8894284
13926,Metrics/base_velocity/error_vel_xy,0.11810111254453659,1780380511.3477445
13959,Metrics/base_velocity/error_vel_xy,0.11694318056106567,1780380665.1025324
13992,Metrics/base_velocity/error_vel_xy,0.1144552230834961,1780380820.3052974
14025,Metrics/base_velocity/error_vel_xy,0.11521747708320618,1780380975.3793573
14058,Metrics/base_velocity/error_vel_xy,0.11689012497663498,1780381130.13592
14091,Metrics/base_velocity/error_vel_xy,0.11680768430233002,1780381284.279482
14124,Metrics/base_velocity/error_vel_xy,0.11682035773992538,1780381438.8058534
14157,Metrics/base_velocity/error_vel_xy,0.11895263195037842,1780381593.0566337
14190,Metrics/base_velocity/error_vel_xy,0.1143520325422287,1780381747.7069693
14223,Metrics/base_velocity/error_vel_xy,0.11543776839971542,1780381901.525157
14256,Metrics/base_velocity/error_vel_xy,0.1170777827501297,1780382055.8587606
14289,Metrics/base_velocity/error_vel_xy,0.1168123111128807,1780382211.4197488
14322,Metrics/base_velocity/error_vel_xy,0.11774616688489914,1780382369.0133934
14355,Metrics/base_velocity/error_vel_xy,0.11569128930568695,1780382534.8672736
14388,Metrics/base_velocity/error_vel_xy,0.1177326962351799,1780382692.2334266
14421,Metrics/base_velocity/error_vel_xy,0.11258642375469208,1780382849.453675
14454,Metrics/base_velocity/error_vel_xy,0.11611981689929962,1780383006.813349
14487,Metrics/base_velocity/error_vel_xy,0.1183195561170578,1780383157.4237673
14520,Metrics/base_velocity/error_vel_xy,0.11166016757488251,1780383315.4358044
14553,Metrics/base_velocity/error_vel_xy,0.11396109312772751,1780383472.239277
14586,Metrics/base_velocity/error_vel_xy,0.11263690888881683,1780383630.3861942
14619,Metrics/base_velocity/error_vel_xy,0.11311972141265869,1780383779.5069158
14652,Metrics/base_velocity/error_vel_xy,0.1140984445810318,1780383937.509359
14685,Metrics/base_velocity/error_vel_xy,0.11496561765670776,1780384091.8737142
14718,Metrics/base_velocity/error_vel_xy,0.11804737895727158,1780384239.1711411
14751,Metrics/base_velocity/error_vel_xy,0.11409171670675278,1780384390.279852
14784,Metrics/base_velocity/error_vel_xy,0.11366388201713562,1780384543.9623504
14817,Metrics/base_velocity/error_vel_xy,0.1097562238574028,1780384698.4743848
14850,Metrics/base_velocity/error_vel_xy,0.1149676963686943,1780384854.98379
14883,Metrics/base_velocity/error_vel_xy,0.1156080812215805,1780385006.66589
14916,Metrics/base_velocity/error_vel_xy,0.11421458423137665,1780385164.039676
14949,Metrics/base_velocity/error_vel_xy,0.11672578752040863,1780385321.3145463
14982,Metrics/base_velocity/error_vel_xy,0.11798121780157089,1780385478.096672
15015,Metrics/base_velocity/error_vel_xy,0.11322584003210068,1780385636.1819103
15048,Metrics/base_velocity/error_vel_xy,0.1175103411078453,1780385793.0088134
15081,Metrics/base_velocity/error_vel_xy,0.11648695170879364,1780385947.2328951
15114,Metrics/base_velocity/error_vel_xy,0.1195482462644577,1780386101.1560378
15147,Metrics/base_velocity/error_vel_xy,0.1170651763677597,1780386254.1652575
15180,Metrics/base_velocity/error_vel_xy,0.1154293417930603,1780386410.1483765
15213,Metrics/base_velocity/error_vel_xy,0.1180785521864891,1780386564.5661337
15246,Metrics/base_velocity/error_vel_xy,0.11551209539175034,1780386713.7496367
15279,Metrics/base_velocity/error_vel_xy,0.12228047102689743,1780386867.5009673
15312,Metrics/base_velocity/error_vel_xy,0.11787446588277817,1780387024.8522296
15345,Metrics/base_velocity/error_vel_xy,0.11762076616287231,1780387174.3037941
15378,Metrics/base_velocity/error_vel_xy,0.11766885221004486,1780387328.3504062
15411,Metrics/base_velocity/error_vel_xy,0.1143006682395935,1780387481.1858556
15444,Metrics/base_velocity/error_vel_xy,0.11866404861211777,1780387634.8626359
15477,Metrics/base_velocity/error_vel_xy,0.11750664561986923,1780387787.6849515
15510,Metrics/base_velocity/error_vel_xy,0.12053559720516205,1780387941.7225041
15543,Metrics/base_velocity/error_vel_xy,0.1188652515411377,1780388096.0293145
15576,Metrics/base_velocity/error_vel_xy,0.1176987811923027,1780388246.999467
15609,Metrics/base_velocity/error_vel_xy,0.11801394820213318,1780388401.645131
15642,Metrics/base_velocity/error_vel_xy,0.11950299143791199,1780388556.0870392
15675,Metrics/base_velocity/error_vel_xy,0.11893441528081894,1780388710.3390882
15708,Metrics/base_velocity/error_vel_xy,0.1171083077788353,1780388863.9260216
15741,Metrics/base_velocity/error_vel_xy,0.12114887684583664,1780389018.9509566
15774,Metrics/base_velocity/error_vel_xy,0.11865457892417908,1780389174.0961704
15807,Metrics/base_velocity/error_vel_xy,0.11685062944889069,1780389329.1500635
15840,Metrics/base_velocity/error_vel_xy,0.11713643372058868,1780389481.889243
15873,Metrics/base_velocity/error_vel_xy,0.11535905301570892,1780389637.0819826
15906,Metrics/base_velocity/error_vel_xy,0.1143297478556633,1780389792.7668562
15939,Metrics/base_velocity/error_vel_xy,0.11614543199539185,1780389948.4681995
15972,Metrics/base_velocity/error_vel_xy,0.11388252675533295,1780390104.1435118
16005,Metrics/base_velocity/error_vel_xy,0.11428643763065338,1780390257.182788
16038,Metrics/base_velocity/error_vel_xy,0.11591283977031708,1780390409.594
16071,Metrics/base_velocity/error_vel_xy,0.11344219744205475,1780390563.545854
16104,Metrics/base_velocity/error_vel_xy,0.11560516804456711,1780390717.6337
16137,Metrics/base_velocity/error_vel_xy,0.1134132444858551,1780390872.3333669
16170,Metrics/base_velocity/error_vel_xy,0.11397437751293182,1780391020.8333545
16203,Metrics/base_velocity/error_vel_xy,0.11718113720417023,1780391174.8772185
16236,Metrics/base_velocity/error_vel_xy,0.11496025323867798,1780391328.8081048
16269,Metrics/base_velocity/error_vel_xy,0.1125253438949585,1780391482.6467402
16302,Metrics/base_velocity/error_vel_xy,0.11519085615873337,1780391635.8533788
16335,Metrics/base_velocity/error_vel_xy,0.1145443543791771,1780391789.5120418
16368,Metrics/base_velocity/error_vel_xy,0.11190500855445862,1780391943.6215954
16401,Metrics/base_velocity/error_vel_xy,0.11787807941436768,1780392097.656468
16434,Metrics/base_velocity/error_vel_xy,0.11270295083522797,1780392251.441354
16467,Metrics/base_velocity/error_vel_xy,0.11125960201025009,1780392405.0590281
16500,Metrics/base_velocity/error_vel_xy,0.11117179691791534,1780392559.0022848
16533,Metrics/base_velocity/error_vel_xy,0.10954694449901581,1780392712.1361153
16566,Metrics/base_velocity/error_vel_xy,0.1147247850894928,1780392865.7264483
16599,Metrics/base_velocity/error_vel_xy,0.11113332211971283,1780393019.533665
16632,Metrics/base_velocity/error_vel_xy,0.10964475572109222,1780393173.3840532
16665,Metrics/base_velocity/error_vel_xy,0.11062602698802948,1780393328.0406733
16698,Metrics/base_velocity/error_vel_xy,0.11142196506261826,1780393482.8572059
16731,Metrics/base_velocity/error_vel_xy,0.11241504549980164,1780393637.237139
16764,Metrics/base_velocity/error_vel_xy,0.11058881878852844,1780393791.1322215
16797,Metrics/base_velocity/error_vel_xy,0.11272948980331421,1780393946.0920222
16830,Metrics/base_velocity/error_vel_xy,0.11147414892911911,1780394100.69489
16863,Metrics/base_velocity/error_vel_xy,0.10804389417171478,1780394255.5995576
16896,Metrics/base_velocity/error_vel_xy,0.10771488398313522,1780394410.6060376
16929,Metrics/base_velocity/error_vel_xy,0.11206167936325073,1780394565.436711
16962,Metrics/base_velocity/error_vel_xy,0.11163078248500824,1780394719.2467122
16995,Metrics/base_velocity/error_vel_xy,0.1120433658361435,1780394874.1920328
17028,Metrics/base_velocity/error_vel_xy,0.11113643646240234,1780395030.2150848
17061,Metrics/base_velocity/error_vel_xy,0.11346626281738281,1780395185.2385077
17094,Metrics/base_velocity/error_vel_xy,0.11032529920339584,1780395340.3222184
17127,Metrics/base_velocity/error_vel_xy,0.10918053984642029,1780395495.148077
17160,Metrics/base_velocity/error_vel_xy,0.10603223741054535,1780395650.9573033
17193,Metrics/base_velocity/error_vel_xy,0.11138415336608887,1780395808.539638
17226,Metrics/base_velocity/error_vel_xy,0.11045639216899872,1780395965.9281635
17259,Metrics/base_velocity/error_vel_xy,0.10880622267723083,1780396122.4123065
17292,Metrics/base_velocity/error_vel_xy,0.10887253284454346,1780396278.746453
17325,Metrics/base_velocity/error_vel_xy,0.11269333213567734,1780396435.8315282
17358,Metrics/base_velocity/error_vel_xy,0.10863374918699265,1780396591.9785998
17391,Metrics/base_velocity/error_vel_xy,0.10797831416130066,1780396749.0646589
17424,Metrics/base_velocity/error_vel_xy,0.10824038088321686,1780396909.524159
17457,Metrics/base_velocity/error_vel_xy,0.11043314635753632,1780397064.8203032
17490,Metrics/base_velocity/error_vel_xy,0.10750638693571091,1780397220.5628762
17523,Metrics/base_velocity/error_vel_xy,0.1075223907828331,1780397375.651263
17556,Metrics/base_velocity/error_vel_xy,0.10783761739730835,1780397530.5470536
17589,Metrics/base_velocity/error_vel_xy,0.10670308768749237,1780397684.617146
17622,Metrics/base_velocity/error_vel_xy,0.10659460723400116,1780397840.1367872
17655,Metrics/base_velocity/error_vel_xy,0.10781478881835938,1780397994.9240634
17688,Metrics/base_velocity/error_vel_xy,0.10748707503080368,1780398150.334293
17721,Metrics/base_velocity/error_vel_xy,0.10645498335361481,1780398305.89898
17754,Metrics/base_velocity/error_vel_xy,0.10836760699748993,1780398461.2113237
17787,Metrics/base_velocity/error_vel_xy,0.10594676434993744,1780398617.7231512
17820,Metrics/base_velocity/error_vel_xy,0.10730747878551483,1780398773.5668023
17853,Metrics/base_velocity/error_vel_xy,0.10840088129043579,1780398927.4968138
17886,Metrics/base_velocity/error_vel_xy,0.10783760249614716,1780399082.8679821
17919,Metrics/base_velocity/error_vel_xy,0.10751312971115112,1780399237.7995214
17952,Metrics/base_velocity/error_vel_xy,0.10696831345558167,1780399394.0661063
17985,Metrics/base_velocity/error_vel_xy,0.10845351219177246,1780399550.8190243
18018,Metrics/base_velocity/error_vel_xy,0.11117051541805267,1780399707.166925
18051,Metrics/base_velocity/error_vel_xy,0.10907548666000366,1780399862.7065878
18084,Metrics/base_velocity/error_vel_xy,0.10765497386455536,1780400020.0700228
18117,Metrics/base_velocity/error_vel_xy,0.1066771000623703,1780400175.8678122
18150,Metrics/base_velocity/error_vel_xy,0.1105361208319664,1780400331.3549356
18183,Metrics/base_velocity/error_vel_xy,0.10983744263648987,1780400488.054847
18216,Metrics/base_velocity/error_vel_xy,0.10964780300855637,1780400643.847268
18249,Metrics/base_velocity/error_vel_xy,0.10861203074455261,1780400800.3534358
18282,Metrics/base_velocity/error_vel_xy,0.10969191789627075,1780400955.8840775
18315,Metrics/base_velocity/error_vel_xy,0.10437610745429993,1780401111.174093
18348,Metrics/base_velocity/error_vel_xy,0.10451741516590118,1780401267.0815022
18381,Metrics/base_velocity/error_vel_xy,0.10531757771968842,1780401422.0460248
18414,Metrics/base_velocity/error_vel_xy,0.10582536458969116,1780401575.7010949
18447,Metrics/base_velocity/error_vel_xy,0.10984434932470322,1780401730.7466033
18480,Metrics/base_velocity/error_vel_xy,0.10155719518661499,1780401885.120254
18513,Metrics/base_velocity/error_vel_xy,0.10572350025177002,1780402039.5820405
18546,Metrics/base_velocity/error_vel_xy,0.10489179939031601,1780402194.866444
18579,Metrics/base_velocity/error_vel_xy,0.10437290370464325,1780402346.803634
18612,Metrics/base_velocity/error_vel_xy,0.10537245124578476,1780402478.755038
18645,Metrics/base_velocity/error_vel_xy,0.10322853922843933,1780402632.8034894
18678,Metrics/base_velocity/error_vel_xy,0.10420800745487213,1780402788.9500432
18711,Metrics/base_velocity/error_vel_xy,0.10478087514638901,1780402943.2732756
18744,Metrics/base_velocity/error_vel_xy,0.10503445565700531,1780403098.1197655
18777,Metrics/base_velocity/error_vel_xy,0.10489963740110397,1780403253.3391016
18810,Metrics/base_velocity/error_vel_xy,0.10466594994068146,1780403406.3684442
18843,Metrics/base_velocity/error_vel_xy,0.10341055691242218,1780403559.714033
18876,Metrics/base_velocity/error_vel_xy,0.1042858362197876,1780403709.3818977
18909,Metrics/base_velocity/error_vel_xy,0.10486094653606415,1780403864.20092
18942,Metrics/base_velocity/error_vel_xy,0.10544686019420624,1780404013.0704606
18975,Metrics/base_velocity/error_vel_xy,0.10138671845197678,1780404161.727654
19008,Metrics/base_velocity/error_vel_xy,0.10405318439006805,1780404315.8344204
19041,Metrics/base_velocity/error_vel_xy,0.10334056615829468,1780404470.540425
19074,Metrics/base_velocity/error_vel_xy,0.10328635573387146,1780404625.0210004
19107,Metrics/base_velocity/error_vel_xy,0.10680234432220459,1780404778.8290758
19140,Metrics/base_velocity/error_vel_xy,0.10424377024173737,1780404932.5867946
19173,Metrics/base_velocity/error_vel_xy,0.10391725599765778,1780405085.5628853
19206,Metrics/base_velocity/error_vel_xy,0.10229034721851349,1780405239.564301
19239,Metrics/base_velocity/error_vel_xy,0.10725768655538559,1780405393.4557328
19272,Metrics/base_velocity/error_vel_xy,0.10548731684684753,1780405547.6599827
19305,Metrics/base_velocity/error_vel_xy,0.10326793044805527,1780405701.1081955
19338,Metrics/base_velocity/error_vel_xy,0.10163536667823792,1780405854.923472
19371,Metrics/base_velocity/error_vel_xy,0.10210110992193222,1780406009.4448183
19404,Metrics/base_velocity/error_vel_xy,0.09856313467025757,1780406163.832492
19437,Metrics/base_velocity/error_vel_xy,0.10440419614315033,1780406317.4754648
19470,Metrics/base_velocity/error_vel_xy,0.10807381570339203,1780406470.957421
19503,Metrics/base_velocity/error_vel_xy,0.10796444118022919,1780406624.1652935
19536,Metrics/base_velocity/error_vel_xy,0.1083626002073288,1780406778.1427674
19569,Metrics/base_velocity/error_vel_xy,0.10207304358482361,1780406931.856974
19602,Metrics/base_velocity/error_vel_xy,0.103890560567379,1780407084.6884308
19635,Metrics/base_velocity/error_vel_xy,0.10054966062307358,1780407239.1696653
19668,Metrics/base_velocity/error_vel_xy,0.10027526319026947,1780407392.9199054
19701,Metrics/base_velocity/error_vel_xy,0.10374795645475388,1780407546.450792
19734,Metrics/base_velocity/error_vel_xy,0.10501565784215927,1780407699.8073695
19767,Metrics/base_velocity/error_vel_xy,0.10290869325399399,1780407853.2838452
19800,Metrics/base_velocity/error_vel_xy,0.10349034518003464,1780408006.66802
19833,Metrics/base_velocity/error_vel_xy,0.10345836728811264,1780408159.8816938
19866,Metrics/base_velocity/error_vel_xy,0.10370416939258575,1780408313.8322117
19899,Metrics/base_velocity/error_vel_xy,0.10399603843688965,1780408468.5230064
19932,Metrics/base_velocity/error_vel_xy,0.10160869359970093,1780408622.5534337
19965,Metrics/base_velocity/error_vel_xy,0.1017327532172203,1780408775.575838
19998,Metrics/base_velocity/error_vel_xy,0.10283596813678741,1780408928.5098898
20031,Metrics/base_velocity/error_vel_xy,0.10377638787031174,1780409082.2268267
20064,Metrics/base_velocity/error_vel_xy,0.10237573832273483,1780409236.0701606
20097,Metrics/base_velocity/error_vel_xy,0.10177989304065704,1780409390.5894992
20130,Metrics/base_velocity/error_vel_xy,0.10108588635921478,1780409544.309217
20163,Metrics/base_velocity/error_vel_xy,0.09988173097372055,1780409698.770307
20196,Metrics/base_velocity/error_vel_xy,0.10057082772254944,1780409852.7293644
20229,Metrics/base_velocity/error_vel_xy,0.10231418907642365,1780410006.329411
20262,Metrics/base_velocity/error_vel_xy,0.10005097091197968,1780410160.8818414
20295,Metrics/base_velocity/error_vel_xy,0.1011567935347557,1780410314.220094
20328,Metrics/base_velocity/error_vel_xy,0.09795400500297546,1780410467.821282
20361,Metrics/base_velocity/error_vel_xy,0.10369738191366196,1780410621.0572546
20394,Metrics/base_velocity/error_vel_xy,0.09984302520751953,1780410774.0115955
20427,Metrics/base_velocity/error_vel_xy,0.10077659785747528,1780410926.961102
20460,Metrics/base_velocity/error_vel_xy,0.0995003804564476,1780411080.051403
20493,Metrics/base_velocity/error_vel_xy,0.09715162962675095,1780411232.6301944
20526,Metrics/base_velocity/error_vel_xy,0.09849715232849121,1780411387.5821607
20559,Metrics/base_velocity/error_vel_xy,0.09935323894023895,1780411541.5235596
20592,Metrics/base_velocity/error_vel_xy,0.0979720801115036,1780411694.6114106
20625,Metrics/base_velocity/error_vel_xy,0.1010516881942749,1780411848.7078726
20658,Metrics/base_velocity/error_vel_xy,0.10009719431400299,1780412002.9058905
20691,Metrics/base_velocity/error_vel_xy,0.10154073685407639,1780412157.2444046
20724,Metrics/base_velocity/error_vel_xy,0.0990186482667923,1780412312.371847
20757,Metrics/base_velocity/error_vel_xy,0.09728926420211792,1780412466.0661044
20790,Metrics/base_velocity/error_vel_xy,0.09685008227825165,1780412621.3039818
20823,Metrics/base_velocity/error_vel_xy,0.09547179937362671,1780412777.4836721
20856,Metrics/base_velocity/error_vel_xy,0.10239441692829132,1780412933.510945
20889,Metrics/base_velocity/error_vel_xy,0.10168454051017761,1780413087.9201958
20922,Metrics/base_velocity/error_vel_xy,0.10051855444908142,1780413242.522125
20955,Metrics/base_velocity/error_vel_xy,0.0973663181066513,1780413397.4129236
20988,Metrics/base_velocity/error_vel_xy,0.1008729562163353,1780413553.1362982
21021,Metrics/base_velocity/error_vel_xy,0.09718601405620575,1780413709.1348746
21054,Metrics/base_velocity/error_vel_xy,0.09920279681682587,1780413864.2449017
21087,Metrics/base_velocity/error_vel_xy,0.09918276965618134,1780414018.8498302
21120,Metrics/base_velocity/error_vel_xy,0.09722857177257538,1780414164.4345515
21153,Metrics/base_velocity/error_vel_xy,0.10287745296955109,1780414312.4123816
21186,Metrics/base_velocity/error_vel_xy,0.1025562733411789,1780414467.8265035
21219,Metrics/base_velocity/error_vel_xy,0.10435149073600769,1780414623.448579
21252,Metrics/base_velocity/error_vel_xy,0.10190226882696152,1780414778.1119983
21285,Metrics/base_velocity/error_vel_xy,0.10120779275894165,1780414933.906024
21318,Metrics/base_velocity/error_vel_xy,0.10590076446533203,1780415089.9619083
21351,Metrics/base_velocity/error_vel_xy,0.10059750080108643,1780415245.8580844
21384,Metrics/base_velocity/error_vel_xy,0.09815014898777008,1780415401.311954
21417,Metrics/base_velocity/error_vel_xy,0.09942715615034103,1780415557.0377052
21450,Metrics/base_velocity/error_vel_xy,0.10183960199356079,1780415713.7331536
21483,Metrics/base_velocity/error_vel_xy,0.10041355341672897,1780415869.966352
21516,Metrics/base_velocity/error_vel_xy,0.09864731878042221,1780416025.1752093
21549,Metrics/base_velocity/error_vel_xy,0.09748697280883789,1780416181.0073042
21582,Metrics/base_velocity/error_vel_xy,0.09616915881633759,1780416337.1633122
21615,Metrics/base_velocity/error_vel_xy,0.09770889580249786,1780416493.7686546
21648,Metrics/base_velocity/error_vel_xy,0.1017724871635437,1780416649.3022115
21681,Metrics/base_velocity/error_vel_xy,0.10058879852294922,1780416805.022496
21714,Metrics/base_velocity/error_vel_xy,0.1018218919634819,1780416961.3704112
21747,Metrics/base_velocity/error_vel_xy,0.09838710725307465,1780417116.235172
21780,Metrics/base_velocity/error_vel_xy,0.09799369424581528,1780417272.2926579
21813,Metrics/base_velocity/error_vel_xy,0.1014946848154068,1780417428.7797396
21846,Metrics/base_velocity/error_vel_xy,0.09764735400676727,1780417585.524042
21879,Metrics/base_velocity/error_vel_xy,0.0982048362493515,1780417741.8777568
21912,Metrics/base_velocity/error_vel_xy,0.09969501197338104,1780417898.3107414
21945,Metrics/base_velocity/error_vel_xy,0.09938868135213852,1780418054.6792698
21978,Metrics/base_velocity/error_vel_xy,0.11330246180295944,1780418210.670593
22011,Metrics/base_velocity/error_vel_xy,0.10735034942626953,1780418362.7873647
22044,Metrics/base_velocity/error_vel_xy,0.10382480919361115,1780418516.6287756
22077,Metrics/base_velocity/error_vel_xy,0.09818412363529205,1780418673.5814233
22110,Metrics/base_velocity/error_vel_xy,0.09935259073972702,1780418830.817857
22143,Metrics/base_velocity/error_vel_xy,0.10073011368513107,1780418988.7859063
22176,Metrics/base_velocity/error_vel_xy,0.09522208571434021,1780419145.2323308
22209,Metrics/base_velocity/error_vel_xy,0.09548711776733398,1780419301.747026
22242,Metrics/base_velocity/error_vel_xy,0.09400448203086853,1780419457.6682992
22275,Metrics/base_velocity/error_vel_xy,0.09519704431295395,1780419614.0244596
22308,Metrics/base_velocity/error_vel_xy,0.09555593132972717,1780419769.5653949
22341,Metrics/base_velocity/error_vel_xy,0.09545344114303589,1780419925.218184
22374,Metrics/base_velocity/error_vel_xy,0.09846168011426926,1780420081.1626644
22407,Metrics/base_velocity/error_vel_xy,0.09045219421386719,1780420237.0380702
22440,Metrics/base_velocity/error_vel_xy,0.09520970284938812,1780420393.0504096
22473,Metrics/base_velocity/error_vel_xy,0.0960182249546051,1780420548.618222
22506,Metrics/base_velocity/error_vel_xy,0.09626200795173645,1780420703.950845
22539,Metrics/base_velocity/error_vel_xy,0.0948088988661766,1780420856.0395699
22572,Metrics/base_velocity/error_vel_xy,0.09645581245422363,1780421011.8806868
22605,Metrics/base_velocity/error_vel_xy,0.09896431863307953,1780421168.0016134
22638,Metrics/base_velocity/error_vel_xy,0.09927820414304733,1780421310.2086945
22671,Metrics/base_velocity/error_vel_xy,0.09811200946569443,1780421466.2935388
22704,Metrics/base_velocity/error_vel_xy,0.09704425930976868,1780421622.1959739
22737,Metrics/base_velocity/error_vel_xy,0.10303783416748047,1780421778.5711443
22770,Metrics/base_velocity/error_vel_xy,0.10529684275388718,1780421927.4565613
22803,Metrics/base_velocity/error_vel_xy,0.10337240993976593,1780422083.451
22836,Metrics/base_velocity/error_vel_xy,0.10169671475887299,1780422238.2891896
22869,Metrics/base_velocity/error_vel_xy,0.09897232055664062,1780422393.7667665
22902,Metrics/base_velocity/error_vel_xy,0.098809152841568,1780422549.4075634
22935,Metrics/base_velocity/error_vel_xy,0.09857981652021408,1780422704.8671227
22968,Metrics/base_velocity/error_vel_xy,0.09732863306999207,1780422859.5147233
23001,Metrics/base_velocity/error_vel_xy,0.097203329205513,1780423014.732828
23034,Metrics/base_velocity/error_vel_xy,0.11042817682027817,1780423170.6987488
23067,Metrics/base_velocity/error_vel_xy,0.10363058745861053,1780423326.8243527
23100,Metrics/base_velocity/error_vel_xy,0.1012364849448204,1780423483.0878155
23133,Metrics/base_velocity/error_vel_xy,0.10047595202922821,1780423639.0213525
23166,Metrics/base_velocity/error_vel_xy,0.09735137224197388,1780423794.0912845
23199,Metrics/base_velocity/error_vel_xy,0.10045284032821655,1780423949.5936365
23232,Metrics/base_velocity/error_vel_xy,0.09681878983974457,1780424105.1921906
23265,Metrics/base_velocity/error_vel_xy,0.09759949147701263,1780424257.319368
23298,Metrics/base_velocity/error_vel_xy,0.09740638732910156,1780424412.8811214
23331,Metrics/base_velocity/error_vel_xy,0.09625384211540222,1780424569.5576556
23364,Metrics/base_velocity/error_vel_xy,0.09535317122936249,1780424725.182605
23397,Metrics/base_velocity/error_vel_xy,0.0994872897863388,1780424880.95014
23430,Metrics/base_velocity/error_vel_xy,0.0971021056175232,1780425036.6255023
23463,Metrics/base_velocity/error_vel_xy,0.09941914677619934,1780425192.3024387
23496,Metrics/base_velocity/error_vel_xy,0.09531602263450623,1780425347.9160159
23529,Metrics/base_velocity/error_vel_xy,0.09553384780883789,1780425504.2619615
23562,Metrics/base_velocity/error_vel_xy,0.09850403666496277,1780425660.542443
23595,Metrics/base_velocity/error_vel_xy,0.09746237844228745,1780425815.9636552
23628,Metrics/base_velocity/error_vel_xy,0.09673048555850983,1780425971.9939954
23661,Metrics/base_velocity/error_vel_xy,0.09796154499053955,1780426128.2267733
23694,Metrics/base_velocity/error_vel_xy,0.0943782776594162,1780426284.295491
23727,Metrics/base_velocity/error_vel_xy,0.09261120855808258,1780426440.639294
23760,Metrics/base_velocity/error_vel_xy,0.09525342285633087,1780426595.842859
23793,Metrics/base_velocity/error_vel_xy,0.09716241806745529,1780426751.9460158
23826,Metrics/base_velocity/error_vel_xy,0.09375777840614319,1780426907.4978964
23859,Metrics/base_velocity/error_vel_xy,0.09844609349966049,1780427054.4123623
23892,Metrics/base_velocity/error_vel_xy,0.10605116933584213,1780427207.0554748
23925,Metrics/base_velocity/error_vel_xy,0.10222171247005463,1780427364.0634086
23958,Metrics/base_velocity/error_vel_xy,0.10276298224925995,1780427520.3901563
23991,Metrics/base_velocity/error_vel_xy,0.10109531879425049,1780427677.5631459
24024,Metrics/base_velocity/error_vel_xy,0.09737109392881393,1780427834.2495224
24057,Metrics/base_velocity/error_vel_xy,0.09777303040027618,1780427990.8020513
24090,Metrics/base_velocity/error_vel_xy,0.09973784536123276,1780428147.853411
24123,Metrics/base_velocity/error_vel_xy,0.09909681975841522,1780428303.98128
24156,Metrics/base_velocity/error_vel_xy,0.09121724218130112,1780428460.4968293
24189,Metrics/base_velocity/error_vel_xy,0.09491296857595444,1780428617.2279956
24222,Metrics/base_velocity/error_vel_xy,0.09690218418836594,1780428772.9848905
24255,Metrics/base_velocity/error_vel_xy,0.09566926211118698,1780428929.3840861
24288,Metrics/base_velocity/error_vel_xy,0.0988958328962326,1780429086.068897
24321,Metrics/base_velocity/error_vel_xy,0.09846679866313934,1780429242.7733917
24354,Metrics/base_velocity/error_vel_xy,0.09981995820999146,1780429399.6440325
24387,Metrics/base_velocity/error_vel_xy,0.09772228449583054,1780429556.552095
24420,Metrics/base_velocity/error_vel_xy,0.09940572082996368,1780429712.1735241
24453,Metrics/base_velocity/error_vel_xy,0.09439714252948761,1780429867.8952343
24486,Metrics/base_velocity/error_vel_xy,0.09536328911781311,1780430024.920618
24519,Metrics/base_velocity/error_vel_xy,0.10033430904150009,1780430181.2514544
24552,Metrics/base_velocity/error_vel_xy,0.096068374812603,1780430336.949172
24585,Metrics/base_velocity/error_vel_xy,0.09790410846471786,1780430492.3794386
24618,Metrics/base_velocity/error_vel_xy,0.09806430339813232,1780430648.4780796
24651,Metrics/base_velocity/error_vel_xy,0.09537290036678314,1780430806.4285057
24684,Metrics/base_velocity/error_vel_xy,0.09524744749069214,1780430963.3637905
24717,Metrics/base_velocity/error_vel_xy,0.09952925890684128,1780431120.1086068
24750,Metrics/base_velocity/error_vel_xy,0.10121883451938629,1780431276.4552605
24783,Metrics/base_velocity/error_vel_xy,0.10031708329916,1780431433.4647706
24816,Metrics/base_velocity/error_vel_xy,0.10160940885543823,1780431591.7115493
24849,Metrics/base_velocity/error_vel_xy,0.10274289548397064,1780431749.5158937
24882,Metrics/base_velocity/error_vel_xy,0.10100387036800385,1780431907.5033538
24915,Metrics/base_velocity/error_vel_xy,0.10216112434864044,1780432064.1593053
24948,Metrics/base_velocity/error_vel_xy,0.1022854596376419,1780432221.7554252
24981,Metrics/base_velocity/error_vel_xy,0.10504953563213348,1780432379.4356506
25014,Metrics/base_velocity/error_vel_xy,0.10105167329311371,1780432536.0942206
25047,Metrics/base_velocity/error_vel_xy,0.09985977411270142,1780432692.2206535
25080,Metrics/base_velocity/error_vel_xy,0.10160517692565918,1780432848.6833484
25113,Metrics/base_velocity/error_vel_xy,0.10339754074811935,1780433005.2437518
25146,Metrics/base_velocity/error_vel_xy,0.10083647817373276,1780433162.162758
25179,Metrics/base_velocity/error_vel_xy,0.10195272415876389,1780433318.3749256
25212,Metrics/base_velocity/error_vel_xy,0.09972000122070312,1780433474.4277346
25245,Metrics/base_velocity/error_vel_xy,0.09700410068035126,1780433631.3869843
25278,Metrics/base_velocity/error_vel_xy,0.09414704889059067,1780433789.100185
25311,Metrics/base_velocity/error_vel_xy,0.09652536362409592,1780433946.343293
25344,Metrics/base_velocity/error_vel_xy,0.09784930944442749,1780434102.8862312
25377,Metrics/base_velocity/error_vel_xy,0.09408295154571533,1780434259.0619226
25410,Metrics/base_velocity/error_vel_xy,0.09842174500226974,1780434416.2620947
25443,Metrics/base_velocity/error_vel_xy,0.09070873260498047,1780434573.1399393
25476,Metrics/base_velocity/error_vel_xy,0.09701739251613617,1780434731.42899
25509,Metrics/base_velocity/error_vel_xy,0.09651537239551544,1780434888.181107
25542,Metrics/base_velocity/error_vel_xy,0.09739124029874802,1780435044.5883515
25575,Metrics/base_velocity/error_vel_xy,0.09723098576068878,1780435201.4416685
25608,Metrics/base_velocity/error_vel_xy,0.1002979576587677,1780435358.7129605
25641,Metrics/base_velocity/error_vel_xy,0.09769950807094574,1780435515.5885253
25674,Metrics/base_velocity/error_vel_xy,0.0977896973490715,1780435671.865531
25707,Metrics/base_velocity/error_vel_xy,0.10023075342178345,1780435828.6072483
25740,Metrics/base_velocity/error_vel_xy,0.09876628965139389,1780435986.6810262
25773,Metrics/base_velocity/error_vel_xy,0.09793710708618164,1780436142.0759225
25806,Metrics/base_velocity/error_vel_xy,0.10511420667171478,1780436299.5664632
25839,Metrics/base_velocity/error_vel_xy,0.10316102206707001,1780436454.9705145
25872,Metrics/base_velocity/error_vel_xy,0.10137775540351868,1780436603.9961257
25905,Metrics/base_velocity/error_vel_xy,0.1049376130104065,1780436761.6798775
25938,Metrics/base_velocity/error_vel_xy,0.10127060115337372,1780436918.0865777
25971,Metrics/base_velocity/error_vel_xy,0.10242912173271179,1780437074.9130876
26004,Metrics/base_velocity/error_vel_xy,0.10201166570186615,1780437231.9642718
26037,Metrics/base_velocity/error_vel_xy,0.09728258103132248,1780437389.9286895
26070,Metrics/base_velocity/error_vel_xy,0.1026763841509819,1780437546.1325586
26103,Metrics/base_velocity/error_vel_xy,0.10041683912277222,1780437704.579903
26136,Metrics/base_velocity/error_vel_xy,0.10179733484983444,1780437862.4052696
26169,Metrics/base_velocity/error_vel_xy,0.10230661928653717,1780438020.0119762
26202,Metrics/base_velocity/error_vel_xy,0.10577388852834702,1780438177.9627693
26235,Metrics/base_velocity/error_vel_xy,0.09503551572561264,1780438336.8320446
26268,Metrics/base_velocity/error_vel_xy,0.10021887719631195,1780438494.7816005
26301,Metrics/base_velocity/error_vel_xy,0.10413137078285217,1780438650.2420402
26334,Metrics/base_velocity/error_vel_xy,0.10246729850769043,1780438808.8768198
26367,Metrics/base_velocity/error_vel_xy,0.10398408025503159,1780438967.2000628
26400,Metrics/base_velocity/error_vel_xy,0.1012665182352066,1780439125.8123996
26433,Metrics/base_velocity/error_vel_xy,0.10200892388820648,1780439284.2499473
26466,Metrics/base_velocity/error_vel_xy,0.10501085221767426,1780439442.213235
26499,Metrics/base_velocity/error_vel_xy,0.10387144982814789,1780439600.4066153
26532,Metrics/base_velocity/error_vel_xy,0.10565939545631409,1780439758.6707528
26565,Metrics/base_velocity/error_vel_xy,0.10277142375707626,1780439917.3463998
26598,Metrics/base_velocity/error_vel_xy,0.10386326164007187,1780440076.3237064
26631,Metrics/base_velocity/error_vel_xy,0.10301186144351959,1780440234.0792594
26664,Metrics/base_velocity/error_vel_xy,0.10271094739437103,1780440392.7663467
26697,Metrics/base_velocity/error_vel_xy,0.09904016554355621,1780440551.438136
26730,Metrics/base_velocity/error_vel_xy,0.10145741701126099,1780440710.4659865
26763,Metrics/base_velocity/error_vel_xy,0.10444667190313339,1780440868.7722852
26796,Metrics/base_velocity/error_vel_xy,0.10811172425746918,1780441027.339502
26829,Metrics/base_velocity/error_vel_xy,0.10511263459920883,1780441185.2314763
26862,Metrics/base_velocity/error_vel_xy,0.10445277392864227,1780441343.6905463
26895,Metrics/base_velocity/error_vel_xy,0.10753412544727325,1780441501.9352677
26928,Metrics/base_velocity/error_vel_xy,0.10601481050252914,1780441658.8881423
26961,Metrics/base_velocity/error_vel_xy,0.10850958526134491,1780441815.4068606
26994,Metrics/base_velocity/error_vel_xy,0.10278928279876709,1780441972.261596
27027,Metrics/base_velocity/error_vel_xy,0.10412392020225525,1780442129.5628688
27060,Metrics/base_velocity/error_vel_xy,0.10960017889738083,1780442286.2386525
27093,Metrics/base_velocity/error_vel_xy,0.1077587828040123,1780442441.8497603
27126,Metrics/base_velocity/error_vel_xy,0.10700118541717529,1780442598.172645
27159,Metrics/base_velocity/error_vel_xy,0.10777348279953003,1780442754.7719085
27192,Metrics/base_velocity/error_vel_xy,0.1082707867026329,1780442911.2319024
27225,Metrics/base_velocity/error_vel_xy,0.10654764622449875,1780443066.9533253
27258,Metrics/base_velocity/error_vel_xy,0.10360836982727051,1780443223.1419346
27291,Metrics/base_velocity/error_vel_xy,0.10555281490087509,1780443379.6126132
27324,Metrics/base_velocity/error_vel_xy,0.11076545715332031,1780443535.5961733
27357,Metrics/base_velocity/error_vel_xy,0.10763555765151978,1780443692.7696197
27390,Metrics/base_velocity/error_vel_xy,0.10502241551876068,1780443849.2867844
27423,Metrics/base_velocity/error_vel_xy,0.10562067478895187,1780444006.2178981
27456,Metrics/base_velocity/error_vel_xy,0.10669966787099838,1780444163.776083
27489,Metrics/base_velocity/error_vel_xy,0.11081568896770477,1780444321.3585372
27522,Metrics/base_velocity/error_vel_xy,0.1052270159125328,1780444479.4586384
27555,Metrics/base_velocity/error_vel_xy,0.1059333086013794,1780444636.511883
27588,Metrics/base_velocity/error_vel_xy,0.1057799682021141,1780444793.5270395
27621,Metrics/base_velocity/error_vel_xy,0.10479921102523804,1780444950.2489288
27654,Metrics/base_velocity/error_vel_xy,0.10286204516887665,1780445107.6241884
27687,Metrics/base_velocity/error_vel_xy,0.10046891868114471,1780445269.7626834
27720,Metrics/base_velocity/error_vel_xy,0.10572092980146408,1780445428.6755574
27753,Metrics/base_velocity/error_vel_xy,0.10636921972036362,1780445585.7761288
27786,Metrics/base_velocity/error_vel_xy,0.11224385350942612,1780445743.195241
27819,Metrics/base_velocity/error_vel_xy,0.1090703010559082,1780445900.0783632
27852,Metrics/base_velocity/error_vel_xy,0.10584115982055664,1780446059.2276192
27885,Metrics/base_velocity/error_vel_xy,0.10739787667989731,1780446220.7620609
27918,Metrics/base_velocity/error_vel_xy,0.10505340993404388,1780446383.271988
27951,Metrics/base_velocity/error_vel_xy,0.10277344286441803,1780446543.9737024
27984,Metrics/base_velocity/error_vel_xy,0.1024494394659996,1780446705.626574
28017,Metrics/base_velocity/error_vel_xy,0.10361550748348236,1780446866.387118
28050,Metrics/base_velocity/error_vel_xy,0.10499366372823715,1780447027.8799856
28083,Metrics/base_velocity/error_vel_xy,0.10579369962215424,1780447190.698798
28116,Metrics/base_velocity/error_vel_xy,0.10414613783359528,1780447351.9639215
28149,Metrics/base_velocity/error_vel_xy,0.1067105382680893,1780447517.8820622
28182,Metrics/base_velocity/error_vel_xy,0.10427713394165039,1780447711.4006267
28215,Metrics/base_velocity/error_vel_xy,0.10457926988601685,1780447894.084944
28248,Metrics/base_velocity/error_vel_xy,0.10535651445388794,1780448053.7020855
28281,Metrics/base_velocity/error_vel_xy,0.10378079861402512,1780448227.0412652
28314,Metrics/base_velocity/error_vel_xy,0.10170953720808029,1780448387.3739893
28347,Metrics/base_velocity/error_vel_xy,0.10275670140981674,1780448545.9337158
28380,Metrics/base_velocity/error_vel_xy,0.10470591485500336,1780448704.8939023
28413,Metrics/base_velocity/error_vel_xy,0.10558217763900757,1780448863.8643692
28446,Metrics/base_velocity/error_vel_xy,0.10571587085723877,1780449019.1304963
28479,Metrics/base_velocity/error_vel_xy,0.10696840286254883,1780449178.848323
28512,Metrics/base_velocity/error_vel_xy,0.10897950828075409,1780449338.8099976
28545,Metrics/base_velocity/error_vel_xy,0.10637018084526062,1780449498.202934
28578,Metrics/base_velocity/error_vel_xy,0.10666227340698242,1780449657.2897005
28611,Metrics/base_velocity/error_vel_xy,0.10555580258369446,1780449815.555176
28644,Metrics/base_velocity/error_vel_xy,0.10756562650203705,1780449974.2094796
28677,Metrics/base_velocity/error_vel_xy,0.10639685392379761,1780450133.816894
28710,Metrics/base_velocity/error_vel_xy,0.10359811782836914,1780450291.573014
28743,Metrics/base_velocity/error_vel_xy,0.10362732410430908,1780450450.1157515
28776,Metrics/base_velocity/error_vel_xy,0.11007233709096909,1780450608.3247652
28809,Metrics/base_velocity/error_vel_xy,0.10402166843414307,1780450765.9888225
28842,Metrics/base_velocity/error_vel_xy,0.10363532602787018,1780450923.0524487
28875,Metrics/base_velocity/error_vel_xy,0.1089385598897934,1780451078.0798879
28908,Metrics/base_velocity/error_vel_xy,0.10500883311033249,1780451233.197487
28941,Metrics/base_velocity/error_vel_xy,0.1094331368803978,1780451387.9924352
28974,Metrics/base_velocity/error_vel_xy,0.11049781739711761,1780451543.3857186
29007,Metrics/base_velocity/error_vel_xy,0.10607122629880905,1780451699.2567887
29040,Metrics/base_velocity/error_vel_xy,0.10638608783483505,1780451855.7080057
29073,Metrics/base_velocity/error_vel_xy,0.11180338263511658,1780452011.8742428
29106,Metrics/base_velocity/error_vel_xy,0.10629765689373016,1780452169.3270488
29139,Metrics/base_velocity/error_vel_xy,0.10443714261054993,1780452324.9497917
29172,Metrics/base_velocity/error_vel_xy,0.10806016623973846,1780452480.3735485
29205,Metrics/base_velocity/error_vel_xy,0.10701330751180649,1780452636.6229594
29238,Metrics/base_velocity/error_vel_xy,0.10718405246734619,1780452792.3655787
29271,Metrics/base_velocity/error_vel_xy,0.10745295882225037,1780452948.286844
29304,Metrics/base_velocity/error_vel_xy,0.11010011285543442,1780453103.4554098
29337,Metrics/base_velocity/error_vel_xy,0.1094675064086914,1780453259.2071595
29370,Metrics/base_velocity/error_vel_xy,0.10920759290456772,1780453414.561834
29403,Metrics/base_velocity/error_vel_xy,0.10530734062194824,1780453569.7382793
29436,Metrics/base_velocity/error_vel_xy,0.10833662748336792,1780453724.2755222
29469,Metrics/base_velocity/error_vel_xy,0.10900051891803741,1780453879.0100367
29502,Metrics/base_velocity/error_vel_xy,0.10664724558591843,1780454034.2411847
29535,Metrics/base_velocity/error_vel_xy,0.11144989728927612,1780454189.402741
29568,Metrics/base_velocity/error_vel_xy,0.10836076736450195,1780454345.043711
29601,Metrics/base_velocity/error_vel_xy,0.10717790573835373,1780454501.1790233
29634,Metrics/base_velocity/error_vel_xy,0.1082623228430748,1780454656.9892118
29667,Metrics/base_velocity/error_vel_xy,0.10548125207424164,1780454813.033125
29700,Metrics/base_velocity/error_vel_xy,0.10084959119558334,1780454967.9974625
29733,Metrics/base_velocity/error_vel_xy,0.10450877994298935,1780455123.3961828
29766,Metrics/base_velocity/error_vel_xy,0.10567902028560638,1780455279.3429453
29799,Metrics/base_velocity/error_vel_xy,0.110809825360775,1780455435.6646335
29832,Metrics/base_velocity/error_vel_xy,0.10767042636871338,1780455591.4855523
29865,Metrics/base_velocity/error_vel_xy,0.11090846359729767,1780455746.9112172
29898,Metrics/base_velocity/error_vel_xy,0.10358332842588425,1780455901.985237
29931,Metrics/base_velocity/error_vel_xy,0.1048102006316185,1780456057.8702118
29964,Metrics/base_velocity/error_vel_xy,0.10612504184246063,1780456213.5751238
29997,Metrics/base_velocity/error_vel_xy,0.10321742296218872,1780456370.62638
30030,Metrics/base_velocity/error_vel_xy,0.10630443692207336,1780456527.6106691
30063,Metrics/base_velocity/error_vel_xy,0.10648293793201447,1780456684.600829
30096,Metrics/base_velocity/error_vel_xy,0.10909893363714218,1780456841.859879
30129,Metrics/base_velocity/error_vel_xy,0.10823152959346771,1780456999.4919527
30162,Metrics/base_velocity/error_vel_xy,0.1043584942817688,1780457156.490123
30195,Metrics/base_velocity/error_vel_xy,0.10568487644195557,1780457313.167356
30228,Metrics/base_velocity/error_vel_xy,0.10420484840869904,1780457470.9867
30261,Metrics/base_velocity/error_vel_xy,0.108163021504879,1780457629.5173278
30294,Metrics/base_velocity/error_vel_xy,0.10716289281845093,1780457786.7217555
30327,Metrics/base_velocity/error_vel_xy,0.10663497447967529,1780457945.3458982
30360,Metrics/base_velocity/error_vel_xy,0.10765429586172104,1780458102.9020245
30393,Metrics/base_velocity/error_vel_xy,0.11264865100383759,1780458259.933098
30426,Metrics/base_velocity/error_vel_xy,0.10697680711746216,1780458417.776256
30459,Metrics/base_velocity/error_vel_xy,0.10903805494308472,1780458575.234508
30492,Metrics/base_velocity/error_vel_xy,0.11060486733913422,1780458732.266836
30525,Metrics/base_velocity/error_vel_xy,0.10756431519985199,1780458890.3162112
30558,Metrics/base_velocity/error_vel_xy,0.10491977632045746,1780459048.5500987
30591,Metrics/base_velocity/error_vel_xy,0.10617580264806747,1780459206.2506053
30624,Metrics/base_velocity/error_vel_xy,0.10870736837387085,1780459363.399068
30657,Metrics/base_velocity/error_vel_xy,0.10649015754461288,1780459520.675125
30690,Metrics/base_velocity/error_vel_xy,0.10574602335691452,1780459678.142394
30723,Metrics/base_velocity/error_vel_xy,0.10780217498540878,1780459834.5406654
30756,Metrics/base_velocity/error_vel_xy,0.1066727340221405,1780459991.1464689
30789,Metrics/base_velocity/error_vel_xy,0.10485279560089111,1780460148.5576577
30822,Metrics/base_velocity/error_vel_xy,0.11115323752164841,1780460306.8956249
30855,Metrics/base_velocity/error_vel_xy,0.10766540467739105,1780460464.997599
30888,Metrics/base_velocity/error_vel_xy,0.10709819197654724,1780460622.7553883
30921,Metrics/base_velocity/error_vel_xy,0.10577525943517685,1780460780.7589486
30954,Metrics/base_velocity/error_vel_xy,0.10199145972728729,1780460938.7869267
30987,Metrics/base_velocity/error_vel_xy,0.11010201275348663,1780461097.2310376
31020,Metrics/base_velocity/error_vel_xy,0.105583056807518,1780461255.4192636
31053,Metrics/base_velocity/error_vel_xy,0.10541146993637085,1780461414.159043
31086,Metrics/base_velocity/error_vel_xy,0.10723238438367844,1780461572.8889546
31119,Metrics/base_velocity/error_vel_xy,0.10443984717130661,1780461730.7711675
31152,Metrics/base_velocity/error_vel_xy,0.11070015281438828,1780461888.945677
31185,Metrics/base_velocity/error_vel_xy,0.10423204302787781,1780462045.703076
31218,Metrics/base_velocity/error_vel_xy,0.10640089958906174,1780462200.6745877
31251,Metrics/base_velocity/error_vel_xy,0.1070045679807663,1780462356.3965328
31284,Metrics/base_velocity/error_vel_xy,0.10351263731718063,1780462513.4837685
31317,Metrics/base_velocity/error_vel_xy,0.10346322506666183,1780462671.417505
31350,Metrics/base_velocity/error_vel_xy,0.10470996797084808,1780462828.421484
31383,Metrics/base_velocity/error_vel_xy,0.10711940377950668,1780462984.74561
31416,Metrics/base_velocity/error_vel_xy,0.10599520057439804,1780463140.9992938
31449,Metrics/base_velocity/error_vel_xy,0.10213180631399155,1780463297.158773
31482,Metrics/base_velocity/error_vel_xy,0.09982554614543915,1780463453.8578672
31515,Metrics/base_velocity/error_vel_xy,0.10367976129055023,1780463610.141178
31548,Metrics/base_velocity/error_vel_xy,0.10493092983961105,1780463765.662619
31581,Metrics/base_velocity/error_vel_xy,0.1061783879995346,1780463921.6277196
31614,Metrics/base_velocity/error_vel_xy,0.11234967410564423,1780464077.8673139
31647,Metrics/base_velocity/error_vel_xy,0.10291686654090881,1780464234.716721
31680,Metrics/base_velocity/error_vel_xy,0.10408016294240952,1780464391.0813293
31713,Metrics/base_velocity/error_vel_xy,0.10219316184520721,1780464547.058963
31746,Metrics/base_velocity/error_vel_xy,0.10063648223876953,1780464704.1696098
31779,Metrics/base_velocity/error_vel_xy,0.10614671558141708,1780464860.6464837
31812,Metrics/base_velocity/error_vel_xy,0.09816418588161469,1780465017.455483
31845,Metrics/base_velocity/error_vel_xy,0.10437234491109848,1780465173.3559773
31878,Metrics/base_velocity/error_vel_xy,0.10575523227453232,1780465329.403588
31911,Metrics/base_velocity/error_vel_xy,0.10430124402046204,1780465485.0004091
31944,Metrics/base_velocity/error_vel_xy,0.10044097155332565,1780465641.69413
31977,Metrics/base_velocity/error_vel_xy,0.10412220656871796,1780465799.1911607
32010,Metrics/base_velocity/error_vel_xy,0.10219262540340424,1780465955.196543
32043,Metrics/base_velocity/error_vel_xy,0.10420522093772888,1780466111.4391007
32076,Metrics/base_velocity/error_vel_xy,0.10476855933666229,1780466270.1046693
32109,Metrics/base_velocity/error_vel_xy,0.10269203037023544,1780466428.7861834
32142,Metrics/base_velocity/error_vel_xy,0.10262632369995117,1780466586.1660132
32175,Metrics/base_velocity/error_vel_xy,0.10311941802501678,1780466742.0117717
32208,Metrics/base_velocity/error_vel_xy,0.10184413194656372,1780466886.9448776
32241,Metrics/base_velocity/error_vel_xy,0.10013764351606369,1780467043.456228
32274,Metrics/base_velocity/error_vel_xy,0.10011693835258484,1780467200.0423894
32307,Metrics/base_velocity/error_vel_xy,0.10322646796703339,1780467356.7626462
32340,Metrics/base_velocity/error_vel_xy,0.10285234451293945,1780467512.0330017
32373,Metrics/base_velocity/error_vel_xy,0.10411302745342255,1780467668.7386363
32406,Metrics/base_velocity/error_vel_xy,0.10734252631664276,1780467826.050772
32439,Metrics/base_velocity/error_vel_xy,0.10412013530731201,1780467983.621792
32472,Metrics/base_velocity/error_vel_xy,0.10523715615272522,1780468138.9379883
32505,Metrics/base_velocity/error_vel_xy,0.10545307397842407,1780468295.7707558
32538,Metrics/base_velocity/error_vel_xy,0.10818757116794586,1780468452.9146576
32571,Metrics/base_velocity/error_vel_xy,0.10487952083349228,1780468609.6532292
32604,Metrics/base_velocity/error_vel_xy,0.10029049217700958,1780468765.9079003
32637,Metrics/base_velocity/error_vel_xy,0.10370111465454102,1780468922.3402233
32670,Metrics/base_velocity/error_vel_xy,0.10500994324684143,1780469077.6811438
32703,Metrics/base_velocity/error_vel_xy,0.10813884437084198,1780469233.8211892
32736,Metrics/base_velocity/error_vel_xy,0.10665363073348999,1780469390.356321
32769,Metrics/base_velocity/error_vel_xy,0.10108684003353119,1780469547.3600821
32802,Metrics/base_velocity/error_vel_xy,0.10216563194990158,1780469704.0074282
32808,Metrics/base_velocity/error_vel_xy,0.10140404105186462,1780469732.8203592
0,Metrics/base_velocity/error_vel_yaw,0.04352017492055893,1780315977.9458623
33,Metrics/base_velocity/error_vel_yaw,0.28399479389190674,1780316207.9505143
66,Metrics/base_velocity/error_vel_yaw,1.7315791845321655,1780316411.085849
99,Metrics/base_velocity/error_vel_yaw,2.362731456756592,1780316608.8415184
132,Metrics/base_velocity/error_vel_yaw,1.8560128211975098,1780316800.6597636
165,Metrics/base_velocity/error_vel_yaw,1.2404123544692993,1780316969.1266
198,Metrics/base_velocity/error_vel_yaw,0.6663730144500732,1780317123.5638676
231,Metrics/base_velocity/error_vel_yaw,1.080971121788025,1780317277.8083518
264,Metrics/base_velocity/error_vel_yaw,1.1109600067138672,1780317413.3568873
297,Metrics/base_velocity/error_vel_yaw,1.0515427589416504,1780317560.0097983
330,Metrics/base_velocity/error_vel_yaw,0.9656983613967896,1780317719.5203853
363,Metrics/base_velocity/error_vel_yaw,0.9031920433044434,1780317880.043108
396,Metrics/base_velocity/error_vel_yaw,0.8180699348449707,1780318019.1277742
429,Metrics/base_velocity/error_vel_yaw,0.7386628985404968,1780318155.4564898
462,Metrics/base_velocity/error_vel_yaw,0.6726290583610535,1780318312.7378712
495,Metrics/base_velocity/error_vel_yaw,0.6143816709518433,1780318471.6263258
528,Metrics/base_velocity/error_vel_yaw,0.5532044768333435,1780318629.4657867
561,Metrics/base_velocity/error_vel_yaw,0.5088645815849304,1780318788.3286245
594,Metrics/base_velocity/error_vel_yaw,0.4736406207084656,1780318933.3591225
627,Metrics/base_velocity/error_vel_yaw,0.44906604290008545,1780319091.0379937
660,Metrics/base_velocity/error_vel_yaw,0.432720422744751,1780319249.7339141
693,Metrics/base_velocity/error_vel_yaw,0.41377997398376465,1780319402.585592
726,Metrics/base_velocity/error_vel_yaw,0.39841949939727783,1780319557.7467406
759,Metrics/base_velocity/error_vel_yaw,0.38658782839775085,1780319716.0291276
792,Metrics/base_velocity/error_vel_yaw,0.37813907861709595,1780319875.7069345
825,Metrics/base_velocity/error_vel_yaw,0.36593636870384216,1780320036.69148
858,Metrics/base_velocity/error_vel_yaw,0.3525424599647522,1780320196.062822
891,Metrics/base_velocity/error_vel_yaw,0.34373578429222107,1780320356.2784328
924,Metrics/base_velocity/error_vel_yaw,0.33780044317245483,1780320501.013749
957,Metrics/base_velocity/error_vel_yaw,0.3299873471260071,1780320647.484785
990,Metrics/base_velocity/error_vel_yaw,0.3295048475265503,1780320786.6677365
1023,Metrics/base_velocity/error_vel_yaw,0.3266087770462036,1780320932.1460667
1056,Metrics/base_velocity/error_vel_yaw,0.3251821994781494,1780321093.167455
1089,Metrics/base_velocity/error_vel_yaw,0.3191814124584198,1780321254.4431689
1122,Metrics/base_velocity/error_vel_yaw,0.3107442855834961,1780321407.093968
1155,Metrics/base_velocity/error_vel_yaw,0.3019922375679016,1780321567.7127447
1188,Metrics/base_velocity/error_vel_yaw,0.29716092348098755,1780321722.2997613
1221,Metrics/base_velocity/error_vel_yaw,0.2932865023612976,1780321859.7777543
1254,Metrics/base_velocity/error_vel_yaw,0.29043370485305786,1780322008.5044954
1287,Metrics/base_velocity/error_vel_yaw,0.28915935754776,1780322168.8176854
1320,Metrics/base_velocity/error_vel_yaw,0.2823483943939209,1780322329.267798
1353,Metrics/base_velocity/error_vel_yaw,0.28417742252349854,1780322490.0510027
1386,Metrics/base_velocity/error_vel_yaw,0.28352129459381104,1780322647.6126015
1419,Metrics/base_velocity/error_vel_yaw,0.27987033128738403,1780322799.8687081
1452,Metrics/base_velocity/error_vel_yaw,0.2772079110145569,1780322952.6620955
1485,Metrics/base_velocity/error_vel_yaw,0.2788100242614746,1780323082.6701324
1518,Metrics/base_velocity/error_vel_yaw,0.27569565176963806,1780323216.4749815
1551,Metrics/base_velocity/error_vel_yaw,0.2744213938713074,1780323372.95356
1584,Metrics/base_velocity/error_vel_yaw,0.2711576819419861,1780323521.8557317
1617,Metrics/base_velocity/error_vel_yaw,0.2709343135356903,1780323677.752975
1650,Metrics/base_velocity/error_vel_yaw,0.2728198766708374,1780323835.8878107
1683,Metrics/base_velocity/error_vel_yaw,0.2689346671104431,1780323994.2762074
1716,Metrics/base_velocity/error_vel_yaw,0.26999062299728394,1780324152.1063182
1749,Metrics/base_velocity/error_vel_yaw,0.2705526351928711,1780324310.339265
1782,Metrics/base_velocity/error_vel_yaw,0.2679581046104431,1780324468.7042527
1815,Metrics/base_velocity/error_vel_yaw,0.26910504698753357,1780324626.250949
1848,Metrics/base_velocity/error_vel_yaw,0.26653289794921875,1780324779.6637363
1881,Metrics/base_velocity/error_vel_yaw,0.264278382062912,1780324936.9789996
1914,Metrics/base_velocity/error_vel_yaw,0.26504677534103394,1780325089.8648746
1947,Metrics/base_velocity/error_vel_yaw,0.25799286365509033,1780325246.582605
1980,Metrics/base_velocity/error_vel_yaw,0.25812023878097534,1780325402.0182757
2013,Metrics/base_velocity/error_vel_yaw,0.25704193115234375,1780325559.1220763
2046,Metrics/base_velocity/error_vel_yaw,0.25404104590415955,1780325715.4312758
2079,Metrics/base_velocity/error_vel_yaw,0.2541264295578003,1780325869.5977452
2112,Metrics/base_velocity/error_vel_yaw,0.2541898787021637,1780326024.5548635
2145,Metrics/base_velocity/error_vel_yaw,0.25672733783721924,1780326178.8988307
2178,Metrics/base_velocity/error_vel_yaw,0.25322842597961426,1780326337.0016694
2211,Metrics/base_velocity/error_vel_yaw,0.25027400255203247,1780326490.9278188
2244,Metrics/base_velocity/error_vel_yaw,0.25117647647857666,1780326646.6405075
2277,Metrics/base_velocity/error_vel_yaw,0.24742591381072998,1780326803.6827166
2310,Metrics/base_velocity/error_vel_yaw,0.24745583534240723,1780326959.1190379
2343,Metrics/base_velocity/error_vel_yaw,0.24754133820533752,1780327114.565678
2376,Metrics/base_velocity/error_vel_yaw,0.2479448765516281,1780327269.2217839
2409,Metrics/base_velocity/error_vel_yaw,0.24906376004219055,1780327425.1769385
2442,Metrics/base_velocity/error_vel_yaw,0.24830055236816406,1780327582.3848593
2475,Metrics/base_velocity/error_vel_yaw,0.24742376804351807,1780327739.3249938
2508,Metrics/base_velocity/error_vel_yaw,0.24794942140579224,1780327894.8474827
2541,Metrics/base_velocity/error_vel_yaw,0.24783357977867126,1780328051.8422086
2574,Metrics/base_velocity/error_vel_yaw,0.2465926855802536,1780328208.0580034
2607,Metrics/base_velocity/error_vel_yaw,0.24343876540660858,1780328364.7071729
2640,Metrics/base_velocity/error_vel_yaw,0.2420196235179901,1780328520.1763737
2673,Metrics/base_velocity/error_vel_yaw,0.24110381305217743,1780328674.7090304
2706,Metrics/base_velocity/error_vel_yaw,0.24129121005535126,1780328828.9019136
2739,Metrics/base_velocity/error_vel_yaw,0.24618491530418396,1780328982.8478327
2772,Metrics/base_velocity/error_vel_yaw,0.24471771717071533,1780329138.101672
2805,Metrics/base_velocity/error_vel_yaw,0.24228858947753906,1780329278.640421
2838,Metrics/base_velocity/error_vel_yaw,0.24353229999542236,1780329418.9872117
2871,Metrics/base_velocity/error_vel_yaw,0.24199938774108887,1780329563.450741
2904,Metrics/base_velocity/error_vel_yaw,0.24418827891349792,1780329701.798768
2937,Metrics/base_velocity/error_vel_yaw,0.24395208060741425,1780329854.0651822
2970,Metrics/base_velocity/error_vel_yaw,0.24638935923576355,1780330002.9627938
3003,Metrics/base_velocity/error_vel_yaw,0.24680928885936737,1780330148.0233128
3036,Metrics/base_velocity/error_vel_yaw,0.24239608645439148,1780330295.9319646
3069,Metrics/base_velocity/error_vel_yaw,0.24181024730205536,1780330425.6450808
3102,Metrics/base_velocity/error_vel_yaw,0.24282734096050262,1780330560.6874917
3135,Metrics/base_velocity/error_vel_yaw,0.2420288324356079,1780330714.9364307
3168,Metrics/base_velocity/error_vel_yaw,0.2408268302679062,1780330865.700906
3201,Metrics/base_velocity/error_vel_yaw,0.24628505110740662,1780330998.8253345
3234,Metrics/base_velocity/error_vel_yaw,0.24159273505210876,1780331142.4808257
3267,Metrics/base_velocity/error_vel_yaw,0.23990896344184875,1780331291.2251427
3300,Metrics/base_velocity/error_vel_yaw,0.24095067381858826,1780331432.021683
3333,Metrics/base_velocity/error_vel_yaw,0.24215631186962128,1780331570.822375
3366,Metrics/base_velocity/error_vel_yaw,0.23955655097961426,1780331721.7902613
3399,Metrics/base_velocity/error_vel_yaw,0.24271726608276367,1780331859.4861696
3432,Metrics/base_velocity/error_vel_yaw,0.2407466173171997,1780331988.5856164
3465,Metrics/base_velocity/error_vel_yaw,0.2425236701965332,1780332138.6044512
3498,Metrics/base_velocity/error_vel_yaw,0.24285630881786346,1780332292.226924
3531,Metrics/base_velocity/error_vel_yaw,0.24322926998138428,1780332445.6501515
3564,Metrics/base_velocity/error_vel_yaw,0.24244467914104462,1780332598.8576095
3597,Metrics/base_velocity/error_vel_yaw,0.24349431693553925,1780332750.7552207
3630,Metrics/base_velocity/error_vel_yaw,0.24705642461776733,1780332903.149157
3663,Metrics/base_velocity/error_vel_yaw,0.24773786962032318,1780333057.7583597
3696,Metrics/base_velocity/error_vel_yaw,0.2463706135749817,1780333211.9549077
3729,Metrics/base_velocity/error_vel_yaw,0.24793896079063416,1780333366.2654622
3762,Metrics/base_velocity/error_vel_yaw,0.2479468584060669,1780333518.5967183
3795,Metrics/base_velocity/error_vel_yaw,0.24888107180595398,1780333648.833777
3828,Metrics/base_velocity/error_vel_yaw,0.25063931941986084,1780333786.914224
3861,Metrics/base_velocity/error_vel_yaw,0.25254008173942566,1780333933.9042945
3894,Metrics/base_velocity/error_vel_yaw,0.2517688274383545,1780334088.346403
3927,Metrics/base_velocity/error_vel_yaw,0.25167298316955566,1780334242.6126895
3960,Metrics/base_velocity/error_vel_yaw,0.24900376796722412,1780334397.3120883
3993,Metrics/base_velocity/error_vel_yaw,0.2472478747367859,1780334554.6529326
4026,Metrics/base_velocity/error_vel_yaw,0.24968072772026062,1780334708.7715647
4059,Metrics/base_velocity/error_vel_yaw,0.24851910769939423,1780334864.156231
4092,Metrics/base_velocity/error_vel_yaw,0.24731016159057617,1780335019.1647375
4125,Metrics/base_velocity/error_vel_yaw,0.2493058741092682,1780335174.1372728
4158,Metrics/base_velocity/error_vel_yaw,0.24865612387657166,1780335329.3688958
4191,Metrics/base_velocity/error_vel_yaw,0.24464628100395203,1780335482.9530976
4224,Metrics/base_velocity/error_vel_yaw,0.24547171592712402,1780335637.8627245
4257,Metrics/base_velocity/error_vel_yaw,0.2442987859249115,1780335786.669745
4290,Metrics/base_velocity/error_vel_yaw,0.24373555183410645,1780335936.231142
4323,Metrics/base_velocity/error_vel_yaw,0.24295899271965027,1780336072.9420824
4356,Metrics/base_velocity/error_vel_yaw,0.2451068013906479,1780336228.1922317
4389,Metrics/base_velocity/error_vel_yaw,0.24750524759292603,1780336383.4686527
4422,Metrics/base_velocity/error_vel_yaw,0.24446503818035126,1780336536.6293232
4455,Metrics/base_velocity/error_vel_yaw,0.24318139255046844,1780336690.6795788
4488,Metrics/base_velocity/error_vel_yaw,0.24435512721538544,1780336844.9545176
4521,Metrics/base_velocity/error_vel_yaw,0.2459053099155426,1780336998.9844503
4554,Metrics/base_velocity/error_vel_yaw,0.24640566110610962,1780337153.19404
4587,Metrics/base_velocity/error_vel_yaw,0.2457764595746994,1780337308.0318677
4620,Metrics/base_velocity/error_vel_yaw,0.24515514075756073,1780337463.2906995
4653,Metrics/base_velocity/error_vel_yaw,0.24513427913188934,1780337619.9562376
4686,Metrics/base_velocity/error_vel_yaw,0.24276581406593323,1780337777.0287979
4719,Metrics/base_velocity/error_vel_yaw,0.24158084392547607,1780337934.8493488
4752,Metrics/base_velocity/error_vel_yaw,0.23964707553386688,1780338091.5511286
4785,Metrics/base_velocity/error_vel_yaw,0.2425483763217926,1780338248.3161292
4818,Metrics/base_velocity/error_vel_yaw,0.23641958832740784,1780338402.695446
4851,Metrics/base_velocity/error_vel_yaw,0.23653249442577362,1780338558.0913155
4884,Metrics/base_velocity/error_vel_yaw,0.23476335406303406,1780338713.6041822
4917,Metrics/base_velocity/error_vel_yaw,0.23213407397270203,1780338868.7625444
4950,Metrics/base_velocity/error_vel_yaw,0.2322409600019455,1780339019.2386158
4983,Metrics/base_velocity/error_vel_yaw,0.23245792090892792,1780339174.767843
5016,Metrics/base_velocity/error_vel_yaw,0.22906659543514252,1780339331.1238556
5049,Metrics/base_velocity/error_vel_yaw,0.2277359664440155,1780339488.1460953
5082,Metrics/base_velocity/error_vel_yaw,0.23013445734977722,1780339645.7594917
5115,Metrics/base_velocity/error_vel_yaw,0.22962722182273865,1780339801.3418467
5148,Metrics/base_velocity/error_vel_yaw,0.2316734790802002,1780339958.182807
5181,Metrics/base_velocity/error_vel_yaw,0.22872917354106903,1780340114.2043607
5214,Metrics/base_velocity/error_vel_yaw,0.2265714406967163,1780340269.2618968
5247,Metrics/base_velocity/error_vel_yaw,0.22707626223564148,1780340424.3160539
5280,Metrics/base_velocity/error_vel_yaw,0.2268354892730713,1780340579.8468335
5313,Metrics/base_velocity/error_vel_yaw,0.22851888835430145,1780340736.2433858
5346,Metrics/base_velocity/error_vel_yaw,0.2263345718383789,1780340892.6351895
5379,Metrics/base_velocity/error_vel_yaw,0.22371578216552734,1780341049.0411484
5412,Metrics/base_velocity/error_vel_yaw,0.22150203585624695,1780341205.3945072
5445,Metrics/base_velocity/error_vel_yaw,0.22338496148586273,1780341361.5666125
5478,Metrics/base_velocity/error_vel_yaw,0.22339478135108948,1780341518.652768
5511,Metrics/base_velocity/error_vel_yaw,0.2257380187511444,1780341674.3737972
5544,Metrics/base_velocity/error_vel_yaw,0.22528862953186035,1780341829.872772
5577,Metrics/base_velocity/error_vel_yaw,0.22497420012950897,1780341985.8189054
5610,Metrics/base_velocity/error_vel_yaw,0.22589229047298431,1780342142.3654122
5643,Metrics/base_velocity/error_vel_yaw,0.2251443862915039,1780342297.9830751
5676,Metrics/base_velocity/error_vel_yaw,0.22312858700752258,1780342453.2925503
5709,Metrics/base_velocity/error_vel_yaw,0.22561512887477875,1780342610.6631148
5742,Metrics/base_velocity/error_vel_yaw,0.2270503044128418,1780342767.208081
5775,Metrics/base_velocity/error_vel_yaw,0.22403985261917114,1780342923.642104
5808,Metrics/base_velocity/error_vel_yaw,0.22168564796447754,1780343079.8795636
5841,Metrics/base_velocity/error_vel_yaw,0.22047102451324463,1780343234.752983
5874,Metrics/base_velocity/error_vel_yaw,0.22030800580978394,1780343390.4100826
5907,Metrics/base_velocity/error_vel_yaw,0.22186267375946045,1780343545.038236
5940,Metrics/base_velocity/error_vel_yaw,0.22179406881332397,1780343699.5801191
5973,Metrics/base_velocity/error_vel_yaw,0.22047805786132812,1780343854.5489945
6006,Metrics/base_velocity/error_vel_yaw,0.2173035591840744,1780344008.91545
6039,Metrics/base_velocity/error_vel_yaw,0.2160092443227768,1780344162.696523
6072,Metrics/base_velocity/error_vel_yaw,0.2144353836774826,1780344318.3877428
6105,Metrics/base_velocity/error_vel_yaw,0.21494784951210022,1780344472.8377485
6138,Metrics/base_velocity/error_vel_yaw,0.21501299738883972,1780344627.3742812
6171,Metrics/base_velocity/error_vel_yaw,0.2143528163433075,1780344781.2939289
6204,Metrics/base_velocity/error_vel_yaw,0.21479499340057373,1780344935.2267425
6237,Metrics/base_velocity/error_vel_yaw,0.21067416667938232,1780345090.2043066
6270,Metrics/base_velocity/error_vel_yaw,0.2094966471195221,1780345244.5512903
6303,Metrics/base_velocity/error_vel_yaw,0.20906846225261688,1780345399.4423602
6336,Metrics/base_velocity/error_vel_yaw,0.21007251739501953,1780345554.3127708
6369,Metrics/base_velocity/error_vel_yaw,0.21117529273033142,1780345709.3632185
6402,Metrics/base_velocity/error_vel_yaw,0.20740342140197754,1780345862.8486943
6435,Metrics/base_velocity/error_vel_yaw,0.20623604953289032,1780346016.9369454
6468,Metrics/base_velocity/error_vel_yaw,0.20734231173992157,1780346170.7582576
6501,Metrics/base_velocity/error_vel_yaw,0.2075197696685791,1780346324.5852385
6534,Metrics/base_velocity/error_vel_yaw,0.20757435262203217,1780346477.6156583
6567,Metrics/base_velocity/error_vel_yaw,0.2050846815109253,1780346630.7630053
6600,Metrics/base_velocity/error_vel_yaw,0.20550915598869324,1780346784.4244814
6633,Metrics/base_velocity/error_vel_yaw,0.20352618396282196,1780346937.3447795
6666,Metrics/base_velocity/error_vel_yaw,0.20534567534923553,1780347090.5452096
6699,Metrics/base_velocity/error_vel_yaw,0.20871923863887787,1780347243.257904
6732,Metrics/base_velocity/error_vel_yaw,0.2055303156375885,1780347395.937375
6765,Metrics/base_velocity/error_vel_yaw,0.20498161017894745,1780347549.6187317
6798,Metrics/base_velocity/error_vel_yaw,0.20656654238700867,1780347704.03162
6831,Metrics/base_velocity/error_vel_yaw,0.20628449320793152,1780347857.1151738
6864,Metrics/base_velocity/error_vel_yaw,0.20402662456035614,1780348009.701692
6897,Metrics/base_velocity/error_vel_yaw,0.2013741433620453,1780348162.128562
6930,Metrics/base_velocity/error_vel_yaw,0.20203548669815063,1780348314.0474126
6963,Metrics/base_velocity/error_vel_yaw,0.2023937702178955,1780348466.9248192
6996,Metrics/base_velocity/error_vel_yaw,0.2010089010000229,1780348619.4507737
7029,Metrics/base_velocity/error_vel_yaw,0.19895172119140625,1780348771.5025992
7062,Metrics/base_velocity/error_vel_yaw,0.19857820868492126,1780348923.9828956
7095,Metrics/base_velocity/error_vel_yaw,0.1982838213443756,1780349076.2865489
7128,Metrics/base_velocity/error_vel_yaw,0.19752010703086853,1780349228.934229
7161,Metrics/base_velocity/error_vel_yaw,0.19863420724868774,1780349381.16543
7194,Metrics/base_velocity/error_vel_yaw,0.19650626182556152,1780349533.335946
7227,Metrics/base_velocity/error_vel_yaw,0.1953527331352234,1780349684.5165591
7260,Metrics/base_velocity/error_vel_yaw,0.19459721446037292,1780349835.8959527
7293,Metrics/base_velocity/error_vel_yaw,0.19466106593608856,1780349986.7236764
7326,Metrics/base_velocity/error_vel_yaw,0.1938631236553192,1780350138.1282983
7359,Metrics/base_velocity/error_vel_yaw,0.1924232542514801,1780350288.856881
7392,Metrics/base_velocity/error_vel_yaw,0.19171583652496338,1780350439.7254634
7425,Metrics/base_velocity/error_vel_yaw,0.19118699431419373,1780350591.1015246
7458,Metrics/base_velocity/error_vel_yaw,0.1917373538017273,1780350741.815308
7491,Metrics/base_velocity/error_vel_yaw,0.191486656665802,1780350893.545362
7524,Metrics/base_velocity/error_vel_yaw,0.18951599299907684,1780351044.9995937
7557,Metrics/base_velocity/error_vel_yaw,0.1917448490858078,1780351196.346543
7590,Metrics/base_velocity/error_vel_yaw,0.1908717006444931,1780351347.7475822
7623,Metrics/base_velocity/error_vel_yaw,0.1910928338766098,1780351498.9061859
7656,Metrics/base_velocity/error_vel_yaw,0.19189952313899994,1780351650.5121644
7689,Metrics/base_velocity/error_vel_yaw,0.19045209884643555,1780351802.1386123
7722,Metrics/base_velocity/error_vel_yaw,0.19052821397781372,1780351953.6952965
7755,Metrics/base_velocity/error_vel_yaw,0.19313213229179382,1780352105.1806426
7788,Metrics/base_velocity/error_vel_yaw,0.19240598380565643,1780352257.047779
7821,Metrics/base_velocity/error_vel_yaw,0.191367968916893,1780352408.1090853
7854,Metrics/base_velocity/error_vel_yaw,0.19057026505470276,1780352559.7972198
7887,Metrics/base_velocity/error_vel_yaw,0.1892932653427124,1780352711.092911
7920,Metrics/base_velocity/error_vel_yaw,0.18903058767318726,1780352861.8496275
7953,Metrics/base_velocity/error_vel_yaw,0.18919000029563904,1780353012.977644
7986,Metrics/base_velocity/error_vel_yaw,0.19024932384490967,1780353164.6518152
8019,Metrics/base_velocity/error_vel_yaw,0.18922671675682068,1780353314.993203
8052,Metrics/base_velocity/error_vel_yaw,0.19017243385314941,1780353466.0465927
8085,Metrics/base_velocity/error_vel_yaw,0.19572284817695618,1780353617.7530198
8118,Metrics/base_velocity/error_vel_yaw,0.19807562232017517,1780353769.0852761
8151,Metrics/base_velocity/error_vel_yaw,0.19619891047477722,1780353919.7345486
8184,Metrics/base_velocity/error_vel_yaw,0.19438990950584412,1780354072.253963
8217,Metrics/base_velocity/error_vel_yaw,0.19410443305969238,1780354224.2478116
8250,Metrics/base_velocity/error_vel_yaw,0.1927948296070099,1780354375.4271235
8283,Metrics/base_velocity/error_vel_yaw,0.192559152841568,1780354527.5389602
8316,Metrics/base_velocity/error_vel_yaw,0.1883849948644638,1780354679.313476
8349,Metrics/base_velocity/error_vel_yaw,0.19095461070537567,1780354813.4317327
8382,Metrics/base_velocity/error_vel_yaw,0.1900588721036911,1780354964.6707373
8415,Metrics/base_velocity/error_vel_yaw,0.18985211849212646,1780355116.338998
8448,Metrics/base_velocity/error_vel_yaw,0.1886778175830841,1780355268.0467753
8481,Metrics/base_velocity/error_vel_yaw,0.19069646298885345,1780355419.954892
8514,Metrics/base_velocity/error_vel_yaw,0.19045518338680267,1780355571.8272998
8547,Metrics/base_velocity/error_vel_yaw,0.18948176503181458,1780355723.772317
8580,Metrics/base_velocity/error_vel_yaw,0.18985417485237122,1780355875.9656868
8613,Metrics/base_velocity/error_vel_yaw,0.19420644640922546,1780356027.5873504
8646,Metrics/base_velocity/error_vel_yaw,0.1921663135290146,1780356179.1137588
8679,Metrics/base_velocity/error_vel_yaw,0.19240400195121765,1780356330.4461634
8712,Metrics/base_velocity/error_vel_yaw,0.19263198971748352,1780356481.6383803
8745,Metrics/base_velocity/error_vel_yaw,0.195060595870018,1780356633.9018419
8778,Metrics/base_velocity/error_vel_yaw,0.19365385174751282,1780356786.033606
8811,Metrics/base_velocity/error_vel_yaw,0.1936224102973938,1780356938.2846444
8844,Metrics/base_velocity/error_vel_yaw,0.19254587590694427,1780357090.7071788
8877,Metrics/base_velocity/error_vel_yaw,0.1914360374212265,1780357242.3407273
8910,Metrics/base_velocity/error_vel_yaw,0.19495096802711487,1780357396.0350783
8943,Metrics/base_velocity/error_vel_yaw,0.1971186399459839,1780357549.6440618
8976,Metrics/base_velocity/error_vel_yaw,0.19694989919662476,1780357702.7091749
9009,Metrics/base_velocity/error_vel_yaw,0.19593307375907898,1780357855.895024
9042,Metrics/base_velocity/error_vel_yaw,0.19662675261497498,1780358008.8483505
9075,Metrics/base_velocity/error_vel_yaw,0.19705736637115479,1780358161.8837843
9108,Metrics/base_velocity/error_vel_yaw,0.19534508883953094,1780358315.3619716
9141,Metrics/base_velocity/error_vel_yaw,0.19196763634681702,1780358471.2595396
9174,Metrics/base_velocity/error_vel_yaw,0.1914381980895996,1780358625.4961393
9207,Metrics/base_velocity/error_vel_yaw,0.1912393569946289,1780358778.9185565
9240,Metrics/base_velocity/error_vel_yaw,0.19135308265686035,1780358933.7963696
9273,Metrics/base_velocity/error_vel_yaw,0.19544433057308197,1780359087.215073
9306,Metrics/base_velocity/error_vel_yaw,0.19555506110191345,1780359240.072293
9339,Metrics/base_velocity/error_vel_yaw,0.19579671323299408,1780359391.968461
9372,Metrics/base_velocity/error_vel_yaw,0.19613420963287354,1780359543.1650236
9405,Metrics/base_velocity/error_vel_yaw,0.19588296115398407,1780359696.0376384
9438,Metrics/base_velocity/error_vel_yaw,0.19280192255973816,1780359848.4727373
9471,Metrics/base_velocity/error_vel_yaw,0.19047674536705017,1780360000.2860806
9504,Metrics/base_velocity/error_vel_yaw,0.1894465684890747,1780360151.4760714
9537,Metrics/base_velocity/error_vel_yaw,0.19201676547527313,1780360302.1454437
9570,Metrics/base_velocity/error_vel_yaw,0.19147835671901703,1780360454.1445444
9603,Metrics/base_velocity/error_vel_yaw,0.19160452485084534,1780360607.2908115
9636,Metrics/base_velocity/error_vel_yaw,0.19243137538433075,1780360759.8376532
9669,Metrics/base_velocity/error_vel_yaw,0.1935027539730072,1780360912.1438947
9702,Metrics/base_velocity/error_vel_yaw,0.19409361481666565,1780361064.147066
9735,Metrics/base_velocity/error_vel_yaw,0.19178196787834167,1780361215.731689
9768,Metrics/base_velocity/error_vel_yaw,0.19406569004058838,1780361366.871625
9801,Metrics/base_velocity/error_vel_yaw,0.1941910684108734,1780361518.3779979
9834,Metrics/base_velocity/error_vel_yaw,0.19478490948677063,1780361670.9869545
9867,Metrics/base_velocity/error_vel_yaw,0.19887062907218933,1780361823.9141152
9900,Metrics/base_velocity/error_vel_yaw,0.19825205206871033,1780361977.0267348
9933,Metrics/base_velocity/error_vel_yaw,0.19943326711654663,1780362130.0236213
9966,Metrics/base_velocity/error_vel_yaw,0.1992565095424652,1780362281.676917
9999,Metrics/base_velocity/error_vel_yaw,0.19808457791805267,1780362434.3238482
10032,Metrics/base_velocity/error_vel_yaw,0.199793741106987,1780362587.9088595
10065,Metrics/base_velocity/error_vel_yaw,0.19756446778774261,1780362741.241364
10098,Metrics/base_velocity/error_vel_yaw,0.19702869653701782,1780362894.0410664
10131,Metrics/base_velocity/error_vel_yaw,0.19555310904979706,1780363045.6862345
10164,Metrics/base_velocity/error_vel_yaw,0.1940125674009323,1780363197.4483593
10197,Metrics/base_velocity/error_vel_yaw,0.19523954391479492,1780363348.7167075
10230,Metrics/base_velocity/error_vel_yaw,0.19478295743465424,1780363499.8118372
10263,Metrics/base_velocity/error_vel_yaw,0.19549715518951416,1780363651.319995
10296,Metrics/base_velocity/error_vel_yaw,0.1955675333738327,1780363803.1218815
10329,Metrics/base_velocity/error_vel_yaw,0.19515304267406464,1780363955.151596
10362,Metrics/base_velocity/error_vel_yaw,0.19653049111366272,1780364107.2341206
10395,Metrics/base_velocity/error_vel_yaw,0.19772756099700928,1780364259.66584
10428,Metrics/base_velocity/error_vel_yaw,0.19454419612884521,1780364411.1478326
10461,Metrics/base_velocity/error_vel_yaw,0.1945107877254486,1780364562.3704782
10494,Metrics/base_velocity/error_vel_yaw,0.19699768722057343,1780364713.3446343
10527,Metrics/base_velocity/error_vel_yaw,0.19680142402648926,1780364864.1547525
10560,Metrics/base_velocity/error_vel_yaw,0.19858992099761963,1780365015.076775
10593,Metrics/base_velocity/error_vel_yaw,0.19937226176261902,1780365166.1903543
10626,Metrics/base_velocity/error_vel_yaw,0.19958078861236572,1780365316.90774
10659,Metrics/base_velocity/error_vel_yaw,0.20611989498138428,1780365468.2770672
10692,Metrics/base_velocity/error_vel_yaw,0.20911115407943726,1780365619.2953722
10725,Metrics/base_velocity/error_vel_yaw,0.20852911472320557,1780365770.5223985
10758,Metrics/base_velocity/error_vel_yaw,0.20449231564998627,1780365921.3177254
10791,Metrics/base_velocity/error_vel_yaw,0.20431959629058838,1780366071.6598146
10824,Metrics/base_velocity/error_vel_yaw,0.20744070410728455,1780366222.2243662
10857,Metrics/base_velocity/error_vel_yaw,0.2063344419002533,1780366373.3054662
10890,Metrics/base_velocity/error_vel_yaw,0.20151597261428833,1780366524.2233872
10923,Metrics/base_velocity/error_vel_yaw,0.19828824698925018,1780366675.3775692
10956,Metrics/base_velocity/error_vel_yaw,0.19777464866638184,1780366826.361705
10989,Metrics/base_velocity/error_vel_yaw,0.19799083471298218,1780366977.5782225
11022,Metrics/base_velocity/error_vel_yaw,0.19640332460403442,1780367129.4322662
11055,Metrics/base_velocity/error_vel_yaw,0.19674699008464813,1780367280.739855
11088,Metrics/base_velocity/error_vel_yaw,0.1990089863538742,1780367432.5466242
11121,Metrics/base_velocity/error_vel_yaw,0.20042309165000916,1780367583.7905192
11154,Metrics/base_velocity/error_vel_yaw,0.19941549003124237,1780367735.0371497
11187,Metrics/base_velocity/error_vel_yaw,0.2027062624692917,1780367886.0487504
11220,Metrics/base_velocity/error_vel_yaw,0.20289358496665955,1780368037.384056
11253,Metrics/base_velocity/error_vel_yaw,0.2026287168264389,1780368188.4683573
11286,Metrics/base_velocity/error_vel_yaw,0.20119813084602356,1780368339.5176296
11319,Metrics/base_velocity/error_vel_yaw,0.1986301839351654,1780368491.1242003
11352,Metrics/base_velocity/error_vel_yaw,0.2013428658246994,1780368642.9512372
11385,Metrics/base_velocity/error_vel_yaw,0.20322339236736298,1780368794.019357
11418,Metrics/base_velocity/error_vel_yaw,0.2022564858198166,1780368944.8365839
11451,Metrics/base_velocity/error_vel_yaw,0.1992540955543518,1780369095.913007
11484,Metrics/base_velocity/error_vel_yaw,0.19941222667694092,1780369247.0948656
11517,Metrics/base_velocity/error_vel_yaw,0.20080110430717468,1780369397.8410954
11550,Metrics/base_velocity/error_vel_yaw,0.2001369446516037,1780369548.842498
11583,Metrics/base_velocity/error_vel_yaw,0.20057901740074158,1780369699.2729282
11616,Metrics/base_velocity/error_vel_yaw,0.20025932788848877,1780369850.6436656
11649,Metrics/base_velocity/error_vel_yaw,0.20100224018096924,1780370001.5894768
11682,Metrics/base_velocity/error_vel_yaw,0.20044545829296112,1780370152.4487133
11715,Metrics/base_velocity/error_vel_yaw,0.20082059502601624,1780370303.5874584
11748,Metrics/base_velocity/error_vel_yaw,0.20092368125915527,1780370455.166
11781,Metrics/base_velocity/error_vel_yaw,0.19989275932312012,1780370606.7453997
11814,Metrics/base_velocity/error_vel_yaw,0.20000514388084412,1780370758.2319987
11847,Metrics/base_velocity/error_vel_yaw,0.20163677632808685,1780370909.1788554
11880,Metrics/base_velocity/error_vel_yaw,0.20256423950195312,1780371060.8955488
11913,Metrics/base_velocity/error_vel_yaw,0.20229750871658325,1780371211.5503654
11946,Metrics/base_velocity/error_vel_yaw,0.19986656308174133,1780371363.119752
11979,Metrics/base_velocity/error_vel_yaw,0.20064453780651093,1780371513.2357702
12012,Metrics/base_velocity/error_vel_yaw,0.20162835717201233,1780371663.7730198
12045,Metrics/base_velocity/error_vel_yaw,0.20307491719722748,1780371815.116815
12078,Metrics/base_velocity/error_vel_yaw,0.20239993929862976,1780371965.8860688
12111,Metrics/base_velocity/error_vel_yaw,0.20463404059410095,1780372111.3781924
12144,Metrics/base_velocity/error_vel_yaw,0.20539963245391846,1780372260.2354267
12177,Metrics/base_velocity/error_vel_yaw,0.20245963335037231,1780372412.1389282
12210,Metrics/base_velocity/error_vel_yaw,0.20382627844810486,1780372563.1270409
12243,Metrics/base_velocity/error_vel_yaw,0.20613893866539001,1780372714.4428706
12276,Metrics/base_velocity/error_vel_yaw,0.2053869068622589,1780372865.849608
12309,Metrics/base_velocity/error_vel_yaw,0.2047085016965866,1780373016.608166
12342,Metrics/base_velocity/error_vel_yaw,0.20433250069618225,1780373167.1802166
12375,Metrics/base_velocity/error_vel_yaw,0.2068469226360321,1780373318.3797195
12408,Metrics/base_velocity/error_vel_yaw,0.20434443652629852,1780373469.542423
12441,Metrics/base_velocity/error_vel_yaw,0.20663714408874512,1780373621.7563515
12474,Metrics/base_velocity/error_vel_yaw,0.2062319815158844,1780373773.1099794
12507,Metrics/base_velocity/error_vel_yaw,0.20695291459560394,1780373924.369933
12540,Metrics/base_velocity/error_vel_yaw,0.2087426632642746,1780374075.345816
12573,Metrics/base_velocity/error_vel_yaw,0.21025383472442627,1780374226.3330688
12606,Metrics/base_velocity/error_vel_yaw,0.21227511763572693,1780374377.8757453
12639,Metrics/base_velocity/error_vel_yaw,0.21007263660430908,1780374528.6991572
12672,Metrics/base_velocity/error_vel_yaw,0.21145914494991302,1780374679.4880023
12705,Metrics/base_velocity/error_vel_yaw,0.2119552493095398,1780374830.6891007
12738,Metrics/base_velocity/error_vel_yaw,0.2105904072523117,1780374981.5238838
12771,Metrics/base_velocity/error_vel_yaw,0.2106638252735138,1780375132.1140723
12804,Metrics/base_velocity/error_vel_yaw,0.21022790670394897,1780375283.427714
12837,Metrics/base_velocity/error_vel_yaw,0.21110793948173523,1780375433.5420973
12870,Metrics/base_velocity/error_vel_yaw,0.2091512680053711,1780375584.5538073
12903,Metrics/base_velocity/error_vel_yaw,0.20727452635765076,1780375735.6764383
12936,Metrics/base_velocity/error_vel_yaw,0.20805881917476654,1780375886.5647511
12969,Metrics/base_velocity/error_vel_yaw,0.2086203396320343,1780376037.927004
13002,Metrics/base_velocity/error_vel_yaw,0.20944330096244812,1780376189.9717994
13035,Metrics/base_velocity/error_vel_yaw,0.2087266445159912,1780376341.8816009
13068,Metrics/base_velocity/error_vel_yaw,0.21148380637168884,1780376493.2381318
13101,Metrics/base_velocity/error_vel_yaw,0.2122470736503601,1780376645.2994032
13134,Metrics/base_velocity/error_vel_yaw,0.21157395839691162,1780376797.9703178
13167,Metrics/base_velocity/error_vel_yaw,0.2118801772594452,1780376951.2719395
13200,Metrics/base_velocity/error_vel_yaw,0.21394221484661102,1780377107.904827
13233,Metrics/base_velocity/error_vel_yaw,0.21736586093902588,1780377264.720527
13266,Metrics/base_velocity/error_vel_yaw,0.21441468596458435,1780377418.6773508
13299,Metrics/base_velocity/error_vel_yaw,0.21311955153942108,1780377571.6098957
13332,Metrics/base_velocity/error_vel_yaw,0.21821606159210205,1780377725.0860062
13365,Metrics/base_velocity/error_vel_yaw,0.2196483612060547,1780377878.4454758
13398,Metrics/base_velocity/error_vel_yaw,0.22037947177886963,1780378035.4258611
13431,Metrics/base_velocity/error_vel_yaw,0.22108227014541626,1780378190.490562
13464,Metrics/base_velocity/error_vel_yaw,0.2214142382144928,1780378343.9320135
13497,Metrics/base_velocity/error_vel_yaw,0.2171383798122406,1780378498.2364337
13530,Metrics/base_velocity/error_vel_yaw,0.21668782830238342,1780378652.3616714
13563,Metrics/base_velocity/error_vel_yaw,0.2137298285961151,1780378807.893366
13596,Metrics/base_velocity/error_vel_yaw,0.21274583041667938,1780378965.311292
13629,Metrics/base_velocity/error_vel_yaw,0.21085922420024872,1780379120.6917877
13662,Metrics/base_velocity/error_vel_yaw,0.20840494334697723,1780379275.513354
13695,Metrics/base_velocity/error_vel_yaw,0.20913082361221313,1780379430.0473478
13728,Metrics/base_velocity/error_vel_yaw,0.20605044066905975,1780379584.54347
13761,Metrics/base_velocity/error_vel_yaw,0.20953071117401123,1780379738.6643474
13794,Metrics/base_velocity/error_vel_yaw,0.2112911194562912,1780379892.439153
13827,Metrics/base_velocity/error_vel_yaw,0.2114674299955368,1780380046.335547
13860,Metrics/base_velocity/error_vel_yaw,0.21286706626415253,1780380200.6268144
13893,Metrics/base_velocity/error_vel_yaw,0.20817874372005463,1780380356.8902128
13926,Metrics/base_velocity/error_vel_yaw,0.20859746634960175,1780380511.3484159
13959,Metrics/base_velocity/error_vel_yaw,0.20877131819725037,1780380665.1031284
13992,Metrics/base_velocity/error_vel_yaw,0.20851188898086548,1780380820.3060274
14025,Metrics/base_velocity/error_vel_yaw,0.20877420902252197,1780380975.3799982
14058,Metrics/base_velocity/error_vel_yaw,0.20942136645317078,1780381130.1365328
14091,Metrics/base_velocity/error_vel_yaw,0.21749746799468994,1780381284.2800715
14124,Metrics/base_velocity/error_vel_yaw,0.21392373740673065,1780381438.806532
14157,Metrics/base_velocity/error_vel_yaw,0.2132696956396103,1780381593.0574656
14190,Metrics/base_velocity/error_vel_yaw,0.21172678470611572,1780381747.7076292
14223,Metrics/base_velocity/error_vel_yaw,0.21166954934597015,1780381901.5257304
14256,Metrics/base_velocity/error_vel_yaw,0.2109382003545761,1780382055.8593695
14289,Metrics/base_velocity/error_vel_yaw,0.21094463765621185,1780382211.420451
14322,Metrics/base_velocity/error_vel_yaw,0.21203665435314178,1780382369.0140345
14355,Metrics/base_velocity/error_vel_yaw,0.2135552614927292,1780382534.8680797
14388,Metrics/base_velocity/error_vel_yaw,0.21495351195335388,1780382692.234074
14421,Metrics/base_velocity/error_vel_yaw,0.21277856826782227,1780382849.4543328
14454,Metrics/base_velocity/error_vel_yaw,0.21558937430381775,1780383006.8139944
14487,Metrics/base_velocity/error_vel_yaw,0.21836821734905243,1780383157.4244044
14520,Metrics/base_velocity/error_vel_yaw,0.21750113368034363,1780383315.436504
14553,Metrics/base_velocity/error_vel_yaw,0.21532218158245087,1780383472.2400134
14586,Metrics/base_velocity/error_vel_yaw,0.21669124066829681,1780383630.386807
14619,Metrics/base_velocity/error_vel_yaw,0.21346566081047058,1780383779.5075364
14652,Metrics/base_velocity/error_vel_yaw,0.21539530158042908,1780383937.5100088
14685,Metrics/base_velocity/error_vel_yaw,0.21413391828536987,1780384091.8744793
14718,Metrics/base_velocity/error_vel_yaw,0.2198917120695114,1780384239.1718287
14751,Metrics/base_velocity/error_vel_yaw,0.22249482572078705,1780384390.2805076
14784,Metrics/base_velocity/error_vel_yaw,0.2237640619277954,1780384543.962999
14817,Metrics/base_velocity/error_vel_yaw,0.22455120086669922,1780384698.4750311
14850,Metrics/base_velocity/error_vel_yaw,0.2253660410642624,1780384854.9845839
14883,Metrics/base_velocity/error_vel_yaw,0.2232729196548462,1780385006.666542
14916,Metrics/base_velocity/error_vel_yaw,0.22409188747406006,1780385164.0403323
14949,Metrics/base_velocity/error_vel_yaw,0.22339753806591034,1780385321.3152046
14982,Metrics/base_velocity/error_vel_yaw,0.22182318568229675,1780385478.0973153
15015,Metrics/base_velocity/error_vel_yaw,0.2277749478816986,1780385636.1826622
15048,Metrics/base_velocity/error_vel_yaw,0.22856126725673676,1780385793.0095012
15081,Metrics/base_velocity/error_vel_yaw,0.23269467055797577,1780385947.2335613
15114,Metrics/base_velocity/error_vel_yaw,0.23859456181526184,1780386101.156704
15147,Metrics/base_velocity/error_vel_yaw,0.23986631631851196,1780386254.1659997
15180,Metrics/base_velocity/error_vel_yaw,0.23578505218029022,1780386410.1489794
15213,Metrics/base_velocity/error_vel_yaw,0.23673942685127258,1780386564.5668335
15246,Metrics/base_velocity/error_vel_yaw,0.23431158065795898,1780386713.7503068
15279,Metrics/base_velocity/error_vel_yaw,0.231959268450737,1780386867.5016434
15312,Metrics/base_velocity/error_vel_yaw,0.2339218556880951,1780387024.8528829
15345,Metrics/base_velocity/error_vel_yaw,0.24105128645896912,1780387174.3045273
15378,Metrics/base_velocity/error_vel_yaw,0.2409178614616394,1780387328.3512025
15411,Metrics/base_velocity/error_vel_yaw,0.23523807525634766,1780387481.1865294
15444,Metrics/base_velocity/error_vel_yaw,0.2341863214969635,1780387634.8632712
15477,Metrics/base_velocity/error_vel_yaw,0.23374542593955994,1780387787.6856117
15510,Metrics/base_velocity/error_vel_yaw,0.23921816051006317,1780387941.7231667
15543,Metrics/base_velocity/error_vel_yaw,0.23395197093486786,1780388096.0300915
15576,Metrics/base_velocity/error_vel_yaw,0.2367093563079834,1780388247.000314
15609,Metrics/base_velocity/error_vel_yaw,0.23979608714580536,1780388401.6458
15642,Metrics/base_velocity/error_vel_yaw,0.24239438772201538,1780388556.087654
15675,Metrics/base_velocity/error_vel_yaw,0.24054168164730072,1780388710.3398063
15708,Metrics/base_velocity/error_vel_yaw,0.24323511123657227,1780388863.926672
15741,Metrics/base_velocity/error_vel_yaw,0.24714112281799316,1780389018.951585
15774,Metrics/base_velocity/error_vel_yaw,0.24129518866539001,1780389174.0968716
15807,Metrics/base_velocity/error_vel_yaw,0.2384214848279953,1780389329.1506846
15840,Metrics/base_velocity/error_vel_yaw,0.2365993708372116,1780389481.8899548
15873,Metrics/base_velocity/error_vel_yaw,0.2321484535932541,1780389637.082662
15906,Metrics/base_velocity/error_vel_yaw,0.23047862946987152,1780389792.7674484
15939,Metrics/base_velocity/error_vel_yaw,0.22975532710552216,1780389948.4688852
15972,Metrics/base_velocity/error_vel_yaw,0.24192392826080322,1780390104.1442218
16005,Metrics/base_velocity/error_vel_yaw,0.2508234679698944,1780390257.183462
16038,Metrics/base_velocity/error_vel_yaw,0.24554619193077087,1780390409.5946572
16071,Metrics/base_velocity/error_vel_yaw,0.2442852109670639,1780390563.5465343
16104,Metrics/base_velocity/error_vel_yaw,0.24038664996623993,1780390717.6344142
16137,Metrics/base_velocity/error_vel_yaw,0.2397555708885193,1780390872.334138
16170,Metrics/base_velocity/error_vel_yaw,0.2345709502696991,1780391020.833949
16203,Metrics/base_velocity/error_vel_yaw,0.23027479648590088,1780391174.8778658
16236,Metrics/base_velocity/error_vel_yaw,0.22948262095451355,1780391328.8087554
16269,Metrics/base_velocity/error_vel_yaw,0.2285369336605072,1780391482.6473472
16302,Metrics/base_velocity/error_vel_yaw,0.22885340452194214,1780391635.8539636
16335,Metrics/base_velocity/error_vel_yaw,0.22616231441497803,1780391789.5127304
16368,Metrics/base_velocity/error_vel_yaw,0.22753553092479706,1780391943.622279
16401,Metrics/base_velocity/error_vel_yaw,0.22694137692451477,1780392097.6571074
16434,Metrics/base_velocity/error_vel_yaw,0.22829604148864746,1780392251.4419448
16467,Metrics/base_velocity/error_vel_yaw,0.2349737584590912,1780392405.0596874
16500,Metrics/base_velocity/error_vel_yaw,0.2364584505558014,1780392559.0029614
16533,Metrics/base_velocity/error_vel_yaw,0.23377785086631775,1780392712.1367824
16566,Metrics/base_velocity/error_vel_yaw,0.23526817560195923,1780392865.7272804
16599,Metrics/base_velocity/error_vel_yaw,0.23062705993652344,1780393019.5344946
16632,Metrics/base_velocity/error_vel_yaw,0.22870557010173798,1780393173.3847258
16665,Metrics/base_velocity/error_vel_yaw,0.22629806399345398,1780393328.041372
16698,Metrics/base_velocity/error_vel_yaw,0.23068654537200928,1780393482.8578808
16731,Metrics/base_velocity/error_vel_yaw,0.22590678930282593,1780393637.237892
16764,Metrics/base_velocity/error_vel_yaw,0.23045337200164795,1780393791.1331353
16797,Metrics/base_velocity/error_vel_yaw,0.23282989859580994,1780393946.0928595
16830,Metrics/base_velocity/error_vel_yaw,0.23741529881954193,1780394100.6955001
16863,Metrics/base_velocity/error_vel_yaw,0.23883748054504395,1780394255.6001873
16896,Metrics/base_velocity/error_vel_yaw,0.24153852462768555,1780394410.6068206
16929,Metrics/base_velocity/error_vel_yaw,0.2412092387676239,1780394565.4373279
16962,Metrics/base_velocity/error_vel_yaw,0.23703402280807495,1780394719.2473075
16995,Metrics/base_velocity/error_vel_yaw,0.23826956748962402,1780394874.1927028
17028,Metrics/base_velocity/error_vel_yaw,0.24075114727020264,1780395030.2157505
17061,Metrics/base_velocity/error_vel_yaw,0.23624984920024872,1780395185.2390916
17094,Metrics/base_velocity/error_vel_yaw,0.2334645688533783,1780395340.3228116
17127,Metrics/base_velocity/error_vel_yaw,0.23517589271068573,1780395495.1487365
17160,Metrics/base_velocity/error_vel_yaw,0.23622795939445496,1780395650.9580412
17193,Metrics/base_velocity/error_vel_yaw,0.23038195073604584,1780395808.5403109
17226,Metrics/base_velocity/error_vel_yaw,0.2283552587032318,1780395965.9288614
17259,Metrics/base_velocity/error_vel_yaw,0.22724831104278564,1780396122.4129689
17292,Metrics/base_velocity/error_vel_yaw,0.2319335639476776,1780396278.747131
17325,Metrics/base_velocity/error_vel_yaw,0.22813042998313904,1780396435.832191
17358,Metrics/base_velocity/error_vel_yaw,0.22872190177440643,1780396591.979268
17391,Metrics/base_velocity/error_vel_yaw,0.23257184028625488,1780396749.0652788
17424,Metrics/base_velocity/error_vel_yaw,0.23020657896995544,1780396909.524835
17457,Metrics/base_velocity/error_vel_yaw,0.2265145480632782,1780397064.8209567
17490,Metrics/base_velocity/error_vel_yaw,0.2250586748123169,1780397220.5635562
17523,Metrics/base_velocity/error_vel_yaw,0.228327676653862,1780397375.651947
17556,Metrics/base_velocity/error_vel_yaw,0.23199765384197235,1780397530.547704
17589,Metrics/base_velocity/error_vel_yaw,0.23143331706523895,1780397684.6178343
17622,Metrics/base_velocity/error_vel_yaw,0.228287011384964,1780397840.1374931
17655,Metrics/base_velocity/error_vel_yaw,0.23096248507499695,1780397994.9248357
17688,Metrics/base_velocity/error_vel_yaw,0.22936338186264038,1780398150.3349645
17721,Metrics/base_velocity/error_vel_yaw,0.22616255283355713,1780398305.8996336
17754,Metrics/base_velocity/error_vel_yaw,0.22932235896587372,1780398461.211976
17787,Metrics/base_velocity/error_vel_yaw,0.23259839415550232,1780398617.7239451
17820,Metrics/base_velocity/error_vel_yaw,0.22609739005565643,1780398773.5674858
17853,Metrics/base_velocity/error_vel_yaw,0.2284526526927948,1780398927.497491
17886,Metrics/base_velocity/error_vel_yaw,0.22760355472564697,1780399082.8686554
17919,Metrics/base_velocity/error_vel_yaw,0.22688427567481995,1780399237.8001626
17952,Metrics/base_velocity/error_vel_yaw,0.22661034762859344,1780399394.0668175
17985,Metrics/base_velocity/error_vel_yaw,0.22130367159843445,1780399550.8196604
18018,Metrics/base_velocity/error_vel_yaw,0.22106164693832397,1780399707.167607
18051,Metrics/base_velocity/error_vel_yaw,0.22126778960227966,1780399862.7073188
18084,Metrics/base_velocity/error_vel_yaw,0.22537164390087128,1780400020.0706758
18117,Metrics/base_velocity/error_vel_yaw,0.23240618407726288,1780400175.8684797
18150,Metrics/base_velocity/error_vel_yaw,0.22989210486412048,1780400331.3555858
18183,Metrics/base_velocity/error_vel_yaw,0.23234903812408447,1780400488.0554075
18216,Metrics/base_velocity/error_vel_yaw,0.23126213252544403,1780400643.8479378
18249,Metrics/base_velocity/error_vel_yaw,0.23706170916557312,1780400800.3541362
18282,Metrics/base_velocity/error_vel_yaw,0.2338942140340805,1780400955.8847265
18315,Metrics/base_velocity/error_vel_yaw,0.2353893220424652,1780401111.1747782
18348,Metrics/base_velocity/error_vel_yaw,0.2352837175130844,1780401267.0820658
18381,Metrics/base_velocity/error_vel_yaw,0.23939093947410583,1780401422.0466907
18414,Metrics/base_velocity/error_vel_yaw,0.24092623591423035,1780401575.7017646
18447,Metrics/base_velocity/error_vel_yaw,0.23755572736263275,1780401730.7471893
18480,Metrics/base_velocity/error_vel_yaw,0.23184244334697723,1780401885.1208894
18513,Metrics/base_velocity/error_vel_yaw,0.2345571368932724,1780402039.5826142
18546,Metrics/base_velocity/error_vel_yaw,0.23257207870483398,1780402194.867107
18579,Metrics/base_velocity/error_vel_yaw,0.22875115275382996,1780402346.8042912
18612,Metrics/base_velocity/error_vel_yaw,0.22926637530326843,1780402478.7556722
18645,Metrics/base_velocity/error_vel_yaw,0.2277974784374237,1780402632.8040988
18678,Metrics/base_velocity/error_vel_yaw,0.22979184985160828,1780402788.9507468
18711,Metrics/base_velocity/error_vel_yaw,0.22894899547100067,1780402943.2739275
18744,Metrics/base_velocity/error_vel_yaw,0.2303483933210373,1780403098.1203983
18777,Metrics/base_velocity/error_vel_yaw,0.2287595272064209,1780403253.3398402
18810,Metrics/base_velocity/error_vel_yaw,0.22926557064056396,1780403406.369086
18843,Metrics/base_velocity/error_vel_yaw,0.23178115487098694,1780403559.7146146
18876,Metrics/base_velocity/error_vel_yaw,0.23065924644470215,1780403709.382635
18909,Metrics/base_velocity/error_vel_yaw,0.22983187437057495,1780403864.2015104
18942,Metrics/base_velocity/error_vel_yaw,0.22954246401786804,1780404013.0710027
18975,Metrics/base_velocity/error_vel_yaw,0.23356477916240692,1780404161.7282953
19008,Metrics/base_velocity/error_vel_yaw,0.23108550906181335,1780404315.835073
19041,Metrics/base_velocity/error_vel_yaw,0.22976712882518768,1780404470.5411036
19074,Metrics/base_velocity/error_vel_yaw,0.23139959573745728,1780404625.0216508
19107,Metrics/base_velocity/error_vel_yaw,0.23000314831733704,1780404778.8297477
19140,Metrics/base_velocity/error_vel_yaw,0.23022399842739105,1780404932.587618
19173,Metrics/base_velocity/error_vel_yaw,0.22874391078948975,1780405085.5634875
19206,Metrics/base_velocity/error_vel_yaw,0.23331725597381592,1780405239.5649254
19239,Metrics/base_velocity/error_vel_yaw,0.23259636759757996,1780405393.456389
19272,Metrics/base_velocity/error_vel_yaw,0.232184499502182,1780405547.66066
19305,Metrics/base_velocity/error_vel_yaw,0.2309068739414215,1780405701.1088853
19338,Metrics/base_velocity/error_vel_yaw,0.2326376885175705,1780405854.924128
19371,Metrics/base_velocity/error_vel_yaw,0.2262043058872223,1780406009.4454818
19404,Metrics/base_velocity/error_vel_yaw,0.22625529766082764,1780406163.8330586
19437,Metrics/base_velocity/error_vel_yaw,0.23823688924312592,1780406317.4764688
19470,Metrics/base_velocity/error_vel_yaw,0.24202243983745575,1780406470.9580576
19503,Metrics/base_velocity/error_vel_yaw,0.23847651481628418,1780406624.1658971
19536,Metrics/base_velocity/error_vel_yaw,0.2350279986858368,1780406778.1435802
19569,Metrics/base_velocity/error_vel_yaw,0.23288151621818542,1780406931.8576062
19602,Metrics/base_velocity/error_vel_yaw,0.2336694449186325,1780407084.6890001
19635,Metrics/base_velocity/error_vel_yaw,0.22935914993286133,1780407239.1702971
19668,Metrics/base_velocity/error_vel_yaw,0.22541603446006775,1780407392.921214
19701,Metrics/base_velocity/error_vel_yaw,0.22559985518455505,1780407546.4514723
19734,Metrics/base_velocity/error_vel_yaw,0.2213977426290512,1780407699.8081331
19767,Metrics/base_velocity/error_vel_yaw,0.22424237430095673,1780407853.284513
19800,Metrics/base_velocity/error_vel_yaw,0.22542427480220795,1780408006.668965
19833,Metrics/base_velocity/error_vel_yaw,0.22911076247692108,1780408159.8822525
19866,Metrics/base_velocity/error_vel_yaw,0.22953081130981445,1780408313.8328347
19899,Metrics/base_velocity/error_vel_yaw,0.23125740885734558,1780408468.523679
19932,Metrics/base_velocity/error_vel_yaw,0.2316502332687378,1780408622.5541344
19965,Metrics/base_velocity/error_vel_yaw,0.22853302955627441,1780408775.5764866
19998,Metrics/base_velocity/error_vel_yaw,0.22877740859985352,1780408928.5105915
20031,Metrics/base_velocity/error_vel_yaw,0.23180317878723145,1780409082.2274585
20064,Metrics/base_velocity/error_vel_yaw,0.2345159500837326,1780409236.0708482
20097,Metrics/base_velocity/error_vel_yaw,0.2329229712486267,1780409390.5901213
20130,Metrics/base_velocity/error_vel_yaw,0.2321057766675949,1780409544.3098834
20163,Metrics/base_velocity/error_vel_yaw,0.22732758522033691,1780409698.7709665
20196,Metrics/base_velocity/error_vel_yaw,0.23198917508125305,1780409852.7300327
20229,Metrics/base_velocity/error_vel_yaw,0.2398880422115326,1780410006.3301013
20262,Metrics/base_velocity/error_vel_yaw,0.2383686900138855,1780410160.882442
20295,Metrics/base_velocity/error_vel_yaw,0.23877710103988647,1780410314.2208128
20328,Metrics/base_velocity/error_vel_yaw,0.23413871228694916,1780410467.8218846
20361,Metrics/base_velocity/error_vel_yaw,0.23304252326488495,1780410621.0578287
20394,Metrics/base_velocity/error_vel_yaw,0.23126666247844696,1780410774.0122254
20427,Metrics/base_velocity/error_vel_yaw,0.23106467723846436,1780410926.9617386
20460,Metrics/base_velocity/error_vel_yaw,0.2295166552066803,1780411080.0519795
20493,Metrics/base_velocity/error_vel_yaw,0.23252052068710327,1780411232.6308925
20526,Metrics/base_velocity/error_vel_yaw,0.23174595832824707,1780411387.5827208
20559,Metrics/base_velocity/error_vel_yaw,0.22914478182792664,1780411541.5242186
20592,Metrics/base_velocity/error_vel_yaw,0.2267361730337143,1780411694.612074
20625,Metrics/base_velocity/error_vel_yaw,0.23005311191082,1780411848.708514
20658,Metrics/base_velocity/error_vel_yaw,0.23644757270812988,1780412002.9065907
20691,Metrics/base_velocity/error_vel_yaw,0.23391102254390717,1780412157.245048
20724,Metrics/base_velocity/error_vel_yaw,0.2282111495733261,1780412312.3725572
20757,Metrics/base_velocity/error_vel_yaw,0.22531205415725708,1780412466.066731
20790,Metrics/base_velocity/error_vel_yaw,0.2243036925792694,1780412621.3046818
20823,Metrics/base_velocity/error_vel_yaw,0.2279984951019287,1780412777.484347
20856,Metrics/base_velocity/error_vel_yaw,0.23685488104820251,1780412933.511616
20889,Metrics/base_velocity/error_vel_yaw,0.23536574840545654,1780413087.9208493
20922,Metrics/base_velocity/error_vel_yaw,0.23545560240745544,1780413242.5227988
20955,Metrics/base_velocity/error_vel_yaw,0.2292887568473816,1780413397.413642
20988,Metrics/base_velocity/error_vel_yaw,0.22681832313537598,1780413553.136993
21021,Metrics/base_velocity/error_vel_yaw,0.22558371722698212,1780413709.1356378
21054,Metrics/base_velocity/error_vel_yaw,0.22377876937389374,1780413864.2455533
21087,Metrics/base_velocity/error_vel_yaw,0.22198089957237244,1780414018.85044
21120,Metrics/base_velocity/error_vel_yaw,0.22245121002197266,1780414164.4351497
21153,Metrics/base_velocity/error_vel_yaw,0.21956869959831238,1780414312.4130692
21186,Metrics/base_velocity/error_vel_yaw,0.21812710165977478,1780414467.8271008
21219,Metrics/base_velocity/error_vel_yaw,0.22318434715270996,1780414623.4491425
21252,Metrics/base_velocity/error_vel_yaw,0.2313261479139328,1780414778.112564
21285,Metrics/base_velocity/error_vel_yaw,0.23203305900096893,1780414933.9066932
21318,Metrics/base_velocity/error_vel_yaw,0.23196327686309814,1780415089.9626133
21351,Metrics/base_velocity/error_vel_yaw,0.2290620058774948,1780415245.858762
21384,Metrics/base_velocity/error_vel_yaw,0.22989802062511444,1780415401.3125932
21417,Metrics/base_velocity/error_vel_yaw,0.22740858793258667,1780415557.0385249
21450,Metrics/base_velocity/error_vel_yaw,0.2256639003753662,1780415713.733961
21483,Metrics/base_velocity/error_vel_yaw,0.22871224582195282,1780415869.9669907
21516,Metrics/base_velocity/error_vel_yaw,0.2266177535057068,1780416025.1758728
21549,Metrics/base_velocity/error_vel_yaw,0.2255188673734665,1780416181.0079937
21582,Metrics/base_velocity/error_vel_yaw,0.22472459077835083,1780416337.163925
21615,Metrics/base_velocity/error_vel_yaw,0.22571814060211182,1780416493.7695494
21648,Metrics/base_velocity/error_vel_yaw,0.2308884561061859,1780416649.302804
21681,Metrics/base_velocity/error_vel_yaw,0.23099452257156372,1780416805.023386
21714,Metrics/base_velocity/error_vel_yaw,0.23251435160636902,1780416961.3710935
21747,Metrics/base_velocity/error_vel_yaw,0.22821447253227234,1780417116.235784
21780,Metrics/base_velocity/error_vel_yaw,0.22340425848960876,1780417272.2933276
21813,Metrics/base_velocity/error_vel_yaw,0.2261955440044403,1780417428.7803347
21846,Metrics/base_velocity/error_vel_yaw,0.2257218211889267,1780417585.5247831
21879,Metrics/base_velocity/error_vel_yaw,0.22372624278068542,1780417741.8783522
21912,Metrics/base_velocity/error_vel_yaw,0.22357234358787537,1780417898.3114243
21945,Metrics/base_velocity/error_vel_yaw,0.22623829543590546,1780418054.6799693
21978,Metrics/base_velocity/error_vel_yaw,0.23627519607543945,1780418210.671157
22011,Metrics/base_velocity/error_vel_yaw,0.24074415862560272,1780418362.7880054
22044,Metrics/base_velocity/error_vel_yaw,0.23488476872444153,1780418516.6293514
22077,Metrics/base_velocity/error_vel_yaw,0.2312980592250824,1780418673.5821228
22110,Metrics/base_velocity/error_vel_yaw,0.23486661911010742,1780418830.8185012
22143,Metrics/base_velocity/error_vel_yaw,0.24067184329032898,1780418988.7865977
22176,Metrics/base_velocity/error_vel_yaw,0.23502400517463684,1780419145.2330132
22209,Metrics/base_velocity/error_vel_yaw,0.2313227653503418,1780419301.7476976
22242,Metrics/base_velocity/error_vel_yaw,0.22971604764461517,1780419457.6689715
22275,Metrics/base_velocity/error_vel_yaw,0.23066554963588715,1780419614.0250845
22308,Metrics/base_velocity/error_vel_yaw,0.22551241517066956,1780419769.5661411
22341,Metrics/base_velocity/error_vel_yaw,0.22588609158992767,1780419925.2188513
22374,Metrics/base_velocity/error_vel_yaw,0.23110422492027283,1780420081.163252
22407,Metrics/base_velocity/error_vel_yaw,0.22684215009212494,1780420237.0387316
22440,Metrics/base_velocity/error_vel_yaw,0.2308337390422821,1780420393.0511425
22473,Metrics/base_velocity/error_vel_yaw,0.22796690464019775,1780420548.6189423
22506,Metrics/base_velocity/error_vel_yaw,0.22476235032081604,1780420703.9515393
22539,Metrics/base_velocity/error_vel_yaw,0.22067466378211975,1780420856.040247
22572,Metrics/base_velocity/error_vel_yaw,0.2185056209564209,1780421011.8813233
22605,Metrics/base_velocity/error_vel_yaw,0.2286863625049591,1780421168.002277
22638,Metrics/base_velocity/error_vel_yaw,0.22721895575523376,1780421310.2093425
22671,Metrics/base_velocity/error_vel_yaw,0.2276715487241745,1780421466.294274
22704,Metrics/base_velocity/error_vel_yaw,0.22713810205459595,1780421622.1966412
22737,Metrics/base_velocity/error_vel_yaw,0.23788921535015106,1780421778.5717397
22770,Metrics/base_velocity/error_vel_yaw,0.23965363204479218,1780421927.4572237
22803,Metrics/base_velocity/error_vel_yaw,0.24619698524475098,1780422083.4516633
22836,Metrics/base_velocity/error_vel_yaw,0.2514978051185608,1780422238.2899592
22869,Metrics/base_velocity/error_vel_yaw,0.24848572909832,1780422393.7674184
22902,Metrics/base_velocity/error_vel_yaw,0.24201522767543793,1780422549.4081588
22935,Metrics/base_velocity/error_vel_yaw,0.23445093631744385,1780422704.867805
22968,Metrics/base_velocity/error_vel_yaw,0.23293063044548035,1780422859.5153837
23001,Metrics/base_velocity/error_vel_yaw,0.2319619506597519,1780423014.733483
23034,Metrics/base_velocity/error_vel_yaw,0.24578599631786346,1780423170.6994224
23067,Metrics/base_velocity/error_vel_yaw,0.24580860137939453,1780423326.8249884
23100,Metrics/base_velocity/error_vel_yaw,0.24519644677639008,1780423483.0884898
23133,Metrics/base_velocity/error_vel_yaw,0.23732654750347137,1780423639.0220008
23166,Metrics/base_velocity/error_vel_yaw,0.2351193130016327,1780423794.0920286
23199,Metrics/base_velocity/error_vel_yaw,0.2324226349592209,1780423949.5943093
23232,Metrics/base_velocity/error_vel_yaw,0.23457491397857666,1780424105.192786
23265,Metrics/base_velocity/error_vel_yaw,0.23910461366176605,1780424257.320022
23298,Metrics/base_velocity/error_vel_yaw,0.23585812747478485,1780424412.881771
23331,Metrics/base_velocity/error_vel_yaw,0.2319227159023285,1780424569.5583127
23364,Metrics/base_velocity/error_vel_yaw,0.2265835851430893,1780424725.1832883
23397,Metrics/base_velocity/error_vel_yaw,0.22346630692481995,1780424880.950806
23430,Metrics/base_velocity/error_vel_yaw,0.22402475774288177,1780425036.626139
23463,Metrics/base_velocity/error_vel_yaw,0.22984111309051514,1780425192.3030744
23496,Metrics/base_velocity/error_vel_yaw,0.23323264718055725,1780425347.9166245
23529,Metrics/base_velocity/error_vel_yaw,0.23780600726604462,1780425504.2626815
23562,Metrics/base_velocity/error_vel_yaw,0.23067384958267212,1780425660.5431554
23595,Metrics/base_velocity/error_vel_yaw,0.2270471453666687,1780425815.9642088
23628,Metrics/base_velocity/error_vel_yaw,0.22615663707256317,1780425971.9946873
23661,Metrics/base_velocity/error_vel_yaw,0.22568047046661377,1780426128.2274365
23694,Metrics/base_velocity/error_vel_yaw,0.21957451105117798,1780426284.2961504
23727,Metrics/base_velocity/error_vel_yaw,0.22302505373954773,1780426440.6399615
23760,Metrics/base_velocity/error_vel_yaw,0.22545626759529114,1780426595.8435338
23793,Metrics/base_velocity/error_vel_yaw,0.22472581267356873,1780426751.9467013
23826,Metrics/base_velocity/error_vel_yaw,0.2289278209209442,1780426907.498542
23859,Metrics/base_velocity/error_vel_yaw,0.23399071395397186,1780427054.4131827
23892,Metrics/base_velocity/error_vel_yaw,0.24997375905513763,1780427207.0561595
23925,Metrics/base_velocity/error_vel_yaw,0.250003457069397,1780427364.0640826
23958,Metrics/base_velocity/error_vel_yaw,0.2615874409675598,1780427520.3908162
23991,Metrics/base_velocity/error_vel_yaw,0.25229933857917786,1780427677.5638096
24024,Metrics/base_velocity/error_vel_yaw,0.24410510063171387,1780427834.250178
24057,Metrics/base_velocity/error_vel_yaw,0.23825424909591675,1780427990.80267
24090,Metrics/base_velocity/error_vel_yaw,0.24233035743236542,1780428147.8540711
24123,Metrics/base_velocity/error_vel_yaw,0.23966090381145477,1780428303.9820127
24156,Metrics/base_velocity/error_vel_yaw,0.2391878366470337,1780428460.497505
24189,Metrics/base_velocity/error_vel_yaw,0.24001440405845642,1780428617.2287703
24222,Metrics/base_velocity/error_vel_yaw,0.2368057817220688,1780428772.985565
24255,Metrics/base_velocity/error_vel_yaw,0.23969623446464539,1780428929.3847427
24288,Metrics/base_velocity/error_vel_yaw,0.2542298138141632,1780429086.0695558
24321,Metrics/base_velocity/error_vel_yaw,0.2494543194770813,1780429242.7740793
24354,Metrics/base_velocity/error_vel_yaw,0.2421419322490692,1780429399.6447265
24387,Metrics/base_velocity/error_vel_yaw,0.23474638164043427,1780429556.5528402
24420,Metrics/base_velocity/error_vel_yaw,0.2301328182220459,1780429712.1741781
24453,Metrics/base_velocity/error_vel_yaw,0.22559794783592224,1780429867.8958926
24486,Metrics/base_velocity/error_vel_yaw,0.22393974661827087,1780430024.9212933
24519,Metrics/base_velocity/error_vel_yaw,0.2384161651134491,1780430181.2521806
24552,Metrics/base_velocity/error_vel_yaw,0.2411661595106125,1780430336.9499261
24585,Metrics/base_velocity/error_vel_yaw,0.23615851998329163,1780430492.3801117
24618,Metrics/base_velocity/error_vel_yaw,0.23573434352874756,1780430648.4786532
24651,Metrics/base_velocity/error_vel_yaw,0.23367688059806824,1780430806.4291878
24684,Metrics/base_velocity/error_vel_yaw,0.23291802406311035,1780430963.3644705
24717,Metrics/base_velocity/error_vel_yaw,0.23709851503372192,1780431120.1092014
24750,Metrics/base_velocity/error_vel_yaw,0.23876647651195526,1780431276.4559314
24783,Metrics/base_velocity/error_vel_yaw,0.2374158352613449,1780431433.4654832
24816,Metrics/base_velocity/error_vel_yaw,0.25148436427116394,1780431591.712247
24849,Metrics/base_velocity/error_vel_yaw,0.2746652364730835,1780431749.5165772
24882,Metrics/base_velocity/error_vel_yaw,0.2873399257659912,1780431907.5040147
24915,Metrics/base_velocity/error_vel_yaw,0.28594058752059937,1780432064.1598926
24948,Metrics/base_velocity/error_vel_yaw,0.2844153344631195,1780432221.7560985
24981,Metrics/base_velocity/error_vel_yaw,0.2808198630809784,1780432379.4363303
25014,Metrics/base_velocity/error_vel_yaw,0.2676854133605957,1780432536.0947948
25047,Metrics/base_velocity/error_vel_yaw,0.26512354612350464,1780432692.2214823
25080,Metrics/base_velocity/error_vel_yaw,0.2569417953491211,1780432848.6839964
25113,Metrics/base_velocity/error_vel_yaw,0.2484588623046875,1780433005.2444146
25146,Metrics/base_velocity/error_vel_yaw,0.24183383584022522,1780433162.1635292
25179,Metrics/base_velocity/error_vel_yaw,0.23513005673885345,1780433318.3755748
25212,Metrics/base_velocity/error_vel_yaw,0.23191630840301514,1780433474.4284205
25245,Metrics/base_velocity/error_vel_yaw,0.23273390531539917,1780433631.387647
25278,Metrics/base_velocity/error_vel_yaw,0.23414091765880585,1780433789.100927
25311,Metrics/base_velocity/error_vel_yaw,0.2294120043516159,1780433946.3439443
25344,Metrics/base_velocity/error_vel_yaw,0.22946038842201233,1780434102.886915
25377,Metrics/base_velocity/error_vel_yaw,0.22661928832530975,1780434259.0626066
25410,Metrics/base_velocity/error_vel_yaw,0.2269761562347412,1780434416.2627926
25443,Metrics/base_velocity/error_vel_yaw,0.22258877754211426,1780434573.1405156
25476,Metrics/base_velocity/error_vel_yaw,0.2234114408493042,1780434731.429738
25509,Metrics/base_velocity/error_vel_yaw,0.22470109164714813,1780434888.181796
25542,Metrics/base_velocity/error_vel_yaw,0.23015886545181274,1780435044.588918
25575,Metrics/base_velocity/error_vel_yaw,0.2317783087491989,1780435201.4423258
25608,Metrics/base_velocity/error_vel_yaw,0.22994081676006317,1780435358.713633
25641,Metrics/base_velocity/error_vel_yaw,0.2277984321117401,1780435515.589113
25674,Metrics/base_velocity/error_vel_yaw,0.2272297441959381,1780435671.8662975
25707,Metrics/base_velocity/error_vel_yaw,0.2214716672897339,1780435828.6079338
25740,Metrics/base_velocity/error_vel_yaw,0.21890446543693542,1780435986.681693
25773,Metrics/base_velocity/error_vel_yaw,0.22110602259635925,1780436142.0765183
25806,Metrics/base_velocity/error_vel_yaw,0.23271465301513672,1780436299.5670643
25839,Metrics/base_velocity/error_vel_yaw,0.23233914375305176,1780436454.9711487
25872,Metrics/base_velocity/error_vel_yaw,0.2287341207265854,1780436603.9969106
25905,Metrics/base_velocity/error_vel_yaw,0.22633859515190125,1780436761.6805272
25938,Metrics/base_velocity/error_vel_yaw,0.2244054079055786,1780436918.0871947
25971,Metrics/base_velocity/error_vel_yaw,0.22406992316246033,1780437074.9137733
26004,Metrics/base_velocity/error_vel_yaw,0.2213447540998459,1780437231.9649417
26037,Metrics/base_velocity/error_vel_yaw,0.2186259925365448,1780437389.9293592
26070,Metrics/base_velocity/error_vel_yaw,0.22202686965465546,1780437546.1332157
26103,Metrics/base_velocity/error_vel_yaw,0.22508613765239716,1780437704.580589
26136,Metrics/base_velocity/error_vel_yaw,0.22595052421092987,1780437862.4059553
26169,Metrics/base_velocity/error_vel_yaw,0.22572243213653564,1780438020.012568
26202,Metrics/base_velocity/error_vel_yaw,0.22704342007637024,1780438177.9634607
26235,Metrics/base_velocity/error_vel_yaw,0.22928330302238464,1780438336.8326943
26268,Metrics/base_velocity/error_vel_yaw,0.23256269097328186,1780438494.782186
26301,Metrics/base_velocity/error_vel_yaw,0.24008911848068237,1780438650.2427108
26334,Metrics/base_velocity/error_vel_yaw,0.2383660078048706,1780438808.8775618
26367,Metrics/base_velocity/error_vel_yaw,0.24018463492393494,1780438967.2007644
26400,Metrics/base_velocity/error_vel_yaw,0.24103620648384094,1780439125.8131387
26433,Metrics/base_velocity/error_vel_yaw,0.23893779516220093,1780439284.250534
26466,Metrics/base_velocity/error_vel_yaw,0.23802892863750458,1780439442.2139075
26499,Metrics/base_velocity/error_vel_yaw,0.24167071282863617,1780439600.4072464
26532,Metrics/base_velocity/error_vel_yaw,0.2344350516796112,1780439758.6714902
26565,Metrics/base_velocity/error_vel_yaw,0.23806361854076385,1780439917.34706
26598,Metrics/base_velocity/error_vel_yaw,0.2513471841812134,1780440076.3245692
26631,Metrics/base_velocity/error_vel_yaw,0.2636888325214386,1780440234.0799258
26664,Metrics/base_velocity/error_vel_yaw,0.2681267261505127,1780440392.7670026
26697,Metrics/base_velocity/error_vel_yaw,0.27061960101127625,1780440551.4387894
26730,Metrics/base_velocity/error_vel_yaw,0.27115026116371155,1780440710.466657
26763,Metrics/base_velocity/error_vel_yaw,0.2715790271759033,1780440868.7729764
26796,Metrics/base_velocity/error_vel_yaw,0.2620368003845215,1780441027.34017
26829,Metrics/base_velocity/error_vel_yaw,0.25727128982543945,1780441185.2321324
26862,Metrics/base_velocity/error_vel_yaw,0.25649505853652954,1780441343.6912234
26895,Metrics/base_velocity/error_vel_yaw,0.2478269338607788,1780441501.9359226
26928,Metrics/base_velocity/error_vel_yaw,0.24256686866283417,1780441658.8888855
26961,Metrics/base_velocity/error_vel_yaw,0.24056246876716614,1780441815.4076297
26994,Metrics/base_velocity/error_vel_yaw,0.23701822757720947,1780441972.2622364
27027,Metrics/base_velocity/error_vel_yaw,0.2332771122455597,1780442129.5634348
27060,Metrics/base_velocity/error_vel_yaw,0.23205193877220154,1780442286.2393172
27093,Metrics/base_velocity/error_vel_yaw,0.2348109781742096,1780442441.8504386
27126,Metrics/base_velocity/error_vel_yaw,0.23188155889511108,1780442598.1733043
27159,Metrics/base_velocity/error_vel_yaw,0.22948066890239716,1780442754.77257
27192,Metrics/base_velocity/error_vel_yaw,0.226596400141716,1780442911.232482
27225,Metrics/base_velocity/error_vel_yaw,0.22590777277946472,1780443066.9539943
27258,Metrics/base_velocity/error_vel_yaw,0.221226304769516,1780443223.1425257
27291,Metrics/base_velocity/error_vel_yaw,0.21884143352508545,1780443379.6132615
27324,Metrics/base_velocity/error_vel_yaw,0.22031676769256592,1780443535.5968075
27357,Metrics/base_velocity/error_vel_yaw,0.22213613986968994,1780443692.7701824
27390,Metrics/base_velocity/error_vel_yaw,0.22184841334819794,1780443849.2874327
27423,Metrics/base_velocity/error_vel_yaw,0.22073625028133392,1780444006.2184966
27456,Metrics/base_velocity/error_vel_yaw,0.2228676974773407,1780444163.7767403
27489,Metrics/base_velocity/error_vel_yaw,0.225847989320755,1780444321.3591895
27522,Metrics/base_velocity/error_vel_yaw,0.23064826428890228,1780444479.459263
27555,Metrics/base_velocity/error_vel_yaw,0.23352006077766418,1780444636.5125587
27588,Metrics/base_velocity/error_vel_yaw,0.24230150878429413,1780444793.5276709
27621,Metrics/base_velocity/error_vel_yaw,0.2459520697593689,1780444950.2495425
27654,Metrics/base_velocity/error_vel_yaw,0.24408350884914398,1780445107.6247737
27687,Metrics/base_velocity/error_vel_yaw,0.2412181794643402,1780445269.7633166
27720,Metrics/base_velocity/error_vel_yaw,0.23321816325187683,1780445428.6762037
27753,Metrics/base_velocity/error_vel_yaw,0.22653639316558838,1780445585.7767396
27786,Metrics/base_velocity/error_vel_yaw,0.22766290605068207,1780445743.195948
27819,Metrics/base_velocity/error_vel_yaw,0.2262716293334961,1780445900.0790303
27852,Metrics/base_velocity/error_vel_yaw,0.22453126311302185,1780446059.228311
27885,Metrics/base_velocity/error_vel_yaw,0.22610120475292206,1780446220.762737
27918,Metrics/base_velocity/error_vel_yaw,0.22421613335609436,1780446383.272592
27951,Metrics/base_velocity/error_vel_yaw,0.2233595848083496,1780446543.9743752
27984,Metrics/base_velocity/error_vel_yaw,0.22617624700069427,1780446705.627172
28017,Metrics/base_velocity/error_vel_yaw,0.2272379845380783,1780446866.3877113
28050,Metrics/base_velocity/error_vel_yaw,0.2319185584783554,1780447027.8806276
28083,Metrics/base_velocity/error_vel_yaw,0.2367708534002304,1780447190.699382
28116,Metrics/base_velocity/error_vel_yaw,0.241680309176445,1780447351.9647145
28149,Metrics/base_velocity/error_vel_yaw,0.23806285858154297,1780447517.8848922
28182,Metrics/base_velocity/error_vel_yaw,0.23450684547424316,1780447711.4039843
28215,Metrics/base_velocity/error_vel_yaw,0.23286187648773193,1780447894.085622
28248,Metrics/base_velocity/error_vel_yaw,0.22928063571453094,1780448053.702726
28281,Metrics/base_velocity/error_vel_yaw,0.22444796562194824,1780448227.0419428
28314,Metrics/base_velocity/error_vel_yaw,0.22233156859874725,1780448387.3746617
28347,Metrics/base_velocity/error_vel_yaw,0.22272643446922302,1780448545.9343233
28380,Metrics/base_velocity/error_vel_yaw,0.22196778655052185,1780448704.8947525
28413,Metrics/base_velocity/error_vel_yaw,0.22896283864974976,1780448863.8649616
28446,Metrics/base_velocity/error_vel_yaw,0.23712551593780518,1780449019.1311238
28479,Metrics/base_velocity/error_vel_yaw,0.23601752519607544,1780449178.849115
28512,Metrics/base_velocity/error_vel_yaw,0.23590032756328583,1780449338.8105972
28545,Metrics/base_velocity/error_vel_yaw,0.23102471232414246,1780449498.2037485
28578,Metrics/base_velocity/error_vel_yaw,0.22989068925380707,1780449657.2902796
28611,Metrics/base_velocity/error_vel_yaw,0.23120078444480896,1780449815.555787
28644,Metrics/base_velocity/error_vel_yaw,0.23343847692012787,1780449974.2103758
28677,Metrics/base_velocity/error_vel_yaw,0.22898709774017334,1780450133.8175478
28710,Metrics/base_velocity/error_vel_yaw,0.22714340686798096,1780450291.5736945
28743,Metrics/base_velocity/error_vel_yaw,0.22645899653434753,1780450450.116427
28776,Metrics/base_velocity/error_vel_yaw,0.2255774587392807,1780450608.325421
28809,Metrics/base_velocity/error_vel_yaw,0.2248004674911499,1780450765.9894779
28842,Metrics/base_velocity/error_vel_yaw,0.22383980453014374,1780450923.0531173
28875,Metrics/base_velocity/error_vel_yaw,0.22265052795410156,1780451078.0804784
28908,Metrics/base_velocity/error_vel_yaw,0.22144794464111328,1780451233.1981573
28941,Metrics/base_velocity/error_vel_yaw,0.22426752746105194,1780451387.9931188
28974,Metrics/base_velocity/error_vel_yaw,0.22236239910125732,1780451543.3862875
29007,Metrics/base_velocity/error_vel_yaw,0.22129392623901367,1780451699.257429
29040,Metrics/base_velocity/error_vel_yaw,0.22201582789421082,1780451855.7086568
29073,Metrics/base_velocity/error_vel_yaw,0.22600993514060974,1780452011.8748786
29106,Metrics/base_velocity/error_vel_yaw,0.2228320837020874,1780452169.3277075
29139,Metrics/base_velocity/error_vel_yaw,0.22589628398418427,1780452324.9503658
29172,Metrics/base_velocity/error_vel_yaw,0.2250809371471405,1780452480.374333
29205,Metrics/base_velocity/error_vel_yaw,0.222962886095047,1780452636.6235979
29238,Metrics/base_velocity/error_vel_yaw,0.222593754529953,1780452792.3662398
29271,Metrics/base_velocity/error_vel_yaw,0.2185315489768982,1780452948.2875125
29304,Metrics/base_velocity/error_vel_yaw,0.21857228875160217,1780453103.4560554
29337,Metrics/base_velocity/error_vel_yaw,0.21741878986358643,1780453259.2078233
29370,Metrics/base_velocity/error_vel_yaw,0.2207326591014862,1780453414.5625174
29403,Metrics/base_velocity/error_vel_yaw,0.22114592790603638,1780453569.7388778
29436,Metrics/base_velocity/error_vel_yaw,0.22084276378154755,1780453724.2760844
29469,Metrics/base_velocity/error_vel_yaw,0.22562536597251892,1780453879.0107074
29502,Metrics/base_velocity/error_vel_yaw,0.22496502101421356,1780454034.241823
29535,Metrics/base_velocity/error_vel_yaw,0.22478580474853516,1780454189.403305
29568,Metrics/base_velocity/error_vel_yaw,0.22563068568706512,1780454345.0444427
29601,Metrics/base_velocity/error_vel_yaw,0.2253693789243698,1780454501.179682
29634,Metrics/base_velocity/error_vel_yaw,0.2272932231426239,1780454656.9899006
29667,Metrics/base_velocity/error_vel_yaw,0.22454452514648438,1780454813.0337887
29700,Metrics/base_velocity/error_vel_yaw,0.2190386950969696,1780454967.9981163
29733,Metrics/base_velocity/error_vel_yaw,0.2202308177947998,1780455123.3969643
29766,Metrics/base_velocity/error_vel_yaw,0.22038599848747253,1780455279.3438141
29799,Metrics/base_velocity/error_vel_yaw,0.22490790486335754,1780455435.6653192
29832,Metrics/base_velocity/error_vel_yaw,0.2289012372493744,1780455591.4862738
29865,Metrics/base_velocity/error_vel_yaw,0.2312425673007965,1780455746.9119463
29898,Metrics/base_velocity/error_vel_yaw,0.22968845069408417,1780455901.9858441
29931,Metrics/base_velocity/error_vel_yaw,0.23453614115715027,1780456057.8709285
29964,Metrics/base_velocity/error_vel_yaw,0.23102179169654846,1780456213.5758014
29997,Metrics/base_velocity/error_vel_yaw,0.23444673418998718,1780456370.6270552
30030,Metrics/base_velocity/error_vel_yaw,0.23484627902507782,1780456527.6113007
30063,Metrics/base_velocity/error_vel_yaw,0.23630988597869873,1780456684.6014738
30096,Metrics/base_velocity/error_vel_yaw,0.23810291290283203,1780456841.8605456
30129,Metrics/base_velocity/error_vel_yaw,0.23357278108596802,1780456999.4926133
30162,Metrics/base_velocity/error_vel_yaw,0.23630349338054657,1780457156.490814
30195,Metrics/base_velocity/error_vel_yaw,0.23351693153381348,1780457313.1680233
30228,Metrics/base_velocity/error_vel_yaw,0.23202043771743774,1780457470.9873881
30261,Metrics/base_velocity/error_vel_yaw,0.23436817526817322,1780457629.517947
30294,Metrics/base_velocity/error_vel_yaw,0.23931074142456055,1780457786.7224004
30327,Metrics/base_velocity/error_vel_yaw,0.2410515993833542,1780457945.3466372
30360,Metrics/base_velocity/error_vel_yaw,0.24299781024456024,1780458102.9026194
30393,Metrics/base_velocity/error_vel_yaw,0.24260549247264862,1780458259.933837
30426,Metrics/base_velocity/error_vel_yaw,0.239364355802536,1780458417.7769115
30459,Metrics/base_velocity/error_vel_yaw,0.2436455935239792,1780458575.2351713
30492,Metrics/base_velocity/error_vel_yaw,0.24569933116436005,1780458732.267525
30525,Metrics/base_velocity/error_vel_yaw,0.25071877241134644,1780458890.3168125
30558,Metrics/base_velocity/error_vel_yaw,0.2569425702095032,1780459048.5507689
30591,Metrics/base_velocity/error_vel_yaw,0.26029640436172485,1780459206.251305
30624,Metrics/base_velocity/error_vel_yaw,0.25666543841362,1780459363.3997304
30657,Metrics/base_velocity/error_vel_yaw,0.2514173090457916,1780459520.6757832
30690,Metrics/base_velocity/error_vel_yaw,0.2513788342475891,1780459678.1430705
30723,Metrics/base_velocity/error_vel_yaw,0.24598585069179535,1780459834.5413194
30756,Metrics/base_velocity/error_vel_yaw,0.2444336712360382,1780459991.147149
30789,Metrics/base_velocity/error_vel_yaw,0.24257832765579224,1780460148.5583177
30822,Metrics/base_velocity/error_vel_yaw,0.24286703765392303,1780460306.8962984
30855,Metrics/base_velocity/error_vel_yaw,0.24190422892570496,1780460464.9982543
30888,Metrics/base_velocity/error_vel_yaw,0.2415558397769928,1780460622.7560482
30921,Metrics/base_velocity/error_vel_yaw,0.23750460147857666,1780460780.7597573
30954,Metrics/base_velocity/error_vel_yaw,0.23565685749053955,1780460938.7876601
30987,Metrics/base_velocity/error_vel_yaw,0.23187397420406342,1780461097.2317665
31020,Metrics/base_velocity/error_vel_yaw,0.23054909706115723,1780461255.4198663
31053,Metrics/base_velocity/error_vel_yaw,0.2331903874874115,1780461414.1596932
31086,Metrics/base_velocity/error_vel_yaw,0.23325693607330322,1780461572.8896081
31119,Metrics/base_velocity/error_vel_yaw,0.23449179530143738,1780461730.7719069
31152,Metrics/base_velocity/error_vel_yaw,0.23474571108818054,1780461888.946308
31185,Metrics/base_velocity/error_vel_yaw,0.2405817210674286,1780462045.7037888
31218,Metrics/base_velocity/error_vel_yaw,0.2444920539855957,1780462200.6752512
31251,Metrics/base_velocity/error_vel_yaw,0.2457936853170395,1780462356.3972156
31284,Metrics/base_velocity/error_vel_yaw,0.2493944615125656,1780462513.4844823
31317,Metrics/base_velocity/error_vel_yaw,0.2519965171813965,1780462671.4181662
31350,Metrics/base_velocity/error_vel_yaw,0.25037652254104614,1780462828.4221683
31383,Metrics/base_velocity/error_vel_yaw,0.24774593114852905,1780462984.7462063
31416,Metrics/base_velocity/error_vel_yaw,0.24137914180755615,1780463141.00001
31449,Metrics/base_velocity/error_vel_yaw,0.23561954498291016,1780463297.1594203
31482,Metrics/base_velocity/error_vel_yaw,0.23231057822704315,1780463453.8586683
31515,Metrics/base_velocity/error_vel_yaw,0.2305658757686615,1780463610.1418612
31548,Metrics/base_velocity/error_vel_yaw,0.22608262300491333,1780463765.6634393
31581,Metrics/base_velocity/error_vel_yaw,0.22874382138252258,1780463921.6284246
31614,Metrics/base_velocity/error_vel_yaw,0.23499618470668793,1780464077.8679876
31647,Metrics/base_velocity/error_vel_yaw,0.2319396585226059,1780464234.7173667
31680,Metrics/base_velocity/error_vel_yaw,0.22930407524108887,1780464391.0819538
31713,Metrics/base_velocity/error_vel_yaw,0.22574029862880707,1780464547.0596235
31746,Metrics/base_velocity/error_vel_yaw,0.22016641497612,1780464704.170266
31779,Metrics/base_velocity/error_vel_yaw,0.22340285778045654,1780464860.6471233
31812,Metrics/base_velocity/error_vel_yaw,0.2215815782546997,1780465017.456139
31845,Metrics/base_velocity/error_vel_yaw,0.22338387370109558,1780465173.3566284
31878,Metrics/base_velocity/error_vel_yaw,0.2220367193222046,1780465329.4041498
31911,Metrics/base_velocity/error_vel_yaw,0.22350355982780457,1780465485.0010004
31944,Metrics/base_velocity/error_vel_yaw,0.2221432775259018,1780465641.6946948
31977,Metrics/base_velocity/error_vel_yaw,0.21898679435253143,1780465799.1918654
32010,Metrics/base_velocity/error_vel_yaw,0.22460457682609558,1780465955.197189
32043,Metrics/base_velocity/error_vel_yaw,0.22508180141448975,1780466111.439696
32076,Metrics/base_velocity/error_vel_yaw,0.2250891625881195,1780466270.105289
32109,Metrics/base_velocity/error_vel_yaw,0.22316673398017883,1780466428.786787
32142,Metrics/base_velocity/error_vel_yaw,0.22277316451072693,1780466586.16665
32175,Metrics/base_velocity/error_vel_yaw,0.22388583421707153,1780466742.012444
32208,Metrics/base_velocity/error_vel_yaw,0.22458794713020325,1780466886.9455485
32241,Metrics/base_velocity/error_vel_yaw,0.22404424846172333,1780467043.4569087
32274,Metrics/base_velocity/error_vel_yaw,0.23075954616069794,1780467200.0429516
32307,Metrics/base_velocity/error_vel_yaw,0.2326989769935608,1780467356.763317
32340,Metrics/base_velocity/error_vel_yaw,0.23554766178131104,1780467512.0336592
32373,Metrics/base_velocity/error_vel_yaw,0.2363968938589096,1780467668.7392888
32406,Metrics/base_velocity/error_vel_yaw,0.2390994131565094,1780467826.0514805
32439,Metrics/base_velocity/error_vel_yaw,0.23927471041679382,1780467983.6224651
32472,Metrics/base_velocity/error_vel_yaw,0.24023640155792236,1780468138.9386656
32505,Metrics/base_velocity/error_vel_yaw,0.24393299221992493,1780468295.7713277
32538,Metrics/base_velocity/error_vel_yaw,0.2439175844192505,1780468452.915328
32571,Metrics/base_velocity/error_vel_yaw,0.24443767964839935,1780468609.6538303
32604,Metrics/base_velocity/error_vel_yaw,0.24019959568977356,1780468765.9084797
32637,Metrics/base_velocity/error_vel_yaw,0.23721370100975037,1780468922.3408196
32670,Metrics/base_velocity/error_vel_yaw,0.2372841089963913,1780469077.6817653
32703,Metrics/base_velocity/error_vel_yaw,0.24400851130485535,1780469233.8219495
32736,Metrics/base_velocity/error_vel_yaw,0.24046795070171356,1780469390.356951
32769,Metrics/base_velocity/error_vel_yaw,0.23709949851036072,1780469547.3608215
32802,Metrics/base_velocity/error_vel_yaw,0.23075303435325623,1780469704.008085
32808,Metrics/base_velocity/error_vel_yaw,0.22949394583702087,1780469732.821004
0,Episode_Reward/track_lin_vel_xy,0.014874368906021118,1780315977.9372067
33,Episode_Reward/track_lin_vel_xy,0.12005351483821869,1780316207.9430406
66,Episode_Reward/track_lin_vel_xy,0.8271551132202148,1780316411.0786903
99,Episode_Reward/track_lin_vel_xy,1.5158507823944092,1780316608.8336973
132,Episode_Reward/track_lin_vel_xy,1.8595088720321655,1780316800.6516755
165,Episode_Reward/track_lin_vel_xy,1.9157145023345947,1780316969.1206338
198,Episode_Reward/track_lin_vel_xy,1.0018351078033447,1780317123.5563467
231,Episode_Reward/track_lin_vel_xy,1.613083839416504,1780317277.8014088
264,Episode_Reward/track_lin_vel_xy,1.6824367046356201,1780317413.351039
297,Episode_Reward/track_lin_vel_xy,1.664503812789917,1780317560.0022085
330,Episode_Reward/track_lin_vel_xy,1.689382553100586,1780317719.5134802
363,Episode_Reward/track_lin_vel_xy,1.7693732976913452,1780317880.0352156
396,Episode_Reward/track_lin_vel_xy,1.8236701488494873,1780318019.1213207
429,Episode_Reward/track_lin_vel_xy,1.8576711416244507,1780318155.4500515
462,Episode_Reward/track_lin_vel_xy,1.8831202983856201,1780318312.7316468
495,Episode_Reward/track_lin_vel_xy,1.8974403142929077,1780318471.6182907
528,Episode_Reward/track_lin_vel_xy,1.8839925527572632,1780318629.458774
561,Episode_Reward/track_lin_vel_xy,1.9139156341552734,1780318788.322699
594,Episode_Reward/track_lin_vel_xy,1.9121828079223633,1780318933.3516974
627,Episode_Reward/track_lin_vel_xy,1.9153759479522705,1780319091.0306842
660,Episode_Reward/track_lin_vel_xy,1.8997392654418945,1780319249.727889
693,Episode_Reward/track_lin_vel_xy,1.9208755493164062,1780319402.57929
726,Episode_Reward/track_lin_vel_xy,1.92133367061615,1780319557.7395186
759,Episode_Reward/track_lin_vel_xy,1.9208698272705078,1780319716.022366
792,Episode_Reward/track_lin_vel_xy,1.923189401626587,1780319875.7004282
825,Episode_Reward/track_lin_vel_xy,1.916186809539795,1780320036.6846023
858,Episode_Reward/track_lin_vel_xy,1.9260873794555664,1780320196.0552182
891,Episode_Reward/track_lin_vel_xy,1.9281203746795654,1780320356.2715266
924,Episode_Reward/track_lin_vel_xy,1.922681212425232,1780320501.0076663
957,Episode_Reward/track_lin_vel_xy,1.9243673086166382,1780320647.4783487
990,Episode_Reward/track_lin_vel_xy,1.9108413457870483,1780320786.6602829
1023,Episode_Reward/track_lin_vel_xy,1.9159845113754272,1780320932.1386092
1056,Episode_Reward/track_lin_vel_xy,1.9275691509246826,1780321093.1598597
1089,Episode_Reward/track_lin_vel_xy,1.929107427597046,1780321254.4359984
1122,Episode_Reward/track_lin_vel_xy,1.929669737815857,1780321407.0808806
1155,Episode_Reward/track_lin_vel_xy,1.9314982891082764,1780321567.7053194
1188,Episode_Reward/track_lin_vel_xy,1.9318417310714722,1780321722.2929394
1221,Episode_Reward/track_lin_vel_xy,1.9302867650985718,1780321859.7711596
1254,Episode_Reward/track_lin_vel_xy,1.9273446798324585,1780322008.4964743
1287,Episode_Reward/track_lin_vel_xy,1.9324411153793335,1780322168.8105378
1320,Episode_Reward/track_lin_vel_xy,1.935988426208496,1780322329.2604682
1353,Episode_Reward/track_lin_vel_xy,1.909541130065918,1780322490.0435321
1386,Episode_Reward/track_lin_vel_xy,1.9327348470687866,1780322647.6053212
1419,Episode_Reward/track_lin_vel_xy,1.9321017265319824,1780322799.861703
1452,Episode_Reward/track_lin_vel_xy,1.9335739612579346,1780322952.6555843
1485,Episode_Reward/track_lin_vel_xy,1.9305086135864258,1780323082.6649368
1518,Episode_Reward/track_lin_vel_xy,1.9353135824203491,1780323216.4676366
1551,Episode_Reward/track_lin_vel_xy,1.9352984428405762,1780323372.947428
1584,Episode_Reward/track_lin_vel_xy,1.9368414878845215,1780323521.8482366
1617,Episode_Reward/track_lin_vel_xy,1.934831976890564,1780323677.745898
1650,Episode_Reward/track_lin_vel_xy,1.9335988759994507,1780323835.8806667
1683,Episode_Reward/track_lin_vel_xy,1.9372895956039429,1780323994.2686324
1716,Episode_Reward/track_lin_vel_xy,1.9388922452926636,1780324152.0986564
1749,Episode_Reward/track_lin_vel_xy,1.939664602279663,1780324310.3321903
1782,Episode_Reward/track_lin_vel_xy,1.9381380081176758,1780324468.6969461
1815,Episode_Reward/track_lin_vel_xy,1.9411866664886475,1780324626.244771
1848,Episode_Reward/track_lin_vel_xy,1.9396796226501465,1780324779.6565862
1881,Episode_Reward/track_lin_vel_xy,1.9420669078826904,1780324936.9727213
1914,Episode_Reward/track_lin_vel_xy,1.9430615901947021,1780325089.8580234
1947,Episode_Reward/track_lin_vel_xy,1.9442766904830933,1780325246.5756538
1980,Episode_Reward/track_lin_vel_xy,1.9425199031829834,1780325402.010319
2013,Episode_Reward/track_lin_vel_xy,1.9438443183898926,1780325559.1144874
2046,Episode_Reward/track_lin_vel_xy,1.9464744329452515,1780325715.423991
2079,Episode_Reward/track_lin_vel_xy,1.9460389614105225,1780325869.589961
2112,Episode_Reward/track_lin_vel_xy,1.9444637298583984,1780326024.54894
2145,Episode_Reward/track_lin_vel_xy,1.9466421604156494,1780326178.8913975
2178,Episode_Reward/track_lin_vel_xy,1.9474047422409058,1780326336.9933505
2211,Episode_Reward/track_lin_vel_xy,1.9487390518188477,1780326490.9204803
2244,Episode_Reward/track_lin_vel_xy,1.948468565940857,1780326646.633464
2277,Episode_Reward/track_lin_vel_xy,1.9522433280944824,1780326803.6753583
2310,Episode_Reward/track_lin_vel_xy,1.9512615203857422,1780326959.110571
2343,Episode_Reward/track_lin_vel_xy,1.951521635055542,1780327114.5596626
2376,Episode_Reward/track_lin_vel_xy,1.9509143829345703,1780327269.214753
2409,Episode_Reward/track_lin_vel_xy,1.951263427734375,1780327425.1693082
2442,Episode_Reward/track_lin_vel_xy,1.9500011205673218,1780327582.3778396
2475,Episode_Reward/track_lin_vel_xy,1.9530596733093262,1780327739.3174818
2508,Episode_Reward/track_lin_vel_xy,1.953958511352539,1780327894.8399904
2541,Episode_Reward/track_lin_vel_xy,1.9535834789276123,1780328051.8350132
2574,Episode_Reward/track_lin_vel_xy,1.9547548294067383,1780328208.0496154
2607,Episode_Reward/track_lin_vel_xy,1.9533591270446777,1780328364.6994882
2640,Episode_Reward/track_lin_vel_xy,1.954186201095581,1780328520.1700575
2673,Episode_Reward/track_lin_vel_xy,1.9554036855697632,1780328674.7016692
2706,Episode_Reward/track_lin_vel_xy,1.9554939270019531,1780328828.8943636
2739,Episode_Reward/track_lin_vel_xy,1.9549920558929443,1780328982.839918
2772,Episode_Reward/track_lin_vel_xy,1.9574073553085327,1780329138.0944147
2805,Episode_Reward/track_lin_vel_xy,1.958295226097107,1780329278.63407
2838,Episode_Reward/track_lin_vel_xy,1.956913709640503,1780329418.9800878
2871,Episode_Reward/track_lin_vel_xy,1.9588415622711182,1780329563.443081
2904,Episode_Reward/track_lin_vel_xy,1.9594590663909912,1780329701.7929444
2937,Episode_Reward/track_lin_vel_xy,1.9594793319702148,1780329854.0579777
2970,Episode_Reward/track_lin_vel_xy,1.9589927196502686,1780330002.9554744
3003,Episode_Reward/track_lin_vel_xy,1.9593299627304077,1780330148.0161269
3036,Episode_Reward/track_lin_vel_xy,1.9591459035873413,1780330295.9253814
3069,Episode_Reward/track_lin_vel_xy,1.9575693607330322,1780330425.6394112
3102,Episode_Reward/track_lin_vel_xy,1.9600369930267334,1780330560.6801503
3135,Episode_Reward/track_lin_vel_xy,1.9598376750946045,1780330714.9295568
3168,Episode_Reward/track_lin_vel_xy,1.960716962814331,1780330865.6934257
3201,Episode_Reward/track_lin_vel_xy,1.9618844985961914,1780330998.8179739
3234,Episode_Reward/track_lin_vel_xy,1.9592466354370117,1780331142.4732027
3267,Episode_Reward/track_lin_vel_xy,1.9614012241363525,1780331291.2192547
3300,Episode_Reward/track_lin_vel_xy,1.9609711170196533,1780331432.015613
3333,Episode_Reward/track_lin_vel_xy,1.961526870727539,1780331570.8031502
3366,Episode_Reward/track_lin_vel_xy,1.9596633911132812,1780331721.7829702
3399,Episode_Reward/track_lin_vel_xy,1.959935188293457,1780331859.4800527
3432,Episode_Reward/track_lin_vel_xy,1.9604699611663818,1780331988.5789099
3465,Episode_Reward/track_lin_vel_xy,1.9602954387664795,1780332138.5978396
3498,Episode_Reward/track_lin_vel_xy,1.9609220027923584,1780332292.2206204
3531,Episode_Reward/track_lin_vel_xy,1.9593981504440308,1780332445.642459
3564,Episode_Reward/track_lin_vel_xy,1.9614923000335693,1780332598.8501225
3597,Episode_Reward/track_lin_vel_xy,1.9609060287475586,1780332750.7488284
3630,Episode_Reward/track_lin_vel_xy,1.9592266082763672,1780332903.141485
3663,Episode_Reward/track_lin_vel_xy,1.959979772567749,1780333057.7517908
3696,Episode_Reward/track_lin_vel_xy,1.9616130590438843,1780333211.9484465
3729,Episode_Reward/track_lin_vel_xy,1.9613282680511475,1780333366.2587407
3762,Episode_Reward/track_lin_vel_xy,1.960404872894287,1780333518.5905857
3795,Episode_Reward/track_lin_vel_xy,1.9613618850708008,1780333648.8276975
3828,Episode_Reward/track_lin_vel_xy,1.9591753482818604,1780333786.9081988
3861,Episode_Reward/track_lin_vel_xy,1.960328459739685,1780333933.8969939
3894,Episode_Reward/track_lin_vel_xy,1.9619100093841553,1780334088.3396134
3927,Episode_Reward/track_lin_vel_xy,1.959998607635498,1780334242.6040368
3960,Episode_Reward/track_lin_vel_xy,1.961033821105957,1780334397.3045092
3993,Episode_Reward/track_lin_vel_xy,1.9506362676620483,1780334554.6452124
4026,Episode_Reward/track_lin_vel_xy,1.961561679840088,1780334708.7637851
4059,Episode_Reward/track_lin_vel_xy,1.9594590663909912,1780334864.149185
4092,Episode_Reward/track_lin_vel_xy,1.960054636001587,1780335019.157167
4125,Episode_Reward/track_lin_vel_xy,1.960679054260254,1780335174.130142
4158,Episode_Reward/track_lin_vel_xy,1.9448473453521729,1780335329.3627334
4191,Episode_Reward/track_lin_vel_xy,1.9605796337127686,1780335482.9456303
4224,Episode_Reward/track_lin_vel_xy,1.9605214595794678,1780335637.8549612
4257,Episode_Reward/track_lin_vel_xy,1.961423397064209,1780335786.663938
4290,Episode_Reward/track_lin_vel_xy,1.961006999015808,1780335936.225422
4323,Episode_Reward/track_lin_vel_xy,1.962187647819519,1780336072.935389
4356,Episode_Reward/track_lin_vel_xy,1.9623515605926514,1780336228.1856282
4389,Episode_Reward/track_lin_vel_xy,1.9621810913085938,1780336383.4617114
4422,Episode_Reward/track_lin_vel_xy,1.961895227432251,1780336536.6226456
4455,Episode_Reward/track_lin_vel_xy,1.9587559700012207,1780336690.6719236
4488,Episode_Reward/track_lin_vel_xy,1.9616360664367676,1780336844.9474792
4521,Episode_Reward/track_lin_vel_xy,1.9611830711364746,1780336998.975599
4554,Episode_Reward/track_lin_vel_xy,1.9622409343719482,1780337153.1857433
4587,Episode_Reward/track_lin_vel_xy,1.9614146947860718,1780337308.0243595
4620,Episode_Reward/track_lin_vel_xy,1.9617637395858765,1780337463.282963
4653,Episode_Reward/track_lin_vel_xy,1.9617667198181152,1780337619.9486036
4686,Episode_Reward/track_lin_vel_xy,1.962594747543335,1780337777.020242
4719,Episode_Reward/track_lin_vel_xy,1.9623219966888428,1780337934.8425436
4752,Episode_Reward/track_lin_vel_xy,1.9612979888916016,1780338091.5433633
4785,Episode_Reward/track_lin_vel_xy,1.965126395225525,1780338248.308668
4818,Episode_Reward/track_lin_vel_xy,1.9630181789398193,1780338402.6882386
4851,Episode_Reward/track_lin_vel_xy,1.9632515907287598,1780338558.0838685
4884,Episode_Reward/track_lin_vel_xy,1.9631249904632568,1780338713.5971637
4917,Episode_Reward/track_lin_vel_xy,1.9624969959259033,1780338868.7550642
4950,Episode_Reward/track_lin_vel_xy,1.9632962942123413,1780339019.2310042
4983,Episode_Reward/track_lin_vel_xy,1.9623537063598633,1780339174.7603793
5016,Episode_Reward/track_lin_vel_xy,1.9625657796859741,1780339331.117768
5049,Episode_Reward/track_lin_vel_xy,1.9634908437728882,1780339488.1379857
5082,Episode_Reward/track_lin_vel_xy,1.9630316495895386,1780339645.7518873
5115,Episode_Reward/track_lin_vel_xy,1.9633817672729492,1780339801.3358843
5148,Episode_Reward/track_lin_vel_xy,1.9644148349761963,1780339958.174914
5181,Episode_Reward/track_lin_vel_xy,1.9633855819702148,1780340114.1957784
5214,Episode_Reward/track_lin_vel_xy,1.961893081665039,1780340269.254398
5247,Episode_Reward/track_lin_vel_xy,1.962255835533142,1780340424.305844
5280,Episode_Reward/track_lin_vel_xy,1.9629181623458862,1780340579.839294
5313,Episode_Reward/track_lin_vel_xy,1.9631389379501343,1780340736.236327
5346,Episode_Reward/track_lin_vel_xy,1.9621747732162476,1780340892.6274934
5379,Episode_Reward/track_lin_vel_xy,1.9630182981491089,1780341049.0337474
5412,Episode_Reward/track_lin_vel_xy,1.964395523071289,1780341205.3881638
5445,Episode_Reward/track_lin_vel_xy,1.9647319316864014,1780341361.5590947
5478,Episode_Reward/track_lin_vel_xy,1.9601229429244995,1780341518.6451092
5511,Episode_Reward/track_lin_vel_xy,1.9610610008239746,1780341674.3677616
5544,Episode_Reward/track_lin_vel_xy,1.9610059261322021,1780341829.8653305
5577,Episode_Reward/track_lin_vel_xy,1.9635818004608154,1780341985.8122873
5610,Episode_Reward/track_lin_vel_xy,1.961080551147461,1780342142.3579028
5643,Episode_Reward/track_lin_vel_xy,1.9617338180541992,1780342297.9756286
5676,Episode_Reward/track_lin_vel_xy,1.9611613750457764,1780342453.2835898
5709,Episode_Reward/track_lin_vel_xy,1.9621238708496094,1780342610.6555252
5742,Episode_Reward/track_lin_vel_xy,1.9629061222076416,1780342767.1999147
5775,Episode_Reward/track_lin_vel_xy,1.9628742933273315,1780342923.634364
5808,Episode_Reward/track_lin_vel_xy,1.961160659790039,1780343079.872013
5841,Episode_Reward/track_lin_vel_xy,1.9617717266082764,1780343234.745555
5874,Episode_Reward/track_lin_vel_xy,1.9621151685714722,1780343390.4022725
5907,Episode_Reward/track_lin_vel_xy,1.9618878364562988,1780343545.0307415
5940,Episode_Reward/track_lin_vel_xy,1.9613797664642334,1780343699.572472
5973,Episode_Reward/track_lin_vel_xy,1.962357521057129,1780343854.5419276
6006,Episode_Reward/track_lin_vel_xy,1.9625071287155151,1780344008.907853
6039,Episode_Reward/track_lin_vel_xy,1.962338924407959,1780344162.688934
6072,Episode_Reward/track_lin_vel_xy,1.9615952968597412,1780344318.380021
6105,Episode_Reward/track_lin_vel_xy,1.9619078636169434,1780344472.8299978
6138,Episode_Reward/track_lin_vel_xy,1.9616636037826538,1780344627.3664417
6171,Episode_Reward/track_lin_vel_xy,1.962684154510498,1780344781.287246
6204,Episode_Reward/track_lin_vel_xy,1.9616365432739258,1780344935.2194178
6237,Episode_Reward/track_lin_vel_xy,1.9627231359481812,1780345090.1969786
6270,Episode_Reward/track_lin_vel_xy,1.9623608589172363,1780345244.5438454
6303,Episode_Reward/track_lin_vel_xy,1.9627546072006226,1780345399.4348865
6336,Episode_Reward/track_lin_vel_xy,1.9624812602996826,1780345554.3048759
6369,Episode_Reward/track_lin_vel_xy,1.962440848350525,1780345709.3557808
6402,Episode_Reward/track_lin_vel_xy,1.9663336277008057,1780345862.8411555
6435,Episode_Reward/track_lin_vel_xy,1.9639863967895508,1780346016.9295146
6468,Episode_Reward/track_lin_vel_xy,1.9640592336654663,1780346170.750528
6501,Episode_Reward/track_lin_vel_xy,1.9639885425567627,1780346324.5780978
6534,Episode_Reward/track_lin_vel_xy,1.959545373916626,1780346477.6038756
6567,Episode_Reward/track_lin_vel_xy,1.963653326034546,1780346630.7568815
6600,Episode_Reward/track_lin_vel_xy,1.9646310806274414,1780346784.4182708
6633,Episode_Reward/track_lin_vel_xy,1.9648668766021729,1780346937.337201
6666,Episode_Reward/track_lin_vel_xy,1.9644683599472046,1780347090.5377
6699,Episode_Reward/track_lin_vel_xy,1.9651479721069336,1780347243.2503052
6732,Episode_Reward/track_lin_vel_xy,1.9652704000473022,1780347395.9301794
6765,Episode_Reward/track_lin_vel_xy,1.964442253112793,1780347549.6127245
6798,Episode_Reward/track_lin_vel_xy,1.964756965637207,1780347704.0241704
6831,Episode_Reward/track_lin_vel_xy,1.9642465114593506,1780347857.1078222
6864,Episode_Reward/track_lin_vel_xy,1.965322732925415,1780348009.6937718
6897,Episode_Reward/track_lin_vel_xy,1.965125560760498,1780348162.122344
6930,Episode_Reward/track_lin_vel_xy,1.9655336141586304,1780348314.040091
6963,Episode_Reward/track_lin_vel_xy,1.9646047353744507,1780348466.9177306
6996,Episode_Reward/track_lin_vel_xy,1.965155005455017,1780348619.4438114
7029,Episode_Reward/track_lin_vel_xy,1.9657237529754639,1780348771.4966428
7062,Episode_Reward/track_lin_vel_xy,1.9664018154144287,1780348923.976539
7095,Episode_Reward/track_lin_vel_xy,1.9666221141815186,1780349076.2790706
7128,Episode_Reward/track_lin_vel_xy,1.9659416675567627,1780349228.9282544
7161,Episode_Reward/track_lin_vel_xy,1.9656760692596436,1780349381.1576679
7194,Episode_Reward/track_lin_vel_xy,1.9658031463623047,1780349533.3283358
7227,Episode_Reward/track_lin_vel_xy,1.9662389755249023,1780349684.5102928
7260,Episode_Reward/track_lin_vel_xy,1.9662179946899414,1780349835.8888786
7293,Episode_Reward/track_lin_vel_xy,1.9664700031280518,1780349986.7158048
7326,Episode_Reward/track_lin_vel_xy,1.9654386043548584,1780350138.1210563
7359,Episode_Reward/track_lin_vel_xy,1.9655437469482422,1780350288.849295
7392,Episode_Reward/track_lin_vel_xy,1.9662226438522339,1780350439.718022
7425,Episode_Reward/track_lin_vel_xy,1.965455412864685,1780350591.0944636
7458,Episode_Reward/track_lin_vel_xy,1.9660277366638184,1780350741.80782
7491,Episode_Reward/track_lin_vel_xy,1.967790126800537,1780350893.5391653
7524,Episode_Reward/track_lin_vel_xy,1.9682772159576416,1780351044.9935164
7557,Episode_Reward/track_lin_vel_xy,1.9660857915878296,1780351196.339144
7590,Episode_Reward/track_lin_vel_xy,1.9655864238739014,1780351347.739852
7623,Episode_Reward/track_lin_vel_xy,1.9667342901229858,1780351498.8987525
7656,Episode_Reward/track_lin_vel_xy,1.9666221141815186,1780351650.504582
7689,Episode_Reward/track_lin_vel_xy,1.9659371376037598,1780351802.1318605
7722,Episode_Reward/track_lin_vel_xy,1.9661235809326172,1780351953.6878016
7755,Episode_Reward/track_lin_vel_xy,1.966229796409607,1780352105.1743507
7788,Episode_Reward/track_lin_vel_xy,1.966343641281128,1780352257.0403097
7821,Episode_Reward/track_lin_vel_xy,1.9660848379135132,1780352408.1031165
7854,Episode_Reward/track_lin_vel_xy,1.965344786643982,1780352559.7896583
7887,Episode_Reward/track_lin_vel_xy,1.9653759002685547,1780352711.0854342
7920,Episode_Reward/track_lin_vel_xy,1.9646210670471191,1780352861.8435106
7953,Episode_Reward/track_lin_vel_xy,1.9645016193389893,1780353012.9715972
7986,Episode_Reward/track_lin_vel_xy,1.9656175374984741,1780353164.6445882
8019,Episode_Reward/track_lin_vel_xy,1.9642753601074219,1780353314.985687
8052,Episode_Reward/track_lin_vel_xy,1.9639019966125488,1780353466.0405736
8085,Episode_Reward/track_lin_vel_xy,1.965294599533081,1780353617.746838
8118,Episode_Reward/track_lin_vel_xy,1.9632444381713867,1780353769.0778027
8151,Episode_Reward/track_lin_vel_xy,1.9625896215438843,1780353919.7270222
8184,Episode_Reward/track_lin_vel_xy,1.9637372493743896,1780354072.2463064
8217,Episode_Reward/track_lin_vel_xy,1.9640541076660156,1780354224.2408335
8250,Episode_Reward/track_lin_vel_xy,1.9643971920013428,1780354375.419492
8283,Episode_Reward/track_lin_vel_xy,1.9638751745224,1780354527.5318863
8316,Episode_Reward/track_lin_vel_xy,1.958385944366455,1780354679.305951
8349,Episode_Reward/track_lin_vel_xy,1.96455979347229,1780354813.4242475
8382,Episode_Reward/track_lin_vel_xy,1.9642856121063232,1780354964.6631858
8415,Episode_Reward/track_lin_vel_xy,1.9650704860687256,1780355116.3295455
8448,Episode_Reward/track_lin_vel_xy,1.9655687808990479,1780355268.0392938
8481,Episode_Reward/track_lin_vel_xy,1.9642419815063477,1780355419.9490242
8514,Episode_Reward/track_lin_vel_xy,1.9651477336883545,1780355571.8213184
8547,Episode_Reward/track_lin_vel_xy,1.964269995689392,1780355723.7646196
8580,Episode_Reward/track_lin_vel_xy,1.9652678966522217,1780355875.9580712
8613,Episode_Reward/track_lin_vel_xy,1.963462233543396,1780356027.5803673
8646,Episode_Reward/track_lin_vel_xy,1.963576316833496,1780356179.106272
8679,Episode_Reward/track_lin_vel_xy,1.964137077331543,1780356330.438596
8712,Episode_Reward/track_lin_vel_xy,1.9643696546554565,1780356481.6134498
8745,Episode_Reward/track_lin_vel_xy,1.9634761810302734,1780356633.8957777
8778,Episode_Reward/track_lin_vel_xy,1.9636677503585815,1780356786.0262053
8811,Episode_Reward/track_lin_vel_xy,1.9628398418426514,1780356938.2772
8844,Episode_Reward/track_lin_vel_xy,1.9627832174301147,1780357090.699718
8877,Episode_Reward/track_lin_vel_xy,1.9639382362365723,1780357242.3326426
8910,Episode_Reward/track_lin_vel_xy,1.9630661010742188,1780357396.0285995
8943,Episode_Reward/track_lin_vel_xy,1.9612860679626465,1780357549.6364148
8976,Episode_Reward/track_lin_vel_xy,1.9624933004379272,1780357702.7016096
9009,Episode_Reward/track_lin_vel_xy,1.9621570110321045,1780357855.8887422
9042,Episode_Reward/track_lin_vel_xy,1.9628137350082397,1780358008.8413236
9075,Episode_Reward/track_lin_vel_xy,1.9625613689422607,1780358161.8764515
9108,Episode_Reward/track_lin_vel_xy,1.9628194570541382,1780358315.3557005
9141,Episode_Reward/track_lin_vel_xy,1.9634383916854858,1780358471.2503448
9174,Episode_Reward/track_lin_vel_xy,1.96342134475708,1780358625.4882927
9207,Episode_Reward/track_lin_vel_xy,1.9626801013946533,1780358778.9109125
9240,Episode_Reward/track_lin_vel_xy,1.9618785381317139,1780358933.7887595
9273,Episode_Reward/track_lin_vel_xy,1.9622615575790405,1780359087.2077444
9306,Episode_Reward/track_lin_vel_xy,1.962289571762085,1780359240.064426
9339,Episode_Reward/track_lin_vel_xy,1.961066722869873,1780359391.9608445
9372,Episode_Reward/track_lin_vel_xy,1.9615371227264404,1780359543.1576073
9405,Episode_Reward/track_lin_vel_xy,1.960655927658081,1780359696.0302157
9438,Episode_Reward/track_lin_vel_xy,1.9626734256744385,1780359848.4650433
9471,Episode_Reward/track_lin_vel_xy,1.9624574184417725,1780360000.280046
9504,Episode_Reward/track_lin_vel_xy,1.9621009826660156,1780360151.470073
9537,Episode_Reward/track_lin_vel_xy,1.9628005027770996,1780360302.137814
9570,Episode_Reward/track_lin_vel_xy,1.962354063987732,1780360454.1372015
9603,Episode_Reward/track_lin_vel_xy,1.9636529684066772,1780360607.2845478
9636,Episode_Reward/track_lin_vel_xy,1.9628348350524902,1780360759.8305864
9669,Episode_Reward/track_lin_vel_xy,1.962073802947998,1780360912.1364307
9702,Episode_Reward/track_lin_vel_xy,1.9618618488311768,1780361064.1395361
9735,Episode_Reward/track_lin_vel_xy,1.9611835479736328,1780361215.7251906
9768,Episode_Reward/track_lin_vel_xy,1.9610614776611328,1780361366.864079
9801,Episode_Reward/track_lin_vel_xy,1.9611934423446655,1780361518.3705826
9834,Episode_Reward/track_lin_vel_xy,1.9623134136199951,1780361670.978762
9867,Episode_Reward/track_lin_vel_xy,1.9630742073059082,1780361823.906813
9900,Episode_Reward/track_lin_vel_xy,1.9627131223678589,1780361977.0207407
9933,Episode_Reward/track_lin_vel_xy,1.9629472494125366,1780362130.017591
9966,Episode_Reward/track_lin_vel_xy,1.9619539976119995,1780362281.6693318
9999,Episode_Reward/track_lin_vel_xy,1.9618791341781616,1780362434.315397
10032,Episode_Reward/track_lin_vel_xy,1.962555170059204,1780362587.9011092
10065,Episode_Reward/track_lin_vel_xy,1.963815689086914,1780362741.2338827
10098,Episode_Reward/track_lin_vel_xy,1.9637534618377686,1780362894.0341158
10131,Episode_Reward/track_lin_vel_xy,1.9634259939193726,1780363045.6790257
10164,Episode_Reward/track_lin_vel_xy,1.9631240367889404,1780363197.4412992
10197,Episode_Reward/track_lin_vel_xy,1.9612873792648315,1780363348.7086298
10230,Episode_Reward/track_lin_vel_xy,1.9644830226898193,1780363499.8044403
10263,Episode_Reward/track_lin_vel_xy,1.9634158611297607,1780363651.3133733
10296,Episode_Reward/track_lin_vel_xy,1.9635918140411377,1780363803.1143653
10329,Episode_Reward/track_lin_vel_xy,1.964188575744629,1780363955.1443875
10362,Episode_Reward/track_lin_vel_xy,1.964167594909668,1780364107.2277966
10395,Episode_Reward/track_lin_vel_xy,1.9646375179290771,1780364259.657519
10428,Episode_Reward/track_lin_vel_xy,1.9639060497283936,1780364411.140181
10461,Episode_Reward/track_lin_vel_xy,1.962996244430542,1780364562.3621168
10494,Episode_Reward/track_lin_vel_xy,1.9582576751708984,1780364713.337088
10527,Episode_Reward/track_lin_vel_xy,1.9631364345550537,1780364864.1481373
10560,Episode_Reward/track_lin_vel_xy,1.9641234874725342,1780365015.0691893
10593,Episode_Reward/track_lin_vel_xy,1.9631184339523315,1780365166.182831
10626,Episode_Reward/track_lin_vel_xy,1.9623197317123413,1780365316.9003644
10659,Episode_Reward/track_lin_vel_xy,1.9619853496551514,1780365468.2707753
10692,Episode_Reward/track_lin_vel_xy,1.9623048305511475,1780365619.2878683
10725,Episode_Reward/track_lin_vel_xy,1.9625921249389648,1780365770.5161908
10758,Episode_Reward/track_lin_vel_xy,1.9625117778778076,1780365921.311687
10791,Episode_Reward/track_lin_vel_xy,1.962896704673767,1780366071.6527388
10824,Episode_Reward/track_lin_vel_xy,1.9638108015060425,1780366222.2170367
10857,Episode_Reward/track_lin_vel_xy,1.9623912572860718,1780366373.2979314
10890,Episode_Reward/track_lin_vel_xy,1.9639649391174316,1780366524.2170575
10923,Episode_Reward/track_lin_vel_xy,1.9638593196868896,1780366675.3700128
10956,Episode_Reward/track_lin_vel_xy,1.9644575119018555,1780366826.3540647
10989,Episode_Reward/track_lin_vel_xy,1.9649744033813477,1780366977.570681
11022,Episode_Reward/track_lin_vel_xy,1.963749885559082,1780367129.4261005
11055,Episode_Reward/track_lin_vel_xy,1.9638926982879639,1780367280.7325196
11088,Episode_Reward/track_lin_vel_xy,1.9635710716247559,1780367432.538893
11121,Episode_Reward/track_lin_vel_xy,1.9640659093856812,1780367583.782816
11154,Episode_Reward/track_lin_vel_xy,1.9650201797485352,1780367735.029485
11187,Episode_Reward/track_lin_vel_xy,1.965442419052124,1780367886.0425704
11220,Episode_Reward/track_lin_vel_xy,1.9646657705307007,1780368037.3736572
11253,Episode_Reward/track_lin_vel_xy,1.96402108669281,1780368188.4598198
11286,Episode_Reward/track_lin_vel_xy,1.9637064933776855,1780368339.5100877
11319,Episode_Reward/track_lin_vel_xy,1.9649842977523804,1780368491.1180463
11352,Episode_Reward/track_lin_vel_xy,1.9629735946655273,1780368642.9430115
11385,Episode_Reward/track_lin_vel_xy,1.9636839628219604,1780368794.012059
11418,Episode_Reward/track_lin_vel_xy,1.962967872619629,1780368944.8305202
11451,Episode_Reward/track_lin_vel_xy,1.9643152952194214,1780369095.9067779
11484,Episode_Reward/track_lin_vel_xy,1.9652595520019531,1780369247.088588
11517,Episode_Reward/track_lin_vel_xy,1.963942050933838,1780369397.8344283
11550,Episode_Reward/track_lin_vel_xy,1.9643516540527344,1780369548.8352795
11583,Episode_Reward/track_lin_vel_xy,1.9642877578735352,1780369699.2650893
11616,Episode_Reward/track_lin_vel_xy,1.9637160301208496,1780369850.636832
11649,Episode_Reward/track_lin_vel_xy,1.9640913009643555,1780370001.5820205
11682,Episode_Reward/track_lin_vel_xy,1.9645261764526367,1780370152.4423685
11715,Episode_Reward/track_lin_vel_xy,1.963294267654419,1780370303.5799854
11748,Episode_Reward/track_lin_vel_xy,1.963855504989624,1780370455.1597464
11781,Episode_Reward/track_lin_vel_xy,1.9628866910934448,1780370606.739202
11814,Episode_Reward/track_lin_vel_xy,1.9648089408874512,1780370758.2258961
11847,Episode_Reward/track_lin_vel_xy,1.964444875717163,1780370909.17142
11880,Episode_Reward/track_lin_vel_xy,1.9640997648239136,1780371060.8881125
11913,Episode_Reward/track_lin_vel_xy,1.963552474975586,1780371211.5428421
11946,Episode_Reward/track_lin_vel_xy,1.9648011922836304,1780371363.1136775
11979,Episode_Reward/track_lin_vel_xy,1.9654700756072998,1780371513.2296436
12012,Episode_Reward/track_lin_vel_xy,1.9643234014511108,1780371663.7656577
12045,Episode_Reward/track_lin_vel_xy,1.9633798599243164,1780371815.074593
12078,Episode_Reward/track_lin_vel_xy,1.9651292562484741,1780371965.8785348
12111,Episode_Reward/track_lin_vel_xy,1.9620676040649414,1780372111.3710194
12144,Episode_Reward/track_lin_vel_xy,1.9637640714645386,1780372260.2282631
12177,Episode_Reward/track_lin_vel_xy,1.963998794555664,1780372412.132888
12210,Episode_Reward/track_lin_vel_xy,1.9632952213287354,1780372563.119558
12243,Episode_Reward/track_lin_vel_xy,1.9633827209472656,1780372714.4354863
12276,Episode_Reward/track_lin_vel_xy,1.9619426727294922,1780372865.8414521
12309,Episode_Reward/track_lin_vel_xy,1.9636777639389038,1780373016.6016548
12342,Episode_Reward/track_lin_vel_xy,1.9642446041107178,1780373167.1741428
12375,Episode_Reward/track_lin_vel_xy,1.9636634588241577,1780373318.3720434
12408,Episode_Reward/track_lin_vel_xy,1.9645681381225586,1780373469.5349252
12441,Episode_Reward/track_lin_vel_xy,1.9656989574432373,1780373621.748809
12474,Episode_Reward/track_lin_vel_xy,1.9645254611968994,1780373773.1028647
12507,Episode_Reward/track_lin_vel_xy,1.9637451171875,1780373924.362395
12540,Episode_Reward/track_lin_vel_xy,1.9641265869140625,1780374075.3382087
12573,Episode_Reward/track_lin_vel_xy,1.9601807594299316,1780374226.3269377
12606,Episode_Reward/track_lin_vel_xy,1.963491439819336,1780374377.8682156
12639,Episode_Reward/track_lin_vel_xy,1.964634895324707,1780374528.690979
12672,Episode_Reward/track_lin_vel_xy,1.964117407798767,1780374679.48139
12705,Episode_Reward/track_lin_vel_xy,1.964690089225769,1780374830.6808617
12738,Episode_Reward/track_lin_vel_xy,1.9668481349945068,1780374981.5164752
12771,Episode_Reward/track_lin_vel_xy,1.9649591445922852,1780375132.1062143
12804,Episode_Reward/track_lin_vel_xy,1.9639956951141357,1780375283.4199774
12837,Episode_Reward/track_lin_vel_xy,1.964748740196228,1780375433.5345204
12870,Episode_Reward/track_lin_vel_xy,1.9626367092132568,1780375584.54778
12903,Episode_Reward/track_lin_vel_xy,1.9620418548583984,1780375735.6692874
12936,Episode_Reward/track_lin_vel_xy,1.963517189025879,1780375886.5568972
12969,Episode_Reward/track_lin_vel_xy,1.9632773399353027,1780376037.919162
13002,Episode_Reward/track_lin_vel_xy,1.9637130498886108,1780376189.9644403
13035,Episode_Reward/track_lin_vel_xy,1.9638378620147705,1780376341.8742867
13068,Episode_Reward/track_lin_vel_xy,1.9646071195602417,1780376493.230685
13101,Episode_Reward/track_lin_vel_xy,1.9639718532562256,1780376645.291965
13134,Episode_Reward/track_lin_vel_xy,1.9640283584594727,1780376797.9637752
13167,Episode_Reward/track_lin_vel_xy,1.9642441272735596,1780376951.2646554
13200,Episode_Reward/track_lin_vel_xy,1.965553641319275,1780377107.8971586
13233,Episode_Reward/track_lin_vel_xy,1.9636032581329346,1780377264.7132678
13266,Episode_Reward/track_lin_vel_xy,1.9638032913208008,1780377418.6692173
13299,Episode_Reward/track_lin_vel_xy,1.9643206596374512,1780377571.602325
13332,Episode_Reward/track_lin_vel_xy,1.9641865491867065,1780377725.078495
13365,Episode_Reward/track_lin_vel_xy,1.9625954627990723,1780377878.438165
13398,Episode_Reward/track_lin_vel_xy,1.9629768133163452,1780378035.4179046
13431,Episode_Reward/track_lin_vel_xy,1.9626210927963257,1780378190.4831285
13464,Episode_Reward/track_lin_vel_xy,1.9641340970993042,1780378343.9244828
13497,Episode_Reward/track_lin_vel_xy,1.9642062187194824,1780378498.229002
13530,Episode_Reward/track_lin_vel_xy,1.9636038541793823,1780378652.3542957
13563,Episode_Reward/track_lin_vel_xy,1.965102195739746,1780378807.8862686
13596,Episode_Reward/track_lin_vel_xy,1.9652643203735352,1780378965.304037
13629,Episode_Reward/track_lin_vel_xy,1.965118408203125,1780379120.6841257
13662,Episode_Reward/track_lin_vel_xy,1.9652624130249023,1780379275.5052252
13695,Episode_Reward/track_lin_vel_xy,1.9652040004730225,1780379430.0401452
13728,Episode_Reward/track_lin_vel_xy,1.961277723312378,1780379584.5362737
13761,Episode_Reward/track_lin_vel_xy,1.966172456741333,1780379738.656915
13794,Episode_Reward/track_lin_vel_xy,1.965976595878601,1780379892.4312067
13827,Episode_Reward/track_lin_vel_xy,1.9667267799377441,1780380046.3293598
13860,Episode_Reward/track_lin_vel_xy,1.9658417701721191,1780380200.6191168
13893,Episode_Reward/track_lin_vel_xy,1.965883493423462,1780380356.8840275
13926,Episode_Reward/track_lin_vel_xy,1.9659059047698975,1780380511.3408623
13959,Episode_Reward/track_lin_vel_xy,1.9665985107421875,1780380665.0968409
13992,Episode_Reward/track_lin_vel_xy,1.9672365188598633,1780380820.2981522
14025,Episode_Reward/track_lin_vel_xy,1.9672980308532715,1780380975.3728783
14058,Episode_Reward/track_lin_vel_xy,1.9647129774093628,1780381130.1299872
14091,Episode_Reward/track_lin_vel_xy,1.9670145511627197,1780381284.2736118
14124,Episode_Reward/track_lin_vel_xy,1.9664766788482666,1780381438.798652
14157,Episode_Reward/track_lin_vel_xy,1.9656014442443848,1780381593.0488265
14190,Episode_Reward/track_lin_vel_xy,1.9677108526229858,1780381747.7000318
14223,Episode_Reward/track_lin_vel_xy,1.9676094055175781,1780381901.519441
14256,Episode_Reward/track_lin_vel_xy,1.9668867588043213,1780382055.8531566
14289,Episode_Reward/track_lin_vel_xy,1.966904640197754,1780382211.413868
14322,Episode_Reward/track_lin_vel_xy,1.9669504165649414,1780382369.0064151
14355,Episode_Reward/track_lin_vel_xy,1.9674746990203857,1780382534.8592472
14388,Episode_Reward/track_lin_vel_xy,1.9667762517929077,1780382692.2261255
14421,Episode_Reward/track_lin_vel_xy,1.9683399200439453,1780382849.4466426
14454,Episode_Reward/track_lin_vel_xy,1.967478632926941,1780383006.8066034
14487,Episode_Reward/track_lin_vel_xy,1.9660413265228271,1780383157.4172857
14520,Episode_Reward/track_lin_vel_xy,1.9690849781036377,1780383315.4288049
14553,Episode_Reward/track_lin_vel_xy,1.9683561325073242,1780383472.2323036
14586,Episode_Reward/track_lin_vel_xy,1.9687589406967163,1780383630.3801916
14619,Episode_Reward/track_lin_vel_xy,1.9686092138290405,1780383779.5014374
14652,Episode_Reward/track_lin_vel_xy,1.9683291912078857,1780383937.5023618
14685,Episode_Reward/track_lin_vel_xy,1.968275547027588,1780384091.8666015
14718,Episode_Reward/track_lin_vel_xy,1.9661250114440918,1780384239.1644142
14751,Episode_Reward/track_lin_vel_xy,1.967901587486267,1780384390.27308
14784,Episode_Reward/track_lin_vel_xy,1.9680469036102295,1780384543.955428
14817,Episode_Reward/track_lin_vel_xy,1.9699939489364624,1780384698.4675903
14850,Episode_Reward/track_lin_vel_xy,1.9678266048431396,1780384854.9760954
14883,Episode_Reward/track_lin_vel_xy,1.9640512466430664,1780385006.6593766
14916,Episode_Reward/track_lin_vel_xy,1.9681600332260132,1780385164.0335972
14949,Episode_Reward/track_lin_vel_xy,1.9679932594299316,1780385321.307105
14982,Episode_Reward/track_lin_vel_xy,1.9503185749053955,1780385478.0899322
15015,Episode_Reward/track_lin_vel_xy,1.9686025381088257,1780385636.1751864
15048,Episode_Reward/track_lin_vel_xy,1.9647457599639893,1780385793.0014207
15081,Episode_Reward/track_lin_vel_xy,1.9679877758026123,1780385947.2258153
15114,Episode_Reward/track_lin_vel_xy,1.9670131206512451,1780386101.149494
15147,Episode_Reward/track_lin_vel_xy,1.9677760601043701,1780386254.1586726
15180,Episode_Reward/track_lin_vel_xy,1.9685885906219482,1780386410.142705
15213,Episode_Reward/track_lin_vel_xy,1.9676984548568726,1780386564.5591743
15246,Episode_Reward/track_lin_vel_xy,1.9684104919433594,1780386713.7439394
15279,Episode_Reward/track_lin_vel_xy,1.965956687927246,1780386867.4941266
15312,Episode_Reward/track_lin_vel_xy,1.9678173065185547,1780387024.845066
15345,Episode_Reward/track_lin_vel_xy,1.9675357341766357,1780387174.296893
15378,Episode_Reward/track_lin_vel_xy,1.9676942825317383,1780387328.343253
15411,Episode_Reward/track_lin_vel_xy,1.968645453453064,1780387481.1787536
15444,Episode_Reward/track_lin_vel_xy,1.9675105810165405,1780387634.8562737
15477,Episode_Reward/track_lin_vel_xy,1.963976263999939,1780387787.6781216
15510,Episode_Reward/track_lin_vel_xy,1.966829538345337,1780387941.715704
15543,Episode_Reward/track_lin_vel_xy,1.9671106338500977,1780388096.0216258
15576,Episode_Reward/track_lin_vel_xy,1.9680074453353882,1780388246.99286
15609,Episode_Reward/track_lin_vel_xy,1.9678959846496582,1780388401.638053
15642,Episode_Reward/track_lin_vel_xy,1.9670112133026123,1780388556.0811083
15675,Episode_Reward/track_lin_vel_xy,1.9675137996673584,1780388710.3323052
15708,Episode_Reward/track_lin_vel_xy,1.9654018878936768,1780388863.9197307
15741,Episode_Reward/track_lin_vel_xy,1.9666905403137207,1780389018.9443688
15774,Episode_Reward/track_lin_vel_xy,1.9671577215194702,1780389174.0881715
15807,Episode_Reward/track_lin_vel_xy,1.968062400817871,1780389329.1441007
15840,Episode_Reward/track_lin_vel_xy,1.9657806158065796,1780389481.8829653
15873,Episode_Reward/track_lin_vel_xy,1.9687471389770508,1780389637.0747874
15906,Episode_Reward/track_lin_vel_xy,1.969377040863037,1780389792.7614098
15939,Episode_Reward/track_lin_vel_xy,1.9591563940048218,1780389948.461297
15972,Episode_Reward/track_lin_vel_xy,1.9691038131713867,1780390104.1366866
16005,Episode_Reward/track_lin_vel_xy,1.9686615467071533,1780390257.1760142
16038,Episode_Reward/track_lin_vel_xy,1.9683058261871338,1780390409.5873797
16071,Episode_Reward/track_lin_vel_xy,1.9695136547088623,1780390563.5387535
16104,Episode_Reward/track_lin_vel_xy,1.9604971408843994,1780390717.6267354
16137,Episode_Reward/track_lin_vel_xy,1.9693979024887085,1780390872.3260956
16170,Episode_Reward/track_lin_vel_xy,1.9693362712860107,1780391020.8277829
16203,Episode_Reward/track_lin_vel_xy,1.9688270092010498,1780391174.8705866
16236,Episode_Reward/track_lin_vel_xy,1.9698371887207031,1780391328.8013914
16269,Episode_Reward/track_lin_vel_xy,1.970405101776123,1780391482.6407003
16302,Episode_Reward/track_lin_vel_xy,1.9690120220184326,1780391635.8475466
16335,Episode_Reward/track_lin_vel_xy,1.9694085121154785,1780391789.5052
16368,Episode_Reward/track_lin_vel_xy,1.9701595306396484,1780391943.6145837
16401,Episode_Reward/track_lin_vel_xy,1.9541609287261963,1780392097.649372
16434,Episode_Reward/track_lin_vel_xy,1.9701135158538818,1780392251.4357471
16467,Episode_Reward/track_lin_vel_xy,1.9706367254257202,1780392405.052314
16500,Episode_Reward/track_lin_vel_xy,1.9702637195587158,1780392558.9952612
16533,Episode_Reward/track_lin_vel_xy,1.9704692363739014,1780392712.1291246
16566,Episode_Reward/track_lin_vel_xy,1.9698679447174072,1780392865.717987
16599,Episode_Reward/track_lin_vel_xy,1.9707263708114624,1780393019.5252483
16632,Episode_Reward/track_lin_vel_xy,1.971372365951538,1780393173.3772721
16665,Episode_Reward/track_lin_vel_xy,1.9712555408477783,1780393328.033244
16698,Episode_Reward/track_lin_vel_xy,1.9713839292526245,1780393482.8498158
16731,Episode_Reward/track_lin_vel_xy,1.9701907634735107,1780393637.229796
16764,Episode_Reward/track_lin_vel_xy,1.9713152647018433,1780393791.1239815
16797,Episode_Reward/track_lin_vel_xy,1.9677259922027588,1780393946.0840852
16830,Episode_Reward/track_lin_vel_xy,1.970497965812683,1780394100.6894739
16863,Episode_Reward/track_lin_vel_xy,1.971531867980957,1780394255.5932035
16896,Episode_Reward/track_lin_vel_xy,1.9711918830871582,1780394410.5991554
16929,Episode_Reward/track_lin_vel_xy,1.9709365367889404,1780394565.4299276
16962,Episode_Reward/track_lin_vel_xy,1.9710248708724976,1780394719.2411191
16995,Episode_Reward/track_lin_vel_xy,1.9709973335266113,1780394874.185306
17028,Episode_Reward/track_lin_vel_xy,1.9713544845581055,1780395030.2084682
17061,Episode_Reward/track_lin_vel_xy,1.9704723358154297,1780395185.2329705
17094,Episode_Reward/track_lin_vel_xy,1.9716911315917969,1780395340.3167074
17127,Episode_Reward/track_lin_vel_xy,1.9720990657806396,1780395495.1415267
17160,Episode_Reward/track_lin_vel_xy,1.9730304479599,1780395650.9505677
17193,Episode_Reward/track_lin_vel_xy,1.9723809957504272,1780395808.5327954
17226,Episode_Reward/track_lin_vel_xy,1.9720714092254639,1780395965.9213474
17259,Episode_Reward/track_lin_vel_xy,1.9702911376953125,1780396122.4053788
17292,Episode_Reward/track_lin_vel_xy,1.9726585149765015,1780396278.7396972
17325,Episode_Reward/track_lin_vel_xy,1.9711461067199707,1780396435.8243053
17358,Episode_Reward/track_lin_vel_xy,1.9722604751586914,1780396591.971897
17391,Episode_Reward/track_lin_vel_xy,1.9721956253051758,1780396749.0584164
17424,Episode_Reward/track_lin_vel_xy,1.9724915027618408,1780396909.4997187
17457,Episode_Reward/track_lin_vel_xy,1.971958875656128,1780397064.8136384
17490,Episode_Reward/track_lin_vel_xy,1.9726769924163818,1780397220.5560763
17523,Episode_Reward/track_lin_vel_xy,1.9720275402069092,1780397375.644522
17556,Episode_Reward/track_lin_vel_xy,1.9723825454711914,1780397530.5401516
17589,Episode_Reward/track_lin_vel_xy,1.9732155799865723,1780397684.6097558
17622,Episode_Reward/track_lin_vel_xy,1.9732983112335205,1780397840.1288993
17655,Episode_Reward/track_lin_vel_xy,1.9732755422592163,1780397994.9172015
17688,Episode_Reward/track_lin_vel_xy,1.9729595184326172,1780398150.3275244
17721,Episode_Reward/track_lin_vel_xy,1.9730390310287476,1780398305.8922598
17754,Episode_Reward/track_lin_vel_xy,1.9727147817611694,1780398461.204609
17787,Episode_Reward/track_lin_vel_xy,1.9740790128707886,1780398617.7164917
17820,Episode_Reward/track_lin_vel_xy,1.9729254245758057,1780398773.5596263
17853,Episode_Reward/track_lin_vel_xy,1.9734084606170654,1780398927.490029
17886,Episode_Reward/track_lin_vel_xy,1.9735524654388428,1780399082.8612702
17919,Episode_Reward/track_lin_vel_xy,1.9737005233764648,1780399237.7929256
17952,Episode_Reward/track_lin_vel_xy,1.9735338687896729,1780399394.059333
17985,Episode_Reward/track_lin_vel_xy,1.9731669425964355,1780399550.813449
18018,Episode_Reward/track_lin_vel_xy,1.9717845916748047,1780399707.1606894
18051,Episode_Reward/track_lin_vel_xy,1.970580816268921,1780399862.6988528
18084,Episode_Reward/track_lin_vel_xy,1.9729182720184326,1780400020.0634706
18117,Episode_Reward/track_lin_vel_xy,1.9733461141586304,1780400175.8611717
18150,Episode_Reward/track_lin_vel_xy,1.9723625183105469,1780400331.3484752
18183,Episode_Reward/track_lin_vel_xy,1.9723732471466064,1780400488.0494068
18216,Episode_Reward/track_lin_vel_xy,1.972558856010437,1780400643.840155
18249,Episode_Reward/track_lin_vel_xy,1.972989559173584,1780400800.3466246
18282,Episode_Reward/track_lin_vel_xy,1.971864104270935,1780400955.8774338
18315,Episode_Reward/track_lin_vel_xy,1.974008560180664,1780401111.1672468
18348,Episode_Reward/track_lin_vel_xy,1.9741542339324951,1780401267.0760374
18381,Episode_Reward/track_lin_vel_xy,1.9738173484802246,1780401422.0391028
18414,Episode_Reward/track_lin_vel_xy,1.9709519147872925,1780401575.694144
18447,Episode_Reward/track_lin_vel_xy,1.972543478012085,1780401730.7407079
18480,Episode_Reward/track_lin_vel_xy,1.9746026992797852,1780401885.1137578
18513,Episode_Reward/track_lin_vel_xy,1.9740784168243408,1780402039.5766292
18546,Episode_Reward/track_lin_vel_xy,1.9743280410766602,1780402194.8597515
18579,Episode_Reward/track_lin_vel_xy,1.974705457687378,1780402346.7971358
18612,Episode_Reward/track_lin_vel_xy,1.9750726222991943,1780402478.7488189
18645,Episode_Reward/track_lin_vel_xy,1.9752111434936523,1780402632.7963998
18678,Episode_Reward/track_lin_vel_xy,1.9747031927108765,1780402788.9430933
18711,Episode_Reward/track_lin_vel_xy,1.9746335744857788,1780402943.2665687
18744,Episode_Reward/track_lin_vel_xy,1.9751520156860352,1780403098.1136892
18777,Episode_Reward/track_lin_vel_xy,1.9752984046936035,1780403253.332636
18810,Episode_Reward/track_lin_vel_xy,1.97516667842865,1780403406.3616881
18843,Episode_Reward/track_lin_vel_xy,1.9751312732696533,1780403559.708242
18876,Episode_Reward/track_lin_vel_xy,1.9751174449920654,1780403709.3763852
18909,Episode_Reward/track_lin_vel_xy,1.9752819538116455,1780403864.1955514
18942,Episode_Reward/track_lin_vel_xy,1.9702365398406982,1780404013.065298
18975,Episode_Reward/track_lin_vel_xy,1.9760568141937256,1780404161.7207012
19008,Episode_Reward/track_lin_vel_xy,1.9756383895874023,1780404315.827743
19041,Episode_Reward/track_lin_vel_xy,1.9756358861923218,1780404470.5332153
19074,Episode_Reward/track_lin_vel_xy,1.9754502773284912,1780404625.0142324
19107,Episode_Reward/track_lin_vel_xy,1.974989891052246,1780404778.8219314
19140,Episode_Reward/track_lin_vel_xy,1.975517988204956,1780404932.5799067
19173,Episode_Reward/track_lin_vel_xy,1.9758729934692383,1780405085.5572455
19206,Episode_Reward/track_lin_vel_xy,1.975890874862671,1780405239.5586376
19239,Episode_Reward/track_lin_vel_xy,1.9753336906433105,1780405393.448902
19272,Episode_Reward/track_lin_vel_xy,1.976161003112793,1780405547.6530333
19305,Episode_Reward/track_lin_vel_xy,1.974111557006836,1780405701.1013033
19338,Episode_Reward/track_lin_vel_xy,1.9766238927841187,1780405854.916472
19371,Episode_Reward/track_lin_vel_xy,1.9762365818023682,1780406009.4379125
19404,Episode_Reward/track_lin_vel_xy,1.9765574932098389,1780406163.8270311
19437,Episode_Reward/track_lin_vel_xy,1.9754985570907593,1780406317.4662185
19470,Episode_Reward/track_lin_vel_xy,1.9746899604797363,1780406470.9506505
19503,Episode_Reward/track_lin_vel_xy,1.9734246730804443,1780406624.1593566
19536,Episode_Reward/track_lin_vel_xy,1.9733384847640991,1780406778.1361258
19569,Episode_Reward/track_lin_vel_xy,1.9641879796981812,1780406931.8506377
19602,Episode_Reward/track_lin_vel_xy,1.9754540920257568,1780407084.683037
19635,Episode_Reward/track_lin_vel_xy,1.9759764671325684,1780407239.1636226
19668,Episode_Reward/track_lin_vel_xy,1.9757952690124512,1780407392.9090626
19701,Episode_Reward/track_lin_vel_xy,1.9759273529052734,1780407546.4436986
19734,Episode_Reward/track_lin_vel_xy,1.9754059314727783,1780407699.7986374
19767,Episode_Reward/track_lin_vel_xy,1.9762296676635742,1780407853.276926
19800,Episode_Reward/track_lin_vel_xy,1.9755899906158447,1780408006.660618
19833,Episode_Reward/track_lin_vel_xy,1.9756877422332764,1780408159.8764086
19866,Episode_Reward/track_lin_vel_xy,1.9748615026474,1780408313.8261812
19899,Episode_Reward/track_lin_vel_xy,1.9760100841522217,1780408468.5158572
19932,Episode_Reward/track_lin_vel_xy,1.97650146484375,1780408622.5467207
19965,Episode_Reward/track_lin_vel_xy,1.9763902425765991,1780408775.5663743
19998,Episode_Reward/track_lin_vel_xy,1.9761865139007568,1780408928.502739
20031,Episode_Reward/track_lin_vel_xy,1.9763959646224976,1780409082.220386
20064,Episode_Reward/track_lin_vel_xy,1.9763636589050293,1780409236.060235
20097,Episode_Reward/track_lin_vel_xy,1.977164626121521,1780409390.5830007
20130,Episode_Reward/track_lin_vel_xy,1.9770927429199219,1780409544.3024113
20163,Episode_Reward/track_lin_vel_xy,1.977252721786499,1780409698.7628555
20196,Episode_Reward/track_lin_vel_xy,1.9774212837219238,1780409852.7222936
20229,Episode_Reward/track_lin_vel_xy,1.9767580032348633,1780410006.321619
20262,Episode_Reward/track_lin_vel_xy,1.975015640258789,1780410160.8763094
20295,Episode_Reward/track_lin_vel_xy,1.9771556854248047,1780410314.21338
20328,Episode_Reward/track_lin_vel_xy,1.9780162572860718,1780410467.8153694
20361,Episode_Reward/track_lin_vel_xy,1.9771289825439453,1780410621.05189
20394,Episode_Reward/track_lin_vel_xy,1.9780391454696655,1780410774.0050695
20427,Episode_Reward/track_lin_vel_xy,1.977783203125,1780410926.954594
20460,Episode_Reward/track_lin_vel_xy,1.9779361486434937,1780411080.0460072
20493,Episode_Reward/track_lin_vel_xy,1.9788306951522827,1780411232.623065
20526,Episode_Reward/track_lin_vel_xy,1.9784377813339233,1780411387.5767736
20559,Episode_Reward/track_lin_vel_xy,1.978231430053711,1780411541.5168476
20592,Episode_Reward/track_lin_vel_xy,1.9788813591003418,1780411694.604484
20625,Episode_Reward/track_lin_vel_xy,1.9780105352401733,1780411848.7011878
20658,Episode_Reward/track_lin_vel_xy,1.9783515930175781,1780412002.8985324
20691,Episode_Reward/track_lin_vel_xy,1.977897047996521,1780412157.2387707
20724,Episode_Reward/track_lin_vel_xy,1.9783987998962402,1780412312.3642623
20757,Episode_Reward/track_lin_vel_xy,1.9786885976791382,1780412466.0597248
20790,Episode_Reward/track_lin_vel_xy,1.9758981466293335,1780412621.2974036
20823,Episode_Reward/track_lin_vel_xy,1.9793894290924072,1780412777.4769607
20856,Episode_Reward/track_lin_vel_xy,1.9777555465698242,1780412933.503976
20889,Episode_Reward/track_lin_vel_xy,1.9778761863708496,1780413087.9134464
20922,Episode_Reward/track_lin_vel_xy,1.9783815145492554,1780413242.5152168
20955,Episode_Reward/track_lin_vel_xy,1.979043960571289,1780413397.4056933
20988,Episode_Reward/track_lin_vel_xy,1.9771878719329834,1780413553.1289632
21021,Episode_Reward/track_lin_vel_xy,1.9783260822296143,1780413709.1282012
21054,Episode_Reward/track_lin_vel_xy,1.978240966796875,1780413864.2393718
21087,Episode_Reward/track_lin_vel_xy,1.9787505865097046,1780414018.8440084
21120,Episode_Reward/track_lin_vel_xy,1.9794929027557373,1780414164.428696
21153,Episode_Reward/track_lin_vel_xy,1.978219985961914,1780414312.4055839
21186,Episode_Reward/track_lin_vel_xy,1.9782270193099976,1780414467.8209014
21219,Episode_Reward/track_lin_vel_xy,1.9774465560913086,1780414623.443162
21252,Episode_Reward/track_lin_vel_xy,1.977813959121704,1780414778.104826
21285,Episode_Reward/track_lin_vel_xy,1.9778003692626953,1780414933.898668
21318,Episode_Reward/track_lin_vel_xy,1.9769752025604248,1780415089.9546435
21351,Episode_Reward/track_lin_vel_xy,1.9782403707504272,1780415245.8511758
21384,Episode_Reward/track_lin_vel_xy,1.9783868789672852,1780415401.30544
21417,Episode_Reward/track_lin_vel_xy,1.9779022932052612,1780415557.0305068
21450,Episode_Reward/track_lin_vel_xy,1.9781291484832764,1780415713.7258995
21483,Episode_Reward/track_lin_vel_xy,1.9783859252929688,1780415869.9595566
21516,Episode_Reward/track_lin_vel_xy,1.9789161682128906,1780416025.1677997
21549,Episode_Reward/track_lin_vel_xy,1.9791154861450195,1780416181.0004654
21582,Episode_Reward/track_lin_vel_xy,1.9794855117797852,1780416337.157619
21615,Episode_Reward/track_lin_vel_xy,1.9790433645248413,1780416493.7620997
21648,Episode_Reward/track_lin_vel_xy,1.9787057638168335,1780416649.2965
21681,Episode_Reward/track_lin_vel_xy,1.978417158126831,1780416805.0151699
21714,Episode_Reward/track_lin_vel_xy,1.9780404567718506,1780416961.363467
21747,Episode_Reward/track_lin_vel_xy,1.97897469997406,1780417116.2295792
21780,Episode_Reward/track_lin_vel_xy,1.978977084159851,1780417272.2861395
21813,Episode_Reward/track_lin_vel_xy,1.978520154953003,1780417428.7739756
21846,Episode_Reward/track_lin_vel_xy,1.9789789915084839,1780417585.5160098
21879,Episode_Reward/track_lin_vel_xy,1.9765453338623047,1780417741.8721042
21912,Episode_Reward/track_lin_vel_xy,1.9791514873504639,1780417898.3036733
21945,Episode_Reward/track_lin_vel_xy,1.9786723852157593,1780418054.671128
21978,Episode_Reward/track_lin_vel_xy,1.9739186763763428,1780418210.665033
22011,Episode_Reward/track_lin_vel_xy,1.9771080017089844,1780418362.7809308
22044,Episode_Reward/track_lin_vel_xy,1.9781601428985596,1780418516.6227608
22077,Episode_Reward/track_lin_vel_xy,1.9792919158935547,1780418673.5744514
22110,Episode_Reward/track_lin_vel_xy,1.9783885478973389,1780418830.8113706
22143,Episode_Reward/track_lin_vel_xy,1.9785339832305908,1780418988.778951
22176,Episode_Reward/track_lin_vel_xy,1.9795260429382324,1780419145.225543
22209,Episode_Reward/track_lin_vel_xy,1.979735255241394,1780419301.7397532
22242,Episode_Reward/track_lin_vel_xy,1.981034517288208,1780419457.661334
22275,Episode_Reward/track_lin_vel_xy,1.9806442260742188,1780419614.0177803
22308,Episode_Reward/track_lin_vel_xy,1.975555658340454,1780419769.558929
22341,Episode_Reward/track_lin_vel_xy,1.9767522811889648,1780419925.2116122
22374,Episode_Reward/track_lin_vel_xy,1.979527235031128,1780420081.157114
22407,Episode_Reward/track_lin_vel_xy,1.9665530920028687,1780420237.0314379
22440,Episode_Reward/track_lin_vel_xy,1.9799445867538452,1780420393.0432827
22473,Episode_Reward/track_lin_vel_xy,1.9803321361541748,1780420548.6111305
22506,Episode_Reward/track_lin_vel_xy,1.9804095029830933,1780420703.9433906
22539,Episode_Reward/track_lin_vel_xy,1.9803369045257568,1780420856.0327463
22572,Episode_Reward/track_lin_vel_xy,1.9798473119735718,1780421011.8742244
22605,Episode_Reward/track_lin_vel_xy,1.9800138473510742,1780421167.994658
22638,Episode_Reward/track_lin_vel_xy,1.97788405418396,1780421310.2017767
22671,Episode_Reward/track_lin_vel_xy,1.980244517326355,1780421466.2858453
22704,Episode_Reward/track_lin_vel_xy,1.9655399322509766,1780421622.1891782
22737,Episode_Reward/track_lin_vel_xy,1.9784811735153198,1780421778.5656917
22770,Episode_Reward/track_lin_vel_xy,1.9599649906158447,1780421927.4496381
22803,Episode_Reward/track_lin_vel_xy,1.9758975505828857,1780422083.4442952
22836,Episode_Reward/track_lin_vel_xy,1.9782302379608154,1780422238.282148
22869,Episode_Reward/track_lin_vel_xy,1.9782384634017944,1780422393.7598274
22902,Episode_Reward/track_lin_vel_xy,1.9789705276489258,1780422549.4021015
22935,Episode_Reward/track_lin_vel_xy,1.9751137495040894,1780422704.8601394
22968,Episode_Reward/track_lin_vel_xy,1.9778774976730347,1780422859.507316
23001,Episode_Reward/track_lin_vel_xy,1.9676532745361328,1780423014.726
23034,Episode_Reward/track_lin_vel_xy,1.9744031429290771,1780423170.691779
23067,Episode_Reward/track_lin_vel_xy,1.9768924713134766,1780423326.8176215
23100,Episode_Reward/track_lin_vel_xy,1.9787790775299072,1780423483.0802166
23133,Episode_Reward/track_lin_vel_xy,1.9793307781219482,1780423639.0145373
23166,Episode_Reward/track_lin_vel_xy,1.9798011779785156,1780423794.0843015
23199,Episode_Reward/track_lin_vel_xy,1.9637635946273804,1780423949.586981
23232,Episode_Reward/track_lin_vel_xy,1.980319857597351,1780424105.1865637
23265,Episode_Reward/track_lin_vel_xy,1.9804733991622925,1780424257.3125234
23298,Episode_Reward/track_lin_vel_xy,1.980653166770935,1780424412.8742595
23331,Episode_Reward/track_lin_vel_xy,1.9807043075561523,1780424569.5507674
23364,Episode_Reward/track_lin_vel_xy,1.9805560111999512,1780424725.1757705
23397,Episode_Reward/track_lin_vel_xy,1.97037672996521,1780424880.9422724
23430,Episode_Reward/track_lin_vel_xy,1.981034278869629,1780425036.6189277
23463,Episode_Reward/track_lin_vel_xy,1.977980613708496,1780425192.296051
23496,Episode_Reward/track_lin_vel_xy,1.9808905124664307,1780425347.9101322
23529,Episode_Reward/track_lin_vel_xy,1.9809439182281494,1780425504.2547855
23562,Episode_Reward/track_lin_vel_xy,1.9804761409759521,1780425660.5354602
23595,Episode_Reward/track_lin_vel_xy,1.9802846908569336,1780425815.95726
23628,Episode_Reward/track_lin_vel_xy,1.9806321859359741,1780425971.987096
23661,Episode_Reward/track_lin_vel_xy,1.9809589385986328,1780426128.2196405
23694,Episode_Reward/track_lin_vel_xy,1.9808387756347656,1780426284.2885156
23727,Episode_Reward/track_lin_vel_xy,1.981877326965332,1780426440.6322694
23760,Episode_Reward/track_lin_vel_xy,1.98142671585083,1780426595.8356802
23793,Episode_Reward/track_lin_vel_xy,1.9784953594207764,1780426751.938846
23826,Episode_Reward/track_lin_vel_xy,1.9810703992843628,1780426907.4912755
23859,Episode_Reward/track_lin_vel_xy,1.9484447240829468,1780427054.404467
23892,Episode_Reward/track_lin_vel_xy,1.977987289428711,1780427207.0446403
23925,Episode_Reward/track_lin_vel_xy,1.971649169921875,1780427364.056324
23958,Episode_Reward/track_lin_vel_xy,1.979581594467163,1780427520.3832476
23991,Episode_Reward/track_lin_vel_xy,1.9797954559326172,1780427677.556443
24024,Episode_Reward/track_lin_vel_xy,1.9803476333618164,1780427834.2422507
24057,Episode_Reward/track_lin_vel_xy,1.9809529781341553,1780427990.7956684
24090,Episode_Reward/track_lin_vel_xy,1.9802578687667847,1780428147.8458488
24123,Episode_Reward/track_lin_vel_xy,1.9807002544403076,1780428303.973756
24156,Episode_Reward/track_lin_vel_xy,1.9816930294036865,1780428460.4896567
24189,Episode_Reward/track_lin_vel_xy,1.981126308441162,1780428617.2200618
24222,Episode_Reward/track_lin_vel_xy,1.9792320728302002,1780428772.9779742
24255,Episode_Reward/track_lin_vel_xy,1.975116491317749,1780428929.3776643
24288,Episode_Reward/track_lin_vel_xy,1.9801124334335327,1780429086.062219
24321,Episode_Reward/track_lin_vel_xy,1.9808210134506226,1780429242.7665284
24354,Episode_Reward/track_lin_vel_xy,1.980860710144043,1780429399.6371138
24387,Episode_Reward/track_lin_vel_xy,1.9812390804290771,1780429556.5452316
24420,Episode_Reward/track_lin_vel_xy,1.9810528755187988,1780429712.1665397
24453,Episode_Reward/track_lin_vel_xy,1.9820058345794678,1780429867.8887596
24486,Episode_Reward/track_lin_vel_xy,1.948379397392273,1780430024.91413
24519,Episode_Reward/track_lin_vel_xy,1.9808229207992554,1780430181.2443898
24552,Episode_Reward/track_lin_vel_xy,1.9816770553588867,1780430336.9407494
24585,Episode_Reward/track_lin_vel_xy,1.9814138412475586,1780430492.3723538
24618,Episode_Reward/track_lin_vel_xy,1.9816502332687378,1780430648.4721692
24651,Episode_Reward/track_lin_vel_xy,1.982150912284851,1780430806.4212244
24684,Episode_Reward/track_lin_vel_xy,1.9818811416625977,1780430963.3569133
24717,Episode_Reward/track_lin_vel_xy,1.980923056602478,1780431120.1028528
24750,Episode_Reward/track_lin_vel_xy,1.9812064170837402,1780431276.448256
24783,Episode_Reward/track_lin_vel_xy,1.968215823173523,1780431433.4581523
24816,Episode_Reward/track_lin_vel_xy,1.9736192226409912,1780431591.7046745
24849,Episode_Reward/track_lin_vel_xy,1.9740257263183594,1780431749.509133
24882,Episode_Reward/track_lin_vel_xy,1.9787518978118896,1780431907.4962418
24915,Episode_Reward/track_lin_vel_xy,1.9785507917404175,1780432064.153793
24948,Episode_Reward/track_lin_vel_xy,1.9779953956604004,1780432221.7482216
24981,Episode_Reward/track_lin_vel_xy,1.9778465032577515,1780432379.4282937
25014,Episode_Reward/track_lin_vel_xy,1.9796297550201416,1780432536.0887015
25047,Episode_Reward/track_lin_vel_xy,1.9794838428497314,1780432692.2125936
25080,Episode_Reward/track_lin_vel_xy,1.979318380355835,1780432848.6764128
25113,Episode_Reward/track_lin_vel_xy,1.9779237508773804,1780433005.237215
25146,Episode_Reward/track_lin_vel_xy,1.97927987575531,1780433162.156351
25179,Episode_Reward/track_lin_vel_xy,1.978770136833191,1780433318.368093
25212,Episode_Reward/track_lin_vel_xy,1.9793357849121094,1780433474.420643
25245,Episode_Reward/track_lin_vel_xy,1.980013370513916,1780433631.3798876
25278,Episode_Reward/track_lin_vel_xy,1.9810683727264404,1780433789.0932643
25311,Episode_Reward/track_lin_vel_xy,1.9803385734558105,1780433946.33678
25344,Episode_Reward/track_lin_vel_xy,1.9804351329803467,1780434102.8795662
25377,Episode_Reward/track_lin_vel_xy,1.9803504943847656,1780434259.0549572
25410,Episode_Reward/track_lin_vel_xy,1.9805481433868408,1780434416.2548828
25443,Episode_Reward/track_lin_vel_xy,1.9810686111450195,1780434573.13457
25476,Episode_Reward/track_lin_vel_xy,1.9812428951263428,1780434731.423508
25509,Episode_Reward/track_lin_vel_xy,1.981266736984253,1780434888.1737974
25542,Episode_Reward/track_lin_vel_xy,1.980739951133728,1780435044.5824738
25575,Episode_Reward/track_lin_vel_xy,1.9811066389083862,1780435201.434409
25608,Episode_Reward/track_lin_vel_xy,1.980436086654663,1780435358.7059228
25641,Episode_Reward/track_lin_vel_xy,1.9809106588363647,1780435515.582909
25674,Episode_Reward/track_lin_vel_xy,1.980873465538025,1780435671.8585827
25707,Episode_Reward/track_lin_vel_xy,1.980389952659607,1780435828.6002684
25740,Episode_Reward/track_lin_vel_xy,1.9813169240951538,1780435986.674127
25773,Episode_Reward/track_lin_vel_xy,1.9811530113220215,1780436142.0698729
25806,Episode_Reward/track_lin_vel_xy,1.9796464443206787,1780436299.5608296
25839,Episode_Reward/track_lin_vel_xy,1.9799830913543701,1780436454.9647393
25872,Episode_Reward/track_lin_vel_xy,1.9807357788085938,1780436603.9893286
25905,Episode_Reward/track_lin_vel_xy,1.9799747467041016,1780436761.6731246
25938,Episode_Reward/track_lin_vel_xy,1.98048996925354,1780436918.0791621
25971,Episode_Reward/track_lin_vel_xy,1.980405330657959,1780437074.905779
26004,Episode_Reward/track_lin_vel_xy,1.980412244796753,1780437231.9576945
26037,Episode_Reward/track_lin_vel_xy,1.981252670288086,1780437389.9214165
26070,Episode_Reward/track_lin_vel_xy,1.980625867843628,1780437546.125255
26103,Episode_Reward/track_lin_vel_xy,1.9812226295471191,1780437704.5730402
26136,Episode_Reward/track_lin_vel_xy,1.980845332145691,1780437862.3794675
26169,Episode_Reward/track_lin_vel_xy,1.9807076454162598,1780438020.0032148
26202,Episode_Reward/track_lin_vel_xy,1.9802812337875366,1780438177.9550383
26235,Episode_Reward/track_lin_vel_xy,1.9813308715820312,1780438336.8250818
26268,Episode_Reward/track_lin_vel_xy,1.9808915853500366,1780438494.7758706
26301,Episode_Reward/track_lin_vel_xy,1.9779679775238037,1780438650.2341912
26334,Episode_Reward/track_lin_vel_xy,1.9784339666366577,1780438808.8696532
26367,Episode_Reward/track_lin_vel_xy,1.979964256286621,1780438967.1942775
26400,Episode_Reward/track_lin_vel_xy,1.9797953367233276,1780439125.8056626
26433,Episode_Reward/track_lin_vel_xy,1.9773054122924805,1780439284.2443943
26466,Episode_Reward/track_lin_vel_xy,1.979021430015564,1780439442.2065017
26499,Episode_Reward/track_lin_vel_xy,1.9793176651000977,1780439600.4004219
26532,Episode_Reward/track_lin_vel_xy,1.9783529043197632,1780439758.6635818
26565,Episode_Reward/track_lin_vel_xy,1.9641084671020508,1780439917.3392198
26598,Episode_Reward/track_lin_vel_xy,1.9727572202682495,1780440076.3164346
26631,Episode_Reward/track_lin_vel_xy,1.9782981872558594,1780440234.0725896
26664,Episode_Reward/track_lin_vel_xy,1.9784295558929443,1780440392.7594104
26697,Episode_Reward/track_lin_vel_xy,1.9708442687988281,1780440551.4311697
26730,Episode_Reward/track_lin_vel_xy,1.9726707935333252,1780440710.4591947
26763,Episode_Reward/track_lin_vel_xy,1.9785847663879395,1780440868.7653809
26796,Episode_Reward/track_lin_vel_xy,1.9781877994537354,1780441027.332763
26829,Episode_Reward/track_lin_vel_xy,1.9768970012664795,1780441185.2247066
26862,Episode_Reward/track_lin_vel_xy,1.9794830083847046,1780441343.6831813
26895,Episode_Reward/track_lin_vel_xy,1.978345274925232,1780441501.9284794
26928,Episode_Reward/track_lin_vel_xy,1.97897469997406,1780441658.880271
26961,Episode_Reward/track_lin_vel_xy,1.9784090518951416,1780441815.4000692
26994,Episode_Reward/track_lin_vel_xy,1.979600429534912,1780441972.2546017
27027,Episode_Reward/track_lin_vel_xy,1.9716145992279053,1780442129.5573976
27060,Episode_Reward/track_lin_vel_xy,1.979188323020935,1780442286.2319417
27093,Episode_Reward/track_lin_vel_xy,1.979679822921753,1780442441.8428218
27126,Episode_Reward/track_lin_vel_xy,1.979448676109314,1780442598.165857
27159,Episode_Reward/track_lin_vel_xy,1.9794337749481201,1780442754.764926
27192,Episode_Reward/track_lin_vel_xy,1.9796384572982788,1780442911.2256687
27225,Episode_Reward/track_lin_vel_xy,1.9801162481307983,1780443066.945759
27258,Episode_Reward/track_lin_vel_xy,1.9807536602020264,1780443223.1364336
27291,Episode_Reward/track_lin_vel_xy,1.9801559448242188,1780443379.6059122
27324,Episode_Reward/track_lin_vel_xy,1.9798543453216553,1780443535.5895038
27357,Episode_Reward/track_lin_vel_xy,1.9796311855316162,1780443692.7640593
27390,Episode_Reward/track_lin_vel_xy,1.9809200763702393,1780443849.2803767
27423,Episode_Reward/track_lin_vel_xy,1.9808120727539062,1780444006.2123446
27456,Episode_Reward/track_lin_vel_xy,1.980512022972107,1780444163.7688708
27489,Episode_Reward/track_lin_vel_xy,1.9626383781433105,1780444321.351483
27522,Episode_Reward/track_lin_vel_xy,1.980521559715271,1780444479.452244
27555,Episode_Reward/track_lin_vel_xy,1.9804589748382568,1780444636.5047362
27588,Episode_Reward/track_lin_vel_xy,1.979642629623413,1780444793.5209932
27621,Episode_Reward/track_lin_vel_xy,1.9807498455047607,1780444950.2434404
27654,Episode_Reward/track_lin_vel_xy,1.9722251892089844,1780445107.6186984
27687,Episode_Reward/track_lin_vel_xy,1.981326937675476,1780445269.7565913
27720,Episode_Reward/track_lin_vel_xy,1.9809882640838623,1780445428.668798
27753,Episode_Reward/track_lin_vel_xy,1.9807651042938232,1780445585.769938
27786,Episode_Reward/track_lin_vel_xy,1.980736494064331,1780445743.188057
27819,Episode_Reward/track_lin_vel_xy,1.9806760549545288,1780445900.070866
27852,Episode_Reward/track_lin_vel_xy,1.98159921169281,1780446059.2207634
27885,Episode_Reward/track_lin_vel_xy,1.9811763763427734,1780446220.755413
27918,Episode_Reward/track_lin_vel_xy,1.9821046590805054,1780446383.2657428
27951,Episode_Reward/track_lin_vel_xy,1.982195258140564,1780446543.9664001
27984,Episode_Reward/track_lin_vel_xy,1.9824151992797852,1780446705.6206338
28017,Episode_Reward/track_lin_vel_xy,1.9804757833480835,1780446866.3813758
28050,Episode_Reward/track_lin_vel_xy,1.9815839529037476,1780447027.8732386
28083,Episode_Reward/track_lin_vel_xy,1.9818133115768433,1780447190.6933672
28116,Episode_Reward/track_lin_vel_xy,1.9818713665008545,1780447351.9571195
28149,Episode_Reward/track_lin_vel_xy,1.9814157485961914,1780447517.8706026
28182,Episode_Reward/track_lin_vel_xy,1.9793126583099365,1780447711.3897996
28215,Episode_Reward/track_lin_vel_xy,1.9816315174102783,1780447894.0777428
28248,Episode_Reward/track_lin_vel_xy,1.9814081192016602,1780448053.6958706
28281,Episode_Reward/track_lin_vel_xy,1.980782389640808,1780448227.0327559
28314,Episode_Reward/track_lin_vel_xy,1.9822359085083008,1780448387.3666465
28347,Episode_Reward/track_lin_vel_xy,1.9819592237472534,1780448545.9253798
28380,Episode_Reward/track_lin_vel_xy,1.9813560247421265,1780448704.8862538
28413,Episode_Reward/track_lin_vel_xy,1.9817556142807007,1780448863.8584177
28446,Episode_Reward/track_lin_vel_xy,1.981342077255249,1780449019.1242316
28479,Episode_Reward/track_lin_vel_xy,1.9805781841278076,1780449178.8416533
28512,Episode_Reward/track_lin_vel_xy,1.9806344509124756,1780449338.8031547
28545,Episode_Reward/track_lin_vel_xy,1.9817044734954834,1780449498.1943753
28578,Episode_Reward/track_lin_vel_xy,1.9817169904708862,1780449657.2841003
28611,Episode_Reward/track_lin_vel_xy,1.9821422100067139,1780449815.5492616
28644,Episode_Reward/track_lin_vel_xy,1.981637954711914,1780449974.2015553
28677,Episode_Reward/track_lin_vel_xy,1.9822590351104736,1780450133.8104239
28710,Episode_Reward/track_lin_vel_xy,1.9824575185775757,1780450291.5659502
28743,Episode_Reward/track_lin_vel_xy,1.9827169179916382,1780450450.1097028
28776,Episode_Reward/track_lin_vel_xy,1.9816961288452148,1780450608.3181245
28809,Episode_Reward/track_lin_vel_xy,1.982805609703064,1780450765.982115
28842,Episode_Reward/track_lin_vel_xy,1.9826821088790894,1780450923.045834
28875,Episode_Reward/track_lin_vel_xy,1.9815839529037476,1780451078.0740998
28908,Episode_Reward/track_lin_vel_xy,1.9824845790863037,1780451233.1907454
28941,Episode_Reward/track_lin_vel_xy,1.9818122386932373,1780451387.985571
28974,Episode_Reward/track_lin_vel_xy,1.9815402030944824,1780451543.3802733
29007,Episode_Reward/track_lin_vel_xy,1.9825595617294312,1780451699.2504718
29040,Episode_Reward/track_lin_vel_xy,1.9822440147399902,1780451855.7016344
29073,Episode_Reward/track_lin_vel_xy,1.9814510345458984,1780452011.8681834
29106,Episode_Reward/track_lin_vel_xy,1.9817728996276855,1780452169.3204958
29139,Episode_Reward/track_lin_vel_xy,1.9825544357299805,1780452324.9435596
29172,Episode_Reward/track_lin_vel_xy,1.982051134109497,1780452480.365659
29205,Episode_Reward/track_lin_vel_xy,1.9826029539108276,1780452636.6166255
29238,Episode_Reward/track_lin_vel_xy,1.982291579246521,1780452792.3586345
29271,Episode_Reward/track_lin_vel_xy,1.9825489521026611,1780452948.2800374
29304,Episode_Reward/track_lin_vel_xy,1.9826762676239014,1780453103.4486208
29337,Episode_Reward/track_lin_vel_xy,1.9827699661254883,1780453259.2004194
29370,Episode_Reward/track_lin_vel_xy,1.9825611114501953,1780453414.5544999
29403,Episode_Reward/track_lin_vel_xy,1.9828593730926514,1780453569.7326756
29436,Episode_Reward/track_lin_vel_xy,1.982811689376831,1780453724.2700522
29469,Episode_Reward/track_lin_vel_xy,1.9825462102890015,1780453879.0031958
29502,Episode_Reward/track_lin_vel_xy,1.9828555583953857,1780454034.2347944
29535,Episode_Reward/track_lin_vel_xy,1.9819234609603882,1780454189.397395
29568,Episode_Reward/track_lin_vel_xy,1.982666015625,1780454345.0369644
29601,Episode_Reward/track_lin_vel_xy,1.982604742050171,1780454501.1721885
29634,Episode_Reward/track_lin_vel_xy,1.9826773405075073,1780454656.982331
29667,Episode_Reward/track_lin_vel_xy,1.9827579259872437,1780454813.0260696
29700,Episode_Reward/track_lin_vel_xy,1.9830176830291748,1780454967.9905646
29733,Episode_Reward/track_lin_vel_xy,1.9826860427856445,1780455123.3894553
29766,Episode_Reward/track_lin_vel_xy,1.9829719066619873,1780455279.3359625
29799,Episode_Reward/track_lin_vel_xy,1.9825743436813354,1780455435.6575031
29832,Episode_Reward/track_lin_vel_xy,1.9826602935791016,1780455591.478313
29865,Episode_Reward/track_lin_vel_xy,1.9827075004577637,1780455746.9045684
29898,Episode_Reward/track_lin_vel_xy,1.9740068912506104,1780455901.9796386
29931,Episode_Reward/track_lin_vel_xy,1.9829106330871582,1780456057.8631604
29964,Episode_Reward/track_lin_vel_xy,1.9828557968139648,1780456213.5684104
29997,Episode_Reward/track_lin_vel_xy,1.9832762479782104,1780456370.6193016
30030,Episode_Reward/track_lin_vel_xy,1.9824527502059937,1780456527.6035323
30063,Episode_Reward/track_lin_vel_xy,1.983014464378357,1780456684.5944483
30096,Episode_Reward/track_lin_vel_xy,1.9827370643615723,1780456841.8531036
30129,Episode_Reward/track_lin_vel_xy,1.9826802015304565,1780456999.4852536
30162,Episode_Reward/track_lin_vel_xy,1.9835972785949707,1780457156.4832053
30195,Episode_Reward/track_lin_vel_xy,1.983343482017517,1780457313.1605413
30228,Episode_Reward/track_lin_vel_xy,1.9830760955810547,1780457470.9798577
30261,Episode_Reward/track_lin_vel_xy,1.9827823638916016,1780457629.5116103
30294,Episode_Reward/track_lin_vel_xy,1.9825856685638428,1780457786.7153354
30327,Episode_Reward/track_lin_vel_xy,1.9826596975326538,1780457945.3390183
30360,Episode_Reward/track_lin_vel_xy,1.981987714767456,1780458102.8963847
30393,Episode_Reward/track_lin_vel_xy,1.9816303253173828,1780458259.9252994
30426,Episode_Reward/track_lin_vel_xy,1.9822362661361694,1780458417.7695255
30459,Episode_Reward/track_lin_vel_xy,1.9822790622711182,1780458575.227579
30492,Episode_Reward/track_lin_vel_xy,1.9822053909301758,1780458732.260011
30525,Episode_Reward/track_lin_vel_xy,1.9819896221160889,1780458890.3097012
30558,Episode_Reward/track_lin_vel_xy,1.980234980583191,1780459048.5433059
30591,Episode_Reward/track_lin_vel_xy,1.9818933010101318,1780459206.243744
30624,Episode_Reward/track_lin_vel_xy,1.9802300930023193,1780459363.3926346
30657,Episode_Reward/track_lin_vel_xy,1.981893539428711,1780459520.6683843
30690,Episode_Reward/track_lin_vel_xy,1.9824622869491577,1780459678.1350155
30723,Episode_Reward/track_lin_vel_xy,1.9823254346847534,1780459834.533889
30756,Episode_Reward/track_lin_vel_xy,1.982745885848999,1780459991.1396065
30789,Episode_Reward/track_lin_vel_xy,1.9829604625701904,1780460148.550927
30822,Episode_Reward/track_lin_vel_xy,1.982157588005066,1780460306.888759
30855,Episode_Reward/track_lin_vel_xy,1.9816904067993164,1780460464.9911401
30888,Episode_Reward/track_lin_vel_xy,1.9826005697250366,1780460622.748453
30921,Episode_Reward/track_lin_vel_xy,1.9829667806625366,1780460780.7510128
30954,Episode_Reward/track_lin_vel_xy,1.9835284948349,1780460938.7801309
30987,Episode_Reward/track_lin_vel_xy,1.9815237522125244,1780461097.2243335
31020,Episode_Reward/track_lin_vel_xy,1.982762098312378,1780461255.4134595
31053,Episode_Reward/track_lin_vel_xy,1.9825630187988281,1780461414.1527183
31086,Episode_Reward/track_lin_vel_xy,1.982912540435791,1780461572.8825748
31119,Episode_Reward/track_lin_vel_xy,1.9831613302230835,1780461730.7644389
31152,Episode_Reward/track_lin_vel_xy,1.982288122177124,1780461888.9390423
31185,Episode_Reward/track_lin_vel_xy,1.9830516576766968,1780462045.6943154
31218,Episode_Reward/track_lin_vel_xy,1.9827216863632202,1780462200.6677878
31251,Episode_Reward/track_lin_vel_xy,1.9823675155639648,1780462356.3897836
31284,Episode_Reward/track_lin_vel_xy,1.9825866222381592,1780462513.4767241
31317,Episode_Reward/track_lin_vel_xy,1.982640266418457,1780462671.4107614
31350,Episode_Reward/track_lin_vel_xy,1.9824092388153076,1780462828.4150372
31383,Episode_Reward/track_lin_vel_xy,1.9820232391357422,1780462984.7400787
31416,Episode_Reward/track_lin_vel_xy,1.982558012008667,1780463140.9918547
31449,Episode_Reward/track_lin_vel_xy,1.9829347133636475,1780463297.1525433
31482,Episode_Reward/track_lin_vel_xy,1.9832117557525635,1780463453.850163
31515,Episode_Reward/track_lin_vel_xy,1.982877492904663,1780463610.1161025
31548,Episode_Reward/track_lin_vel_xy,1.9830436706542969,1780463765.6551013
31581,Episode_Reward/track_lin_vel_xy,1.983114242553711,1780463921.6208942
31614,Episode_Reward/track_lin_vel_xy,1.9820979833602905,1780464077.8605492
31647,Episode_Reward/track_lin_vel_xy,1.9831359386444092,1780464234.7099571
31680,Episode_Reward/track_lin_vel_xy,1.983205795288086,1780464391.0756185
31713,Episode_Reward/track_lin_vel_xy,1.9834922552108765,1780464547.0518506
31746,Episode_Reward/track_lin_vel_xy,1.9841865301132202,1780464704.1630487
31779,Episode_Reward/track_lin_vel_xy,1.9830236434936523,1780464860.6401172
31812,Episode_Reward/track_lin_vel_xy,1.984544038772583,1780465017.448602
31845,Episode_Reward/track_lin_vel_xy,1.9837005138397217,1780465173.349616
31878,Episode_Reward/track_lin_vel_xy,1.9836463928222656,1780465329.3981893
31911,Episode_Reward/track_lin_vel_xy,1.9765005111694336,1780465484.9948955
31944,Episode_Reward/track_lin_vel_xy,1.9844176769256592,1780465641.6884499
31977,Episode_Reward/track_lin_vel_xy,1.9838321208953857,1780465799.1840625
32010,Episode_Reward/track_lin_vel_xy,1.9840614795684814,1780465955.1894855
32043,Episode_Reward/track_lin_vel_xy,1.983879804611206,1780466111.4336205
32076,Episode_Reward/track_lin_vel_xy,1.9839552640914917,1780466270.0986748
32109,Episode_Reward/track_lin_vel_xy,1.984264612197876,1780466428.780498
32142,Episode_Reward/track_lin_vel_xy,1.9842103719711304,1780466586.159674
32175,Episode_Reward/track_lin_vel_xy,1.9831287860870361,1780466742.0050483
32208,Episode_Reward/track_lin_vel_xy,1.984487771987915,1780466886.938085
32241,Episode_Reward/track_lin_vel_xy,1.9841547012329102,1780467043.4494379
32274,Episode_Reward/track_lin_vel_xy,1.9847224950790405,1780467200.0369332
32307,Episode_Reward/track_lin_vel_xy,1.9839253425598145,1780467356.7557232
32340,Episode_Reward/track_lin_vel_xy,1.9840846061706543,1780467512.0262172
32373,Episode_Reward/track_lin_vel_xy,1.9839797019958496,1780467668.7322495
32406,Episode_Reward/track_lin_vel_xy,1.9836467504501343,1780467826.0438807
32439,Episode_Reward/track_lin_vel_xy,1.9761812686920166,1780467983.6150723
32472,Episode_Reward/track_lin_vel_xy,1.9832448959350586,1780468138.930906
32505,Episode_Reward/track_lin_vel_xy,1.982806921005249,1780468295.7652845
32538,Episode_Reward/track_lin_vel_xy,1.979168176651001,1780468452.9077396
32571,Episode_Reward/track_lin_vel_xy,1.9834544658660889,1780468609.647663
32604,Episode_Reward/track_lin_vel_xy,1.983893632888794,1780468765.9021852
32637,Episode_Reward/track_lin_vel_xy,1.983150839805603,1780468922.334668
32670,Episode_Reward/track_lin_vel_xy,1.9808123111724854,1780469077.6752288
32703,Episode_Reward/track_lin_vel_xy,1.9822192192077637,1780469233.8143725
32736,Episode_Reward/track_lin_vel_xy,1.982835054397583,1780469390.3508654
32769,Episode_Reward/track_lin_vel_xy,1.9840753078460693,1780469547.3535376
32802,Episode_Reward/track_lin_vel_xy,1.9838069677352905,1780469704.0006561
32809,Episode_Reward/track_lin_vel_xy,1.9842017889022827,1780469737.5428417
0,Episode_Reward/hand_payload_pose,5.340126127753586e-13,1780315977.943994
33,Episode_Reward/hand_payload_pose,2.2041291458663181e-07,1780316207.9487412
66,Episode_Reward/hand_payload_pose,1.193942438248996e-07,1780316411.0840955
99,Episode_Reward/hand_payload_pose,4.414297563926084e-06,1780316608.839776
132,Episode_Reward/hand_payload_pose,0.0002408641012152657,1780316800.6579113
165,Episode_Reward/hand_payload_pose,0.3079376816749573,1780316969.1250682
198,Episode_Reward/hand_payload_pose,4.143104553222656,1780317123.5620801
231,Episode_Reward/hand_payload_pose,8.542608261108398,1780317277.806566
264,Episode_Reward/hand_payload_pose,10.262849807739258,1780317413.3553839
297,Episode_Reward/hand_payload_pose,11.230213165283203,1780317560.0080407
330,Episode_Reward/hand_payload_pose,11.596095085144043,1780317719.5187137
363,Episode_Reward/hand_payload_pose,11.844280242919922,1780317880.0411577
396,Episode_Reward/hand_payload_pose,11.976988792419434,1780318019.1262383
429,Episode_Reward/hand_payload_pose,12.068794250488281,1780318155.4547262
462,Episode_Reward/hand_payload_pose,12.118095397949219,1780318312.73625
495,Episode_Reward/hand_payload_pose,12.166336059570312,1780318471.6242416
528,Episode_Reward/hand_payload_pose,12.077421188354492,1780318629.4640927
561,Episode_Reward/hand_payload_pose,12.22920036315918,1780318788.327167
594,Episode_Reward/hand_payload_pose,12.246932983398438,1780318933.357347
627,Episode_Reward/hand_payload_pose,12.261858940124512,1780319091.0362806
660,Episode_Reward/hand_payload_pose,12.199645042419434,1780319249.732449
693,Episode_Reward/hand_payload_pose,12.286005973815918,1780319402.5839436
726,Episode_Reward/hand_payload_pose,12.295764923095703,1780319557.7449903
759,Episode_Reward/hand_payload_pose,12.296293258666992,1780319716.0274005
792,Episode_Reward/hand_payload_pose,12.304695129394531,1780319875.7053747
825,Episode_Reward/hand_payload_pose,12.25864315032959,1780320036.6897297
858,Episode_Reward/hand_payload_pose,12.319808959960938,1780320196.0610962
891,Episode_Reward/hand_payload_pose,12.325587272644043,1780320356.2767813
924,Episode_Reward/hand_payload_pose,12.313793182373047,1780320501.012177
957,Episode_Reward/hand_payload_pose,12.333150863647461,1780320647.4832153
990,Episode_Reward/hand_payload_pose,12.24737548828125,1780320786.6659641
1023,Episode_Reward/hand_payload_pose,12.278196334838867,1780320932.1443555
1056,Episode_Reward/hand_payload_pose,12.3388090133667,1780321093.165731
1089,Episode_Reward/hand_payload_pose,12.341265678405762,1780321254.4414914
1122,Episode_Reward/hand_payload_pose,12.340785026550293,1780321407.0922234
1155,Episode_Reward/hand_payload_pose,12.345427513122559,1780321567.7110207
1188,Episode_Reward/hand_payload_pose,12.349929809570312,1780321722.2981381
1221,Episode_Reward/hand_payload_pose,12.351419448852539,1780321859.7761257
1254,Episode_Reward/hand_payload_pose,12.323905944824219,1780322008.5024207
1287,Episode_Reward/hand_payload_pose,12.356738090515137,1780322168.8158736
1320,Episode_Reward/hand_payload_pose,12.360467910766602,1780322329.266064
1353,Episode_Reward/hand_payload_pose,12.228303909301758,1780322490.049176
1386,Episode_Reward/hand_payload_pose,12.363497734069824,1780322647.6109648
1419,Episode_Reward/hand_payload_pose,12.360525131225586,1780322799.867064
1452,Episode_Reward/hand_payload_pose,12.369400024414062,1780322952.6605303
1485,Episode_Reward/hand_payload_pose,12.370348930358887,1780323082.6687639
1518,Episode_Reward/hand_payload_pose,12.370687484741211,1780323216.4733133
1551,Episode_Reward/hand_payload_pose,12.370676040649414,1780323372.9519846
1584,Episode_Reward/hand_payload_pose,12.373172760009766,1780323521.8539903
1617,Episode_Reward/hand_payload_pose,12.375312805175781,1780323677.7513309
1650,Episode_Reward/hand_payload_pose,12.354894638061523,1780323835.8861082
1683,Episode_Reward/hand_payload_pose,12.376605033874512,1780323994.2743573
1716,Episode_Reward/hand_payload_pose,12.375679016113281,1780324152.1045527
1749,Episode_Reward/hand_payload_pose,12.37607479095459,1780324310.3376043
1782,Episode_Reward/hand_payload_pose,12.376533508300781,1780324468.7025368
1815,Episode_Reward/hand_payload_pose,12.376731872558594,1780324626.249435
1848,Episode_Reward/hand_payload_pose,12.377693176269531,1780324779.6620798
1881,Episode_Reward/hand_payload_pose,12.3792724609375,1780324936.9775171
1914,Episode_Reward/hand_payload_pose,12.381244659423828,1780325089.8632174
1947,Episode_Reward/hand_payload_pose,12.380465507507324,1780325246.5809445
1980,Episode_Reward/hand_payload_pose,12.381423950195312,1780325402.0164695
2013,Episode_Reward/hand_payload_pose,12.382403373718262,1780325559.1202633
2046,Episode_Reward/hand_payload_pose,12.383232116699219,1780325715.429577
2079,Episode_Reward/hand_payload_pose,12.383827209472656,1780325869.5958016
2112,Episode_Reward/hand_payload_pose,12.384208679199219,1780326024.5534174
2145,Episode_Reward/hand_payload_pose,12.384849548339844,1780326178.8970726
2178,Episode_Reward/hand_payload_pose,12.384038925170898,1780326336.9996006
2211,Episode_Reward/hand_payload_pose,12.384201049804688,1780326490.9260864
2244,Episode_Reward/hand_payload_pose,12.383848190307617,1780326646.6388183
2277,Episode_Reward/hand_payload_pose,12.38709545135498,1780326803.6809907
2310,Episode_Reward/hand_payload_pose,12.387633323669434,1780326959.1170156
2343,Episode_Reward/hand_payload_pose,12.388044357299805,1780327114.5641992
2376,Episode_Reward/hand_payload_pose,12.387886047363281,1780327269.2200906
2409,Episode_Reward/hand_payload_pose,12.388152122497559,1780327425.1751573
2442,Episode_Reward/hand_payload_pose,12.38693904876709,1780327582.3832643
2475,Episode_Reward/hand_payload_pose,12.387857437133789,1780327739.3232262
2508,Episode_Reward/hand_payload_pose,12.388429641723633,1780327894.8457172
2541,Episode_Reward/hand_payload_pose,12.389788627624512,1780328051.8405395
2574,Episode_Reward/hand_payload_pose,12.391090393066406,1780328208.0561075
2607,Episode_Reward/hand_payload_pose,12.391081809997559,1780328364.7054017
2640,Episode_Reward/hand_payload_pose,12.390710830688477,1780328520.174838
2673,Episode_Reward/hand_payload_pose,12.390972137451172,1780328674.7072587
2706,Episode_Reward/hand_payload_pose,12.389183044433594,1780328828.8999681
2739,Episode_Reward/hand_payload_pose,12.389358520507812,1780328982.8460343
2772,Episode_Reward/hand_payload_pose,12.39008617401123,1780329138.0999238
2805,Episode_Reward/hand_payload_pose,12.392184257507324,1780329278.6387887
2838,Episode_Reward/hand_payload_pose,12.392044067382812,1780329418.9852808
2871,Episode_Reward/hand_payload_pose,12.392622947692871,1780329563.4488819
2904,Episode_Reward/hand_payload_pose,12.389762878417969,1780329701.797274
2937,Episode_Reward/hand_payload_pose,12.392309188842773,1780329854.0634751
2970,Episode_Reward/hand_payload_pose,12.391538619995117,1780330002.9610271
3003,Episode_Reward/hand_payload_pose,12.390947341918945,1780330148.0216315
3036,Episode_Reward/hand_payload_pose,12.393386840820312,1780330295.930365
3069,Episode_Reward/hand_payload_pose,12.393438339233398,1780330425.6436481
3102,Episode_Reward/hand_payload_pose,12.39344596862793,1780330560.6857855
3135,Episode_Reward/hand_payload_pose,12.393217086791992,1780330714.9347582
3168,Episode_Reward/hand_payload_pose,12.394222259521484,1780330865.699081
3201,Episode_Reward/hand_payload_pose,12.393606185913086,1780330998.823623
3234,Episode_Reward/hand_payload_pose,12.39374828338623,1780331142.4790356
3267,Episode_Reward/hand_payload_pose,12.394564628601074,1780331291.2236402
3300,Episode_Reward/hand_payload_pose,12.39326000213623,1780331432.0201972
3333,Episode_Reward/hand_payload_pose,12.39389419555664,1780331570.820611
3366,Episode_Reward/hand_payload_pose,12.39633846282959,1780331721.7884736
3399,Episode_Reward/hand_payload_pose,12.395347595214844,1780331859.4846203
3432,Episode_Reward/hand_payload_pose,12.394920349121094,1780331988.5839157
3465,Episode_Reward/hand_payload_pose,12.394607543945312,1780332138.6028683
3498,Episode_Reward/hand_payload_pose,12.394980430603027,1780332292.2253478
3531,Episode_Reward/hand_payload_pose,12.395087242126465,1780332445.6483774
3564,Episode_Reward/hand_payload_pose,12.393996238708496,1780332598.855882
3597,Episode_Reward/hand_payload_pose,12.395864486694336,1780332750.7536552
3630,Episode_Reward/hand_payload_pose,12.394522666931152,1780332903.147388
3663,Episode_Reward/hand_payload_pose,12.394124984741211,1780333057.7568412
3696,Episode_Reward/hand_payload_pose,12.395124435424805,1780333211.953105
3729,Episode_Reward/hand_payload_pose,12.394384384155273,1780333366.2633839
3762,Episode_Reward/hand_payload_pose,12.394004821777344,1780333518.5950267
3795,Episode_Reward/hand_payload_pose,12.393402099609375,1780333648.8322413
3828,Episode_Reward/hand_payload_pose,12.392704010009766,1780333786.9127228
3861,Episode_Reward/hand_payload_pose,12.3938627243042,1780333933.9024365
3894,Episode_Reward/hand_payload_pose,12.392629623413086,1780334088.3447888
3927,Episode_Reward/hand_payload_pose,12.392446517944336,1780334242.6102142
3960,Episode_Reward/hand_payload_pose,12.39335823059082,1780334397.3103018
3993,Episode_Reward/hand_payload_pose,12.345191955566406,1780334554.6510286
4026,Episode_Reward/hand_payload_pose,12.392374992370605,1780334708.769666
4059,Episode_Reward/hand_payload_pose,12.393011093139648,1780334864.154562
4092,Episode_Reward/hand_payload_pose,12.393092155456543,1780335019.1629612
4125,Episode_Reward/hand_payload_pose,12.393590927124023,1780335174.1355972
4158,Episode_Reward/hand_payload_pose,12.298364639282227,1780335329.3673747
4191,Episode_Reward/hand_payload_pose,12.393939018249512,1780335482.9513757
4224,Episode_Reward/hand_payload_pose,12.394049644470215,1780335637.860973
4257,Episode_Reward/hand_payload_pose,12.394227981567383,1780335786.6682742
4290,Episode_Reward/hand_payload_pose,12.394514083862305,1780335936.2297328
4323,Episode_Reward/hand_payload_pose,12.395149230957031,1780336072.940326
4356,Episode_Reward/hand_payload_pose,12.394305229187012,1780336228.1906426
4389,Episode_Reward/hand_payload_pose,12.393678665161133,1780336383.4669824
4422,Episode_Reward/hand_payload_pose,12.394286155700684,1780336536.6276953
4455,Episode_Reward/hand_payload_pose,12.383419036865234,1780336690.6777103
4488,Episode_Reward/hand_payload_pose,12.393828392028809,1780336844.9528413
4521,Episode_Reward/hand_payload_pose,12.395112991333008,1780336998.982148
4554,Episode_Reward/hand_payload_pose,12.395565032958984,1780337153.1921604
4587,Episode_Reward/hand_payload_pose,12.395670890808105,1780337308.0301518
4620,Episode_Reward/hand_payload_pose,12.39576530456543,1780337463.2888565
4653,Episode_Reward/hand_payload_pose,12.394834518432617,1780337619.9544473
4686,Episode_Reward/hand_payload_pose,12.395713806152344,1780337777.0270088
4719,Episode_Reward/hand_payload_pose,12.395849227905273,1780337934.8477397
4752,Episode_Reward/hand_payload_pose,12.390490531921387,1780338091.5492754
4785,Episode_Reward/hand_payload_pose,12.395957946777344,1780338248.314378
4818,Episode_Reward/hand_payload_pose,12.397621154785156,1780338402.6937006
4851,Episode_Reward/hand_payload_pose,12.397605895996094,1780338558.0895486
4884,Episode_Reward/hand_payload_pose,12.398192405700684,1780338713.6024656
4917,Episode_Reward/hand_payload_pose,12.398226737976074,1780338868.760737
4950,Episode_Reward/hand_payload_pose,12.398185729980469,1780339019.2365975
4983,Episode_Reward/hand_payload_pose,12.3980131149292,1780339174.7660546
5016,Episode_Reward/hand_payload_pose,12.398488998413086,1780339331.1222882
5049,Episode_Reward/hand_payload_pose,12.399208068847656,1780339488.144217
5082,Episode_Reward/hand_payload_pose,12.398809432983398,1780339645.7577465
5115,Episode_Reward/hand_payload_pose,12.398982048034668,1780339801.3403785
5148,Episode_Reward/hand_payload_pose,12.397773742675781,1780339958.180892
5181,Episode_Reward/hand_payload_pose,12.397245407104492,1780340114.2021744
5214,Episode_Reward/hand_payload_pose,12.398237228393555,1780340269.260092
5247,Episode_Reward/hand_payload_pose,12.398689270019531,1780340424.313428
5280,Episode_Reward/hand_payload_pose,12.398962020874023,1780340579.845053
5313,Episode_Reward/hand_payload_pose,12.399325370788574,1780340736.2417336
5346,Episode_Reward/hand_payload_pose,12.399408340454102,1780340892.6334035
5379,Episode_Reward/hand_payload_pose,12.399410247802734,1780341049.0392416
5412,Episode_Reward/hand_payload_pose,12.399826049804688,1780341205.3929353
5445,Episode_Reward/hand_payload_pose,12.398752212524414,1780341361.5648363
5478,Episode_Reward/hand_payload_pose,12.400489807128906,1780341518.650937
5511,Episode_Reward/hand_payload_pose,12.399946212768555,1780341674.3723059
5544,Episode_Reward/hand_payload_pose,12.399588584899902,1780341829.871011
5577,Episode_Reward/hand_payload_pose,12.399569511413574,1780341985.8173048
5610,Episode_Reward/hand_payload_pose,12.400839805603027,1780342142.3636842
5643,Episode_Reward/hand_payload_pose,12.401165008544922,1780342297.9813476
5676,Episode_Reward/hand_payload_pose,12.40077018737793,1780342453.2904322
5709,Episode_Reward/hand_payload_pose,12.400813102722168,1780342610.6612399
5742,Episode_Reward/hand_payload_pose,12.400556564331055,1780342767.2063
5775,Episode_Reward/hand_payload_pose,12.401269912719727,1780342923.64032
5808,Episode_Reward/hand_payload_pose,12.401405334472656,1780343079.877854
5841,Episode_Reward/hand_payload_pose,12.401023864746094,1780343234.75123
5874,Episode_Reward/hand_payload_pose,12.400426864624023,1780343390.4083495
5907,Episode_Reward/hand_payload_pose,12.401191711425781,1780343545.0364702
5940,Episode_Reward/hand_payload_pose,12.400960922241211,1780343699.5784128
5973,Episode_Reward/hand_payload_pose,12.401344299316406,1780343854.5473137
6006,Episode_Reward/hand_payload_pose,12.402364730834961,1780344008.913586
6039,Episode_Reward/hand_payload_pose,12.402969360351562,1780344162.694654
6072,Episode_Reward/hand_payload_pose,12.403606414794922,1780344318.3860528
6105,Episode_Reward/hand_payload_pose,12.403314590454102,1780344472.836032
6138,Episode_Reward/hand_payload_pose,12.403613090515137,1780344627.3721886
6171,Episode_Reward/hand_payload_pose,12.403076171875,1780344781.2924178
6204,Episode_Reward/hand_payload_pose,12.402374267578125,1780344935.224994
6237,Episode_Reward/hand_payload_pose,12.40394401550293,1780345090.2026231
6270,Episode_Reward/hand_payload_pose,12.403709411621094,1780345244.549502
6303,Episode_Reward/hand_payload_pose,12.404115676879883,1780345399.4406052
6336,Episode_Reward/hand_payload_pose,12.403915405273438,1780345554.3108752
6369,Episode_Reward/hand_payload_pose,12.403318405151367,1780345709.3614848
6402,Episode_Reward/hand_payload_pose,12.404699325561523,1780345862.8469458
6435,Episode_Reward/hand_payload_pose,12.404406547546387,1780346016.935197
6468,Episode_Reward/hand_payload_pose,12.404398918151855,1780346170.7565193
6501,Episode_Reward/hand_payload_pose,12.404253959655762,1780346324.5835574
6534,Episode_Reward/hand_payload_pose,12.380205154418945,1780346477.612937
6567,Episode_Reward/hand_payload_pose,12.40391731262207,1780346630.7614102
6600,Episode_Reward/hand_payload_pose,12.403766632080078,1780346784.4229276
6633,Episode_Reward/hand_payload_pose,12.403884887695312,1780346937.342863
6666,Episode_Reward/hand_payload_pose,12.404012680053711,1780347090.543229
6699,Episode_Reward/hand_payload_pose,12.402663230895996,1780347243.2560692
6732,Episode_Reward/hand_payload_pose,12.404088973999023,1780347395.9356532
6765,Episode_Reward/hand_payload_pose,12.403739929199219,1780347549.6172495
6798,Episode_Reward/hand_payload_pose,12.404365539550781,1780347704.0298738
6831,Episode_Reward/hand_payload_pose,12.404627799987793,1780347857.1134367
6864,Episode_Reward/hand_payload_pose,12.404546737670898,1780348009.699932
6897,Episode_Reward/hand_payload_pose,12.405685424804688,1780348162.1269355
6930,Episode_Reward/hand_payload_pose,12.405734062194824,1780348314.045692
6963,Episode_Reward/hand_payload_pose,12.405878067016602,1780348466.9231212
6996,Episode_Reward/hand_payload_pose,12.4072265625,1780348619.4491227
7029,Episode_Reward/hand_payload_pose,12.409126281738281,1780348771.5011544
7062,Episode_Reward/hand_payload_pose,12.407852172851562,1780348923.9810224
7095,Episode_Reward/hand_payload_pose,12.40815258026123,1780349076.2848368
7128,Episode_Reward/hand_payload_pose,12.408540725708008,1780349228.9327893
7161,Episode_Reward/hand_payload_pose,12.408195495605469,1780349381.1637006
7194,Episode_Reward/hand_payload_pose,12.40826416015625,1780349533.334059
7227,Episode_Reward/hand_payload_pose,12.408995628356934,1780349684.514997
7260,Episode_Reward/hand_payload_pose,12.409353256225586,1780349835.8942773
7293,Episode_Reward/hand_payload_pose,12.410372734069824,1780349986.7219374
7326,Episode_Reward/hand_payload_pose,12.411306381225586,1780350138.1266532
7359,Episode_Reward/hand_payload_pose,12.409412384033203,1780350288.8551025
7392,Episode_Reward/hand_payload_pose,12.409815788269043,1780350439.7237103
7425,Episode_Reward/hand_payload_pose,12.409568786621094,1780350591.099876
7458,Episode_Reward/hand_payload_pose,12.409395217895508,1780350741.8135772
7491,Episode_Reward/hand_payload_pose,12.409442901611328,1780350893.5437808
7524,Episode_Reward/hand_payload_pose,12.409613609313965,1780351044.9980388
7557,Episode_Reward/hand_payload_pose,12.409252166748047,1780351196.3447857
7590,Episode_Reward/hand_payload_pose,12.408273696899414,1780351347.7456653
7623,Episode_Reward/hand_payload_pose,12.408651351928711,1780351498.904455
7656,Episode_Reward/hand_payload_pose,12.408796310424805,1780351650.5104206
7689,Episode_Reward/hand_payload_pose,12.410029411315918,1780351802.1370125
7722,Episode_Reward/hand_payload_pose,12.410128593444824,1780351953.6936011
7755,Episode_Reward/hand_payload_pose,12.409646987915039,1780352105.179045
7788,Episode_Reward/hand_payload_pose,12.410013198852539,1780352257.0460248
7821,Episode_Reward/hand_payload_pose,12.411067008972168,1780352408.1076207
7854,Episode_Reward/hand_payload_pose,12.411079406738281,1780352559.7953572
7887,Episode_Reward/hand_payload_pose,12.410746574401855,1780352711.0911214
7920,Episode_Reward/hand_payload_pose,12.410469055175781,1780352861.8480942
7953,Episode_Reward/hand_payload_pose,12.410629272460938,1780353012.9761405
7986,Episode_Reward/hand_payload_pose,12.41102409362793,1780353164.6501503
8019,Episode_Reward/hand_payload_pose,12.4120512008667,1780353314.9914424
8052,Episode_Reward/hand_payload_pose,12.411811828613281,1780353466.045113
8085,Episode_Reward/hand_payload_pose,12.41163444519043,1780353617.7514904
8118,Episode_Reward/hand_payload_pose,12.410006523132324,1780353769.0835238
8151,Episode_Reward/hand_payload_pose,12.411245346069336,1780353919.7328236
8184,Episode_Reward/hand_payload_pose,12.41101360321045,1780354072.2521966
8217,Episode_Reward/hand_payload_pose,12.41181755065918,1780354224.2461748
8250,Episode_Reward/hand_payload_pose,12.411338806152344,1780354375.4253771
8283,Episode_Reward/hand_payload_pose,12.41003704071045,1780354527.5372791
8316,Episode_Reward/hand_payload_pose,12.391517639160156,1780354679.3117254
8349,Episode_Reward/hand_payload_pose,12.410377502441406,1780354813.4299805
8382,Episode_Reward/hand_payload_pose,12.410113334655762,1780354964.6688929
8415,Episode_Reward/hand_payload_pose,12.409846305847168,1780355116.337057
8448,Episode_Reward/hand_payload_pose,12.410533905029297,1780355268.0450015
8481,Episode_Reward/hand_payload_pose,12.410014152526855,1780355419.953421
8514,Episode_Reward/hand_payload_pose,12.409896850585938,1780355571.825814
8547,Episode_Reward/hand_payload_pose,12.410090446472168,1780355723.7705922
8580,Episode_Reward/hand_payload_pose,12.4105863571167,1780355875.9638863
8613,Episode_Reward/hand_payload_pose,12.410049438476562,1780356027.5857089
8646,Episode_Reward/hand_payload_pose,12.41098690032959,1780356179.1120071
8679,Episode_Reward/hand_payload_pose,12.410087585449219,1780356330.444432
8712,Episode_Reward/hand_payload_pose,12.41065788269043,1780356481.636602
8745,Episode_Reward/hand_payload_pose,12.409189224243164,1780356633.9003158
8778,Episode_Reward/hand_payload_pose,12.409482955932617,1780356786.031914
8811,Episode_Reward/hand_payload_pose,12.409808158874512,1780356938.2828596
8844,Episode_Reward/hand_payload_pose,12.41047477722168,1780357090.7054427
8877,Episode_Reward/hand_payload_pose,12.41033935546875,1780357242.338754
8910,Episode_Reward/hand_payload_pose,12.40980339050293,1780357396.03354
8943,Episode_Reward/hand_payload_pose,12.410738945007324,1780357549.6423025
8976,Episode_Reward/hand_payload_pose,12.410918235778809,1780357702.7073812
9009,Episode_Reward/hand_payload_pose,12.4108304977417,1780357855.8935864
9042,Episode_Reward/hand_payload_pose,12.410633087158203,1780358008.8464496
9075,Episode_Reward/hand_payload_pose,12.4109525680542,1780358161.88204
9108,Episode_Reward/hand_payload_pose,12.411308288574219,1780358315.3604605
9141,Episode_Reward/hand_payload_pose,12.411340713500977,1780358471.2573159
9174,Episode_Reward/hand_payload_pose,12.410174369812012,1780358625.494354
9207,Episode_Reward/hand_payload_pose,12.41065788269043,1780358778.9167957
9240,Episode_Reward/hand_payload_pose,12.410540580749512,1780358933.7945647
9273,Episode_Reward/hand_payload_pose,12.410197257995605,1780359087.2134085
9306,Episode_Reward/hand_payload_pose,12.410330772399902,1780359240.0704606
9339,Episode_Reward/hand_payload_pose,12.410852432250977,1780359391.9667187
9372,Episode_Reward/hand_payload_pose,12.410934448242188,1780359543.1632428
9405,Episode_Reward/hand_payload_pose,12.41082763671875,1780359696.0359461
9438,Episode_Reward/hand_payload_pose,12.411429405212402,1780359848.4710233
9471,Episode_Reward/hand_payload_pose,12.41124153137207,1780360000.2845168
9504,Episode_Reward/hand_payload_pose,12.411296844482422,1780360151.47458
9537,Episode_Reward/hand_payload_pose,12.410745620727539,1780360302.1436787
9570,Episode_Reward/hand_payload_pose,12.411529541015625,1780360454.142789
9603,Episode_Reward/hand_payload_pose,12.412155151367188,1780360607.2894046
9636,Episode_Reward/hand_payload_pose,12.412680625915527,1780360759.835981
9669,Episode_Reward/hand_payload_pose,12.41254711151123,1780360912.1421254
9702,Episode_Reward/hand_payload_pose,12.412422180175781,1780361064.1452081
9735,Episode_Reward/hand_payload_pose,12.412924766540527,1780361215.7301116
9768,Episode_Reward/hand_payload_pose,12.413108825683594,1780361366.8698409
9801,Episode_Reward/hand_payload_pose,12.413772583007812,1780361518.3762274
9834,Episode_Reward/hand_payload_pose,12.413040161132812,1780361670.9851897
9867,Episode_Reward/hand_payload_pose,12.411955833435059,1780361823.912502
9900,Episode_Reward/hand_payload_pose,12.412470817565918,1780361977.0252564
9933,Episode_Reward/hand_payload_pose,12.41217041015625,1780362130.0221193
9966,Episode_Reward/hand_payload_pose,12.412557601928711,1780362281.6751208
9999,Episode_Reward/hand_payload_pose,12.412986755371094,1780362434.3219569
10032,Episode_Reward/hand_payload_pose,12.412557601928711,1780362587.9070919
10065,Episode_Reward/hand_payload_pose,12.412652969360352,1780362741.2396007
10098,Episode_Reward/hand_payload_pose,12.412673950195312,1780362894.039257
10131,Episode_Reward/hand_payload_pose,12.41319465637207,1780363045.6844912
10164,Episode_Reward/hand_payload_pose,12.413124084472656,1780363197.4467177
10197,Episode_Reward/hand_payload_pose,12.40512466430664,1780363348.7149065
10230,Episode_Reward/hand_payload_pose,12.4119291305542,1780363499.8101218
10263,Episode_Reward/hand_payload_pose,12.412928581237793,1780363651.3183699
10296,Episode_Reward/hand_payload_pose,12.41364574432373,1780363803.1200774
10329,Episode_Reward/hand_payload_pose,12.413752555847168,1780363955.14987
10362,Episode_Reward/hand_payload_pose,12.414047241210938,1780364107.2326553
10395,Episode_Reward/hand_payload_pose,12.41324520111084,1780364259.6640356
10428,Episode_Reward/hand_payload_pose,12.414810180664062,1780364411.1460338
10461,Episode_Reward/hand_payload_pose,12.414833068847656,1780364562.3685675
10494,Episode_Reward/hand_payload_pose,12.381918907165527,1780364713.342801
10527,Episode_Reward/hand_payload_pose,12.414922714233398,1780364864.1531994
10560,Episode_Reward/hand_payload_pose,12.413763999938965,1780365015.0750031
10593,Episode_Reward/hand_payload_pose,12.41541862487793,1780365166.1885622
10626,Episode_Reward/hand_payload_pose,12.415382385253906,1780365316.9060273
10659,Episode_Reward/hand_payload_pose,12.414599418640137,1780365468.2755249
10692,Episode_Reward/hand_payload_pose,12.414396286010742,1780365619.2935445
10725,Episode_Reward/hand_payload_pose,12.41446304321289,1780365770.5208652
10758,Episode_Reward/hand_payload_pose,12.414999008178711,1780365921.3162148
10791,Episode_Reward/hand_payload_pose,12.415071487426758,1780366071.658129
10824,Episode_Reward/hand_payload_pose,12.414474487304688,1780366222.2226624
10857,Episode_Reward/hand_payload_pose,12.415035247802734,1780366373.3037019
10890,Episode_Reward/hand_payload_pose,12.415878295898438,1780366524.2218304
10923,Episode_Reward/hand_payload_pose,12.416280746459961,1780366675.375778
10956,Episode_Reward/hand_payload_pose,12.416293144226074,1780366826.3599138
10989,Episode_Reward/hand_payload_pose,12.415194511413574,1780366977.5764894
11022,Episode_Reward/hand_payload_pose,12.417160034179688,1780367129.4306786
11055,Episode_Reward/hand_payload_pose,12.416991233825684,1780367280.738156
11088,Episode_Reward/hand_payload_pose,12.416706085205078,1780367432.544894
11121,Episode_Reward/hand_payload_pose,12.416336059570312,1780367583.7887957
11154,Episode_Reward/hand_payload_pose,12.417060852050781,1780367735.0354052
11187,Episode_Reward/hand_payload_pose,12.415733337402344,1780367886.0472686
11220,Episode_Reward/hand_payload_pose,12.415397644042969,1780368037.3813016
11253,Episode_Reward/hand_payload_pose,12.415785789489746,1780368188.4663832
11286,Episode_Reward/hand_payload_pose,12.41559886932373,1780368339.5158532
11319,Episode_Reward/hand_payload_pose,12.41556167602539,1780368491.1226842
11352,Episode_Reward/hand_payload_pose,12.415111541748047,1780368642.9491477
11385,Episode_Reward/hand_payload_pose,12.415377616882324,1780368794.0176086
11418,Episode_Reward/hand_payload_pose,12.415644645690918,1780368944.835095
11451,Episode_Reward/hand_payload_pose,12.415614128112793,1780369095.9114804
11484,Episode_Reward/hand_payload_pose,12.416854858398438,1780369247.0932038
11517,Episode_Reward/hand_payload_pose,12.416620254516602,1780369397.839227
11550,Episode_Reward/hand_payload_pose,12.416288375854492,1780369548.840798
11583,Episode_Reward/hand_payload_pose,12.416229248046875,1780369699.2710252
11616,Episode_Reward/hand_payload_pose,12.416242599487305,1780369850.6420074
11649,Episode_Reward/hand_payload_pose,12.416624069213867,1780370001.5877495
11682,Episode_Reward/hand_payload_pose,12.417078971862793,1780370152.4471557
11715,Episode_Reward/hand_payload_pose,12.416767120361328,1780370303.585693
11748,Episode_Reward/hand_payload_pose,12.416692733764648,1780370455.164458
11781,Episode_Reward/hand_payload_pose,12.416467666625977,1780370606.743934
11814,Episode_Reward/hand_payload_pose,12.416949272155762,1780370758.230511
11847,Episode_Reward/hand_payload_pose,12.416297912597656,1780370909.1771216
11880,Episode_Reward/hand_payload_pose,12.416374206542969,1780371060.8938026
11913,Episode_Reward/hand_payload_pose,12.41608715057373,1780371211.5485497
11946,Episode_Reward/hand_payload_pose,12.41676139831543,1780371363.1182458
11979,Episode_Reward/hand_payload_pose,12.416296005249023,1780371513.234256
12012,Episode_Reward/hand_payload_pose,12.417140007019043,1780371663.7712815
12045,Episode_Reward/hand_payload_pose,12.416908264160156,1780371815.0811336
12078,Episode_Reward/hand_payload_pose,12.417078971862793,1780371965.8841512
12111,Episode_Reward/hand_payload_pose,12.416717529296875,1780372111.376523
12144,Episode_Reward/hand_payload_pose,12.416559219360352,1780372260.2337108
12177,Episode_Reward/hand_payload_pose,12.416707992553711,1780372412.137443
12210,Episode_Reward/hand_payload_pose,12.41650390625,1780372563.1252706
12243,Episode_Reward/hand_payload_pose,12.416346549987793,1780372714.4411287
12276,Episode_Reward/hand_payload_pose,12.416537284851074,1780372865.8477464
12309,Episode_Reward/hand_payload_pose,12.416895866394043,1780373016.606639
12342,Episode_Reward/hand_payload_pose,12.416967391967773,1780373167.1787055
12375,Episode_Reward/hand_payload_pose,12.416911125183105,1780373318.3779807
12408,Episode_Reward/hand_payload_pose,12.416536331176758,1780373469.5405276
12441,Episode_Reward/hand_payload_pose,12.416658401489258,1780373621.7546194
12474,Episode_Reward/hand_payload_pose,12.4174222946167,1780373773.1083229
12507,Episode_Reward/hand_payload_pose,12.417411804199219,1780373924.3680918
12540,Episode_Reward/hand_payload_pose,12.417583465576172,1780374075.344034
12573,Episode_Reward/hand_payload_pose,12.417715072631836,1780374226.3315501
12606,Episode_Reward/hand_payload_pose,12.41731071472168,1780374377.8740242
12639,Episode_Reward/hand_payload_pose,12.417594909667969,1780374528.6972587
12672,Episode_Reward/hand_payload_pose,12.417455673217773,1780374679.4864075
12705,Episode_Reward/hand_payload_pose,12.417182922363281,1780374830.6872392
12738,Episode_Reward/hand_payload_pose,12.417593955993652,1780374981.5221448
12771,Episode_Reward/hand_payload_pose,12.41834831237793,1780375132.112186
12804,Episode_Reward/hand_payload_pose,12.418017387390137,1780375283.4258263
12837,Episode_Reward/hand_payload_pose,12.417986869812012,1780375433.540354
12870,Episode_Reward/hand_payload_pose,12.416006088256836,1780375584.552333
12903,Episode_Reward/hand_payload_pose,12.417529106140137,1780375735.6747506
12936,Episode_Reward/hand_payload_pose,12.417436599731445,1780375886.562847
12969,Episode_Reward/hand_payload_pose,12.417306900024414,1780376037.9252665
13002,Episode_Reward/hand_payload_pose,12.417529106140137,1780376189.9699996
13035,Episode_Reward/hand_payload_pose,12.417530059814453,1780376341.8797066
13068,Episode_Reward/hand_payload_pose,12.417633056640625,1780376493.2363927
13101,Episode_Reward/hand_payload_pose,12.417468070983887,1780376645.2976704
13134,Episode_Reward/hand_payload_pose,12.417391777038574,1780376797.9687505
13167,Episode_Reward/hand_payload_pose,12.41790771484375,1780376951.2701452
13200,Episode_Reward/hand_payload_pose,12.417816162109375,1780377107.9029422
13233,Episode_Reward/hand_payload_pose,12.416068077087402,1780377264.7187855
13266,Episode_Reward/hand_payload_pose,12.416975021362305,1780377418.6754572
13299,Episode_Reward/hand_payload_pose,12.417143821716309,1780377571.608054
13332,Episode_Reward/hand_payload_pose,12.41711711883545,1780377725.0841987
13365,Episode_Reward/hand_payload_pose,12.414764404296875,1780377878.443766
13398,Episode_Reward/hand_payload_pose,12.414144515991211,1780378035.4239907
13431,Episode_Reward/hand_payload_pose,12.415719985961914,1780378190.4888525
13464,Episode_Reward/hand_payload_pose,12.415010452270508,1780378343.9301956
13497,Episode_Reward/hand_payload_pose,12.415675163269043,1780378498.2346697
13530,Episode_Reward/hand_payload_pose,12.414911270141602,1780378652.3599937
13563,Episode_Reward/hand_payload_pose,12.416353225708008,1780378807.8916662
13596,Episode_Reward/hand_payload_pose,12.416425704956055,1780378965.3096
13629,Episode_Reward/hand_payload_pose,12.416463851928711,1780379120.6898162
13662,Episode_Reward/hand_payload_pose,12.416875839233398,1780379275.5114396
13695,Episode_Reward/hand_payload_pose,12.417864799499512,1780379430.045663
13728,Episode_Reward/hand_payload_pose,12.393172264099121,1780379584.5418158
13761,Episode_Reward/hand_payload_pose,12.41723918914795,1780379738.6625676
13794,Episode_Reward/hand_payload_pose,12.416566848754883,1780379892.4372714
13827,Episode_Reward/hand_payload_pose,12.416522979736328,1780380046.3340251
13860,Episode_Reward/hand_payload_pose,12.416654586791992,1780380200.6250107
13893,Episode_Reward/hand_payload_pose,12.417277336120605,1780380356.8885062
13926,Episode_Reward/hand_payload_pose,12.4173002243042,1780380511.3466506
13959,Episode_Reward/hand_payload_pose,12.417409896850586,1780380665.101539
13992,Episode_Reward/hand_payload_pose,12.417414665222168,1780380820.3041527
14025,Episode_Reward/hand_payload_pose,12.417852401733398,1780380975.378279
14058,Episode_Reward/hand_payload_pose,12.404905319213867,1780381130.134958
14091,Episode_Reward/hand_payload_pose,12.416365623474121,1780381284.278479
14124,Episode_Reward/hand_payload_pose,12.416850090026855,1780381438.8045895
14157,Episode_Reward/hand_payload_pose,12.416693687438965,1780381593.055528
14190,Episode_Reward/hand_payload_pose,12.416955947875977,1780381747.7058609
14223,Episode_Reward/hand_payload_pose,12.417976379394531,1780381901.524248
14256,Episode_Reward/hand_payload_pose,12.418420791625977,1780382055.8578033
14289,Episode_Reward/hand_payload_pose,12.418841361999512,1780382211.4187884
14322,Episode_Reward/hand_payload_pose,12.41899299621582,1780382369.0123298
14355,Episode_Reward/hand_payload_pose,12.417852401733398,1780382534.865956
14388,Episode_Reward/hand_payload_pose,12.418292045593262,1780382692.2323215
14421,Episode_Reward/hand_payload_pose,12.418844223022461,1780382849.4523656
14454,Episode_Reward/hand_payload_pose,12.418466567993164,1780383006.81233
14487,Episode_Reward/hand_payload_pose,12.41689682006836,1780383157.4227033
14520,Episode_Reward/hand_payload_pose,12.418464660644531,1780383315.4347074
14553,Episode_Reward/hand_payload_pose,12.418554306030273,1780383472.2381248
14586,Episode_Reward/hand_payload_pose,12.418719291687012,1780383630.3851738
14619,Episode_Reward/hand_payload_pose,12.4189453125,1780383779.505995
14652,Episode_Reward/hand_payload_pose,12.419403076171875,1780383937.5082471
14685,Episode_Reward/hand_payload_pose,12.416144371032715,1780384091.8725219
14718,Episode_Reward/hand_payload_pose,12.415245056152344,1780384239.1700675
14751,Episode_Reward/hand_payload_pose,12.415889739990234,1780384390.278805
14784,Episode_Reward/hand_payload_pose,12.417384147644043,1780384543.9612591
14817,Episode_Reward/hand_payload_pose,12.417829513549805,1780384698.473275
14850,Episode_Reward/hand_payload_pose,12.417013168334961,1780384854.982526
14883,Episode_Reward/hand_payload_pose,12.395940780639648,1780385006.6648512
14916,Episode_Reward/hand_payload_pose,12.416796684265137,1780385164.038633
14949,Episode_Reward/hand_payload_pose,12.417404174804688,1780385321.313423
14982,Episode_Reward/hand_payload_pose,12.31482219696045,1780385478.095612
15015,Episode_Reward/hand_payload_pose,12.416854858398438,1780385636.180858
15048,Episode_Reward/hand_payload_pose,12.398580551147461,1780385793.007636
15081,Episode_Reward/hand_payload_pose,12.415939331054688,1780385947.2318084
15114,Episode_Reward/hand_payload_pose,12.413999557495117,1780386101.1550083
15147,Episode_Reward/hand_payload_pose,12.414094924926758,1780386254.1641443
15180,Episode_Reward/hand_payload_pose,12.414024353027344,1780386410.1474235
15213,Episode_Reward/hand_payload_pose,12.414922714233398,1780386564.5650542
15246,Episode_Reward/hand_payload_pose,12.415714263916016,1780386713.748699
15279,Episode_Reward/hand_payload_pose,12.413912773132324,1780386867.4998057
15312,Episode_Reward/hand_payload_pose,12.414680480957031,1780387024.8511536
15345,Episode_Reward/hand_payload_pose,12.414396286010742,1780387174.302627
15378,Episode_Reward/hand_payload_pose,12.414484024047852,1780387328.3492455
15411,Episode_Reward/hand_payload_pose,12.41615104675293,1780387481.1847844
15444,Episode_Reward/hand_payload_pose,12.417269706726074,1780387634.8616302
15477,Episode_Reward/hand_payload_pose,12.39234733581543,1780387787.6838403
15510,Episode_Reward/hand_payload_pose,12.415125846862793,1780387941.721408
15543,Episode_Reward/hand_payload_pose,12.417051315307617,1780388096.0279453
15576,Episode_Reward/hand_payload_pose,12.416522026062012,1780388246.9984233
15609,Episode_Reward/hand_payload_pose,12.416418075561523,1780388401.643972
15642,Episode_Reward/hand_payload_pose,12.416482925415039,1780388556.0861056
15675,Episode_Reward/hand_payload_pose,12.416946411132812,1780388710.337961
15708,Episode_Reward/hand_payload_pose,12.400958061218262,1780388863.9249423
15741,Episode_Reward/hand_payload_pose,12.41540813446045,1780389018.9499815
15774,Episode_Reward/hand_payload_pose,12.416594505310059,1780389174.095005
15807,Episode_Reward/hand_payload_pose,12.417010307312012,1780389329.1490674
15840,Episode_Reward/hand_payload_pose,12.404558181762695,1780389481.8881314
15873,Episode_Reward/hand_payload_pose,12.418292045593262,1780389637.0808537
15906,Episode_Reward/hand_payload_pose,12.418914794921875,1780389792.7659533
15939,Episode_Reward/hand_payload_pose,12.361793518066406,1780389948.4670675
15972,Episode_Reward/hand_payload_pose,12.417834281921387,1780390104.1424496
16005,Episode_Reward/hand_payload_pose,12.415552139282227,1780390257.18171
16038,Episode_Reward/hand_payload_pose,12.416656494140625,1780390409.5929096
16071,Episode_Reward/hand_payload_pose,12.416654586791992,1780390563.544743
16104,Episode_Reward/hand_payload_pose,12.36861801147461,1780390717.6325998
16137,Episode_Reward/hand_payload_pose,12.417369842529297,1780390872.3322296
16170,Episode_Reward/hand_payload_pose,12.41836929321289,1780391020.832435
16203,Episode_Reward/hand_payload_pose,12.419034957885742,1780391174.8762014
16236,Episode_Reward/hand_payload_pose,12.419927597045898,1780391328.807037
16269,Episode_Reward/hand_payload_pose,12.420007705688477,1780391482.645812
16302,Episode_Reward/hand_payload_pose,12.419928550720215,1780391635.8524435
16335,Episode_Reward/hand_payload_pose,12.420886993408203,1780391789.5109162
16368,Episode_Reward/hand_payload_pose,12.421749114990234,1780391943.62051
16401,Episode_Reward/hand_payload_pose,12.331537246704102,1780392097.6554
16434,Episode_Reward/hand_payload_pose,12.420783996582031,1780392251.4404147
16467,Episode_Reward/hand_payload_pose,12.42074203491211,1780392405.0579376
16500,Episode_Reward/hand_payload_pose,12.420316696166992,1780392559.0012052
16533,Episode_Reward/hand_payload_pose,12.420318603515625,1780392712.1350102
16566,Episode_Reward/hand_payload_pose,12.420263290405273,1780392865.7252672
16599,Episode_Reward/hand_payload_pose,12.421073913574219,1780393019.5323277
16632,Episode_Reward/hand_payload_pose,12.421808242797852,1780393173.3829875
16665,Episode_Reward/hand_payload_pose,12.422195434570312,1780393328.0393803
16698,Episode_Reward/hand_payload_pose,12.421420097351074,1780393482.8561306
16731,Episode_Reward/hand_payload_pose,12.422266006469727,1780393637.2358158
16764,Episode_Reward/hand_payload_pose,12.421679496765137,1780393791.1308424
16797,Episode_Reward/hand_payload_pose,12.404722213745117,1780393946.090718
16830,Episode_Reward/hand_payload_pose,12.420684814453125,1780394100.6939697
16863,Episode_Reward/hand_payload_pose,12.420364379882812,1780394255.5985308
16896,Episode_Reward/hand_payload_pose,12.41986083984375,1780394410.6049743
16929,Episode_Reward/hand_payload_pose,12.419977188110352,1780394565.4355505
16962,Episode_Reward/hand_payload_pose,12.420440673828125,1780394719.245777
16995,Episode_Reward/hand_payload_pose,12.420242309570312,1780394874.1909528
17028,Episode_Reward/hand_payload_pose,12.419740676879883,1780395030.214061
17061,Episode_Reward/hand_payload_pose,12.420631408691406,1780395185.2375972
17094,Episode_Reward/hand_payload_pose,12.421130180358887,1780395340.3212924
17127,Episode_Reward/hand_payload_pose,12.42138957977295,1780395495.1470475
17160,Episode_Reward/hand_payload_pose,12.421852111816406,1780395650.9562201
17193,Episode_Reward/hand_payload_pose,12.422134399414062,1780395808.53854
17226,Episode_Reward/hand_payload_pose,12.422468185424805,1780395965.9270725
17259,Episode_Reward/hand_payload_pose,12.409625053405762,1780396122.411146
17292,Episode_Reward/hand_payload_pose,12.422965049743652,1780396278.745245
17325,Episode_Reward/hand_payload_pose,12.42267894744873,1780396435.830432
17358,Episode_Reward/hand_payload_pose,12.422846794128418,1780396591.9775004
17391,Episode_Reward/hand_payload_pose,12.42161750793457,1780396749.0636702
17424,Episode_Reward/hand_payload_pose,12.42258071899414,1780396909.5231266
17457,Episode_Reward/hand_payload_pose,12.423449516296387,1780397064.819234
17490,Episode_Reward/hand_payload_pose,12.42417049407959,1780397220.5617862
17523,Episode_Reward/hand_payload_pose,12.423284530639648,1780397375.6501513
17556,Episode_Reward/hand_payload_pose,12.421422958374023,1780397530.5459893
17589,Episode_Reward/hand_payload_pose,12.421516418457031,1780397684.6159873
17622,Episode_Reward/hand_payload_pose,12.422990798950195,1780397840.1354167
17655,Episode_Reward/hand_payload_pose,12.423022270202637,1780397994.9229686
17688,Episode_Reward/hand_payload_pose,12.423490524291992,1780398150.3332407
17721,Episode_Reward/hand_payload_pose,12.42371654510498,1780398305.897929
17754,Episode_Reward/hand_payload_pose,12.423662185668945,1780398461.2102416
17787,Episode_Reward/hand_payload_pose,12.422966003417969,1780398617.7219934
17820,Episode_Reward/hand_payload_pose,12.423288345336914,1780398773.5657032
17853,Episode_Reward/hand_payload_pose,12.423887252807617,1780398927.4956822
17886,Episode_Reward/hand_payload_pose,12.423681259155273,1780399082.866924
17919,Episode_Reward/hand_payload_pose,12.423598289489746,1780399237.7984753
17952,Episode_Reward/hand_payload_pose,12.423602104187012,1780399394.064907
17985,Episode_Reward/hand_payload_pose,12.421159744262695,1780399550.8180993
18018,Episode_Reward/hand_payload_pose,12.421740531921387,1780399707.1659007
18051,Episode_Reward/hand_payload_pose,12.411715507507324,1780399862.7054453
18084,Episode_Reward/hand_payload_pose,12.422754287719727,1780400020.0689523
18117,Episode_Reward/hand_payload_pose,12.42230224609375,1780400175.8667097
18150,Episode_Reward/hand_payload_pose,12.422704696655273,1780400331.3539186
18183,Episode_Reward/hand_payload_pose,12.422544479370117,1780400488.0539508
18216,Episode_Reward/hand_payload_pose,12.422409057617188,1780400643.8461723
18249,Episode_Reward/hand_payload_pose,12.421808242797852,1780400800.3523188
18282,Episode_Reward/hand_payload_pose,12.422358512878418,1780400955.8830256
18315,Episode_Reward/hand_payload_pose,12.422358512878418,1780401111.1730247
18348,Episode_Reward/hand_payload_pose,12.422541618347168,1780401267.0805717
18381,Episode_Reward/hand_payload_pose,12.420976638793945,1780401422.0449398
18414,Episode_Reward/hand_payload_pose,12.406024932861328,1780401575.7000134
18447,Episode_Reward/hand_payload_pose,12.421951293945312,1780401730.7455833
18480,Episode_Reward/hand_payload_pose,12.422431945800781,1780401885.1191797
18513,Episode_Reward/hand_payload_pose,12.422271728515625,1780402039.5811298
18546,Episode_Reward/hand_payload_pose,12.42261028289795,1780402194.8653007
18579,Episode_Reward/hand_payload_pose,12.423240661621094,1780402346.8025787
18612,Episode_Reward/hand_payload_pose,12.42353343963623,1780402478.7540486
18645,Episode_Reward/hand_payload_pose,12.423580169677734,1780402632.802477
18678,Episode_Reward/hand_payload_pose,12.423171997070312,1780402788.9488328
18711,Episode_Reward/hand_payload_pose,12.423186302185059,1780402943.2722056
18744,Episode_Reward/hand_payload_pose,12.42368221282959,1780403098.1187782
18777,Episode_Reward/hand_payload_pose,12.422246932983398,1780403253.3380623
18810,Episode_Reward/hand_payload_pose,12.423125267028809,1780403406.3673713
18843,Episode_Reward/hand_payload_pose,12.42313003540039,1780403559.713101
18876,Episode_Reward/hand_payload_pose,12.423904418945312,1780403709.38097
18909,Episode_Reward/hand_payload_pose,12.424148559570312,1780403864.20002
18942,Episode_Reward/hand_payload_pose,12.394915580749512,1780404013.0695827
18975,Episode_Reward/hand_payload_pose,12.423396110534668,1780404161.726572
19008,Episode_Reward/hand_payload_pose,12.424081802368164,1780404315.8333614
19041,Episode_Reward/hand_payload_pose,12.424306869506836,1780404470.5393612
19074,Episode_Reward/hand_payload_pose,12.423934936523438,1780404625.0199194
19107,Episode_Reward/hand_payload_pose,12.423693656921387,1780404778.8279862
19140,Episode_Reward/hand_payload_pose,12.423812866210938,1780404932.5856636
19173,Episode_Reward/hand_payload_pose,12.424287796020508,1780405085.561953
19206,Episode_Reward/hand_payload_pose,12.423608779907227,1780405239.5633779
19239,Episode_Reward/hand_payload_pose,12.423604965209961,1780405393.4546711
19272,Episode_Reward/hand_payload_pose,12.424053192138672,1780405547.6589115
19305,Episode_Reward/hand_payload_pose,12.413531303405762,1780405701.107111
19338,Episode_Reward/hand_payload_pose,12.423232078552246,1780405854.9223585
19371,Episode_Reward/hand_payload_pose,12.424238204956055,1780406009.443609
19404,Episode_Reward/hand_payload_pose,12.424644470214844,1780406163.831587
19437,Episode_Reward/hand_payload_pose,12.422918319702148,1780406317.473838
19470,Episode_Reward/hand_payload_pose,12.421783447265625,1780406470.9563348
19503,Episode_Reward/hand_payload_pose,12.414786338806152,1780406624.1643891
19536,Episode_Reward/hand_payload_pose,12.4228515625,1780406778.1416755
19569,Episode_Reward/hand_payload_pose,12.352737426757812,1780406931.8559597
19602,Episode_Reward/hand_payload_pose,12.423380851745605,1780407084.6875172
19635,Episode_Reward/hand_payload_pose,12.424311637878418,1780407239.168651
19668,Episode_Reward/hand_payload_pose,12.424505233764648,1780407392.9182396
19701,Episode_Reward/hand_payload_pose,12.424705505371094,1780407546.449588
19734,Episode_Reward/hand_payload_pose,12.425594329833984,1780407699.8059645
19767,Episode_Reward/hand_payload_pose,12.425215721130371,1780407853.282778
19800,Episode_Reward/hand_payload_pose,12.424559593200684,1780408006.66664
19833,Episode_Reward/hand_payload_pose,12.424251556396484,1780408159.8808084
19866,Episode_Reward/hand_payload_pose,12.424394607543945,1780408313.8312159
19899,Episode_Reward/hand_payload_pose,12.424530029296875,1780408468.521896
19932,Episode_Reward/hand_payload_pose,12.42407512664795,1780408622.5523362
19965,Episode_Reward/hand_payload_pose,12.42435073852539,1780408775.57482
19998,Episode_Reward/hand_payload_pose,12.424715995788574,1780408928.5087843
20031,Episode_Reward/hand_payload_pose,12.422679901123047,1780409082.2258065
20064,Episode_Reward/hand_payload_pose,12.421600341796875,1780409236.069037
20097,Episode_Reward/hand_payload_pose,12.422306060791016,1780409390.5884557
20130,Episode_Reward/hand_payload_pose,12.422724723815918,1780409544.3081667
20163,Episode_Reward/hand_payload_pose,12.423690795898438,1780409698.7691982
20196,Episode_Reward/hand_payload_pose,12.423831939697266,1780409852.7281666
20229,Episode_Reward/hand_payload_pose,12.420047760009766,1780410006.3279607
20262,Episode_Reward/hand_payload_pose,12.406001091003418,1780410160.8809326
20295,Episode_Reward/hand_payload_pose,12.422041893005371,1780410314.2190661
20328,Episode_Reward/hand_payload_pose,12.422709465026855,1780410467.8202012
20361,Episode_Reward/hand_payload_pose,12.4225492477417,1780410621.0563622
20394,Episode_Reward/hand_payload_pose,12.423480033874512,1780410774.0105526
20427,Episode_Reward/hand_payload_pose,12.423194885253906,1780410926.9600878
20460,Episode_Reward/hand_payload_pose,12.423789024353027,1780411080.0504544
20493,Episode_Reward/hand_payload_pose,12.424062728881836,1780411232.6290972
20526,Episode_Reward/hand_payload_pose,12.42389965057373,1780411387.5812547
20559,Episode_Reward/hand_payload_pose,12.424142837524414,1780411541.5224798
20592,Episode_Reward/hand_payload_pose,12.424723625183105,1780411694.6102283
20625,Episode_Reward/hand_payload_pose,12.424428939819336,1780411848.7068214
20658,Episode_Reward/hand_payload_pose,12.423284530639648,1780412002.9045806
20691,Episode_Reward/hand_payload_pose,12.423395156860352,1780412157.243457
20724,Episode_Reward/hand_payload_pose,12.424067497253418,1780412312.3706207
20757,Episode_Reward/hand_payload_pose,12.425115585327148,1780412466.065107
20790,Episode_Reward/hand_payload_pose,12.406776428222656,1780412621.3029013
20823,Episode_Reward/hand_payload_pose,12.424795150756836,1780412777.4826028
20856,Episode_Reward/hand_payload_pose,12.41560173034668,1780412933.5098772
20889,Episode_Reward/hand_payload_pose,12.419242858886719,1780413087.9191144
20922,Episode_Reward/hand_payload_pose,12.419496536254883,1780413242.5209866
20955,Episode_Reward/hand_payload_pose,12.41802978515625,1780413397.411734
20988,Episode_Reward/hand_payload_pose,12.4192533493042,1780413553.135251
21021,Episode_Reward/hand_payload_pose,12.420682907104492,1780413709.1337678
21054,Episode_Reward/hand_payload_pose,12.4221830368042,1780413864.2439904
21087,Episode_Reward/hand_payload_pose,12.423120498657227,1780414018.848857
21120,Episode_Reward/hand_payload_pose,12.423514366149902,1780414164.4336088
21153,Episode_Reward/hand_payload_pose,12.423093795776367,1780414312.4112778
21186,Episode_Reward/hand_payload_pose,12.423757553100586,1780414467.8255649
21219,Episode_Reward/hand_payload_pose,12.42314338684082,1780414623.4476907
21252,Episode_Reward/hand_payload_pose,12.421003341674805,1780414778.1110737
21285,Episode_Reward/hand_payload_pose,12.421271324157715,1780414933.9048855
21318,Episode_Reward/hand_payload_pose,12.421737670898438,1780415089.960796
21351,Episode_Reward/hand_payload_pose,12.421842575073242,1780415245.8569849
21384,Episode_Reward/hand_payload_pose,12.421175956726074,1780415401.310922
21417,Episode_Reward/hand_payload_pose,12.41940975189209,1780415557.0363777
21450,Episode_Reward/hand_payload_pose,12.418414115905762,1780415713.7319553
21483,Episode_Reward/hand_payload_pose,12.419855117797852,1780415869.9652703
21516,Episode_Reward/hand_payload_pose,12.418878555297852,1780416025.1741319
21549,Episode_Reward/hand_payload_pose,12.41986083984375,1780416181.0062282
21582,Episode_Reward/hand_payload_pose,12.420255661010742,1780416337.162359
21615,Episode_Reward/hand_payload_pose,12.421438217163086,1780416493.7676091
21648,Episode_Reward/hand_payload_pose,12.418990135192871,1780416649.3012853
21681,Episode_Reward/hand_payload_pose,12.418436050415039,1780416805.0214007
21714,Episode_Reward/hand_payload_pose,12.418200492858887,1780416961.369345
21747,Episode_Reward/hand_payload_pose,12.41876220703125,1780417116.2342207
21780,Episode_Reward/hand_payload_pose,12.419685363769531,1780417272.2915947
21813,Episode_Reward/hand_payload_pose,12.419889450073242,1780417428.7787385
21846,Episode_Reward/hand_payload_pose,12.419591903686523,1780417585.5227237
21879,Episode_Reward/hand_payload_pose,12.399993896484375,1780417741.8768446
21912,Episode_Reward/hand_payload_pose,12.419520378112793,1780417898.3096771
21945,Episode_Reward/hand_payload_pose,12.418943405151367,1780418054.6780746
21978,Episode_Reward/hand_payload_pose,12.415727615356445,1780418210.6696856
22011,Episode_Reward/hand_payload_pose,12.416128158569336,1780418362.78635
22044,Episode_Reward/hand_payload_pose,12.414663314819336,1780418516.6278503
22077,Episode_Reward/hand_payload_pose,12.416895866394043,1780418673.5801802
22110,Episode_Reward/hand_payload_pose,12.415006637573242,1780418830.816802
22143,Episode_Reward/hand_payload_pose,12.415630340576172,1780418988.7847502
22176,Episode_Reward/hand_payload_pose,12.415813446044922,1780419145.2312262
22209,Episode_Reward/hand_payload_pose,12.417662620544434,1780419301.745899
22242,Episode_Reward/hand_payload_pose,12.418218612670898,1780419457.6672473
22275,Episode_Reward/hand_payload_pose,12.418388366699219,1780419614.023447
22308,Episode_Reward/hand_payload_pose,12.391046524047852,1780419769.5643115
22341,Episode_Reward/hand_payload_pose,12.399564743041992,1780419925.2171378
22374,Episode_Reward/hand_payload_pose,12.417651176452637,1780420081.1617434
22407,Episode_Reward/hand_payload_pose,12.33216381072998,1780420237.037001
22440,Episode_Reward/hand_payload_pose,12.4182767868042,1780420393.0492275
22473,Episode_Reward/hand_payload_pose,12.418571472167969,1780420548.6168916
22506,Episode_Reward/hand_payload_pose,12.4190092086792,1780420703.949752
22539,Episode_Reward/hand_payload_pose,12.419408798217773,1780420856.0385137
22572,Episode_Reward/hand_payload_pose,12.42005443572998,1780421011.8796165
22605,Episode_Reward/hand_payload_pose,12.418028831481934,1780421168.0005217
22638,Episode_Reward/hand_payload_pose,12.407110214233398,1780421310.2076628
22671,Episode_Reward/hand_payload_pose,12.419174194335938,1780421466.2923715
22704,Episode_Reward/hand_payload_pose,12.329938888549805,1780421622.194886
22737,Episode_Reward/hand_payload_pose,12.416414260864258,1780421778.5702457
22770,Episode_Reward/hand_payload_pose,12.305060386657715,1780421927.4554653
22803,Episode_Reward/hand_payload_pose,12.397551536560059,1780422083.449906
22836,Episode_Reward/hand_payload_pose,12.412208557128906,1780422238.288091
22869,Episode_Reward/hand_payload_pose,12.412467956542969,1780422393.7656994
22902,Episode_Reward/hand_payload_pose,12.413663864135742,1780422549.406644
22935,Episode_Reward/hand_payload_pose,12.390403747558594,1780422704.8660526
22968,Episode_Reward/hand_payload_pose,12.402731895446777,1780422859.5136385
23001,Episode_Reward/hand_payload_pose,12.341803550720215,1780423014.7317123
23034,Episode_Reward/hand_payload_pose,12.411218643188477,1780423170.69764
23067,Episode_Reward/hand_payload_pose,12.412196159362793,1780423326.8233168
23100,Episode_Reward/hand_payload_pose,12.413862228393555,1780423483.086669
23133,Episode_Reward/hand_payload_pose,12.415037155151367,1780423639.0202975
23166,Episode_Reward/hand_payload_pose,12.415621757507324,1780423794.0901537
23199,Episode_Reward/hand_payload_pose,12.311813354492188,1780423949.5925665
23232,Episode_Reward/hand_payload_pose,12.415664672851562,1780424105.191276
23265,Episode_Reward/hand_payload_pose,12.416152954101562,1780424257.318284
23298,Episode_Reward/hand_payload_pose,12.417007446289062,1780424412.8800428
23331,Episode_Reward/hand_payload_pose,12.4171142578125,1780424569.556574
23364,Episode_Reward/hand_payload_pose,12.417709350585938,1780424725.1815014
23397,Episode_Reward/hand_payload_pose,12.35398006439209,1780424880.9483867
23430,Episode_Reward/hand_payload_pose,12.419424057006836,1780425036.6244535
23463,Episode_Reward/hand_payload_pose,12.402369499206543,1780425192.301382
23496,Episode_Reward/hand_payload_pose,12.417884826660156,1780425347.9150486
23529,Episode_Reward/hand_payload_pose,12.418390274047852,1780425504.2604277
23562,Episode_Reward/hand_payload_pose,12.418577194213867,1780425660.5412447
23595,Episode_Reward/hand_payload_pose,12.419723510742188,1780425815.9625752
23628,Episode_Reward/hand_payload_pose,12.419820785522461,1780425971.992818
23661,Episode_Reward/hand_payload_pose,12.420394897460938,1780426128.2256756
23694,Episode_Reward/hand_payload_pose,12.42105770111084,1780426284.2943263
23727,Episode_Reward/hand_payload_pose,12.421046257019043,1780426440.6381812
23760,Episode_Reward/hand_payload_pose,12.42066478729248,1780426595.841789
23793,Episode_Reward/hand_payload_pose,12.404585838317871,1780426751.9449022
23826,Episode_Reward/hand_payload_pose,12.41801643371582,1780426907.4968328
23859,Episode_Reward/hand_payload_pose,12.21557903289795,1780427054.4110446
23892,Episode_Reward/hand_payload_pose,12.413742065429688,1780427207.053806
23925,Episode_Reward/hand_payload_pose,12.360971450805664,1780427364.0621796
23958,Episode_Reward/hand_payload_pose,12.41150188446045,1780427520.389105
23991,Episode_Reward/hand_payload_pose,12.411437034606934,1780427677.5620444
24024,Episode_Reward/hand_payload_pose,12.413894653320312,1780427834.2483044
24057,Episode_Reward/hand_payload_pose,12.413335800170898,1780427990.801085
24090,Episode_Reward/hand_payload_pose,12.413658142089844,1780428147.8522747
24123,Episode_Reward/hand_payload_pose,12.414007186889648,1780428303.980121
24156,Episode_Reward/hand_payload_pose,12.413661003112793,1780428460.4957364
24189,Episode_Reward/hand_payload_pose,12.413650512695312,1780428617.2268329
24222,Episode_Reward/hand_payload_pose,12.400983810424805,1780428772.9837947
24255,Episode_Reward/hand_payload_pose,12.376357078552246,1780428929.3829343
24288,Episode_Reward/hand_payload_pose,12.410198211669922,1780429086.0678232
24321,Episode_Reward/hand_payload_pose,12.409967422485352,1780429242.772213
24354,Episode_Reward/hand_payload_pose,12.410987854003906,1780429399.642974
24387,Episode_Reward/hand_payload_pose,12.412702560424805,1780429556.550993
24420,Episode_Reward/hand_payload_pose,12.41284465789795,1780429712.172456
24453,Episode_Reward/hand_payload_pose,12.412239074707031,1780429867.8941734
24486,Episode_Reward/hand_payload_pose,12.205573081970215,1780430024.919545
24519,Episode_Reward/hand_payload_pose,12.411211967468262,1780430181.2500014
24552,Episode_Reward/hand_payload_pose,12.40906810760498,1780430336.9479766
24585,Episode_Reward/hand_payload_pose,12.409667015075684,1780430492.37828
24618,Episode_Reward/hand_payload_pose,12.409869194030762,1780430648.47715
24651,Episode_Reward/hand_payload_pose,12.41041088104248,1780430806.4273937
24684,Episode_Reward/hand_payload_pose,12.41000747680664,1780430963.3625371
24717,Episode_Reward/hand_payload_pose,12.407718658447266,1780431120.1076744
24750,Episode_Reward/hand_payload_pose,12.407885551452637,1780431276.4541478
24783,Episode_Reward/hand_payload_pose,12.332338333129883,1780431433.4635189
24816,Episode_Reward/hand_payload_pose,12.364738464355469,1780431591.7103705
24849,Episode_Reward/hand_payload_pose,12.361739158630371,1780431749.5147567
24882,Episode_Reward/hand_payload_pose,12.392390251159668,1780431907.5022528
24915,Episode_Reward/hand_payload_pose,12.394607543945312,1780432064.1583805
24948,Episode_Reward/hand_payload_pose,12.393058776855469,1780432221.7542605
24981,Episode_Reward/hand_payload_pose,12.3956298828125,1780432379.4345472
25014,Episode_Reward/hand_payload_pose,12.397345542907715,1780432536.0933065
25047,Episode_Reward/hand_payload_pose,12.39896011352539,1780432692.219311
25080,Episode_Reward/hand_payload_pose,12.400069236755371,1780432848.682253
25113,Episode_Reward/hand_payload_pose,12.400352478027344,1780433005.2427118
25146,Episode_Reward/hand_payload_pose,12.402351379394531,1780433162.1617548
25179,Episode_Reward/hand_payload_pose,12.404951095581055,1780433318.3738494
25212,Episode_Reward/hand_payload_pose,12.405806541442871,1780433474.4265807
25245,Episode_Reward/hand_payload_pose,12.406682968139648,1780433631.3859382
25278,Episode_Reward/hand_payload_pose,12.407075881958008,1780433789.0990689
25311,Episode_Reward/hand_payload_pose,12.408025741577148,1780433946.3422158
25344,Episode_Reward/hand_payload_pose,12.407684326171875,1780434102.8851542
25377,Episode_Reward/hand_payload_pose,12.40373420715332,1780434259.060864
25410,Episode_Reward/hand_payload_pose,12.409266471862793,1780434416.2609098
25443,Episode_Reward/hand_payload_pose,12.40912914276123,1780434573.1390498
25476,Episode_Reward/hand_payload_pose,12.408888816833496,1780434731.4280374
25509,Episode_Reward/hand_payload_pose,12.409307479858398,1780434888.1799653
25542,Episode_Reward/hand_payload_pose,12.4085693359375,1780435044.5874336
25575,Episode_Reward/hand_payload_pose,12.407938003540039,1780435201.4403965
25608,Episode_Reward/hand_payload_pose,12.407615661621094,1780435358.711813
25641,Episode_Reward/hand_payload_pose,12.408601760864258,1780435515.5875885
25674,Episode_Reward/hand_payload_pose,12.408292770385742,1780435671.8644166
25707,Episode_Reward/hand_payload_pose,12.409688949584961,1780435828.6061323
25740,Episode_Reward/hand_payload_pose,12.410737991333008,1780435986.679936
25773,Episode_Reward/hand_payload_pose,12.410360336303711,1780436142.0750012
25806,Episode_Reward/hand_payload_pose,12.40742301940918,1780436299.5655086
25839,Episode_Reward/hand_payload_pose,12.406875610351562,1780436454.969439
25872,Episode_Reward/hand_payload_pose,12.40833854675293,1780436603.9948676
25905,Episode_Reward/hand_payload_pose,12.409475326538086,1780436761.6788704
25938,Episode_Reward/hand_payload_pose,12.409263610839844,1780436918.0855289
25971,Episode_Reward/hand_payload_pose,12.409360885620117,1780437074.911912
26004,Episode_Reward/hand_payload_pose,12.409622192382812,1780437231.9631975
26037,Episode_Reward/hand_payload_pose,12.410070419311523,1780437389.9276092
26070,Episode_Reward/hand_payload_pose,12.409415245056152,1780437546.131421
26103,Episode_Reward/hand_payload_pose,12.40875244140625,1780437704.5787575
26136,Episode_Reward/hand_payload_pose,12.40794563293457,1780437862.404118
26169,Episode_Reward/hand_payload_pose,12.40778923034668,1780438020.0110211
26202,Episode_Reward/hand_payload_pose,12.40805721282959,1780438177.9616246
26235,Episode_Reward/hand_payload_pose,12.406959533691406,1780438336.830993
26268,Episode_Reward/hand_payload_pose,12.406301498413086,1780438494.7806413
26301,Episode_Reward/hand_payload_pose,12.395322799682617,1780438650.240821
26334,Episode_Reward/hand_payload_pose,12.397344589233398,1780438808.8757222
26367,Episode_Reward/hand_payload_pose,12.40400218963623,1780438967.1990001
26400,Episode_Reward/hand_payload_pose,12.402681350708008,1780439125.8113248
26433,Episode_Reward/hand_payload_pose,12.390708923339844,1780439284.2490125
26466,Episode_Reward/hand_payload_pose,12.404808044433594,1780439442.2121522
26499,Episode_Reward/hand_payload_pose,12.403838157653809,1780439600.4056022
26532,Episode_Reward/hand_payload_pose,12.40306282043457,1780439758.6696594
26565,Episode_Reward/hand_payload_pose,12.308021545410156,1780439917.345307
26598,Episode_Reward/hand_payload_pose,12.360952377319336,1780440076.322166
26631,Episode_Reward/hand_payload_pose,12.397933959960938,1780440234.0781891
26664,Episode_Reward/hand_payload_pose,12.396947860717773,1780440392.765245
26697,Episode_Reward/hand_payload_pose,12.346237182617188,1780440551.436964
26730,Episode_Reward/hand_payload_pose,12.360586166381836,1780440710.4648788
26763,Episode_Reward/hand_payload_pose,12.39554500579834,1780440868.7711556
26796,Episode_Reward/hand_payload_pose,12.397944450378418,1780441027.3384256
26829,Episode_Reward/hand_payload_pose,12.385836601257324,1780441185.2304122
26862,Episode_Reward/hand_payload_pose,12.399874687194824,1780441343.6894102
26895,Episode_Reward/hand_payload_pose,12.400398254394531,1780441501.9341881
26928,Episode_Reward/hand_payload_pose,12.40152359008789,1780441658.8868656
26961,Episode_Reward/hand_payload_pose,12.402587890625,1780441815.4057584
26994,Episode_Reward/hand_payload_pose,12.403249740600586,1780441972.2602115
27027,Episode_Reward/hand_payload_pose,12.356890678405762,1780442129.5619745
27060,Episode_Reward/hand_payload_pose,12.40400218963623,1780442286.2375808
27093,Episode_Reward/hand_payload_pose,12.40415096282959,1780442441.8486187
27126,Episode_Reward/hand_payload_pose,12.40467643737793,1780442598.1715207
27159,Episode_Reward/hand_payload_pose,12.406085968017578,1780442754.7708116
27192,Episode_Reward/hand_payload_pose,12.406600952148438,1780442911.230967
27225,Episode_Reward/hand_payload_pose,12.406753540039062,1780443066.9521523
27258,Episode_Reward/hand_payload_pose,12.40728759765625,1780443223.1410143
27291,Episode_Reward/hand_payload_pose,12.407588005065918,1780443379.611463
27324,Episode_Reward/hand_payload_pose,12.407217979431152,1780443535.5951023
27357,Episode_Reward/hand_payload_pose,12.407491683959961,1780443692.7687209
27390,Episode_Reward/hand_payload_pose,12.407835960388184,1780443849.2857256
27423,Episode_Reward/hand_payload_pose,12.4083890914917,1780444006.21695
27456,Episode_Reward/hand_payload_pose,12.407915115356445,1780444163.7749875
27489,Episode_Reward/hand_payload_pose,12.299098014831543,1780444321.3574471
27522,Episode_Reward/hand_payload_pose,12.406339645385742,1780444479.457622
27555,Episode_Reward/hand_payload_pose,12.40506649017334,1780444636.5107753
27588,Episode_Reward/hand_payload_pose,12.398427963256836,1780444793.5260484
27621,Episode_Reward/hand_payload_pose,12.402740478515625,1780444950.2479954
27654,Episode_Reward/hand_payload_pose,12.349445343017578,1780445107.623265
27687,Episode_Reward/hand_payload_pose,12.403112411499023,1780445269.7616696
27720,Episode_Reward/hand_payload_pose,12.403810501098633,1780445428.6745129
27753,Episode_Reward/hand_payload_pose,12.404773712158203,1780445585.7750971
27786,Episode_Reward/hand_payload_pose,12.405590057373047,1780445743.194086
27819,Episode_Reward/hand_payload_pose,12.406002044677734,1780445900.0772848
27852,Episode_Reward/hand_payload_pose,12.405913352966309,1780446059.2265227
27885,Episode_Reward/hand_payload_pose,12.406147003173828,1780446220.7609973
27918,Episode_Reward/hand_payload_pose,12.406564712524414,1780446383.271041
27951,Episode_Reward/hand_payload_pose,12.407814025878906,1780446543.9725757
27984,Episode_Reward/hand_payload_pose,12.4074125289917,1780446705.62559
28017,Episode_Reward/hand_payload_pose,12.394386291503906,1780446866.3861778
28050,Episode_Reward/hand_payload_pose,12.404027938842773,1780447027.8789477
28083,Episode_Reward/hand_payload_pose,12.403791427612305,1780447190.6979032
28116,Episode_Reward/hand_payload_pose,12.403315544128418,1780447351.9628294
28149,Episode_Reward/hand_payload_pose,12.40350341796875,1780447517.8782158
28182,Episode_Reward/hand_payload_pose,12.390996932983398,1780447711.3960168
28215,Episode_Reward/hand_payload_pose,12.405027389526367,1780447894.0838273
28248,Episode_Reward/hand_payload_pose,12.40534782409668,1780448053.7010865
28281,Episode_Reward/hand_payload_pose,12.40638256072998,1780448227.039961
28314,Episode_Reward/hand_payload_pose,12.406100273132324,1780448387.372916
28347,Episode_Reward/hand_payload_pose,12.40709114074707,1780448545.9327333
28380,Episode_Reward/hand_payload_pose,12.4073486328125,1780448704.892443
28413,Episode_Reward/hand_payload_pose,12.406573295593262,1780448863.8633254
28446,Episode_Reward/hand_payload_pose,12.404731750488281,1780449019.1294134
28479,Episode_Reward/hand_payload_pose,12.405372619628906,1780449178.8470905
28512,Episode_Reward/hand_payload_pose,12.404970169067383,1780449338.808849
28545,Episode_Reward/hand_payload_pose,12.405872344970703,1780449498.2015395
28578,Episode_Reward/hand_payload_pose,12.406545639038086,1780449657.2887874
28611,Episode_Reward/hand_payload_pose,12.406782150268555,1780449815.5542052
28644,Episode_Reward/hand_payload_pose,12.405448913574219,1780449974.208089
28677,Episode_Reward/hand_payload_pose,12.40672492980957,1780450133.8158658
28710,Episode_Reward/hand_payload_pose,12.407552719116211,1780450291.5719104
28743,Episode_Reward/hand_payload_pose,12.407851219177246,1780450450.1146686
28776,Episode_Reward/hand_payload_pose,12.407638549804688,1780450608.323675
28809,Episode_Reward/hand_payload_pose,12.408550262451172,1780450765.9877915
28842,Episode_Reward/hand_payload_pose,12.40876579284668,1780450923.051371
28875,Episode_Reward/hand_payload_pose,12.409414291381836,1780451078.0789423
28908,Episode_Reward/hand_payload_pose,12.409391403198242,1780451233.1964228
28941,Episode_Reward/hand_payload_pose,12.409078598022461,1780451387.9913063
28974,Episode_Reward/hand_payload_pose,12.4097900390625,1780451543.3848095
29007,Episode_Reward/hand_payload_pose,12.41003704071045,1780451699.255769
29040,Episode_Reward/hand_payload_pose,12.40968132019043,1780451855.7069588
29073,Episode_Reward/hand_payload_pose,12.409589767456055,1780452011.87323
29106,Episode_Reward/hand_payload_pose,12.410032272338867,1780452169.3260221
29139,Episode_Reward/hand_payload_pose,12.409818649291992,1780452324.94887
29172,Episode_Reward/hand_payload_pose,12.410418510437012,1780452480.3722491
29205,Episode_Reward/hand_payload_pose,12.409812927246094,1780452636.6219091
29238,Episode_Reward/hand_payload_pose,12.4097318649292,1780452792.3644884
29271,Episode_Reward/hand_payload_pose,12.409753799438477,1780452948.2857227
29304,Episode_Reward/hand_payload_pose,12.41037654876709,1780453103.4543214
29337,Episode_Reward/hand_payload_pose,12.41145133972168,1780453259.2060716
29370,Episode_Reward/hand_payload_pose,12.411109924316406,1780453414.5607185
29403,Episode_Reward/hand_payload_pose,12.411131858825684,1780453569.737347
29436,Episode_Reward/hand_payload_pose,12.410883903503418,1780453724.2746084
29469,Episode_Reward/hand_payload_pose,12.410738945007324,1780453879.008931
29502,Episode_Reward/hand_payload_pose,12.410391807556152,1780454034.2401521
29535,Episode_Reward/hand_payload_pose,12.410402297973633,1780454189.4018483
29568,Episode_Reward/hand_payload_pose,12.410682678222656,1780454345.0425353
29601,Episode_Reward/hand_payload_pose,12.410520553588867,1780454501.1779315
29634,Episode_Reward/hand_payload_pose,12.410445213317871,1780454656.9880965
29667,Episode_Reward/hand_payload_pose,12.410459518432617,1780454813.032055
29700,Episode_Reward/hand_payload_pose,12.410151481628418,1780454967.996358
29733,Episode_Reward/hand_payload_pose,12.41137981414795,1780455123.3951168
29766,Episode_Reward/hand_payload_pose,12.411376953125,1780455279.3418136
29799,Episode_Reward/hand_payload_pose,12.410868644714355,1780455435.6635785
29832,Episode_Reward/hand_payload_pose,12.41023063659668,1780455591.4844193
29865,Episode_Reward/hand_payload_pose,12.409541130065918,1780455746.910132
29898,Episode_Reward/hand_payload_pose,12.351957321166992,1780455901.9842942
29931,Episode_Reward/hand_payload_pose,12.40882396697998,1780456057.8690672
29964,Episode_Reward/hand_payload_pose,12.408985137939453,1780456213.5740285
29997,Episode_Reward/hand_payload_pose,12.408487319946289,1780456370.6252728
30030,Episode_Reward/hand_payload_pose,12.408527374267578,1780456527.6095138
30063,Episode_Reward/hand_payload_pose,12.408282279968262,1780456684.5998106
30096,Episode_Reward/hand_payload_pose,12.408285140991211,1780456841.8588023
30129,Episode_Reward/hand_payload_pose,12.408160209655762,1780456999.4908671
30162,Episode_Reward/hand_payload_pose,12.407791137695312,1780457156.489043
30195,Episode_Reward/hand_payload_pose,12.408503532409668,1780457313.166239
30228,Episode_Reward/hand_payload_pose,12.408424377441406,1780457470.9855993
30261,Episode_Reward/hand_payload_pose,12.408317565917969,1780457629.5163856
30294,Episode_Reward/hand_payload_pose,12.406499862670898,1780457786.720706
30327,Episode_Reward/hand_payload_pose,12.406301498413086,1780457945.344765
30360,Episode_Reward/hand_payload_pose,12.406001091003418,1780458102.9010913
30393,Episode_Reward/hand_payload_pose,12.40558910369873,1780458259.9318476
30426,Episode_Reward/hand_payload_pose,12.406245231628418,1780458417.7751489
30459,Episode_Reward/hand_payload_pose,12.405366897583008,1780458575.233433
30492,Episode_Reward/hand_payload_pose,12.40507698059082,1780458732.2657914
30525,Episode_Reward/hand_payload_pose,12.403656005859375,1780458890.3152652
30558,Episode_Reward/hand_payload_pose,12.389183044433594,1780459048.5490034
30591,Episode_Reward/hand_payload_pose,12.401156425476074,1780459206.2495027
30624,Episode_Reward/hand_payload_pose,12.395011901855469,1780459363.3980093
30657,Episode_Reward/hand_payload_pose,12.402381896972656,1780459520.6740596
30690,Episode_Reward/hand_payload_pose,12.402438163757324,1780459678.1413028
30723,Episode_Reward/hand_payload_pose,12.40307903289795,1780459834.5395794
30756,Episode_Reward/hand_payload_pose,12.403291702270508,1780459991.1452599
30789,Episode_Reward/hand_payload_pose,12.4044189453125,1780460148.556598
30822,Episode_Reward/hand_payload_pose,12.40570068359375,1780460306.894528
30855,Episode_Reward/hand_payload_pose,12.39966869354248,1780460464.9965816
30888,Episode_Reward/hand_payload_pose,12.40576457977295,1780460622.7543023
30921,Episode_Reward/hand_payload_pose,12.406606674194336,1780460780.7576158
30954,Episode_Reward/hand_payload_pose,12.407313346862793,1780460938.7857242
30987,Episode_Reward/hand_payload_pose,12.407771110534668,1780461097.2298937
31020,Episode_Reward/hand_payload_pose,12.407672882080078,1780461255.4183068
31053,Episode_Reward/hand_payload_pose,12.408065795898438,1780461414.157973
31086,Episode_Reward/hand_payload_pose,12.407812118530273,1780461572.8879216
31119,Episode_Reward/hand_payload_pose,12.408400535583496,1780461730.7700677
31152,Episode_Reward/hand_payload_pose,12.407938957214355,1780461888.9446523
31185,Episode_Reward/hand_payload_pose,12.406740188598633,1780462045.7018619
31218,Episode_Reward/hand_payload_pose,12.40601921081543,1780462200.67351
31251,Episode_Reward/hand_payload_pose,12.404838562011719,1780462356.3954387
31284,Episode_Reward/hand_payload_pose,12.404292106628418,1780462513.4826505
31317,Episode_Reward/hand_payload_pose,12.404439926147461,1780462671.4164248
31350,Episode_Reward/hand_payload_pose,12.404631614685059,1780462828.4204516
31383,Episode_Reward/hand_payload_pose,12.404498100280762,1780462984.7446902
31416,Episode_Reward/hand_payload_pose,12.406195640563965,1780463140.9981418
31449,Episode_Reward/hand_payload_pose,12.407464981079102,1780463297.1577308
31482,Episode_Reward/hand_payload_pose,12.408614158630371,1780463453.8564346
31515,Episode_Reward/hand_payload_pose,12.408805847167969,1780463610.1400952
31548,Episode_Reward/hand_payload_pose,12.409040451049805,1780463765.6612048
31581,Episode_Reward/hand_payload_pose,12.409744262695312,1780463921.6266348
31614,Episode_Reward/hand_payload_pose,12.407514572143555,1780464077.866222
31647,Episode_Reward/hand_payload_pose,12.40815544128418,1780464234.715619
31680,Episode_Reward/hand_payload_pose,12.408573150634766,1780464391.0803962
31713,Episode_Reward/hand_payload_pose,12.409570693969727,1780464547.0579047
31746,Episode_Reward/hand_payload_pose,12.41029167175293,1780464704.168559
31779,Episode_Reward/hand_payload_pose,12.411026000976562,1780464860.6454475
31812,Episode_Reward/hand_payload_pose,12.411222457885742,1780465017.4543788
31845,Episode_Reward/hand_payload_pose,12.411413192749023,1780465173.3549545
31878,Episode_Reward/hand_payload_pose,12.411497116088867,1780465329.4026568
31911,Episode_Reward/hand_payload_pose,12.365656852722168,1780465484.9994617
31944,Episode_Reward/hand_payload_pose,12.411768913269043,1780465641.6932075
31977,Episode_Reward/hand_payload_pose,12.412487030029297,1780465799.1898816
32010,Episode_Reward/hand_payload_pose,12.41174602508545,1780465955.195469
32043,Episode_Reward/hand_payload_pose,12.411443710327148,1780466111.4381578
32076,Episode_Reward/hand_payload_pose,12.411349296569824,1780466270.1036954
32109,Episode_Reward/hand_payload_pose,12.41151237487793,1780466428.7852383
32142,Episode_Reward/hand_payload_pose,12.411603927612305,1780466586.1648831
32175,Episode_Reward/hand_payload_pose,12.405973434448242,1780466742.0106814
32208,Episode_Reward/hand_payload_pose,12.411088943481445,1780466886.9437618
32241,Episode_Reward/hand_payload_pose,12.41063117980957,1780467043.4551423
32274,Episode_Reward/hand_payload_pose,12.409751892089844,1780467200.041485
32307,Episode_Reward/hand_payload_pose,12.409524917602539,1780467356.7614841
32340,Episode_Reward/hand_payload_pose,12.408491134643555,1780467512.0319142
32373,Episode_Reward/hand_payload_pose,12.40808391571045,1780467668.7376125
32406,Episode_Reward/hand_payload_pose,12.407241821289062,1780467826.0496652
32439,Episode_Reward/hand_payload_pose,12.359619140625,1780467983.620719
32472,Episode_Reward/hand_payload_pose,12.407122611999512,1780468138.9369035
32505,Episode_Reward/hand_payload_pose,12.406245231628418,1780468295.7698534
32538,Episode_Reward/hand_payload_pose,12.387504577636719,1780468452.9135752
32571,Episode_Reward/hand_payload_pose,12.406290054321289,1780468609.6522903
32604,Episode_Reward/hand_payload_pose,12.40671157836914,1780468765.9069896
32637,Episode_Reward/hand_payload_pose,12.406867980957031,1780468922.3392894
32670,Episode_Reward/hand_payload_pose,12.394885063171387,1780469077.6801713
32703,Episode_Reward/hand_payload_pose,12.407694816589355,1780469233.8200693
32736,Episode_Reward/hand_payload_pose,12.407377243041992,1780469390.35541
32769,Episode_Reward/hand_payload_pose,12.408595085144043,1780469547.359044
32802,Episode_Reward/hand_payload_pose,12.409614562988281,1780469704.0064013
32808,Episode_Reward/hand_payload_pose,12.409893035888672,1780469732.8192382
0,Train/mean_reward,-0.11088865250349045,1780315977.9491804
33,Train/mean_reward,3.154691219329834,1780316207.953752
66,Train/mean_reward,26.04971694946289,1780316411.0885923
99,Train/mean_reward,66.09210205078125,1780316608.844653
132,Train/mean_reward,91.85706329345703,1780316800.663136
165,Train/mean_reward,111.69477081298828,1780316969.1292994
198,Train/mean_reward,142.18307495117188,1780317123.5669847
231,Train/mean_reward,266.5373840332031,1780317277.8116949
264,Train/mean_reward,305.3695068359375,1780317413.3596814
297,Train/mean_reward,326.43548583984375,1780317560.0128968
330,Train/mean_reward,332.1824035644531,1780317719.5234098
363,Train/mean_reward,342.5418701171875,1780317880.0464504
396,Train/mean_reward,347.447509765625,1780318019.1305242
429,Train/mean_reward,351.3936767578125,1780318155.4593709
462,Train/mean_reward,354.8262634277344,1780318312.74064
495,Train/mean_reward,357.7610168457031,1780318471.6300802
528,Train/mean_reward,357.38812255859375,1780318629.4689102
561,Train/mean_reward,362.2265319824219,1780318788.3314066
594,Train/mean_reward,363.3797302246094,1780318933.3623965
627,Train/mean_reward,364.799560546875,1780319091.0412576
660,Train/mean_reward,363.5907897949219,1780319249.7365735
693,Train/mean_reward,366.2118225097656,1780319402.58855
726,Train/mean_reward,366.742431640625,1780319557.7500641
759,Train/mean_reward,366.9635009765625,1780319716.0324535
792,Train/mean_reward,367.41455078125,1780319875.7098203
825,Train/mean_reward,364.4293212890625,1780320036.6947355
858,Train/mean_reward,368.4461364746094,1780320196.0659761
891,Train/mean_reward,368.7755432128906,1780320356.2814271
924,Train/mean_reward,368.7923889160156,1780320501.0165825
957,Train/mean_reward,369.06890869140625,1780320647.4880717
990,Train/mean_reward,363.7052001953125,1780320786.6709337
1023,Train/mean_reward,369.3266296386719,1780320932.149294
1056,Train/mean_reward,369.6376037597656,1780321093.1707952
1089,Train/mean_reward,369.5920104980469,1780321254.446297
1122,Train/mean_reward,370.01470947265625,1780321407.0969174
1155,Train/mean_reward,370.21160888671875,1780321567.7158768
1188,Train/mean_reward,370.5046691894531,1780321722.3026876
1221,Train/mean_reward,370.4606018066406,1780321859.7805588
1254,Train/mean_reward,370.7107849121094,1780322008.507748
1287,Train/mean_reward,370.8857727050781,1780322168.8398159
1320,Train/mean_reward,371.0994567871094,1780322329.271004
1353,Train/mean_reward,362.8677673339844,1780322490.0545936
1386,Train/mean_reward,371.3669128417969,1780322647.6155648
1419,Train/mean_reward,371.5679626464844,1780322799.8718026
1452,Train/mean_reward,371.79510498046875,1780322952.6649656
1485,Train/mean_reward,371.9830627441406,1780323082.6725438
1518,Train/mean_reward,371.9889831542969,1780323216.47803
1551,Train/mean_reward,372.1167297363281,1780323372.95639
1584,Train/mean_reward,372.3784484863281,1780323521.8588076
1617,Train/mean_reward,368.082763671875,1780323677.756249
1650,Train/mean_reward,371.124755859375,1780323835.8910184
1683,Train/mean_reward,372.5659484863281,1780323994.2794683
1716,Train/mean_reward,372.47674560546875,1780324152.1095824
1749,Train/mean_reward,372.5473937988281,1780324310.3423357
1782,Train/mean_reward,372.4163818359375,1780324468.7073648
1815,Train/mean_reward,372.4637451171875,1780324626.2538173
1848,Train/mean_reward,372.4662780761719,1780324779.6669855
1881,Train/mean_reward,372.74365234375,1780324936.9817114
1914,Train/mean_reward,372.66497802734375,1780325089.8682747
1947,Train/mean_reward,372.682861328125,1780325246.5855591
1980,Train/mean_reward,372.7034606933594,1780325402.0219414
2013,Train/mean_reward,372.7713928222656,1780325559.1253095
2046,Train/mean_reward,372.6725769042969,1780325715.4346237
2079,Train/mean_reward,372.6563415527344,1780325869.6010728
2112,Train/mean_reward,372.6776123046875,1780326024.5575507
2145,Train/mean_reward,372.8287353515625,1780326178.9020112
2178,Train/mean_reward,372.7107238769531,1780326337.0054622
2211,Train/mean_reward,372.71685791015625,1780326490.9309494
2244,Train/mean_reward,372.5561218261719,1780326646.6436841
2277,Train/mean_reward,372.7311096191406,1780326803.6856675
2310,Train/mean_reward,372.81787109375,1780326959.1227353
2343,Train/mean_reward,372.871826171875,1780327114.5683641
2376,Train/mean_reward,372.8531494140625,1780327269.2249258
2409,Train/mean_reward,372.8250427246094,1780327425.1800957
2442,Train/mean_reward,372.7303466796875,1780327582.3875308
2475,Train/mean_reward,372.85687255859375,1780327739.3282242
2508,Train/mean_reward,372.8032531738281,1780327894.850569
2541,Train/mean_reward,372.86834716796875,1780328051.8452992
2574,Train/mean_reward,373.05029296875,1780328208.0614023
2607,Train/mean_reward,373.00445556640625,1780328364.710584
2640,Train/mean_reward,372.9460144042969,1780328520.1797638
2673,Train/mean_reward,373.07177734375,1780328674.7128873
2706,Train/mean_reward,372.8675842285156,1780328828.9050226
2739,Train/mean_reward,372.79779052734375,1780328982.8512993
2772,Train/mean_reward,372.8201904296875,1780329138.1048713
2805,Train/mean_reward,373.0152282714844,1780329278.6434567
2838,Train/mean_reward,372.8214111328125,1780329418.9900825
2871,Train/mean_reward,373.046875,1780329563.454119
2904,Train/mean_reward,372.8689880371094,1780329701.8014574
2937,Train/mean_reward,372.96734619140625,1780329854.068252
2970,Train/mean_reward,372.9461975097656,1780330002.9660265
3003,Train/mean_reward,372.923095703125,1780330148.0269113
3036,Train/mean_reward,373.0867614746094,1780330295.9348192
3069,Train/mean_reward,373.0325927734375,1780330425.6477625
3102,Train/mean_reward,373.026611328125,1780330560.6906161
3135,Train/mean_reward,373.0366516113281,1780330714.9395535
3168,Train/mean_reward,373.0055236816406,1780330865.7045283
3201,Train/mean_reward,372.9123229980469,1780330998.8286192
3234,Train/mean_reward,373.01373291015625,1780331142.4840744
3267,Train/mean_reward,373.20208740234375,1780331291.2278461
3300,Train/mean_reward,373.0584411621094,1780331432.0246801
3333,Train/mean_reward,373.0662536621094,1780331570.825593
3366,Train/mean_reward,373.2161560058594,1780331721.7934604
3399,Train/mean_reward,373.00823974609375,1780331859.4889946
3432,Train/mean_reward,373.1339416503906,1780331988.588441
3465,Train/mean_reward,373.1108093261719,1780332138.6073534
3498,Train/mean_reward,373.0068054199219,1780332292.229741
3531,Train/mean_reward,373.16937255859375,1780332445.653371
3564,Train/mean_reward,373.2588806152344,1780332598.860714
3597,Train/mean_reward,373.39752197265625,1780332750.7580757
3630,Train/mean_reward,373.0471496582031,1780332903.1522925
3663,Train/mean_reward,373.12445068359375,1780333057.7610784
3696,Train/mean_reward,373.0844421386719,1780333211.95809
3729,Train/mean_reward,373.1087646484375,1780333366.268155
3762,Train/mean_reward,372.88238525390625,1780333518.5994627
3795,Train/mean_reward,373.13739013671875,1780333648.8364975
3828,Train/mean_reward,373.0882873535156,1780333786.91698
3861,Train/mean_reward,373.1871032714844,1780333933.907364
3894,Train/mean_reward,373.13055419921875,1780334088.3495872
3927,Train/mean_reward,373.1641845703125,1780334242.615989
3960,Train/mean_reward,373.32366943359375,1780334397.3155835
3993,Train/mean_reward,371.814697265625,1780334554.6561615
4026,Train/mean_reward,373.26666259765625,1780334708.7747986
4059,Train/mean_reward,373.2997131347656,1780334864.1594253
4092,Train/mean_reward,373.58697509765625,1780335019.167876
4125,Train/mean_reward,373.41619873046875,1780335174.1402993
4158,Train/mean_reward,371.43670654296875,1780335329.3717763
4191,Train/mean_reward,373.5719299316406,1780335482.9561403
4224,Train/mean_reward,373.6651306152344,1780335637.8660097
4257,Train/mean_reward,373.69012451171875,1780335786.6723847
4290,Train/mean_reward,373.8133850097656,1780335936.2342937
4323,Train/mean_reward,373.7875671386719,1780336072.945172
4356,Train/mean_reward,373.8172302246094,1780336228.1952288
4389,Train/mean_reward,373.7396240234375,1780336383.4717836
4422,Train/mean_reward,373.7396545410156,1780336536.6322784
4455,Train/mean_reward,373.7782897949219,1780336690.6824963
4488,Train/mean_reward,373.8661804199219,1780336844.9576352
4521,Train/mean_reward,373.9068908691406,1780336998.9874847
4554,Train/mean_reward,373.9647521972656,1780337153.1972334
4587,Train/mean_reward,374.099853515625,1780337308.0350957
4620,Train/mean_reward,374.11273193359375,1780337463.2939086
4653,Train/mean_reward,374.17547607421875,1780337619.9594138
4686,Train/mean_reward,374.2931213378906,1780337777.0319324
4719,Train/mean_reward,374.4697570800781,1780337934.8523576
4752,Train/mean_reward,374.4341125488281,1780338091.5543602
4785,Train/mean_reward,374.514892578125,1780338248.318989
4818,Train/mean_reward,374.73907470703125,1780338402.6985517
4851,Train/mean_reward,374.7649230957031,1780338558.0944896
4884,Train/mean_reward,375.0469055175781,1780338713.607151
4917,Train/mean_reward,375.15985107421875,1780338868.7658093
4950,Train/mean_reward,375.0978698730469,1780339019.2417946
4983,Train/mean_reward,375.20574951171875,1780339174.7714357
5016,Train/mean_reward,375.27838134765625,1780339331.1266046
5049,Train/mean_reward,375.4259338378906,1780339488.149512
5082,Train/mean_reward,375.4603576660156,1780339645.7625906
5115,Train/mean_reward,375.5391540527344,1780339801.3444798
5148,Train/mean_reward,375.604248046875,1780339958.185886
5181,Train/mean_reward,375.6043395996094,1780340114.2078521
5214,Train/mean_reward,375.7538757324219,1780340269.2651448
5247,Train/mean_reward,375.8135070800781,1780340424.3196356
5280,Train/mean_reward,375.9839782714844,1780340579.8500204
5313,Train/mean_reward,376.053466796875,1780340736.2465663
5346,Train/mean_reward,376.06591796875,1780340892.6384835
5379,Train/mean_reward,376.1402587890625,1780341049.0442407
5412,Train/mean_reward,376.2445983886719,1780341205.3973224
5445,Train/mean_reward,376.25689697265625,1780341361.5697312
5478,Train/mean_reward,376.328125,1780341518.6559339
5511,Train/mean_reward,376.2690734863281,1780341674.3764343
5544,Train/mean_reward,376.3060607910156,1780341829.8759332
5577,Train/mean_reward,376.5599670410156,1780341985.8219678
5610,Train/mean_reward,376.4798889160156,1780342142.3685215
5643,Train/mean_reward,376.73553466796875,1780342297.9861622
5676,Train/mean_reward,376.6623840332031,1780342453.2957165
5709,Train/mean_reward,376.56060791015625,1780342610.6664627
5742,Train/mean_reward,376.6982421875,1780342767.211668
5775,Train/mean_reward,376.808349609375,1780342923.6452112
5808,Train/mean_reward,376.69500732421875,1780343079.8827035
5841,Train/mean_reward,376.77020263671875,1780343234.7560725
5874,Train/mean_reward,376.7598876953125,1780343390.4131942
5907,Train/mean_reward,376.84735107421875,1780343545.041352
5940,Train/mean_reward,376.79718017578125,1780343699.583134
5973,Train/mean_reward,377.0315246582031,1780343854.552055
6006,Train/mean_reward,377.1413269042969,1780344008.9184942
6039,Train/mean_reward,377.17144775390625,1780344162.6999564
6072,Train/mean_reward,377.19940185546875,1780344318.3907568
6105,Train/mean_reward,377.1670837402344,1780344472.8407714
6138,Train/mean_reward,377.346435546875,1780344627.377506
6171,Train/mean_reward,377.39556884765625,1780344781.2966511
6204,Train/mean_reward,377.4122314453125,1780344935.2299364
6237,Train/mean_reward,377.58050537109375,1780345090.207328
6270,Train/mean_reward,377.51251220703125,1780345244.554385
6303,Train/mean_reward,377.5702819824219,1780345399.4456189
6336,Train/mean_reward,377.63848876953125,1780345554.3159451
6369,Train/mean_reward,377.6107177734375,1780345709.366362
6402,Train/mean_reward,377.77362060546875,1780345862.851824
6435,Train/mean_reward,377.72576904296875,1780346016.9400768
6468,Train/mean_reward,377.77703857421875,1780346170.7614236
6501,Train/mean_reward,377.6586608886719,1780346324.5882068
6534,Train/mean_reward,377.0980529785156,1780346477.6201289
6567,Train/mean_reward,377.89801025390625,1780346630.7660093
6600,Train/mean_reward,377.8912353515625,1780346784.4272344
6633,Train/mean_reward,377.9643859863281,1780346937.3479059
6666,Train/mean_reward,378.04327392578125,1780347090.5650687
6699,Train/mean_reward,377.8999938964844,1780347243.260912
6732,Train/mean_reward,378.0012512207031,1780347395.9404218
6765,Train/mean_reward,378.08880615234375,1780347549.6213706
6798,Train/mean_reward,378.13885498046875,1780347704.034843
6831,Train/mean_reward,378.0069885253906,1780347857.1182184
6864,Train/mean_reward,378.20391845703125,1780348009.704793
6897,Train/mean_reward,378.2623596191406,1780348162.1312225
6930,Train/mean_reward,378.2423095703125,1780348314.050499
6963,Train/mean_reward,378.091796875,1780348466.928003
6996,Train/mean_reward,378.14910888671875,1780348619.4537554
7029,Train/mean_reward,378.3834533691406,1780348771.5051985
7062,Train/mean_reward,378.2822570800781,1780348923.9862585
7095,Train/mean_reward,378.2893371582031,1780349076.289634
7128,Train/mean_reward,378.2846984863281,1780349228.9368458
7161,Train/mean_reward,378.2107849121094,1780349381.1685576
7194,Train/mean_reward,378.2096252441406,1780349533.3393948
7227,Train/mean_reward,378.2809753417969,1780349684.5192158
7260,Train/mean_reward,378.2762145996094,1780349835.8989353
7293,Train/mean_reward,378.3957824707031,1780349986.726726
7326,Train/mean_reward,378.48638916015625,1780350138.131762
7359,Train/mean_reward,378.3874816894531,1780350288.8599267
7392,Train/mean_reward,378.5038757324219,1780350439.728522
7425,Train/mean_reward,378.4009704589844,1780350591.1045196
7458,Train/mean_reward,378.39874267578125,1780350741.8185825
7491,Train/mean_reward,378.36212158203125,1780350893.5481026
7524,Train/mean_reward,378.4397888183594,1780351045.0023227
7557,Train/mean_reward,378.4945373535156,1780351196.35002
7590,Train/mean_reward,378.4078369140625,1780351347.7507753
7623,Train/mean_reward,378.5061340332031,1780351498.9095783
7656,Train/mean_reward,378.4952087402344,1780351650.515197
7689,Train/mean_reward,378.472900390625,1780351802.1414833
7722,Train/mean_reward,378.4958801269531,1780351953.698358
7755,Train/mean_reward,378.3800964355469,1780352105.183644
7788,Train/mean_reward,378.43206787109375,1780352257.0508227
7821,Train/mean_reward,378.5473937988281,1780352408.1116998
7854,Train/mean_reward,378.397216796875,1780352559.8002963
7887,Train/mean_reward,378.5353088378906,1780352711.0960217
7920,Train/mean_reward,378.34161376953125,1780352861.852486
7953,Train/mean_reward,378.4957275390625,1780353012.9803474
7986,Train/mean_reward,378.5196838378906,1780353164.6546943
8019,Train/mean_reward,378.5310974121094,1780353314.9962943
8052,Train/mean_reward,378.5155334472656,1780353466.0492673
8085,Train/mean_reward,378.5104675292969,1780353617.7557433
8118,Train/mean_reward,378.2420959472656,1780353769.0884058
8151,Train/mean_reward,378.34619140625,1780353919.7376823
8184,Train/mean_reward,378.36431884765625,1780354072.2570732
8217,Train/mean_reward,378.5315856933594,1780354224.250797
8250,Train/mean_reward,378.5350646972656,1780354375.4302764
8283,Train/mean_reward,378.4980163574219,1780354527.5419014
8316,Train/mean_reward,377.408203125,1780354679.316607
8349,Train/mean_reward,378.525634765625,1780354813.4347055
8382,Train/mean_reward,378.5997619628906,1780354964.673837
8415,Train/mean_reward,378.4800720214844,1780355116.3434403
8448,Train/mean_reward,378.6730651855469,1780355268.0498548
8481,Train/mean_reward,378.4843444824219,1780355419.9576101
8514,Train/mean_reward,378.55914306640625,1780355571.8299797
8547,Train/mean_reward,378.6286926269531,1780355723.7754405
8580,Train/mean_reward,378.6539611816406,1780355875.9687207
8613,Train/mean_reward,378.5311584472656,1780356027.5903485
8646,Train/mean_reward,378.6742248535156,1780356179.116816
8679,Train/mean_reward,378.63775634765625,1780356330.449144
8712,Train/mean_reward,378.6736755371094,1780356481.6415546
8745,Train/mean_reward,378.6011962890625,1780356633.9046419
8778,Train/mean_reward,378.55609130859375,1780356786.0367963
8811,Train/mean_reward,378.583984375,1780356938.2877507
8844,Train/mean_reward,378.7940368652344,1780357090.7102962
8877,Train/mean_reward,378.8375244140625,1780357242.3442924
8910,Train/mean_reward,378.6484680175781,1780357396.0385768
8943,Train/mean_reward,378.70684814453125,1780357549.647173
8976,Train/mean_reward,378.6195373535156,1780357702.7123485
9009,Train/mean_reward,378.83245849609375,1780357855.8976583
9042,Train/mean_reward,378.7626647949219,1780358008.8514395
9075,Train/mean_reward,378.7424621582031,1780358161.8868976
9108,Train/mean_reward,378.9441833496094,1780358315.3656
9141,Train/mean_reward,378.9990234375,1780358471.2634418
9174,Train/mean_reward,378.986328125,1780358625.4991865
9207,Train/mean_reward,378.92236328125,1780358778.9217055
9240,Train/mean_reward,378.95660400390625,1780358933.799521
9273,Train/mean_reward,378.9045715332031,1780359087.218046
9306,Train/mean_reward,378.982421875,1780359240.075449
9339,Train/mean_reward,378.9224548339844,1780359391.9714444
9372,Train/mean_reward,378.9350280761719,1780359543.168113
9405,Train/mean_reward,379.0042419433594,1780359696.0406744
9438,Train/mean_reward,379.12164306640625,1780359848.4758193
9471,Train/mean_reward,379.19207763671875,1780360000.2888374
9504,Train/mean_reward,379.0928039550781,1780360151.4787252
9537,Train/mean_reward,379.1351318359375,1780360302.1485186
9570,Train/mean_reward,379.12799072265625,1780360454.1476815
9603,Train/mean_reward,379.31280517578125,1780360607.293388
9636,Train/mean_reward,379.2100830078125,1780360759.8406615
9669,Train/mean_reward,379.2161560058594,1780360912.1472864
9702,Train/mean_reward,379.26715087890625,1780361064.1503007
9735,Train/mean_reward,379.44140625,1780361215.7345128
9768,Train/mean_reward,379.3421630859375,1780361366.8748085
9801,Train/mean_reward,379.3484802246094,1780361518.3809931
9834,Train/mean_reward,379.2396545410156,1780361670.9900203
9867,Train/mean_reward,379.1964111328125,1780361823.9170187
9900,Train/mean_reward,379.1611633300781,1780361977.0293667
9933,Train/mean_reward,379.2226257324219,1780362130.026275
9966,Train/mean_reward,379.1630859375,1780362281.6800206
9999,Train/mean_reward,379.142578125,1780362434.3270082
10032,Train/mean_reward,379.2806701660156,1780362587.911982
10065,Train/mean_reward,379.3705749511719,1780362741.2445898
10098,Train/mean_reward,379.2196960449219,1780362894.0440626
10131,Train/mean_reward,379.37939453125,1780363045.6897588
10164,Train/mean_reward,379.44000244140625,1780363197.451215
10197,Train/mean_reward,379.0977783203125,1780363348.7198386
10230,Train/mean_reward,379.4490661621094,1780363499.814833
10263,Train/mean_reward,379.43865966796875,1780363651.3226795
10296,Train/mean_reward,379.5255432128906,1780363803.1249664
10329,Train/mean_reward,379.59539794921875,1780363955.154496
10362,Train/mean_reward,379.4884948730469,1780364107.2367718
10395,Train/mean_reward,379.5059814453125,1780364259.6689954
10428,Train/mean_reward,379.6571350097656,1780364411.1508934
10461,Train/mean_reward,379.7680358886719,1780364562.374021
10494,Train/mean_reward,378.8807373046875,1780364713.3478413
10527,Train/mean_reward,379.6912841796875,1780364864.1575623
10560,Train/mean_reward,379.5802001953125,1780365015.0800722
10593,Train/mean_reward,379.7251281738281,1780365166.1934085
10626,Train/mean_reward,379.6918029785156,1780365316.9107668
10659,Train/mean_reward,379.51922607421875,1780365468.279854
10692,Train/mean_reward,379.61175537109375,1780365619.2984474
10725,Train/mean_reward,379.49554443359375,1780365770.5251923
10758,Train/mean_reward,379.55517578125,1780365921.320524
10791,Train/mean_reward,379.6589050292969,1780366071.6627789
10824,Train/mean_reward,379.467529296875,1780366222.2275095
10857,Train/mean_reward,379.54193115234375,1780366373.3085537
10890,Train/mean_reward,379.73541259765625,1780366524.2262504
10923,Train/mean_reward,379.7922668457031,1780366675.3806992
10956,Train/mean_reward,379.7620849609375,1780366826.3646545
10989,Train/mean_reward,379.8078918457031,1780366977.581369
11022,Train/mean_reward,379.95562744140625,1780367129.4349973
11055,Train/mean_reward,379.8895568847656,1780367280.7429812
11088,Train/mean_reward,379.791748046875,1780367432.549715
11121,Train/mean_reward,379.89300537109375,1780367583.7935345
11154,Train/mean_reward,379.96221923828125,1780367735.0402884
11187,Train/mean_reward,379.84051513671875,1780367886.0514
11220,Train/mean_reward,379.8017883300781,1780368037.3872683
11253,Train/mean_reward,379.88128662109375,1780368188.4718597
11286,Train/mean_reward,379.9820556640625,1780368339.5207894
11319,Train/mean_reward,379.8900146484375,1780368491.1268663
11352,Train/mean_reward,379.9305114746094,1780368642.954817
11385,Train/mean_reward,379.8782043457031,1780368794.0224562
11418,Train/mean_reward,379.85809326171875,1780368944.8392415
11451,Train/mean_reward,379.9900207519531,1780369095.9157035
11484,Train/mean_reward,380.12615966796875,1780369247.0975516
11517,Train/mean_reward,380.0834655761719,1780369397.8439643
11550,Train/mean_reward,380.068603515625,1780369548.8454623
11583,Train/mean_reward,379.96484375,1780369699.2760274
11616,Train/mean_reward,380.00384521484375,1780369850.646962
11649,Train/mean_reward,379.94122314453125,1780370001.5925534
11682,Train/mean_reward,380.2032775878906,1780370152.4515336
11715,Train/mean_reward,380.0177917480469,1780370303.590264
11748,Train/mean_reward,380.15106201171875,1780370455.1693459
11781,Train/mean_reward,380.10687255859375,1780370606.748104
11814,Train/mean_reward,380.04656982421875,1780370758.2346144
11847,Train/mean_reward,379.9970397949219,1780370909.1819692
11880,Train/mean_reward,380.0242614746094,1780371060.8986104
11913,Train/mean_reward,380.0235290527344,1780371211.5534828
11946,Train/mean_reward,380.1977233886719,1780371363.1223936
11979,Train/mean_reward,379.93536376953125,1780371513.2384892
12012,Train/mean_reward,380.1497497558594,1780371663.776032
12045,Train/mean_reward,379.98114013671875,1780371815.1205175
12078,Train/mean_reward,380.2275695800781,1780371965.8892062
12111,Train/mean_reward,380.1368408203125,1780372111.3811123
12144,Train/mean_reward,380.0708312988281,1780372260.2385337
12177,Train/mean_reward,380.10443115234375,1780372412.141605
12210,Train/mean_reward,380.0882263183594,1780372563.130285
12243,Train/mean_reward,380.0804138183594,1780372714.4459274
12276,Train/mean_reward,380.0642395019531,1780372865.8532164
12309,Train/mean_reward,380.1223449707031,1780373016.6109464
12342,Train/mean_reward,380.2352600097656,1780373167.1828299
12375,Train/mean_reward,380.39471435546875,1780373318.382823
12408,Train/mean_reward,380.22723388671875,1780373469.5456262
12441,Train/mean_reward,380.16766357421875,1780373621.7594812
12474,Train/mean_reward,380.2834167480469,1780373773.1130397
12507,Train/mean_reward,380.3354797363281,1780373924.3730538
12540,Train/mean_reward,380.3061218261719,1780374075.3488615
12573,Train/mean_reward,380.2870788574219,1780374226.3356931
12606,Train/mean_reward,380.2600402832031,1780374377.878844
12639,Train/mean_reward,380.2511901855469,1780374528.70265
12672,Train/mean_reward,380.3692321777344,1780374679.4908767
12705,Train/mean_reward,380.29669189453125,1780374830.692198
12738,Train/mean_reward,380.3741455078125,1780374981.5268755
12771,Train/mean_reward,380.3921813964844,1780375132.1173196
12804,Train/mean_reward,380.3748779296875,1780375283.4313157
12837,Train/mean_reward,380.3106994628906,1780375433.5451536
12870,Train/mean_reward,380.3384094238281,1780375584.5564976
12903,Train/mean_reward,380.3951110839844,1780375735.6795323
12936,Train/mean_reward,380.4521179199219,1780375886.5680223
12969,Train/mean_reward,380.36761474609375,1780376037.9302015
13002,Train/mean_reward,380.3011169433594,1780376189.9752712
13035,Train/mean_reward,380.3331604003906,1780376341.8846612
13068,Train/mean_reward,380.375732421875,1780376493.2413237
13101,Train/mean_reward,380.2388000488281,1780376645.302477
13134,Train/mean_reward,380.4972839355469,1780376797.973357
13167,Train/mean_reward,380.4012145996094,1780376951.275056
13200,Train/mean_reward,380.34735107421875,1780377107.9080904
13233,Train/mean_reward,380.1801452636719,1780377264.7239094
13266,Train/mean_reward,380.2916564941406,1780377418.6805308
13299,Train/mean_reward,380.26824951171875,1780377571.6132321
13332,Train/mean_reward,380.176513671875,1780377725.0891469
13365,Train/mean_reward,380.19757080078125,1780377878.4484928
13398,Train/mean_reward,380.1194152832031,1780378035.428913
13431,Train/mean_reward,380.1127624511719,1780378190.493585
13464,Train/mean_reward,380.20916748046875,1780378343.9351103
13497,Train/mean_reward,380.159912109375,1780378498.23953
13530,Train/mean_reward,380.0856018066406,1780378652.3647027
13563,Train/mean_reward,380.2655334472656,1780378807.8965788
13596,Train/mean_reward,380.3058166503906,1780378965.3142774
13629,Train/mean_reward,380.37322998046875,1780379120.6952415
13662,Train/mean_reward,380.3711242675781,1780379275.5166643
13695,Train/mean_reward,380.4635314941406,1780379430.0505505
13728,Train/mean_reward,380.4320373535156,1780379584.5464013
13761,Train/mean_reward,380.4817199707031,1780379738.6675103
13794,Train/mean_reward,380.4875793457031,1780379892.4422398
13827,Train/mean_reward,380.4687194824219,1780380046.3384578
13860,Train/mean_reward,380.3840026855469,1780380200.6299448
13893,Train/mean_reward,380.4949645996094,1780380356.8930514
13926,Train/mean_reward,380.5674133300781,1780380511.3515196
13959,Train/mean_reward,380.55035400390625,1780380665.1060066
13992,Train/mean_reward,380.5855407714844,1780380820.3092706
14025,Train/mean_reward,380.57305908203125,1780380975.3829079
14058,Train/mean_reward,377.56207275390625,1780381130.139324
14091,Train/mean_reward,380.3656921386719,1780381284.2828186
14124,Train/mean_reward,380.5078125,1780381438.8097334
14157,Train/mean_reward,380.4239501953125,1780381593.0607529
14190,Train/mean_reward,380.52288818359375,1780381747.7107902
14223,Train/mean_reward,380.6089782714844,1780381901.5284739
14256,Train/mean_reward,380.6701965332031,1780382055.8620808
14289,Train/mean_reward,380.51922607421875,1780382211.42411
14322,Train/mean_reward,380.6958312988281,1780382369.016995
14355,Train/mean_reward,380.7422180175781,1780382534.8719819
14388,Train/mean_reward,380.6038818359375,1780382692.2372546
14421,Train/mean_reward,380.8119201660156,1780382849.457407
14454,Train/mean_reward,380.6816711425781,1780383006.81715
14487,Train/mean_reward,380.59393310546875,1780383157.4275293
14520,Train/mean_reward,380.7144470214844,1780383315.4400017
14553,Train/mean_reward,380.7070007324219,1780383472.243133
14586,Train/mean_reward,380.7840270996094,1780383630.389522
14619,Train/mean_reward,380.7803039550781,1780383779.5103061
14652,Train/mean_reward,380.8129577636719,1780383937.5132496
14685,Train/mean_reward,380.5981140136719,1780384091.8780625
14718,Train/mean_reward,380.52960205078125,1780384239.1749842
14751,Train/mean_reward,380.6785583496094,1780384390.2837398
14784,Train/mean_reward,380.6535949707031,1780384543.9662638
14817,Train/mean_reward,380.62091064453125,1780384698.4779592
14850,Train/mean_reward,380.5476989746094,1780384854.9882588
14883,Train/mean_reward,380.5890197753906,1780385006.6695526
14916,Train/mean_reward,380.52862548828125,1780385164.0436764
14949,Train/mean_reward,380.640869140625,1780385321.3183126
14982,Train/mean_reward,377.5467529296875,1780385478.100367
15015,Train/mean_reward,380.46917724609375,1780385636.185949
15048,Train/mean_reward,380.4707946777344,1780385793.0126026
15081,Train/mean_reward,380.3272399902344,1780385947.2367184
15114,Train/mean_reward,380.1082458496094,1780386101.159739
15147,Train/mean_reward,380.2397155761719,1780386254.169402
15180,Train/mean_reward,380.2188415527344,1780386410.152092
15213,Train/mean_reward,380.3306884765625,1780386564.570108
15246,Train/mean_reward,380.39300537109375,1780386713.7531955
15279,Train/mean_reward,380.2028503417969,1780386867.504805
15312,Train/mean_reward,380.3341369628906,1780387024.8561158
15345,Train/mean_reward,380.2470397949219,1780387174.3076665
15378,Train/mean_reward,380.20233154296875,1780387328.4377422
15411,Train/mean_reward,380.3169860839844,1780387481.1895952
15444,Train/mean_reward,380.35076904296875,1780387634.8666174
15477,Train/mean_reward,380.4120178222656,1780387787.6886528
15510,Train/mean_reward,380.25701904296875,1780387941.7264357
15543,Train/mean_reward,380.4276428222656,1780388096.0336497
15576,Train/mean_reward,380.3962707519531,1780388247.0034857
15609,Train/mean_reward,380.362548828125,1780388401.6489353
15642,Train/mean_reward,380.2125244140625,1780388556.090419
15675,Train/mean_reward,380.2797546386719,1780388710.3431475
15708,Train/mean_reward,380.3131408691406,1780388863.930003
15741,Train/mean_reward,380.1190185546875,1780389018.95461
15774,Train/mean_reward,380.23675537109375,1780389174.1002269
15807,Train/mean_reward,380.362548828125,1780389329.1536577
15840,Train/mean_reward,380.396484375,1780389481.8930304
15873,Train/mean_reward,380.5491943359375,1780389637.0859597
15906,Train/mean_reward,380.7582092285156,1780389792.7700958
15939,Train/mean_reward,380.61572265625,1780389948.4724128
15972,Train/mean_reward,380.4623107910156,1780390104.1472332
16005,Train/mean_reward,380.3078918457031,1780390257.1865973
16038,Train/mean_reward,380.3648681640625,1780390409.5977755
16071,Train/mean_reward,379.20819091796875,1780390563.5497782
16104,Train/mean_reward,380.5537414550781,1780390717.6377077
16137,Train/mean_reward,380.55621337890625,1780390872.337392
16170,Train/mean_reward,380.6748046875,1780391020.8366842
16203,Train/mean_reward,380.642578125,1780391174.8809242
16236,Train/mean_reward,380.79656982421875,1780391328.8119166
16269,Train/mean_reward,380.88604736328125,1780391482.6501215
16302,Train/mean_reward,380.8965759277344,1780391635.8567107
16335,Train/mean_reward,380.9596862792969,1780391789.515886
16368,Train/mean_reward,381.1290588378906,1780391943.6254492
16401,Train/mean_reward,377.6635437011719,1780392097.6602414
16434,Train/mean_reward,380.9812927246094,1780392251.4447563
16467,Train/mean_reward,380.9280700683594,1780392405.0627298
16500,Train/mean_reward,380.8225402832031,1780392559.0063858
16533,Train/mean_reward,380.9326477050781,1780392712.1400476
16566,Train/mean_reward,380.8826904296875,1780392865.7314146
16599,Train/mean_reward,381.01641845703125,1780393019.5383153
16632,Train/mean_reward,381.1272888183594,1780393173.3877552
16665,Train/mean_reward,381.2728271484375,1780393328.0445788
16698,Train/mean_reward,381.06353759765625,1780393482.861019
16731,Train/mean_reward,381.1805114746094,1780393637.2411306
16764,Train/mean_reward,381.0344543457031,1780393791.1369922
16797,Train/mean_reward,380.99755859375,1780393946.0966203
16830,Train/mean_reward,380.9423828125,1780394100.6981947
16863,Train/mean_reward,380.85992431640625,1780394255.6032233
16896,Train/mean_reward,380.8454284667969,1780394410.609897
16929,Train/mean_reward,380.870849609375,1780394565.4404557
16962,Train/mean_reward,381.0098876953125,1780394719.2500737
16995,Train/mean_reward,380.9389343261719,1780394874.1957097
17028,Train/mean_reward,380.7939758300781,1780395030.2187529
17061,Train/mean_reward,381.0218200683594,1780395185.2417648
17094,Train/mean_reward,381.0009460449219,1780395340.325571
17127,Train/mean_reward,381.07257080078125,1780395495.151899
17160,Train/mean_reward,381.10565185546875,1780395650.9613702
17193,Train/mean_reward,381.2024841308594,1780395808.5434115
17226,Train/mean_reward,381.2942810058594,1780395965.9320858
17259,Train/mean_reward,381.29827880859375,1780396122.4160976
17292,Train/mean_reward,381.2579345703125,1780396278.750217
17325,Train/mean_reward,381.2594909667969,1780396435.8352847
17358,Train/mean_reward,381.3193054199219,1780396591.982336
17391,Train/mean_reward,381.2438659667969,1780396749.0682194
17424,Train/mean_reward,381.2023620605469,1780396909.527964
17457,Train/mean_reward,381.3291320800781,1780397064.8240073
17490,Train/mean_reward,381.3996887207031,1780397220.566919
17523,Train/mean_reward,381.3813781738281,1780397375.655046
17556,Train/mean_reward,381.2390441894531,1780397530.5507333
17589,Train/mean_reward,381.27001953125,1780397684.6214085
17622,Train/mean_reward,381.3440246582031,1780397840.1405663
17655,Train/mean_reward,381.3988952636719,1780397994.9280403
17688,Train/mean_reward,381.393310546875,1780398150.338765
17721,Train/mean_reward,381.5502624511719,1780398305.902853
17754,Train/mean_reward,381.3918762207031,1780398461.21499
17787,Train/mean_reward,381.3245544433594,1780398617.7276156
17820,Train/mean_reward,381.4369812011719,1780398773.5711622
17853,Train/mean_reward,381.4205017089844,1780398927.500692
17886,Train/mean_reward,381.4489440917969,1780399082.8717835
17919,Train/mean_reward,381.4828186035156,1780399237.8031123
17952,Train/mean_reward,381.4219970703125,1780399394.0702121
17985,Train/mean_reward,381.30218505859375,1780399550.82252
18018,Train/mean_reward,381.27313232421875,1780399707.1708403
18051,Train/mean_reward,381.4458312988281,1780399862.7105234
18084,Train/mean_reward,381.3523254394531,1780400020.0739708
18117,Train/mean_reward,381.3356628417969,1780400175.8716805
18150,Train/mean_reward,381.302978515625,1780400331.3586519
18183,Train/mean_reward,381.2506103515625,1780400488.0581582
18216,Train/mean_reward,381.3024597167969,1780400643.851014
18249,Train/mean_reward,381.13580322265625,1780400800.3572938
18282,Train/mean_reward,381.2203674316406,1780400955.8877645
18315,Train/mean_reward,381.2726745605469,1780401111.1779022
18348,Train/mean_reward,381.2191467285156,1780401267.0848484
18381,Train/mean_reward,381.0641174316406,1780401422.0499277
18414,Train/mean_reward,381.0294189453125,1780401575.7049987
18447,Train/mean_reward,381.0938415527344,1780401730.7499545
18480,Train/mean_reward,381.2633056640625,1780401885.1240883
18513,Train/mean_reward,381.2486572265625,1780402039.5853703
18546,Train/mean_reward,381.28924560546875,1780402194.870095
18579,Train/mean_reward,381.4157409667969,1780402346.8074272
18612,Train/mean_reward,381.41131591796875,1780402478.7586617
18645,Train/mean_reward,381.47332763671875,1780402632.8071103
18678,Train/mean_reward,381.4198303222656,1780402788.9538317
18711,Train/mean_reward,381.4461669921875,1780402943.2769938
18744,Train/mean_reward,381.4862060546875,1780403098.1233041
18777,Train/mean_reward,381.45574951171875,1780403253.3430107
18810,Train/mean_reward,381.4258117675781,1780403406.3724751
18843,Train/mean_reward,381.3878173828125,1780403559.717304
18876,Train/mean_reward,381.4621887207031,1780403709.385555
18909,Train/mean_reward,381.5472412109375,1780403864.204398
18942,Train/mean_reward,381.5645751953125,1780404013.0737638
18975,Train/mean_reward,381.3850402832031,1780404161.7314034
19008,Train/mean_reward,381.5039367675781,1780404315.8380616
19041,Train/mean_reward,381.6187438964844,1780404470.5443015
19074,Train/mean_reward,381.5299987792969,1780404625.0247722
19107,Train/mean_reward,381.5820007324219,1780404778.8328795
19140,Train/mean_reward,381.5822448730469,1780404932.5906847
19173,Train/mean_reward,381.5971374511719,1780405085.5664432
19206,Train/mean_reward,381.4678649902344,1780405239.5680742
19239,Train/mean_reward,381.4018249511719,1780405393.4594288
19272,Train/mean_reward,381.489990234375,1780405547.663812
19305,Train/mean_reward,381.59185791015625,1780405701.11206
19338,Train/mean_reward,381.4945983886719,1780405854.9271522
19371,Train/mean_reward,381.61700439453125,1780406009.4485698
19404,Train/mean_reward,381.6206970214844,1780406163.8357153
19437,Train/mean_reward,381.2894287109375,1780406317.4804332
19470,Train/mean_reward,381.1847839355469,1780406470.9611359
19503,Train/mean_reward,379.97247314453125,1780406624.1685596
19536,Train/mean_reward,381.32867431640625,1780406778.146529
19569,Train/mean_reward,378.73712158203125,1780406931.860604
19602,Train/mean_reward,381.30157470703125,1780407084.691651
19635,Train/mean_reward,381.5245056152344,1780407239.1734529
19668,Train/mean_reward,381.5794372558594,1780407392.9273677
19701,Train/mean_reward,381.5951843261719,1780407546.4548786
19734,Train/mean_reward,381.6546325683594,1780407699.811361
19767,Train/mean_reward,381.66094970703125,1780407853.2876034
19800,Train/mean_reward,381.674560546875,1780408006.6724324
19833,Train/mean_reward,381.60479736328125,1780408159.884893
19866,Train/mean_reward,381.62274169921875,1780408313.8357434
19899,Train/mean_reward,381.52935791015625,1780408468.5274465
19932,Train/mean_reward,381.4952392578125,1780408622.5572362
19965,Train/mean_reward,381.62188720703125,1780408775.579408
19998,Train/mean_reward,381.5586853027344,1780408928.5138192
20031,Train/mean_reward,381.4666442871094,1780409082.230478
20064,Train/mean_reward,381.3272399902344,1780409236.0740402
20097,Train/mean_reward,381.3823547363281,1780409390.593135
20130,Train/mean_reward,381.4521179199219,1780409544.3130405
20163,Train/mean_reward,381.5998229980469,1780409698.774025
20196,Train/mean_reward,381.5304870605469,1780409852.7331927
20229,Train/mean_reward,381.2588195800781,1780410006.333181
20262,Train/mean_reward,381.33123779296875,1780410160.8854098
20295,Train/mean_reward,381.2740783691406,1780410314.2240176
20328,Train/mean_reward,381.3604431152344,1780410467.824578
20361,Train/mean_reward,381.3382263183594,1780410621.060464
20394,Train/mean_reward,381.4349365234375,1780410774.0154061
20427,Train/mean_reward,381.453857421875,1780410926.9646807
20460,Train/mean_reward,381.4934387207031,1780411080.0546758
20493,Train/mean_reward,381.5665588378906,1780411232.6342149
20526,Train/mean_reward,381.5611572265625,1780411387.5853744
20559,Train/mean_reward,381.5645751953125,1780411541.5272646
20592,Train/mean_reward,381.7430419921875,1780411694.6151311
20625,Train/mean_reward,381.5809326171875,1780411848.711737
20658,Train/mean_reward,381.4447326660156,1780412002.910129
20691,Train/mean_reward,381.4708557128906,1780412157.2481017
20724,Train/mean_reward,381.5913391113281,1780412312.3761606
20757,Train/mean_reward,381.71026611328125,1780412466.0871587
20790,Train/mean_reward,381.787353515625,1780412621.3079772
20823,Train/mean_reward,381.62872314453125,1780412777.487486
20856,Train/mean_reward,381.1064147949219,1780412933.5147262
20889,Train/mean_reward,381.26800537109375,1780413087.9238462
20922,Train/mean_reward,381.3177185058594,1780413242.5264997
20955,Train/mean_reward,381.34820556640625,1780413397.416961
20988,Train/mean_reward,381.31964111328125,1780413553.1399627
21021,Train/mean_reward,381.4343566894531,1780413709.138545
21054,Train/mean_reward,381.5522766113281,1780413864.2484348
21087,Train/mean_reward,381.64447021484375,1780414018.8531902
21120,Train/mean_reward,381.70556640625,1780414164.4378633
21153,Train/mean_reward,381.7087097167969,1780414312.416152
21186,Train/mean_reward,381.7532043457031,1780414467.8299232
21219,Train/mean_reward,381.71087646484375,1780414623.4522102
21252,Train/mean_reward,381.4281921386719,1780414778.1157653
21285,Train/mean_reward,381.37158203125,1780414933.9097466
21318,Train/mean_reward,381.3495788574219,1780415089.9657419
21351,Train/mean_reward,381.42169189453125,1780415245.8619761
21384,Train/mean_reward,381.4137268066406,1780415401.3157773
21417,Train/mean_reward,381.3498840332031,1780415557.0421112
21450,Train/mean_reward,381.3417053222656,1780415713.7371893
21483,Train/mean_reward,381.4681701660156,1780415869.9700844
21516,Train/mean_reward,381.3892517089844,1780416025.1789618
21549,Train/mean_reward,381.4756774902344,1780416181.011624
21582,Train/mean_reward,381.4790344238281,1780416337.1668317
21615,Train/mean_reward,381.4073486328125,1780416493.7725437
21648,Train/mean_reward,381.222412109375,1780416649.3054907
21681,Train/mean_reward,381.2979736328125,1780416805.0280883
21714,Train/mean_reward,381.26470947265625,1780416961.374121
21747,Train/mean_reward,381.4330749511719,1780417116.238525
21780,Train/mean_reward,381.4849853515625,1780417272.2965047
21813,Train/mean_reward,381.3980407714844,1780417428.783227
21846,Train/mean_reward,381.46966552734375,1780417585.5282223
21879,Train/mean_reward,377.7051086425781,1780417741.8814008
21912,Train/mean_reward,381.5541076660156,1780417898.3144398
21945,Train/mean_reward,381.4324035644531,1780418054.6829915
21978,Train/mean_reward,381.0308837890625,1780418210.6738844
22011,Train/mean_reward,381.0922546386719,1780418362.7909756
22044,Train/mean_reward,381.0990905761719,1780418516.6323464
22077,Train/mean_reward,381.2833557128906,1780418673.5853257
22110,Train/mean_reward,381.1141662597656,1780418830.8215845
22143,Train/mean_reward,381.0115661621094,1780418988.7898462
22176,Train/mean_reward,381.0782470703125,1780419145.236224
22209,Train/mean_reward,381.3116149902344,1780419301.7510016
22242,Train/mean_reward,381.2907409667969,1780419457.6720893
22275,Train/mean_reward,381.3633117675781,1780419614.028267
22308,Train/mean_reward,377.6944274902344,1780419769.5693278
22341,Train/mean_reward,381.419189453125,1780419925.2218728
22374,Train/mean_reward,381.3126220703125,1780420081.1663344
22407,Train/mean_reward,377.6335144042969,1780420237.0417733
22440,Train/mean_reward,381.4301452636719,1780420393.0550098
22473,Train/mean_reward,381.5060729980469,1780420548.6222627
22506,Train/mean_reward,381.5463562011719,1780420703.9545486
22539,Train/mean_reward,381.6537170410156,1780420856.0434062
22572,Train/mean_reward,381.66729736328125,1780421011.884368
22605,Train/mean_reward,381.4813232421875,1780421168.0054805
22638,Train/mean_reward,381.4018249511719,1780421310.2124012
22671,Train/mean_reward,381.5639343261719,1780421466.2978373
22704,Train/mean_reward,381.50543212890625,1780421622.1998558
22737,Train/mean_reward,381.0719299316406,1780421778.574409
22770,Train/mean_reward,374.2703857421875,1780421927.460432
22803,Train/mean_reward,380.7449645996094,1780422083.4547079
22836,Train/mean_reward,380.6212463378906,1780422238.2935805
22869,Train/mean_reward,380.6506042480469,1780422393.770563
22902,Train/mean_reward,380.82293701171875,1780422549.4108675
22935,Train/mean_reward,380.9659118652344,1780422704.871257
22968,Train/mean_reward,381.0184326171875,1780422859.5184796
23001,Train/mean_reward,381.12969970703125,1780423014.736637
23034,Train/mean_reward,380.49945068359375,1780423170.702617
23067,Train/mean_reward,380.6177062988281,1780423326.8279834
23100,Train/mean_reward,380.7151184082031,1780423483.0915833
23133,Train/mean_reward,380.9350891113281,1780423639.0251243
23166,Train/mean_reward,381.050048828125,1780423794.0950055
23199,Train/mean_reward,377.2552795410156,1780423949.5973053
23232,Train/mean_reward,381.0187072753906,1780424105.1953738
23265,Train/mean_reward,381.0633850097656,1780424257.3230937
23298,Train/mean_reward,381.1387939453125,1780424412.8850896
23331,Train/mean_reward,381.27197265625,1780424569.5612566
23364,Train/mean_reward,381.39337158203125,1780424725.1867309
23397,Train/mean_reward,378.0834655761719,1780424880.9541392
23430,Train/mean_reward,381.5338134765625,1780425036.6293032
23463,Train/mean_reward,381.3902893066406,1780425192.3060782
23496,Train/mean_reward,381.356689453125,1780425347.9194052
23529,Train/mean_reward,381.33978271484375,1780425504.266168
23562,Train/mean_reward,381.3897705078125,1780425660.5462973
23595,Train/mean_reward,381.4655456542969,1780425815.9669235
23628,Train/mean_reward,381.5050964355469,1780425971.9977438
23661,Train/mean_reward,381.6296691894531,1780426128.2305362
23694,Train/mean_reward,381.743896484375,1780426284.2992394
23727,Train/mean_reward,381.7588195800781,1780426440.643004
23760,Train/mean_reward,381.7295837402344,1780426595.8465838
23793,Train/mean_reward,381.74932861328125,1780426751.9497874
23826,Train/mean_reward,381.519287109375,1780426907.501612
23859,Train/mean_reward,375.684814453125,1780427054.4165542
23892,Train/mean_reward,380.9641418457031,1780427207.0593731
23925,Train/mean_reward,377.1567077636719,1780427364.0676112
23958,Train/mean_reward,380.614013671875,1780427520.3939683
23991,Train/mean_reward,380.66119384765625,1780427677.5670667
24024,Train/mean_reward,380.9441223144531,1780427834.253283
24057,Train/mean_reward,381.0353698730469,1780427990.805636
24090,Train/mean_reward,380.9465026855469,1780428147.937077
24123,Train/mean_reward,381.0002136230469,1780428303.98592
24156,Train/mean_reward,381.0701904296875,1780428460.5005593
24189,Train/mean_reward,381.01519775390625,1780428617.2322505
24222,Train/mean_reward,381.1359558105469,1780428772.988637
24255,Train/mean_reward,377.25360107421875,1780428929.388478
24288,Train/mean_reward,380.55804443359375,1780429086.0727825
24321,Train/mean_reward,380.6440124511719,1780429242.7771075
24354,Train/mean_reward,380.90191650390625,1780429399.6478627
24387,Train/mean_reward,381.0812072753906,1780429556.5560896
24420,Train/mean_reward,381.11297607421875,1780429712.1772842
24453,Train/mean_reward,381.3337097167969,1780429867.8989682
24486,Train/mean_reward,373.6349182128906,1780430024.9245553
24519,Train/mean_reward,380.9442138671875,1780430181.255936
24552,Train/mean_reward,380.86480712890625,1780430336.9533205
24585,Train/mean_reward,380.96319580078125,1780430492.3832831
24618,Train/mean_reward,380.94659423828125,1780430648.4813347
24651,Train/mean_reward,381.09307861328125,1780430806.432314
24684,Train/mean_reward,381.1979675292969,1780430963.3674202
24717,Train/mean_reward,380.99627685546875,1780431120.1122613
24750,Train/mean_reward,380.9667663574219,1780431276.45903
24783,Train/mean_reward,377.4537353515625,1780431433.468522
24816,Train/mean_reward,376.4872131347656,1780431591.7153916
24849,Train/mean_reward,376.2420959472656,1780431749.5201042
24882,Train/mean_reward,379.22760009765625,1780431907.5071049
24915,Train/mean_reward,379.2489318847656,1780432064.162837
24948,Train/mean_reward,379.1399841308594,1780432221.759296
24981,Train/mean_reward,379.2244567871094,1780432379.4393759
25014,Train/mean_reward,379.5805969238281,1780432536.0974722
25047,Train/mean_reward,379.70184326171875,1780432692.2253537
25080,Train/mean_reward,379.8755187988281,1780432848.6871202
25113,Train/mean_reward,380.0629577636719,1780433005.2474492
25146,Train/mean_reward,380.3599853515625,1780433162.166691
25179,Train/mean_reward,380.684814453125,1780433318.378711
25212,Train/mean_reward,380.88330078125,1780433474.4317946
25245,Train/mean_reward,380.91668701171875,1780433631.3906727
25278,Train/mean_reward,381.0257568359375,1780433789.104243
25311,Train/mean_reward,381.1936950683594,1780433946.346898
25344,Train/mean_reward,381.1984558105469,1780434102.890157
25377,Train/mean_reward,379.77435302734375,1780434259.0657506
25410,Train/mean_reward,381.25885009765625,1780434416.266055
25443,Train/mean_reward,381.38446044921875,1780434573.1431699
25476,Train/mean_reward,381.3116455078125,1780434731.4326327
25509,Train/mean_reward,381.3549499511719,1780434888.1851332
25542,Train/mean_reward,381.1732177734375,1780435044.5916085
25575,Train/mean_reward,381.14739990234375,1780435201.4454107
25608,Train/mean_reward,381.1384582519531,1780435358.7167614
25641,Train/mean_reward,381.24603271484375,1780435515.5918727
25674,Train/mean_reward,381.2654724121094,1780435671.8697174
25707,Train/mean_reward,381.40234375,1780435828.6112337
25740,Train/mean_reward,381.5209655761719,1780435986.6848147
25773,Train/mean_reward,381.5212707519531,1780436142.0792327
25806,Train/mean_reward,381.19439697265625,1780436299.569884
25839,Train/mean_reward,381.1726379394531,1780436454.9739573
25872,Train/mean_reward,381.24200439453125,1780436604.0003464
25905,Train/mean_reward,381.3980712890625,1780436761.6835966
25938,Train/mean_reward,381.4258117675781,1780436918.0902004
25971,Train/mean_reward,381.3509826660156,1780437074.9169402
26004,Train/mean_reward,381.4661865234375,1780437231.968019
26037,Train/mean_reward,381.58660888671875,1780437389.932515
26070,Train/mean_reward,381.4799499511719,1780437546.1364331
26103,Train/mean_reward,381.38848876953125,1780437704.5837357
26136,Train/mean_reward,381.3033142089844,1780437862.409201
26169,Train/mean_reward,381.2586364746094,1780438020.0153499
26202,Train/mean_reward,381.2135925292969,1780438177.966617
26235,Train/mean_reward,381.1521301269531,1780438336.8357902
26268,Train/mean_reward,381.03936767578125,1780438494.7849598
26301,Train/mean_reward,380.7425537109375,1780438650.2458453
26334,Train/mean_reward,380.73834228515625,1780438808.881331
26367,Train/mean_reward,380.7381896972656,1780438967.2035036
26400,Train/mean_reward,380.6302185058594,1780439125.816331
26433,Train/mean_reward,380.7237243652344,1780439284.2533367
26466,Train/mean_reward,380.7197265625,1780439442.2168913
26499,Train/mean_reward,380.68701171875,1780439600.4102063
26532,Train/mean_reward,380.7355651855469,1780439758.674556
26565,Train/mean_reward,374.1484069824219,1780439917.3501554
26598,Train/mean_reward,380.194580078125,1780440076.3281524
26631,Train/mean_reward,379.7806091308594,1780440234.082954
26664,Train/mean_reward,379.6325988769531,1780440392.770052
26697,Train/mean_reward,376.9899597167969,1780440551.4418454
26730,Train/mean_reward,377.1103210449219,1780440710.4701264
26763,Train/mean_reward,379.4860534667969,1780440868.7765782
26796,Train/mean_reward,379.7297058105469,1780441027.3436544
26829,Train/mean_reward,378.698486328125,1780441185.2353246
26862,Train/mean_reward,379.9808349609375,1780441343.6944969
26895,Train/mean_reward,380.1923522949219,1780441501.939025
26928,Train/mean_reward,380.40142822265625,1780441658.892464
26961,Train/mean_reward,380.5479431152344,1780441815.4107425
26994,Train/mean_reward,380.6820068359375,1780441972.2653675
27027,Train/mean_reward,379.3371276855469,1780442129.5660887
27060,Train/mean_reward,380.7759094238281,1780442286.2423759
27093,Train/mean_reward,380.88006591796875,1780442441.853451
27126,Train/mean_reward,380.9664001464844,1780442598.1764126
27159,Train/mean_reward,381.0550842285156,1780442754.7755833
27192,Train/mean_reward,381.1311950683594,1780442911.2351706
27225,Train/mean_reward,381.21490478515625,1780443066.9570289
27258,Train/mean_reward,381.38885498046875,1780443223.145161
27291,Train/mean_reward,381.3890380859375,1780443379.616271
27324,Train/mean_reward,381.408203125,1780443535.5997994
27357,Train/mean_reward,381.4153747558594,1780443692.7728522
27390,Train/mean_reward,381.5527038574219,1780443849.2905054
27423,Train/mean_reward,381.5392150878906,1780444006.2212496
27456,Train/mean_reward,381.5157470703125,1780444163.779704
27489,Train/mean_reward,378.1134033203125,1780444321.3622196
27522,Train/mean_reward,381.2626953125,1780444479.4622266
27555,Train/mean_reward,381.1014404296875,1780444636.515636
27588,Train/mean_reward,380.8601379394531,1780444793.5306199
27621,Train/mean_reward,380.67572021484375,1780444950.2528749
27654,Train/mean_reward,379.4813232421875,1780445107.627448
27687,Train/mean_reward,380.88128662109375,1780445269.7664063
27720,Train/mean_reward,380.9415588378906,1780445428.6794314
27753,Train/mean_reward,381.0987548828125,1780445585.7795348
27786,Train/mean_reward,381.1271667480469,1780445743.1992922
27819,Train/mean_reward,381.2777099609375,1780445900.0821605
27852,Train/mean_reward,381.3052978515625,1780446059.2313747
27885,Train/mean_reward,381.3731689453125,1780446220.7659893
27918,Train/mean_reward,381.4042663574219,1780446383.2753315
27951,Train/mean_reward,381.51226806640625,1780446543.977486
27984,Train/mean_reward,381.44219970703125,1780446705.6299655
28017,Train/mean_reward,381.34185791015625,1780446866.3904107
28050,Train/mean_reward,381.1732482910156,1780447027.883814
28083,Train/mean_reward,381.13519287109375,1780447190.7021804
28116,Train/mean_reward,380.88543701171875,1780447351.9679573
28149,Train/mean_reward,380.93280029296875,1780447517.8987138
28182,Train/mean_reward,381.136962890625,1780447711.413791
28215,Train/mean_reward,381.1812438964844,1780447894.0886133
28248,Train/mean_reward,381.2378234863281,1780448053.7057686
28281,Train/mean_reward,381.2994384765625,1780448227.0448658
28314,Train/mean_reward,381.437255859375,1780448387.3777514
28347,Train/mean_reward,381.4991455078125,1780448545.9380605
28380,Train/mean_reward,381.47760009765625,1780448704.8986623
28413,Train/mean_reward,381.27215576171875,1780448863.8678343
28446,Train/mean_reward,381.072998046875,1780449019.1340435
28479,Train/mean_reward,381.15478515625,1780449178.8520381
28512,Train/mean_reward,381.12884521484375,1780449338.813302
28545,Train/mean_reward,381.337158203125,1780449498.207819
28578,Train/mean_reward,381.41754150390625,1780449657.293239
28611,Train/mean_reward,381.42413330078125,1780449815.5586271
28644,Train/mean_reward,381.3419189453125,1780449974.2141407
28677,Train/mean_reward,381.5340881347656,1780450133.8206608
28710,Train/mean_reward,381.639892578125,1780450291.5771456
28743,Train/mean_reward,381.6930236816406,1780450450.1194985
28776,Train/mean_reward,381.6235046386719,1780450608.328575
28809,Train/mean_reward,381.6709899902344,1780450765.9925036
28842,Train/mean_reward,381.7144775390625,1780450923.0560553
28875,Train/mean_reward,381.7832336425781,1780451078.0833325
28908,Train/mean_reward,381.7663269042969,1780451233.2013063
28941,Train/mean_reward,381.69635009765625,1780451387.9962611
28974,Train/mean_reward,381.7254943847656,1780451543.3889973
29007,Train/mean_reward,381.7922058105469,1780451699.2603846
29040,Train/mean_reward,381.74652099609375,1780451855.7119026
29073,Train/mean_reward,381.72119140625,1780452011.8777857
29106,Train/mean_reward,381.7161560058594,1780452169.3307865
29139,Train/mean_reward,381.7287292480469,1780452324.9530406
29172,Train/mean_reward,381.87371826171875,1780452480.3777533
29205,Train/mean_reward,381.8386535644531,1780452636.6265757
29238,Train/mean_reward,381.89453125,1780452792.3692944
29271,Train/mean_reward,381.98541259765625,1780452948.2906008
29304,Train/mean_reward,382.0787353515625,1780453103.4591544
29337,Train/mean_reward,382.1008605957031,1780453259.210894
29370,Train/mean_reward,381.9810485839844,1780453414.565673
29403,Train/mean_reward,382.01690673828125,1780453569.7416291
29436,Train/mean_reward,382.0668640136719,1780453724.2787867
29469,Train/mean_reward,381.9049987792969,1780453879.031296
29502,Train/mean_reward,381.9782409667969,1780454034.2447376
29535,Train/mean_reward,381.98370361328125,1780454189.4062064
29568,Train/mean_reward,381.93157958984375,1780454345.047604
29601,Train/mean_reward,381.951416015625,1780454501.182812
29634,Train/mean_reward,381.9076843261719,1780454656.9931371
29667,Train/mean_reward,381.989501953125,1780454813.0368326
29700,Train/mean_reward,382.0008544921875,1780454968.0012581
29733,Train/mean_reward,382.0600891113281,1780455123.4001994
29766,Train/mean_reward,382.1072998046875,1780455279.3473728
29799,Train/mean_reward,382.05902099609375,1780455435.6684608
29832,Train/mean_reward,381.9599914550781,1780455591.489687
29865,Train/mean_reward,381.88897705078125,1780455746.914998
29898,Train/mean_reward,381.8362731933594,1780455901.988618
29931,Train/mean_reward,381.7318115234375,1780456057.8740072
29964,Train/mean_reward,381.74371337890625,1780456213.5789192
29997,Train/mean_reward,381.6663818359375,1780456370.6301877
30030,Train/mean_reward,381.54998779296875,1780456527.6145778
30063,Train/mean_reward,381.58038330078125,1780456684.6044674
30096,Train/mean_reward,381.60906982421875,1780456841.8636875
30129,Train/mean_reward,381.6396484375,1780456999.4958723
30162,Train/mean_reward,381.5931396484375,1780457156.4939573
30195,Train/mean_reward,381.60986328125,1780457313.171157
30228,Train/mean_reward,381.6047668457031,1780457470.9906023
30261,Train/mean_reward,381.54962158203125,1780457629.5208254
30294,Train/mean_reward,381.3282165527344,1780457786.725423
30327,Train/mean_reward,381.2937927246094,1780457945.349797
30360,Train/mean_reward,381.1925964355469,1780458102.9055977
30393,Train/mean_reward,381.0635070800781,1780458259.9372022
30426,Train/mean_reward,381.1714782714844,1780458417.7799768
30459,Train/mean_reward,380.9951477050781,1780458575.238307
30492,Train/mean_reward,380.8989562988281,1780458732.2706695
30525,Train/mean_reward,380.77142333984375,1780458890.3195276
30558,Train/mean_reward,380.5816955566406,1780459048.5541806
30591,Train/mean_reward,380.3619079589844,1780459206.254536
30624,Train/mean_reward,378.917236328125,1780459363.402966
30657,Train/mean_reward,380.47979736328125,1780459520.6788507
30690,Train/mean_reward,380.6080627441406,1780459678.1463075
30723,Train/mean_reward,380.7596130371094,1780459834.5446274
30756,Train/mean_reward,380.7934875488281,1780459991.1502361
30789,Train/mean_reward,380.98992919921875,1780460148.5613565
30822,Train/mean_reward,381.04345703125,1780460306.8993952
30855,Train/mean_reward,381.07415771484375,1780460465.0013304
30888,Train/mean_reward,381.07257080078125,1780460622.7591102
30921,Train/mean_reward,381.108154296875,1780460780.7636137
30954,Train/mean_reward,381.2851867675781,1780460938.7907703
30987,Train/mean_reward,381.2681579589844,1780461097.2351391
31020,Train/mean_reward,381.2776184082031,1780461255.4227586
31053,Train/mean_reward,381.3709716796875,1780461414.1628733
31086,Train/mean_reward,381.30401611328125,1780461572.8931766
31119,Train/mean_reward,381.43328857421875,1780461730.7755513
31152,Train/mean_reward,381.3142395019531,1780461888.9494808
31185,Train/mean_reward,381.1531982421875,1780462045.7073038
31218,Train/mean_reward,381.0165710449219,1780462200.6783962
31251,Train/mean_reward,380.8983154296875,1780462356.4003494
31284,Train/mean_reward,380.7511291503906,1780462513.4878738
31317,Train/mean_reward,380.63690185546875,1780462671.4212463
31350,Train/mean_reward,380.7043762207031,1780462828.4253318
31383,Train/mean_reward,380.7301940917969,1780462984.7489192
31416,Train/mean_reward,380.9242858886719,1780463141.0035431
31449,Train/mean_reward,381.1512451171875,1780463297.1623487
31482,Train/mean_reward,381.326171875,1780463453.8621411
31515,Train/mean_reward,381.3941955566406,1780463610.1449933
31548,Train/mean_reward,381.478271484375,1780463765.666568
31581,Train/mean_reward,381.4867858886719,1780463921.631692
31614,Train/mean_reward,381.1219177246094,1780464077.871006
31647,Train/mean_reward,381.24066162109375,1780464234.7203982
31680,Train/mean_reward,381.33197021484375,1780464391.0848293
31713,Train/mean_reward,381.58050537109375,1780464547.0628078
31746,Train/mean_reward,381.7004699707031,1780464704.1733012
31779,Train/mean_reward,381.6868896484375,1780464860.6501222
31812,Train/mean_reward,381.84320068359375,1780465017.459232
31845,Train/mean_reward,381.83001708984375,1780465173.3596406
31878,Train/mean_reward,381.8133239746094,1780465329.4068513
31911,Train/mean_reward,379.7525634765625,1780465485.0037818
31944,Train/mean_reward,381.824951171875,1780465641.6973825
31977,Train/mean_reward,381.90435791015625,1780465799.1949208
32010,Train/mean_reward,381.81982421875,1780465955.2003343
32043,Train/mean_reward,381.7417907714844,1780466111.442404
32076,Train/mean_reward,381.7444152832031,1780466270.108293
32109,Train/mean_reward,381.7259826660156,1780466428.7896605
32142,Train/mean_reward,381.7874450683594,1780466586.1696773
32175,Train/mean_reward,381.62799072265625,1780466742.015446
32208,Train/mean_reward,381.7122497558594,1780466886.948581
32241,Train/mean_reward,381.71429443359375,1780467043.4599693
32274,Train/mean_reward,381.6471862792969,1780467200.0456338
32307,Train/mean_reward,381.4834289550781,1780467356.7665963
32340,Train/mean_reward,381.2911376953125,1780467512.0366526
32373,Train/mean_reward,381.2915344238281,1780467668.742253
32406,Train/mean_reward,381.0677795410156,1780467826.0544975
32439,Train/mean_reward,377.8955383300781,1780467983.62577
32472,Train/mean_reward,381.05548095703125,1780468138.9417646
32505,Train/mean_reward,380.82720947265625,1780468295.7740033
32538,Train/mean_reward,379.2533264160156,1780468452.918495
32571,Train/mean_reward,380.7276916503906,1780468609.6566143
32604,Train/mean_reward,380.81280517578125,1780468765.911142
32637,Train/mean_reward,380.89239501953125,1780468922.3435352
32670,Train/mean_reward,380.9106750488281,1780469077.6845675
32703,Train/mean_reward,380.7554626464844,1780469233.825207
32736,Train/mean_reward,380.8202209472656,1780469390.3595922
32769,Train/mean_reward,380.98443603515625,1780469547.3638287
32802,Train/mean_reward,381.0770263671875,1780469704.011108
32808,Train/mean_reward,381.1302795410156,1780469732.8243315
0,Train/mean_episode_length,19.780000686645508,1780315977.9492483
33,Train/mean_episode_length,77.04000091552734,1780316207.953813
66,Train/mean_episode_length,478.9200134277344,1780316411.0886548
99,Train/mean_episode_length,904.9299926757812,1780316608.844713
132,Train/mean_episode_length,1000.0,1780316800.663195
165,Train/mean_episode_length,996.5900268554688,1780316969.12936
198,Train/mean_episode_length,578.6300048828125,1780317123.5670438
231,Train/mean_episode_length,956.4400024414062,1780317277.8117533
264,Train/mean_episode_length,1000.0,1780317413.3597333
297,Train/mean_episode_length,1000.0,1780317560.0129516
330,Train/mean_episode_length,987.8099975585938,1780317719.5234637
363,Train/mean_episode_length,1000.0,1780317880.0465071
396,Train/mean_episode_length,1000.0,1780318019.1305783
429,Train/mean_episode_length,1000.0,1780318155.4594514
462,Train/mean_episode_length,1000.0,1780318312.740692
495,Train/mean_episode_length,1000.0,1780318471.6301396
528,Train/mean_episode_length,992.719970703125,1780318629.468967
561,Train/mean_episode_length,1000.0,1780318788.3314593
594,Train/mean_episode_length,1000.0,1780318933.3624518
627,Train/mean_episode_length,1000.0,1780319091.0413153
660,Train/mean_episode_length,996.010009765625,1780319249.736626
693,Train/mean_episode_length,1000.0,1780319402.5886047
726,Train/mean_episode_length,1000.0,1780319557.7501206
759,Train/mean_episode_length,1000.0,1780319716.0325117
792,Train/mean_episode_length,1000.0,1780319875.709874
825,Train/mean_episode_length,990.5800170898438,1780320036.6947935
858,Train/mean_episode_length,1000.0,1780320196.0660303
891,Train/mean_episode_length,1000.0,1780320356.2814813
924,Train/mean_episode_length,1000.0,1780320501.0166366
957,Train/mean_episode_length,1000.0,1780320647.4881432
990,Train/mean_episode_length,985.4500122070312,1780320786.6709924
1023,Train/mean_episode_length,1000.0,1780320932.1493716
1056,Train/mean_episode_length,1000.0,1780321093.1708512
1089,Train/mean_episode_length,1000.0,1780321254.446363
1122,Train/mean_episode_length,1000.0,1780321407.0969768
1155,Train/mean_episode_length,1000.0,1780321567.715934
1188,Train/mean_episode_length,1000.0,1780321722.3027427
1221,Train/mean_episode_length,1000.0,1780321859.7806137
1254,Train/mean_episode_length,1000.0,1780322008.5078068
1287,Train/mean_episode_length,1000.0,1780322168.8398807
1320,Train/mean_episode_length,1000.0,1780322329.2710593
1353,Train/mean_episode_length,978.719970703125,1780322490.0546763
1386,Train/mean_episode_length,1000.0,1780322647.615618
1419,Train/mean_episode_length,1000.0,1780322799.871858
1452,Train/mean_episode_length,1000.0,1780322952.6650188
1485,Train/mean_episode_length,1000.0,1780323082.6725953
1518,Train/mean_episode_length,1000.0,1780323216.4780855
1551,Train/mean_episode_length,1000.0,1780323372.9564433
1584,Train/mean_episode_length,1000.0,1780323521.8588643
1617,Train/mean_episode_length,988.7899780273438,1780323677.756311
1650,Train/mean_episode_length,996.4199829101562,1780323835.891074
1683,Train/mean_episode_length,1000.0,1780323994.2795277
1716,Train/mean_episode_length,1000.0,1780324152.1096363
1749,Train/mean_episode_length,1000.0,1780324310.3424017
1782,Train/mean_episode_length,1000.0,1780324468.7074203
1815,Train/mean_episode_length,1000.0,1780324626.2538714
1848,Train/mean_episode_length,1000.0,1780324779.6670446
1881,Train/mean_episode_length,1000.0,1780324936.9817638
1914,Train/mean_episode_length,1000.0,1780325089.8683295
1947,Train/mean_episode_length,1000.0,1780325246.5856128
1980,Train/mean_episode_length,1000.0,1780325402.0220227
2013,Train/mean_episode_length,1000.0,1780325559.1253746
2046,Train/mean_episode_length,1000.0,1780325715.4346788
2079,Train/mean_episode_length,1000.0,1780325869.601128
2112,Train/mean_episode_length,1000.0,1780326024.5576031
2145,Train/mean_episode_length,1000.0,1780326178.9020665
2178,Train/mean_episode_length,1000.0,1780326337.0055451
2211,Train/mean_episode_length,1000.0,1780326490.9310048
2244,Train/mean_episode_length,1000.0,1780326646.6437407
2277,Train/mean_episode_length,1000.0,1780326803.6857207
2310,Train/mean_episode_length,1000.0,1780326959.1228147
2343,Train/mean_episode_length,1000.0,1780327114.568417
2376,Train/mean_episode_length,1000.0,1780327269.224981
2409,Train/mean_episode_length,1000.0,1780327425.180151
2442,Train/mean_episode_length,1000.0,1780327582.387585
2475,Train/mean_episode_length,1000.0,1780327739.3282812
2508,Train/mean_episode_length,1000.0,1780327894.8506246
2541,Train/mean_episode_length,1000.0,1780328051.8453686
2574,Train/mean_episode_length,1000.0,1780328208.0614593
2607,Train/mean_episode_length,1000.0,1780328364.7106397
2640,Train/mean_episode_length,1000.0,1780328520.179818
2673,Train/mean_episode_length,1000.0,1780328674.7129428
2706,Train/mean_episode_length,1000.0,1780328828.905079
2739,Train/mean_episode_length,1000.0,1780328982.8513615
2772,Train/mean_episode_length,1000.0,1780329138.104938
2805,Train/mean_episode_length,1000.0,1780329278.643514
2838,Train/mean_episode_length,1000.0,1780329418.9901383
2871,Train/mean_episode_length,1000.0,1780329563.454175
2904,Train/mean_episode_length,1000.0,1780329701.801509
2937,Train/mean_episode_length,1000.0,1780329854.0683095
2970,Train/mean_episode_length,1000.0,1780330002.9660814
3003,Train/mean_episode_length,1000.0,1780330148.026991
3036,Train/mean_episode_length,1000.0,1780330295.934873
3069,Train/mean_episode_length,1000.0,1780330425.647815
3102,Train/mean_episode_length,1000.0,1780330560.6906705
3135,Train/mean_episode_length,1000.0,1780330714.9396117
3168,Train/mean_episode_length,1000.0,1780330865.7045865
3201,Train/mean_episode_length,1000.0,1780330998.828675
3234,Train/mean_episode_length,1000.0,1780331142.4841316
3267,Train/mean_episode_length,1000.0,1780331291.2278996
3300,Train/mean_episode_length,1000.0,1780331432.0247338
3333,Train/mean_episode_length,1000.0,1780331570.825651
3366,Train/mean_episode_length,1000.0,1780331721.7935164
3399,Train/mean_episode_length,1000.0,1780331859.4890525
3432,Train/mean_episode_length,1000.0,1780331988.5884943
3465,Train/mean_episode_length,1000.0,1780332138.607408
3498,Train/mean_episode_length,1000.0,1780332292.2297945
3531,Train/mean_episode_length,1000.0,1780332445.6534283
3564,Train/mean_episode_length,1000.0,1780332598.8607686
3597,Train/mean_episode_length,1000.0,1780332750.75813
3630,Train/mean_episode_length,1000.0,1780332903.1523595
3663,Train/mean_episode_length,1000.0,1780333057.7611308
3696,Train/mean_episode_length,1000.0,1780333211.9581645
3729,Train/mean_episode_length,1000.0,1780333366.2682087
3762,Train/mean_episode_length,1000.0,1780333518.5995162
3795,Train/mean_episode_length,1000.0,1780333648.8365772
3828,Train/mean_episode_length,1000.0,1780333786.9170337
3861,Train/mean_episode_length,1000.0,1780333933.9074209
3894,Train/mean_episode_length,1000.0,1780334088.3496425
3927,Train/mean_episode_length,1000.0,1780334242.6160445
3960,Train/mean_episode_length,1000.0,1780334397.3156393
3993,Train/mean_episode_length,996.4299926757812,1780334554.656218
4026,Train/mean_episode_length,1000.0,1780334708.7748547
4059,Train/mean_episode_length,1000.0,1780334864.1594818
4092,Train/mean_episode_length,1000.0,1780335019.167929
4125,Train/mean_episode_length,1000.0,1780335174.140361
4158,Train/mean_episode_length,994.6099853515625,1780335329.3718288
4191,Train/mean_episode_length,1000.0,1780335482.9561944
4224,Train/mean_episode_length,1000.0,1780335637.866064
4257,Train/mean_episode_length,1000.0,1780335786.672441
4290,Train/mean_episode_length,1000.0,1780335936.2343602
4323,Train/mean_episode_length,1000.0,1780336072.945225
4356,Train/mean_episode_length,1000.0,1780336228.1952856
4389,Train/mean_episode_length,1000.0,1780336383.4718397
4422,Train/mean_episode_length,1000.0,1780336536.6323342
4455,Train/mean_episode_length,1000.0,1780336690.6825526
4488,Train/mean_episode_length,1000.0,1780336844.9576905
4521,Train/mean_episode_length,1000.0,1780336998.98754
4554,Train/mean_episode_length,1000.0,1780337153.1972933
4587,Train/mean_episode_length,1000.0,1780337308.0351715
4620,Train/mean_episode_length,1000.0,1780337463.2939684
4653,Train/mean_episode_length,1000.0,1780337619.9594796
4686,Train/mean_episode_length,1000.0,1780337777.0319903
4719,Train/mean_episode_length,1000.0,1780337934.8524132
4752,Train/mean_episode_length,1000.0,1780338091.554417
4785,Train/mean_episode_length,1000.0,1780338248.3190455
4818,Train/mean_episode_length,1000.0,1780338402.6986053
4851,Train/mean_episode_length,1000.0,1780338558.0945425
4884,Train/mean_episode_length,1000.0,1780338713.6072066
4917,Train/mean_episode_length,1000.0,1780338868.7658663
4950,Train/mean_episode_length,1000.0,1780339019.2418532
4983,Train/mean_episode_length,1000.0,1780339174.7714934
5016,Train/mean_episode_length,1000.0,1780339331.1266596
5049,Train/mean_episode_length,1000.0,1780339488.1495886
5082,Train/mean_episode_length,1000.0,1780339645.76265
5115,Train/mean_episode_length,1000.0,1780339801.3445323
5148,Train/mean_episode_length,1000.0,1780339958.1859403
5181,Train/mean_episode_length,1000.0,1780340114.2079067
5214,Train/mean_episode_length,1000.0,1780340269.2652037
5247,Train/mean_episode_length,1000.0,1780340424.319706
5280,Train/mean_episode_length,1000.0,1780340579.850092
5313,Train/mean_episode_length,1000.0,1780340736.2466252
5346,Train/mean_episode_length,1000.0,1780340892.638541
5379,Train/mean_episode_length,1000.0,1780341049.0442986
5412,Train/mean_episode_length,1000.0,1780341205.3973877
5445,Train/mean_episode_length,1000.0,1780341361.569785
5478,Train/mean_episode_length,1000.0,1780341518.6559918
5511,Train/mean_episode_length,1000.0,1780341674.3764882
5544,Train/mean_episode_length,1000.0,1780341829.875988
5577,Train/mean_episode_length,1000.0,1780341985.8220227
5610,Train/mean_episode_length,1000.0,1780342142.368579
5643,Train/mean_episode_length,1000.0,1780342297.9862173
5676,Train/mean_episode_length,1000.0,1780342453.2957735
5709,Train/mean_episode_length,1000.0,1780342610.6665237
5742,Train/mean_episode_length,1000.0,1780342767.211725
5775,Train/mean_episode_length,1000.0,1780342923.6452703
5808,Train/mean_episode_length,1000.0,1780343079.8827612
5841,Train/mean_episode_length,1000.0,1780343234.756128
5874,Train/mean_episode_length,1000.0,1780343390.4132488
5907,Train/mean_episode_length,1000.0,1780343545.041411
5940,Train/mean_episode_length,1000.0,1780343699.5831892
5973,Train/mean_episode_length,1000.0,1780343854.5521097
6006,Train/mean_episode_length,1000.0,1780344008.9185493
6039,Train/mean_episode_length,1000.0,1780344162.7000241
6072,Train/mean_episode_length,1000.0,1780344318.3908124
6105,Train/mean_episode_length,1000.0,1780344472.840827
6138,Train/mean_episode_length,1000.0,1780344627.3775635
6171,Train/mean_episode_length,1000.0,1780344781.296708
6204,Train/mean_episode_length,1000.0,1780344935.2299914
6237,Train/mean_episode_length,1000.0,1780345090.2073922
6270,Train/mean_episode_length,1000.0,1780345244.5544415
6303,Train/mean_episode_length,1000.0,1780345399.4456816
6336,Train/mean_episode_length,1000.0,1780345554.316001
6369,Train/mean_episode_length,1000.0,1780345709.3664203
6402,Train/mean_episode_length,1000.0,1780345862.8518808
6435,Train/mean_episode_length,1000.0,1780346016.9401321
6468,Train/mean_episode_length,1000.0,1780346170.7614813
6501,Train/mean_episode_length,1000.0,1780346324.588262
6534,Train/mean_episode_length,998.3300170898438,1780346477.6202347
6567,Train/mean_episode_length,1000.0,1780346630.7660651
6600,Train/mean_episode_length,1000.0,1780346784.4272873
6633,Train/mean_episode_length,1000.0,1780346937.3479626
6666,Train/mean_episode_length,1000.0,1780347090.565128
6699,Train/mean_episode_length,1000.0,1780347243.2609682
6732,Train/mean_episode_length,1000.0,1780347395.940475
6765,Train/mean_episode_length,1000.0,1780347549.6214247
6798,Train/mean_episode_length,1000.0,1780347704.034899
6831,Train/mean_episode_length,1000.0,1780347857.118272
6864,Train/mean_episode_length,1000.0,1780348009.7048895
6897,Train/mean_episode_length,1000.0,1780348162.1312752
6930,Train/mean_episode_length,1000.0,1780348314.0505536
6963,Train/mean_episode_length,1000.0,1780348466.9280584
6996,Train/mean_episode_length,1000.0,1780348619.4538093
7029,Train/mean_episode_length,1000.0,1780348771.5052562
7062,Train/mean_episode_length,1000.0,1780348923.986348
7095,Train/mean_episode_length,1000.0,1780349076.2896907
7128,Train/mean_episode_length,1000.0,1780349228.9368987
7161,Train/mean_episode_length,1000.0,1780349381.168615
7194,Train/mean_episode_length,1000.0,1780349533.3394556
7227,Train/mean_episode_length,1000.0,1780349684.51927
7260,Train/mean_episode_length,1000.0,1780349835.8989928
7293,Train/mean_episode_length,1000.0,1780349986.7267828
7326,Train/mean_episode_length,1000.0,1780350138.131819
7359,Train/mean_episode_length,1000.0,1780350288.8599803
7392,Train/mean_episode_length,1000.0,1780350439.7285779
7425,Train/mean_episode_length,1000.0,1780350591.104575
7458,Train/mean_episode_length,1000.0,1780350741.8186376
7491,Train/mean_episode_length,1000.0,1780350893.5481572
7524,Train/mean_episode_length,1000.0,1780351045.0023835
7557,Train/mean_episode_length,1000.0,1780351196.3501072
7590,Train/mean_episode_length,1000.0,1780351347.7508318
7623,Train/mean_episode_length,1000.0,1780351498.9096324
7656,Train/mean_episode_length,1000.0,1780351650.5152545
7689,Train/mean_episode_length,1000.0,1780351802.141538
7722,Train/mean_episode_length,1000.0,1780351953.698417
7755,Train/mean_episode_length,1000.0,1780352105.1836977
7788,Train/mean_episode_length,1000.0,1780352257.050881
7821,Train/mean_episode_length,1000.0,1780352408.1117506
7854,Train/mean_episode_length,1000.0,1780352559.8003592
7887,Train/mean_episode_length,1000.0,1780352711.096077
7920,Train/mean_episode_length,1000.0,1780352861.852539
7953,Train/mean_episode_length,1000.0,1780353012.9804018
7986,Train/mean_episode_length,1000.0,1780353164.6547494
8019,Train/mean_episode_length,1000.0,1780353314.996356
8052,Train/mean_episode_length,1000.0,1780353466.0493183
8085,Train/mean_episode_length,1000.0,1780353617.7557962
8118,Train/mean_episode_length,1000.0,1780353769.0884619
8151,Train/mean_episode_length,1000.0,1780353919.7377374
8184,Train/mean_episode_length,1000.0,1780354072.2571292
8217,Train/mean_episode_length,1000.0,1780354224.2508514
8250,Train/mean_episode_length,1000.0,1780354375.4303463
8283,Train/mean_episode_length,1000.0,1780354527.5419548
8316,Train/mean_episode_length,997.1500244140625,1780354679.316663
8349,Train/mean_episode_length,1000.0,1780354813.434761
8382,Train/mean_episode_length,1000.0,1780354964.6738913
8415,Train/mean_episode_length,1000.0,1780355116.3435214
8448,Train/mean_episode_length,1000.0,1780355268.0499144
8481,Train/mean_episode_length,1000.0,1780355419.9576633
8514,Train/mean_episode_length,1000.0,1780355571.8300362
8547,Train/mean_episode_length,1000.0,1780355723.7754965
8580,Train/mean_episode_length,1000.0,1780355875.9687757
8613,Train/mean_episode_length,1000.0,1780356027.5904057
8646,Train/mean_episode_length,1000.0,1780356179.1168745
8679,Train/mean_episode_length,1000.0,1780356330.4491985
8712,Train/mean_episode_length,1000.0,1780356481.6416113
8745,Train/mean_episode_length,1000.0,1780356633.9046965
8778,Train/mean_episode_length,1000.0,1780356786.0368562
8811,Train/mean_episode_length,1000.0,1780356938.2878072
8844,Train/mean_episode_length,1000.0,1780357090.7103612
8877,Train/mean_episode_length,1000.0,1780357242.3443627
8910,Train/mean_episode_length,1000.0,1780357396.0386298
8943,Train/mean_episode_length,1000.0,1780357549.64723
8976,Train/mean_episode_length,1000.0,1780357702.7124047
9009,Train/mean_episode_length,1000.0,1780357855.8977115
9042,Train/mean_episode_length,1000.0,1780358008.8514972
9075,Train/mean_episode_length,1000.0,1780358161.886952
9108,Train/mean_episode_length,1000.0,1780358315.365654
9141,Train/mean_episode_length,1000.0,1780358471.2635248
9174,Train/mean_episode_length,1000.0,1780358625.4992402
9207,Train/mean_episode_length,1000.0,1780358778.921762
9240,Train/mean_episode_length,1000.0,1780358933.7995784
9273,Train/mean_episode_length,1000.0,1780359087.2181022
9306,Train/mean_episode_length,1000.0,1780359240.0755057
9339,Train/mean_episode_length,1000.0,1780359391.9715018
9372,Train/mean_episode_length,1000.0,1780359543.1681669
9405,Train/mean_episode_length,1000.0,1780359696.0407338
9438,Train/mean_episode_length,1000.0,1780359848.4758768
9471,Train/mean_episode_length,1000.0,1780360000.2888913
9504,Train/mean_episode_length,1000.0,1780360151.4787788
9537,Train/mean_episode_length,1000.0,1780360302.1485765
9570,Train/mean_episode_length,1000.0,1780360454.1477382
9603,Train/mean_episode_length,1000.0,1780360607.2934444
9636,Train/mean_episode_length,1000.0,1780360759.8407183
9669,Train/mean_episode_length,1000.0,1780360912.1473744
9702,Train/mean_episode_length,1000.0,1780361064.1503685
9735,Train/mean_episode_length,1000.0,1780361215.7345662
9768,Train/mean_episode_length,1000.0,1780361366.8748643
9801,Train/mean_episode_length,1000.0,1780361518.3810492
9834,Train/mean_episode_length,1000.0,1780361670.9900782
9867,Train/mean_episode_length,1000.0,1780361823.9170732
9900,Train/mean_episode_length,1000.0,1780361977.0294192
9933,Train/mean_episode_length,1000.0,1780362130.0263286
9966,Train/mean_episode_length,1000.0,1780362281.680075
9999,Train/mean_episode_length,1000.0,1780362434.3270633
10032,Train/mean_episode_length,1000.0,1780362587.9120393
10065,Train/mean_episode_length,1000.0,1780362741.244646
10098,Train/mean_episode_length,1000.0,1780362894.044118
10131,Train/mean_episode_length,1000.0,1780363045.6898146
10164,Train/mean_episode_length,1000.0,1780363197.451269
10197,Train/mean_episode_length,999.1099853515625,1780363348.7198963
10230,Train/mean_episode_length,1000.0,1780363499.814889
10263,Train/mean_episode_length,1000.0,1780363651.3227322
10296,Train/mean_episode_length,1000.0,1780363803.125021
10329,Train/mean_episode_length,1000.0,1780363955.1545503
10362,Train/mean_episode_length,1000.0,1780364107.2368314
10395,Train/mean_episode_length,1000.0,1780364259.669054
10428,Train/mean_episode_length,1000.0,1780364411.150949
10461,Train/mean_episode_length,1000.0,1780364562.3740797
10494,Train/mean_episode_length,998.1900024414062,1780364713.3478992
10527,Train/mean_episode_length,1000.0,1780364864.1576166
10560,Train/mean_episode_length,1000.0,1780365015.0801296
10593,Train/mean_episode_length,1000.0,1780365166.193466
10626,Train/mean_episode_length,1000.0,1780365316.9108238
10659,Train/mean_episode_length,1000.0,1780365468.279908
10692,Train/mean_episode_length,1000.0,1780365619.298503
10725,Train/mean_episode_length,1000.0,1780365770.525264
10758,Train/mean_episode_length,1000.0,1780365921.3205762
10791,Train/mean_episode_length,1000.0,1780366071.6628346
10824,Train/mean_episode_length,1000.0,1780366222.2275658
10857,Train/mean_episode_length,1000.0,1780366373.3086102
10890,Train/mean_episode_length,1000.0,1780366524.2263129
10923,Train/mean_episode_length,1000.0,1780366675.3807523
10956,Train/mean_episode_length,1000.0,1780366826.3647091
10989,Train/mean_episode_length,1000.0,1780366977.5814252
11022,Train/mean_episode_length,1000.0,1780367129.4350495
11055,Train/mean_episode_length,1000.0,1780367280.7430377
11088,Train/mean_episode_length,1000.0,1780367432.5497715
11121,Train/mean_episode_length,1000.0,1780367583.7935903
11154,Train/mean_episode_length,1000.0,1780367735.0403507
11187,Train/mean_episode_length,1000.0,1780367886.051455
11220,Train/mean_episode_length,1000.0,1780368037.3873231
11253,Train/mean_episode_length,1000.0,1780368188.471916
11286,Train/mean_episode_length,1000.0,1780368339.520847
11319,Train/mean_episode_length,1000.0,1780368491.1269197
11352,Train/mean_episode_length,1000.0,1780368642.9548743
11385,Train/mean_episode_length,1000.0,1780368794.0225096
11418,Train/mean_episode_length,1000.0,1780368944.8393066
11451,Train/mean_episode_length,1000.0,1780369095.9157577
11484,Train/mean_episode_length,1000.0,1780369247.0976038
11517,Train/mean_episode_length,1000.0,1780369397.8440242
11550,Train/mean_episode_length,1000.0,1780369548.8455174
11583,Train/mean_episode_length,1000.0,1780369699.2760801
11616,Train/mean_episode_length,1000.0,1780369850.6470203
11649,Train/mean_episode_length,1000.0,1780370001.5926108
11682,Train/mean_episode_length,1000.0,1780370152.4515905
11715,Train/mean_episode_length,1000.0,1780370303.5903196
11748,Train/mean_episode_length,1000.0,1780370455.1694
11781,Train/mean_episode_length,1000.0,1780370606.74818
11814,Train/mean_episode_length,1000.0,1780370758.23467
11847,Train/mean_episode_length,1000.0,1780370909.1820235
11880,Train/mean_episode_length,1000.0,1780371060.8986661
11913,Train/mean_episode_length,1000.0,1780371211.5535378
11946,Train/mean_episode_length,1000.0,1780371363.122449
11979,Train/mean_episode_length,1000.0,1780371513.238541
12012,Train/mean_episode_length,1000.0,1780371663.7760878
12045,Train/mean_episode_length,1000.0,1780371815.1205823
12078,Train/mean_episode_length,1000.0,1780371965.889265
12111,Train/mean_episode_length,1000.0,1780372111.381168
12144,Train/mean_episode_length,1000.0,1780372260.2385983
12177,Train/mean_episode_length,1000.0,1780372412.1416574
12210,Train/mean_episode_length,1000.0,1780372563.1303477
12243,Train/mean_episode_length,1000.0,1780372714.4459827
12276,Train/mean_episode_length,1000.0,1780372865.853274
12309,Train/mean_episode_length,1000.0,1780373016.6109998
12342,Train/mean_episode_length,1000.0,1780373167.1828837
12375,Train/mean_episode_length,1000.0,1780373318.3828812
12408,Train/mean_episode_length,1000.0,1780373469.5456836
12441,Train/mean_episode_length,1000.0,1780373621.7595372
12474,Train/mean_episode_length,1000.0,1780373773.1130955
12507,Train/mean_episode_length,1000.0,1780373924.373109
12540,Train/mean_episode_length,1000.0,1780374075.3489184
12573,Train/mean_episode_length,1000.0,1780374226.3357465
12606,Train/mean_episode_length,1000.0,1780374377.878898
12639,Train/mean_episode_length,1000.0,1780374528.702709
12672,Train/mean_episode_length,1000.0,1780374679.4909322
12705,Train/mean_episode_length,1000.0,1780374830.692258
12738,Train/mean_episode_length,1000.0,1780374981.5269313
12771,Train/mean_episode_length,1000.0,1780375132.1173868
12804,Train/mean_episode_length,1000.0,1780375283.4313822
12837,Train/mean_episode_length,1000.0,1780375433.5452108
12870,Train/mean_episode_length,1000.0,1780375584.556551
12903,Train/mean_episode_length,1000.0,1780375735.679588
12936,Train/mean_episode_length,1000.0,1780375886.56808
12969,Train/mean_episode_length,1000.0,1780376037.9302564
13002,Train/mean_episode_length,1000.0,1780376189.9753284
13035,Train/mean_episode_length,1000.0,1780376341.8847172
13068,Train/mean_episode_length,1000.0,1780376493.2413883
13101,Train/mean_episode_length,1000.0,1780376645.302531
13134,Train/mean_episode_length,1000.0,1780376797.973412
13167,Train/mean_episode_length,1000.0,1780376951.2751117
13200,Train/mean_episode_length,1000.0,1780377107.908147
13233,Train/mean_episode_length,1000.0,1780377264.7239819
13266,Train/mean_episode_length,1000.0,1780377418.6805892
13299,Train/mean_episode_length,1000.0,1780377571.6133115
13332,Train/mean_episode_length,1000.0,1780377725.0892026
13365,Train/mean_episode_length,1000.0,1780377878.448548
13398,Train/mean_episode_length,1000.0,1780378035.4289687
13431,Train/mean_episode_length,1000.0,1780378190.4936411
13464,Train/mean_episode_length,1000.0,1780378343.935167
13497,Train/mean_episode_length,1000.0,1780378498.2395885
13530,Train/mean_episode_length,1000.0,1780378652.3647583
13563,Train/mean_episode_length,1000.0,1780378807.8966327
13596,Train/mean_episode_length,1000.0,1780378965.3143325
13629,Train/mean_episode_length,1000.0,1780379120.6953087
13662,Train/mean_episode_length,1000.0,1780379275.5167234
13695,Train/mean_episode_length,1000.0,1780379430.0506072
13728,Train/mean_episode_length,1000.0,1780379584.546459
13761,Train/mean_episode_length,1000.0,1780379738.6675847
13794,Train/mean_episode_length,1000.0,1780379892.442296
13827,Train/mean_episode_length,1000.0,1780380046.3385131
13860,Train/mean_episode_length,1000.0,1780380200.6300082
13893,Train/mean_episode_length,1000.0,1780380356.893104
13926,Train/mean_episode_length,1000.0,1780380511.3515751
13959,Train/mean_episode_length,1000.0,1780380665.106063
13992,Train/mean_episode_length,1000.0,1780380820.3093271
14025,Train/mean_episode_length,1000.0,1780380975.382963
14058,Train/mean_episode_length,992.3099975585938,1780381130.1393893
14091,Train/mean_episode_length,1000.0,1780381284.2828717
14124,Train/mean_episode_length,1000.0,1780381438.809795
14157,Train/mean_episode_length,1000.0,1780381593.0608113
14190,Train/mean_episode_length,1000.0,1780381747.7108464
14223,Train/mean_episode_length,1000.0,1780381901.5285385
14256,Train/mean_episode_length,1000.0,1780382055.862133
14289,Train/mean_episode_length,1000.0,1780382211.4241648
14322,Train/mean_episode_length,1000.0,1780382369.0170498
14355,Train/mean_episode_length,1000.0,1780382534.8720586
14388,Train/mean_episode_length,1000.0,1780382692.2373102
14421,Train/mean_episode_length,1000.0,1780382849.4574633
14454,Train/mean_episode_length,1000.0,1780383006.8172085
14487,Train/mean_episode_length,1000.0,1780383157.4275842
14520,Train/mean_episode_length,1000.0,1780383315.4400656
14553,Train/mean_episode_length,1000.0,1780383472.2431884
14586,Train/mean_episode_length,1000.0,1780383630.3895774
14619,Train/mean_episode_length,1000.0,1780383779.5103672
14652,Train/mean_episode_length,1000.0,1780383937.5133088
14685,Train/mean_episode_length,1000.0,1780384091.878143
14718,Train/mean_episode_length,1000.0,1780384239.1750379
14751,Train/mean_episode_length,1000.0,1780384390.2837973
14784,Train/mean_episode_length,1000.0,1780384543.9663198
14817,Train/mean_episode_length,1000.0,1780384698.4780161
14850,Train/mean_episode_length,1000.0,1780384854.9883475
14883,Train/mean_episode_length,1000.0,1780385006.669608
14916,Train/mean_episode_length,1000.0,1780385164.043731
14949,Train/mean_episode_length,1000.0,1780385321.318378
14982,Train/mean_episode_length,992.1599731445312,1780385478.1004438
15015,Train/mean_episode_length,1000.0,1780385636.186006
15048,Train/mean_episode_length,1000.0,1780385793.0126607
15081,Train/mean_episode_length,1000.0,1780385947.2367756
15114,Train/mean_episode_length,1000.0,1780386101.159794
15147,Train/mean_episode_length,1000.0,1780386254.1694844
15180,Train/mean_episode_length,1000.0,1780386410.1521463
15213,Train/mean_episode_length,1000.0,1780386564.5701632
15246,Train/mean_episode_length,1000.0,1780386713.7532518
15279,Train/mean_episode_length,1000.0,1780386867.5048842
15312,Train/mean_episode_length,1000.0,1780387024.8561718
15345,Train/mean_episode_length,1000.0,1780387174.307724
15378,Train/mean_episode_length,1000.0,1780387328.437802
15411,Train/mean_episode_length,1000.0,1780387481.1896505
15444,Train/mean_episode_length,1000.0,1780387634.866672
15477,Train/mean_episode_length,1000.0,1780387787.6887078
15510,Train/mean_episode_length,1000.0,1780387941.726492
15543,Train/mean_episode_length,1000.0,1780388096.0337074
15576,Train/mean_episode_length,1000.0,1780388247.0035417
15609,Train/mean_episode_length,1000.0,1780388401.6489906
15642,Train/mean_episode_length,1000.0,1780388556.0905
15675,Train/mean_episode_length,1000.0,1780388710.3432038
15708,Train/mean_episode_length,1000.0,1780388863.9300687
15741,Train/mean_episode_length,1000.0,1780389018.9546688
15774,Train/mean_episode_length,1000.0,1780389174.1002822
15807,Train/mean_episode_length,1000.0,1780389329.15371
15840,Train/mean_episode_length,1000.0,1780389481.8930871
15873,Train/mean_episode_length,1000.0,1780389637.086018
15906,Train/mean_episode_length,1000.0,1780389792.770147
15939,Train/mean_episode_length,1000.0,1780389948.4724927
15972,Train/mean_episode_length,1000.0,1780390104.1472912
16005,Train/mean_episode_length,1000.0,1780390257.186653
16038,Train/mean_episode_length,1000.0,1780390409.59783
16071,Train/mean_episode_length,996.8900146484375,1780390563.5498343
16104,Train/mean_episode_length,1000.0,1780390717.6377666
16137,Train/mean_episode_length,1000.0,1780390872.3374527
16170,Train/mean_episode_length,1000.0,1780391020.836737
16203,Train/mean_episode_length,1000.0,1780391174.880978
16236,Train/mean_episode_length,1000.0,1780391328.8119736
16269,Train/mean_episode_length,1000.0,1780391482.6501763
16302,Train/mean_episode_length,1000.0,1780391635.8567653
16335,Train/mean_episode_length,1000.0,1780391789.5159428
16368,Train/mean_episode_length,1000.0,1780391943.625507
16401,Train/mean_episode_length,991.5499877929688,1780392097.6603
16434,Train/mean_episode_length,1000.0,1780392251.4448347
16467,Train/mean_episode_length,1000.0,1780392405.062784
16500,Train/mean_episode_length,1000.0,1780392559.006441
16533,Train/mean_episode_length,1000.0,1780392712.1401055
16566,Train/mean_episode_length,1000.0,1780392865.7315054
16599,Train/mean_episode_length,1000.0,1780393019.538408
16632,Train/mean_episode_length,1000.0,1780393173.3878126
16665,Train/mean_episode_length,1000.0,1780393328.0446365
16698,Train/mean_episode_length,1000.0,1780393482.8610737
16731,Train/mean_episode_length,1000.0,1780393637.2411904
16764,Train/mean_episode_length,1000.0,1780393791.1370754
16797,Train/mean_episode_length,1000.0,1780393946.0967124
16830,Train/mean_episode_length,1000.0,1780394100.6982722
16863,Train/mean_episode_length,1000.0,1780394255.6032789
16896,Train/mean_episode_length,1000.0,1780394410.6099524
16929,Train/mean_episode_length,1000.0,1780394565.440512
16962,Train/mean_episode_length,1000.0,1780394719.2501276
16995,Train/mean_episode_length,1000.0,1780394874.195767
17028,Train/mean_episode_length,1000.0,1780395030.2188094
17061,Train/mean_episode_length,1000.0,1780395185.2418187
17094,Train/mean_episode_length,1000.0,1780395340.3256238
17127,Train/mean_episode_length,1000.0,1780395495.151955
17160,Train/mean_episode_length,1000.0,1780395650.9614275
17193,Train/mean_episode_length,1000.0,1780395808.5434675
17226,Train/mean_episode_length,1000.0,1780395965.9321418
17259,Train/mean_episode_length,1000.0,1780396122.4161549
17292,Train/mean_episode_length,1000.0,1780396278.7502723
17325,Train/mean_episode_length,1000.0,1780396435.835348
17358,Train/mean_episode_length,1000.0,1780396591.9824
17391,Train/mean_episode_length,1000.0,1780396749.068281
17424,Train/mean_episode_length,1000.0,1780396909.5280216
17457,Train/mean_episode_length,1000.0,1780397064.8240633
17490,Train/mean_episode_length,1000.0,1780397220.566976
17523,Train/mean_episode_length,1000.0,1780397375.6550999
17556,Train/mean_episode_length,1000.0,1780397530.5507889
17589,Train/mean_episode_length,1000.0,1780397684.6214678
17622,Train/mean_episode_length,1000.0,1780397840.1406217
17655,Train/mean_episode_length,1000.0,1780397994.9280992
17688,Train/mean_episode_length,1000.0,1780398150.3388557
17721,Train/mean_episode_length,1000.0,1780398305.9029095
17754,Train/mean_episode_length,1000.0,1780398461.2150476
17787,Train/mean_episode_length,1000.0,1780398617.727694
17820,Train/mean_episode_length,1000.0,1780398773.5712328
17853,Train/mean_episode_length,1000.0,1780398927.500749
17886,Train/mean_episode_length,1000.0,1780399082.8718388
17919,Train/mean_episode_length,1000.0,1780399237.8031685
17952,Train/mean_episode_length,1000.0,1780399394.0702686
17985,Train/mean_episode_length,1000.0,1780399550.8226001
18018,Train/mean_episode_length,1000.0,1780399707.1708984
18051,Train/mean_episode_length,1000.0,1780399862.7105827
18084,Train/mean_episode_length,1000.0,1780400020.0740263
18117,Train/mean_episode_length,1000.0,1780400175.8717377
18150,Train/mean_episode_length,1000.0,1780400331.3587077
18183,Train/mean_episode_length,1000.0,1780400488.0582123
18216,Train/mean_episode_length,1000.0,1780400643.851072
18249,Train/mean_episode_length,1000.0,1780400800.3573601
18282,Train/mean_episode_length,1000.0,1780400955.8878226
18315,Train/mean_episode_length,1000.0,1780401111.1779606
18348,Train/mean_episode_length,1000.0,1780401267.0849004
18381,Train/mean_episode_length,1000.0,1780401422.049983
18414,Train/mean_episode_length,1000.0,1780401575.7050545
18447,Train/mean_episode_length,1000.0,1780401730.7500086
18480,Train/mean_episode_length,1000.0,1780401885.1241415
18513,Train/mean_episode_length,1000.0,1780402039.5854244
18546,Train/mean_episode_length,1000.0,1780402194.8701496
18579,Train/mean_episode_length,1000.0,1780402346.807485
18612,Train/mean_episode_length,1000.0,1780402478.75874
18645,Train/mean_episode_length,1000.0,1780402632.8071656
18678,Train/mean_episode_length,1000.0,1780402788.953887
18711,Train/mean_episode_length,1000.0,1780402943.27705
18744,Train/mean_episode_length,1000.0,1780403098.1233716
18777,Train/mean_episode_length,1000.0,1780403253.343069
18810,Train/mean_episode_length,1000.0,1780403406.372532
18843,Train/mean_episode_length,1000.0,1780403559.717366
18876,Train/mean_episode_length,1000.0,1780403709.385607
18909,Train/mean_episode_length,1000.0,1780403864.204451
18942,Train/mean_episode_length,1000.0,1780404013.073816
18975,Train/mean_episode_length,1000.0,1780404161.7314591
19008,Train/mean_episode_length,1000.0,1780404315.8381174
19041,Train/mean_episode_length,1000.0,1780404470.5443716
19074,Train/mean_episode_length,1000.0,1780404625.0248322
19107,Train/mean_episode_length,1000.0,1780404778.8329368
19140,Train/mean_episode_length,1000.0,1780404932.590741
19173,Train/mean_episode_length,1000.0,1780405085.5665002
19206,Train/mean_episode_length,1000.0,1780405239.5681324
19239,Train/mean_episode_length,1000.0,1780405393.4594848
19272,Train/mean_episode_length,1000.0,1780405547.6638684
19305,Train/mean_episode_length,1000.0,1780405701.1121175
19338,Train/mean_episode_length,1000.0,1780405854.9272046
19371,Train/mean_episode_length,1000.0,1780406009.4486253
19404,Train/mean_episode_length,1000.0,1780406163.8357682
19437,Train/mean_episode_length,1000.0,1780406317.480521
19470,Train/mean_episode_length,1000.0,1780406470.9611928
19503,Train/mean_episode_length,996.8499755859375,1780406624.168613
19536,Train/mean_episode_length,1000.0,1780406778.1465883
19569,Train/mean_episode_length,993.22998046875,1780406931.8606622
19602,Train/mean_episode_length,1000.0,1780407084.6917052
19635,Train/mean_episode_length,1000.0,1780407239.1735084
19668,Train/mean_episode_length,1000.0,1780407392.927482
19701,Train/mean_episode_length,1000.0,1780407546.454953
19734,Train/mean_episode_length,1000.0,1780407699.8114164
19767,Train/mean_episode_length,1000.0,1780407853.2876577
19800,Train/mean_episode_length,1000.0,1780408006.6725008
19833,Train/mean_episode_length,1000.0,1780408159.8849459
19866,Train/mean_episode_length,1000.0,1780408313.8357985
19899,Train/mean_episode_length,1000.0,1780408468.527505
19932,Train/mean_episode_length,1000.0,1780408622.5572937
19965,Train/mean_episode_length,1000.0,1780408775.5794644
19998,Train/mean_episode_length,1000.0,1780408928.513875
20031,Train/mean_episode_length,1000.0,1780409082.2305331
20064,Train/mean_episode_length,1000.0,1780409236.074096
20097,Train/mean_episode_length,1000.0,1780409390.5931916
20130,Train/mean_episode_length,1000.0,1780409544.3130956
20163,Train/mean_episode_length,1000.0,1780409698.7740834
20196,Train/mean_episode_length,1000.0,1780409852.7332492
20229,Train/mean_episode_length,1000.0,1780410006.3332376
20262,Train/mean_episode_length,1000.0,1780410160.885464
20295,Train/mean_episode_length,1000.0,1780410314.2240746
20328,Train/mean_episode_length,1000.0,1780410467.8246326
20361,Train/mean_episode_length,1000.0,1780410621.0605168
20394,Train/mean_episode_length,1000.0,1780410774.0154784
20427,Train/mean_episode_length,1000.0,1780410926.9647367
20460,Train/mean_episode_length,1000.0,1780411080.05473
20493,Train/mean_episode_length,1000.0,1780411232.6342723
20526,Train/mean_episode_length,1000.0,1780411387.5854266
20559,Train/mean_episode_length,1000.0,1780411541.5273206
20592,Train/mean_episode_length,1000.0,1780411694.615186
20625,Train/mean_episode_length,1000.0,1780411848.7117925
20658,Train/mean_episode_length,1000.0,1780412002.9101896
20691,Train/mean_episode_length,1000.0,1780412157.2481766
20724,Train/mean_episode_length,1000.0,1780412312.3762186
20757,Train/mean_episode_length,1000.0,1780412466.0872192
20790,Train/mean_episode_length,1000.0,1780412621.308034
20823,Train/mean_episode_length,1000.0,1780412777.4875433
20856,Train/mean_episode_length,1000.0,1780412933.514782
20889,Train/mean_episode_length,1000.0,1780413087.9239006
20922,Train/mean_episode_length,1000.0,1780413242.5265672
20955,Train/mean_episode_length,1000.0,1780413397.4170213
20988,Train/mean_episode_length,1000.0,1780413553.1400204
21021,Train/mean_episode_length,1000.0,1780413709.138602
21054,Train/mean_episode_length,1000.0,1780413864.2485042
21087,Train/mean_episode_length,1000.0,1780414018.8532424
21120,Train/mean_episode_length,1000.0,1780414164.4379177
21153,Train/mean_episode_length,1000.0,1780414312.416209
21186,Train/mean_episode_length,1000.0,1780414467.8299766
21219,Train/mean_episode_length,1000.0,1780414623.4522626
21252,Train/mean_episode_length,1000.0,1780414778.1158223
21285,Train/mean_episode_length,1000.0,1780414933.9098043
21318,Train/mean_episode_length,1000.0,1780415089.9657967
21351,Train/mean_episode_length,1000.0,1780415245.8620312
21384,Train/mean_episode_length,1000.0,1780415401.3158343
21417,Train/mean_episode_length,1000.0,1780415557.042167
21450,Train/mean_episode_length,1000.0,1780415713.737244
21483,Train/mean_episode_length,1000.0,1780415869.9701397
21516,Train/mean_episode_length,1000.0,1780416025.1790185
21549,Train/mean_episode_length,1000.0,1780416181.011705
21582,Train/mean_episode_length,1000.0,1780416337.1668835
21615,Train/mean_episode_length,1000.0,1780416493.7726026
21648,Train/mean_episode_length,1000.0,1780416649.3055453
21681,Train/mean_episode_length,1000.0,1780416805.0281453
21714,Train/mean_episode_length,1000.0,1780416961.3741758
21747,Train/mean_episode_length,1000.0,1780417116.2385776
21780,Train/mean_episode_length,1000.0,1780417272.2965627
21813,Train/mean_episode_length,1000.0,1780417428.7832816
21846,Train/mean_episode_length,1000.0,1780417585.5282848
21879,Train/mean_episode_length,990.030029296875,1780417741.8814542
21912,Train/mean_episode_length,1000.0,1780417898.3144953
21945,Train/mean_episode_length,1000.0,1780418054.6830478
21978,Train/mean_episode_length,1000.0,1780418210.6739376
22011,Train/mean_episode_length,1000.0,1780418362.7910311
22044,Train/mean_episode_length,1000.0,1780418516.632402
22077,Train/mean_episode_length,1000.0,1780418673.5853927
22110,Train/mean_episode_length,1000.0,1780418830.8216398
22143,Train/mean_episode_length,1000.0,1780418988.7899024
22176,Train/mean_episode_length,1000.0,1780419145.2363055
22209,Train/mean_episode_length,1000.0,1780419301.75106
22242,Train/mean_episode_length,1000.0,1780419457.6721444
22275,Train/mean_episode_length,1000.0,1780419614.028324
22308,Train/mean_episode_length,990.030029296875,1780419769.569425
22341,Train/mean_episode_length,1000.0,1780419925.2219274
22374,Train/mean_episode_length,1000.0,1780420081.1663964
22407,Train/mean_episode_length,990.030029296875,1780420237.04183
22440,Train/mean_episode_length,1000.0,1780420393.0550938
22473,Train/mean_episode_length,1000.0,1780420548.62232
22506,Train/mean_episode_length,1000.0,1780420703.9546068
22539,Train/mean_episode_length,1000.0,1780420856.0434618
22572,Train/mean_episode_length,1000.0,1780421011.8844287
22605,Train/mean_episode_length,1000.0,1780421168.0055382
22638,Train/mean_episode_length,1000.0,1780421310.2124665
22671,Train/mean_episode_length,1000.0,1780421466.2978945
22704,Train/mean_episode_length,1000.0,1780421622.199913
22737,Train/mean_episode_length,1000.0,1780421778.574465
22770,Train/mean_episode_length,982.489990234375,1780421927.4604874
22803,Train/mean_episode_length,1000.0,1780422083.4547663
22836,Train/mean_episode_length,1000.0,1780422238.293636
22869,Train/mean_episode_length,1000.0,1780422393.7706184
22902,Train/mean_episode_length,1000.0,1780422549.410921
22935,Train/mean_episode_length,1000.0,1780422704.8713503
22968,Train/mean_episode_length,1000.0,1780422859.5185363
23001,Train/mean_episode_length,1000.0,1780423014.7366946
23034,Train/mean_episode_length,1000.0,1780423170.7026732
23067,Train/mean_episode_length,1000.0,1780423326.8280387
23100,Train/mean_episode_length,1000.0,1780423483.0916426
23133,Train/mean_episode_length,1000.0,1780423639.0251818
23166,Train/mean_episode_length,1000.0,1780423794.0950596
23199,Train/mean_episode_length,990.030029296875,1780423949.5973732
23232,Train/mean_episode_length,1000.0,1780424105.1954267
23265,Train/mean_episode_length,1000.0,1780424257.3231497
23298,Train/mean_episode_length,1000.0,1780424412.885145
23331,Train/mean_episode_length,1000.0,1780424569.5613117
23364,Train/mean_episode_length,1000.0,1780424725.1867905
23397,Train/mean_episode_length,991.3699951171875,1780424880.9541934
23430,Train/mean_episode_length,1000.0,1780425036.6293695
23463,Train/mean_episode_length,1000.0,1780425192.3061314
23496,Train/mean_episode_length,1000.0,1780425347.9194586
23529,Train/mean_episode_length,1000.0,1780425504.266222
23562,Train/mean_episode_length,1000.0,1780425660.5463777
23595,Train/mean_episode_length,1000.0,1780425815.966977
23628,Train/mean_episode_length,1000.0,1780425971.9978004
23661,Train/mean_episode_length,1000.0,1780426128.2305949
23694,Train/mean_episode_length,1000.0,1780426284.2992952
23727,Train/mean_episode_length,1000.0,1780426440.6430595
23760,Train/mean_episode_length,1000.0,1780426595.8466394
23793,Train/mean_episode_length,1000.0,1780426751.9498446
23826,Train/mean_episode_length,1000.0,1780426907.5016668
23859,Train/mean_episode_length,985.4299926757812,1780427054.4166107
23892,Train/mean_episode_length,1000.0,1780427207.0594304
23925,Train/mean_episode_length,990.030029296875,1780427364.0676668
23958,Train/mean_episode_length,1000.0,1780427520.3940256
23991,Train/mean_episode_length,1000.0,1780427677.567123
24024,Train/mean_episode_length,1000.0,1780427834.2533512
24057,Train/mean_episode_length,1000.0,1780427990.8056915
24090,Train/mean_episode_length,1000.0,1780428147.9373536
24123,Train/mean_episode_length,1000.0,1780428303.9860146
24156,Train/mean_episode_length,1000.0,1780428460.500615
24189,Train/mean_episode_length,1000.0,1780428617.2323115
24222,Train/mean_episode_length,1000.0,1780428772.988691
24255,Train/mean_episode_length,990.030029296875,1780428929.38857
24288,Train/mean_episode_length,1000.0,1780429086.0728414
24321,Train/mean_episode_length,1000.0,1780429242.7771642
24354,Train/mean_episode_length,1000.0,1780429399.6479166
24387,Train/mean_episode_length,1000.0,1780429556.5561442
24420,Train/mean_episode_length,1000.0,1780429712.177349
24453,Train/mean_episode_length,1000.0,1780429867.8990247
24486,Train/mean_episode_length,980.0599975585938,1780430024.9246116
24519,Train/mean_episode_length,1000.0,1780430181.2560155
24552,Train/mean_episode_length,1000.0,1780430336.953388
24585,Train/mean_episode_length,1000.0,1780430492.3833458
24618,Train/mean_episode_length,1000.0,1780430648.4813952
24651,Train/mean_episode_length,1000.0,1780430806.4324079
24684,Train/mean_episode_length,1000.0,1780430963.3674767
24717,Train/mean_episode_length,1000.0,1780431120.1123183
24750,Train/mean_episode_length,1000.0,1780431276.4590847
24783,Train/mean_episode_length,991.2999877929688,1780431433.4685786
24816,Train/mean_episode_length,990.0399780273438,1780431591.7154472
24849,Train/mean_episode_length,991.1199951171875,1780431749.5201604
24882,Train/mean_episode_length,1000.0,1780431907.5071614
24915,Train/mean_episode_length,1000.0,1780432064.1628926
24948,Train/mean_episode_length,1000.0,1780432221.7593596
24981,Train/mean_episode_length,1000.0,1780432379.4394326
25014,Train/mean_episode_length,1000.0,1780432536.097527
25047,Train/mean_episode_length,1000.0,1780432692.2254343
25080,Train/mean_episode_length,1000.0,1780432848.6871793
25113,Train/mean_episode_length,1000.0,1780433005.2475076
25146,Train/mean_episode_length,1000.0,1780433162.166747
25179,Train/mean_episode_length,1000.0,1780433318.3787663
25212,Train/mean_episode_length,1000.0,1780433474.431849
25245,Train/mean_episode_length,1000.0,1780433631.390729
25278,Train/mean_episode_length,1000.0,1780433789.1043012
25311,Train/mean_episode_length,1000.0,1780433946.3469524
25344,Train/mean_episode_length,1000.0,1780434102.890214
25377,Train/mean_episode_length,996.0,1780434259.065805
25410,Train/mean_episode_length,1000.0,1780434416.2661114
25443,Train/mean_episode_length,1000.0,1780434573.1432219
25476,Train/mean_episode_length,1000.0,1780434731.4326847
25509,Train/mean_episode_length,1000.0,1780434888.1851938
25542,Train/mean_episode_length,1000.0,1780435044.591663
25575,Train/mean_episode_length,1000.0,1780435201.4454672
25608,Train/mean_episode_length,1000.0,1780435358.716818
25641,Train/mean_episode_length,1000.0,1780435515.5919266
25674,Train/mean_episode_length,1000.0,1780435671.8697743
25707,Train/mean_episode_length,1000.0,1780435828.6112897
25740,Train/mean_episode_length,1000.0,1780435986.6848717
25773,Train/mean_episode_length,1000.0,1780436142.079287
25806,Train/mean_episode_length,1000.0,1780436299.569937
25839,Train/mean_episode_length,1000.0,1780436454.9740107
25872,Train/mean_episode_length,1000.0,1780436604.0004017
25905,Train/mean_episode_length,1000.0,1780436761.6836536
25938,Train/mean_episode_length,1000.0,1780436918.0902567
25971,Train/mean_episode_length,1000.0,1780437074.9169972
26004,Train/mean_episode_length,1000.0,1780437231.968077
26037,Train/mean_episode_length,1000.0,1780437389.9325688
26070,Train/mean_episode_length,1000.0,1780437546.1364915
26103,Train/mean_episode_length,1000.0,1780437704.5837944
26136,Train/mean_episode_length,1000.0,1780437862.4092603
26169,Train/mean_episode_length,1000.0,1780438020.0154102
26202,Train/mean_episode_length,1000.0,1780438177.9666734
26235,Train/mean_episode_length,1000.0,1780438336.8358629
26268,Train/mean_episode_length,1000.0,1780438494.785013
26301,Train/mean_episode_length,1000.0,1780438650.2459004
26334,Train/mean_episode_length,1000.0,1780438808.881396
26367,Train/mean_episode_length,1000.0,1780438967.2035575
26400,Train/mean_episode_length,1000.0,1780439125.8163946
26433,Train/mean_episode_length,1000.0,1780439284.2534065
26466,Train/mean_episode_length,1000.0,1780439442.2169483
26499,Train/mean_episode_length,1000.0,1780439600.4102628
26532,Train/mean_episode_length,1000.0,1780439758.6746144
26565,Train/mean_episode_length,983.3599853515625,1780439917.350211
26598,Train/mean_episode_length,1000.0,1780440076.3282123
26631,Train/mean_episode_length,1000.0,1780440234.083011
26664,Train/mean_episode_length,1000.0,1780440392.770106
26697,Train/mean_episode_length,993.52001953125,1780440551.4419146
26730,Train/mean_episode_length,994.030029296875,1780440710.4701903
26763,Train/mean_episode_length,1000.0,1780440868.7766728
26796,Train/mean_episode_length,1000.0,1780441027.343712
26829,Train/mean_episode_length,997.010009765625,1780441185.2354198
26862,Train/mean_episode_length,1000.0,1780441343.6945622
26895,Train/mean_episode_length,1000.0,1780441501.939081
26928,Train/mean_episode_length,1000.0,1780441658.8925214
26961,Train/mean_episode_length,1000.0,1780441815.410799
26994,Train/mean_episode_length,1000.0,1780441972.2654254
27027,Train/mean_episode_length,996.4600219726562,1780442129.566141
27060,Train/mean_episode_length,1000.0,1780442286.2424335
27093,Train/mean_episode_length,1000.0,1780442441.8535047
27126,Train/mean_episode_length,1000.0,1780442598.176469
27159,Train/mean_episode_length,1000.0,1780442754.7756374
27192,Train/mean_episode_length,1000.0,1780442911.2352352
27225,Train/mean_episode_length,1000.0,1780443066.9570842
27258,Train/mean_episode_length,1000.0,1780443223.1452131
27291,Train/mean_episode_length,1000.0,1780443379.6163256
27324,Train/mean_episode_length,1000.0,1780443535.5998573
27357,Train/mean_episode_length,1000.0,1780443692.7729068
27390,Train/mean_episode_length,1000.0,1780443849.2905614
27423,Train/mean_episode_length,1000.0,1780444006.2213018
27456,Train/mean_episode_length,1000.0,1780444163.7797606
27489,Train/mean_episode_length,991.760009765625,1780444321.3622744
27522,Train/mean_episode_length,1000.0,1780444479.4622822
27555,Train/mean_episode_length,1000.0,1780444636.5156908
27588,Train/mean_episode_length,1000.0,1780444793.530675
27621,Train/mean_episode_length,1000.0,1780444950.2529545
27654,Train/mean_episode_length,996.97998046875,1780445107.6275039
27687,Train/mean_episode_length,1000.0,1780445269.7664616
27720,Train/mean_episode_length,1000.0,1780445428.679491
27753,Train/mean_episode_length,1000.0,1780445585.7795894
27786,Train/mean_episode_length,1000.0,1780445743.1993594
27819,Train/mean_episode_length,1000.0,1780445900.0822167
27852,Train/mean_episode_length,1000.0,1780446059.23143
27885,Train/mean_episode_length,1000.0,1780446220.7660453
27918,Train/mean_episode_length,1000.0,1780446383.275393
27951,Train/mean_episode_length,1000.0,1780446543.9775393
27984,Train/mean_episode_length,1000.0,1780446705.6300194
28017,Train/mean_episode_length,1000.0,1780446866.3904638
28050,Train/mean_episode_length,1000.0,1780447027.8838687
28083,Train/mean_episode_length,1000.0,1780447190.7022364
28116,Train/mean_episode_length,1000.0,1780447351.9680138
28149,Train/mean_episode_length,1000.0,1780447517.8987732
28182,Train/mean_episode_length,1000.0,1780447711.413847
28215,Train/mean_episode_length,1000.0,1780447894.0886688
28248,Train/mean_episode_length,1000.0,1780448053.705825
28281,Train/mean_episode_length,1000.0,1780448227.0449257
28314,Train/mean_episode_length,1000.0,1780448387.3778043
28347,Train/mean_episode_length,1000.0,1780448545.9381597
28380,Train/mean_episode_length,1000.0,1780448704.8987405
28413,Train/mean_episode_length,1000.0,1780448863.8678892
28446,Train/mean_episode_length,1000.0,1780449019.1340992
28479,Train/mean_episode_length,1000.0,1780449178.8520918
28512,Train/mean_episode_length,1000.0,1780449338.8133655
28545,Train/mean_episode_length,1000.0,1780449498.2078953
28578,Train/mean_episode_length,1000.0,1780449657.2932932
28611,Train/mean_episode_length,1000.0,1780449815.5586827
28644,Train/mean_episode_length,1000.0,1780449974.2142203
28677,Train/mean_episode_length,1000.0,1780450133.8207164
28710,Train/mean_episode_length,1000.0,1780450291.5772042
28743,Train/mean_episode_length,1000.0,1780450450.119554
28776,Train/mean_episode_length,1000.0,1780450608.3286302
28809,Train/mean_episode_length,1000.0,1780450765.992558
28842,Train/mean_episode_length,1000.0,1780450923.056112
28875,Train/mean_episode_length,1000.0,1780451078.083396
28908,Train/mean_episode_length,1000.0,1780451233.201368
28941,Train/mean_episode_length,1000.0,1780451387.996317
28974,Train/mean_episode_length,1000.0,1780451543.389068
29007,Train/mean_episode_length,1000.0,1780451699.2604392
29040,Train/mean_episode_length,1000.0,1780451855.7119582
29073,Train/mean_episode_length,1000.0,1780452011.8778396
29106,Train/mean_episode_length,1000.0,1780452169.3308427
29139,Train/mean_episode_length,1000.0,1780452324.9530928
29172,Train/mean_episode_length,1000.0,1780452480.377812
29205,Train/mean_episode_length,1000.0,1780452636.6266284
29238,Train/mean_episode_length,1000.0,1780452792.369358
29271,Train/mean_episode_length,1000.0,1780452948.290657
29304,Train/mean_episode_length,1000.0,1780453103.459209
29337,Train/mean_episode_length,1000.0,1780453259.2109501
29370,Train/mean_episode_length,1000.0,1780453414.5657282
29403,Train/mean_episode_length,1000.0,1780453569.7416816
29436,Train/mean_episode_length,1000.0,1780453724.2788396
29469,Train/mean_episode_length,1000.0,1780453879.031367
29502,Train/mean_episode_length,1000.0,1780454034.2447906
29535,Train/mean_episode_length,1000.0,1780454189.4062595
29568,Train/mean_episode_length,1000.0,1780454345.0476606
29601,Train/mean_episode_length,1000.0,1780454501.182868
29634,Train/mean_episode_length,1000.0,1780454656.9931946
29667,Train/mean_episode_length,1000.0,1780454813.036888
29700,Train/mean_episode_length,1000.0,1780454968.0013115
29733,Train/mean_episode_length,1000.0,1780455123.4002545
29766,Train/mean_episode_length,1000.0,1780455279.347429
29799,Train/mean_episode_length,1000.0,1780455435.6685147
29832,Train/mean_episode_length,1000.0,1780455591.4897454
29865,Train/mean_episode_length,1000.0,1780455746.9150553
29898,Train/mean_episode_length,1000.0,1780455901.98867
29931,Train/mean_episode_length,1000.0,1780456057.8740606
29964,Train/mean_episode_length,1000.0,1780456213.5789766
29997,Train/mean_episode_length,1000.0,1780456370.6302426
30030,Train/mean_episode_length,1000.0,1780456527.6146572
30063,Train/mean_episode_length,1000.0,1780456684.6045234
30096,Train/mean_episode_length,1000.0,1780456841.8637438
30129,Train/mean_episode_length,1000.0,1780456999.4959276
30162,Train/mean_episode_length,1000.0,1780457156.4940174
30195,Train/mean_episode_length,1000.0,1780457313.1712136
30228,Train/mean_episode_length,1000.0,1780457470.9906576
30261,Train/mean_episode_length,1000.0,1780457629.5208817
30294,Train/mean_episode_length,1000.0,1780457786.7254794
30327,Train/mean_episode_length,1000.0,1780457945.349853
30360,Train/mean_episode_length,1000.0,1780458102.9056501
30393,Train/mean_episode_length,1000.0,1780458259.937262
30426,Train/mean_episode_length,1000.0,1780458417.7800329
30459,Train/mean_episode_length,1000.0,1780458575.2383718
30492,Train/mean_episode_length,1000.0,1780458732.2707233
30525,Train/mean_episode_length,1000.0,1780458890.3195846
30558,Train/mean_episode_length,1000.0,1780459048.5542357
30591,Train/mean_episode_length,1000.0,1780459206.254592
30624,Train/mean_episode_length,996.219970703125,1780459363.4030292
30657,Train/mean_episode_length,1000.0,1780459520.6789062
30690,Train/mean_episode_length,1000.0,1780459678.1463714
30723,Train/mean_episode_length,1000.0,1780459834.5446823
30756,Train/mean_episode_length,1000.0,1780459991.1502905
30789,Train/mean_episode_length,1000.0,1780460148.5614147
30822,Train/mean_episode_length,1000.0,1780460306.8994524
30855,Train/mean_episode_length,1000.0,1780460465.001397
30888,Train/mean_episode_length,1000.0,1780460622.7591674
30921,Train/mean_episode_length,1000.0,1780460780.763713
30954,Train/mean_episode_length,1000.0,1780460938.790827
30987,Train/mean_episode_length,1000.0,1780461097.2352169
31020,Train/mean_episode_length,1000.0,1780461255.4228134
31053,Train/mean_episode_length,1000.0,1780461414.1629536
31086,Train/mean_episode_length,1000.0,1780461572.8932595
31119,Train/mean_episode_length,1000.0,1780461730.7756124
31152,Train/mean_episode_length,1000.0,1780461888.9495337
31185,Train/mean_episode_length,1000.0,1780462045.707391
31218,Train/mean_episode_length,1000.0,1780462200.6784532
31251,Train/mean_episode_length,1000.0,1780462356.4004064
31284,Train/mean_episode_length,1000.0,1780462513.4879317
31317,Train/mean_episode_length,1000.0,1780462671.4213045
31350,Train/mean_episode_length,1000.0,1780462828.4253938
31383,Train/mean_episode_length,1000.0,1780462984.7489743
31416,Train/mean_episode_length,1000.0,1780463141.0036006
31449,Train/mean_episode_length,1000.0,1780463297.162403
31482,Train/mean_episode_length,1000.0,1780463453.8622246
31515,Train/mean_episode_length,1000.0,1780463610.1450512
31548,Train/mean_episode_length,1000.0,1780463765.6666253
31581,Train/mean_episode_length,1000.0,1780463921.6317487
31614,Train/mean_episode_length,1000.0,1780464077.8710644
31647,Train/mean_episode_length,1000.0,1780464234.7204533
31680,Train/mean_episode_length,1000.0,1780464391.0848866
31713,Train/mean_episode_length,1000.0,1780464547.0628662
31746,Train/mean_episode_length,1000.0,1780464704.1733658
31779,Train/mean_episode_length,1000.0,1780464860.6501775
31812,Train/mean_episode_length,1000.0,1780465017.4592927
31845,Train/mean_episode_length,1000.0,1780465173.3596957
31878,Train/mean_episode_length,1000.0,1780465329.406904
31911,Train/mean_episode_length,994.739990234375,1780465485.0038345
31944,Train/mean_episode_length,1000.0,1780465641.6974344
31977,Train/mean_episode_length,1000.0,1780465799.1949763
32010,Train/mean_episode_length,1000.0,1780465955.2003984
32043,Train/mean_episode_length,1000.0,1780466111.4424572
32076,Train/mean_episode_length,1000.0,1780466270.1083553
32109,Train/mean_episode_length,1000.0,1780466428.7897162
32142,Train/mean_episode_length,1000.0,1780466586.1697364
32175,Train/mean_episode_length,1000.0,1780466742.0155017
32208,Train/mean_episode_length,1000.0,1780466886.948637
32241,Train/mean_episode_length,1000.0,1780467043.4600275
32274,Train/mean_episode_length,1000.0,1780467200.0456862
32307,Train/mean_episode_length,1000.0,1780467356.7666533
32340,Train/mean_episode_length,1000.0,1780467512.0367093
32373,Train/mean_episode_length,1000.0,1780467668.7423086
32406,Train/mean_episode_length,1000.0,1780467826.0545533
32439,Train/mean_episode_length,991.8200073242188,1780467983.6258273
32472,Train/mean_episode_length,1000.0,1780468138.9418209
32505,Train/mean_episode_length,1000.0,1780468295.774057
32538,Train/mean_episode_length,996.1199951171875,1780468452.918553
32571,Train/mean_episode_length,1000.0,1780468609.6566675
32604,Train/mean_episode_length,1000.0,1780468765.9111981
32637,Train/mean_episode_length,1000.0,1780468922.3435912
32670,Train/mean_episode_length,1000.0,1780469077.684625
32703,Train/mean_episode_length,1000.0,1780469233.8252609
32736,Train/mean_episode_length,1000.0,1780469390.3596444
32769,Train/mean_episode_length,1000.0,1780469547.3638823
32802,Train/mean_episode_length,1000.0,1780469704.011163
32808,Train/mean_episode_length,1000.0,1780469732.824398
0,Policy/mean_noise_std,0.9970273971557617,1780315977.948863
33,Policy/mean_noise_std,0.8038549423217773,1780316207.953591
66,Policy/mean_noise_std,0.6824190020561218,1780316411.0884066
99,Policy/mean_noise_std,0.5289973020553589,1780316608.8444705
132,Policy/mean_noise_std,0.4159242510795593,1780316800.6629384
165,Policy/mean_noise_std,0.36646002531051636,1780316969.1291497
198,Policy/mean_noise_std,0.3693516254425049,1780317123.5668204
231,Policy/mean_noise_std,0.3713279068470001,1780317277.8115356
264,Policy/mean_noise_std,0.3656797409057617,1780317413.359552
297,Policy/mean_noise_std,0.3532002866268158,1780317560.0127397
330,Policy/mean_noise_std,0.3443698585033417,1780317719.5232272
363,Policy/mean_noise_std,0.32987847924232483,1780317880.0462756
396,Policy/mean_noise_std,0.31238123774528503,1780318019.130395
429,Policy/mean_noise_std,0.29948899149894714,1780318155.459217
462,Policy/mean_noise_std,0.2853070795536041,1780318312.7404928
495,Policy/mean_noise_std,0.2687230706214905,1780318471.629873
528,Policy/mean_noise_std,0.2554638385772705,1780318629.4687335
561,Policy/mean_noise_std,0.24420641362667084,1780318788.3312516
594,Policy/mean_noise_std,0.23527105152606964,1780318933.362221
627,Policy/mean_noise_std,0.22768603265285492,1780319091.0410671
660,Policy/mean_noise_std,0.22159111499786377,1780319249.7364275
693,Policy/mean_noise_std,0.2155647724866867,1780319402.5884097
726,Policy/mean_noise_std,0.2086257040500641,1780319557.749852
759,Policy/mean_noise_std,0.2034873515367508,1780319716.032283
792,Policy/mean_noise_std,0.1995522677898407,1780319875.7096715
825,Policy/mean_noise_std,0.19472986459732056,1780320036.6945336
858,Policy/mean_noise_std,0.18906165659427643,1780320196.0658114
891,Policy/mean_noise_std,0.18456299602985382,1780320356.281271
924,Policy/mean_noise_std,0.1802884042263031,1780320501.0164473
957,Policy/mean_noise_std,0.17751741409301758,1780320647.487807
990,Policy/mean_noise_std,0.17657916247844696,1780320786.670763
1023,Policy/mean_noise_std,0.17308464646339417,1780320932.149108
1056,Policy/mean_noise_std,0.17043903470039368,1780321093.170615
1089,Policy/mean_noise_std,0.16798050701618195,1780321254.446129
1122,Policy/mean_noise_std,0.16335581243038177,1780321407.0967522
1155,Policy/mean_noise_std,0.16031047701835632,1780321567.7157109
1188,Policy/mean_noise_std,0.15756011009216309,1780321722.302537
1221,Policy/mean_noise_std,0.15329548716545105,1780321859.7804196
1254,Policy/mean_noise_std,0.15232756733894348,1780322008.507576
1287,Policy/mean_noise_std,0.14728966355323792,1780322168.8205981
1320,Policy/mean_noise_std,0.14628618955612183,1780322329.270834
1353,Policy/mean_noise_std,0.14429418742656708,1780322490.0543852
1386,Policy/mean_noise_std,0.14205825328826904,1780322647.6153986
1419,Policy/mean_noise_std,0.13890163600444794,1780322799.871631
1452,Policy/mean_noise_std,0.13606300950050354,1780322952.6648214
1485,Policy/mean_noise_std,0.13424906134605408,1780323082.6724162
1518,Policy/mean_noise_std,0.1335267871618271,1780323216.4778626
1551,Policy/mean_noise_std,0.13132122159004211,1780323372.9562368
1584,Policy/mean_noise_std,0.1297733634710312,1780323521.8586426
1617,Policy/mean_noise_std,0.1291225105524063,1780323677.756045
1650,Policy/mean_noise_std,0.12620416283607483,1780323835.8908522
1683,Policy/mean_noise_std,0.1255984604358673,1780323994.2792974
1716,Policy/mean_noise_std,0.12530209124088287,1780324152.1094072
1749,Policy/mean_noise_std,0.12494643777608871,1780324310.3421655
1782,Policy/mean_noise_std,0.12419886887073517,1780324468.7071884
1815,Policy/mean_noise_std,0.12329132109880447,1780324626.2536592
1848,Policy/mean_noise_std,0.12066303938627243,1780324779.6668203
1881,Policy/mean_noise_std,0.11984781175851822,1780324936.981556
1914,Policy/mean_noise_std,0.11980047076940536,1780325089.8680897
1947,Policy/mean_noise_std,0.11837847530841827,1780325246.5853987
1980,Policy/mean_noise_std,0.11756190657615662,1780325402.021718
2013,Policy/mean_noise_std,0.11569053679704666,1780325559.1251433
2046,Policy/mean_noise_std,0.11633563041687012,1780325715.4344559
2079,Policy/mean_noise_std,0.11482659727334976,1780325869.600921
2112,Policy/mean_noise_std,0.11470594257116318,1780326024.5574017
2145,Policy/mean_noise_std,0.1140584796667099,1780326178.9018414
2178,Policy/mean_noise_std,0.11348062008619308,1780326337.0052178
2211,Policy/mean_noise_std,0.11312093585729599,1780326490.9307868
2244,Policy/mean_noise_std,0.11232608556747437,1780326646.643521
2277,Policy/mean_noise_std,0.11023765802383423,1780326803.6855075
2310,Policy/mean_noise_std,0.10909812897443771,1780326959.1225052
2343,Policy/mean_noise_std,0.10907050222158432,1780327114.5682058
2376,Policy/mean_noise_std,0.10922368615865707,1780327269.2247527
2409,Policy/mean_noise_std,0.10937032103538513,1780327425.1799335
2442,Policy/mean_noise_std,0.10926828533411026,1780327582.387364
2475,Policy/mean_noise_std,0.10828450322151184,1780327739.3280528
2508,Policy/mean_noise_std,0.1076044887304306,1780327894.8504052
2541,Policy/mean_noise_std,0.10804090648889542,1780328051.8451192
2574,Policy/mean_noise_std,0.10728722810745239,1780328208.0612183
2607,Policy/mean_noise_std,0.1058330312371254,1780328364.7104108
2640,Policy/mean_noise_std,0.10549286752939224,1780328520.1796107
2673,Policy/mean_noise_std,0.10513817518949509,1780328674.7127106
2706,Policy/mean_noise_std,0.1061362475156784,1780328828.9048567
2739,Policy/mean_noise_std,0.10580605268478394,1780328982.851117
2772,Policy/mean_noise_std,0.1050216406583786,1780329138.1047015
2805,Policy/mean_noise_std,0.10462817549705505,1780329278.6432939
2838,Policy/mean_noise_std,0.10562420636415482,1780329418.9899228
2871,Policy/mean_noise_std,0.10519607365131378,1780329563.4539542
2904,Policy/mean_noise_std,0.10524271428585052,1780329701.8013184
2937,Policy/mean_noise_std,0.10554883629083633,1780329854.0680873
2970,Policy/mean_noise_std,0.10631629079580307,1780330002.9658613
3003,Policy/mean_noise_std,0.10552557557821274,1780330148.0266726
3036,Policy/mean_noise_std,0.10475213825702667,1780330295.934686
3069,Policy/mean_noise_std,0.10546719282865524,1780330425.647615
3102,Policy/mean_noise_std,0.10510453581809998,1780330560.6904418
3135,Policy/mean_noise_std,0.10432387888431549,1780330714.9393804
3168,Policy/mean_noise_std,0.10441911220550537,1780330865.7043707
3201,Policy/mean_noise_std,0.10416388511657715,1780330998.8284392
3234,Policy/mean_noise_std,0.10338616371154785,1780331142.4839027
3267,Policy/mean_noise_std,0.10303781926631927,1780331291.2277164
3300,Policy/mean_noise_std,0.10316002368927002,1780331432.0245187
3333,Policy/mean_noise_std,0.10271114110946655,1780331570.8254316
3366,Policy/mean_noise_std,0.10265808552503586,1780331721.7932885
3399,Policy/mean_noise_std,0.10336560010910034,1780331859.488854
3432,Policy/mean_noise_std,0.10310845822095871,1780331988.5882916
3465,Policy/mean_noise_std,0.10392294079065323,1780332138.6071942
3498,Policy/mean_noise_std,0.1033826619386673,1780332292.229589
3531,Policy/mean_noise_std,0.10321051627397537,1780332445.6531954
3564,Policy/mean_noise_std,0.10271916538476944,1780332598.8605535
3597,Policy/mean_noise_std,0.10402605682611465,1780332750.7579377
3630,Policy/mean_noise_std,0.1054360419511795,1780332903.1521165
3663,Policy/mean_noise_std,0.10562010854482651,1780333057.7609255
3696,Policy/mean_noise_std,0.10561277717351913,1780333211.9578874
3729,Policy/mean_noise_std,0.10576653480529785,1780333366.2680058
3762,Policy/mean_noise_std,0.10679417848587036,1780333518.5993297
3795,Policy/mean_noise_std,0.10729587078094482,1780333648.8363187
3828,Policy/mean_noise_std,0.10598243772983551,1780333786.9168417
3861,Policy/mean_noise_std,0.10629333555698395,1780333933.9071932
3894,Policy/mean_noise_std,0.1086159199476242,1780334088.3494182
3927,Policy/mean_noise_std,0.10762246698141098,1780334242.6158
3960,Policy/mean_noise_std,0.10725782066583633,1780334397.315414
3993,Policy/mean_noise_std,0.10779630392789841,1780334554.6559882
4026,Policy/mean_noise_std,0.10714861750602722,1780334708.7746346
4059,Policy/mean_noise_std,0.10672090947628021,1780334864.1592562
4092,Policy/mean_noise_std,0.10703042894601822,1780335019.1677136
4125,Policy/mean_noise_std,0.10774059593677521,1780335174.1401403
4158,Policy/mean_noise_std,0.10749556124210358,1780335329.3716233
4191,Policy/mean_noise_std,0.10603207349777222,1780335482.9559877
4224,Policy/mean_noise_std,0.10634711384773254,1780335637.865833
4257,Policy/mean_noise_std,0.10665128380060196,1780335786.6722372
4290,Policy/mean_noise_std,0.10579021275043488,1780335936.2341044
4323,Policy/mean_noise_std,0.10554036498069763,1780336072.9450128
4356,Policy/mean_noise_std,0.10612119734287262,1780336228.1950681
4389,Policy/mean_noise_std,0.10624618083238602,1780336383.4716167
4422,Policy/mean_noise_std,0.10657817125320435,1780336536.632116
4455,Policy/mean_noise_std,0.10660453140735626,1780336690.6823156
4488,Policy/mean_noise_std,0.10730352252721786,1780336844.9574673
4521,Policy/mean_noise_std,0.10661300271749496,1780336998.9873164
4554,Policy/mean_noise_std,0.10646017640829086,1780337153.1970305
4587,Policy/mean_noise_std,0.10728806257247925,1780337308.034851
4620,Policy/mean_noise_std,0.10771078616380692,1780337463.2937388
4653,Policy/mean_noise_std,0.10691662132740021,1780337619.9592175
4686,Policy/mean_noise_std,0.10641273111104965,1780337777.0317683
4719,Policy/mean_noise_std,0.10601383447647095,1780337934.8521624
4752,Policy/mean_noise_std,0.10487090796232224,1780338091.554182
4785,Policy/mean_noise_std,0.1041252538561821,1780338248.3188362
4818,Policy/mean_noise_std,0.10248560458421707,1780338402.6983905
4851,Policy/mean_noise_std,0.1017148569226265,1780338558.0943134
4884,Policy/mean_noise_std,0.1018640547990799,1780338713.6069853
4917,Policy/mean_noise_std,0.10176876932382584,1780338868.7656422
4950,Policy/mean_noise_std,0.10154750198125839,1780339019.2416224
4983,Policy/mean_noise_std,0.09993483126163483,1780339174.7712615
5016,Policy/mean_noise_std,0.09918427467346191,1780339331.1264427
5049,Policy/mean_noise_std,0.09921848028898239,1780339488.1493018
5082,Policy/mean_noise_std,0.09989271312952042,1780339645.7624304
5115,Policy/mean_noise_std,0.09881489723920822,1780339801.3443193
5148,Policy/mean_noise_std,0.09856125712394714,1780339958.1857347
5181,Policy/mean_noise_std,0.09745482355356216,1780340114.2076924
5214,Policy/mean_noise_std,0.09783507883548737,1780340269.2649806
5247,Policy/mean_noise_std,0.09771673381328583,1780340424.319396
5280,Policy/mean_noise_std,0.09741387516260147,1780340579.8498259
5313,Policy/mean_noise_std,0.09737836569547653,1780340736.2463953
5346,Policy/mean_noise_std,0.09635455906391144,1780340892.6382916
5379,Policy/mean_noise_std,0.09557116776704788,1780341049.0440714
5412,Policy/mean_noise_std,0.09502513706684113,1780341205.397164
5445,Policy/mean_noise_std,0.09498558938503265,1780341361.5695655
5478,Policy/mean_noise_std,0.09515462070703506,1780341518.6557674
5511,Policy/mean_noise_std,0.09530624002218246,1780341674.3762767
5544,Policy/mean_noise_std,0.09528335183858871,1780341829.8757586
5577,Policy/mean_noise_std,0.09476321935653687,1780341985.821805
5610,Policy/mean_noise_std,0.09389393031597137,1780342142.36836
5643,Policy/mean_noise_std,0.09367761015892029,1780342297.9860055
5676,Policy/mean_noise_std,0.0940919816493988,1780342453.2955215
5709,Policy/mean_noise_std,0.09462084621191025,1780342610.6662781
5742,Policy/mean_noise_std,0.09388197958469391,1780342767.2114906
5775,Policy/mean_noise_std,0.09375960379838943,1780342923.6450415
5808,Policy/mean_noise_std,0.09294356405735016,1780343079.8825395
5841,Policy/mean_noise_std,0.0927378311753273,1780343234.75591
5874,Policy/mean_noise_std,0.0939132496714592,1780343390.4130244
5907,Policy/mean_noise_std,0.09320192039012909,1780343545.0411744
5940,Policy/mean_noise_std,0.09376133233308792,1780343699.5829716
5973,Policy/mean_noise_std,0.09263376146554947,1780343854.5518887
6006,Policy/mean_noise_std,0.09149468690156937,1780344008.9183323
6039,Policy/mean_noise_std,0.09100931137800217,1780344162.699789
6072,Policy/mean_noise_std,0.09071514010429382,1780344318.3905954
6105,Policy/mean_noise_std,0.09014073759317398,1780344472.8406067
6138,Policy/mean_noise_std,0.09017705917358398,1780344627.3773286
6171,Policy/mean_noise_std,0.08932533115148544,1780344781.2964873
6204,Policy/mean_noise_std,0.08877960592508316,1780344935.2297707
6237,Policy/mean_noise_std,0.08762016892433167,1780345090.207162
6270,Policy/mean_noise_std,0.08664869517087936,1780345244.5542183
6303,Policy/mean_noise_std,0.08638889342546463,1780345399.4454446
6336,Policy/mean_noise_std,0.08704143762588501,1780345554.3157852
6369,Policy/mean_noise_std,0.08591758459806442,1780345709.3661885
6402,Policy/mean_noise_std,0.0854002833366394,1780345862.8516552
6435,Policy/mean_noise_std,0.08461897820234299,1780346016.9399157
6468,Policy/mean_noise_std,0.08482253551483154,1780346170.7612484
6501,Policy/mean_noise_std,0.08447462320327759,1780346324.5880435
6534,Policy/mean_noise_std,0.08439798653125763,1780346477.6199367
6567,Policy/mean_noise_std,0.08355222642421722,1780346630.7658558
6600,Policy/mean_noise_std,0.08291023224592209,1780346784.4270828
6633,Policy/mean_noise_std,0.082890085875988,1780346937.3477468
6666,Policy/mean_noise_std,0.08329629898071289,1780347090.5648615
6699,Policy/mean_noise_std,0.08410586416721344,1780347243.260751
6732,Policy/mean_noise_std,0.08401881903409958,1780347395.9402323
6765,Policy/mean_noise_std,0.08381099998950958,1780347549.6212103
6798,Policy/mean_noise_std,0.08363592624664307,1780347704.0346699
6831,Policy/mean_noise_std,0.08263988792896271,1780347857.1180613
6864,Policy/mean_noise_std,0.08196089416742325,1780348009.7045777
6897,Policy/mean_noise_std,0.08143697679042816,1780348162.1310782
6930,Policy/mean_noise_std,0.08183997869491577,1780348314.050327
6963,Policy/mean_noise_std,0.08150771260261536,1780348466.9278336
6996,Policy/mean_noise_std,0.08066406100988388,1780348619.453591
7029,Policy/mean_noise_std,0.07998978346586227,1780348771.5050492
7062,Policy/mean_noise_std,0.07931932806968689,1780348923.986061
7095,Policy/mean_noise_std,0.07904820889234543,1780349076.289466
7128,Policy/mean_noise_std,0.07915350794792175,1780349228.9366987
7161,Policy/mean_noise_std,0.0787903368473053,1780349381.168381
7194,Policy/mean_noise_std,0.07834192365407944,1780349533.3392065
7227,Policy/mean_noise_std,0.07786069065332413,1780349684.5190704
7260,Policy/mean_noise_std,0.07739436626434326,1780349835.8987713
7293,Policy/mean_noise_std,0.07703058421611786,1780349986.7265656
7326,Policy/mean_noise_std,0.07693183422088623,1780350138.1315923
7359,Policy/mean_noise_std,0.07664923369884491,1780350288.8597715
7392,Policy/mean_noise_std,0.07632644474506378,1780350439.728355
7425,Policy/mean_noise_std,0.07690016180276871,1780350591.1043582
7458,Policy/mean_noise_std,0.07664617151021957,1780350741.8184123
7491,Policy/mean_noise_std,0.07632923871278763,1780350893.5479448
7524,Policy/mean_noise_std,0.07632932811975479,1780351045.0021691
7557,Policy/mean_noise_std,0.07628405839204788,1780351196.3497784
7590,Policy/mean_noise_std,0.07611014693975449,1780351347.7506068
7623,Policy/mean_noise_std,0.07614605128765106,1780351498.909414
7656,Policy/mean_noise_std,0.0760083869099617,1780351650.5150363
7689,Policy/mean_noise_std,0.0760168507695198,1780351802.1413093
7722,Policy/mean_noise_std,0.075968436896801,1780351953.6981862
7755,Policy/mean_noise_std,0.07731028646230698,1780352105.1834872
7788,Policy/mean_noise_std,0.07679512351751328,1780352257.0506556
7821,Policy/mean_noise_std,0.07646816968917847,1780352408.1115527
7854,Policy/mean_noise_std,0.07614573836326599,1780352559.8001277
7887,Policy/mean_noise_std,0.07649227976799011,1780352711.095849
7920,Policy/mean_noise_std,0.0774008184671402,1780352861.8523335
7953,Policy/mean_noise_std,0.07696902751922607,1780353012.980154
7986,Policy/mean_noise_std,0.07650992274284363,1780353164.6545296
8019,Policy/mean_noise_std,0.07591375708580017,1780353314.9961286
8052,Policy/mean_noise_std,0.07731173932552338,1780353466.0491195
8085,Policy/mean_noise_std,0.0791223868727684,1780353617.7555969
8118,Policy/mean_noise_std,0.07854952663183212,1780353769.0882185
8151,Policy/mean_noise_std,0.07858671247959137,1780353919.7374911
8184,Policy/mean_noise_std,0.07858573645353317,1780354072.2569106
8217,Policy/mean_noise_std,0.07850836217403412,1780354224.250641
8250,Policy/mean_noise_std,0.07799097150564194,1780354375.4300733
8283,Policy/mean_noise_std,0.07754833996295929,1780354527.5417433
8316,Policy/mean_noise_std,0.07762152701616287,1780354679.3164418
8349,Policy/mean_noise_std,0.07761426270008087,1780354813.4345496
8382,Policy/mean_noise_std,0.07843266427516937,1780354964.6736743
8415,Policy/mean_noise_std,0.0776708647608757,1780355116.3432617
8448,Policy/mean_noise_std,0.07828035205602646,1780355268.0496871
8481,Policy/mean_noise_std,0.07836639136075974,1780355419.9574587
8514,Policy/mean_noise_std,0.07832818478345871,1780355571.829828
8547,Policy/mean_noise_std,0.07863758504390717,1780355723.7752652
8580,Policy/mean_noise_std,0.07836529612541199,1780355875.9685616
8613,Policy/mean_noise_std,0.07897509634494781,1780356027.5901628
8646,Policy/mean_noise_std,0.07878835499286652,1780356179.1166537
8679,Policy/mean_noise_std,0.07912217825651169,1780356330.4489799
8712,Policy/mean_noise_std,0.07920835167169571,1780356481.6413574
8745,Policy/mean_noise_std,0.07994155585765839,1780356633.904498
8778,Policy/mean_noise_std,0.07951156795024872,1780356786.0366223
8811,Policy/mean_noise_std,0.07937991619110107,1780356938.2875853
8844,Policy/mean_noise_std,0.07874554395675659,1780357090.7101398
8877,Policy/mean_noise_std,0.07873254269361496,1780357242.3441327
8910,Policy/mean_noise_std,0.08026646077632904,1780357396.0384283
8943,Policy/mean_noise_std,0.08089316636323929,1780357549.6470091
8976,Policy/mean_noise_std,0.0802089124917984,1780357702.7121828
9009,Policy/mean_noise_std,0.0808904767036438,1780357855.897506
9042,Policy/mean_noise_std,0.08097529411315918,1780358008.8512607
9075,Policy/mean_noise_std,0.07995017617940903,1780358161.8867328
9108,Policy/mean_noise_std,0.07961153984069824,1780358315.365422
9141,Policy/mean_noise_std,0.07964666187763214,1780358471.2632067
9174,Policy/mean_noise_std,0.07900582998991013,1780358625.4990218
9207,Policy/mean_noise_std,0.07931529730558395,1780358778.9215353
9240,Policy/mean_noise_std,0.08076533675193787,1780358933.799355
9273,Policy/mean_noise_std,0.08099500834941864,1780359087.2178817
9306,Policy/mean_noise_std,0.08121344447135925,1780359240.0752733
9339,Policy/mean_noise_std,0.08133594691753387,1780359391.9712746
9372,Policy/mean_noise_std,0.08119052648544312,1780359543.167952
9405,Policy/mean_noise_std,0.08063165843486786,1780359696.0405068
9438,Policy/mean_noise_std,0.07970570772886276,1780359848.4756567
9471,Policy/mean_noise_std,0.07945412397384644,1780360000.288687
9504,Policy/mean_noise_std,0.07873161137104034,1780360151.4785762
9537,Policy/mean_noise_std,0.07930151373147964,1780360302.1483543
9570,Policy/mean_noise_std,0.07893973588943481,1780360454.1475155
9603,Policy/mean_noise_std,0.07927260547876358,1780360607.2932236
9636,Policy/mean_noise_std,0.07925965636968613,1780360759.8404968
9669,Policy/mean_noise_std,0.07930201292037964,1780360912.1471162
9702,Policy/mean_noise_std,0.07887323945760727,1780361064.150129
9735,Policy/mean_noise_std,0.0794440284371376,1780361215.7343576
9768,Policy/mean_noise_std,0.07965217530727386,1780361366.8746407
9801,Policy/mean_noise_std,0.0795082300901413,1780361518.380835
9834,Policy/mean_noise_std,0.08159133791923523,1780361670.9898622
9867,Policy/mean_noise_std,0.08107468485832214,1780361823.9168537
9900,Policy/mean_noise_std,0.0810643658041954,1780361977.0292037
9933,Policy/mean_noise_std,0.08300652354955673,1780362130.0261266
9966,Policy/mean_noise_std,0.08245024085044861,1780362281.679858
9999,Policy/mean_noise_std,0.08205833286046982,1780362434.3268507
10032,Policy/mean_noise_std,0.0818391963839531,1780362587.911822
10065,Policy/mean_noise_std,0.08117908984422684,1780362741.244419
10098,Policy/mean_noise_std,0.08120317757129669,1780362894.043906
10131,Policy/mean_noise_std,0.08054555952548981,1780363045.6895876
10164,Policy/mean_noise_std,0.07976865768432617,1780363197.4510548
10197,Policy/mean_noise_std,0.0799587219953537,1780363348.7196734
10230,Policy/mean_noise_std,0.0805845558643341,1780363499.8146658
10263,Policy/mean_noise_std,0.08050145208835602,1780363651.3225317
10296,Policy/mean_noise_std,0.08011333644390106,1780363803.124804
10329,Policy/mean_noise_std,0.07925698161125183,1780363955.1543229
10362,Policy/mean_noise_std,0.0796239823102951,1780364107.2365944
10395,Policy/mean_noise_std,0.07949621230363846,1780364259.6688337
10428,Policy/mean_noise_std,0.07877004891633987,1780364411.1507323
10461,Policy/mean_noise_std,0.07816977798938751,1780364562.3738608
10494,Policy/mean_noise_std,0.07861248403787613,1780364713.3476708
10527,Policy/mean_noise_std,0.07847443968057632,1780364864.1573946
10560,Policy/mean_noise_std,0.0787360891699791,1780365015.0799065
10593,Policy/mean_noise_std,0.07895594835281372,1780365166.1932287
10626,Policy/mean_noise_std,0.08062857389450073,1780365316.9105992
10659,Policy/mean_noise_std,0.08194205164909363,1780365468.2796988
10692,Policy/mean_noise_std,0.08259055018424988,1780365619.2982845
10725,Policy/mean_noise_std,0.08230139315128326,1780365770.5250156
10758,Policy/mean_noise_std,0.08185184746980667,1780365921.3203752
10791,Policy/mean_noise_std,0.08358870446681976,1780366071.6626105
10824,Policy/mean_noise_std,0.08252846449613571,1780366222.2273288
10857,Policy/mean_noise_std,0.08184147626161575,1780366373.3083782
10890,Policy/mean_noise_std,0.08042511343955994,1780366524.2260852
10923,Policy/mean_noise_std,0.07953545451164246,1780366675.3805227
10956,Policy/mean_noise_std,0.07884667813777924,1780366826.364501
10989,Policy/mean_noise_std,0.07870499044656754,1780366977.5811944
11022,Policy/mean_noise_std,0.07829777151346207,1780367129.4348497
11055,Policy/mean_noise_std,0.07886061817407608,1780367280.7428122
11088,Policy/mean_noise_std,0.07942839711904526,1780367432.5495434
11121,Policy/mean_noise_std,0.07932381331920624,1780367583.7933772
11154,Policy/mean_noise_std,0.07983852922916412,1780367735.0401325
11187,Policy/mean_noise_std,0.08084099739789963,1780367886.051239
11220,Policy/mean_noise_std,0.08023718744516373,1780368037.3871114
11253,Policy/mean_noise_std,0.0814804658293724,1780368188.4716434
11286,Policy/mean_noise_std,0.08090074360370636,1780368339.520621
11319,Policy/mean_noise_std,0.08055973798036575,1780368491.1267133
11352,Policy/mean_noise_std,0.08211474865674973,1780368642.9546468
11385,Policy/mean_noise_std,0.0817849189043045,1780368794.0222867
11418,Policy/mean_noise_std,0.08146506547927856,1780368944.8390725
11451,Policy/mean_noise_std,0.08075913786888123,1780369095.91555
11484,Policy/mean_noise_std,0.08121845871210098,1780369247.0973997
11517,Policy/mean_noise_std,0.080461785197258,1780369397.8437996
11550,Policy/mean_noise_std,0.08074715733528137,1780369548.8452892
11583,Policy/mean_noise_std,0.08107729256153107,1780369699.2758665
11616,Policy/mean_noise_std,0.08095137029886246,1780369850.6467578
11649,Policy/mean_noise_std,0.08028814941644669,1780370001.5923831
11682,Policy/mean_noise_std,0.0802944228053093,1780370152.4513726
11715,Policy/mean_noise_std,0.08029642701148987,1780370303.5900943
11748,Policy/mean_noise_std,0.08046001940965652,1780370455.1691916
11781,Policy/mean_noise_std,0.07993010431528091,1780370606.7479184
11814,Policy/mean_noise_std,0.08007800579071045,1780370758.2344663
11847,Policy/mean_noise_std,0.08008550852537155,1780370909.1818023
11880,Policy/mean_noise_std,0.0802062377333641,1780371060.8984463
11913,Policy/mean_noise_std,0.08067665994167328,1780371211.553301
11946,Policy/mean_noise_std,0.08011151105165482,1780371363.1222281
11979,Policy/mean_noise_std,0.07942066341638565,1780371513.2383313
12012,Policy/mean_noise_std,0.0797194316983223,1780371663.7758734
12045,Policy/mean_noise_std,0.08004774153232574,1780371815.1202583
12078,Policy/mean_noise_std,0.08059994131326675,1780371965.889033
12111,Policy/mean_noise_std,0.08115410804748535,1780372111.3809726
12144,Policy/mean_noise_std,0.08049248158931732,1780372260.2383578
12177,Policy/mean_noise_std,0.08006533980369568,1780372412.1414597
12210,Policy/mean_noise_std,0.08034869283437729,1780372563.1301186
12243,Policy/mean_noise_std,0.0809263214468956,1780372714.4457645
12276,Policy/mean_noise_std,0.08014186471700668,1780372865.8530283
12309,Policy/mean_noise_std,0.07973156869411469,1780373016.610798
12342,Policy/mean_noise_std,0.0796244740486145,1780373167.1826782
12375,Policy/mean_noise_std,0.079297736287117,1780373318.3826473
12408,Policy/mean_noise_std,0.0790293887257576,1780373469.5454519
12441,Policy/mean_noise_std,0.07885491847991943,1780373621.7593076
12474,Policy/mean_noise_std,0.07860790938138962,1780373773.1128743
12507,Policy/mean_noise_std,0.0798254907131195,1780373924.3728938
12540,Policy/mean_noise_std,0.07939803600311279,1780374075.3486972
12573,Policy/mean_noise_std,0.07988553494215012,1780374226.335546
12606,Policy/mean_noise_std,0.0796230286359787,1780374377.8786786
12639,Policy/mean_noise_std,0.07918225973844528,1780374528.702442
12672,Policy/mean_noise_std,0.08076591789722443,1780374679.4907088
12705,Policy/mean_noise_std,0.08003724366426468,1780374830.692035
12738,Policy/mean_noise_std,0.08031095564365387,1780374981.5267172
12771,Policy/mean_noise_std,0.07996037602424622,1780375132.1171489
12804,Policy/mean_noise_std,0.07975517958402634,1780375283.4311426
12837,Policy/mean_noise_std,0.07955120503902435,1780375433.5449924
12870,Policy/mean_noise_std,0.07969054579734802,1780375584.5563486
12903,Policy/mean_noise_std,0.07953386753797531,1780375735.6793244
12936,Policy/mean_noise_std,0.07893557846546173,1780375886.5678487
12969,Policy/mean_noise_std,0.07953138649463654,1780376037.9300342
13002,Policy/mean_noise_std,0.07929065078496933,1780376189.975105
13035,Policy/mean_noise_std,0.07918630540370941,1780376341.8845005
13068,Policy/mean_noise_std,0.08105691522359848,1780376493.2411556
13101,Policy/mean_noise_std,0.08095943927764893,1780376645.30231
13134,Policy/mean_noise_std,0.08069144934415817,1780376797.9731855
13167,Policy/mean_noise_std,0.08042960613965988,1780376951.2748897
13200,Policy/mean_noise_std,0.08230733126401901,1780377107.9079213
13233,Policy/mean_noise_std,0.08154533803462982,1780377264.7237105
13266,Policy/mean_noise_std,0.08090967684984207,1780377418.6803606
13299,Policy/mean_noise_std,0.08159580081701279,1780377571.6130052
13332,Policy/mean_noise_std,0.08394306153059006,1780377725.0889857
13365,Policy/mean_noise_std,0.08572574704885483,1780377878.4483242
13398,Policy/mean_noise_std,0.08440449833869934,1780378035.4287484
13431,Policy/mean_noise_std,0.08614220470190048,1780378190.4934218
13464,Policy/mean_noise_std,0.08484205603599548,1780378343.93495
13497,Policy/mean_noise_std,0.08355207741260529,1780378498.2393568
13530,Policy/mean_noise_std,0.08348394930362701,1780378652.3645358
13563,Policy/mean_noise_std,0.08236104995012283,1780378807.8964171
13596,Policy/mean_noise_std,0.08236458897590637,1780378965.3141105
13629,Policy/mean_noise_std,0.08162947744131088,1780379120.6950421
13662,Policy/mean_noise_std,0.08134416490793228,1780379275.5164788
13695,Policy/mean_noise_std,0.08038339018821716,1780379430.0503898
13728,Policy/mean_noise_std,0.08002284169197083,1780379584.5462272
13761,Policy/mean_noise_std,0.07990369200706482,1780379738.6673212
13794,Policy/mean_noise_std,0.08092468231916428,1780379892.4420784
13827,Policy/mean_noise_std,0.08075414597988129,1780380046.338297
13860,Policy/mean_noise_std,0.07991506159305573,1780380200.6297774
13893,Policy/mean_noise_std,0.07971407473087311,1780380356.8928983
13926,Policy/mean_noise_std,0.07923240214586258,1780380511.3513532
13959,Policy/mean_noise_std,0.07882525771856308,1780380665.1058595
13992,Policy/mean_noise_std,0.07815663516521454,1780380820.3090982
14025,Policy/mean_noise_std,0.07895132899284363,1780380975.3827474
14058,Policy/mean_noise_std,0.08101142942905426,1780381130.13916
14091,Policy/mean_noise_std,0.08150865137577057,1780381284.2826698
14124,Policy/mean_noise_std,0.0813281238079071,1780381438.8095624
14157,Policy/mean_noise_std,0.08030164986848831,1780381593.0605514
14190,Policy/mean_noise_std,0.07947853952646255,1780381747.7106166
14223,Policy/mean_noise_std,0.07976008206605911,1780381901.528287
14256,Policy/mean_noise_std,0.07897220551967621,1780382055.861935
14289,Policy/mean_noise_std,0.07863619178533554,1780382211.4239395
14322,Policy/mean_noise_std,0.08007786422967911,1780382369.0168307
14355,Policy/mean_noise_std,0.07910773903131485,1780382534.8717601
14388,Policy/mean_noise_std,0.07907331734895706,1780382692.2370899
14421,Policy/mean_noise_std,0.07824276387691498,1780382849.4572356
14454,Policy/mean_noise_std,0.0801076591014862,1780383006.816986
14487,Policy/mean_noise_std,0.07950226962566376,1780383157.4273596
14520,Policy/mean_noise_std,0.07848668098449707,1780383315.4398253
14553,Policy/mean_noise_std,0.07819247990846634,1780383472.2429726
14586,Policy/mean_noise_std,0.0776144415140152,1780383630.3893647
14619,Policy/mean_noise_std,0.07703997939825058,1780383779.5101593
14652,Policy/mean_noise_std,0.07694122940301895,1780383937.5130699
14685,Policy/mean_noise_std,0.07753271609544754,1780384091.8778446
14718,Policy/mean_noise_std,0.07782244682312012,1780384239.174801
14751,Policy/mean_noise_std,0.07890857756137848,1780384390.2835386
14784,Policy/mean_noise_std,0.07831692695617676,1780384543.9660933
14817,Policy/mean_noise_std,0.08016830682754517,1780384698.4777946
14850,Policy/mean_noise_std,0.07951992005109787,1780384854.9880416
14883,Policy/mean_noise_std,0.08007460832595825,1780385006.6693854
14916,Policy/mean_noise_std,0.07943270355463028,1780385164.043509
14949,Policy/mean_noise_std,0.07869752496480942,1780385321.3181415
14982,Policy/mean_noise_std,0.0811629667878151,1780385478.1001735
15015,Policy/mean_noise_std,0.08252088725566864,1780385636.1857893
15048,Policy/mean_noise_std,0.08428596705198288,1780385793.0124354
15081,Policy/mean_noise_std,0.08600940555334091,1780385947.236552
15114,Policy/mean_noise_std,0.08884064108133316,1780386101.1595569
15147,Policy/mean_noise_std,0.0874854102730751,1780386254.1691802
15180,Policy/mean_noise_std,0.08785499632358551,1780386410.1519392
15213,Policy/mean_noise_std,0.08637571334838867,1780386564.569952
15246,Policy/mean_noise_std,0.08631448447704315,1780386713.7530558
15279,Policy/mean_noise_std,0.08599590510129929,1780386867.5045967
15312,Policy/mean_noise_std,0.0890975371003151,1780387024.8559458
15345,Policy/mean_noise_std,0.09060081839561462,1780387174.3075001
15378,Policy/mean_noise_std,0.08914966881275177,1780387328.4373994
15411,Policy/mean_noise_std,0.08710651844739914,1780387481.1894429
15444,Policy/mean_noise_std,0.08585068583488464,1780387634.8664463
15477,Policy/mean_noise_std,0.08959539234638214,1780387787.688499
15510,Policy/mean_noise_std,0.08777367323637009,1780387941.726259
15543,Policy/mean_noise_std,0.08667299151420593,1780388096.033459
15576,Policy/mean_noise_std,0.08742805570363998,1780388247.0033164
15609,Policy/mean_noise_std,0.08966296911239624,1780388401.6487682
15642,Policy/mean_noise_std,0.08988537639379501,1780388556.090197
15675,Policy/mean_noise_std,0.0884246677160263,1780388710.3429685
15708,Policy/mean_noise_std,0.09077814966440201,1780388863.9297805
15741,Policy/mean_noise_std,0.09074494987726212,1780389018.9544392
15774,Policy/mean_noise_std,0.08897080272436142,1780389174.1000426
15807,Policy/mean_noise_std,0.08784743398427963,1780389329.1534915
15840,Policy/mean_noise_std,0.0869826003909111,1780389481.8928595
15873,Policy/mean_noise_std,0.08444587886333466,1780389637.0857882
15906,Policy/mean_noise_std,0.08391334116458893,1780389792.7699366
15939,Policy/mean_noise_std,0.08743013441562653,1780389948.4721968
15972,Policy/mean_noise_std,0.09214652329683304,1780390104.147074
16005,Policy/mean_noise_std,0.09137029945850372,1780390257.186432
16038,Policy/mean_noise_std,0.0900641530752182,1780390409.5976076
16071,Policy/mean_noise_std,0.08874116837978363,1780390563.5496223
16104,Policy/mean_noise_std,0.08939314633607864,1780390717.6375282
16137,Policy/mean_noise_std,0.08750934898853302,1780390872.337224
16170,Policy/mean_noise_std,0.08500578999519348,1780391020.8365333
16203,Policy/mean_noise_std,0.08364145457744598,1780391174.8807557
16236,Policy/mean_noise_std,0.0825032964348793,1780391328.8117428
16269,Policy/mean_noise_std,0.081132672727108,1780391482.6499624
16302,Policy/mean_noise_std,0.08000250905752182,1780391635.8565557
16335,Policy/mean_noise_std,0.07872077077627182,1780391789.51571
16368,Policy/mean_noise_std,0.07892434298992157,1780391943.6252701
16401,Policy/mean_noise_std,0.07975220680236816,1780392097.6600523
16434,Policy/mean_noise_std,0.07953287661075592,1780392251.444591
16467,Policy/mean_noise_std,0.08326844871044159,1780392405.0625606
16500,Policy/mean_noise_std,0.08199761807918549,1780392559.0062048
16533,Policy/mean_noise_std,0.08172611892223358,1780392712.1398873
16566,Policy/mean_noise_std,0.0814334899187088,1780392865.7311225
16599,Policy/mean_noise_std,0.07938050478696823,1780393019.5381038
16632,Policy/mean_noise_std,0.07793085277080536,1780393173.3875947
16665,Policy/mean_noise_std,0.0775652602314949,1780393328.0444176
16698,Policy/mean_noise_std,0.07749266177415848,1780393482.8608549
16731,Policy/mean_noise_std,0.07837844640016556,1780393637.2409534
16764,Policy/mean_noise_std,0.08000090718269348,1780393791.1367595
16797,Policy/mean_noise_std,0.08110855519771576,1780393946.0963893
16830,Policy/mean_noise_std,0.08261704444885254,1780394100.6980348
16863,Policy/mean_noise_std,0.08418981730937958,1780394255.603056
16896,Policy/mean_noise_std,0.08492718636989594,1780394410.6097338
16929,Policy/mean_noise_std,0.08350551128387451,1780394565.4402754
16962,Policy/mean_noise_std,0.0822494626045227,1780394719.2499151
16995,Policy/mean_noise_std,0.08509863913059235,1780394874.19555
17028,Policy/mean_noise_std,0.08452154695987701,1780395030.218589
17061,Policy/mean_noise_std,0.08232039958238602,1780395185.2416131
17094,Policy/mean_noise_std,0.08220479637384415,1780395340.3254178
17127,Policy/mean_noise_std,0.0827903226017952,1780395495.1517284
17160,Policy/mean_noise_std,0.08042221516370773,1780395650.9611893
17193,Policy/mean_noise_std,0.07884383201599121,1780395808.543234
17226,Policy/mean_noise_std,0.07774176448583603,1780395965.9319205
17259,Policy/mean_noise_std,0.07855615019798279,1780396122.4159305
17292,Policy/mean_noise_std,0.07838346809148788,1780396278.7500608
17325,Policy/mean_noise_std,0.07692593336105347,1780396435.8351219
17358,Policy/mean_noise_std,0.07958672940731049,1780396591.9821723
17391,Policy/mean_noise_std,0.07802664488554001,1780396749.0680387
17424,Policy/mean_noise_std,0.07644229382276535,1780396909.5277689
17457,Policy/mean_noise_std,0.07511751353740692,1780397064.8238425
17490,Policy/mean_noise_std,0.07475244253873825,1780397220.5667474
17523,Policy/mean_noise_std,0.07827665656805038,1780397375.6548803
17556,Policy/mean_noise_std,0.07753943651914597,1780397530.5505712
17589,Policy/mean_noise_std,0.07609327137470245,1780397684.6211965
17622,Policy/mean_noise_std,0.07515599578619003,1780397840.1404042
17655,Policy/mean_noise_std,0.07609401643276215,1780397994.9278712
17688,Policy/mean_noise_std,0.07566765695810318,1780398150.3385324
17721,Policy/mean_noise_std,0.07574518769979477,1780398305.9026947
17754,Policy/mean_noise_std,0.07638154923915863,1780398461.214829
17787,Policy/mean_noise_std,0.07573097944259644,1780398617.7274013
17820,Policy/mean_noise_std,0.074672631919384,1780398773.5709686
17853,Policy/mean_noise_std,0.07448811829090118,1780398927.5005198
17886,Policy/mean_noise_std,0.07450129091739655,1780399082.8716104
17919,Policy/mean_noise_std,0.07389380037784576,1780399237.8029492
17952,Policy/mean_noise_std,0.07511552423238754,1780399394.0700467
17985,Policy/mean_noise_std,0.0747293084859848,1780399550.8223047
18018,Policy/mean_noise_std,0.07386090606451035,1780399707.17067
18051,Policy/mean_noise_std,0.07540439069271088,1780399862.71035
18084,Policy/mean_noise_std,0.07520582526922226,1780400020.0738022
18117,Policy/mean_noise_std,0.07609979063272476,1780400175.8715112
18150,Policy/mean_noise_std,0.07630997896194458,1780400331.358489
18183,Policy/mean_noise_std,0.07638789713382721,1780400488.0580053
18216,Policy/mean_noise_std,0.07849441468715668,1780400643.8508475
18249,Policy/mean_noise_std,0.07965380698442459,1780400800.3571382
18282,Policy/mean_noise_std,0.07945099472999573,1780400955.8875947
18315,Policy/mean_noise_std,0.07946989685297012,1780401111.1777282
18348,Policy/mean_noise_std,0.08132234960794449,1780401267.0846992
18381,Policy/mean_noise_std,0.0815194845199585,1780401422.049771
18414,Policy/mean_noise_std,0.08232863247394562,1780401575.704834
18447,Policy/mean_noise_std,0.08040373772382736,1780401730.7498078
18480,Policy/mean_noise_std,0.08111274987459183,1780401885.1239233
18513,Policy/mean_noise_std,0.07957714051008224,1780402039.5852027
18546,Policy/mean_noise_std,0.07785385102033615,1780402194.86994
18579,Policy/mean_noise_std,0.07671239227056503,1780402346.8072715
18612,Policy/mean_noise_std,0.07556669414043427,1780402478.758467
18645,Policy/mean_noise_std,0.07703550904989243,1780402632.806949
18678,Policy/mean_noise_std,0.07697474211454391,1780402788.9536762
18711,Policy/mean_noise_std,0.07533290237188339,1780402943.276832
18744,Policy/mean_noise_std,0.07512906193733215,1780403098.1231358
18777,Policy/mean_noise_std,0.07522573322057724,1780403253.3428416
18810,Policy/mean_noise_std,0.07567676156759262,1780403406.3722992
18843,Policy/mean_noise_std,0.07602228969335556,1780403559.717153
18876,Policy/mean_noise_std,0.07493159919977188,1780403709.3854067
18909,Policy/mean_noise_std,0.07489916682243347,1780403864.2042003
18942,Policy/mean_noise_std,0.07725247740745544,1780404013.073635
18975,Policy/mean_noise_std,0.07709039002656937,1780404161.731231
19008,Policy/mean_noise_std,0.07555092126131058,1780404315.8378975
19041,Policy/mean_noise_std,0.0758388340473175,1780404470.54413
19074,Policy/mean_noise_std,0.07466935366392136,1780404625.0246024
19107,Policy/mean_noise_std,0.07661307603120804,1780404778.8327153
19140,Policy/mean_noise_std,0.07573896646499634,1780404932.590514
19173,Policy/mean_noise_std,0.07661038637161255,1780405085.5662642
19206,Policy/mean_noise_std,0.0789489820599556,1780405239.5678682
19239,Policy/mean_noise_std,0.07756166160106659,1780405393.459253
19272,Policy/mean_noise_std,0.07574227452278137,1780405547.663641
19305,Policy/mean_noise_std,0.07862772047519684,1780405701.1119022
19338,Policy/mean_noise_std,0.0767277181148529,1780405854.926994
19371,Policy/mean_noise_std,0.07522692531347275,1780406009.4483979
19404,Policy/mean_noise_std,0.08038480579853058,1780406163.8355625
19437,Policy/mean_noise_std,0.08420835435390472,1780406317.480206
19470,Policy/mean_noise_std,0.08325571566820145,1780406470.960971
19503,Policy/mean_noise_std,0.08253293484449387,1780406624.1684058
19536,Policy/mean_noise_std,0.08162522315979004,1780406778.1463637
19569,Policy/mean_noise_std,0.08202201873064041,1780406931.8604362
19602,Policy/mean_noise_std,0.08077715337276459,1780407084.6915066
19635,Policy/mean_noise_std,0.07834792137145996,1780407239.1732807
19668,Policy/mean_noise_std,0.07763773947954178,1780407392.9270713
19701,Policy/mean_noise_std,0.07563349604606628,1780407546.4546335
19734,Policy/mean_noise_std,0.07429773360490799,1780407699.8111815
19767,Policy/mean_noise_std,0.07610112428665161,1780407853.2874396
19800,Policy/mean_noise_std,0.07718493044376373,1780408006.6721747
19833,Policy/mean_noise_std,0.07727818936109543,1780408159.88474
19866,Policy/mean_noise_std,0.078264981508255,1780408313.8355799
19899,Policy/mean_noise_std,0.08008277416229248,1780408468.527274
19932,Policy/mean_noise_std,0.07987423986196518,1780408622.5570767
19965,Policy/mean_noise_std,0.07840628176927567,1780408775.5792208
19998,Policy/mean_noise_std,0.07946716248989105,1780408928.5136414
20031,Policy/mean_noise_std,0.0812133401632309,1780409082.2303047
20064,Policy/mean_noise_std,0.08301588892936707,1780409236.0738702
20097,Policy/mean_noise_std,0.08202756196260452,1780409390.5929656
20130,Policy/mean_noise_std,0.080980084836483,1780409544.3128629
20163,Policy/mean_noise_std,0.07905229181051254,1780409698.7738624
20196,Policy/mean_noise_std,0.08495980501174927,1780409852.733022
20229,Policy/mean_noise_std,0.08561583608388901,1780410006.3330197
20262,Policy/mean_noise_std,0.08511878550052643,1780410160.8852458
20295,Policy/mean_noise_std,0.0848969891667366,1780410314.2238562
20328,Policy/mean_noise_std,0.08420025557279587,1780410467.8244078
20361,Policy/mean_noise_std,0.08359557390213013,1780410621.0603049
20394,Policy/mean_noise_std,0.08265189081430435,1780410774.0151973
20427,Policy/mean_noise_std,0.0827576220035553,1780410926.9645197
20460,Policy/mean_noise_std,0.08145762979984283,1780411080.0545225
20493,Policy/mean_noise_std,0.08190085738897324,1780411232.6340292
20526,Policy/mean_noise_std,0.08175301551818848,1780411387.585219
20559,Policy/mean_noise_std,0.08011980354785919,1780411541.5271065
20592,Policy/mean_noise_std,0.07827802002429962,1780411694.614974
20625,Policy/mean_noise_std,0.08205851912498474,1780411848.7115679
20658,Policy/mean_noise_std,0.08338043838739395,1780412002.9099324
20691,Policy/mean_noise_std,0.08068730682134628,1780412157.2478795
20724,Policy/mean_noise_std,0.07887472212314606,1780412312.3759506
20757,Policy/mean_noise_std,0.07750369608402252,1780412466.086964
20790,Policy/mean_noise_std,0.07678587734699249,1780412621.3078022
20823,Policy/mean_noise_std,0.08245217055082321,1780412777.4873013
20856,Policy/mean_noise_std,0.08266659080982208,1780412933.51456
20889,Policy/mean_noise_std,0.0831015482544899,1780413087.9236906
20922,Policy/mean_noise_std,0.08191487193107605,1780413242.526307
20955,Policy/mean_noise_std,0.08204159885644913,1780413397.416775
20988,Policy/mean_noise_std,0.08257174491882324,1780413553.1397948
21021,Policy/mean_noise_std,0.08027150481939316,1780413709.1383762
21054,Policy/mean_noise_std,0.07827258110046387,1780413864.2482588
21087,Policy/mean_noise_std,0.0771082192659378,1780414018.8530364
21120,Policy/mean_noise_std,0.07633814960718155,1780414164.4377255
21153,Policy/mean_noise_std,0.07493919879198074,1780414312.4159894
21186,Policy/mean_noise_std,0.07448222488164902,1780414467.8297775
21219,Policy/mean_noise_std,0.08046496659517288,1780414623.452062
21252,Policy/mean_noise_std,0.0813310444355011,1780414778.1156049
21285,Policy/mean_noise_std,0.08176121860742569,1780414933.909576
21318,Policy/mean_noise_std,0.08092768490314484,1780415089.9655817
21351,Policy/mean_noise_std,0.08283906430006027,1780415245.861807
21384,Policy/mean_noise_std,0.08227430284023285,1780415401.3156097
21417,Policy/mean_noise_std,0.08104387670755386,1780415557.041951
21450,Policy/mean_noise_std,0.08029190450906754,1780415713.737025
21483,Policy/mean_noise_std,0.08137668669223785,1780415869.969928
21516,Policy/mean_noise_std,0.0811363235116005,1780416025.1787937
21549,Policy/mean_noise_std,0.07992766052484512,1780416181.0114205
21582,Policy/mean_noise_std,0.08135481923818588,1780416337.1666796
21615,Policy/mean_noise_std,0.08244921267032623,1780416493.7723856
21648,Policy/mean_noise_std,0.08492343127727509,1780416649.3053253
21681,Policy/mean_noise_std,0.08578050881624222,1780416805.0279193
21714,Policy/mean_noise_std,0.08377842605113983,1780416961.3739643
21747,Policy/mean_noise_std,0.08105100691318512,1780417116.2383726
21780,Policy/mean_noise_std,0.08260508626699448,1780417272.2963445
21813,Policy/mean_noise_std,0.08217743784189224,1780417428.7830482
21846,Policy/mean_noise_std,0.0809677243232727,1780417585.52801
21879,Policy/mean_noise_std,0.07946565002202988,1780417741.8812377
21912,Policy/mean_noise_std,0.07950302213430405,1780417898.314272
21945,Policy/mean_noise_std,0.08479012548923492,1780418054.68283
21978,Policy/mean_noise_std,0.0854722410440445,1780418210.6737292
22011,Policy/mean_noise_std,0.08541281521320343,1780418362.7908251
22044,Policy/mean_noise_std,0.08374541252851486,1780418516.632183
22077,Policy/mean_noise_std,0.08354519307613373,1780418673.5851533
22110,Policy/mean_noise_std,0.08676759898662567,1780418830.8214188
22143,Policy/mean_noise_std,0.08754400163888931,1780418988.7896876
22176,Policy/mean_noise_std,0.08493545651435852,1780419145.2360106
22209,Policy/mean_noise_std,0.08239176869392395,1780419301.7508206
22242,Policy/mean_noise_std,0.08359527587890625,1780419457.671918
22275,Policy/mean_noise_std,0.0818227156996727,1780419614.0280993
22308,Policy/mean_noise_std,0.08075115084648132,1780419769.5691552
22341,Policy/mean_noise_std,0.08218073844909668,1780419925.2217104
22374,Policy/mean_noise_std,0.08200086653232574,1780420081.1661851
22407,Policy/mean_noise_std,0.08221805840730667,1780420237.0416002
22440,Policy/mean_noise_std,0.08139030635356903,1780420393.0547922
22473,Policy/mean_noise_std,0.08022595196962357,1780420548.6220925
22506,Policy/mean_noise_std,0.0778622031211853,1780420703.954385
22539,Policy/mean_noise_std,0.07663024961948395,1780420856.0432253
22572,Policy/mean_noise_std,0.07913453876972198,1780421011.8841922
22605,Policy/mean_noise_std,0.08083050698041916,1780421168.0052948
22638,Policy/mean_noise_std,0.0811300054192543,1780421310.2122228
22671,Policy/mean_noise_std,0.08014432340860367,1780421466.2976387
22704,Policy/mean_noise_std,0.0849182978272438,1780421622.1996834
22737,Policy/mean_noise_std,0.0880052000284195,1780421778.574251
22770,Policy/mean_noise_std,0.09380129724740982,1780421927.460246
22803,Policy/mean_noise_std,0.09706411510705948,1780422083.4545324
22836,Policy/mean_noise_std,0.09742370992898941,1780422238.2934036
22869,Policy/mean_noise_std,0.09529649466276169,1780422393.7703915
22902,Policy/mean_noise_std,0.0926767885684967,1780422549.410717
22935,Policy/mean_noise_std,0.09176324307918549,1780422704.8710392
22968,Policy/mean_noise_std,0.08874914795160294,1780422859.5183055
23001,Policy/mean_noise_std,0.09443313628435135,1780423014.7364697
23034,Policy/mean_noise_std,0.09780493378639221,1780423170.7024481
23067,Policy/mean_noise_std,0.0976734608411789,1780423326.827817
23100,Policy/mean_noise_std,0.09519951790571213,1780423483.0914195
23133,Policy/mean_noise_std,0.09182458370923996,1780423639.0249555
23166,Policy/mean_noise_std,0.09083841741085052,1780423794.0948508
23199,Policy/mean_noise_std,0.09132769703865051,1780423949.5971377
23232,Policy/mean_noise_std,0.09267953038215637,1780424105.1952145
23265,Policy/mean_noise_std,0.09177472442388535,1780424257.322929
23298,Policy/mean_noise_std,0.08811547607183456,1780424412.884931
23331,Policy/mean_noise_std,0.08751283586025238,1780424569.5610955
23364,Policy/mean_noise_std,0.08532442897558212,1780424725.1865177
23397,Policy/mean_noise_std,0.0837513655424118,1780424880.9539816
23430,Policy/mean_noise_std,0.08544269949197769,1780425036.6291249
23463,Policy/mean_noise_std,0.08647661656141281,1780425192.3059213
23496,Policy/mean_noise_std,0.0868602991104126,1780425347.9192367
23529,Policy/mean_noise_std,0.08593470603227615,1780425504.266002
23562,Policy/mean_noise_std,0.08447857201099396,1780425660.546126
23595,Policy/mean_noise_std,0.08398367464542389,1780425815.966772
23628,Policy/mean_noise_std,0.08164521306753159,1780425971.9975812
23661,Policy/mean_noise_std,0.07977001368999481,1780426128.230375
23694,Policy/mean_noise_std,0.07749588787555695,1780426284.2990746
23727,Policy/mean_noise_std,0.0792570635676384,1780426440.6428509
23760,Policy/mean_noise_std,0.07823473960161209,1780426595.8464196
23793,Policy/mean_noise_std,0.08276531845331192,1780426751.949627
23826,Policy/mean_noise_std,0.08226509392261505,1780426907.5014591
23859,Policy/mean_noise_std,0.08795145899057388,1780427054.4163885
23892,Policy/mean_noise_std,0.09120064973831177,1780427207.0591981
23925,Policy/mean_noise_std,0.09582410007715225,1780427364.0674365
23958,Policy/mean_noise_std,0.09800557047128677,1780427520.3938117
23991,Policy/mean_noise_std,0.09448220580816269,1780427677.5668976
24024,Policy/mean_noise_std,0.0924515351653099,1780427834.2531028
24057,Policy/mean_noise_std,0.09423909336328506,1780427990.8054767
24090,Policy/mean_noise_std,0.09190738201141357,1780428147.8570747
24123,Policy/mean_noise_std,0.08995641767978668,1780428303.9856591
24156,Policy/mean_noise_std,0.0935884565114975,1780428460.5003946
24189,Policy/mean_noise_std,0.09049089252948761,1780428617.2320714
24222,Policy/mean_noise_std,0.09297940880060196,1780428772.9884777
24255,Policy/mean_noise_std,0.0953160896897316,1780428929.3882215
24288,Policy/mean_noise_std,0.09922106564044952,1780429086.0726109
24321,Policy/mean_noise_std,0.09641484916210175,1780429242.776931
24354,Policy/mean_noise_std,0.09403524547815323,1780429399.647696
24387,Policy/mean_noise_std,0.09126979857683182,1780429556.5559185
24420,Policy/mean_noise_std,0.08771419525146484,1780429712.177113
24453,Policy/mean_noise_std,0.08668811619281769,1780429867.8987973
24486,Policy/mean_noise_std,0.09029404073953629,1780430024.92438
24519,Policy/mean_noise_std,0.09424155950546265,1780430181.2556987
24552,Policy/mean_noise_std,0.09179104119539261,1780430336.9531226
24585,Policy/mean_noise_std,0.09125522524118423,1780430492.3831124
24618,Policy/mean_noise_std,0.09038504213094711,1780430648.4811854
24651,Policy/mean_noise_std,0.08934345841407776,1780430806.4321465
24684,Policy/mean_noise_std,0.08899164944887161,1780430963.3672483
24717,Policy/mean_noise_std,0.08949069678783417,1780431120.1120934
24750,Policy/mean_noise_std,0.09170988947153091,1780431276.4588685
24783,Policy/mean_noise_std,0.09585043042898178,1780431433.4683516
24816,Policy/mean_noise_std,0.10533186793327332,1780431591.7152245
24849,Policy/mean_noise_std,0.11285646259784698,1780431749.51992
24882,Policy/mean_noise_std,0.11416397988796234,1780431907.506939
24915,Policy/mean_noise_std,0.11604348570108414,1780432064.1626842
24948,Policy/mean_noise_std,0.11790629476308823,1780432221.7591186
24981,Policy/mean_noise_std,0.11500538140535355,1780432379.439198
25014,Policy/mean_noise_std,0.11221453547477722,1780432536.0973082
25047,Policy/mean_noise_std,0.10977111756801605,1780432692.2251139
25080,Policy/mean_noise_std,0.10619354993104935,1780432848.6869605
25113,Policy/mean_noise_std,0.10200037807226181,1780433005.2472694
25146,Policy/mean_noise_std,0.09823049604892731,1780433162.1665275
25179,Policy/mean_noise_std,0.09467855095863342,1780433318.3785439
25212,Policy/mean_noise_std,0.09150558710098267,1780433474.4316247
25245,Policy/mean_noise_std,0.09114397317171097,1780433631.390485
25278,Policy/mean_noise_std,0.08801281452178955,1780433789.104072
25311,Policy/mean_noise_std,0.08590969443321228,1780433946.3467503
25344,Policy/mean_noise_std,0.08375665545463562,1780434102.8899894
25377,Policy/mean_noise_std,0.08535315841436386,1780434259.065582
25410,Policy/mean_noise_std,0.08554726094007492,1780434416.265885
25443,Policy/mean_noise_std,0.08436968177556992,1780434573.143019
25476,Policy/mean_noise_std,0.08425700664520264,1780434731.4324844
25509,Policy/mean_noise_std,0.08555205911397934,1780434888.1849687
25542,Policy/mean_noise_std,0.08858566731214523,1780435044.5914493
25575,Policy/mean_noise_std,0.08741958439350128,1780435201.4452322
25608,Policy/mean_noise_std,0.08636500686407089,1780435358.7166014
25641,Policy/mean_noise_std,0.08544988930225372,1780435515.591726
25674,Policy/mean_noise_std,0.08286676555871964,1780435671.8695183
25707,Policy/mean_noise_std,0.08096017688512802,1780435828.6110742
25740,Policy/mean_noise_std,0.08024990558624268,1780435986.6846569
25773,Policy/mean_noise_std,0.08473039418458939,1780436142.0790877
25806,Policy/mean_noise_std,0.08627329766750336,1780436299.5697265
25839,Policy/mean_noise_std,0.08539599925279617,1780436454.9738138
25872,Policy/mean_noise_std,0.08303546160459518,1780436604.0001712
25905,Policy/mean_noise_std,0.08209091424942017,1780436761.6834304
25938,Policy/mean_noise_std,0.08211476355791092,1780436918.0900283
25971,Policy/mean_noise_std,0.08167827129364014,1780437074.916774
26004,Policy/mean_noise_std,0.07951169461011887,1780437231.9678595
26037,Policy/mean_noise_std,0.07742900401353836,1780437389.9323552
26070,Policy/mean_noise_std,0.08170831948518753,1780437546.1362562
26103,Policy/mean_noise_std,0.08377961814403534,1780437704.5835721
26136,Policy/mean_noise_std,0.08453615009784698,1780437862.4090047
26169,Policy/mean_noise_std,0.08534158766269684,1780438020.0151591
26202,Policy/mean_noise_std,0.08732140064239502,1780438177.966447
26235,Policy/mean_noise_std,0.08773978054523468,1780438336.8355808
26268,Policy/mean_noise_std,0.09311506897211075,1780438494.784807
26301,Policy/mean_noise_std,0.09511285275220871,1780438650.2456865
26334,Policy/mean_noise_std,0.09442511200904846,1780438808.8811526
26367,Policy/mean_noise_std,0.09688921272754669,1780438967.2033486
26400,Policy/mean_noise_std,0.09718278795480728,1780439125.816157
26433,Policy/mean_noise_std,0.09670252352952957,1780439284.2531662
26466,Policy/mean_noise_std,0.09718844294548035,1780439442.2167296
26499,Policy/mean_noise_std,0.0971861407160759,1780439600.4100416
26532,Policy/mean_noise_std,0.09619033336639404,1780439758.6743906
26565,Policy/mean_noise_std,0.10254641622304916,1780439917.3499897
26598,Policy/mean_noise_std,0.10820211470127106,1780440076.3279538
26631,Policy/mean_noise_std,0.11188088357448578,1780440234.0827937
26664,Policy/mean_noise_std,0.1156000941991806,1780440392.769896
26697,Policy/mean_noise_std,0.11767862737178802,1780440551.441667
26730,Policy/mean_noise_std,0.12037039548158646,1780440710.4699044
26763,Policy/mean_noise_std,0.11728670448064804,1780440868.7763014
26796,Policy/mean_noise_std,0.11559383571147919,1780441027.343483
26829,Policy/mean_noise_std,0.11419868469238281,1780441185.2350957
26862,Policy/mean_noise_std,0.11255370825529099,1780441343.6943157
26895,Policy/mean_noise_std,0.10779406130313873,1780441501.9388597
26928,Policy/mean_noise_std,0.10591569542884827,1780441658.8922462
26961,Policy/mean_noise_std,0.10386208444833755,1780441815.4105747
26994,Policy/mean_noise_std,0.10072050243616104,1780441972.265188
27027,Policy/mean_noise_std,0.0987815409898758,1780442129.5659356
27060,Policy/mean_noise_std,0.09876574575901031,1780442286.2421978
27093,Policy/mean_noise_std,0.09789901226758957,1780442441.8532906
27126,Policy/mean_noise_std,0.0951903760433197,1780442598.1762435
27159,Policy/mean_noise_std,0.093218594789505,1780442754.7754197
27192,Policy/mean_noise_std,0.09157001972198486,1780442911.235019
27225,Policy/mean_noise_std,0.08878090977668762,1780443066.9568644
27258,Policy/mean_noise_std,0.08610283583402634,1780443223.1450155
27291,Policy/mean_noise_std,0.08530603349208832,1780443379.6161032
27324,Policy/mean_noise_std,0.08525503426790237,1780443535.5996413
27357,Policy/mean_noise_std,0.08427122980356216,1780443692.7726974
27390,Policy/mean_noise_std,0.0832734927535057,1780443849.2903264
27423,Policy/mean_noise_std,0.08343278616666794,1780444006.2210972
27456,Policy/mean_noise_std,0.08530312031507492,1780444163.7795482
27489,Policy/mean_noise_std,0.08778456598520279,1780444321.3620515
27522,Policy/mean_noise_std,0.09112788736820221,1780444479.4620657
27555,Policy/mean_noise_std,0.09355084598064423,1780444636.5154755
27588,Policy/mean_noise_std,0.09966908395290375,1780444793.530464
27621,Policy/mean_noise_std,0.09926728159189224,1780444950.2526686
27654,Policy/mean_noise_std,0.10115435719490051,1780445107.6272888
27687,Policy/mean_noise_std,0.09776970744132996,1780445269.7662363
27720,Policy/mean_noise_std,0.09411615878343582,1780445428.679254
27753,Policy/mean_noise_std,0.09191647917032242,1780445585.7793822
27786,Policy/mean_noise_std,0.09178148955106735,1780445743.1991246
27819,Policy/mean_noise_std,0.08983860909938812,1780445900.081999
27852,Policy/mean_noise_std,0.09116735309362411,1780446059.2312033
27885,Policy/mean_noise_std,0.0893399640917778,1780446220.7658238
27918,Policy/mean_noise_std,0.08693501353263855,1780446383.275176
27951,Policy/mean_noise_std,0.08774106204509735,1780446543.9773133
27984,Policy/mean_noise_std,0.08920381963253021,1780446705.6298127
28017,Policy/mean_noise_std,0.09104350209236145,1780446866.390256
28050,Policy/mean_noise_std,0.09360809624195099,1780447027.8836408
28083,Policy/mean_noise_std,0.09750261157751083,1780447190.7020311
28116,Policy/mean_noise_std,0.09725020080804825,1780447351.967788
28149,Policy/mean_noise_std,0.09586527198553085,1780447517.8985379
28182,Policy/mean_noise_std,0.09556666016578674,1780447711.4136271
28215,Policy/mean_noise_std,0.0922662541270256,1780447894.0884533
28248,Policy/mean_noise_std,0.09297728538513184,1780448053.7055814
28281,Policy/mean_noise_std,0.08954647928476334,1780448227.044686
28314,Policy/mean_noise_std,0.08745313435792923,1780448387.3775842
28347,Policy/mean_noise_std,0.086142398416996,1780448545.9378028
28380,Policy/mean_noise_std,0.08708887547254562,1780448704.898422
28413,Policy/mean_noise_std,0.09430903941392899,1780448863.8676677
28446,Policy/mean_noise_std,0.0935547798871994,1780449019.1338778
28479,Policy/mean_noise_std,0.09504153579473495,1780449178.8518896
28512,Policy/mean_noise_std,0.09324748814105988,1780449338.813152
28545,Policy/mean_noise_std,0.090684674680233,1780449498.2075887
28578,Policy/mean_noise_std,0.08719948679208755,1780449657.293091
28611,Policy/mean_noise_std,0.09116579592227936,1780449815.5584757
28644,Policy/mean_noise_std,0.08920429646968842,1780449974.213916
28677,Policy/mean_noise_std,0.08601106703281403,1780450133.8204863
28710,Policy/mean_noise_std,0.08549767732620239,1780450291.5769668
28743,Policy/mean_noise_std,0.08467556536197662,1780450450.1193314
28776,Policy/mean_noise_std,0.08408578485250473,1780450608.3284006
28809,Policy/mean_noise_std,0.08364368230104446,1780450765.992335
28842,Policy/mean_noise_std,0.08208294212818146,1780450923.055898
28875,Policy/mean_noise_std,0.08062401413917542,1780451078.0831687
28908,Policy/mean_noise_std,0.08123348653316498,1780451233.201146
28941,Policy/mean_noise_std,0.08203637599945068,1780451387.9960938
28974,Policy/mean_noise_std,0.08134855329990387,1780451543.3888414
29007,Policy/mean_noise_std,0.07948829978704453,1780451699.2602162
29040,Policy/mean_noise_std,0.0815306082367897,1780451855.7117405
29073,Policy/mean_noise_std,0.08005143702030182,1780452011.8776133
29106,Policy/mean_noise_std,0.08302593976259232,1780452169.3306248
29139,Policy/mean_noise_std,0.08093112707138062,1780452324.952896
29172,Policy/mean_noise_std,0.0802658200263977,1780452480.3775787
29205,Policy/mean_noise_std,0.0784178152680397,1780452636.626417
29238,Policy/mean_noise_std,0.07749692350625992,1780452792.3691392
29271,Policy/mean_noise_std,0.07570616155862808,1780452948.2904413
29304,Policy/mean_noise_std,0.07423146814107895,1780453103.4589913
29337,Policy/mean_noise_std,0.07559031993150711,1780453259.2107403
29370,Policy/mean_noise_std,0.07597306370735168,1780453414.5655115
29403,Policy/mean_noise_std,0.0754803717136383,1780453569.74148
29436,Policy/mean_noise_std,0.07751234620809555,1780453724.2786436
29469,Policy/mean_noise_std,0.0777261033654213,1780453879.031079
29502,Policy/mean_noise_std,0.07693291455507278,1780454034.2445867
29535,Policy/mean_noise_std,0.0775277242064476,1780454189.4060419
29568,Policy/mean_noise_std,0.07784727960824966,1780454345.0474334
29601,Policy/mean_noise_std,0.07751345634460449,1780454501.1826463
29634,Policy/mean_noise_std,0.07656905055046082,1780454656.9929688
29667,Policy/mean_noise_std,0.07571211457252502,1780454813.0366783
29700,Policy/mean_noise_std,0.07421232759952545,1780454968.0010943
29733,Policy/mean_noise_std,0.0729990303516388,1780455123.400029
29766,Policy/mean_noise_std,0.07433208078145981,1780455279.3471844
29799,Policy/mean_noise_std,0.0775909274816513,1780455435.668285
29832,Policy/mean_noise_std,0.07716666162014008,1780455591.4894786
29865,Policy/mean_noise_std,0.07841990143060684,1780455746.9148343
29898,Policy/mean_noise_std,0.08230554312467575,1780455901.988474
29931,Policy/mean_noise_std,0.0817137137055397,1780456057.8738406
29964,Policy/mean_noise_std,0.08238360285758972,1780456213.5787518
29997,Policy/mean_noise_std,0.08663659542798996,1780456370.6300192
30030,Policy/mean_noise_std,0.08659990131855011,1780456527.614378
30063,Policy/mean_noise_std,0.08662544935941696,1780456684.6042955
30096,Policy/mean_noise_std,0.08600016683340073,1780456841.8635254
30129,Policy/mean_noise_std,0.08584077656269073,1780456999.4957051
30162,Policy/mean_noise_std,0.08704842627048492,1780457156.493789
30195,Policy/mean_noise_std,0.08672069758176804,1780457313.1709938
30228,Policy/mean_noise_std,0.08737152069807053,1780457470.99044
30261,Policy/mean_noise_std,0.09120780974626541,1780457629.5206573
30294,Policy/mean_noise_std,0.09327947348356247,1780457786.7252538
30327,Policy/mean_noise_std,0.09528739005327225,1780457945.3496246
30360,Policy/mean_noise_std,0.09749230742454529,1780458102.905445
30393,Policy/mean_noise_std,0.09662280976772308,1780458259.937004
30426,Policy/mean_noise_std,0.09703827649354935,1780458417.779806
30459,Policy/mean_noise_std,0.10060705244541168,1780458575.2381365
30492,Policy/mean_noise_std,0.10198651999235153,1780458732.2704895
30525,Policy/mean_noise_std,0.10617807507514954,1780458890.319374
30558,Policy/mean_noise_std,0.11056963354349136,1780459048.554015
30591,Policy/mean_noise_std,0.11135151982307434,1780459206.254373
30624,Policy/mean_noise_std,0.11025390028953552,1780459363.4027655
30657,Policy/mean_noise_std,0.1103317067027092,1780459520.6786804
30690,Policy/mean_noise_std,0.1067161113023758,1780459678.146154
30723,Policy/mean_noise_std,0.10578317940235138,1780459834.5444613
30756,Policy/mean_noise_std,0.10431401431560516,1780459991.150065
30789,Policy/mean_noise_std,0.10014481097459793,1780460148.5611923
30822,Policy/mean_noise_std,0.10057301074266434,1780460306.8992205
30855,Policy/mean_noise_std,0.10124866664409637,1780460465.0011659
30888,Policy/mean_noise_std,0.09977371245622635,1780460622.758941
30921,Policy/mean_noise_std,0.09828276187181473,1780460780.763357
30954,Policy/mean_noise_std,0.09575828164815903,1780460938.790608
30987,Policy/mean_noise_std,0.09468358010053635,1780461097.234925
31020,Policy/mean_noise_std,0.09482283145189285,1780461255.422596
31053,Policy/mean_noise_std,0.09494918584823608,1780461414.1626792
31086,Policy/mean_noise_std,0.09317667782306671,1780461572.892967
31119,Policy/mean_noise_std,0.09398913383483887,1780461730.7752993
31152,Policy/mean_noise_std,0.0961378887295723,1780461888.949316
31185,Policy/mean_noise_std,0.10162204504013062,1780462045.70704
31218,Policy/mean_noise_std,0.10135634243488312,1780462200.6782248
31251,Policy/mean_noise_std,0.10430563986301422,1780462356.4001634
31284,Policy/mean_noise_std,0.1064535528421402,1780462513.4877007
31317,Policy/mean_noise_std,0.10831897705793381,1780462671.421071
31350,Policy/mean_noise_std,0.10606072843074799,1780462828.4251695
31383,Policy/mean_noise_std,0.1062537357211113,1780462984.7487652
31416,Policy/mean_noise_std,0.10148350894451141,1780463141.0033212
31449,Policy/mean_noise_std,0.09890421479940414,1780463297.1621654
31482,Policy/mean_noise_std,0.09755755960941315,1780463453.861919
31515,Policy/mean_noise_std,0.09334203600883484,1780463610.1448088
31548,Policy/mean_noise_std,0.09210791438817978,1780463765.6664042
31581,Policy/mean_noise_std,0.09777586162090302,1780463921.6315262
31614,Policy/mean_noise_std,0.09861011803150177,1780464077.870841
31647,Policy/mean_noise_std,0.09538524597883224,1780464234.7202325
31680,Policy/mean_noise_std,0.09354116767644882,1780464391.0846674
31713,Policy/mean_noise_std,0.08938219398260117,1780464547.0626054
31746,Policy/mean_noise_std,0.08743812888860703,1780464704.1731365
31779,Policy/mean_noise_std,0.0879611149430275,1780464860.6499548
31812,Policy/mean_noise_std,0.08779826015233994,1780465017.4590693
31845,Policy/mean_noise_std,0.08648268133401871,1780465173.3594775
31878,Policy/mean_noise_std,0.0848446786403656,1780465329.4067006
31911,Policy/mean_noise_std,0.08638135343790054,1780465485.0036297
31944,Policy/mean_noise_std,0.08417227864265442,1780465641.6972275
31977,Policy/mean_noise_std,0.08310540020465851,1780465799.1947522
32010,Policy/mean_noise_std,0.08680760115385056,1780465955.2001648
32043,Policy/mean_noise_std,0.08573698252439499,1780466111.4422507
32076,Policy/mean_noise_std,0.08722218871116638,1780466270.1081285
32109,Policy/mean_noise_std,0.08635380864143372,1780466428.7894905
32142,Policy/mean_noise_std,0.08726021647453308,1780466586.169489
32175,Policy/mean_noise_std,0.08669093251228333,1780466742.0152714
32208,Policy/mean_noise_std,0.08602192997932434,1780466886.9484146
32241,Policy/mean_noise_std,0.08967594802379608,1780467043.459809
32274,Policy/mean_noise_std,0.09213950484991074,1780467200.0454879
32307,Policy/mean_noise_std,0.09498607367277145,1780467356.7664316
32340,Policy/mean_noise_std,0.09621154516935349,1780467512.0364926
32373,Policy/mean_noise_std,0.09878873080015182,1780467668.7420912
32406,Policy/mean_noise_std,0.10152062773704529,1780467826.054324
32439,Policy/mean_noise_std,0.10160518437623978,1780467983.6256
32472,Policy/mean_noise_std,0.10326913744211197,1780468138.9415977
32505,Policy/mean_noise_std,0.10654400289058685,1780468295.773852
32538,Policy/mean_noise_std,0.10744495689868927,1780468452.9183106
32571,Policy/mean_noise_std,0.10813717544078827,1780468609.6564596
32604,Policy/mean_noise_std,0.10479942709207535,1780468765.9109917
32637,Policy/mean_noise_std,0.10507408529520035,1780468922.3433762
32670,Policy/mean_noise_std,0.10779580473899841,1780469077.6844027
32703,Policy/mean_noise_std,0.10797147452831268,1780469233.8250458
32736,Policy/mean_noise_std,0.10614337772130966,1780469390.359449
32769,Policy/mean_noise_std,0.10275597125291824,1780469547.3636682
32802,Policy/mean_noise_std,0.10171236842870712,1780469704.0109468
32808,Policy/mean_noise_std,0.1007707491517067,1780469732.8241587
0,Loss/learning_rate,9.999999747378752e-06,1780315977.9488387
33,Loss/learning_rate,0.0005766503745689988,1780316207.9535663
66,Loss/learning_rate,0.0002562890585977584,1780316411.0883565
99,Loss/learning_rate,0.00038443360244855285,1780316608.8444467
132,Loss/learning_rate,0.00017085937724914402,1780316800.6628807
165,Loss/learning_rate,9.999999747378752e-06,1780316969.1291018
198,Loss/learning_rate,1.4999999621068127e-05,1780317123.5667365
231,Loss/learning_rate,7.593750342493877e-05,1780317277.811463
264,Loss/learning_rate,0.00011390625149942935,1780317413.3595328
297,Loss/learning_rate,7.593750342493877e-05,1780317560.0127168
330,Loss/learning_rate,2.2500000341096893e-05,1780317719.5231555
363,Loss/learning_rate,5.062499985797331e-05,1780317880.0462525
396,Loss/learning_rate,5.062499985797331e-05,1780318019.1303725
429,Loss/learning_rate,3.3749998692655936e-05,1780318155.459168
462,Loss/learning_rate,5.062499985797331e-05,1780318312.7404528
495,Loss/learning_rate,3.3749998692655936e-05,1780318471.6297994
528,Loss/learning_rate,3.3749998692655936e-05,1780318629.4686682
561,Loss/learning_rate,1.4999999621068127e-05,1780318788.3312092
594,Loss/learning_rate,3.3749998692655936e-05,1780318933.3621426
627,Loss/learning_rate,3.3749998692655936e-05,1780319091.0409904
660,Loss/learning_rate,9.999999747378752e-06,1780319249.736385
693,Loss/learning_rate,1.4999999621068127e-05,1780319402.5883589
726,Loss/learning_rate,2.2500000341096893e-05,1780319557.7497737
759,Loss/learning_rate,9.999999747378752e-06,1780319716.0322301
792,Loss/learning_rate,3.3749998692655936e-05,1780319875.7096293
825,Loss/learning_rate,3.3749998692655936e-05,1780320036.694489
858,Loss/learning_rate,2.2500000341096893e-05,1780320196.0657492
891,Loss/learning_rate,3.3749998692655936e-05,1780320356.281207
924,Loss/learning_rate,2.2500000341096893e-05,1780320501.0163949
957,Loss/learning_rate,2.2500000341096893e-05,1780320647.4877048
990,Loss/learning_rate,1.4999999621068127e-05,1780320786.670735
1023,Loss/learning_rate,1.4999999621068127e-05,1780320932.1490357
1056,Loss/learning_rate,9.999999747378752e-06,1780321093.1705303
1089,Loss/learning_rate,2.2500000341096893e-05,1780321254.446106
1122,Loss/learning_rate,1.4999999621068127e-05,1780321407.0967069
1155,Loss/learning_rate,2.2500000341096893e-05,1780321567.7156456
1188,Loss/learning_rate,2.2500000341096893e-05,1780321722.3024738
1221,Loss/learning_rate,1.4999999621068127e-05,1780321859.780398
1254,Loss/learning_rate,1.4999999621068127e-05,1780322008.5075128
1287,Loss/learning_rate,1.4999999621068127e-05,1780322168.820526
1320,Loss/learning_rate,1.4999999621068127e-05,1780322329.2707548
1353,Loss/learning_rate,2.2500000341096893e-05,1780322490.0543592
1386,Loss/learning_rate,2.2500000341096893e-05,1780322647.6153138
1419,Loss/learning_rate,2.2500000341096893e-05,1780322799.8715591
1452,Loss/learning_rate,1.4999999621068127e-05,1780322952.664798
1485,Loss/learning_rate,9.999999747378752e-06,1780323082.672387
1518,Loss/learning_rate,1.4999999621068127e-05,1780323216.47779
1551,Loss/learning_rate,1.4999999621068127e-05,1780323372.9561965
1584,Loss/learning_rate,2.2500000341096893e-05,1780323521.8586211
1617,Loss/learning_rate,1.4999999621068127e-05,1780323677.7559767
1650,Loss/learning_rate,2.2500000341096893e-05,1780323835.8907666
1683,Loss/learning_rate,2.2500000341096893e-05,1780323994.279217
1716,Loss/learning_rate,2.2500000341096893e-05,1780324152.1093323
1749,Loss/learning_rate,2.2500000341096893e-05,1780324310.34214
1782,Loss/learning_rate,3.3749998692655936e-05,1780324468.7071242
1815,Loss/learning_rate,1.4999999621068127e-05,1780324626.253619
1848,Loss/learning_rate,9.999999747378752e-06,1780324779.666744
1881,Loss/learning_rate,2.2500000341096893e-05,1780324936.9815135
1914,Loss/learning_rate,9.999999747378752e-06,1780325089.8680658
1947,Loss/learning_rate,9.999999747378752e-06,1780325246.5853188
1980,Loss/learning_rate,2.2500000341096893e-05,1780325402.0216432
2013,Loss/learning_rate,1.4999999621068127e-05,1780325559.1250792
2046,Loss/learning_rate,2.2500000341096893e-05,1780325715.4343889
2079,Loss/learning_rate,1.4999999621068127e-05,1780325869.6008418
2112,Loss/learning_rate,1.4999999621068127e-05,1780326024.5573611
2145,Loss/learning_rate,2.2500000341096893e-05,1780326178.9017746
2178,Loss/learning_rate,9.999999747378752e-06,1780326337.0051422
2211,Loss/learning_rate,2.2500000341096893e-05,1780326490.93071
2244,Loss/learning_rate,1.4999999621068127e-05,1780326646.643442
2277,Loss/learning_rate,9.999999747378752e-06,1780326803.6854837
2310,Loss/learning_rate,2.2500000341096893e-05,1780326959.1224184
2343,Loss/learning_rate,1.4999999621068127e-05,1780327114.5681648
2376,Loss/learning_rate,2.2500000341096893e-05,1780327269.2246935
2409,Loss/learning_rate,9.999999747378752e-06,1780327425.17991
2442,Loss/learning_rate,1.4999999621068127e-05,1780327582.3873136
2475,Loss/learning_rate,1.4999999621068127e-05,1780327739.3279665
2508,Loss/learning_rate,9.999999747378752e-06,1780327894.850321
2541,Loss/learning_rate,2.2500000341096893e-05,1780328051.8450449
2574,Loss/learning_rate,1.4999999621068127e-05,1780328208.061133
2607,Loss/learning_rate,2.2500000341096893e-05,1780328364.7102926
2640,Loss/learning_rate,1.4999999621068127e-05,1780328520.1795876
2673,Loss/learning_rate,9.999999747378752e-06,1780328674.712686
2706,Loss/learning_rate,1.4999999621068127e-05,1780328828.9047806
2739,Loss/learning_rate,2.2500000341096893e-05,1780328982.8510273
2772,Loss/learning_rate,1.4999999621068127e-05,1780329138.104623
2805,Loss/learning_rate,9.999999747378752e-06,1780329278.6432607
2838,Loss/learning_rate,1.4999999621068127e-05,1780329418.9898806
2871,Loss/learning_rate,2.2500000341096893e-05,1780329563.4538767
2904,Loss/learning_rate,9.999999747378752e-06,1780329701.8012722
2937,Loss/learning_rate,1.4999999621068127e-05,1780329854.0680125
2970,Loss/learning_rate,1.4999999621068127e-05,1780330002.9657896
3003,Loss/learning_rate,1.4999999621068127e-05,1780330148.026599
3036,Loss/learning_rate,1.4999999621068127e-05,1780330295.9346645
3069,Loss/learning_rate,2.2500000341096893e-05,1780330425.6475735
3102,Loss/learning_rate,1.4999999621068127e-05,1780330560.690374
3135,Loss/learning_rate,9.999999747378752e-06,1780330714.9392982
3168,Loss/learning_rate,2.2500000341096893e-05,1780330865.7042873
3201,Loss/learning_rate,1.4999999621068127e-05,1780330998.8283746
3234,Loss/learning_rate,2.2500000341096893e-05,1780331142.4838338
3267,Loss/learning_rate,2.2500000341096893e-05,1780331291.2276723
3300,Loss/learning_rate,1.4999999621068127e-05,1780331432.0244665
3333,Loss/learning_rate,2.2500000341096893e-05,1780331570.825356
3366,Loss/learning_rate,1.4999999621068127e-05,1780331721.7932224
3399,Loss/learning_rate,9.999999747378752e-06,1780331859.4888065
3432,Loss/learning_rate,3.3749998692655936e-05,1780331988.5882363
3465,Loss/learning_rate,2.2500000341096893e-05,1780332138.6071415
3498,Loss/learning_rate,2.2500000341096893e-05,1780332292.2295501
3531,Loss/learning_rate,1.4999999621068127e-05,1780332445.6531723
3564,Loss/learning_rate,9.999999747378752e-06,1780332598.86053
3597,Loss/learning_rate,9.999999747378752e-06,1780332750.757885
3630,Loss/learning_rate,1.4999999621068127e-05,1780332903.1520386
3663,Loss/learning_rate,1.4999999621068127e-05,1780333057.7608826
3696,Loss/learning_rate,1.4999999621068127e-05,1780333211.9578412
3729,Loss/learning_rate,2.2500000341096893e-05,1780333366.2679853
3762,Loss/learning_rate,1.4999999621068127e-05,1780333518.5992837
3795,Loss/learning_rate,2.2500000341096893e-05,1780333648.836275
3828,Loss/learning_rate,2.2500000341096893e-05,1780333786.9168034
3861,Loss/learning_rate,1.4999999621068127e-05,1780333933.907121
3894,Loss/learning_rate,1.4999999621068127e-05,1780334088.3493643
3927,Loss/learning_rate,2.2500000341096893e-05,1780334242.6157172
3960,Loss/learning_rate,9.999999747378752e-06,1780334397.31539
3993,Loss/learning_rate,9.999999747378752e-06,1780334554.6559062
4026,Loss/learning_rate,9.999999747378752e-06,1780334708.7746081
4059,Loss/learning_rate,1.4999999621068127e-05,1780334864.1591825
4092,Loss/learning_rate,1.4999999621068127e-05,1780335019.167688
4125,Loss/learning_rate,9.999999747378752e-06,1780335174.1401165
4158,Loss/learning_rate,1.4999999621068127e-05,1780335329.3715734
4191,Loss/learning_rate,1.4999999621068127e-05,1780335482.9559627
4224,Loss/learning_rate,1.4999999621068127e-05,1780335637.865752
4257,Loss/learning_rate,9.999999747378752e-06,1780335786.6721964
4290,Loss/learning_rate,9.999999747378752e-06,1780335936.234026
4323,Loss/learning_rate,2.2500000341096893e-05,1780336072.9449685
4356,Loss/learning_rate,9.999999747378752e-06,1780336228.1950116
4389,Loss/learning_rate,9.999999747378752e-06,1780336383.4715412
4422,Loss/learning_rate,9.999999747378752e-06,1780336536.632062
4455,Loss/learning_rate,1.4999999621068127e-05,1780336690.68225
4488,Loss/learning_rate,2.2500000341096893e-05,1780336844.9573896
4521,Loss/learning_rate,1.4999999621068127e-05,1780336998.987274
4554,Loss/learning_rate,1.4999999621068127e-05,1780337153.1970053
4587,Loss/learning_rate,2.2500000341096893e-05,1780337308.0347986
4620,Loss/learning_rate,1.4999999621068127e-05,1780337463.2937157
4653,Loss/learning_rate,9.999999747378752e-06,1780337619.9591944
4686,Loss/learning_rate,1.4999999621068127e-05,1780337777.0317452
4719,Loss/learning_rate,1.4999999621068127e-05,1780337934.852118
4752,Loss/learning_rate,2.2500000341096893e-05,1780338091.5541012
4785,Loss/learning_rate,1.4999999621068127e-05,1780338248.3187873
4818,Loss/learning_rate,1.4999999621068127e-05,1780338402.6983137
4851,Loss/learning_rate,1.4999999621068127e-05,1780338558.0942328
4884,Loss/learning_rate,2.2500000341096893e-05,1780338713.606938
4917,Loss/learning_rate,1.4999999621068127e-05,1780338868.7655618
4950,Loss/learning_rate,1.4999999621068127e-05,1780339019.2415476
4983,Loss/learning_rate,2.2500000341096893e-05,1780339174.7712395
5016,Loss/learning_rate,2.2500000341096893e-05,1780339331.1264024
5049,Loss/learning_rate,2.2500000341096893e-05,1780339488.1492174
5082,Loss/learning_rate,1.4999999621068127e-05,1780339645.7624087
5115,Loss/learning_rate,9.999999747378752e-06,1780339801.3442755
5148,Loss/learning_rate,1.4999999621068127e-05,1780339958.1857133
5181,Loss/learning_rate,1.4999999621068127e-05,1780340114.2076297
5214,Loss/learning_rate,2.2500000341096893e-05,1780340269.2648988
5247,Loss/learning_rate,1.4999999621068127e-05,1780340424.3193684
5280,Loss/learning_rate,2.2500000341096893e-05,1780340579.8497493
5313,Loss/learning_rate,9.999999747378752e-06,1780340736.2463171
5346,Loss/learning_rate,9.999999747378752e-06,1780340892.638224
5379,Loss/learning_rate,1.4999999621068127e-05,1780341049.0439959
5412,Loss/learning_rate,9.999999747378752e-06,1780341205.397124
5445,Loss/learning_rate,9.999999747378752e-06,1780341361.5694976
5478,Loss/learning_rate,1.4999999621068127e-05,1780341518.655693
5511,Loss/learning_rate,9.999999747378752e-06,1780341674.3762345
5544,Loss/learning_rate,1.4999999621068127e-05,1780341829.8756902
5577,Loss/learning_rate,2.2500000341096893e-05,1780341985.8217475
5610,Loss/learning_rate,9.999999747378752e-06,1780342142.3683264
5643,Loss/learning_rate,1.4999999621068127e-05,1780342297.9859521
5676,Loss/learning_rate,1.4999999621068127e-05,1780342453.2954683
5709,Loss/learning_rate,1.4999999621068127e-05,1780342610.666213
5742,Loss/learning_rate,1.4999999621068127e-05,1780342767.2114203
5775,Loss/learning_rate,2.2500000341096893e-05,1780342923.6449609
5808,Loss/learning_rate,2.2500000341096893e-05,1780343079.882453
5841,Loss/learning_rate,9.999999747378752e-06,1780343234.7558541
5874,Loss/learning_rate,2.2500000341096893e-05,1780343390.4129424
5907,Loss/learning_rate,9.999999747378752e-06,1780343545.041093
5940,Loss/learning_rate,1.4999999621068127e-05,1780343699.5829482
5973,Loss/learning_rate,2.2500000341096893e-05,1780343854.551814
6006,Loss/learning_rate,1.4999999621068127e-05,1780344008.9183095
6039,Loss/learning_rate,1.4999999621068127e-05,1780344162.699708
6072,Loss/learning_rate,1.4999999621068127e-05,1780344318.3905725
6105,Loss/learning_rate,9.999999747378752e-06,1780344472.8405466
6138,Loss/learning_rate,9.999999747378752e-06,1780344627.377249
6171,Loss/learning_rate,9.999999747378752e-06,1780344781.2964437
6204,Loss/learning_rate,1.4999999621068127e-05,1780344935.2297437
6237,Loss/learning_rate,2.2500000341096893e-05,1780345090.207087
6270,Loss/learning_rate,9.999999747378752e-06,1780345244.5541956
6303,Loss/learning_rate,9.999999747378752e-06,1780345399.445314
6336,Loss/learning_rate,2.2500000341096893e-05,1780345554.3157258
6369,Loss/learning_rate,1.4999999621068127e-05,1780345709.3661666
6402,Loss/learning_rate,1.4999999621068127e-05,1780345862.8515859
6435,Loss/learning_rate,2.2500000341096893e-05,1780346016.9398484
6468,Loss/learning_rate,9.999999747378752e-06,1780346170.7611675
6501,Loss/learning_rate,1.4999999621068127e-05,1780346324.588011
6534,Loss/learning_rate,9.999999747378752e-06,1780346477.6198878
6567,Loss/learning_rate,9.999999747378752e-06,1780346630.7658122
6600,Loss/learning_rate,9.999999747378752e-06,1780346784.4270437
6633,Loss/learning_rate,9.999999747378752e-06,1780346937.3477023
6666,Loss/learning_rate,9.999999747378752e-06,1780347090.564707
6699,Loss/learning_rate,1.4999999621068127e-05,1780347243.2606955
6732,Loss/learning_rate,9.999999747378752e-06,1780347395.9401581
6765,Loss/learning_rate,1.4999999621068127e-05,1780347549.6211667
6798,Loss/learning_rate,9.999999747378752e-06,1780347704.0345879
6831,Loss/learning_rate,9.999999747378752e-06,1780347857.1180394
6864,Loss/learning_rate,9.999999747378752e-06,1780348009.7045553
6897,Loss/learning_rate,9.999999747378752e-06,1780348162.1310568
6930,Loss/learning_rate,9.999999747378752e-06,1780348314.0502603
6963,Loss/learning_rate,9.999999747378752e-06,1780348466.9277565
6996,Loss/learning_rate,1.4999999621068127e-05,1780348619.4535074
7029,Loss/learning_rate,9.999999747378752e-06,1780348771.5050094
7062,Loss/learning_rate,9.999999747378752e-06,1780348923.9860156
7095,Loss/learning_rate,9.999999747378752e-06,1780349076.289439
7128,Loss/learning_rate,9.999999747378752e-06,1780349228.9366584
7161,Loss/learning_rate,9.999999747378752e-06,1780349381.1682806
7194,Loss/learning_rate,9.999999747378752e-06,1780349533.339123
7227,Loss/learning_rate,9.999999747378752e-06,1780349684.519028
7260,Loss/learning_rate,1.4999999621068127e-05,1780349835.8986974
7293,Loss/learning_rate,9.999999747378752e-06,1780349986.726542
7326,Loss/learning_rate,9.999999747378752e-06,1780350138.1315145
7359,Loss/learning_rate,9.999999747378752e-06,1780350288.8597293
7392,Loss/learning_rate,1.4999999621068127e-05,1780350439.7282767
7425,Loss/learning_rate,9.999999747378752e-06,1780350591.1043272
7458,Loss/learning_rate,1.4999999621068127e-05,1780350741.8183358
7491,Loss/learning_rate,9.999999747378752e-06,1780350893.5479062
7524,Loss/learning_rate,2.2500000341096893e-05,1780351045.0021281
7557,Loss/learning_rate,1.4999999621068127e-05,1780351196.3496954
7590,Loss/learning_rate,9.999999747378752e-06,1780351347.7505233
7623,Loss/learning_rate,1.4999999621068127e-05,1780351498.9093175
7656,Loss/learning_rate,2.2500000341096893e-05,1780351650.5150142
7689,Loss/learning_rate,1.4999999621068127e-05,1780351802.141257
7722,Loss/learning_rate,9.999999747378752e-06,1780351953.6981578
7755,Loss/learning_rate,9.999999747378752e-06,1780352105.1834574
7788,Loss/learning_rate,1.4999999621068127e-05,1780352257.0505962
7821,Loss/learning_rate,9.999999747378752e-06,1780352408.1115112
7854,Loss/learning_rate,1.4999999621068127e-05,1780352559.8000631
7887,Loss/learning_rate,9.999999747378752e-06,1780352711.0957718
7920,Loss/learning_rate,9.999999747378752e-06,1780352861.8522887
7953,Loss/learning_rate,1.4999999621068127e-05,1780353012.98011
7986,Loss/learning_rate,9.999999747378752e-06,1780353164.6545067
8019,Loss/learning_rate,9.999999747378752e-06,1780353314.9960482
8052,Loss/learning_rate,1.4999999621068127e-05,1780353466.0490727
8085,Loss/learning_rate,9.999999747378752e-06,1780353617.7555583
8118,Loss/learning_rate,9.999999747378752e-06,1780353769.088149
8151,Loss/learning_rate,1.4999999621068127e-05,1780353919.7374096
8184,Loss/learning_rate,9.999999747378752e-06,1780354072.2568867
8217,Loss/learning_rate,9.999999747378752e-06,1780354224.250619
8250,Loss/learning_rate,9.999999747378752e-06,1780354375.4300096
8283,Loss/learning_rate,9.999999747378752e-06,1780354527.5417206
8316,Loss/learning_rate,9.999999747378752e-06,1780354679.3163598
8349,Loss/learning_rate,9.999999747378752e-06,1780354813.4345267
8382,Loss/learning_rate,9.999999747378752e-06,1780354964.6736174
8415,Loss/learning_rate,9.999999747378752e-06,1780355116.3431802
8448,Loss/learning_rate,9.999999747378752e-06,1780355268.049632
8481,Loss/learning_rate,1.4999999621068127e-05,1780355419.95741
8514,Loss/learning_rate,9.999999747378752e-06,1780355571.8297806
8547,Loss/learning_rate,1.4999999621068127e-05,1780355723.7751944
8580,Loss/learning_rate,9.999999747378752e-06,1780355875.968538
8613,Loss/learning_rate,9.999999747378752e-06,1780356027.5900893
8646,Loss/learning_rate,1.4999999621068127e-05,1780356179.1166286
8679,Loss/learning_rate,9.999999747378752e-06,1780356330.448957
8712,Loss/learning_rate,9.999999747378752e-06,1780356481.6413252
8745,Loss/learning_rate,1.4999999621068127e-05,1780356633.9044554
8778,Loss/learning_rate,9.999999747378752e-06,1780356786.0365412
8811,Loss/learning_rate,9.999999747378752e-06,1780356938.2875087
8844,Loss/learning_rate,1.4999999621068127e-05,1780357090.7101161
8877,Loss/learning_rate,9.999999747378752e-06,1780357242.3440735
8910,Loss/learning_rate,9.999999747378752e-06,1780357396.038385
8943,Loss/learning_rate,2.2500000341096893e-05,1780357549.6469288
8976,Loss/learning_rate,9.999999747378752e-06,1780357702.7121587
9009,Loss/learning_rate,1.4999999621068127e-05,1780357855.8974636
9042,Loss/learning_rate,9.999999747378752e-06,1780358008.8511977
9075,Loss/learning_rate,9.999999747378752e-06,1780358161.8866527
9108,Loss/learning_rate,9.999999747378752e-06,1780358315.3653667
9141,Loss/learning_rate,1.4999999621068127e-05,1780358471.263176
9174,Loss/learning_rate,1.4999999621068127e-05,1780358625.4989982
9207,Loss/learning_rate,9.999999747378752e-06,1780358778.9214518
9240,Loss/learning_rate,2.2500000341096893e-05,1780358933.7992806
9273,Loss/learning_rate,1.4999999621068127e-05,1780359087.2178025
9306,Loss/learning_rate,9.999999747378752e-06,1780359240.0752058
9339,Loss/learning_rate,9.999999747378752e-06,1780359391.9712524
9372,Loss/learning_rate,9.999999747378752e-06,1780359543.167895
9405,Loss/learning_rate,9.999999747378752e-06,1780359696.0404227
9438,Loss/learning_rate,9.999999747378752e-06,1780359848.4755707
9471,Loss/learning_rate,9.999999747378752e-06,1780360000.2886465
9504,Loss/learning_rate,1.4999999621068127e-05,1780360151.4785485
9537,Loss/learning_rate,9.999999747378752e-06,1780360302.148313
9570,Loss/learning_rate,1.4999999621068127e-05,1780360454.147432
9603,Loss/learning_rate,1.4999999621068127e-05,1780360607.2931957
9636,Loss/learning_rate,1.4999999621068127e-05,1780360759.840421
9669,Loss/learning_rate,9.999999747378752e-06,1780360912.1470897
9702,Loss/learning_rate,1.4999999621068127e-05,1780361064.150059
9735,Loss/learning_rate,9.999999747378752e-06,1780361215.7343009
9768,Loss/learning_rate,9.999999747378752e-06,1780361366.8745503
9801,Loss/learning_rate,1.4999999621068127e-05,1780361518.3808103
9834,Loss/learning_rate,1.4999999621068127e-05,1780361670.9898393
9867,Loss/learning_rate,9.999999747378752e-06,1780361823.9167671
9900,Loss/learning_rate,9.999999747378752e-06,1780361977.0291827
9933,Loss/learning_rate,9.999999747378752e-06,1780362130.0261059
9966,Loss/learning_rate,9.999999747378752e-06,1780362281.6798356
9999,Loss/learning_rate,1.4999999621068127e-05,1780362434.3268049
10032,Loss/learning_rate,9.999999747378752e-06,1780362587.9117389
10065,Loss/learning_rate,1.4999999621068127e-05,1780362741.2443488
10098,Loss/learning_rate,9.999999747378752e-06,1780362894.0438843
10131,Loss/learning_rate,1.4999999621068127e-05,1780363045.6894927
10164,Loss/learning_rate,9.999999747378752e-06,1780363197.4510326
10197,Loss/learning_rate,9.999999747378752e-06,1780363348.7195897
10230,Loss/learning_rate,9.999999747378752e-06,1780363499.8145897
10263,Loss/learning_rate,1.4999999621068127e-05,1780363651.3224835
10296,Loss/learning_rate,9.999999747378752e-06,1780363803.1247814
10329,Loss/learning_rate,9.999999747378752e-06,1780363955.154263
10362,Loss/learning_rate,1.4999999621068127e-05,1780364107.236553
10395,Loss/learning_rate,9.999999747378752e-06,1780364259.6687746
10428,Loss/learning_rate,9.999999747378752e-06,1780364411.1507094
10461,Loss/learning_rate,1.4999999621068127e-05,1780364562.3738346
10494,Loss/learning_rate,9.999999747378752e-06,1780364713.3475869
10527,Loss/learning_rate,9.999999747378752e-06,1780364864.1573179
10560,Loss/learning_rate,9.999999747378752e-06,1780365015.0798213
10593,Loss/learning_rate,9.999999747378752e-06,1780365166.193201
10626,Loss/learning_rate,9.999999747378752e-06,1780365316.9105632
10659,Loss/learning_rate,1.4999999621068127e-05,1780365468.2796547
10692,Loss/learning_rate,9.999999747378752e-06,1780365619.2982635
10725,Loss/learning_rate,1.4999999621068127e-05,1780365770.5249698
10758,Loss/learning_rate,1.4999999621068127e-05,1780365921.32033
10791,Loss/learning_rate,9.999999747378752e-06,1780366071.662535
10824,Loss/learning_rate,1.4999999621068127e-05,1780366222.227246
10857,Loss/learning_rate,9.999999747378752e-06,1780366373.3082829
10890,Loss/learning_rate,9.999999747378752e-06,1780366524.2259996
10923,Loss/learning_rate,9.999999747378752e-06,1780366675.38044
10956,Loss/learning_rate,1.4999999621068127e-05,1780366826.3644788
10989,Loss/learning_rate,9.999999747378752e-06,1780366977.5811129
11022,Loss/learning_rate,9.999999747378752e-06,1780367129.4348109
11055,Loss/learning_rate,9.999999747378752e-06,1780367280.742743
11088,Loss/learning_rate,2.2500000341096893e-05,1780367432.5494602
11121,Loss/learning_rate,1.4999999621068127e-05,1780367583.7933507
11154,Loss/learning_rate,9.999999747378752e-06,1780367735.0400639
11187,Loss/learning_rate,9.999999747378752e-06,1780367886.0511916
11220,Loss/learning_rate,1.4999999621068127e-05,1780368037.3870876
11253,Loss/learning_rate,9.999999747378752e-06,1780368188.4715533
11286,Loss/learning_rate,9.999999747378752e-06,1780368339.520537
11319,Loss/learning_rate,9.999999747378752e-06,1780368491.1266923
11352,Loss/learning_rate,1.4999999621068127e-05,1780368642.9545615
11385,Loss/learning_rate,9.999999747378752e-06,1780368794.0222
11418,Loss/learning_rate,1.4999999621068127e-05,1780368944.8390517
11451,Loss/learning_rate,9.999999747378752e-06,1780369095.9155047
11484,Loss/learning_rate,9.999999747378752e-06,1780369247.097356
11517,Loss/learning_rate,9.999999747378752e-06,1780369397.843753
11550,Loss/learning_rate,9.999999747378752e-06,1780369548.8452158
11583,Loss/learning_rate,1.4999999621068127e-05,1780369699.2758434
11616,Loss/learning_rate,9.999999747378752e-06,1780369850.646696
11649,Loss/learning_rate,9.999999747378752e-06,1780370001.5922804
11682,Loss/learning_rate,9.999999747378752e-06,1780370152.451307
11715,Loss/learning_rate,1.4999999621068127e-05,1780370303.5900495
11748,Loss/learning_rate,1.4999999621068127e-05,1780370455.1691418
11781,Loss/learning_rate,9.999999747378752e-06,1780370606.7478626
11814,Loss/learning_rate,9.999999747378752e-06,1780370758.2344458
11847,Loss/learning_rate,9.999999747378752e-06,1780370909.1817162
11880,Loss/learning_rate,9.999999747378752e-06,1780371060.898363
11913,Loss/learning_rate,9.999999747378752e-06,1780371211.553256
11946,Loss/learning_rate,9.999999747378752e-06,1780371363.1222086
11979,Loss/learning_rate,2.2500000341096893e-05,1780371513.2382922
12012,Loss/learning_rate,9.999999747378752e-06,1780371663.7758477
12045,Loss/learning_rate,9.999999747378752e-06,1780371815.12019
12078,Loss/learning_rate,9.999999747378752e-06,1780371965.8889444
12111,Loss/learning_rate,9.999999747378752e-06,1780372111.380948
12144,Loss/learning_rate,1.4999999621068127e-05,1780372260.2382822
12177,Loss/learning_rate,9.999999747378752e-06,1780372412.1414394
12210,Loss/learning_rate,9.999999747378752e-06,1780372563.130028
12243,Loss/learning_rate,1.4999999621068127e-05,1780372714.4457421
12276,Loss/learning_rate,1.4999999621068127e-05,1780372865.8529456
12309,Loss/learning_rate,9.999999747378752e-06,1780373016.6107776
12342,Loss/learning_rate,1.4999999621068127e-05,1780373167.1826508
12375,Loss/learning_rate,1.4999999621068127e-05,1780373318.382588
12408,Loss/learning_rate,9.999999747378752e-06,1780373469.5453634
12441,Loss/learning_rate,9.999999747378752e-06,1780373621.759237
12474,Loss/learning_rate,9.999999747378752e-06,1780373773.112798
12507,Loss/learning_rate,9.999999747378752e-06,1780373924.3728702
12540,Loss/learning_rate,1.4999999621068127e-05,1780374075.3486755
12573,Loss/learning_rate,1.4999999621068127e-05,1780374226.335524
12606,Loss/learning_rate,9.999999747378752e-06,1780374377.878593
12639,Loss/learning_rate,9.999999747378752e-06,1780374528.7023516
12672,Loss/learning_rate,9.999999747378752e-06,1780374679.4906552
12705,Loss/learning_rate,1.4999999621068127e-05,1780374830.6920123
12738,Loss/learning_rate,9.999999747378752e-06,1780374981.5266943
12771,Loss/learning_rate,9.999999747378752e-06,1780375132.117127
12804,Loss/learning_rate,9.999999747378752e-06,1780375283.4310548
12837,Loss/learning_rate,1.4999999621068127e-05,1780375433.5449574
12870,Loss/learning_rate,9.999999747378752e-06,1780375584.5563204
12903,Loss/learning_rate,9.999999747378752e-06,1780375735.6792934
12936,Loss/learning_rate,9.999999747378752e-06,1780375886.5678265
12969,Loss/learning_rate,9.999999747378752e-06,1780376037.9300106
13002,Loss/learning_rate,9.999999747378752e-06,1780376189.9750814
13035,Loss/learning_rate,9.999999747378752e-06,1780376341.884467
13068,Loss/learning_rate,9.999999747378752e-06,1780376493.2410731
13101,Loss/learning_rate,9.999999747378752e-06,1780376645.3022885
13134,Loss/learning_rate,1.4999999621068127e-05,1780376797.9731276
13167,Loss/learning_rate,9.999999747378752e-06,1780376951.2747872
13200,Loss/learning_rate,1.4999999621068127e-05,1780377107.907899
13233,Loss/learning_rate,9.999999747378752e-06,1780377264.7236352
13266,Loss/learning_rate,9.999999747378752e-06,1780377418.6802726
13299,Loss/learning_rate,9.999999747378752e-06,1780377571.6129835
13332,Loss/learning_rate,9.999999747378752e-06,1780377725.088928
13365,Loss/learning_rate,9.999999747378752e-06,1780377878.4482505
13398,Loss/learning_rate,9.999999747378752e-06,1780378035.4286723
13431,Loss/learning_rate,9.999999747378752e-06,1780378190.4933596
13464,Loss/learning_rate,2.2500000341096893e-05,1780378343.9348915
13497,Loss/learning_rate,1.4999999621068127e-05,1780378498.2392752
13530,Loss/learning_rate,9.999999747378752e-06,1780378652.3645134
13563,Loss/learning_rate,1.4999999621068127e-05,1780378807.8963332
13596,Loss/learning_rate,9.999999747378752e-06,1780378965.3140354
13629,Loss/learning_rate,9.999999747378752e-06,1780379120.6949592
13662,Loss/learning_rate,1.4999999621068127e-05,1780379275.516451
13695,Loss/learning_rate,9.999999747378752e-06,1780379430.0503643
13728,Loss/learning_rate,9.999999747378752e-06,1780379584.546165
13761,Loss/learning_rate,9.999999747378752e-06,1780379738.6672983
13794,Loss/learning_rate,1.4999999621068127e-05,1780379892.4420547
13827,Loss/learning_rate,9.999999747378752e-06,1780380046.3382454
13860,Loss/learning_rate,1.4999999621068127e-05,1780380200.6297421
13893,Loss/learning_rate,9.999999747378752e-06,1780380356.8928697
13926,Loss/learning_rate,1.4999999621068127e-05,1780380511.351263
13959,Loss/learning_rate,1.4999999621068127e-05,1780380665.1058135
13992,Loss/learning_rate,1.4999999621068127e-05,1780380820.309075
14025,Loss/learning_rate,9.999999747378752e-06,1780380975.3827245
14058,Loss/learning_rate,9.999999747378752e-06,1780381130.1391194
14091,Loss/learning_rate,9.999999747378752e-06,1780381284.2826111
14124,Loss/learning_rate,1.4999999621068127e-05,1780381438.8094914
14157,Loss/learning_rate,9.999999747378752e-06,1780381593.060464
14190,Loss/learning_rate,9.999999747378752e-06,1780381747.7105322
14223,Loss/learning_rate,9.999999747378752e-06,1780381901.5282645
14256,Loss/learning_rate,9.999999747378752e-06,1780382055.8618894
14289,Loss/learning_rate,9.999999747378752e-06,1780382211.423837
14322,Loss/learning_rate,9.999999747378752e-06,1780382369.0167844
14355,Loss/learning_rate,9.999999747378752e-06,1780382534.871692
14388,Loss/learning_rate,9.999999747378752e-06,1780382692.2370043
14421,Loss/learning_rate,9.999999747378752e-06,1780382849.4572036
14454,Loss/learning_rate,1.4999999621068127e-05,1780383006.8169198
14487,Loss/learning_rate,9.999999747378752e-06,1780383157.4272757
14520,Loss/learning_rate,1.4999999621068127e-05,1780383315.439801
14553,Loss/learning_rate,1.4999999621068127e-05,1780383472.24295
14586,Loss/learning_rate,9.999999747378752e-06,1780383630.3893056
14619,Loss/learning_rate,9.999999747378752e-06,1780383779.5101159
14652,Loss/learning_rate,9.999999747378752e-06,1780383937.5130053
14685,Loss/learning_rate,9.999999747378752e-06,1780384091.877815
14718,Loss/learning_rate,1.4999999621068127e-05,1780384239.17472
14751,Loss/learning_rate,1.4999999621068127e-05,1780384390.283477
14784,Loss/learning_rate,9.999999747378752e-06,1780384543.9660234
14817,Loss/learning_rate,1.4999999621068127e-05,1780384698.4777482
14850,Loss/learning_rate,9.999999747378752e-06,1780384854.9879768
14883,Loss/learning_rate,1.4999999621068127e-05,1780385006.6693072
14916,Loss/learning_rate,9.999999747378752e-06,1780385164.043423
14949,Loss/learning_rate,9.999999747378752e-06,1780385321.3180606
14982,Loss/learning_rate,2.2500000341096893e-05,1780385478.1000998
15015,Loss/learning_rate,1.4999999621068127e-05,1780385636.185765
15048,Loss/learning_rate,9.999999747378752e-06,1780385793.01241
15081,Loss/learning_rate,1.4999999621068127e-05,1780385947.2364736
15114,Loss/learning_rate,9.999999747378752e-06,1780386101.15948
15147,Loss/learning_rate,9.999999747378752e-06,1780386254.1691444
15180,Loss/learning_rate,1.4999999621068127e-05,1780386410.1518764
15213,Loss/learning_rate,1.4999999621068127e-05,1780386564.5699303
15246,Loss/learning_rate,9.999999747378752e-06,1780386713.7529972
15279,Loss/learning_rate,9.999999747378752e-06,1780386867.504568
15312,Loss/learning_rate,1.4999999621068127e-05,1780387024.8558736
15345,Loss/learning_rate,1.4999999621068127e-05,1780387174.3074634
15378,Loss/learning_rate,9.999999747378752e-06,1780387328.3541653
15411,Loss/learning_rate,9.999999747378752e-06,1780387481.189419
15444,Loss/learning_rate,1.4999999621068127e-05,1780387634.86637
15477,Loss/learning_rate,9.999999747378752e-06,1780387787.6884649
15510,Loss/learning_rate,9.999999747378752e-06,1780387941.7262375
15543,Loss/learning_rate,1.4999999621068127e-05,1780388096.0334325
15576,Loss/learning_rate,1.4999999621068127e-05,1780388247.0032525
15609,Loss/learning_rate,9.999999747378752e-06,1780388401.648686
15642,Loss/learning_rate,2.2500000341096893e-05,1780388556.090151
15675,Loss/learning_rate,1.4999999621068127e-05,1780388710.342945
15708,Loss/learning_rate,2.2500000341096893e-05,1780388863.929726
15741,Loss/learning_rate,9.999999747378752e-06,1780389018.954329
15774,Loss/learning_rate,9.999999747378752e-06,1780389174.0999722
15807,Loss/learning_rate,9.999999747378752e-06,1780389329.1534398
15840,Loss/learning_rate,1.4999999621068127e-05,1780389481.8927968
15873,Loss/learning_rate,1.4999999621068127e-05,1780389637.085764
15906,Loss/learning_rate,1.4999999621068127e-05,1780389792.7698898
15939,Loss/learning_rate,9.999999747378752e-06,1780389948.4721644
15972,Loss/learning_rate,1.4999999621068127e-05,1780390104.147052
16005,Loss/learning_rate,9.999999747378752e-06,1780390257.1863508
16038,Loss/learning_rate,9.999999747378752e-06,1780390409.5975296
16071,Loss/learning_rate,1.4999999621068127e-05,1780390563.5495985
16104,Loss/learning_rate,1.4999999621068127e-05,1780390717.6374993
16137,Loss/learning_rate,9.999999747378752e-06,1780390872.3371499
16170,Loss/learning_rate,9.999999747378752e-06,1780391020.8364882
16203,Loss/learning_rate,9.999999747378752e-06,1780391174.8806813
16236,Loss/learning_rate,9.999999747378752e-06,1780391328.8116589
16269,Loss/learning_rate,9.999999747378752e-06,1780391482.6499197
16302,Loss/learning_rate,1.4999999621068127e-05,1780391635.856511
16335,Loss/learning_rate,1.4999999621068127e-05,1780391789.5156496
16368,Loss/learning_rate,9.999999747378752e-06,1780391943.6252475
16401,Loss/learning_rate,1.4999999621068127e-05,1780392097.6599915
16434,Loss/learning_rate,9.999999747378752e-06,1780392251.444551
16467,Loss/learning_rate,1.4999999621068127e-05,1780392405.0624828
16500,Loss/learning_rate,1.4999999621068127e-05,1780392559.0061243
16533,Loss/learning_rate,1.4999999621068127e-05,1780392712.1398647
16566,Loss/learning_rate,9.999999747378752e-06,1780392865.7310498
16599,Loss/learning_rate,9.999999747378752e-06,1780393019.5380752
16632,Loss/learning_rate,9.999999747378752e-06,1780393173.3875723
16665,Loss/learning_rate,9.999999747378752e-06,1780393328.0443938
16698,Loss/learning_rate,1.4999999621068127e-05,1780393482.8607886
16731,Loss/learning_rate,1.4999999621068127e-05,1780393637.2408712
16764,Loss/learning_rate,9.999999747378752e-06,1780393791.1366699
16797,Loss/learning_rate,9.999999747378752e-06,1780393946.096321
16830,Loss/learning_rate,9.999999747378752e-06,1780394100.697993
16863,Loss/learning_rate,9.999999747378752e-06,1780394255.6029987
16896,Loss/learning_rate,9.999999747378752e-06,1780394410.6097107
16929,Loss/learning_rate,1.4999999621068127e-05,1780394565.440202
16962,Loss/learning_rate,9.999999747378752e-06,1780394719.2498753
16995,Loss/learning_rate,1.4999999621068127e-05,1780394874.1955264
17028,Loss/learning_rate,9.999999747378752e-06,1780395030.2185261
17061,Loss/learning_rate,1.4999999621068127e-05,1780395185.241562
17094,Loss/learning_rate,1.4999999621068127e-05,1780395340.3253722
17127,Loss/learning_rate,1.4999999621068127e-05,1780395495.1516533
17160,Loss/learning_rate,9.999999747378752e-06,1780395650.9611056
17193,Loss/learning_rate,9.999999747378752e-06,1780395808.5432112
17226,Loss/learning_rate,9.999999747378752e-06,1780395965.9318976
17259,Loss/learning_rate,9.999999747378752e-06,1780396122.4158523
17292,Loss/learning_rate,1.4999999621068127e-05,1780396278.7500384
17325,Loss/learning_rate,1.4999999621068127e-05,1780396435.8350613
17358,Loss/learning_rate,1.4999999621068127e-05,1780396591.9821496
17391,Loss/learning_rate,1.4999999621068127e-05,1780396749.0679784
17424,Loss/learning_rate,1.4999999621068127e-05,1780396909.527711
17457,Loss/learning_rate,1.4999999621068127e-05,1780397064.8237808
17490,Loss/learning_rate,1.4999999621068127e-05,1780397220.566667
17523,Loss/learning_rate,2.2500000341096893e-05,1780397375.6548002
17556,Loss/learning_rate,1.4999999621068127e-05,1780397530.5505102
17589,Loss/learning_rate,9.999999747378752e-06,1780397684.621127
17622,Loss/learning_rate,9.999999747378752e-06,1780397840.140381
17655,Loss/learning_rate,9.999999747378752e-06,1780397994.9278488
17688,Loss/learning_rate,9.999999747378752e-06,1780398150.3384979
17721,Loss/learning_rate,9.999999747378752e-06,1780398305.902672
17754,Loss/learning_rate,9.999999747378752e-06,1780398461.214806
17787,Loss/learning_rate,9.999999747378752e-06,1780398617.7273276
17820,Loss/learning_rate,1.4999999621068127e-05,1780398773.5708847
17853,Loss/learning_rate,1.4999999621068127e-05,1780398927.500438
17886,Loss/learning_rate,1.4999999621068127e-05,1780399082.8715365
17919,Loss/learning_rate,1.4999999621068127e-05,1780399237.8028889
17952,Loss/learning_rate,9.999999747378752e-06,1780399394.0699635
17985,Loss/learning_rate,1.4999999621068127e-05,1780399550.822274
18018,Loss/learning_rate,9.999999747378752e-06,1780399707.1706114
18051,Loss/learning_rate,9.999999747378752e-06,1780399862.7102625
18084,Loss/learning_rate,9.999999747378752e-06,1780400020.073727
18117,Loss/learning_rate,1.4999999621068127e-05,1780400175.871447
18150,Loss/learning_rate,9.999999747378752e-06,1780400331.3584144
18183,Loss/learning_rate,1.4999999621068127e-05,1780400488.0579572
18216,Loss/learning_rate,1.4999999621068127e-05,1780400643.850813
18249,Loss/learning_rate,9.999999747378752e-06,1780400800.357116
18282,Loss/learning_rate,9.999999747378752e-06,1780400955.8875177
18315,Loss/learning_rate,1.4999999621068127e-05,1780401111.177668
18348,Loss/learning_rate,2.2500000341096893e-05,1780401267.0846522
18381,Loss/learning_rate,1.4999999621068127e-05,1780401422.0497496
18414,Loss/learning_rate,1.4999999621068127e-05,1780401575.7047822
18447,Loss/learning_rate,1.4999999621068127e-05,1780401730.749763
18480,Loss/learning_rate,9.999999747378752e-06,1780401885.1238601
18513,Loss/learning_rate,9.999999747378752e-06,1780402039.585183
18546,Loss/learning_rate,1.4999999621068127e-05,1780402194.8699162
18579,Loss/learning_rate,9.999999747378752e-06,1780402346.807198
18612,Loss/learning_rate,9.999999747378752e-06,1780402478.7584064
18645,Loss/learning_rate,9.999999747378752e-06,1780402632.8068864
18678,Loss/learning_rate,9.999999747378752e-06,1780402788.9536536
18711,Loss/learning_rate,1.4999999621068127e-05,1780402943.276778
18744,Loss/learning_rate,1.4999999621068127e-05,1780403098.1230826
18777,Loss/learning_rate,9.999999747378752e-06,1780403253.3427665
18810,Loss/learning_rate,1.4999999621068127e-05,1780403406.372208
18843,Loss/learning_rate,9.999999747378752e-06,1780403559.7171094
18876,Loss/learning_rate,9.999999747378752e-06,1780403709.3853614
18909,Loss/learning_rate,1.4999999621068127e-05,1780403864.2041495
18942,Loss/learning_rate,9.999999747378752e-06,1780404013.0735831
18975,Loss/learning_rate,9.999999747378752e-06,1780404161.7311518
19008,Loss/learning_rate,9.999999747378752e-06,1780404315.8378227
19041,Loss/learning_rate,1.4999999621068127e-05,1780404470.544048
19074,Loss/learning_rate,9.999999747378752e-06,1780404625.0245428
19107,Loss/learning_rate,9.999999747378752e-06,1780404778.8326564
19140,Loss/learning_rate,2.2500000341096893e-05,1780404932.5904906
19173,Loss/learning_rate,9.999999747378752e-06,1780405085.5661879
19206,Loss/learning_rate,9.999999747378752e-06,1780405239.5678024
19239,Loss/learning_rate,9.999999747378752e-06,1780405393.459188
19272,Loss/learning_rate,9.999999747378752e-06,1780405547.6635537
19305,Loss/learning_rate,9.999999747378752e-06,1780405701.1118786
19338,Loss/learning_rate,1.4999999621068127e-05,1780405854.9269693
19371,Loss/learning_rate,9.999999747378752e-06,1780406009.4482994
19404,Loss/learning_rate,1.4999999621068127e-05,1780406163.8355205
19437,Loss/learning_rate,1.4999999621068127e-05,1780406317.480136
19470,Loss/learning_rate,2.2500000341096893e-05,1780406470.9608972
19503,Loss/learning_rate,1.4999999621068127e-05,1780406624.1683838
19536,Loss/learning_rate,9.999999747378752e-06,1780406778.1463013
19569,Loss/learning_rate,1.4999999621068127e-05,1780406931.8603735
19602,Loss/learning_rate,9.999999747378752e-06,1780407084.6914644
19635,Loss/learning_rate,9.999999747378752e-06,1780407239.1732142
19668,Loss/learning_rate,1.4999999621068127e-05,1780407392.9269693
19701,Loss/learning_rate,1.4999999621068127e-05,1780407546.4545584
19734,Loss/learning_rate,1.4999999621068127e-05,1780407699.8111007
19767,Loss/learning_rate,9.999999747378752e-06,1780407853.287417
19800,Loss/learning_rate,9.999999747378752e-06,1780408006.6721067
19833,Loss/learning_rate,9.999999747378752e-06,1780408159.884692
19866,Loss/learning_rate,9.999999747378752e-06,1780408313.8355198
19899,Loss/learning_rate,9.999999747378752e-06,1780408468.5271878
19932,Loss/learning_rate,2.2500000341096893e-05,1780408622.557054
19965,Loss/learning_rate,1.4999999621068127e-05,1780408775.5791776
19998,Loss/learning_rate,1.4999999621068127e-05,1780408928.5135632
20031,Loss/learning_rate,9.999999747378752e-06,1780409082.2302437
20064,Loss/learning_rate,9.999999747378752e-06,1780409236.0737967
20097,Loss/learning_rate,1.4999999621068127e-05,1780409390.5928884
20130,Loss/learning_rate,9.999999747378752e-06,1780409544.3127818
20163,Loss/learning_rate,9.999999747378752e-06,1780409698.77384
20196,Loss/learning_rate,9.999999747378752e-06,1780409852.7329392
20229,Loss/learning_rate,2.2500000341096893e-05,1780410006.3329978
20262,Loss/learning_rate,1.4999999621068127e-05,1780410160.8851984
20295,Loss/learning_rate,2.2500000341096893e-05,1780410314.2238336
20328,Loss/learning_rate,1.4999999621068127e-05,1780410467.8243651
20361,Loss/learning_rate,9.999999747378752e-06,1780410621.0602608
20394,Loss/learning_rate,9.999999747378752e-06,1780410774.015168
20427,Loss/learning_rate,9.999999747378752e-06,1780410926.9644966
20460,Loss/learning_rate,9.999999747378752e-06,1780411080.054477
20493,Loss/learning_rate,1.4999999621068127e-05,1780411232.633947
20526,Loss/learning_rate,2.2500000341096893e-05,1780411387.5851748
20559,Loss/learning_rate,1.4999999621068127e-05,1780411541.527081
20592,Loss/learning_rate,1.4999999621068127e-05,1780411694.6149511
20625,Loss/learning_rate,1.4999999621068127e-05,1780411848.7114882
20658,Loss/learning_rate,9.999999747378752e-06,1780412002.909865
20691,Loss/learning_rate,1.4999999621068127e-05,1780412157.2478042
20724,Loss/learning_rate,1.4999999621068127e-05,1780412312.3758838
20757,Loss/learning_rate,9.999999747378752e-06,1780412466.0869029
20790,Loss/learning_rate,9.999999747378752e-06,1780412621.3077269
20823,Loss/learning_rate,9.999999747378752e-06,1780412777.4872324
20856,Loss/learning_rate,1.4999999621068127e-05,1780412933.5145373
20889,Loss/learning_rate,1.4999999621068127e-05,1780413087.923668
20922,Loss/learning_rate,2.2500000341096893e-05,1780413242.5262058
20955,Loss/learning_rate,1.4999999621068127e-05,1780413397.416702
20988,Loss/learning_rate,9.999999747378752e-06,1780413553.1397722
21021,Loss/learning_rate,1.4999999621068127e-05,1780413709.138293
21054,Loss/learning_rate,9.999999747378752e-06,1780413864.2482169
21087,Loss/learning_rate,1.4999999621068127e-05,1780414018.8529968
21120,Loss/learning_rate,9.999999747378752e-06,1780414164.4376733
21153,Loss/learning_rate,9.999999747378752e-06,1780414312.4159672
21186,Loss/learning_rate,9.999999747378752e-06,1780414467.8297365
21219,Loss/learning_rate,2.2500000341096893e-05,1780414623.4520195
21252,Loss/learning_rate,1.4999999621068127e-05,1780414778.11554
21285,Loss/learning_rate,1.4999999621068127e-05,1780414933.9095533
21318,Loss/learning_rate,2.2500000341096893e-05,1780415089.965557
21351,Loss/learning_rate,1.4999999621068127e-05,1780415245.8617184
21384,Loss/learning_rate,9.999999747378752e-06,1780415401.3155284
21417,Loss/learning_rate,9.999999747378752e-06,1780415557.0419023
21450,Loss/learning_rate,9.999999747378752e-06,1780415713.736958
21483,Loss/learning_rate,9.999999747378752e-06,1780415869.9698446
21516,Loss/learning_rate,9.999999747378752e-06,1780416025.178737
21549,Loss/learning_rate,1.4999999621068127e-05,1780416181.0113475
21582,Loss/learning_rate,9.999999747378752e-06,1780416337.1666408
21615,Loss/learning_rate,2.2500000341096893e-05,1780416493.7723613
21648,Loss/learning_rate,1.4999999621068127e-05,1780416649.3052797
21681,Loss/learning_rate,1.4999999621068127e-05,1780416805.0278614
21714,Loss/learning_rate,9.999999747378752e-06,1780416961.3739424
21747,Loss/learning_rate,9.999999747378752e-06,1780417116.238321
21780,Loss/learning_rate,9.999999747378752e-06,1780417272.2962682
21813,Loss/learning_rate,9.999999747378752e-06,1780417428.7830052
21846,Loss/learning_rate,1.4999999621068127e-05,1780417585.5279274
21879,Loss/learning_rate,9.999999747378752e-06,1780417741.8811939
21912,Loss/learning_rate,2.2500000341096893e-05,1780417898.3142498
21945,Loss/learning_rate,9.999999747378752e-06,1780418054.6828074
21978,Loss/learning_rate,9.999999747378752e-06,1780418210.6736846
22011,Loss/learning_rate,2.2500000341096893e-05,1780418362.7907522
22044,Loss/learning_rate,9.999999747378752e-06,1780418516.632137
22077,Loss/learning_rate,9.999999747378752e-06,1780418673.585072
22110,Loss/learning_rate,9.999999747378752e-06,1780418830.8213549
22143,Loss/learning_rate,9.999999747378752e-06,1780418988.7896183
22176,Loss/learning_rate,9.999999747378752e-06,1780419145.2359812
22209,Loss/learning_rate,1.4999999621068127e-05,1780419301.750732
22242,Loss/learning_rate,9.999999747378752e-06,1780419457.6718316
22275,Loss/learning_rate,1.4999999621068127e-05,1780419614.0280201
22308,Loss/learning_rate,9.999999747378752e-06,1780419769.5690925
22341,Loss/learning_rate,9.999999747378752e-06,1780419925.2216485
22374,Loss/learning_rate,1.4999999621068127e-05,1780420081.1661348
22407,Loss/learning_rate,9.999999747378752e-06,1780420237.0415456
22440,Loss/learning_rate,9.999999747378752e-06,1780420393.0547655
22473,Loss/learning_rate,1.4999999621068127e-05,1780420548.6219833
22506,Loss/learning_rate,1.4999999621068127e-05,1780420703.954359
22539,Loss/learning_rate,1.4999999621068127e-05,1780420856.0431528
22572,Loss/learning_rate,1.4999999621068127e-05,1780421011.8841162
22605,Loss/learning_rate,9.999999747378752e-06,1780421168.0052223
22638,Loss/learning_rate,1.4999999621068127e-05,1780421310.2121532
22671,Loss/learning_rate,1.4999999621068127e-05,1780421466.2975488
22704,Loss/learning_rate,2.2500000341096893e-05,1780421622.1996007
22737,Loss/learning_rate,9.999999747378752e-06,1780421778.5742087
22770,Loss/learning_rate,2.2500000341096893e-05,1780421927.4601762
22803,Loss/learning_rate,1.4999999621068127e-05,1780422083.4544551
22836,Loss/learning_rate,2.2500000341096893e-05,1780422238.2933214
22869,Loss/learning_rate,1.4999999621068127e-05,1780422393.770311
22902,Loss/learning_rate,1.4999999621068127e-05,1780422549.4106746
22935,Loss/learning_rate,9.999999747378752e-06,1780422704.8709676
22968,Loss/learning_rate,1.4999999621068127e-05,1780422859.5182307
23001,Loss/learning_rate,9.999999747378752e-06,1780423014.7364025
23034,Loss/learning_rate,9.999999747378752e-06,1780423170.7023475
23067,Loss/learning_rate,1.4999999621068127e-05,1780423326.8277822
23100,Loss/learning_rate,9.999999747378752e-06,1780423483.0913963
23133,Loss/learning_rate,2.2500000341096893e-05,1780423639.024889
23166,Loss/learning_rate,1.4999999621068127e-05,1780423794.094827
23199,Loss/learning_rate,1.4999999621068127e-05,1780423949.5971153
23232,Loss/learning_rate,9.999999747378752e-06,1780424105.195174
23265,Loss/learning_rate,1.4999999621068127e-05,1780424257.3228688
23298,Loss/learning_rate,1.4999999621068127e-05,1780424412.8849075
23331,Loss/learning_rate,1.4999999621068127e-05,1780424569.561071
23364,Loss/learning_rate,9.999999747378752e-06,1780424725.1864278
23397,Loss/learning_rate,1.4999999621068127e-05,1780424880.9539602
23430,Loss/learning_rate,1.4999999621068127e-05,1780425036.6290429
23463,Loss/learning_rate,9.999999747378752e-06,1780425192.305864
23496,Loss/learning_rate,1.4999999621068127e-05,1780425347.919188
23529,Loss/learning_rate,9.999999747378752e-06,1780425504.26598
23562,Loss/learning_rate,1.4999999621068127e-05,1780425660.5460672
23595,Loss/learning_rate,9.999999747378752e-06,1780425815.9667315
23628,Loss/learning_rate,1.4999999621068127e-05,1780425971.9975252
23661,Loss/learning_rate,9.999999747378752e-06,1780426128.23035
23694,Loss/learning_rate,1.4999999621068127e-05,1780426284.2990513
23727,Loss/learning_rate,9.999999747378752e-06,1780426440.6427937
23760,Loss/learning_rate,1.4999999621068127e-05,1780426595.8463926
23793,Loss/learning_rate,9.999999747378752e-06,1780426751.9496047
23826,Loss/learning_rate,1.4999999621068127e-05,1780426907.5013845
23859,Loss/learning_rate,9.999999747378752e-06,1780427054.4162958
23892,Loss/learning_rate,1.4999999621068127e-05,1780427207.0591147
23925,Loss/learning_rate,9.999999747378752e-06,1780427364.067366
23958,Loss/learning_rate,2.2500000341096893e-05,1780427520.3937798
23991,Loss/learning_rate,9.999999747378752e-06,1780427677.5668228
24024,Loss/learning_rate,9.999999747378752e-06,1780427834.253064
24057,Loss/learning_rate,1.4999999621068127e-05,1780427990.805414
24090,Loss/learning_rate,9.999999747378752e-06,1780428147.8569918
24123,Loss/learning_rate,1.4999999621068127e-05,1780428303.9855924
24156,Loss/learning_rate,9.999999747378752e-06,1780428460.5003707
24189,Loss/learning_rate,2.2500000341096893e-05,1780428617.231987
24222,Loss/learning_rate,2.2500000341096893e-05,1780428772.988454
24255,Loss/learning_rate,1.4999999621068127e-05,1780428929.388124
24288,Loss/learning_rate,9.999999747378752e-06,1780429086.072527
24321,Loss/learning_rate,9.999999747378752e-06,1780429242.7769084
24354,Loss/learning_rate,2.2500000341096893e-05,1780429399.6476226
24387,Loss/learning_rate,1.4999999621068127e-05,1780429556.5558352
24420,Loss/learning_rate,1.4999999621068127e-05,1780429712.1770287
24453,Loss/learning_rate,9.999999747378752e-06,1780429867.8987207
24486,Loss/learning_rate,9.999999747378752e-06,1780430024.9243093
24519,Loss/learning_rate,1.4999999621068127e-05,1780430181.2556157
24552,Loss/learning_rate,2.2500000341096893e-05,1780430336.953097
24585,Loss/learning_rate,9.999999747378752e-06,1780430492.3830369
24618,Loss/learning_rate,9.999999747378752e-06,1780430648.4811432
24651,Loss/learning_rate,1.4999999621068127e-05,1780430806.4321215
24684,Loss/learning_rate,9.999999747378752e-06,1780430963.3672254
24717,Loss/learning_rate,9.999999747378752e-06,1780431120.1120138
24750,Loss/learning_rate,1.4999999621068127e-05,1780431276.4588203
24783,Loss/learning_rate,1.4999999621068127e-05,1780431433.4682806
24816,Loss/learning_rate,2.2500000341096893e-05,1780431591.715203
24849,Loss/learning_rate,1.4999999621068127e-05,1780431749.5198064
24882,Loss/learning_rate,2.2500000341096893e-05,1780431907.5068557
24915,Loss/learning_rate,9.999999747378752e-06,1780432064.1626384
24948,Loss/learning_rate,2.2500000341096893e-05,1780432221.7590358
24981,Loss/learning_rate,1.4999999621068127e-05,1780432379.4391758
25014,Loss/learning_rate,2.2500000341096893e-05,1780432536.097266
25047,Loss/learning_rate,9.999999747378752e-06,1780432692.2250285
25080,Loss/learning_rate,9.999999747378752e-06,1780432848.6869247
25113,Loss/learning_rate,9.999999747378752e-06,1780433005.2471938
25146,Loss/learning_rate,9.999999747378752e-06,1780433162.1664453
25179,Loss/learning_rate,9.999999747378752e-06,1780433318.3784645
25212,Loss/learning_rate,9.999999747378752e-06,1780433474.4315445
25245,Loss/learning_rate,9.999999747378752e-06,1780433631.3904426
25278,Loss/learning_rate,1.4999999621068127e-05,1780433789.103986
25311,Loss/learning_rate,1.4999999621068127e-05,1780433946.3467252
25344,Loss/learning_rate,1.4999999621068127e-05,1780434102.889913
25377,Loss/learning_rate,1.4999999621068127e-05,1780434259.0654976
25410,Loss/learning_rate,9.999999747378752e-06,1780434416.2658033
25443,Loss/learning_rate,9.999999747378752e-06,1780434573.1429763
25476,Loss/learning_rate,1.4999999621068127e-05,1780434731.4324257
25509,Loss/learning_rate,1.4999999621068127e-05,1780434888.1849391
25542,Loss/learning_rate,9.999999747378752e-06,1780435044.5914078
25575,Loss/learning_rate,1.4999999621068127e-05,1780435201.4451861
25608,Loss/learning_rate,1.4999999621068127e-05,1780435358.7165413
25641,Loss/learning_rate,9.999999747378752e-06,1780435515.5916827
25674,Loss/learning_rate,1.4999999621068127e-05,1780435671.869435
25707,Loss/learning_rate,1.4999999621068127e-05,1780435828.6110508
25740,Loss/learning_rate,1.4999999621068127e-05,1780435986.684635
25773,Loss/learning_rate,1.4999999621068127e-05,1780436142.0790439
25806,Loss/learning_rate,2.2500000341096893e-05,1780436299.5696857
25839,Loss/learning_rate,2.2500000341096893e-05,1780436454.9737673
25872,Loss/learning_rate,9.999999747378752e-06,1780436604.0001085
25905,Loss/learning_rate,1.4999999621068127e-05,1780436761.6833744
25938,Loss/learning_rate,1.4999999621068127e-05,1780436918.0899544
25971,Loss/learning_rate,1.4999999621068127e-05,1780437074.9167109
26004,Loss/learning_rate,1.4999999621068127e-05,1780437231.9677992
26037,Loss/learning_rate,9.999999747378752e-06,1780437389.9323258
26070,Loss/learning_rate,1.4999999621068127e-05,1780437546.1362338
26103,Loss/learning_rate,9.999999747378752e-06,1780437704.583535
26136,Loss/learning_rate,2.2500000341096893e-05,1780437862.4089434
26169,Loss/learning_rate,1.4999999621068127e-05,1780438020.0151055
26202,Loss/learning_rate,1.4999999621068127e-05,1780438177.9663746
26235,Loss/learning_rate,1.4999999621068127e-05,1780438336.8355129
26268,Loss/learning_rate,9.999999747378752e-06,1780438494.7847674
26301,Loss/learning_rate,2.2500000341096893e-05,1780438650.2456183
26334,Loss/learning_rate,9.999999747378752e-06,1780438808.8810613
26367,Loss/learning_rate,1.4999999621068127e-05,1780438967.2032974
26400,Loss/learning_rate,1.4999999621068127e-05,1780439125.8160565
26433,Loss/learning_rate,2.2500000341096893e-05,1780439284.2531385
26466,Loss/learning_rate,2.2500000341096893e-05,1780439442.2167058
26499,Loss/learning_rate,9.999999747378752e-06,1780439600.4099982
26532,Loss/learning_rate,9.999999747378752e-06,1780439758.67435
26565,Loss/learning_rate,9.999999747378752e-06,1780439917.3499086
26598,Loss/learning_rate,9.999999747378752e-06,1780440076.327878
26631,Loss/learning_rate,1.4999999621068127e-05,1780440234.0827694
26664,Loss/learning_rate,9.999999747378752e-06,1780440392.7698708
26697,Loss/learning_rate,1.4999999621068127e-05,1780440551.4416406
26730,Loss/learning_rate,2.2500000341096893e-05,1780440710.4698296
26763,Loss/learning_rate,1.4999999621068127e-05,1780440868.7762187
26796,Loss/learning_rate,1.4999999621068127e-05,1780441027.343408
26829,Loss/learning_rate,2.2500000341096893e-05,1780441185.2350209
26862,Loss/learning_rate,2.2500000341096893e-05,1780441343.6942477
26895,Loss/learning_rate,9.999999747378752e-06,1780441501.9388113
26928,Loss/learning_rate,2.2500000341096893e-05,1780441658.8921714
26961,Loss/learning_rate,9.999999747378752e-06,1780441815.410493
26994,Loss/learning_rate,9.999999747378752e-06,1780441972.2651086
27027,Loss/learning_rate,9.999999747378752e-06,1780442129.565891
27060,Loss/learning_rate,9.999999747378752e-06,1780442286.2421296
27093,Loss/learning_rate,1.4999999621068127e-05,1780442441.8532672
27126,Loss/learning_rate,1.4999999621068127e-05,1780442598.1761773
27159,Loss/learning_rate,9.999999747378752e-06,1780442754.7753508
27192,Loss/learning_rate,9.999999747378752e-06,1780442911.2349732
27225,Loss/learning_rate,1.4999999621068127e-05,1780443066.9567854
27258,Loss/learning_rate,9.999999747378752e-06,1780443223.1449716
27291,Loss/learning_rate,9.999999747378752e-06,1780443379.616032
27324,Loss/learning_rate,1.4999999621068127e-05,1780443535.5995862
27357,Loss/learning_rate,9.999999747378752e-06,1780443692.7726505
27390,Loss/learning_rate,9.999999747378752e-06,1780443849.290251
27423,Loss/learning_rate,1.4999999621068127e-05,1780444006.221052
27456,Loss/learning_rate,1.4999999621068127e-05,1780444163.7795255
27489,Loss/learning_rate,9.999999747378752e-06,1780444321.3619783
27522,Loss/learning_rate,9.999999747378752e-06,1780444479.4619925
27555,Loss/learning_rate,1.4999999621068127e-05,1780444636.5154505
27588,Loss/learning_rate,3.3749998692655936e-05,1780444793.53044
27621,Loss/learning_rate,2.2500000341096893e-05,1780444950.2526174
27654,Loss/learning_rate,2.2500000341096893e-05,1780445107.6272504
27687,Loss/learning_rate,1.4999999621068127e-05,1780445269.7662096
27720,Loss/learning_rate,2.2500000341096893e-05,1780445428.6791773
27753,Loss/learning_rate,1.4999999621068127e-05,1780445585.7793286
27786,Loss/learning_rate,9.999999747378752e-06,1780445743.199053
27819,Loss/learning_rate,9.999999747378752e-06,1780445900.0819762
27852,Loss/learning_rate,1.4999999621068127e-05,1780446059.2311761
27885,Loss/learning_rate,1.4999999621068127e-05,1780446220.7658012
27918,Loss/learning_rate,1.4999999621068127e-05,1780446383.2751312
27951,Loss/learning_rate,9.999999747378752e-06,1780446543.9772465
27984,Loss/learning_rate,9.999999747378752e-06,1780446705.6297727
28017,Loss/learning_rate,1.4999999621068127e-05,1780446866.3902361
28050,Loss/learning_rate,2.2500000341096893e-05,1780447027.8836203
28083,Loss/learning_rate,1.4999999621068127e-05,1780447190.7020113
28116,Loss/learning_rate,2.2500000341096893e-05,1780447351.9677188
28149,Loss/learning_rate,9.999999747378752e-06,1780447517.898469
28182,Loss/learning_rate,1.4999999621068127e-05,1780447711.4135687
28215,Loss/learning_rate,1.4999999621068127e-05,1780447894.088429
28248,Loss/learning_rate,1.4999999621068127e-05,1780448053.705508
28281,Loss/learning_rate,1.4999999621068127e-05,1780448227.0446293
28314,Loss/learning_rate,9.999999747378752e-06,1780448387.377507
28347,Loss/learning_rate,9.999999747378752e-06,1780448545.9377277
28380,Loss/learning_rate,1.4999999621068127e-05,1780448704.898352
28413,Loss/learning_rate,9.999999747378752e-06,1780448863.8676205
28446,Loss/learning_rate,2.2500000341096893e-05,1780449019.1338248
28479,Loss/learning_rate,9.999999747378752e-06,1780449178.851845
28512,Loss/learning_rate,9.999999747378752e-06,1780449338.8131301
28545,Loss/learning_rate,2.2500000341096893e-05,1780449498.2075095
28578,Loss/learning_rate,9.999999747378752e-06,1780449657.2930443
28611,Loss/learning_rate,9.999999747378752e-06,1780449815.558416
28644,Loss/learning_rate,1.4999999621068127e-05,1780449974.213827
28677,Loss/learning_rate,1.4999999621068127e-05,1780450133.8204107
28710,Loss/learning_rate,9.999999747378752e-06,1780450291.5768898
28743,Loss/learning_rate,9.999999747378752e-06,1780450450.119269
28776,Loss/learning_rate,9.999999747378752e-06,1780450608.3282986
28809,Loss/learning_rate,9.999999747378752e-06,1780450765.9923127
28842,Loss/learning_rate,9.999999747378752e-06,1780450923.0558755
28875,Loss/learning_rate,1.4999999621068127e-05,1780451078.0831087
28908,Loss/learning_rate,9.999999747378752e-06,1780451233.2010615
28941,Loss/learning_rate,9.999999747378752e-06,1780451387.99601
28974,Loss/learning_rate,9.999999747378752e-06,1780451543.3888202
29007,Loss/learning_rate,9.999999747378752e-06,1780451699.2601414
29040,Loss/learning_rate,9.999999747378752e-06,1780451855.7116628
29073,Loss/learning_rate,9.999999747378752e-06,1780452011.8775578
29106,Loss/learning_rate,1.4999999621068127e-05,1780452169.3305469
29139,Loss/learning_rate,9.999999747378752e-06,1780452324.9528415
29172,Loss/learning_rate,9.999999747378752e-06,1780452480.3774955
29205,Loss/learning_rate,9.999999747378752e-06,1780452636.62635
29238,Loss/learning_rate,9.999999747378752e-06,1780452792.3691168
29271,Loss/learning_rate,9.999999747378752e-06,1780452948.2903984
29304,Loss/learning_rate,1.4999999621068127e-05,1780453103.4589698
29337,Loss/learning_rate,9.999999747378752e-06,1780453259.210684
29370,Loss/learning_rate,1.4999999621068127e-05,1780453414.5654628
29403,Loss/learning_rate,1.4999999621068127e-05,1780453569.7414403
29436,Loss/learning_rate,9.999999747378752e-06,1780453724.278599
29469,Loss/learning_rate,9.999999747378752e-06,1780453879.0309596
29502,Loss/learning_rate,1.4999999621068127e-05,1780454034.244565
29535,Loss/learning_rate,9.999999747378752e-06,1780454189.4060135
29568,Loss/learning_rate,9.999999747378752e-06,1780454345.047359
29601,Loss/learning_rate,9.999999747378752e-06,1780454501.1825645
29634,Loss/learning_rate,1.4999999621068127e-05,1780454656.9929016
29667,Loss/learning_rate,9.999999747378752e-06,1780454813.0366528
29700,Loss/learning_rate,1.4999999621068127e-05,1780454968.001013
29733,Loss/learning_rate,9.999999747378752e-06,1780455123.3999429
29766,Loss/learning_rate,1.4999999621068127e-05,1780455279.3471003
29799,Loss/learning_rate,9.999999747378752e-06,1780455435.6681967
29832,Loss/learning_rate,9.999999747378752e-06,1780455591.4894056
29865,Loss/learning_rate,9.999999747378752e-06,1780455746.9148092
29898,Loss/learning_rate,1.4999999621068127e-05,1780455901.9884338
29931,Loss/learning_rate,9.999999747378752e-06,1780456057.8737605
29964,Loss/learning_rate,1.4999999621068127e-05,1780456213.5786664
29997,Loss/learning_rate,9.999999747378752e-06,1780456370.6299365
30030,Loss/learning_rate,2.2500000341096893e-05,1780456527.6142912
30063,Loss/learning_rate,1.4999999621068127e-05,1780456684.60422
30096,Loss/learning_rate,9.999999747378752e-06,1780456841.8634408
30129,Loss/learning_rate,9.999999747378752e-06,1780456999.4956222
30162,Loss/learning_rate,1.4999999621068127e-05,1780457156.4937036
30195,Loss/learning_rate,9.999999747378752e-06,1780457313.1709347
30228,Loss/learning_rate,9.999999747378752e-06,1780457470.990416
30261,Loss/learning_rate,1.4999999621068127e-05,1780457629.5206082
30294,Loss/learning_rate,1.4999999621068127e-05,1780457786.7251763
30327,Loss/learning_rate,1.4999999621068127e-05,1780457945.3495743
30360,Loss/learning_rate,2.2500000341096893e-05,1780458102.9053862
30393,Loss/learning_rate,1.4999999621068127e-05,1780458259.9368992
30426,Loss/learning_rate,2.2500000341096893e-05,1780458417.779768
30459,Loss/learning_rate,1.4999999621068127e-05,1780458575.2380538
30492,Loss/learning_rate,9.999999747378752e-06,1780458732.270445
30525,Loss/learning_rate,1.4999999621068127e-05,1780458890.31932
30558,Loss/learning_rate,1.4999999621068127e-05,1780459048.5539377
30591,Loss/learning_rate,2.2500000341096893e-05,1780459206.254294
30624,Loss/learning_rate,9.999999747378752e-06,1780459363.4026954
30657,Loss/learning_rate,1.4999999621068127e-05,1780459520.6785867
30690,Loss/learning_rate,1.4999999621068127e-05,1780459678.1461327
30723,Loss/learning_rate,1.4999999621068127e-05,1780459834.5443916
30756,Loss/learning_rate,1.4999999621068127e-05,1780459991.1499867
30789,Loss/learning_rate,1.4999999621068127e-05,1780460148.5611358
30822,Loss/learning_rate,2.2500000341096893e-05,1780460306.8991532
30855,Loss/learning_rate,9.999999747378752e-06,1780460465.0010922
30888,Loss/learning_rate,1.4999999621068127e-05,1780460622.7588673
30921,Loss/learning_rate,1.4999999621068127e-05,1780460780.7633157
30954,Loss/learning_rate,9.999999747378752e-06,1780460938.790586
30987,Loss/learning_rate,9.999999747378752e-06,1780461097.2348795
31020,Loss/learning_rate,9.999999747378752e-06,1780461255.4225373
31053,Loss/learning_rate,1.4999999621068127e-05,1780461414.1626337
31086,Loss/learning_rate,1.4999999621068127e-05,1780461572.8929367
31119,Loss/learning_rate,1.4999999621068127e-05,1780461730.7751997
31152,Loss/learning_rate,1.4999999621068127e-05,1780461888.9492931
31185,Loss/learning_rate,1.4999999621068127e-05,1780462045.7069607
31218,Loss/learning_rate,9.999999747378752e-06,1780462200.67817
31251,Loss/learning_rate,2.2500000341096893e-05,1780462356.400089
31284,Loss/learning_rate,1.4999999621068127e-05,1780462513.4876788
31317,Loss/learning_rate,2.2500000341096893e-05,1780462671.4209895
31350,Loss/learning_rate,2.2500000341096893e-05,1780462828.4251068
31383,Loss/learning_rate,1.4999999621068127e-05,1780462984.7487178
31416,Loss/learning_rate,2.2500000341096893e-05,1780463141.0032353
31449,Loss/learning_rate,9.999999747378752e-06,1780463297.1621213
31482,Loss/learning_rate,1.4999999621068127e-05,1780463453.8618445
31515,Loss/learning_rate,9.999999747378752e-06,1780463610.1447825
31548,Loss/learning_rate,1.4999999621068127e-05,1780463765.6663702
31581,Loss/learning_rate,1.4999999621068127e-05,1780463921.631443
31614,Loss/learning_rate,1.4999999621068127e-05,1780464077.8708062
31647,Loss/learning_rate,1.4999999621068127e-05,1780464234.7201548
31680,Loss/learning_rate,1.4999999621068127e-05,1780464391.0846205
31713,Loss/learning_rate,9.999999747378752e-06,1780464547.0625463
31746,Loss/learning_rate,1.4999999621068127e-05,1780464704.1730604
31779,Loss/learning_rate,1.4999999621068127e-05,1780464860.6498954
31812,Loss/learning_rate,9.999999747378752e-06,1780465017.4590087
31845,Loss/learning_rate,1.4999999621068127e-05,1780465173.3594167
31878,Loss/learning_rate,1.4999999621068127e-05,1780465329.4066586
31911,Loss/learning_rate,9.999999747378752e-06,1780465485.0035849
31944,Loss/learning_rate,9.999999747378752e-06,1780465641.6971858
31977,Loss/learning_rate,9.999999747378752e-06,1780465799.1947289
32010,Loss/learning_rate,9.999999747378752e-06,1780465955.200091
32043,Loss/learning_rate,1.4999999621068127e-05,1780466111.4422078
32076,Loss/learning_rate,1.4999999621068127e-05,1780466270.1080728
32109,Loss/learning_rate,1.4999999621068127e-05,1780466428.7894402
32142,Loss/learning_rate,9.999999747378752e-06,1780466586.169459
32175,Loss/learning_rate,1.4999999621068127e-05,1780466742.0152495
32208,Loss/learning_rate,9.999999747378752e-06,1780466886.9483316
32241,Loss/learning_rate,9.999999747378752e-06,1780467043.4597507
32274,Loss/learning_rate,1.4999999621068127e-05,1780467200.0454385
32307,Loss/learning_rate,2.2500000341096893e-05,1780467356.7663348
32340,Loss/learning_rate,1.4999999621068127e-05,1780467512.03647
32373,Loss/learning_rate,1.4999999621068127e-05,1780467668.7420695
32406,Loss/learning_rate,9.999999747378752e-06,1780467826.0543003
32439,Loss/learning_rate,2.2500000341096893e-05,1780467983.62553
32472,Loss/learning_rate,9.999999747378752e-06,1780468138.94152
32505,Loss/learning_rate,2.2500000341096893e-05,1780468295.7738304
32538,Loss/learning_rate,1.4999999621068127e-05,1780468452.9182312
32571,Loss/learning_rate,2.2500000341096893e-05,1780468609.6564145
32604,Loss/learning_rate,9.999999747378752e-06,1780468765.9109483
32637,Loss/learning_rate,2.2500000341096893e-05,1780468922.343326
32670,Loss/learning_rate,9.999999747378752e-06,1780469077.6843548
32703,Loss/learning_rate,1.4999999621068127e-05,1780469233.8250227
32736,Loss/learning_rate,1.4999999621068127e-05,1780469390.3594058
32769,Loss/learning_rate,2.2500000341096893e-05,1780469547.3636117
32802,Loss/learning_rate,1.4999999621068127e-05,1780469704.010892
32808,Loss/learning_rate,1.4999999621068127e-05,1780469732.8240738
