step,tag,value,wall_time
0,Metrics/base_velocity/error_vel_xy,0.0065988460555672646,1780976897.2996242
6,Metrics/base_velocity/error_vel_xy,0.030683211982250214,1780976942.6472332
12,Metrics/base_velocity/error_vel_xy,0.03599002957344055,1780976987.2752807
18,Metrics/base_velocity/error_vel_xy,0.03885622322559357,1780977031.6595025
24,Metrics/base_velocity/error_vel_xy,0.03965036943554878,1780977074.4420495
30,Metrics/base_velocity/error_vel_xy,0.037556059658527374,1780977118.3231235
36,Metrics/base_velocity/error_vel_xy,0.04702216386795044,1780977161.6346
42,Metrics/base_velocity/error_vel_xy,0.0673278197646141,1780977204.5348988
48,Metrics/base_velocity/error_vel_xy,0.1129007637500763,1780977246.6737835
54,Metrics/base_velocity/error_vel_xy,0.14220403134822845,1780977289.1906238
60,Metrics/base_velocity/error_vel_xy,0.19305890798568726,1780977332.6825016
66,Metrics/base_velocity/error_vel_xy,0.26267683506011963,1780977375.993855
72,Metrics/base_velocity/error_vel_xy,0.30708640813827515,1780977419.7954412
78,Metrics/base_velocity/error_vel_xy,0.45865821838378906,1780977459.6690836
84,Metrics/base_velocity/error_vel_xy,0.4594859778881073,1780977499.4728117
90,Metrics/base_velocity/error_vel_xy,0.43158358335494995,1780977543.1256912
96,Metrics/base_velocity/error_vel_xy,0.4003008306026459,1780977584.8632743
102,Metrics/base_velocity/error_vel_xy,0.34561944007873535,1780977627.5699165
108,Metrics/base_velocity/error_vel_xy,0.3179125189781189,1780977671.141858
114,Metrics/base_velocity/error_vel_xy,0.33585187792778015,1780977713.9445534
120,Metrics/base_velocity/error_vel_xy,0.3521957993507385,1780977755.3327224
126,Metrics/base_velocity/error_vel_xy,0.341108500957489,1780977797.4519224
132,Metrics/base_velocity/error_vel_xy,0.3280583322048187,1780977838.7953265
138,Metrics/base_velocity/error_vel_xy,0.314140260219574,1780977881.3199923
144,Metrics/base_velocity/error_vel_xy,0.29938340187072754,1780977922.924135
150,Metrics/base_velocity/error_vel_xy,0.29263657331466675,1780977963.8443506
156,Metrics/base_velocity/error_vel_xy,0.29111987352371216,1780978004.6971228
162,Metrics/base_velocity/error_vel_xy,0.28828978538513184,1780978042.6067672
168,Metrics/base_velocity/error_vel_xy,0.27829450368881226,1780978084.4818637
174,Metrics/base_velocity/error_vel_xy,0.2712799608707428,1780978128.7796319
180,Metrics/base_velocity/error_vel_xy,0.26043781638145447,1780978171.5713766
186,Metrics/base_velocity/error_vel_xy,0.2554122805595398,1780978215.4711764
192,Metrics/base_velocity/error_vel_xy,0.24914637207984924,1780978259.7617588
198,Metrics/base_velocity/error_vel_xy,0.24090807139873505,1780978304.26198
204,Metrics/base_velocity/error_vel_xy,0.23766887187957764,1780978346.8624942
210,Metrics/base_velocity/error_vel_xy,0.23158106207847595,1780978390.0389872
216,Metrics/base_velocity/error_vel_xy,0.2244843691587448,1780978431.5365217
222,Metrics/base_velocity/error_vel_xy,0.21869155764579773,1780978474.9664347
228,Metrics/base_velocity/error_vel_xy,0.21504268050193787,1780978518.1244552
234,Metrics/base_velocity/error_vel_xy,0.20710954070091248,1780978561.3525813
240,Metrics/base_velocity/error_vel_xy,0.205595001578331,1780978607.1232338
246,Metrics/base_velocity/error_vel_xy,0.2002640813589096,1780978644.7087488
252,Metrics/base_velocity/error_vel_xy,0.19576387107372284,1780978679.0876539
258,Metrics/base_velocity/error_vel_xy,0.19095776975154877,1780978714.2769668
264,Metrics/base_velocity/error_vel_xy,0.18534277379512787,1780978748.0158637
270,Metrics/base_velocity/error_vel_xy,0.18147288262844086,1780978781.7776613
276,Metrics/base_velocity/error_vel_xy,0.17723193764686584,1780978817.5444272
282,Metrics/base_velocity/error_vel_xy,0.17292869091033936,1780978852.9050884
288,Metrics/base_velocity/error_vel_xy,0.16816823184490204,1780978889.8939593
294,Metrics/base_velocity/error_vel_xy,0.16449718177318573,1780978926.5443482
300,Metrics/base_velocity/error_vel_xy,0.1606234312057495,1780978960.021907
306,Metrics/base_velocity/error_vel_xy,0.15673238039016724,1780978994.018092
312,Metrics/base_velocity/error_vel_xy,0.1529245376586914,1780979029.9490256
318,Metrics/base_velocity/error_vel_xy,0.14947684109210968,1780979065.8327043
324,Metrics/base_velocity/error_vel_xy,0.14593367278575897,1780979102.4729564
330,Metrics/base_velocity/error_vel_xy,0.14237463474273682,1780979137.928093
336,Metrics/base_velocity/error_vel_xy,0.13866780698299408,1780979173.7990885
342,Metrics/base_velocity/error_vel_xy,0.13582223653793335,1780979210.3483465
348,Metrics/base_velocity/error_vel_xy,0.13329768180847168,1780979246.5329132
354,Metrics/base_velocity/error_vel_xy,0.1298060119152069,1780979281.9911194
360,Metrics/base_velocity/error_vel_xy,0.1295943707227707,1780979316.3439202
366,Metrics/base_velocity/error_vel_xy,0.12810292840003967,1780979352.4773736
372,Metrics/base_velocity/error_vel_xy,0.12519434094429016,1780979388.9635997
378,Metrics/base_velocity/error_vel_xy,0.1244058907032013,1780979425.017107
384,Metrics/base_velocity/error_vel_xy,0.12449553608894348,1780979461.1262352
390,Metrics/base_velocity/error_vel_xy,0.12400946021080017,1780979493.4586682
396,Metrics/base_velocity/error_vel_xy,0.12326665967702866,1780979528.5054178
402,Metrics/base_velocity/error_vel_xy,0.12333206832408905,1780979563.6795595
408,Metrics/base_velocity/error_vel_xy,0.12358229607343674,1780979598.8202481
414,Metrics/base_velocity/error_vel_xy,0.12365018576383591,1780979634.247853
420,Metrics/base_velocity/error_vel_xy,0.1232171282172203,1780979669.712098
426,Metrics/base_velocity/error_vel_xy,0.12308908998966217,1780979704.9359603
432,Metrics/base_velocity/error_vel_xy,0.1237604171037674,1780979739.8744826
438,Metrics/base_velocity/error_vel_xy,0.12420576810836792,1780979774.5856779
444,Metrics/base_velocity/error_vel_xy,0.12261319160461426,1780979810.3190215
450,Metrics/base_velocity/error_vel_xy,0.12351890653371811,1780979846.4163861
456,Metrics/base_velocity/error_vel_xy,0.12462242692708969,1780979881.076788
462,Metrics/base_velocity/error_vel_xy,0.12355780601501465,1780979917.6982567
468,Metrics/base_velocity/error_vel_xy,0.12504492700099945,1780979951.2193415
474,Metrics/base_velocity/error_vel_xy,0.12546205520629883,1780979982.895515
480,Metrics/base_velocity/error_vel_xy,0.12641692161560059,1780980015.2507691
486,Metrics/base_velocity/error_vel_xy,0.1250694841146469,1780980046.8329785
492,Metrics/base_velocity/error_vel_xy,0.12477975338697433,1780980077.9732716
498,Metrics/base_velocity/error_vel_xy,0.12196733802556992,1780980110.3842065
504,Metrics/base_velocity/error_vel_xy,0.11922826617956161,1780980141.915526
510,Metrics/base_velocity/error_vel_xy,0.11830887198448181,1780980173.7605448
516,Metrics/base_velocity/error_vel_xy,0.1193135678768158,1780980204.5895715
522,Metrics/base_velocity/error_vel_xy,0.11775563657283783,1780980235.7955298
528,Metrics/base_velocity/error_vel_xy,0.11801671981811523,1780980267.6324465
534,Metrics/base_velocity/error_vel_xy,0.11836503446102142,1780980299.7017431
540,Metrics/base_velocity/error_vel_xy,0.1168263778090477,1780980334.0429301
546,Metrics/base_velocity/error_vel_xy,0.1158677190542221,1780980366.7863753
552,Metrics/base_velocity/error_vel_xy,0.11551976203918457,1780980399.2477953
558,Metrics/base_velocity/error_vel_xy,0.1162337064743042,1780980434.2408338
564,Metrics/base_velocity/error_vel_xy,0.11522780358791351,1780980469.0400953
570,Metrics/base_velocity/error_vel_xy,0.11474072933197021,1780980502.1028063
576,Metrics/base_velocity/error_vel_xy,0.11392603814601898,1780980536.7239954
582,Metrics/base_velocity/error_vel_xy,0.11362504214048386,1780980570.8363929
588,Metrics/base_velocity/error_vel_xy,0.11293613165616989,1780980605.7859318
594,Metrics/base_velocity/error_vel_xy,0.11257746815681458,1780980641.3439653
600,Metrics/base_velocity/error_vel_xy,0.1124710887670517,1780980674.5856066
606,Metrics/base_velocity/error_vel_xy,0.11186274141073227,1780980709.254268
612,Metrics/base_velocity/error_vel_xy,0.1112486943602562,1780980740.6295292
618,Metrics/base_velocity/error_vel_xy,0.11150580644607544,1780980772.6635153
624,Metrics/base_velocity/error_vel_xy,0.11097799241542816,1780980807.0193222
630,Metrics/base_velocity/error_vel_xy,0.11013530194759369,1780980839.0419228
636,Metrics/base_velocity/error_vel_xy,0.11049489676952362,1780980873.0291133
642,Metrics/base_velocity/error_vel_xy,0.10991569608449936,1780980905.8842576
648,Metrics/base_velocity/error_vel_xy,0.10905477404594421,1780980938.3497367
654,Metrics/base_velocity/error_vel_xy,0.1099155992269516,1780980969.422223
660,Metrics/base_velocity/error_vel_xy,0.1096479743719101,1780981001.0835605
666,Metrics/base_velocity/error_vel_xy,0.10881789773702621,1780981033.5668209
672,Metrics/base_velocity/error_vel_xy,0.10853167623281479,1780981066.334719
678,Metrics/base_velocity/error_vel_xy,0.10836172103881836,1780981099.235854
684,Metrics/base_velocity/error_vel_xy,0.10801754891872406,1780981134.4050379
690,Metrics/base_velocity/error_vel_xy,0.1079116016626358,1780981169.2821136
696,Metrics/base_velocity/error_vel_xy,0.10788208246231079,1780981204.5455542
702,Metrics/base_velocity/error_vel_xy,0.10752151906490326,1780981239.2981594
708,Metrics/base_velocity/error_vel_xy,0.10663153976202011,1780981273.9986439
714,Metrics/base_velocity/error_vel_xy,0.10677088797092438,1780981309.029806
720,Metrics/base_velocity/error_vel_xy,0.1056729182600975,1780981342.950138
726,Metrics/base_velocity/error_vel_xy,0.1052388846874237,1780981375.499805
732,Metrics/base_velocity/error_vel_xy,0.10464522242546082,1780981409.050941
738,Metrics/base_velocity/error_vel_xy,0.10409553349018097,1780981445.4079561
744,Metrics/base_velocity/error_vel_xy,0.1040489673614502,1780981481.519442
750,Metrics/base_velocity/error_vel_xy,0.10296016186475754,1780981516.406343
756,Metrics/base_velocity/error_vel_xy,0.10244982689619064,1780981550.602268
762,Metrics/base_velocity/error_vel_xy,0.10225333273410797,1780981586.7227376
768,Metrics/base_velocity/error_vel_xy,0.10258733481168747,1780981621.8290627
774,Metrics/base_velocity/error_vel_xy,0.1027175784111023,1780981655.8311667
780,Metrics/base_velocity/error_vel_xy,0.1030006855726242,1780981690.8003228
786,Metrics/base_velocity/error_vel_xy,0.10225996375083923,1780981726.7571125
792,Metrics/base_velocity/error_vel_xy,0.10225283354520798,1780981763.1606855
798,Metrics/base_velocity/error_vel_xy,0.10224779695272446,1780981799.5879672
804,Metrics/base_velocity/error_vel_xy,0.10241803526878357,1780981835.1444783
810,Metrics/base_velocity/error_vel_xy,0.10198330879211426,1780981870.599761
816,Metrics/base_velocity/error_vel_xy,0.10220345109701157,1780981905.3371198
822,Metrics/base_velocity/error_vel_xy,0.10196244716644287,1780981938.0603485
828,Metrics/base_velocity/error_vel_xy,0.10306233167648315,1780981972.1083393
834,Metrics/base_velocity/error_vel_xy,0.10228239744901657,1780982007.4333694
840,Metrics/base_velocity/error_vel_xy,0.10242181271314621,1780982043.078346
846,Metrics/base_velocity/error_vel_xy,0.10176783055067062,1780982076.0384898
852,Metrics/base_velocity/error_vel_xy,0.10208584368228912,1780982110.8779807
858,Metrics/base_velocity/error_vel_xy,0.10211509466171265,1780982145.6632683
864,Metrics/base_velocity/error_vel_xy,0.1022321805357933,1780982181.0853662
870,Metrics/base_velocity/error_vel_xy,0.10186096280813217,1780982216.0439904
876,Metrics/base_velocity/error_vel_xy,0.10118301957845688,1780982251.7008567
882,Metrics/base_velocity/error_vel_xy,0.10119958221912384,1780982285.0378797
888,Metrics/base_velocity/error_vel_xy,0.10085009038448334,1780982320.338868
894,Metrics/base_velocity/error_vel_xy,0.10084891319274902,1780982353.794456
900,Metrics/base_velocity/error_vel_xy,0.10029192268848419,1780982389.82817
906,Metrics/base_velocity/error_vel_xy,0.09994828701019287,1780982422.3326826
912,Metrics/base_velocity/error_vel_xy,0.09975077956914902,1780982456.1296659
918,Metrics/base_velocity/error_vel_xy,0.09890101850032806,1780982491.8520343
924,Metrics/base_velocity/error_vel_xy,0.09853266179561615,1780982528.225108
930,Metrics/base_velocity/error_vel_xy,0.09829604625701904,1780982564.0682878
936,Metrics/base_velocity/error_vel_xy,0.09835472702980042,1780982599.4823782
942,Metrics/base_velocity/error_vel_xy,0.09859389066696167,1780982635.9932015
948,Metrics/base_velocity/error_vel_xy,0.09910464286804199,1780982671.439202
954,Metrics/base_velocity/error_vel_xy,0.09908374398946762,1780982705.438936
960,Metrics/base_velocity/error_vel_xy,0.09799247235059738,1780982738.8727016
966,Metrics/base_velocity/error_vel_xy,0.09810259938240051,1780982770.061936
972,Metrics/base_velocity/error_vel_xy,0.09774627536535263,1780982801.787419
978,Metrics/base_velocity/error_vel_xy,0.09768135845661163,1780982833.8878987
984,Metrics/base_velocity/error_vel_xy,0.09755611419677734,1780982865.2004445
990,Metrics/base_velocity/error_vel_xy,0.09813039004802704,1780982896.8823655
996,Metrics/base_velocity/error_vel_xy,0.09738123416900635,1780982929.084969
1002,Metrics/base_velocity/error_vel_xy,0.09688691794872284,1780982964.2587216
1008,Metrics/base_velocity/error_vel_xy,0.09712880104780197,1780982997.8677237
1014,Metrics/base_velocity/error_vel_xy,0.09668348729610443,1780983031.7020566
1020,Metrics/base_velocity/error_vel_xy,0.09647989273071289,1780983066.3806348
1026,Metrics/base_velocity/error_vel_xy,0.09652849286794662,1780983098.7605178
1032,Metrics/base_velocity/error_vel_xy,0.09711037576198578,1780983130.9816003
1038,Metrics/base_velocity/error_vel_xy,0.09644612669944763,1780983163.8917632
1044,Metrics/base_velocity/error_vel_xy,0.0953725129365921,1780983199.6597404
1050,Metrics/base_velocity/error_vel_xy,0.09575726836919785,1780983233.3400989
1056,Metrics/base_velocity/error_vel_xy,0.0963125228881836,1780983266.0917716
1062,Metrics/base_velocity/error_vel_xy,0.09549200534820557,1780983301.2724943
1068,Metrics/base_velocity/error_vel_xy,0.09644019603729248,1780983336.8481045
1074,Metrics/base_velocity/error_vel_xy,0.09633936733007431,1780983372.2362273
1080,Metrics/base_velocity/error_vel_xy,0.09608089178800583,1780983407.6265628
1086,Metrics/base_velocity/error_vel_xy,0.0951070636510849,1780983442.2391634
1092,Metrics/base_velocity/error_vel_xy,0.09545879065990448,1780983476.679754
1098,Metrics/base_velocity/error_vel_xy,0.09588366746902466,1780983512.565613
1104,Metrics/base_velocity/error_vel_xy,0.09507524967193604,1780983548.1197636
1110,Metrics/base_velocity/error_vel_xy,0.09506379812955856,1780983582.4118426
1116,Metrics/base_velocity/error_vel_xy,0.09639512747526169,1780983616.4595826
1122,Metrics/base_velocity/error_vel_xy,0.09461401402950287,1780983648.8437183
1128,Metrics/base_velocity/error_vel_xy,0.09422217309474945,1780983681.7761793
1134,Metrics/base_velocity/error_vel_xy,0.09448166191577911,1780983716.4698036
1140,Metrics/base_velocity/error_vel_xy,0.09418876469135284,1780983749.976875
1146,Metrics/base_velocity/error_vel_xy,0.0940924882888794,1780983782.5955362
1152,Metrics/base_velocity/error_vel_xy,0.09450943768024445,1780983816.371864
1158,Metrics/base_velocity/error_vel_xy,0.09538477659225464,1780983852.0869286
1164,Metrics/base_velocity/error_vel_xy,0.09386549890041351,1780983887.0274487
1170,Metrics/base_velocity/error_vel_xy,0.09410145878791809,1780983921.7140634
1176,Metrics/base_velocity/error_vel_xy,0.09346380829811096,1780983956.8028066
1182,Metrics/base_velocity/error_vel_xy,0.09326164424419403,1780983992.0037954
1188,Metrics/base_velocity/error_vel_xy,0.09421439468860626,1780984027.2457707
1194,Metrics/base_velocity/error_vel_xy,0.09377390146255493,1780984062.4273977
1200,Metrics/base_velocity/error_vel_xy,0.09335919469594955,1780984095.5717237
1206,Metrics/base_velocity/error_vel_xy,0.09355080127716064,1780984130.3404095
1212,Metrics/base_velocity/error_vel_xy,0.0934472307562828,1780984164.466805
1218,Metrics/base_velocity/error_vel_xy,0.09409143030643463,1780984196.9511652
1224,Metrics/base_velocity/error_vel_xy,0.09406179189682007,1780984230.6446972
1230,Metrics/base_velocity/error_vel_xy,0.09318606555461884,1780984263.3307388
1236,Metrics/base_velocity/error_vel_xy,0.0940815657377243,1780984297.8074307
1242,Metrics/base_velocity/error_vel_xy,0.09383833408355713,1780984328.9661329
1248,Metrics/base_velocity/error_vel_xy,0.09366406500339508,1780984360.513335
1254,Metrics/base_velocity/error_vel_xy,0.09348265826702118,1780984393.3305528
1260,Metrics/base_velocity/error_vel_xy,0.09326770156621933,1780984427.1753137
1266,Metrics/base_velocity/error_vel_xy,0.09344806522130966,1780984461.170987
1272,Metrics/base_velocity/error_vel_xy,0.09375274181365967,1780984494.9085515
1278,Metrics/base_velocity/error_vel_xy,0.09270384162664413,1780984528.6275492
1284,Metrics/base_velocity/error_vel_xy,0.09305232018232346,1780984563.5928774
1290,Metrics/base_velocity/error_vel_xy,0.09241902083158493,1780984598.9683497
1296,Metrics/base_velocity/error_vel_xy,0.09265333414077759,1780984633.4809005
1302,Metrics/base_velocity/error_vel_xy,0.09234198927879333,1780984666.2571526
1308,Metrics/base_velocity/error_vel_xy,0.09190132468938828,1780984701.912996
1314,Metrics/base_velocity/error_vel_xy,0.09169171750545502,1780984737.0649178
1320,Metrics/base_velocity/error_vel_xy,0.0924767479300499,1780984772.0373812
1326,Metrics/base_velocity/error_vel_xy,0.09192054718732834,1780984807.7991905
1332,Metrics/base_velocity/error_vel_xy,0.09157212823629379,1780984843.0735645
1338,Metrics/base_velocity/error_vel_xy,0.0918724462389946,1780984877.9053652
1344,Metrics/base_velocity/error_vel_xy,0.09196703135967255,1780984913.0943847
1350,Metrics/base_velocity/error_vel_xy,0.09221281856298447,1780984946.9441652
1356,Metrics/base_velocity/error_vel_xy,0.09220798313617706,1780984980.9554446
1362,Metrics/base_velocity/error_vel_xy,0.09218847751617432,1780985015.8584676
1368,Metrics/base_velocity/error_vel_xy,0.09219364821910858,1780985051.346833
1374,Metrics/base_velocity/error_vel_xy,0.09208023548126221,1780985084.081086
1380,Metrics/base_velocity/error_vel_xy,0.09308367967605591,1780985116.5586333
1386,Metrics/base_velocity/error_vel_xy,0.09235011041164398,1780985150.2583082
1392,Metrics/base_velocity/error_vel_xy,0.09380912780761719,1780985184.4276037
1398,Metrics/base_velocity/error_vel_xy,0.09348426759243011,1780985219.3782032
1404,Metrics/base_velocity/error_vel_xy,0.09371061623096466,1780985252.6152706
1410,Metrics/base_velocity/error_vel_xy,0.09287860244512558,1780985287.2453313
1416,Metrics/base_velocity/error_vel_xy,0.09248556196689606,1780985320.6464474
1422,Metrics/base_velocity/error_vel_xy,0.09231357276439667,1780985354.994024
1428,Metrics/base_velocity/error_vel_xy,0.09249816834926605,1780985389.9913538
1434,Metrics/base_velocity/error_vel_xy,0.09334276616573334,1780985425.7371292
1440,Metrics/base_velocity/error_vel_xy,0.09233586490154266,1780985461.1416643
1446,Metrics/base_velocity/error_vel_xy,0.09181077778339386,1780985495.6947749
1452,Metrics/base_velocity/error_vel_xy,0.09227889776229858,1780985531.4794583
1458,Metrics/base_velocity/error_vel_xy,0.09131018817424774,1780985567.0891602
1464,Metrics/base_velocity/error_vel_xy,0.09054914116859436,1780985603.080152
1470,Metrics/base_velocity/error_vel_xy,0.09079112857580185,1780985638.844575
1476,Metrics/base_velocity/error_vel_xy,0.0908144861459732,1780985673.9911537
1482,Metrics/base_velocity/error_vel_xy,0.09036070108413696,1780985707.0590262
1488,Metrics/base_velocity/error_vel_xy,0.0917406901717186,1780985741.9392724
1494,Metrics/base_velocity/error_vel_xy,0.09100398421287537,1780985777.01081
1500,Metrics/base_velocity/error_vel_xy,0.09045355021953583,1780985812.0015717
1506,Metrics/base_velocity/error_vel_xy,0.09087550640106201,1780985846.926743
1512,Metrics/base_velocity/error_vel_xy,0.09057120978832245,1780985880.238027
1518,Metrics/base_velocity/error_vel_xy,0.0904705822467804,1780985914.9700963
1524,Metrics/base_velocity/error_vel_xy,0.09102132171392441,1780985950.103124
1530,Metrics/base_velocity/error_vel_xy,0.09010311961174011,1780985984.0189767
1536,Metrics/base_velocity/error_vel_xy,0.09068301320075989,1780986019.2530355
1542,Metrics/base_velocity/error_vel_xy,0.09025371074676514,1780986053.3048072
1548,Metrics/base_velocity/error_vel_xy,0.0896570086479187,1780986089.260587
1554,Metrics/base_velocity/error_vel_xy,0.08952997624874115,1780986124.5610404
1560,Metrics/base_velocity/error_vel_xy,0.08948635309934616,1780986159.8549476
1566,Metrics/base_velocity/error_vel_xy,0.08916281163692474,1780986194.7944927
1572,Metrics/base_velocity/error_vel_xy,0.08950197696685791,1780986230.675866
1578,Metrics/base_velocity/error_vel_xy,0.0895281657576561,1780986265.3615055
1584,Metrics/base_velocity/error_vel_xy,0.08921846002340317,1780986298.1803312
1590,Metrics/base_velocity/error_vel_xy,0.08942224085330963,1780986330.4994638
1596,Metrics/base_velocity/error_vel_xy,0.08890123665332794,1780986364.014187
1602,Metrics/base_velocity/error_vel_xy,0.08928108215332031,1780986396.5146258
1608,Metrics/base_velocity/error_vel_xy,0.08920282125473022,1780986428.0742896
1614,Metrics/base_velocity/error_vel_xy,0.0886145681142807,1780986459.9438121
1620,Metrics/base_velocity/error_vel_xy,0.08919890969991684,1780986492.0182817
1626,Metrics/base_velocity/error_vel_xy,0.08842327445745468,1780986524.9592912
1632,Metrics/base_velocity/error_vel_xy,0.08856908977031708,1780986559.8669753
1638,Metrics/base_velocity/error_vel_xy,0.089154914021492,1780986595.3078737
1644,Metrics/base_velocity/error_vel_xy,0.08926882594823837,1780986629.514092
1650,Metrics/base_velocity/error_vel_xy,0.08873514831066132,1780986665.198508
1656,Metrics/base_velocity/error_vel_xy,0.08972757309675217,1780986700.873768
1662,Metrics/base_velocity/error_vel_xy,0.08860599994659424,1780986735.6218243
1668,Metrics/base_velocity/error_vel_xy,0.08845610916614532,1780986769.5302608
1674,Metrics/base_velocity/error_vel_xy,0.08845167607069016,1780986804.468125
1680,Metrics/base_velocity/error_vel_xy,0.08867543190717697,1780986839.6350877
1686,Metrics/base_velocity/error_vel_xy,0.08851437270641327,1780986874.964175
1692,Metrics/base_velocity/error_vel_xy,0.08863066136837006,1780986909.1998925
1698,Metrics/base_velocity/error_vel_xy,0.08846639096736908,1780986942.8989055
1704,Metrics/base_velocity/error_vel_xy,0.08821743726730347,1780986977.4920955
1710,Metrics/base_velocity/error_vel_xy,0.08796369284391403,1780987013.0785527
1716,Metrics/base_velocity/error_vel_xy,0.08834397792816162,1780987045.6729531
1722,Metrics/base_velocity/error_vel_xy,0.08810056746006012,1780987078.536906
1728,Metrics/base_velocity/error_vel_xy,0.08766075223684311,1780987112.9981766
1734,Metrics/base_velocity/error_vel_xy,0.08866226673126221,1780987148.4613812
1740,Metrics/base_velocity/error_vel_xy,0.08870749175548553,1780987183.3381732
1746,Metrics/base_velocity/error_vel_xy,0.08824054896831512,1780987216.5114286
1752,Metrics/base_velocity/error_vel_xy,0.08807678520679474,1780987251.86781
1758,Metrics/base_velocity/error_vel_xy,0.08767193555831909,1780987284.6125066
1764,Metrics/base_velocity/error_vel_xy,0.08772394061088562,1780987319.6218255
1770,Metrics/base_velocity/error_vel_xy,0.08760150521993637,1780987353.5351055
1776,Metrics/base_velocity/error_vel_xy,0.08851379156112671,1780987388.9904068
1782,Metrics/base_velocity/error_vel_xy,0.08829891681671143,1780987422.4269195
1788,Metrics/base_velocity/error_vel_xy,0.08697082847356796,1780987457.3276432
1794,Metrics/base_velocity/error_vel_xy,0.08655308187007904,1780987492.8581383
1800,Metrics/base_velocity/error_vel_xy,0.08660757541656494,1780987527.96423
1806,Metrics/base_velocity/error_vel_xy,0.08628740161657333,1780987563.6295888
1812,Metrics/base_velocity/error_vel_xy,0.08721835911273956,1780987599.124669
1818,Metrics/base_velocity/error_vel_xy,0.08669281005859375,1780987633.6690793
1824,Metrics/base_velocity/error_vel_xy,0.08654996007680893,1780987667.2707295
1830,Metrics/base_velocity/error_vel_xy,0.08711319416761398,1780987702.4277701
1836,Metrics/base_velocity/error_vel_xy,0.08696942031383514,1780987737.8508558
1842,Metrics/base_velocity/error_vel_xy,0.08665781468153,1780987772.955139
1848,Metrics/base_velocity/error_vel_xy,0.08696513622999191,1780987807.9102368
1854,Metrics/base_velocity/error_vel_xy,0.08736510574817657,1780987843.2630155
1860,Metrics/base_velocity/error_vel_xy,0.08652149885892868,1780987875.6845663
1866,Metrics/base_velocity/error_vel_xy,0.08748482912778854,1780987907.793767
1872,Metrics/base_velocity/error_vel_xy,0.08640196174383163,1780987941.6974525
1878,Metrics/base_velocity/error_vel_xy,0.08595572412014008,1780987975.5573337
1884,Metrics/base_velocity/error_vel_xy,0.08622204512357712,1780988010.1509151
1890,Metrics/base_velocity/error_vel_xy,0.08584059774875641,1780988045.1045213
1896,Metrics/base_velocity/error_vel_xy,0.08645689487457275,1780988079.7391834
1902,Metrics/base_velocity/error_vel_xy,0.08606036007404327,1780988114.7511883
1908,Metrics/base_velocity/error_vel_xy,0.0860220193862915,1780988148.8713362
1914,Metrics/base_velocity/error_vel_xy,0.08552747964859009,1780988181.242377
1920,Metrics/base_velocity/error_vel_xy,0.08568879961967468,1780988213.9425144
1926,Metrics/base_velocity/error_vel_xy,0.08560191094875336,1780988245.7794409
1932,Metrics/base_velocity/error_vel_xy,0.08533778786659241,1780988279.6974077
1938,Metrics/base_velocity/error_vel_xy,0.08589509129524231,1780988314.5688872
1944,Metrics/base_velocity/error_vel_xy,0.08506569266319275,1780988347.3080702
1950,Metrics/base_velocity/error_vel_xy,0.08493222296237946,1780988378.6517966
1956,Metrics/base_velocity/error_vel_xy,0.0843181312084198,1780988411.9430602
1962,Metrics/base_velocity/error_vel_xy,0.08411526679992676,1780988447.074797
1968,Metrics/base_velocity/error_vel_xy,0.08409135043621063,1780988480.9074886
1974,Metrics/base_velocity/error_vel_xy,0.08362984657287598,1780988515.8028536
1980,Metrics/base_velocity/error_vel_xy,0.08346094936132431,1780988550.4219685
1986,Metrics/base_velocity/error_vel_xy,0.0836564227938652,1780988583.9837816
1992,Metrics/base_velocity/error_vel_xy,0.08418409526348114,1780988618.4557247
1998,Metrics/base_velocity/error_vel_xy,0.08337771892547607,1780988651.8862562
2004,Metrics/base_velocity/error_vel_xy,0.08305081725120544,1780988684.1644957
2010,Metrics/base_velocity/error_vel_xy,0.08288459479808807,1780988717.3178127
2016,Metrics/base_velocity/error_vel_xy,0.08334256708621979,1780988750.0176938
2022,Metrics/base_velocity/error_vel_xy,0.08288740366697311,1780988783.2607398
2028,Metrics/base_velocity/error_vel_xy,0.0827452540397644,1780988815.0330102
2034,Metrics/base_velocity/error_vel_xy,0.08379390090703964,1780988847.0542288
2040,Metrics/base_velocity/error_vel_xy,0.08238054811954498,1780988880.448266
2046,Metrics/base_velocity/error_vel_xy,0.08233805000782013,1780988915.4227111
2052,Metrics/base_velocity/error_vel_xy,0.08180796355009079,1780988950.2601252
2058,Metrics/base_velocity/error_vel_xy,0.08242778480052948,1780988984.503488
2064,Metrics/base_velocity/error_vel_xy,0.08234012126922607,1780989014.672612
2070,Metrics/base_velocity/error_vel_xy,0.08161400258541107,1780989047.9869766
2076,Metrics/base_velocity/error_vel_xy,0.08168406784534454,1780989080.3949673
2082,Metrics/base_velocity/error_vel_xy,0.08221941441297531,1780989111.9906774
2088,Metrics/base_velocity/error_vel_xy,0.08158588409423828,1780989145.720638
2094,Metrics/base_velocity/error_vel_xy,0.08176066726446152,1780989181.0025914
2100,Metrics/base_velocity/error_vel_xy,0.08166156709194183,1780989215.9122121
2106,Metrics/base_velocity/error_vel_xy,0.08280424773693085,1780989249.780665
2112,Metrics/base_velocity/error_vel_xy,0.08198519051074982,1780989284.6545835
2118,Metrics/base_velocity/error_vel_xy,0.0823206752538681,1780989319.4869761
2124,Metrics/base_velocity/error_vel_xy,0.08177068084478378,1780989354.4498858
2130,Metrics/base_velocity/error_vel_xy,0.08178681135177612,1780989389.8959293
2136,Metrics/base_velocity/error_vel_xy,0.0811440572142601,1780989425.60118
2142,Metrics/base_velocity/error_vel_xy,0.08147911727428436,1780989461.1954362
2148,Metrics/base_velocity/error_vel_xy,0.08105271309614182,1780989496.3911028
2154,Metrics/base_velocity/error_vel_xy,0.08085107803344727,1780989531.5784414
2160,Metrics/base_velocity/error_vel_xy,0.0811319574713707,1780989566.8071444
2166,Metrics/base_velocity/error_vel_xy,0.08098828047513962,1780989601.7441924
2172,Metrics/base_velocity/error_vel_xy,0.0809679701924324,1780989636.0282295
2178,Metrics/base_velocity/error_vel_xy,0.08053325116634369,1780989670.7911503
2184,Metrics/base_velocity/error_vel_xy,0.08013226091861725,1780989704.0846167
2190,Metrics/base_velocity/error_vel_xy,0.07989507913589478,1780989737.6849759
2196,Metrics/base_velocity/error_vel_xy,0.08001881837844849,1780989773.9912176
2202,Metrics/base_velocity/error_vel_xy,0.08010590076446533,1780989809.0938594
2208,Metrics/base_velocity/error_vel_xy,0.0797140896320343,1780989842.8640227
2214,Metrics/base_velocity/error_vel_xy,0.07962241768836975,1780989876.099803
2220,Metrics/base_velocity/error_vel_xy,0.0795992910861969,1780989911.0040817
2226,Metrics/base_velocity/error_vel_xy,0.0793968141078949,1780989946.1978996
2232,Metrics/base_velocity/error_vel_xy,0.07911848276853561,1780989981.5714998
2238,Metrics/base_velocity/error_vel_xy,0.07916521281003952,1780990017.270424
2244,Metrics/base_velocity/error_vel_xy,0.07935968041419983,1780990050.0929432
2250,Metrics/base_velocity/error_vel_xy,0.07934506982564926,1780990081.8363328
2256,Metrics/base_velocity/error_vel_xy,0.0789959505200386,1780990113.681178
2262,Metrics/base_velocity/error_vel_xy,0.07939058542251587,1780990145.2676744
2268,Metrics/base_velocity/error_vel_xy,0.07909254729747772,1780990179.6998057
2274,Metrics/base_velocity/error_vel_xy,0.07915666699409485,1780990214.0107956
2280,Metrics/base_velocity/error_vel_xy,0.07940399646759033,1780990248.6632988
2286,Metrics/base_velocity/error_vel_xy,0.07896862924098969,1780990283.054498
2292,Metrics/base_velocity/error_vel_xy,0.07845240086317062,1780990316.549168
2298,Metrics/base_velocity/error_vel_xy,0.07862553000450134,1780990349.50979
2304,Metrics/base_velocity/error_vel_xy,0.07868047803640366,1780990382.0330186
2310,Metrics/base_velocity/error_vel_xy,0.07842692732810974,1780990415.7415898
2316,Metrics/base_velocity/error_vel_xy,0.0786314308643341,1780990450.564066
2322,Metrics/base_velocity/error_vel_xy,0.07904771715402603,1780990484.7596734
2328,Metrics/base_velocity/error_vel_xy,0.07899106293916702,1780990518.4828537
2334,Metrics/base_velocity/error_vel_xy,0.07847441732883453,1780990553.3309357
2340,Metrics/base_velocity/error_vel_xy,0.07835086435079575,1780990587.6991339
2346,Metrics/base_velocity/error_vel_xy,0.07816440612077713,1780990619.1653566
2352,Metrics/base_velocity/error_vel_xy,0.07817746698856354,1780990651.964714
2358,Metrics/base_velocity/error_vel_xy,0.07734114676713943,1780990684.756701
2364,Metrics/base_velocity/error_vel_xy,0.07869073748588562,1780990717.2639704
2370,Metrics/base_velocity/error_vel_xy,0.07840138673782349,1780990749.7367563
2376,Metrics/base_velocity/error_vel_xy,0.07807986438274384,1780990784.805299
2382,Metrics/base_velocity/error_vel_xy,0.07776522636413574,1780990819.739792
2388,Metrics/base_velocity/error_vel_xy,0.07812930643558502,1780990851.7461767
2394,Metrics/base_velocity/error_vel_xy,0.07854512333869934,1780990884.3813772
2400,Metrics/base_velocity/error_vel_xy,0.07853101193904877,1780990919.8870661
2406,Metrics/base_velocity/error_vel_xy,0.07832332700490952,1780990955.2754948
2412,Metrics/base_velocity/error_vel_xy,0.07790955901145935,1780990988.238894
2418,Metrics/base_velocity/error_vel_xy,0.07753992080688477,1780991019.4279664
2424,Metrics/base_velocity/error_vel_xy,0.07753848284482956,1780991051.3838959
2430,Metrics/base_velocity/error_vel_xy,0.07743526995182037,1780991085.2906067
2436,Metrics/base_velocity/error_vel_xy,0.07704078406095505,1780991117.276827
2442,Metrics/base_velocity/error_vel_xy,0.07759454101324081,1780991150.6674705
2448,Metrics/base_velocity/error_vel_xy,0.07784759998321533,1780991185.3909209
2454,Metrics/base_velocity/error_vel_xy,0.07846649736166,1780991220.6885056
2460,Metrics/base_velocity/error_vel_xy,0.07784412056207657,1780991255.5878892
2466,Metrics/base_velocity/error_vel_xy,0.07797087728977203,1780991291.2554986
2472,Metrics/base_velocity/error_vel_xy,0.07762442529201508,1780991327.164852
2478,Metrics/base_velocity/error_vel_xy,0.0773622989654541,1780991363.0407803
2484,Metrics/base_velocity/error_vel_xy,0.07764942944049835,1780991399.0989661
2490,Metrics/base_velocity/error_vel_xy,0.07806236296892166,1780991434.0157907
2496,Metrics/base_velocity/error_vel_xy,0.077689029276371,1780991469.0084436
2502,Metrics/base_velocity/error_vel_xy,0.07725881040096283,1780991503.1264162
2508,Metrics/base_velocity/error_vel_xy,0.07775532454252243,1780991537.838929
2514,Metrics/base_velocity/error_vel_xy,0.07763057202100754,1780991573.832234
2520,Metrics/base_velocity/error_vel_xy,0.07774969190359116,1780991609.9147289
2526,Metrics/base_velocity/error_vel_xy,0.07794199883937836,1780991643.0985487
2532,Metrics/base_velocity/error_vel_xy,0.07717366516590118,1780991678.3434336
2538,Metrics/base_velocity/error_vel_xy,0.07759057730436325,1780991710.3082483
2544,Metrics/base_velocity/error_vel_xy,0.07710540294647217,1780991743.0652168
2550,Metrics/base_velocity/error_vel_xy,0.07755663245916367,1780991779.1223974
2556,Metrics/base_velocity/error_vel_xy,0.07703327387571335,1780991813.9849377
2562,Metrics/base_velocity/error_vel_xy,0.07796523720026016,1780991848.7808099
2568,Metrics/base_velocity/error_vel_xy,0.0786849707365036,1780991883.5774791
2574,Metrics/base_velocity/error_vel_xy,0.0770331397652626,1780991918.7788138
2580,Metrics/base_velocity/error_vel_xy,0.07700657844543457,1780991953.90415
2586,Metrics/base_velocity/error_vel_xy,0.07716642320156097,1780991989.1950698
2592,Metrics/base_velocity/error_vel_xy,0.07702580094337463,1780992024.1694381
2598,Metrics/base_velocity/error_vel_xy,0.07772849500179291,1780992058.8746488
2604,Metrics/base_velocity/error_vel_xy,0.07705149054527283,1780992091.392262
2610,Metrics/base_velocity/error_vel_xy,0.07740484178066254,1780992125.5714524
2616,Metrics/base_velocity/error_vel_xy,0.07731474936008453,1780992160.196509
2622,Metrics/base_velocity/error_vel_xy,0.07661324739456177,1780992192.8366284
2628,Metrics/base_velocity/error_vel_xy,0.07679732143878937,1780992224.2192206
2634,Metrics/base_velocity/error_vel_xy,0.0762278288602829,1780992255.7891383
2640,Metrics/base_velocity/error_vel_xy,0.07732485234737396,1780992289.2246692
2646,Metrics/base_velocity/error_vel_xy,0.07713549584150314,1780992321.152576
2652,Metrics/base_velocity/error_vel_xy,0.07707472890615463,1780992354.3982403
2658,Metrics/base_velocity/error_vel_xy,0.0766352191567421,1780992389.5943983
2664,Metrics/base_velocity/error_vel_xy,0.07687924802303314,1780992424.8024523
2670,Metrics/base_velocity/error_vel_xy,0.07589343190193176,1780992460.408482
2676,Metrics/base_velocity/error_vel_xy,0.07595371454954147,1780992494.4877691
2682,Metrics/base_velocity/error_vel_xy,0.07614302635192871,1780992527.547028
2688,Metrics/base_velocity/error_vel_xy,0.07673653215169907,1780992562.8227057
2694,Metrics/base_velocity/error_vel_xy,0.07615548372268677,1780992596.438374
2700,Metrics/base_velocity/error_vel_xy,0.07642009854316711,1780992631.269446
2706,Metrics/base_velocity/error_vel_xy,0.07576227188110352,1780992666.7800856
2712,Metrics/base_velocity/error_vel_xy,0.0754413902759552,1780992704.3490338
2718,Metrics/base_velocity/error_vel_xy,0.07571302354335785,1780993023.511593
2724,Metrics/base_velocity/error_vel_xy,0.07518094033002853,1780993058.350055
2730,Metrics/base_velocity/error_vel_xy,0.07555697858333588,1780993092.9543235
2736,Metrics/base_velocity/error_vel_xy,0.07559367269277573,1780993127.267639
2742,Metrics/base_velocity/error_vel_xy,0.07540155947208405,1780993161.3598485
2748,Metrics/base_velocity/error_vel_xy,0.07548390328884125,1780993195.6209674
2754,Metrics/base_velocity/error_vel_xy,0.07571674883365631,1780993230.1653626
2760,Metrics/base_velocity/error_vel_xy,0.07503574341535568,1780993264.6335018
2766,Metrics/base_velocity/error_vel_xy,0.07515943795442581,1780993299.1783326
2772,Metrics/base_velocity/error_vel_xy,0.076136015355587,1780993333.4969385
2778,Metrics/base_velocity/error_vel_xy,0.07551135122776031,1780993367.3254876
2784,Metrics/base_velocity/error_vel_xy,0.0767935961484909,1780993401.6277657
2790,Metrics/base_velocity/error_vel_xy,0.07544168829917908,1780993435.9378142
2796,Metrics/base_velocity/error_vel_xy,0.07574407756328583,1780993470.3712711
2802,Metrics/base_velocity/error_vel_xy,0.07590547949075699,1780993503.5459602
2808,Metrics/base_velocity/error_vel_xy,0.07537272572517395,1780993537.507402
2814,Metrics/base_velocity/error_vel_xy,0.07620484381914139,1780993571.012819
2820,Metrics/base_velocity/error_vel_xy,0.07600951939821243,1780993605.2633557
2826,Metrics/base_velocity/error_vel_xy,0.07625321298837662,1780993639.549095
2832,Metrics/base_velocity/error_vel_xy,0.07578147947788239,1780993751.3164628
2838,Metrics/base_velocity/error_vel_xy,0.0756428986787796,1780993785.4108243
2844,Metrics/base_velocity/error_vel_xy,0.07557299733161926,1780993819.3191404
2850,Metrics/base_velocity/error_vel_xy,0.0752323567867279,1780993853.2748609
2856,Metrics/base_velocity/error_vel_xy,0.07530719041824341,1780993887.5456975
2862,Metrics/base_velocity/error_vel_xy,0.07518262416124344,1780993916.8478007
2868,Metrics/base_velocity/error_vel_xy,0.07561444491147995,1780993946.0313795
2874,Metrics/base_velocity/error_vel_xy,0.07478217035531998,1780993975.2080765
2880,Metrics/base_velocity/error_vel_xy,0.07507415115833282,1780994004.5877717
2886,Metrics/base_velocity/error_vel_xy,0.07442017644643784,1780994033.8292537
2892,Metrics/base_velocity/error_vel_xy,0.07492727041244507,1780994063.220394
2898,Metrics/base_velocity/error_vel_xy,0.07485154271125793,1780994092.508916
2904,Metrics/base_velocity/error_vel_xy,0.0747891515493393,1780994121.6487892
2910,Metrics/base_velocity/error_vel_xy,0.07508498430252075,1780994150.9324443
2916,Metrics/base_velocity/error_vel_xy,0.07501614093780518,1780994180.397975
2922,Metrics/base_velocity/error_vel_xy,0.07537244260311127,1780994210.3802063
2928,Metrics/base_velocity/error_vel_xy,0.07559645920991898,1780994240.2399821
2934,Metrics/base_velocity/error_vel_xy,0.07552874088287354,1780994269.7794962
2940,Metrics/base_velocity/error_vel_xy,0.07538449019193649,1780994299.1395352
2946,Metrics/base_velocity/error_vel_xy,0.07592402398586273,1780994328.5809126
2952,Metrics/base_velocity/error_vel_xy,0.07622899115085602,1780994357.9093204
2958,Metrics/base_velocity/error_vel_xy,0.07596594095230103,1780994387.4439108
2964,Metrics/base_velocity/error_vel_xy,0.07568123936653137,1780994417.359135
2970,Metrics/base_velocity/error_vel_xy,0.07552278786897659,1780994447.10104
2976,Metrics/base_velocity/error_vel_xy,0.07581155747175217,1780994476.4448266
2982,Metrics/base_velocity/error_vel_xy,0.07635772228240967,1780994506.2873473
2988,Metrics/base_velocity/error_vel_xy,0.07649663090705872,1780994535.689044
2994,Metrics/base_velocity/error_vel_xy,0.07622852921485901,1780994565.0285947
3000,Metrics/base_velocity/error_vel_xy,0.07543826103210449,1780994594.7328603
3006,Metrics/base_velocity/error_vel_xy,0.07524406909942627,1780994624.5252652
3012,Metrics/base_velocity/error_vel_xy,0.07484571635723114,1780994653.7107246
3018,Metrics/base_velocity/error_vel_xy,0.07438051700592041,1780994683.123669
3024,Metrics/base_velocity/error_vel_xy,0.07490462064743042,1780994712.4927351
3030,Metrics/base_velocity/error_vel_xy,0.07469304651021957,1780994741.7414732
3036,Metrics/base_velocity/error_vel_xy,0.074266716837883,1780994771.2888148
3042,Metrics/base_velocity/error_vel_xy,0.0746670663356781,1780994800.7993076
3048,Metrics/base_velocity/error_vel_xy,0.07509663701057434,1780994830.2810905
3054,Metrics/base_velocity/error_vel_xy,0.07464222609996796,1780994859.9646664
3060,Metrics/base_velocity/error_vel_xy,0.0744178369641304,1780994889.9940517
3066,Metrics/base_velocity/error_vel_xy,0.0751698762178421,1780994919.3848944
3072,Metrics/base_velocity/error_vel_xy,0.07434999197721481,1780994948.9568777
3078,Metrics/base_velocity/error_vel_xy,0.07446378469467163,1780994978.892795
3084,Metrics/base_velocity/error_vel_xy,0.07455845177173615,1780995008.8716419
3090,Metrics/base_velocity/error_vel_xy,0.07453768700361252,1780995038.7443702
3096,Metrics/base_velocity/error_vel_xy,0.07407097518444061,1780995068.5827508
3102,Metrics/base_velocity/error_vel_xy,0.07376673817634583,1780995097.8550994
3108,Metrics/base_velocity/error_vel_xy,0.0738423764705658,1780995127.1446195
3114,Metrics/base_velocity/error_vel_xy,0.07335709035396576,1780995156.22764
3120,Metrics/base_velocity/error_vel_xy,0.07379644364118576,1780995185.2679732
3126,Metrics/base_velocity/error_vel_xy,0.07365727424621582,1780995214.511514
3132,Metrics/base_velocity/error_vel_xy,0.07388843595981598,1780995243.9712825
3138,Metrics/base_velocity/error_vel_xy,0.07410411536693573,1780995273.305674
3144,Metrics/base_velocity/error_vel_xy,0.07431714981794357,1780995302.8349571
3150,Metrics/base_velocity/error_vel_xy,0.07473219186067581,1780995332.3792596
3156,Metrics/base_velocity/error_vel_xy,0.0738799124956131,1780995361.7901802
3162,Metrics/base_velocity/error_vel_xy,0.07460294663906097,1780995390.769424
3168,Metrics/base_velocity/error_vel_xy,0.07422912120819092,1780995420.0612385
3174,Metrics/base_velocity/error_vel_xy,0.07508164644241333,1780995449.6960208
3180,Metrics/base_velocity/error_vel_xy,0.07508398592472076,1780995479.2021391
3186,Metrics/base_velocity/error_vel_xy,0.07558846473693848,1780995508.7445977
3192,Metrics/base_velocity/error_vel_xy,0.07573681324720383,1780995538.0680392
3198,Metrics/base_velocity/error_vel_xy,0.07485535740852356,1780995567.5981731
3204,Metrics/base_velocity/error_vel_xy,0.07515864074230194,1780995596.5994346
3210,Metrics/base_velocity/error_vel_xy,0.07514362037181854,1780995626.8324964
3216,Metrics/base_velocity/error_vel_xy,0.07505922764539719,1780995656.3152428
3222,Metrics/base_velocity/error_vel_xy,0.0755152553319931,1780995686.2241783
3228,Metrics/base_velocity/error_vel_xy,0.07533171027898788,1780995715.3269951
3234,Metrics/base_velocity/error_vel_xy,0.07491476088762283,1780995744.6521435
3240,Metrics/base_velocity/error_vel_xy,0.07554057240486145,1780995774.1715117
3246,Metrics/base_velocity/error_vel_xy,0.07535494863986969,1780995803.5235057
3252,Metrics/base_velocity/error_vel_xy,0.07505767792463303,1780995832.8863978
3258,Metrics/base_velocity/error_vel_xy,0.07484880089759827,1780995862.0880382
3264,Metrics/base_velocity/error_vel_xy,0.0748429149389267,1780995891.0876248
3270,Metrics/base_velocity/error_vel_xy,0.07474410533905029,1780995920.4824142
3276,Metrics/base_velocity/error_vel_xy,0.07610920071601868,1780995950.6565888
3282,Metrics/base_velocity/error_vel_xy,0.07412083446979523,1780995980.4587893
3288,Metrics/base_velocity/error_vel_xy,0.07426019012928009,1780996010.3420892
3294,Metrics/base_velocity/error_vel_xy,0.07412385940551758,1780996040.3530798
3300,Metrics/base_velocity/error_vel_xy,0.07388374209403992,1780996070.263672
3306,Metrics/base_velocity/error_vel_xy,0.07378380000591278,1780996100.303606
3312,Metrics/base_velocity/error_vel_xy,0.07334570586681366,1780996130.0809567
3318,Metrics/base_velocity/error_vel_xy,0.07401933521032333,1780996159.7136524
3324,Metrics/base_velocity/error_vel_xy,0.07372980564832687,1780996189.672983
3330,Metrics/base_velocity/error_vel_xy,0.07350540161132812,1780996219.797457
3336,Metrics/base_velocity/error_vel_xy,0.07361678779125214,1780996249.707905
3342,Metrics/base_velocity/error_vel_xy,0.07367723435163498,1780996279.036736
3348,Metrics/base_velocity/error_vel_xy,0.07349678128957748,1780996308.666287
3354,Metrics/base_velocity/error_vel_xy,0.0741831362247467,1780996337.9086757
3360,Metrics/base_velocity/error_vel_xy,0.07430575788021088,1780996367.21401
3366,Metrics/base_velocity/error_vel_xy,0.07441335171461105,1780996396.631803
3372,Metrics/base_velocity/error_vel_xy,0.07351282238960266,1780996425.946125
3378,Metrics/base_velocity/error_vel_xy,0.07390912622213364,1780996455.5878158
3384,Metrics/base_velocity/error_vel_xy,0.07384561002254486,1780996485.2745748
3390,Metrics/base_velocity/error_vel_xy,0.07375308871269226,1780996515.271196
3396,Metrics/base_velocity/error_vel_xy,0.07414086163043976,1780996544.928
3402,Metrics/base_velocity/error_vel_xy,0.07455764710903168,1780996574.5342932
3408,Metrics/base_velocity/error_vel_xy,0.07503592222929001,1780996603.9737241
3414,Metrics/base_velocity/error_vel_xy,0.07404740154743195,1780996633.4784245
3420,Metrics/base_velocity/error_vel_xy,0.07408635318279266,1780996662.7851796
3426,Metrics/base_velocity/error_vel_xy,0.07412360608577728,1780996692.7209716
3432,Metrics/base_velocity/error_vel_xy,0.0745808482170105,1780996722.2576938
3438,Metrics/base_velocity/error_vel_xy,0.07415264844894409,1780996751.281454
3444,Metrics/base_velocity/error_vel_xy,0.07493925094604492,1780996780.2657156
3450,Metrics/base_velocity/error_vel_xy,0.0748697817325592,1780996809.5364203
3456,Metrics/base_velocity/error_vel_xy,0.07435572892427444,1780996838.8947234
3462,Metrics/base_velocity/error_vel_xy,0.07443304359912872,1780996868.3217905
3468,Metrics/base_velocity/error_vel_xy,0.07412173599004745,1780996897.6088822
3474,Metrics/base_velocity/error_vel_xy,0.07465799897909164,1780996926.7613904
3480,Metrics/base_velocity/error_vel_xy,0.07407214492559433,1780996955.6640463
3486,Metrics/base_velocity/error_vel_xy,0.0743960440158844,1780996984.8685493
3492,Metrics/base_velocity/error_vel_xy,0.07397199422121048,1780997014.2218208
3498,Metrics/base_velocity/error_vel_xy,0.07417462021112442,1780997043.4119701
3504,Metrics/base_velocity/error_vel_xy,0.07417549192905426,1780997073.1505275
3510,Metrics/base_velocity/error_vel_xy,0.07465235143899918,1780997103.2242856
3516,Metrics/base_velocity/error_vel_xy,0.07492994517087936,1780997133.2753384
3522,Metrics/base_velocity/error_vel_xy,0.07443779706954956,1780997162.987701
3528,Metrics/base_velocity/error_vel_xy,0.07500656694173813,1780997193.0752344
3534,Metrics/base_velocity/error_vel_xy,0.07516956329345703,1780997223.2125437
3540,Metrics/base_velocity/error_vel_xy,0.07457751035690308,1780997253.3300784
3546,Metrics/base_velocity/error_vel_xy,0.07445400208234787,1780997282.7058523
3552,Metrics/base_velocity/error_vel_xy,0.07446691393852234,1780997311.8732417
3558,Metrics/base_velocity/error_vel_xy,0.07477623224258423,1780997341.4854522
3564,Metrics/base_velocity/error_vel_xy,0.0746648758649826,1780997371.288064
3570,Metrics/base_velocity/error_vel_xy,0.07534323632717133,1780997401.0983133
3576,Metrics/base_velocity/error_vel_xy,0.0747835785150528,1780997430.5659468
3582,Metrics/base_velocity/error_vel_xy,0.07424569129943848,1780997460.1419134
3588,Metrics/base_velocity/error_vel_xy,0.07395017892122269,1780997489.9526792
3594,Metrics/base_velocity/error_vel_xy,0.07371781766414642,1780997519.3039017
3600,Metrics/base_velocity/error_vel_xy,0.07391723990440369,1780997549.01569
3606,Metrics/base_velocity/error_vel_xy,0.07394140958786011,1780997578.7378283
3612,Metrics/base_velocity/error_vel_xy,0.07450494170188904,1780997608.3651795
3618,Metrics/base_velocity/error_vel_xy,0.07450594007968903,1780997638.1361701
3624,Metrics/base_velocity/error_vel_xy,0.07390929013490677,1780997668.1144397
3630,Metrics/base_velocity/error_vel_xy,0.07397106289863586,1780997698.0724006
3636,Metrics/base_velocity/error_vel_xy,0.07404942810535431,1780997727.9786487
3642,Metrics/base_velocity/error_vel_xy,0.07449294626712799,1780997758.3742876
3648,Metrics/base_velocity/error_vel_xy,0.07314494252204895,1780997788.2720401
3654,Metrics/base_velocity/error_vel_xy,0.07407620549201965,1780997817.8513234
3660,Metrics/base_velocity/error_vel_xy,0.07445462793111801,1780997847.7397258
3666,Metrics/base_velocity/error_vel_xy,0.07421517372131348,1780997877.6934316
3672,Metrics/base_velocity/error_vel_xy,0.07416638731956482,1780997907.2196805
3678,Metrics/base_velocity/error_vel_xy,0.07427426427602768,1780997936.726492
3684,Metrics/base_velocity/error_vel_xy,0.07419200241565704,1780997966.195375
3690,Metrics/base_velocity/error_vel_xy,0.07440955936908722,1780997996.1058266
3696,Metrics/base_velocity/error_vel_xy,0.07441364228725433,1780998025.6857808
3702,Metrics/base_velocity/error_vel_xy,0.07461029291152954,1780998055.440253
3708,Metrics/base_velocity/error_vel_xy,0.07419893145561218,1780998085.1756883
3714,Metrics/base_velocity/error_vel_xy,0.0737781971693039,1780998115.3394928
3720,Metrics/base_velocity/error_vel_xy,0.07403769344091415,1780998145.0055645
3726,Metrics/base_velocity/error_vel_xy,0.0741017684340477,1780998174.3245504
3732,Metrics/base_velocity/error_vel_xy,0.07360818982124329,1780998204.1941082
3738,Metrics/base_velocity/error_vel_xy,0.07348911464214325,1780998233.698084
3744,Metrics/base_velocity/error_vel_xy,0.07426072657108307,1780998263.2920966
3750,Metrics/base_velocity/error_vel_xy,0.07391196489334106,1780998293.215973
3756,Metrics/base_velocity/error_vel_xy,0.07394573837518692,1780998323.4349356
3762,Metrics/base_velocity/error_vel_xy,0.07401316612958908,1780998353.4276693
3768,Metrics/base_velocity/error_vel_xy,0.07407931983470917,1780998383.130767
3774,Metrics/base_velocity/error_vel_xy,0.0739942193031311,1780998412.0704405
3780,Metrics/base_velocity/error_vel_xy,0.07271156460046768,1780998440.967729
3786,Metrics/base_velocity/error_vel_xy,0.07386352121829987,1780998470.075744
3792,Metrics/base_velocity/error_vel_xy,0.07329461723566055,1780998499.0555212
3798,Metrics/base_velocity/error_vel_xy,0.07341054081916809,1780998527.9827151
3804,Metrics/base_velocity/error_vel_xy,0.07352282106876373,1780998556.9512696
3810,Metrics/base_velocity/error_vel_xy,0.07318806648254395,1780998585.9234939
3816,Metrics/base_velocity/error_vel_xy,0.07405421137809753,1780998614.7214453
3822,Metrics/base_velocity/error_vel_xy,0.07360651344060898,1780998643.885309
3828,Metrics/base_velocity/error_vel_xy,0.07382474839687347,1780998673.023937
3834,Metrics/base_velocity/error_vel_xy,0.07321371883153915,1780998702.148123
3840,Metrics/base_velocity/error_vel_xy,0.07270228862762451,1780998731.4386916
3846,Metrics/base_velocity/error_vel_xy,0.07282239198684692,1780998760.4849923
3852,Metrics/base_velocity/error_vel_xy,0.07298383116722107,1780998789.5601835
3858,Metrics/base_velocity/error_vel_xy,0.07255281507968903,1780998818.4014938
3864,Metrics/base_velocity/error_vel_xy,0.07284059375524521,1780998847.269712
3870,Metrics/base_velocity/error_vel_xy,0.07268591970205307,1780998876.3930035
3876,Metrics/base_velocity/error_vel_xy,0.07245704531669617,1780998906.0956173
3882,Metrics/base_velocity/error_vel_xy,0.07255342602729797,1780998935.5472167
3888,Metrics/base_velocity/error_vel_xy,0.07238320261240005,1780998965.150065
3894,Metrics/base_velocity/error_vel_xy,0.07287323474884033,1780998994.4904938
3900,Metrics/base_velocity/error_vel_xy,0.07305441796779633,1780999023.5842314
3906,Metrics/base_velocity/error_vel_xy,0.07313862442970276,1780999052.9931068
3912,Metrics/base_velocity/error_vel_xy,0.0730850026011467,1780999082.0763855
3918,Metrics/base_velocity/error_vel_xy,0.07309257984161377,1780999111.090289
3924,Metrics/base_velocity/error_vel_xy,0.07323957979679108,1780999140.20834
3930,Metrics/base_velocity/error_vel_xy,0.07292278856039047,1780999169.4623408
3936,Metrics/base_velocity/error_vel_xy,0.0719909518957138,1780999198.7397263
3942,Metrics/base_velocity/error_vel_xy,0.07269170880317688,1780999227.9247801
3948,Metrics/base_velocity/error_vel_xy,0.07249126583337784,1780999256.7949054
3954,Metrics/base_velocity/error_vel_xy,0.07197271287441254,1780999285.7332373
3960,Metrics/base_velocity/error_vel_xy,0.07189811766147614,1780999314.810483
3966,Metrics/base_velocity/error_vel_xy,0.07146166265010834,1780999343.6724272
3972,Metrics/base_velocity/error_vel_xy,0.07127988338470459,1780999372.4427197
3978,Metrics/base_velocity/error_vel_xy,0.07209032028913498,1780999401.460959
3984,Metrics/base_velocity/error_vel_xy,0.07127858698368073,1780999430.4522033
3990,Metrics/base_velocity/error_vel_xy,0.07261894643306732,1780999459.6532853
3996,Metrics/base_velocity/error_vel_xy,0.07108539342880249,1780999488.747607
4002,Metrics/base_velocity/error_vel_xy,0.07127565145492554,1780999518.1489928
4008,Metrics/base_velocity/error_vel_xy,0.07125093042850494,1780999547.4211516
4014,Metrics/base_velocity/error_vel_xy,0.07123160362243652,1780999576.4200296
4020,Metrics/base_velocity/error_vel_xy,0.07156196236610413,1780999606.0535963
4026,Metrics/base_velocity/error_vel_xy,0.07127463817596436,1780999635.6321301
4032,Metrics/base_velocity/error_vel_xy,0.07154282927513123,1780999665.1108181
4038,Metrics/base_velocity/error_vel_xy,0.07128971815109253,1780999694.7515674
4044,Metrics/base_velocity/error_vel_xy,0.07115717232227325,1780999724.4180965
4050,Metrics/base_velocity/error_vel_xy,0.07113717496395111,1780999752.2164874
4056,Metrics/base_velocity/error_vel_xy,0.07108873128890991,1780999777.303374
4062,Metrics/base_velocity/error_vel_xy,0.0703173354268074,1780999802.7436154
4068,Metrics/base_velocity/error_vel_xy,0.07073237746953964,1780999832.0776844
4074,Metrics/base_velocity/error_vel_xy,0.0706770122051239,1780999861.610386
4080,Metrics/base_velocity/error_vel_xy,0.07023416459560394,1780999891.0419445
4086,Metrics/base_velocity/error_vel_xy,0.07033813744783401,1780999920.605362
4092,Metrics/base_velocity/error_vel_xy,0.07059010863304138,1780999950.0074768
4098,Metrics/base_velocity/error_vel_xy,0.07085468620061874,1780999979.5486019
4104,Metrics/base_velocity/error_vel_xy,0.06983166933059692,1781000008.82682
4110,Metrics/base_velocity/error_vel_xy,0.06968770176172256,1781000038.3215206
4116,Metrics/base_velocity/error_vel_xy,0.07056041806936264,1781000067.6239486
4122,Metrics/base_velocity/error_vel_xy,0.07008782774209976,1781000096.8183749
4128,Metrics/base_velocity/error_vel_xy,0.0697869285941124,1781000126.2597194
4134,Metrics/base_velocity/error_vel_xy,0.06940385699272156,1781000156.007186
4140,Metrics/base_velocity/error_vel_xy,0.06932424008846283,1781000185.532509
4146,Metrics/base_velocity/error_vel_xy,0.06889303028583527,1781000214.6984894
4152,Metrics/base_velocity/error_vel_xy,0.06917614489793777,1781000243.8089435
4158,Metrics/base_velocity/error_vel_xy,0.06974552571773529,1781000273.2222352
4164,Metrics/base_velocity/error_vel_xy,0.06980418413877487,1781000302.4708252
4170,Metrics/base_velocity/error_vel_xy,0.0695473849773407,1781000332.132593
4176,Metrics/base_velocity/error_vel_xy,0.06956815719604492,1781000361.9098327
4182,Metrics/base_velocity/error_vel_xy,0.0696711391210556,1781000391.4090228
4188,Metrics/base_velocity/error_vel_xy,0.06920298933982849,1781000420.8052783
4194,Metrics/base_velocity/error_vel_xy,0.06901941448450089,1781000450.2332718
4200,Metrics/base_velocity/error_vel_xy,0.06988918781280518,1781000479.805817
4206,Metrics/base_velocity/error_vel_xy,0.06880930066108704,1781000508.9715414
4212,Metrics/base_velocity/error_vel_xy,0.0689864307641983,1781000538.2462957
4218,Metrics/base_velocity/error_vel_xy,0.06906374543905258,1781000567.445252
4224,Metrics/base_velocity/error_vel_xy,0.0684809684753418,1781000596.5939236
4230,Metrics/base_velocity/error_vel_xy,0.06958279013633728,1781000625.7807353
4236,Metrics/base_velocity/error_vel_xy,0.06890179216861725,1781000655.434005
4242,Metrics/base_velocity/error_vel_xy,0.06794914603233337,1781000684.8219852
4248,Metrics/base_velocity/error_vel_xy,0.06887122243642807,1781000714.4632509
4254,Metrics/base_velocity/error_vel_xy,0.0688464492559433,1781000744.385462
4260,Metrics/base_velocity/error_vel_xy,0.0689268559217453,1781000774.0269144
4266,Metrics/base_velocity/error_vel_xy,0.06890100985765457,1781000803.2543864
4272,Metrics/base_velocity/error_vel_xy,0.06936430931091309,1781000832.4042506
4278,Metrics/base_velocity/error_vel_xy,0.06959843635559082,1781000861.7654884
4284,Metrics/base_velocity/error_vel_xy,0.06871432811021805,1781000891.435872
4290,Metrics/base_velocity/error_vel_xy,0.06914323568344116,1781000921.2822824
4296,Metrics/base_velocity/error_vel_xy,0.06930598616600037,1781000951.219586
4302,Metrics/base_velocity/error_vel_xy,0.0693083256483078,1781000981.0167596
4308,Metrics/base_velocity/error_vel_xy,0.0694851279258728,1781001011.1312976
4314,Metrics/base_velocity/error_vel_xy,0.06885995715856552,1781001040.7132642
4320,Metrics/base_velocity/error_vel_xy,0.06883984059095383,1781001070.5341728
4326,Metrics/base_velocity/error_vel_xy,0.0685451403260231,1781001100.398598
4332,Metrics/base_velocity/error_vel_xy,0.06913188099861145,1781001130.0738118
4338,Metrics/base_velocity/error_vel_xy,0.06933058798313141,1781001159.607015
4344,Metrics/base_velocity/error_vel_xy,0.06943191587924957,1781001188.9833999
4350,Metrics/base_velocity/error_vel_xy,0.06921114027500153,1781001218.6227608
4356,Metrics/base_velocity/error_vel_xy,0.0703054890036583,1781001248.538733
4362,Metrics/base_velocity/error_vel_xy,0.06994067877531052,1781001278.1348739
4368,Metrics/base_velocity/error_vel_xy,0.06905597448348999,1781001308.00893
4374,Metrics/base_velocity/error_vel_xy,0.06945069134235382,1781001337.9077237
4380,Metrics/base_velocity/error_vel_xy,0.06966657936573029,1781001367.733504
4386,Metrics/base_velocity/error_vel_xy,0.06931537389755249,1781001397.3708472
4392,Metrics/base_velocity/error_vel_xy,0.06957040727138519,1781001426.6007981
4398,Metrics/base_velocity/error_vel_xy,0.06927761435508728,1781001456.5942645
4404,Metrics/base_velocity/error_vel_xy,0.06990882754325867,1781001486.596924
4410,Metrics/base_velocity/error_vel_xy,0.06935708224773407,1781001516.0699115
4416,Metrics/base_velocity/error_vel_xy,0.06925834715366364,1781001545.7226446
4422,Metrics/base_velocity/error_vel_xy,0.06905380636453629,1781001575.803642
4428,Metrics/base_velocity/error_vel_xy,0.0691569447517395,1781001605.710704
4434,Metrics/base_velocity/error_vel_xy,0.06851496547460556,1781001635.0759969
4440,Metrics/base_velocity/error_vel_xy,0.06900683045387268,1781001664.7487137
4446,Metrics/base_velocity/error_vel_xy,0.0681842565536499,1781001694.291819
4452,Metrics/base_velocity/error_vel_xy,0.06879736483097076,1781001723.9432557
4458,Metrics/base_velocity/error_vel_xy,0.06873819231987,1781001753.9348278
4464,Metrics/base_velocity/error_vel_xy,0.06850311905145645,1781001783.7376993
4470,Metrics/base_velocity/error_vel_xy,0.06868617236614227,1781001813.3789191
4476,Metrics/base_velocity/error_vel_xy,0.06853511184453964,1781001843.4490666
4482,Metrics/base_velocity/error_vel_xy,0.06911136955022812,1781001873.1791875
4488,Metrics/base_velocity/error_vel_xy,0.06852100789546967,1781001902.9501443
4494,Metrics/base_velocity/error_vel_xy,0.06849323958158493,1781001932.186006
4500,Metrics/base_velocity/error_vel_xy,0.06900422275066376,1781001961.7350054
4506,Metrics/base_velocity/error_vel_xy,0.0688326507806778,1781001991.3129303
4512,Metrics/base_velocity/error_vel_xy,0.06858925521373749,1781002020.9468255
4518,Metrics/base_velocity/error_vel_xy,0.06905720382928848,1781002050.6505024
4524,Metrics/base_velocity/error_vel_xy,0.06925515830516815,1781002080.41053
4530,Metrics/base_velocity/error_vel_xy,0.06979268789291382,1781002110.2625296
4536,Metrics/base_velocity/error_vel_xy,0.0699358880519867,1781002140.065418
4542,Metrics/base_velocity/error_vel_xy,0.0698784813284874,1781002169.8862598
4548,Metrics/base_velocity/error_vel_xy,0.06973320245742798,1781002199.4481936
4554,Metrics/base_velocity/error_vel_xy,0.07005079090595245,1781002229.2146623
4560,Metrics/base_velocity/error_vel_xy,0.06994631886482239,1781002258.9470844
4566,Metrics/base_velocity/error_vel_xy,0.07051512598991394,1781002288.444472
4572,Metrics/base_velocity/error_vel_xy,0.06967522203922272,1781002317.9909973
4578,Metrics/base_velocity/error_vel_xy,0.0698271170258522,1781002347.8469236
4584,Metrics/base_velocity/error_vel_xy,0.070297010242939,1781002377.824991
4590,Metrics/base_velocity/error_vel_xy,0.07033079862594604,1781002407.7648373
4596,Metrics/base_velocity/error_vel_xy,0.06993678957223892,1781002437.5379126
4602,Metrics/base_velocity/error_vel_xy,0.06976380944252014,1781002467.2697139
4608,Metrics/base_velocity/error_vel_xy,0.0700598657131195,1781002497.216184
4614,Metrics/base_velocity/error_vel_xy,0.07084245979785919,1781002526.9135225
4620,Metrics/base_velocity/error_vel_xy,0.06997533142566681,1781002556.6985176
4626,Metrics/base_velocity/error_vel_xy,0.06985846161842346,1781002585.881545
4632,Metrics/base_velocity/error_vel_xy,0.07008763402700424,1781002615.4993608
4638,Metrics/base_velocity/error_vel_xy,0.07077193260192871,1781002645.371683
4644,Metrics/base_velocity/error_vel_xy,0.07058611512184143,1781002675.0585828
4650,Metrics/base_velocity/error_vel_xy,0.0713428407907486,1781002704.6148489
4656,Metrics/base_velocity/error_vel_xy,0.06932982802391052,1781002734.5666611
4662,Metrics/base_velocity/error_vel_xy,0.06972689926624298,1781002764.5448236
4668,Metrics/base_velocity/error_vel_xy,0.06969019770622253,1781002794.7994184
4674,Metrics/base_velocity/error_vel_xy,0.06981353461742401,1781002825.0001342
4680,Metrics/base_velocity/error_vel_xy,0.06955236196517944,1781002854.954436
4686,Metrics/base_velocity/error_vel_xy,0.06935041397809982,1781002884.6020043
4692,Metrics/base_velocity/error_vel_xy,0.069155752658844,1781002914.1911316
4698,Metrics/base_velocity/error_vel_xy,0.07023230195045471,1781002943.908716
4704,Metrics/base_velocity/error_vel_xy,0.06983760744333267,1781002973.0008924
4710,Metrics/base_velocity/error_vel_xy,0.0697893425822258,1781003002.8727322
4716,Metrics/base_velocity/error_vel_xy,0.0694829672574997,1781003032.8352325
4722,Metrics/base_velocity/error_vel_xy,0.06976724416017532,1781003062.9034832
4728,Metrics/base_velocity/error_vel_xy,0.06989923119544983,1781003092.575263
4734,Metrics/base_velocity/error_vel_xy,0.07018280029296875,1781003122.294762
4740,Metrics/base_velocity/error_vel_xy,0.06942298263311386,1781003151.9669948
4746,Metrics/base_velocity/error_vel_xy,0.07007938623428345,1781003181.8172472
4752,Metrics/base_velocity/error_vel_xy,0.07001014053821564,1781003211.9679182
4758,Metrics/base_velocity/error_vel_xy,0.07026933878660202,1781003242.0176823
4764,Metrics/base_velocity/error_vel_xy,0.06989028304815292,1781003272.0455017
4770,Metrics/base_velocity/error_vel_xy,0.07051721215248108,1781003301.7980316
4776,Metrics/base_velocity/error_vel_xy,0.06979364156723022,1781003331.760962
4782,Metrics/base_velocity/error_vel_xy,0.0695771872997284,1781003361.7571695
4788,Metrics/base_velocity/error_vel_xy,0.07028336077928543,1781003391.4286048
4794,Metrics/base_velocity/error_vel_xy,0.0701596662402153,1781003421.462428
4800,Metrics/base_velocity/error_vel_xy,0.0709700658917427,1781003451.4698882
4806,Metrics/base_velocity/error_vel_xy,0.07069474458694458,1781003481.1172822
4812,Metrics/base_velocity/error_vel_xy,0.07043123990297318,1781003510.9067392
4818,Metrics/base_velocity/error_vel_xy,0.07062672078609467,1781003540.7848866
4824,Metrics/base_velocity/error_vel_xy,0.06983247399330139,1781003570.8187397
4830,Metrics/base_velocity/error_vel_xy,0.07031145691871643,1781003600.8083348
4836,Metrics/base_velocity/error_vel_xy,0.0699702724814415,1781003630.4551647
4842,Metrics/base_velocity/error_vel_xy,0.0698055773973465,1781003659.9987445
4848,Metrics/base_velocity/error_vel_xy,0.06998320668935776,1781003689.4968615
4854,Metrics/base_velocity/error_vel_xy,0.07023210823535919,1781003719.271436
4860,Metrics/base_velocity/error_vel_xy,0.06954853981733322,1781003748.9164922
4866,Metrics/base_velocity/error_vel_xy,0.06937921047210693,1781003778.8365476
4872,Metrics/base_velocity/error_vel_xy,0.06978386640548706,1781003808.6735382
4878,Metrics/base_velocity/error_vel_xy,0.06944411247968674,1781003838.2682128
4884,Metrics/base_velocity/error_vel_xy,0.06958111375570297,1781003867.9997606
4890,Metrics/base_velocity/error_vel_xy,0.0699005275964737,1781003897.5641158
4896,Metrics/base_velocity/error_vel_xy,0.06987423449754715,1781003927.0343366
4902,Metrics/base_velocity/error_vel_xy,0.06974751502275467,1781003956.5190241
4908,Metrics/base_velocity/error_vel_xy,0.06949009746313095,1781003985.7070377
4914,Metrics/base_velocity/error_vel_xy,0.06978122889995575,1781004015.347063
4920,Metrics/base_velocity/error_vel_xy,0.06924325227737427,1781004045.0906997
4926,Metrics/base_velocity/error_vel_xy,0.0693289265036583,1781004074.9892437
4932,Metrics/base_velocity/error_vel_xy,0.06907030194997787,1781004104.5780294
4938,Metrics/base_velocity/error_vel_xy,0.06858156621456146,1781004133.9621117
4944,Metrics/base_velocity/error_vel_xy,0.06898394227027893,1781004163.6365793
4950,Metrics/base_velocity/error_vel_xy,0.06967499107122421,1781004193.235085
4956,Metrics/base_velocity/error_vel_xy,0.0692170262336731,1781004223.3714607
4962,Metrics/base_velocity/error_vel_xy,0.06898539513349533,1781004253.2771502
4968,Metrics/base_velocity/error_vel_xy,0.06879716366529465,1781004283.2701626
4974,Metrics/base_velocity/error_vel_xy,0.06889186799526215,1781004313.233227
4980,Metrics/base_velocity/error_vel_xy,0.06939949095249176,1781004343.1112328
4986,Metrics/base_velocity/error_vel_xy,0.06876096874475479,1781004372.69483
4992,Metrics/base_velocity/error_vel_xy,0.0693129450082779,1781004401.614116
4998,Metrics/base_velocity/error_vel_xy,0.06869764626026154,1781004431.1412792
5004,Metrics/base_velocity/error_vel_xy,0.06886272132396698,1781004460.2146614
5010,Metrics/base_velocity/error_vel_xy,0.0691245049238205,1781004489.445417
5016,Metrics/base_velocity/error_vel_xy,0.06877829879522324,1781004518.6666596
5022,Metrics/base_velocity/error_vel_xy,0.06945096701383591,1781004548.048714
5028,Metrics/base_velocity/error_vel_xy,0.06949838250875473,1781004577.1593566
5034,Metrics/base_velocity/error_vel_xy,0.06971772760152817,1781004606.2558928
5040,Metrics/base_velocity/error_vel_xy,0.06944076716899872,1781004635.84982
5046,Metrics/base_velocity/error_vel_xy,0.069902203977108,1781004665.7577457
5052,Metrics/base_velocity/error_vel_xy,0.06995411962270737,1781004695.1357074
5058,Metrics/base_velocity/error_vel_xy,0.07055902481079102,1781004724.3598511
5064,Metrics/base_velocity/error_vel_xy,0.06964769214391708,1781004753.571647
5070,Metrics/base_velocity/error_vel_xy,0.07107159495353699,1781004782.8347058
5076,Metrics/base_velocity/error_vel_xy,0.06960736215114594,1781004811.9253538
5082,Metrics/base_velocity/error_vel_xy,0.0695493072271347,1781004841.2782106
5088,Metrics/base_velocity/error_vel_xy,0.06897401064634323,1781004870.6071632
5094,Metrics/base_velocity/error_vel_xy,0.06920411437749863,1781004900.034853
5100,Metrics/base_velocity/error_vel_xy,0.06909359991550446,1781004929.5197365
5106,Metrics/base_velocity/error_vel_xy,0.06917557120323181,1781004958.9421282
5112,Metrics/base_velocity/error_vel_xy,0.06901226937770844,1781004988.1558971
5118,Metrics/base_velocity/error_vel_xy,0.06910169124603271,1781005017.6142733
5124,Metrics/base_velocity/error_vel_xy,0.0694517195224762,1781005047.209281
5130,Metrics/base_velocity/error_vel_xy,0.06913013756275177,1781005076.4530194
5136,Metrics/base_velocity/error_vel_xy,0.06924054771661758,1781005105.9079633
5142,Metrics/base_velocity/error_vel_xy,0.06856755912303925,1781005135.4396284
5148,Metrics/base_velocity/error_vel_xy,0.06894324719905853,1781005164.6247265
5154,Metrics/base_velocity/error_vel_xy,0.06901334226131439,1781005193.3848078
5160,Metrics/base_velocity/error_vel_xy,0.06929489970207214,1781005222.26058
5166,Metrics/base_velocity/error_vel_xy,0.06929293274879456,1781005251.1384048
5172,Metrics/base_velocity/error_vel_xy,0.06921757757663727,1781005280.095573
5178,Metrics/base_velocity/error_vel_xy,0.06911897659301758,1781005309.3417847
5184,Metrics/base_velocity/error_vel_xy,0.06900134682655334,1781005338.2703483
5190,Metrics/base_velocity/error_vel_xy,0.06934452056884766,1781005367.9654107
5196,Metrics/base_velocity/error_vel_xy,0.0688270628452301,1781005396.9798257
5202,Metrics/base_velocity/error_vel_xy,0.0687224343419075,1781005426.1638024
5208,Metrics/base_velocity/error_vel_xy,0.06870775669813156,1781005454.7631843
5214,Metrics/base_velocity/error_vel_xy,0.06879670917987823,1781005484.0795927
5220,Metrics/base_velocity/error_vel_xy,0.06836019456386566,1781005513.1141849
5226,Metrics/base_velocity/error_vel_xy,0.0686061903834343,1781005542.245856
5232,Metrics/base_velocity/error_vel_xy,0.06899416446685791,1781005571.499235
5238,Metrics/base_velocity/error_vel_xy,0.06854861974716187,1781005600.9840326
5244,Metrics/base_velocity/error_vel_xy,0.06838358938694,1781005630.5313792
5250,Metrics/base_velocity/error_vel_xy,0.06865186989307404,1781005660.2464259
5256,Metrics/base_velocity/error_vel_xy,0.06867513060569763,1781005689.6943672
5262,Metrics/base_velocity/error_vel_xy,0.06875185668468475,1781005719.5250509
5268,Metrics/base_velocity/error_vel_xy,0.06808075308799744,1781005749.153614
5274,Metrics/base_velocity/error_vel_xy,0.06848898530006409,1781005778.9568796
5280,Metrics/base_velocity/error_vel_xy,0.06824274361133575,1781005809.067091
5286,Metrics/base_velocity/error_vel_xy,0.06867063045501709,1781005838.808528
5292,Metrics/base_velocity/error_vel_xy,0.06871585547924042,1781005868.2934473
5298,Metrics/base_velocity/error_vel_xy,0.0685880184173584,1781005897.4757202
5304,Metrics/base_velocity/error_vel_xy,0.06834760308265686,1781005926.775704
5310,Metrics/base_velocity/error_vel_xy,0.0677020400762558,1781005955.8340523
5316,Metrics/base_velocity/error_vel_xy,0.06756686419248581,1781005984.6699102
5322,Metrics/base_velocity/error_vel_xy,0.06718374788761139,1781006013.669471
5328,Metrics/base_velocity/error_vel_xy,0.06706291437149048,1781006042.6432776
5334,Metrics/base_velocity/error_vel_xy,0.06726980209350586,1781006072.1737738
5340,Metrics/base_velocity/error_vel_xy,0.06720426678657532,1781006102.1222212
5346,Metrics/base_velocity/error_vel_xy,0.0673719048500061,1781006132.552123
5352,Metrics/base_velocity/error_vel_xy,0.06776989996433258,1781006162.492636
5358,Metrics/base_velocity/error_vel_xy,0.06778749823570251,1781006192.5648263
5364,Metrics/base_velocity/error_vel_xy,0.06799917668104172,1781006222.419904
5370,Metrics/base_velocity/error_vel_xy,0.06810548901557922,1781006252.2495744
5376,Metrics/base_velocity/error_vel_xy,0.06835155189037323,1781006282.4006054
5382,Metrics/base_velocity/error_vel_xy,0.06862236559391022,1781006312.7125962
5388,Metrics/base_velocity/error_vel_xy,0.0686839297413826,1781006344.0823874
5394,Metrics/base_velocity/error_vel_xy,0.0689372569322586,1781006374.1455274
5400,Metrics/base_velocity/error_vel_xy,0.06829248368740082,1781006404.092004
5406,Metrics/base_velocity/error_vel_xy,0.06836801767349243,1781006434.465198
5412,Metrics/base_velocity/error_vel_xy,0.06788910180330276,1781006465.407132
5418,Metrics/base_velocity/error_vel_xy,0.06780258566141129,1781006496.8314087
5424,Metrics/base_velocity/error_vel_xy,0.06786411255598068,1781006527.8224854
5430,Metrics/base_velocity/error_vel_xy,0.06810696423053741,1781006558.3516293
5436,Metrics/base_velocity/error_vel_xy,0.06778311729431152,1781006589.085568
5442,Metrics/base_velocity/error_vel_xy,0.06851345300674438,1781006619.535274
5448,Metrics/base_velocity/error_vel_xy,0.06806455552577972,1781006649.9091282
5454,Metrics/base_velocity/error_vel_xy,0.06790953874588013,1781006680.2572548
5460,Metrics/base_velocity/error_vel_xy,0.06801408529281616,1781006711.4589105
5466,Metrics/base_velocity/error_vel_xy,0.06775098294019699,1781006742.6444929
5472,Metrics/base_velocity/error_vel_xy,0.06786640733480453,1781006773.393674
5478,Metrics/base_velocity/error_vel_xy,0.06771468371152878,1781006803.7148216
5484,Metrics/base_velocity/error_vel_xy,0.06775812804698944,1781006834.2278492
5490,Metrics/base_velocity/error_vel_xy,0.06777387857437134,1781006865.2125607
5496,Metrics/base_velocity/error_vel_xy,0.06723123788833618,1781006896.3491123
5502,Metrics/base_velocity/error_vel_xy,0.06744053214788437,1781006927.5822983
5508,Metrics/base_velocity/error_vel_xy,0.06791272759437561,1781006958.6461987
5514,Metrics/base_velocity/error_vel_xy,0.06788398325443268,1781006989.583825
5520,Metrics/base_velocity/error_vel_xy,0.06810746341943741,1781007019.9319808
5526,Metrics/base_velocity/error_vel_xy,0.06826528906822205,1781007050.8015862
5532,Metrics/base_velocity/error_vel_xy,0.06893128156661987,1781007081.266082
5538,Metrics/base_velocity/error_vel_xy,0.06912334263324738,1781007111.771104
5544,Metrics/base_velocity/error_vel_xy,0.06860478967428207,1781007141.794541
5550,Metrics/base_velocity/error_vel_xy,0.06869053095579147,1781007172.6704576
5556,Metrics/base_velocity/error_vel_xy,0.06870997697114944,1781007202.6120036
5562,Metrics/base_velocity/error_vel_xy,0.0692739337682724,1781007232.8064196
5568,Metrics/base_velocity/error_vel_xy,0.06858007609844208,1781007262.852168
5574,Metrics/base_velocity/error_vel_xy,0.06777545809745789,1781007293.387809
5580,Metrics/base_velocity/error_vel_xy,0.06834753602743149,1781007323.5024052
5586,Metrics/base_velocity/error_vel_xy,0.06813269853591919,1781007354.44387
5592,Metrics/base_velocity/error_vel_xy,0.06835772842168808,1781007385.2520115
5598,Metrics/base_velocity/error_vel_xy,0.06820718944072723,1781007416.050042
5604,Metrics/base_velocity/error_vel_xy,0.06741662323474884,1781007447.4080179
5610,Metrics/base_velocity/error_vel_xy,0.06753053516149521,1781007478.0419436
5616,Metrics/base_velocity/error_vel_xy,0.06792916357517242,1781007508.7905748
5622,Metrics/base_velocity/error_vel_xy,0.06793161481618881,1781007539.9138112
5628,Metrics/base_velocity/error_vel_xy,0.06754454225301743,1781007570.6464717
5634,Metrics/base_velocity/error_vel_xy,0.06737608462572098,1781007601.0645134
5640,Metrics/base_velocity/error_vel_xy,0.06747182458639145,1781007633.0627375
5646,Metrics/base_velocity/error_vel_xy,0.06749020516872406,1781007664.4034703
5652,Metrics/base_velocity/error_vel_xy,0.06654267013072968,1781007694.2857046
5654,Metrics/base_velocity/error_vel_xy,0.06802936643362045,1781007704.0694182
0,Metrics/base_velocity/error_vel_yaw,0.04482636600732803,1780976897.3002481
6,Metrics/base_velocity/error_vel_yaw,0.21254532039165497,1780976942.6525538
12,Metrics/base_velocity/error_vel_yaw,0.2594822645187378,1780976987.2759843
18,Metrics/base_velocity/error_vel_yaw,0.28192585706710815,1780977031.660089
24,Metrics/base_velocity/error_vel_yaw,0.30968254804611206,1780977074.4426904
30,Metrics/base_velocity/error_vel_yaw,0.33532822132110596,1780977118.3424156
36,Metrics/base_velocity/error_vel_yaw,0.41295886039733887,1780977161.6352777
42,Metrics/base_velocity/error_vel_yaw,0.5692403316497803,1780977204.535583
48,Metrics/base_velocity/error_vel_yaw,0.7930550575256348,1780977246.674464
54,Metrics/base_velocity/error_vel_yaw,1.139906406402588,1780977289.1912107
60,Metrics/base_velocity/error_vel_yaw,1.444977045059204,1780977332.6835039
66,Metrics/base_velocity/error_vel_yaw,1.9977706670761108,1780977375.9945457
72,Metrics/base_velocity/error_vel_yaw,2.333339214324951,1780977419.8185074
78,Metrics/base_velocity/error_vel_yaw,3.868222713470459,1780977459.6697693
84,Metrics/base_velocity/error_vel_yaw,3.957934856414795,1780977499.4959478
90,Metrics/base_velocity/error_vel_yaw,3.8569695949554443,1780977543.1311388
96,Metrics/base_velocity/error_vel_yaw,3.665381908416748,1780977584.8691418
102,Metrics/base_velocity/error_vel_yaw,3.2704856395721436,1780977627.5948935
108,Metrics/base_velocity/error_vel_yaw,3.091477155685425,1780977671.1476328
114,Metrics/base_velocity/error_vel_yaw,3.3837573528289795,1780977713.9452786
120,Metrics/base_velocity/error_vel_yaw,3.6438465118408203,1780977755.3379292
126,Metrics/base_velocity/error_vel_yaw,3.612473249435425,1780977797.4526465
132,Metrics/base_velocity/error_vel_yaw,3.520256757736206,1780977838.796043
138,Metrics/base_velocity/error_vel_yaw,3.385610580444336,1780977881.3206503
144,Metrics/base_velocity/error_vel_yaw,3.2841858863830566,1780977922.9471118
150,Metrics/base_velocity/error_vel_yaw,3.209588050842285,1780977963.845007
156,Metrics/base_velocity/error_vel_yaw,3.245089292526245,1780978004.697838
162,Metrics/base_velocity/error_vel_yaw,3.2449212074279785,1780978042.6075773
168,Metrics/base_velocity/error_vel_yaw,3.186516523361206,1780978084.4826005
174,Metrics/base_velocity/error_vel_yaw,3.134117841720581,1780978128.7802994
180,Metrics/base_velocity/error_vel_yaw,3.0437865257263184,1780978171.5720603
186,Metrics/base_velocity/error_vel_yaw,2.9738242626190186,1780978215.472596
192,Metrics/base_velocity/error_vel_yaw,2.9535577297210693,1780978259.767662
198,Metrics/base_velocity/error_vel_yaw,2.8413124084472656,1780978304.262861
204,Metrics/base_velocity/error_vel_yaw,2.838674545288086,1780978346.8631654
210,Metrics/base_velocity/error_vel_yaw,2.7712485790252686,1780978390.039863
216,Metrics/base_velocity/error_vel_yaw,2.7046830654144287,1780978431.5419972
222,Metrics/base_velocity/error_vel_yaw,2.637629747390747,1780978474.9671333
228,Metrics/base_velocity/error_vel_yaw,2.577850103378296,1780978518.125179
234,Metrics/base_velocity/error_vel_yaw,2.4915711879730225,1780978561.353216
240,Metrics/base_velocity/error_vel_yaw,2.4532182216644287,1780978607.1239302
246,Metrics/base_velocity/error_vel_yaw,2.4033727645874023,1780978644.709444
252,Metrics/base_velocity/error_vel_yaw,2.337484359741211,1780978679.0882008
258,Metrics/base_velocity/error_vel_yaw,2.2771568298339844,1780978714.277668
264,Metrics/base_velocity/error_vel_yaw,2.2094712257385254,1780978748.016568
270,Metrics/base_velocity/error_vel_yaw,2.137288808822632,1780978781.7783806
276,Metrics/base_velocity/error_vel_yaw,2.0744619369506836,1780978817.5450613
282,Metrics/base_velocity/error_vel_yaw,2.0058979988098145,1780978852.9058535
288,Metrics/base_velocity/error_vel_yaw,1.939069151878357,1780978889.8946385
294,Metrics/base_velocity/error_vel_yaw,1.887495756149292,1780978926.5450878
300,Metrics/base_velocity/error_vel_yaw,1.8261040449142456,1780978960.0224724
306,Metrics/base_velocity/error_vel_yaw,1.7634713649749756,1780978994.0189102
312,Metrics/base_velocity/error_vel_yaw,1.705637812614441,1780979029.9496644
318,Metrics/base_velocity/error_vel_yaw,1.6630597114562988,1780979065.83336
324,Metrics/base_velocity/error_vel_yaw,1.6164649724960327,1780979102.4736364
330,Metrics/base_velocity/error_vel_yaw,1.5626380443572998,1780979137.928826
336,Metrics/base_velocity/error_vel_yaw,1.508302092552185,1780979173.7997053
342,Metrics/base_velocity/error_vel_yaw,1.4649124145507812,1780979210.349115
348,Metrics/base_velocity/error_vel_yaw,1.42328679561615,1780979246.533515
354,Metrics/base_velocity/error_vel_yaw,1.3845590353012085,1780979281.9917479
360,Metrics/base_velocity/error_vel_yaw,1.3481796979904175,1780979316.3446283
366,Metrics/base_velocity/error_vel_yaw,1.32705557346344,1780979352.4780586
372,Metrics/base_velocity/error_vel_yaw,1.2997126579284668,1780979388.964391
378,Metrics/base_velocity/error_vel_yaw,1.2778805494308472,1780979425.0177703
384,Metrics/base_velocity/error_vel_yaw,1.2561142444610596,1780979461.1269665
390,Metrics/base_velocity/error_vel_yaw,1.2462962865829468,1780979493.4593205
396,Metrics/base_velocity/error_vel_yaw,1.2252099514007568,1780979528.5060587
402,Metrics/base_velocity/error_vel_yaw,1.220806360244751,1780979563.6801968
408,Metrics/base_velocity/error_vel_yaw,1.2181628942489624,1780979598.820888
414,Metrics/base_velocity/error_vel_yaw,1.2118327617645264,1780979634.248511
420,Metrics/base_velocity/error_vel_yaw,1.206836223602295,1780979669.712726
426,Metrics/base_velocity/error_vel_yaw,1.2008543014526367,1780979704.9365919
432,Metrics/base_velocity/error_vel_yaw,1.1982214450836182,1780979739.8751853
438,Metrics/base_velocity/error_vel_yaw,1.1953142881393433,1780979774.5864024
444,Metrics/base_velocity/error_vel_yaw,1.1922738552093506,1780979810.3196473
450,Metrics/base_velocity/error_vel_yaw,1.18900728225708,1780979846.41704
456,Metrics/base_velocity/error_vel_yaw,1.1767771244049072,1780979881.077476
462,Metrics/base_velocity/error_vel_yaw,1.1707022190093994,1780979917.6990266
468,Metrics/base_velocity/error_vel_yaw,1.1648699045181274,1780979951.2200263
474,Metrics/base_velocity/error_vel_yaw,1.1567425727844238,1780979982.896195
480,Metrics/base_velocity/error_vel_yaw,1.1445039510726929,1780980015.2516136
486,Metrics/base_velocity/error_vel_yaw,1.1412396430969238,1780980046.8336227
492,Metrics/base_velocity/error_vel_yaw,1.1295268535614014,1780980077.9739757
498,Metrics/base_velocity/error_vel_yaw,1.1192811727523804,1780980110.384853
504,Metrics/base_velocity/error_vel_yaw,1.1022440195083618,1780980141.916137
510,Metrics/base_velocity/error_vel_yaw,1.0900503396987915,1780980173.7611852
516,Metrics/base_velocity/error_vel_yaw,1.0747613906860352,1780980204.590238
522,Metrics/base_velocity/error_vel_yaw,1.0687192678451538,1780980235.7961085
528,Metrics/base_velocity/error_vel_yaw,1.0540999174118042,1780980267.6330264
534,Metrics/base_velocity/error_vel_yaw,1.0388188362121582,1780980299.7023947
540,Metrics/base_velocity/error_vel_yaw,1.0395187139511108,1780980334.043635
546,Metrics/base_velocity/error_vel_yaw,1.026671051979065,1780980366.7870018
552,Metrics/base_velocity/error_vel_yaw,1.019439458847046,1780980399.2485425
558,Metrics/base_velocity/error_vel_yaw,1.0138553380966187,1780980434.24164
564,Metrics/base_velocity/error_vel_yaw,1.0083272457122803,1780980469.0407453
570,Metrics/base_velocity/error_vel_yaw,0.9991024732589722,1780980502.1034863
576,Metrics/base_velocity/error_vel_yaw,0.9867193102836609,1780980536.7247496
582,Metrics/base_velocity/error_vel_yaw,0.9855744242668152,1780980570.836988
588,Metrics/base_velocity/error_vel_yaw,0.9817659258842468,1780980605.7865806
594,Metrics/base_velocity/error_vel_yaw,0.9739555716514587,1780980641.3446608
600,Metrics/base_velocity/error_vel_yaw,0.96763014793396,1780980674.5863147
606,Metrics/base_velocity/error_vel_yaw,0.9644848704338074,1780980709.255051
612,Metrics/base_velocity/error_vel_yaw,0.9529626369476318,1780980740.6302264
618,Metrics/base_velocity/error_vel_yaw,0.9427815675735474,1780980772.664205
624,Metrics/base_velocity/error_vel_yaw,0.9328323602676392,1780980807.0200195
630,Metrics/base_velocity/error_vel_yaw,0.9253400564193726,1780980839.0425603
636,Metrics/base_velocity/error_vel_yaw,0.9201952815055847,1780980873.0298007
642,Metrics/base_velocity/error_vel_yaw,0.9124638438224792,1780980905.8849704
648,Metrics/base_velocity/error_vel_yaw,0.9073006510734558,1780980938.350621
654,Metrics/base_velocity/error_vel_yaw,0.9020715951919556,1780980969.4229603
660,Metrics/base_velocity/error_vel_yaw,0.8964443206787109,1780981001.0847416
666,Metrics/base_velocity/error_vel_yaw,0.8884229063987732,1780981033.5674121
672,Metrics/base_velocity/error_vel_yaw,0.8791400194168091,1780981066.3354983
678,Metrics/base_velocity/error_vel_yaw,0.8713014125823975,1780981099.2365687
684,Metrics/base_velocity/error_vel_yaw,0.8620995283126831,1780981134.4056897
690,Metrics/base_velocity/error_vel_yaw,0.8588821887969971,1780981169.2827754
696,Metrics/base_velocity/error_vel_yaw,0.8629851341247559,1780981204.5461426
702,Metrics/base_velocity/error_vel_yaw,0.849195659160614,1780981239.2988074
708,Metrics/base_velocity/error_vel_yaw,0.8502123355865479,1780981273.9992678
714,Metrics/base_velocity/error_vel_yaw,0.8480462431907654,1780981309.0304813
720,Metrics/base_velocity/error_vel_yaw,0.8452374935150146,1780981342.9507556
726,Metrics/base_velocity/error_vel_yaw,0.8431195020675659,1780981375.5004408
732,Metrics/base_velocity/error_vel_yaw,0.8356172442436218,1780981409.051667
738,Metrics/base_velocity/error_vel_yaw,0.8313543796539307,1780981445.4091325
744,Metrics/base_velocity/error_vel_yaw,0.8234825134277344,1780981481.5201135
750,Metrics/base_velocity/error_vel_yaw,0.8242172002792358,1780981516.407061
756,Metrics/base_velocity/error_vel_yaw,0.8184441328048706,1780981550.6029172
762,Metrics/base_velocity/error_vel_yaw,0.8144161105155945,1780981586.7235067
768,Metrics/base_velocity/error_vel_yaw,0.809746265411377,1780981621.829753
774,Metrics/base_velocity/error_vel_yaw,0.8072308897972107,1780981655.831754
780,Metrics/base_velocity/error_vel_yaw,0.8068122863769531,1780981690.8009572
786,Metrics/base_velocity/error_vel_yaw,0.8035919070243835,1780981726.757838
792,Metrics/base_velocity/error_vel_yaw,0.801318347454071,1780981763.161405
798,Metrics/base_velocity/error_vel_yaw,0.7985340356826782,1780981799.5887473
804,Metrics/base_velocity/error_vel_yaw,0.795444667339325,1780981835.1454146
810,Metrics/base_velocity/error_vel_yaw,0.7928361892700195,1780981870.600538
816,Metrics/base_velocity/error_vel_yaw,0.791054904460907,1780981905.3378503
822,Metrics/base_velocity/error_vel_yaw,0.7884628772735596,1780981938.0610514
828,Metrics/base_velocity/error_vel_yaw,0.7907509803771973,1780981972.109064
834,Metrics/base_velocity/error_vel_yaw,0.7899793386459351,1780982007.4340656
840,Metrics/base_velocity/error_vel_yaw,0.7873648405075073,1780982043.0790358
846,Metrics/base_velocity/error_vel_yaw,0.7832465171813965,1780982076.0392084
852,Metrics/base_velocity/error_vel_yaw,0.7826410531997681,1780982110.8787072
858,Metrics/base_velocity/error_vel_yaw,0.7854839563369751,1780982145.6638935
864,Metrics/base_velocity/error_vel_yaw,0.7811560034751892,1780982181.086061
870,Metrics/base_velocity/error_vel_yaw,0.7826389074325562,1780982216.0447242
876,Metrics/base_velocity/error_vel_yaw,0.7805641889572144,1780982251.7017546
882,Metrics/base_velocity/error_vel_yaw,0.7807353734970093,1780982285.0385554
888,Metrics/base_velocity/error_vel_yaw,0.774369478225708,1780982320.3397064
894,Metrics/base_velocity/error_vel_yaw,0.7709429264068604,1780982353.7951066
900,Metrics/base_velocity/error_vel_yaw,0.7690805196762085,1780982389.8288832
906,Metrics/base_velocity/error_vel_yaw,0.7675957679748535,1780982422.3333302
912,Metrics/base_velocity/error_vel_yaw,0.7651950120925903,1780982456.1303866
918,Metrics/base_velocity/error_vel_yaw,0.7596397399902344,1780982491.8529034
924,Metrics/base_velocity/error_vel_yaw,0.7588152885437012,1780982528.2257733
930,Metrics/base_velocity/error_vel_yaw,0.7555773258209229,1780982564.0689373
936,Metrics/base_velocity/error_vel_yaw,0.7574162483215332,1780982599.4830184
942,Metrics/base_velocity/error_vel_yaw,0.7590309977531433,1780982635.99393
948,Metrics/base_velocity/error_vel_yaw,0.7531871795654297,1780982671.440657
954,Metrics/base_velocity/error_vel_yaw,0.7526370286941528,1780982705.439526
960,Metrics/base_velocity/error_vel_yaw,0.7530750036239624,1780982738.8734639
966,Metrics/base_velocity/error_vel_yaw,0.750767171382904,1780982770.062618
972,Metrics/base_velocity/error_vel_yaw,0.7493883967399597,1780982801.7880878
978,Metrics/base_velocity/error_vel_yaw,0.7461433410644531,1780982833.8885014
984,Metrics/base_velocity/error_vel_yaw,0.7437372207641602,1780982865.2010725
990,Metrics/base_velocity/error_vel_yaw,0.7455808520317078,1780982896.883084
996,Metrics/base_velocity/error_vel_yaw,0.7393468618392944,1780982929.0856776
1002,Metrics/base_velocity/error_vel_yaw,0.7378966212272644,1780982964.2595215
1008,Metrics/base_velocity/error_vel_yaw,0.7339679002761841,1780982997.8683527
1014,Metrics/base_velocity/error_vel_yaw,0.7330161929130554,1780983031.702736
1020,Metrics/base_velocity/error_vel_yaw,0.7319175004959106,1780983066.3813584
1026,Metrics/base_velocity/error_vel_yaw,0.7332057356834412,1780983098.7612185
1032,Metrics/base_velocity/error_vel_yaw,0.7314111590385437,1780983130.9822037
1038,Metrics/base_velocity/error_vel_yaw,0.7269067764282227,1780983163.8927665
1044,Metrics/base_velocity/error_vel_yaw,0.7246094942092896,1780983199.6604176
1050,Metrics/base_velocity/error_vel_yaw,0.7241425514221191,1780983233.3408177
1056,Metrics/base_velocity/error_vel_yaw,0.724317729473114,1780983266.0930715
1062,Metrics/base_velocity/error_vel_yaw,0.7259999513626099,1780983301.2731912
1068,Metrics/base_velocity/error_vel_yaw,0.7219752073287964,1780983336.8487768
1074,Metrics/base_velocity/error_vel_yaw,0.7181198000907898,1780983372.2369697
1080,Metrics/base_velocity/error_vel_yaw,0.721816897392273,1780983407.6273131
1086,Metrics/base_velocity/error_vel_yaw,0.7216901779174805,1780983442.2398758
1092,Metrics/base_velocity/error_vel_yaw,0.7202407121658325,1780983476.6803877
1098,Metrics/base_velocity/error_vel_yaw,0.7195491790771484,1780983512.5662954
1104,Metrics/base_velocity/error_vel_yaw,0.7162708044052124,1780983548.120485
1110,Metrics/base_velocity/error_vel_yaw,0.7153729200363159,1780983582.4125352
1116,Metrics/base_velocity/error_vel_yaw,0.7117881774902344,1780983616.46022
1122,Metrics/base_velocity/error_vel_yaw,0.7095686197280884,1780983648.8446481
1128,Metrics/base_velocity/error_vel_yaw,0.7090662717819214,1780983681.776902
1134,Metrics/base_velocity/error_vel_yaw,0.7069219350814819,1780983716.470529
1140,Metrics/base_velocity/error_vel_yaw,0.7056228518486023,1780983749.9774785
1146,Metrics/base_velocity/error_vel_yaw,0.7041457891464233,1780983782.5962327
1152,Metrics/base_velocity/error_vel_yaw,0.6990656852722168,1780983816.3725965
1158,Metrics/base_velocity/error_vel_yaw,0.6979809999465942,1780983852.0876114
1164,Metrics/base_velocity/error_vel_yaw,0.7003223299980164,1780983887.0281708
1170,Metrics/base_velocity/error_vel_yaw,0.6987723708152771,1780983921.7147398
1176,Metrics/base_velocity/error_vel_yaw,0.6978815793991089,1780983956.8035576
1182,Metrics/base_velocity/error_vel_yaw,0.7003916501998901,1780983992.0045457
1188,Metrics/base_velocity/error_vel_yaw,0.6999473571777344,1780984027.2463665
1194,Metrics/base_velocity/error_vel_yaw,0.7009533643722534,1780984062.428179
1200,Metrics/base_velocity/error_vel_yaw,0.7040135264396667,1780984095.5723267
1206,Metrics/base_velocity/error_vel_yaw,0.699290931224823,1780984130.3411655
1212,Metrics/base_velocity/error_vel_yaw,0.6985111236572266,1780984164.4676368
1218,Metrics/base_velocity/error_vel_yaw,0.6993203163146973,1780984196.9519632
1224,Metrics/base_velocity/error_vel_yaw,0.6964610815048218,1780984230.645472
1230,Metrics/base_velocity/error_vel_yaw,0.6962870359420776,1780984263.3314886
1236,Metrics/base_velocity/error_vel_yaw,0.6982197761535645,1780984297.8081286
1242,Metrics/base_velocity/error_vel_yaw,0.7001740336418152,1780984328.9667642
1248,Metrics/base_velocity/error_vel_yaw,0.6996120810508728,1780984360.5139668
1254,Metrics/base_velocity/error_vel_yaw,0.7003979682922363,1780984393.3311431
1260,Metrics/base_velocity/error_vel_yaw,0.7022129893302917,1780984427.176034
1266,Metrics/base_velocity/error_vel_yaw,0.7032753229141235,1780984461.1718762
1272,Metrics/base_velocity/error_vel_yaw,0.7008878588676453,1780984494.909183
1278,Metrics/base_velocity/error_vel_yaw,0.7049973011016846,1780984528.628455
1284,Metrics/base_velocity/error_vel_yaw,0.7011639475822449,1780984563.5935826
1290,Metrics/base_velocity/error_vel_yaw,0.6978165507316589,1780984598.9690824
1296,Metrics/base_velocity/error_vel_yaw,0.6982874870300293,1780984633.4816465
1302,Metrics/base_velocity/error_vel_yaw,0.6984702944755554,1780984666.2577713
1308,Metrics/base_velocity/error_vel_yaw,0.6954348087310791,1780984701.9136233
1314,Metrics/base_velocity/error_vel_yaw,0.698000431060791,1780984737.0656903
1320,Metrics/base_velocity/error_vel_yaw,0.7014521360397339,1780984772.0380867
1326,Metrics/base_velocity/error_vel_yaw,0.6916267275810242,1780984807.7997825
1332,Metrics/base_velocity/error_vel_yaw,0.6965327262878418,1780984843.0742416
1338,Metrics/base_velocity/error_vel_yaw,0.6959271430969238,1780984877.906399
1344,Metrics/base_velocity/error_vel_yaw,0.6989103555679321,1780984913.0950518
1350,Metrics/base_velocity/error_vel_yaw,0.6962591409683228,1780984946.9449484
1356,Metrics/base_velocity/error_vel_yaw,0.6950376033782959,1780984980.9560452
1362,Metrics/base_velocity/error_vel_yaw,0.700065016746521,1780985015.8591578
1368,Metrics/base_velocity/error_vel_yaw,0.694847583770752,1780985051.3475554
1374,Metrics/base_velocity/error_vel_yaw,0.6936212778091431,1780985084.081856
1380,Metrics/base_velocity/error_vel_yaw,0.6929633021354675,1780985116.559291
1386,Metrics/base_velocity/error_vel_yaw,0.6907138228416443,1780985150.2590215
1392,Metrics/base_velocity/error_vel_yaw,0.6914359331130981,1780985184.4283304
1398,Metrics/base_velocity/error_vel_yaw,0.6946364641189575,1780985219.3789418
1404,Metrics/base_velocity/error_vel_yaw,0.6854367256164551,1780985252.6159222
1410,Metrics/base_velocity/error_vel_yaw,0.6931533217430115,1780985287.2464771
1416,Metrics/base_velocity/error_vel_yaw,0.6941253542900085,1780985320.6471732
1422,Metrics/base_velocity/error_vel_yaw,0.6948026418685913,1780985354.9949112
1428,Metrics/base_velocity/error_vel_yaw,0.695177435874939,1780985389.9920092
1434,Metrics/base_velocity/error_vel_yaw,0.6952492594718933,1780985425.7381644
1440,Metrics/base_velocity/error_vel_yaw,0.7003955841064453,1780985461.142422
1446,Metrics/base_velocity/error_vel_yaw,0.6953365206718445,1780985495.6954563
1452,Metrics/base_velocity/error_vel_yaw,0.6961130499839783,1780985531.4801226
1458,Metrics/base_velocity/error_vel_yaw,0.6927782893180847,1780985567.0899072
1464,Metrics/base_velocity/error_vel_yaw,0.6927601099014282,1780985603.0808766
1470,Metrics/base_velocity/error_vel_yaw,0.6917371153831482,1780985638.8452299
1476,Metrics/base_velocity/error_vel_yaw,0.6949138045310974,1780985673.992446
1482,Metrics/base_velocity/error_vel_yaw,0.6910197734832764,1780985707.0597632
1488,Metrics/base_velocity/error_vel_yaw,0.6955842971801758,1780985741.9399457
1494,Metrics/base_velocity/error_vel_yaw,0.6944882869720459,1780985777.0114968
1500,Metrics/base_velocity/error_vel_yaw,0.6953875422477722,1780985812.0022693
1506,Metrics/base_velocity/error_vel_yaw,0.6971979141235352,1780985846.9275024
1512,Metrics/base_velocity/error_vel_yaw,0.6972000002861023,1780985880.2387009
1518,Metrics/base_velocity/error_vel_yaw,0.6960305571556091,1780985914.9708776
1524,Metrics/base_velocity/error_vel_yaw,0.6997565627098083,1780985950.103796
1530,Metrics/base_velocity/error_vel_yaw,0.7005213499069214,1780985984.0197105
1536,Metrics/base_velocity/error_vel_yaw,0.696753203868866,1780986019.2538154
1542,Metrics/base_velocity/error_vel_yaw,0.7008646726608276,1780986053.3054943
1548,Metrics/base_velocity/error_vel_yaw,0.7013959884643555,1780986089.2612662
1554,Metrics/base_velocity/error_vel_yaw,0.7009128332138062,1780986124.5616982
1560,Metrics/base_velocity/error_vel_yaw,0.7008615732192993,1780986159.855644
1566,Metrics/base_velocity/error_vel_yaw,0.6986435651779175,1780986194.7951455
1572,Metrics/base_velocity/error_vel_yaw,0.704173743724823,1780986230.676542
1578,Metrics/base_velocity/error_vel_yaw,0.702484130859375,1780986265.3622155
1584,Metrics/base_velocity/error_vel_yaw,0.7057558298110962,1780986298.181139
1590,Metrics/base_velocity/error_vel_yaw,0.706063449382782,1780986330.5001001
1596,Metrics/base_velocity/error_vel_yaw,0.7052221298217773,1780986364.0149343
1602,Metrics/base_velocity/error_vel_yaw,0.7030064463615417,1780986396.5152917
1608,Metrics/base_velocity/error_vel_yaw,0.7031876444816589,1780986428.0749993
1614,Metrics/base_velocity/error_vel_yaw,0.7000952959060669,1780986459.9444966
1620,Metrics/base_velocity/error_vel_yaw,0.6999263763427734,1780986492.0190036
1626,Metrics/base_velocity/error_vel_yaw,0.6979917287826538,1780986524.9600391
1632,Metrics/base_velocity/error_vel_yaw,0.6974695920944214,1780986559.8676934
1638,Metrics/base_velocity/error_vel_yaw,0.6962399482727051,1780986595.308557
1644,Metrics/base_velocity/error_vel_yaw,0.6981964111328125,1780986629.5147846
1650,Metrics/base_velocity/error_vel_yaw,0.70081627368927,1780986665.1992173
1656,Metrics/base_velocity/error_vel_yaw,0.6967496871948242,1780986700.8744495
1662,Metrics/base_velocity/error_vel_yaw,0.69733726978302,1780986735.6225016
1668,Metrics/base_velocity/error_vel_yaw,0.6998902559280396,1780986769.5311656
1674,Metrics/base_velocity/error_vel_yaw,0.701682448387146,1780986804.4687617
1680,Metrics/base_velocity/error_vel_yaw,0.7012057304382324,1780986839.6356757
1686,Metrics/base_velocity/error_vel_yaw,0.7015802264213562,1780986874.9648879
1692,Metrics/base_velocity/error_vel_yaw,0.7009822726249695,1780986909.2006738
1698,Metrics/base_velocity/error_vel_yaw,0.7004154920578003,1780986942.8995407
1704,Metrics/base_velocity/error_vel_yaw,0.7001122832298279,1780986977.4928002
1710,Metrics/base_velocity/error_vel_yaw,0.7016180753707886,1780987013.0791934
1716,Metrics/base_velocity/error_vel_yaw,0.701659083366394,1780987045.6736183
1722,Metrics/base_velocity/error_vel_yaw,0.7032374143600464,1780987078.5376368
1728,Metrics/base_velocity/error_vel_yaw,0.7037951350212097,1780987112.998888
1734,Metrics/base_velocity/error_vel_yaw,0.7087954878807068,1780987148.46203
1740,Metrics/base_velocity/error_vel_yaw,0.7100110054016113,1780987183.338885
1746,Metrics/base_velocity/error_vel_yaw,0.7068983316421509,1780987216.5121899
1752,Metrics/base_velocity/error_vel_yaw,0.7068287134170532,1780987251.8686006
1758,Metrics/base_velocity/error_vel_yaw,0.7083044052124023,1780987284.613312
1764,Metrics/base_velocity/error_vel_yaw,0.7036280632019043,1780987319.6225634
1770,Metrics/base_velocity/error_vel_yaw,0.702118992805481,1780987353.5357609
1776,Metrics/base_velocity/error_vel_yaw,0.7079538702964783,1780987388.9911578
1782,Metrics/base_velocity/error_vel_yaw,0.7102241516113281,1780987422.427566
1788,Metrics/base_velocity/error_vel_yaw,0.703339695930481,1780987457.3283336
1794,Metrics/base_velocity/error_vel_yaw,0.7034298777580261,1780987492.8588405
1800,Metrics/base_velocity/error_vel_yaw,0.7036948204040527,1780987527.964915
1806,Metrics/base_velocity/error_vel_yaw,0.7001385688781738,1780987563.6303527
1812,Metrics/base_velocity/error_vel_yaw,0.6999204158782959,1780987599.1254082
1818,Metrics/base_velocity/error_vel_yaw,0.7049214839935303,1780987633.669733
1824,Metrics/base_velocity/error_vel_yaw,0.6997151374816895,1780987667.2714963
1830,Metrics/base_velocity/error_vel_yaw,0.7036209106445312,1780987702.428467
1836,Metrics/base_velocity/error_vel_yaw,0.7042061686515808,1780987737.8515909
1842,Metrics/base_velocity/error_vel_yaw,0.7059247493743896,1780987772.9559755
1848,Metrics/base_velocity/error_vel_yaw,0.7053040266036987,1780987807.9109957
1854,Metrics/base_velocity/error_vel_yaw,0.7067601084709167,1780987843.2636802
1860,Metrics/base_velocity/error_vel_yaw,0.7033673524856567,1780987875.6853328
1866,Metrics/base_velocity/error_vel_yaw,0.7089771032333374,1780987907.7944248
1872,Metrics/base_velocity/error_vel_yaw,0.7053865194320679,1780987941.6981478
1878,Metrics/base_velocity/error_vel_yaw,0.7043811678886414,1780987975.5579853
1884,Metrics/base_velocity/error_vel_yaw,0.703915536403656,1780988010.151644
1890,Metrics/base_velocity/error_vel_yaw,0.7041610479354858,1780988045.1052518
1896,Metrics/base_velocity/error_vel_yaw,0.7017550468444824,1780988079.739868
1902,Metrics/base_velocity/error_vel_yaw,0.6992728114128113,1780988114.7519422
1908,Metrics/base_velocity/error_vel_yaw,0.698431670665741,1780988148.8720858
1914,Metrics/base_velocity/error_vel_yaw,0.6965217590332031,1780988181.243095
1920,Metrics/base_velocity/error_vel_yaw,0.6960269808769226,1780988213.9431052
1926,Metrics/base_velocity/error_vel_yaw,0.6945987939834595,1780988245.780158
1932,Metrics/base_velocity/error_vel_yaw,0.696097731590271,1780988279.6979926
1938,Metrics/base_velocity/error_vel_yaw,0.692226767539978,1780988314.5695658
1944,Metrics/base_velocity/error_vel_yaw,0.6937336921691895,1780988347.3086772
1950,Metrics/base_velocity/error_vel_yaw,0.6889445185661316,1780988378.652468
1956,Metrics/base_velocity/error_vel_yaw,0.6874030828475952,1780988411.944064
1962,Metrics/base_velocity/error_vel_yaw,0.6893891096115112,1780988447.075507
1968,Metrics/base_velocity/error_vel_yaw,0.6868371963500977,1780988480.9082553
1974,Metrics/base_velocity/error_vel_yaw,0.6861745715141296,1780988515.803597
1980,Metrics/base_velocity/error_vel_yaw,0.6820046305656433,1780988550.422653
1986,Metrics/base_velocity/error_vel_yaw,0.683297336101532,1780988583.9844441
1992,Metrics/base_velocity/error_vel_yaw,0.6798232793807983,1780988618.4563973
1998,Metrics/base_velocity/error_vel_yaw,0.6821521520614624,1780988651.886907
2004,Metrics/base_velocity/error_vel_yaw,0.6804623007774353,1780988684.165175
2010,Metrics/base_velocity/error_vel_yaw,0.6794742345809937,1780988717.318525
2016,Metrics/base_velocity/error_vel_yaw,0.6776463985443115,1780988750.018388
2022,Metrics/base_velocity/error_vel_yaw,0.6755642294883728,1780988783.261481
2028,Metrics/base_velocity/error_vel_yaw,0.6748870611190796,1780988815.0336182
2034,Metrics/base_velocity/error_vel_yaw,0.67499178647995,1780988847.0548892
2040,Metrics/base_velocity/error_vel_yaw,0.6712530851364136,1780988880.448882
2046,Metrics/base_velocity/error_vel_yaw,0.671463668346405,1780988915.4233656
2052,Metrics/base_velocity/error_vel_yaw,0.667324423789978,1780988950.2608328
2058,Metrics/base_velocity/error_vel_yaw,0.6664091348648071,1780988984.504255
2064,Metrics/base_velocity/error_vel_yaw,0.6645800471305847,1780989014.6733172
2070,Metrics/base_velocity/error_vel_yaw,0.6603140234947205,1780989047.987562
2076,Metrics/base_velocity/error_vel_yaw,0.6647977232933044,1780989080.3956797
2082,Metrics/base_velocity/error_vel_yaw,0.6608623266220093,1780989111.991289
2088,Metrics/base_velocity/error_vel_yaw,0.6614359617233276,1780989145.7214365
2094,Metrics/base_velocity/error_vel_yaw,0.6596040725708008,1780989181.0032895
2100,Metrics/base_velocity/error_vel_yaw,0.6581642031669617,1780989215.912957
2106,Metrics/base_velocity/error_vel_yaw,0.6608284115791321,1780989249.7812989
2112,Metrics/base_velocity/error_vel_yaw,0.6624139547348022,1780989284.655237
2118,Metrics/base_velocity/error_vel_yaw,0.6596488952636719,1780989319.4876957
2124,Metrics/base_velocity/error_vel_yaw,0.6596658229827881,1780989354.450588
2130,Metrics/base_velocity/error_vel_yaw,0.6589064002037048,1780989389.89661
2136,Metrics/base_velocity/error_vel_yaw,0.6579148173332214,1780989425.6021771
2142,Metrics/base_velocity/error_vel_yaw,0.6577821969985962,1780989461.196099
2148,Metrics/base_velocity/error_vel_yaw,0.6531209945678711,1780989496.3918746
2154,Metrics/base_velocity/error_vel_yaw,0.6553971767425537,1780989531.5790818
2160,Metrics/base_velocity/error_vel_yaw,0.65297532081604,1780989566.8078325
2166,Metrics/base_velocity/error_vel_yaw,0.6525484919548035,1780989601.744954
2172,Metrics/base_velocity/error_vel_yaw,0.654022216796875,1780989636.028845
2178,Metrics/base_velocity/error_vel_yaw,0.6507761478424072,1780989670.7918134
2184,Metrics/base_velocity/error_vel_yaw,0.6461644768714905,1780989704.0854259
2190,Metrics/base_velocity/error_vel_yaw,0.6471596956253052,1780989737.6855695
2196,Metrics/base_velocity/error_vel_yaw,0.6444219946861267,1780989773.9919178
2202,Metrics/base_velocity/error_vel_yaw,0.6449452638626099,1780989809.0945146
2208,Metrics/base_velocity/error_vel_yaw,0.6412075757980347,1780989842.864766
2214,Metrics/base_velocity/error_vel_yaw,0.640038251876831,1780989876.1004267
2220,Metrics/base_velocity/error_vel_yaw,0.6389365792274475,1780989911.0048625
2226,Metrics/base_velocity/error_vel_yaw,0.6383859515190125,1780989946.1984987
2232,Metrics/base_velocity/error_vel_yaw,0.6387872695922852,1780989981.5723248
2238,Metrics/base_velocity/error_vel_yaw,0.6334761381149292,1780990017.2711306
2244,Metrics/base_velocity/error_vel_yaw,0.6370742917060852,1780990050.0936587
2250,Metrics/base_velocity/error_vel_yaw,0.6354430913925171,1780990081.8370557
2256,Metrics/base_velocity/error_vel_yaw,0.6352258920669556,1780990113.6818602
2262,Metrics/base_velocity/error_vel_yaw,0.6357842683792114,1780990145.2684467
2268,Metrics/base_velocity/error_vel_yaw,0.6306172609329224,1780990179.7005258
2274,Metrics/base_velocity/error_vel_yaw,0.6320013999938965,1780990214.0114853
2280,Metrics/base_velocity/error_vel_yaw,0.6308585405349731,1780990248.6640549
2286,Metrics/base_velocity/error_vel_yaw,0.6294345259666443,1780990283.0551143
2292,Metrics/base_velocity/error_vel_yaw,0.6269353628158569,1780990316.5498884
2298,Metrics/base_velocity/error_vel_yaw,0.6271393299102783,1780990349.5104876
2304,Metrics/base_velocity/error_vel_yaw,0.6287626028060913,1780990382.033593
2310,Metrics/base_velocity/error_vel_yaw,0.6301140785217285,1780990415.742487
2316,Metrics/base_velocity/error_vel_yaw,0.6299564838409424,1780990450.5647774
2322,Metrics/base_velocity/error_vel_yaw,0.6288430094718933,1780990484.7602441
2328,Metrics/base_velocity/error_vel_yaw,0.6313055753707886,1780990518.48353
2334,Metrics/base_velocity/error_vel_yaw,0.6321472525596619,1780990553.3316019
2340,Metrics/base_velocity/error_vel_yaw,0.6329676508903503,1780990587.6997645
2346,Metrics/base_velocity/error_vel_yaw,0.6306736469268799,1780990619.166
2352,Metrics/base_velocity/error_vel_yaw,0.631039023399353,1780990651.965368
2358,Metrics/base_velocity/error_vel_yaw,0.629141092300415,1780990684.7573075
2364,Metrics/base_velocity/error_vel_yaw,0.6339778304100037,1780990717.2647457
2370,Metrics/base_velocity/error_vel_yaw,0.6315478086471558,1780990749.7374384
2376,Metrics/base_velocity/error_vel_yaw,0.6312482357025146,1780990784.8061159
2382,Metrics/base_velocity/error_vel_yaw,0.6296324133872986,1780990819.7403865
2388,Metrics/base_velocity/error_vel_yaw,0.6303995847702026,1780990851.7467668
2394,Metrics/base_velocity/error_vel_yaw,0.6276475191116333,1780990884.3821907
2400,Metrics/base_velocity/error_vel_yaw,0.6253923177719116,1780990919.887775
2406,Metrics/base_velocity/error_vel_yaw,0.6246752142906189,1780990955.2761743
2412,Metrics/base_velocity/error_vel_yaw,0.6227864623069763,1780990988.2395859
2418,Metrics/base_velocity/error_vel_yaw,0.6227845549583435,1780991019.4286706
2424,Metrics/base_velocity/error_vel_yaw,0.6228151321411133,1780991051.3846045
2430,Metrics/base_velocity/error_vel_yaw,0.6217212080955505,1780991085.2912626
2436,Metrics/base_velocity/error_vel_yaw,0.6228733658790588,1780991117.2775493
2442,Metrics/base_velocity/error_vel_yaw,0.6236236095428467,1780991150.66817
2448,Metrics/base_velocity/error_vel_yaw,0.6253945231437683,1780991185.3916545
2454,Metrics/base_velocity/error_vel_yaw,0.6246724128723145,1780991220.689242
2460,Metrics/base_velocity/error_vel_yaw,0.6241796016693115,1780991255.5886161
2466,Metrics/base_velocity/error_vel_yaw,0.6253635287284851,1780991291.2561698
2472,Metrics/base_velocity/error_vel_yaw,0.6256222128868103,1780991327.1655605
2478,Metrics/base_velocity/error_vel_yaw,0.6257178783416748,1780991363.041497
2484,Metrics/base_velocity/error_vel_yaw,0.623923659324646,1780991399.099605
2490,Metrics/base_velocity/error_vel_yaw,0.6263800263404846,1780991434.0164812
2496,Metrics/base_velocity/error_vel_yaw,0.6267794370651245,1780991469.009124
2502,Metrics/base_velocity/error_vel_yaw,0.6265389323234558,1780991503.1273184
2508,Metrics/base_velocity/error_vel_yaw,0.6250312328338623,1780991537.839605
2514,Metrics/base_velocity/error_vel_yaw,0.6266518831253052,1780991573.8329153
2520,Metrics/base_velocity/error_vel_yaw,0.6271159648895264,1780991609.9154978
2526,Metrics/base_velocity/error_vel_yaw,0.626989483833313,1780991643.0992963
2532,Metrics/base_velocity/error_vel_yaw,0.6258223056793213,1780991678.3441815
2538,Metrics/base_velocity/error_vel_yaw,0.6261582374572754,1780991710.308897
2544,Metrics/base_velocity/error_vel_yaw,0.6250476241111755,1780991743.0659368
2550,Metrics/base_velocity/error_vel_yaw,0.626124382019043,1780991779.1231456
2556,Metrics/base_velocity/error_vel_yaw,0.6253588199615479,1780991813.9856963
2562,Metrics/base_velocity/error_vel_yaw,0.6276593208312988,1780991848.7814658
2568,Metrics/base_velocity/error_vel_yaw,0.6283130645751953,1780991883.5781293
2574,Metrics/base_velocity/error_vel_yaw,0.6259310841560364,1780991918.779503
2580,Metrics/base_velocity/error_vel_yaw,0.6277487874031067,1780991953.904829
2586,Metrics/base_velocity/error_vel_yaw,0.626733660697937,1780991989.1958733
2592,Metrics/base_velocity/error_vel_yaw,0.6258769035339355,1780992024.1700888
2598,Metrics/base_velocity/error_vel_yaw,0.6263300180435181,1780992058.875285
2604,Metrics/base_velocity/error_vel_yaw,0.6192289590835571,1780992091.3930178
2610,Metrics/base_velocity/error_vel_yaw,0.6143580675125122,1780992125.5721283
2616,Metrics/base_velocity/error_vel_yaw,0.6185840964317322,1780992160.1972017
2622,Metrics/base_velocity/error_vel_yaw,0.6175321936607361,1780992192.83724
2628,Metrics/base_velocity/error_vel_yaw,0.6165138483047485,1780992224.2199183
2634,Metrics/base_velocity/error_vel_yaw,0.6147250533103943,1780992255.7898185
2640,Metrics/base_velocity/error_vel_yaw,0.6142846345901489,1780992289.225325
2646,Metrics/base_velocity/error_vel_yaw,0.6146173477172852,1780992321.15324
2652,Metrics/base_velocity/error_vel_yaw,0.612263560295105,1780992354.3988318
2658,Metrics/base_velocity/error_vel_yaw,0.6119662523269653,1780992389.5950787
2664,Metrics/base_velocity/error_vel_yaw,0.6116297245025635,1780992424.8030837
2670,Metrics/base_velocity/error_vel_yaw,0.6112806797027588,1780992460.4090998
2676,Metrics/base_velocity/error_vel_yaw,0.610146164894104,1780992494.4884868
2682,Metrics/base_velocity/error_vel_yaw,0.6093613505363464,1780992527.5477612
2688,Metrics/base_velocity/error_vel_yaw,0.6062067747116089,1780992562.8235877
2694,Metrics/base_velocity/error_vel_yaw,0.6069847941398621,1780992596.439113
2700,Metrics/base_velocity/error_vel_yaw,0.6074802875518799,1780992631.270286
2706,Metrics/base_velocity/error_vel_yaw,0.6054567098617554,1780992666.7807505
2712,Metrics/base_velocity/error_vel_yaw,0.6074162721633911,1780992704.3498018
2718,Metrics/base_velocity/error_vel_yaw,0.6060127019882202,1780993023.5122676
2724,Metrics/base_velocity/error_vel_yaw,0.6045207977294922,1780993058.350868
2730,Metrics/base_velocity/error_vel_yaw,0.6078011989593506,1780993092.9550397
2736,Metrics/base_velocity/error_vel_yaw,0.6075525879859924,1780993127.2683108
2742,Metrics/base_velocity/error_vel_yaw,0.5994424223899841,1780993161.3607352
2748,Metrics/base_velocity/error_vel_yaw,0.6026325821876526,1780993195.6218407
2754,Metrics/base_velocity/error_vel_yaw,0.6016350984573364,1780993230.1660206
2760,Metrics/base_velocity/error_vel_yaw,0.6010012030601501,1780993264.6348848
2766,Metrics/base_velocity/error_vel_yaw,0.6010268926620483,1780993299.1789234
2772,Metrics/base_velocity/error_vel_yaw,0.6004058718681335,1780993333.4975734
2778,Metrics/base_velocity/error_vel_yaw,0.601607084274292,1780993367.3262227
2784,Metrics/base_velocity/error_vel_yaw,0.6025078296661377,1780993401.6284895
2790,Metrics/base_velocity/error_vel_yaw,0.6049256324768066,1780993435.9384503
2796,Metrics/base_velocity/error_vel_yaw,0.606473445892334,1780993470.37211
2802,Metrics/base_velocity/error_vel_yaw,0.6055138111114502,1780993503.5466163
2808,Metrics/base_velocity/error_vel_yaw,0.6035894751548767,1780993537.508085
2814,Metrics/base_velocity/error_vel_yaw,0.6077806353569031,1780993571.0134578
2820,Metrics/base_velocity/error_vel_yaw,0.6051104068756104,1780993605.2639914
2826,Metrics/base_velocity/error_vel_yaw,0.6083217859268188,1780993639.5498085
2832,Metrics/base_velocity/error_vel_yaw,0.6047545075416565,1780993751.317185
2838,Metrics/base_velocity/error_vel_yaw,0.6029708981513977,1780993785.4115965
2844,Metrics/base_velocity/error_vel_yaw,0.6023252010345459,1780993819.3198388
2850,Metrics/base_velocity/error_vel_yaw,0.6009458899497986,1780993853.2755618
2856,Metrics/base_velocity/error_vel_yaw,0.5995883941650391,1780993887.5462694
2862,Metrics/base_velocity/error_vel_yaw,0.6002310514450073,1780993916.8483858
2868,Metrics/base_velocity/error_vel_yaw,0.5970672965049744,1780993946.031953
2874,Metrics/base_velocity/error_vel_yaw,0.5972117185592651,1780993975.2086816
2880,Metrics/base_velocity/error_vel_yaw,0.597567617893219,1780994004.588375
2886,Metrics/base_velocity/error_vel_yaw,0.5960413813591003,1780994033.8298304
2892,Metrics/base_velocity/error_vel_yaw,0.5962364673614502,1780994063.2210605
2898,Metrics/base_velocity/error_vel_yaw,0.5971423387527466,1780994092.5095873
2904,Metrics/base_velocity/error_vel_yaw,0.5949361324310303,1780994121.6493573
2910,Metrics/base_velocity/error_vel_yaw,0.596225380897522,1780994150.933037
2916,Metrics/base_velocity/error_vel_yaw,0.596784234046936,1780994180.3986447
2922,Metrics/base_velocity/error_vel_yaw,0.5966808795928955,1780994210.3808823
2928,Metrics/base_velocity/error_vel_yaw,0.597012996673584,1780994240.2406323
2934,Metrics/base_velocity/error_vel_yaw,0.5963953733444214,1780994269.7800608
2940,Metrics/base_velocity/error_vel_yaw,0.5984839200973511,1780994299.140142
2946,Metrics/base_velocity/error_vel_yaw,0.5972670912742615,1780994328.5815713
2952,Metrics/base_velocity/error_vel_yaw,0.5993075966835022,1780994357.9099133
2958,Metrics/base_velocity/error_vel_yaw,0.6005224585533142,1780994387.4444962
2964,Metrics/base_velocity/error_vel_yaw,0.6005480289459229,1780994417.3598073
2970,Metrics/base_velocity/error_vel_yaw,0.599480152130127,1780994447.1016335
2976,Metrics/base_velocity/error_vel_yaw,0.5977110266685486,1780994476.445507
2982,Metrics/base_velocity/error_vel_yaw,0.5958795547485352,1780994506.2880244
2988,Metrics/base_velocity/error_vel_yaw,0.5941085815429688,1780994535.6896708
2994,Metrics/base_velocity/error_vel_yaw,0.5946244597434998,1780994565.0292575
3000,Metrics/base_velocity/error_vel_yaw,0.5909823179244995,1780994594.7334785
3006,Metrics/base_velocity/error_vel_yaw,0.5885692834854126,1780994624.5258474
3012,Metrics/base_velocity/error_vel_yaw,0.5891875624656677,1780994653.7113917
3018,Metrics/base_velocity/error_vel_yaw,0.5862327814102173,1780994683.1242452
3024,Metrics/base_velocity/error_vel_yaw,0.587350606918335,1780994712.493402
3030,Metrics/base_velocity/error_vel_yaw,0.5885864496231079,1780994741.7421305
3036,Metrics/base_velocity/error_vel_yaw,0.5880898237228394,1780994771.289488
3042,Metrics/base_velocity/error_vel_yaw,0.590721845626831,1780994800.7998877
3048,Metrics/base_velocity/error_vel_yaw,0.5904136896133423,1780994830.2816637
3054,Metrics/base_velocity/error_vel_yaw,0.5923804044723511,1780994859.9652808
3060,Metrics/base_velocity/error_vel_yaw,0.5927445888519287,1780994889.9946973
3066,Metrics/base_velocity/error_vel_yaw,0.5914126038551331,1780994919.385465
3072,Metrics/base_velocity/error_vel_yaw,0.5894744396209717,1780994948.9575188
3078,Metrics/base_velocity/error_vel_yaw,0.5849918127059937,1780994978.8934643
3084,Metrics/base_velocity/error_vel_yaw,0.585735559463501,1780995008.8722317
3090,Metrics/base_velocity/error_vel_yaw,0.5837392210960388,1780995038.7450228
3096,Metrics/base_velocity/error_vel_yaw,0.5808060765266418,1780995068.5834088
3102,Metrics/base_velocity/error_vel_yaw,0.5779703855514526,1780995097.8558004
3108,Metrics/base_velocity/error_vel_yaw,0.5792862176895142,1780995127.1452537
3114,Metrics/base_velocity/error_vel_yaw,0.580895185470581,1780995156.2282681
3120,Metrics/base_velocity/error_vel_yaw,0.579585075378418,1780995185.2686152
3126,Metrics/base_velocity/error_vel_yaw,0.5796817541122437,1780995214.5121038
3132,Metrics/base_velocity/error_vel_yaw,0.5794984102249146,1780995243.971893
3138,Metrics/base_velocity/error_vel_yaw,0.5816380977630615,1780995273.306244
3144,Metrics/base_velocity/error_vel_yaw,0.5832362174987793,1780995302.8356285
3150,Metrics/base_velocity/error_vel_yaw,0.5866411924362183,1780995332.3798647
3156,Metrics/base_velocity/error_vel_yaw,0.587519645690918,1780995361.790895
3162,Metrics/base_velocity/error_vel_yaw,0.5898240208625793,1780995390.7700005
3168,Metrics/base_velocity/error_vel_yaw,0.5918588638305664,1780995420.061885
3174,Metrics/base_velocity/error_vel_yaw,0.59263676404953,1780995449.697056
3180,Metrics/base_velocity/error_vel_yaw,0.5950316786766052,1780995479.202817
3186,Metrics/base_velocity/error_vel_yaw,0.6000174283981323,1780995508.7453237
3192,Metrics/base_velocity/error_vel_yaw,0.599727988243103,1780995538.0686817
3198,Metrics/base_velocity/error_vel_yaw,0.5991819500923157,1780995567.59877
3204,Metrics/base_velocity/error_vel_yaw,0.6033400893211365,1780995596.600266
3210,Metrics/base_velocity/error_vel_yaw,0.6031063795089722,1780995626.8331535
3216,Metrics/base_velocity/error_vel_yaw,0.6015409231185913,1780995656.3159
3222,Metrics/base_velocity/error_vel_yaw,0.6016117334365845,1780995686.2247381
3228,Metrics/base_velocity/error_vel_yaw,0.598577618598938,1780995715.3276737
3234,Metrics/base_velocity/error_vel_yaw,0.5964983701705933,1780995744.6527736
3240,Metrics/base_velocity/error_vel_yaw,0.5926870703697205,1780995774.1721523
3246,Metrics/base_velocity/error_vel_yaw,0.594638466835022,1780995803.524121
3252,Metrics/base_velocity/error_vel_yaw,0.5933617949485779,1780995832.8870242
3258,Metrics/base_velocity/error_vel_yaw,0.5934574007987976,1780995862.0886817
3264,Metrics/base_velocity/error_vel_yaw,0.592381477355957,1780995891.0882843
3270,Metrics/base_velocity/error_vel_yaw,0.5925220251083374,1780995920.483009
3276,Metrics/base_velocity/error_vel_yaw,0.5886399745941162,1780995950.657251
3282,Metrics/base_velocity/error_vel_yaw,0.5912771224975586,1780995980.4594367
3288,Metrics/base_velocity/error_vel_yaw,0.589400053024292,1780996010.3427002
3294,Metrics/base_velocity/error_vel_yaw,0.5898869037628174,1780996040.3537223
3300,Metrics/base_velocity/error_vel_yaw,0.5889081358909607,1780996070.2642457
3306,Metrics/base_velocity/error_vel_yaw,0.5869248509407043,1780996100.3041804
3312,Metrics/base_velocity/error_vel_yaw,0.5856479406356812,1780996130.0815716
3318,Metrics/base_velocity/error_vel_yaw,0.5850232839584351,1780996159.7142396
3324,Metrics/base_velocity/error_vel_yaw,0.586461067199707,1780996189.6735637
3330,Metrics/base_velocity/error_vel_yaw,0.5840851068496704,1780996219.7982135
3336,Metrics/base_velocity/error_vel_yaw,0.5842872262001038,1780996249.7084873
3342,Metrics/base_velocity/error_vel_yaw,0.5849449634552002,1780996279.0373144
3348,Metrics/base_velocity/error_vel_yaw,0.583441436290741,1780996308.666888
3354,Metrics/base_velocity/error_vel_yaw,0.584801197052002,1780996337.9092607
3360,Metrics/base_velocity/error_vel_yaw,0.5853778719902039,1780996367.2146263
3366,Metrics/base_velocity/error_vel_yaw,0.582158088684082,1780996396.6324034
3372,Metrics/base_velocity/error_vel_yaw,0.5873132944107056,1780996425.946769
3378,Metrics/base_velocity/error_vel_yaw,0.5881986618041992,1780996455.588681
3384,Metrics/base_velocity/error_vel_yaw,0.5883038640022278,1780996485.2751734
3390,Metrics/base_velocity/error_vel_yaw,0.5889362692832947,1780996515.2718384
3396,Metrics/base_velocity/error_vel_yaw,0.5881640315055847,1780996544.9286351
3402,Metrics/base_velocity/error_vel_yaw,0.5895249843597412,1780996574.5349576
3408,Metrics/base_velocity/error_vel_yaw,0.5889758467674255,1780996603.9757044
3414,Metrics/base_velocity/error_vel_yaw,0.5893857479095459,1780996633.4790192
3420,Metrics/base_velocity/error_vel_yaw,0.5878962874412537,1780996662.785752
3426,Metrics/base_velocity/error_vel_yaw,0.5872783064842224,1780996692.7216363
3432,Metrics/base_velocity/error_vel_yaw,0.584490954875946,1780996722.2582757
3438,Metrics/base_velocity/error_vel_yaw,0.5837808847427368,1780996751.282063
3444,Metrics/base_velocity/error_vel_yaw,0.5860145688056946,1780996780.266389
3450,Metrics/base_velocity/error_vel_yaw,0.5853757858276367,1780996809.5369716
3456,Metrics/base_velocity/error_vel_yaw,0.5850768089294434,1780996838.895394
3462,Metrics/base_velocity/error_vel_yaw,0.586239755153656,1780996868.3224418
3468,Metrics/base_velocity/error_vel_yaw,0.5869386196136475,1780996897.6095245
3474,Metrics/base_velocity/error_vel_yaw,0.5889655351638794,1780996926.7620268
3480,Metrics/base_velocity/error_vel_yaw,0.5902237892150879,1780996955.6646574
3486,Metrics/base_velocity/error_vel_yaw,0.5888920426368713,1780996984.8691747
3492,Metrics/base_velocity/error_vel_yaw,0.590824544429779,1780997014.2224834
3498,Metrics/base_velocity/error_vel_yaw,0.590071439743042,1780997043.4126174
3504,Metrics/base_velocity/error_vel_yaw,0.5894794464111328,1780997073.1515687
3510,Metrics/base_velocity/error_vel_yaw,0.5909453630447388,1780997103.2249296
3516,Metrics/base_velocity/error_vel_yaw,0.5912710428237915,1780997133.27598
3522,Metrics/base_velocity/error_vel_yaw,0.5919429063796997,1780997162.988344
3528,Metrics/base_velocity/error_vel_yaw,0.5903133153915405,1780997193.0758984
3534,Metrics/base_velocity/error_vel_yaw,0.591190755367279,1780997223.2132192
3540,Metrics/base_velocity/error_vel_yaw,0.592021644115448,1780997253.3307502
3546,Metrics/base_velocity/error_vel_yaw,0.5930283069610596,1780997282.7067237
3552,Metrics/base_velocity/error_vel_yaw,0.5920869708061218,1780997311.873882
3558,Metrics/base_velocity/error_vel_yaw,0.5922703742980957,1780997341.4861054
3564,Metrics/base_velocity/error_vel_yaw,0.5896539092063904,1780997371.2887378
3570,Metrics/base_velocity/error_vel_yaw,0.5895445346832275,1780997401.098961
3576,Metrics/base_velocity/error_vel_yaw,0.5886916518211365,1780997430.5666254
3582,Metrics/base_velocity/error_vel_yaw,0.587929368019104,1780997460.14259
3588,Metrics/base_velocity/error_vel_yaw,0.585479736328125,1780997489.9533398
3594,Metrics/base_velocity/error_vel_yaw,0.5836599469184875,1780997519.3045962
3600,Metrics/base_velocity/error_vel_yaw,0.5831365585327148,1780997549.0163481
3606,Metrics/base_velocity/error_vel_yaw,0.5817145705223083,1780997578.7384846
3612,Metrics/base_velocity/error_vel_yaw,0.5770882368087769,1780997608.3657892
3618,Metrics/base_velocity/error_vel_yaw,0.5796384811401367,1780997638.136841
3624,Metrics/base_velocity/error_vel_yaw,0.5794767737388611,1780997668.1150904
3630,Metrics/base_velocity/error_vel_yaw,0.5792991518974304,1780997698.0730362
3636,Metrics/base_velocity/error_vel_yaw,0.581692636013031,1780997727.9793212
3642,Metrics/base_velocity/error_vel_yaw,0.5834403038024902,1780997758.374965
3648,Metrics/base_velocity/error_vel_yaw,0.5844504833221436,1780997788.2726476
3654,Metrics/base_velocity/error_vel_yaw,0.5859240293502808,1780997817.8519835
3660,Metrics/base_velocity/error_vel_yaw,0.584338903427124,1780997847.7403853
3666,Metrics/base_velocity/error_vel_yaw,0.5864338874816895,1780997877.694027
3672,Metrics/base_velocity/error_vel_yaw,0.5869410037994385,1780997907.2203505
3678,Metrics/base_velocity/error_vel_yaw,0.586793065071106,1780997936.7271235
3684,Metrics/base_velocity/error_vel_yaw,0.5861706137657166,1780997966.1960232
3690,Metrics/base_velocity/error_vel_yaw,0.5847191214561462,1780997996.1065035
3696,Metrics/base_velocity/error_vel_yaw,0.5847262740135193,1780998025.6863687
3702,Metrics/base_velocity/error_vel_yaw,0.583034336566925,1780998055.4409335
3708,Metrics/base_velocity/error_vel_yaw,0.5807123184204102,1780998085.176359
3714,Metrics/base_velocity/error_vel_yaw,0.5804057121276855,1780998115.3401294
3720,Metrics/base_velocity/error_vel_yaw,0.580026388168335,1780998145.006185
3726,Metrics/base_velocity/error_vel_yaw,0.5796092748641968,1780998174.3251812
3732,Metrics/base_velocity/error_vel_yaw,0.5791402459144592,1780998204.1947274
3738,Metrics/base_velocity/error_vel_yaw,0.5784516334533691,1780998233.6986854
3744,Metrics/base_velocity/error_vel_yaw,0.580699622631073,1780998263.292775
3750,Metrics/base_velocity/error_vel_yaw,0.58311927318573,1780998293.2166114
3756,Metrics/base_velocity/error_vel_yaw,0.5836993455886841,1780998323.4356685
3762,Metrics/base_velocity/error_vel_yaw,0.5829620361328125,1780998353.428317
3768,Metrics/base_velocity/error_vel_yaw,0.5804879665374756,1780998383.1313772
3774,Metrics/base_velocity/error_vel_yaw,0.5809494853019714,1780998412.0710723
3780,Metrics/base_velocity/error_vel_yaw,0.5818154811859131,1780998440.9683745
3786,Metrics/base_velocity/error_vel_yaw,0.5793006420135498,1780998470.076405
3792,Metrics/base_velocity/error_vel_yaw,0.5801570415496826,1780998499.056167
3798,Metrics/base_velocity/error_vel_yaw,0.5797008275985718,1780998527.9833667
3804,Metrics/base_velocity/error_vel_yaw,0.5780880451202393,1780998556.9519544
3810,Metrics/base_velocity/error_vel_yaw,0.5811437964439392,1780998585.9241433
3816,Metrics/base_velocity/error_vel_yaw,0.5796321630477905,1780998614.7220964
3822,Metrics/base_velocity/error_vel_yaw,0.58195960521698,1780998643.8859699
3828,Metrics/base_velocity/error_vel_yaw,0.5773859620094299,1780998673.0245938
3834,Metrics/base_velocity/error_vel_yaw,0.5828211307525635,1780998702.1487565
3840,Metrics/base_velocity/error_vel_yaw,0.5835009813308716,1780998731.4392724
3846,Metrics/base_velocity/error_vel_yaw,0.5852482318878174,1780998760.4855871
3852,Metrics/base_velocity/error_vel_yaw,0.5866343975067139,1780998789.5607579
3858,Metrics/base_velocity/error_vel_yaw,0.5825058221817017,1780998818.4020948
3864,Metrics/base_velocity/error_vel_yaw,0.5837428569793701,1780998847.2702973
3870,Metrics/base_velocity/error_vel_yaw,0.5840875506401062,1780998876.3936102
3876,Metrics/base_velocity/error_vel_yaw,0.5836703181266785,1780998906.0962696
3882,Metrics/base_velocity/error_vel_yaw,0.5835779905319214,1780998935.5478604
3888,Metrics/base_velocity/error_vel_yaw,0.5827277302742004,1780998965.1506557
3894,Metrics/base_velocity/error_vel_yaw,0.5823544859886169,1780998994.4910688
3900,Metrics/base_velocity/error_vel_yaw,0.5857680439949036,1780999023.584823
3906,Metrics/base_velocity/error_vel_yaw,0.5848578810691833,1780999052.9937055
3912,Metrics/base_velocity/error_vel_yaw,0.5853907465934753,1780999082.0769956
3918,Metrics/base_velocity/error_vel_yaw,0.583657443523407,1780999111.0908747
3924,Metrics/base_velocity/error_vel_yaw,0.5824292898178101,1780999140.2089734
3930,Metrics/base_velocity/error_vel_yaw,0.5819847583770752,1780999169.462983
3936,Metrics/base_velocity/error_vel_yaw,0.5788975954055786,1780999198.7403693
3942,Metrics/base_velocity/error_vel_yaw,0.5745517015457153,1780999227.9253647
3948,Metrics/base_velocity/error_vel_yaw,0.5732230544090271,1780999256.795492
3954,Metrics/base_velocity/error_vel_yaw,0.572783887386322,1780999285.733836
3960,Metrics/base_velocity/error_vel_yaw,0.5727016925811768,1780999314.811078
3966,Metrics/base_velocity/error_vel_yaw,0.5719817876815796,1780999343.6730063
3972,Metrics/base_velocity/error_vel_yaw,0.5714426040649414,1780999372.4433098
3978,Metrics/base_velocity/error_vel_yaw,0.5693325996398926,1780999401.4615996
3984,Metrics/base_velocity/error_vel_yaw,0.5668638944625854,1780999430.452853
3990,Metrics/base_velocity/error_vel_yaw,0.5656468272209167,1780999459.6539683
3996,Metrics/base_velocity/error_vel_yaw,0.5651009678840637,1780999488.748251
4002,Metrics/base_velocity/error_vel_yaw,0.5651227235794067,1780999518.1496532
4008,Metrics/base_velocity/error_vel_yaw,0.5647644996643066,1780999547.4217598
4014,Metrics/base_velocity/error_vel_yaw,0.5634998083114624,1780999576.4206672
4020,Metrics/base_velocity/error_vel_yaw,0.561905026435852,1780999606.054265
4026,Metrics/base_velocity/error_vel_yaw,0.5607659816741943,1780999635.6329618
4032,Metrics/base_velocity/error_vel_yaw,0.5621544122695923,1780999665.1115031
4038,Metrics/base_velocity/error_vel_yaw,0.5610277056694031,1780999694.7522361
4044,Metrics/base_velocity/error_vel_yaw,0.5596908330917358,1780999724.4187403
4050,Metrics/base_velocity/error_vel_yaw,0.5596375465393066,1780999752.2170842
4056,Metrics/base_velocity/error_vel_yaw,0.558391809463501,1780999777.3039975
4062,Metrics/base_velocity/error_vel_yaw,0.5582834482192993,1780999802.7442758
4068,Metrics/base_velocity/error_vel_yaw,0.5584524273872375,1780999832.078353
4074,Metrics/base_velocity/error_vel_yaw,0.5556302070617676,1780999861.6110277
4080,Metrics/base_velocity/error_vel_yaw,0.553478479385376,1780999891.0425713
4086,Metrics/base_velocity/error_vel_yaw,0.553439736366272,1780999920.60597
4092,Metrics/base_velocity/error_vel_yaw,0.5530580878257751,1780999950.0080807
4098,Metrics/base_velocity/error_vel_yaw,0.551523745059967,1780999979.5491815
4104,Metrics/base_velocity/error_vel_yaw,0.5517592430114746,1781000008.8274636
4110,Metrics/base_velocity/error_vel_yaw,0.550406813621521,1781000038.3221207
4116,Metrics/base_velocity/error_vel_yaw,0.5476429462432861,1781000067.6249382
4122,Metrics/base_velocity/error_vel_yaw,0.5512641668319702,1781000096.8190293
4128,Metrics/base_velocity/error_vel_yaw,0.5504652857780457,1781000126.2605007
4134,Metrics/base_velocity/error_vel_yaw,0.5507572889328003,1781000156.007828
4140,Metrics/base_velocity/error_vel_yaw,0.5514200925827026,1781000185.5331504
4146,Metrics/base_velocity/error_vel_yaw,0.5522697567939758,1781000214.6991012
4152,Metrics/base_velocity/error_vel_yaw,0.5526449680328369,1781000243.8096037
4158,Metrics/base_velocity/error_vel_yaw,0.5529553890228271,1781000273.2229214
4164,Metrics/base_velocity/error_vel_yaw,0.5549883842468262,1781000302.471478
4170,Metrics/base_velocity/error_vel_yaw,0.5562081933021545,1781000332.1332138
4176,Metrics/base_velocity/error_vel_yaw,0.5577057600021362,1781000361.9104683
4182,Metrics/base_velocity/error_vel_yaw,0.5578835010528564,1781000391.409665
4188,Metrics/base_velocity/error_vel_yaw,0.5582610368728638,1781000420.805893
4194,Metrics/base_velocity/error_vel_yaw,0.5576136112213135,1781000450.233872
4200,Metrics/base_velocity/error_vel_yaw,0.55571448802948,1781000479.806448
4206,Metrics/base_velocity/error_vel_yaw,0.5557111501693726,1781000508.9722476
4212,Metrics/base_velocity/error_vel_yaw,0.5539070963859558,1781000538.246894
4218,Metrics/base_velocity/error_vel_yaw,0.553593099117279,1781000567.4458673
4224,Metrics/base_velocity/error_vel_yaw,0.5541607737541199,1781000596.5946226
4230,Metrics/base_velocity/error_vel_yaw,0.5523668527603149,1781000625.781422
4236,Metrics/base_velocity/error_vel_yaw,0.5562233328819275,1781000655.4346917
4242,Metrics/base_velocity/error_vel_yaw,0.5547640323638916,1781000684.8226404
4248,Metrics/base_velocity/error_vel_yaw,0.5547745227813721,1781000714.4639282
4254,Metrics/base_velocity/error_vel_yaw,0.5549949407577515,1781000744.3861232
4260,Metrics/base_velocity/error_vel_yaw,0.5554541349411011,1781000774.0275605
4266,Metrics/base_velocity/error_vel_yaw,0.5559948086738586,1781000803.2550302
4272,Metrics/base_velocity/error_vel_yaw,0.5574092864990234,1781000832.404901
4278,Metrics/base_velocity/error_vel_yaw,0.5591235756874084,1781000861.7661285
4284,Metrics/base_velocity/error_vel_yaw,0.5577654838562012,1781000891.4365296
4290,Metrics/base_velocity/error_vel_yaw,0.5593523979187012,1781000921.2831771
4296,Metrics/base_velocity/error_vel_yaw,0.5590778589248657,1781000951.2202222
4302,Metrics/base_velocity/error_vel_yaw,0.55893474817276,1781000981.017396
4308,Metrics/base_velocity/error_vel_yaw,0.55638587474823,1781001011.13196
4314,Metrics/base_velocity/error_vel_yaw,0.5589534044265747,1781001040.7139173
4320,Metrics/base_velocity/error_vel_yaw,0.5595476031303406,1781001070.53476
4326,Metrics/base_velocity/error_vel_yaw,0.559212327003479,1781001100.399245
4332,Metrics/base_velocity/error_vel_yaw,0.5601770281791687,1781001130.0749855
4338,Metrics/base_velocity/error_vel_yaw,0.5612468123435974,1781001159.607673
4344,Metrics/base_velocity/error_vel_yaw,0.5606687664985657,1781001188.9840345
4350,Metrics/base_velocity/error_vel_yaw,0.5623315572738647,1781001218.6233664
4356,Metrics/base_velocity/error_vel_yaw,0.5606274604797363,1781001248.5395727
4362,Metrics/base_velocity/error_vel_yaw,0.5623737573623657,1781001278.1354585
4368,Metrics/base_velocity/error_vel_yaw,0.5638459324836731,1781001308.0095983
4374,Metrics/base_velocity/error_vel_yaw,0.5604697465896606,1781001337.908376
4380,Metrics/base_velocity/error_vel_yaw,0.5597755312919617,1781001367.7341664
4386,Metrics/base_velocity/error_vel_yaw,0.5590795874595642,1781001397.371501
4392,Metrics/base_velocity/error_vel_yaw,0.5575203895568848,1781001426.6017663
4398,Metrics/base_velocity/error_vel_yaw,0.5577045679092407,1781001456.5948942
4404,Metrics/base_velocity/error_vel_yaw,0.5580588579177856,1781001486.597579
4410,Metrics/base_velocity/error_vel_yaw,0.5618399977684021,1781001516.070618
4416,Metrics/base_velocity/error_vel_yaw,0.5615489482879639,1781001545.7232783
4422,Metrics/base_velocity/error_vel_yaw,0.5617325901985168,1781001575.8042896
4428,Metrics/base_velocity/error_vel_yaw,0.562766969203949,1781001605.711423
4434,Metrics/base_velocity/error_vel_yaw,0.5644121170043945,1781001635.0765934
4440,Metrics/base_velocity/error_vel_yaw,0.5639347434043884,1781001664.749362
4446,Metrics/base_velocity/error_vel_yaw,0.5649145841598511,1781001694.2924864
4452,Metrics/base_velocity/error_vel_yaw,0.5647377967834473,1781001723.943857
4458,Metrics/base_velocity/error_vel_yaw,0.5646669864654541,1781001753.935479
4464,Metrics/base_velocity/error_vel_yaw,0.5644530057907104,1781001783.7383509
4470,Metrics/base_velocity/error_vel_yaw,0.5638038516044617,1781001813.3795629
4476,Metrics/base_velocity/error_vel_yaw,0.5642544031143188,1781001843.4497087
4482,Metrics/base_velocity/error_vel_yaw,0.5635195970535278,1781001873.1798456
4488,Metrics/base_velocity/error_vel_yaw,0.5618214011192322,1781001902.9508076
4494,Metrics/base_velocity/error_vel_yaw,0.5647861361503601,1781001932.186645
4500,Metrics/base_velocity/error_vel_yaw,0.5633244514465332,1781001961.7355917
4506,Metrics/base_velocity/error_vel_yaw,0.5640135407447815,1781001991.3135147
4512,Metrics/base_velocity/error_vel_yaw,0.564471423625946,1781002020.9474719
4518,Metrics/base_velocity/error_vel_yaw,0.5641903877258301,1781002050.6511538
4524,Metrics/base_velocity/error_vel_yaw,0.5630068778991699,1781002080.4111946
4530,Metrics/base_velocity/error_vel_yaw,0.5611936450004578,1781002110.263177
4536,Metrics/base_velocity/error_vel_yaw,0.5671290159225464,1781002140.0660002
4542,Metrics/base_velocity/error_vel_yaw,0.5665587186813354,1781002169.8869147
4548,Metrics/base_velocity/error_vel_yaw,0.5671524405479431,1781002199.4488206
4554,Metrics/base_velocity/error_vel_yaw,0.5674437284469604,1781002229.2153733
4560,Metrics/base_velocity/error_vel_yaw,0.568422794342041,1781002258.9477482
4566,Metrics/base_velocity/error_vel_yaw,0.5731422901153564,1781002288.4451437
4572,Metrics/base_velocity/error_vel_yaw,0.5716090202331543,1781002317.9916096
4578,Metrics/base_velocity/error_vel_yaw,0.5693632960319519,1781002347.8475401
4584,Metrics/base_velocity/error_vel_yaw,0.5693651437759399,1781002377.825646
4590,Metrics/base_velocity/error_vel_yaw,0.5705921053886414,1781002407.7655058
4596,Metrics/base_velocity/error_vel_yaw,0.5711441040039062,1781002437.5385926
4602,Metrics/base_velocity/error_vel_yaw,0.5695308446884155,1781002467.2705295
4608,Metrics/base_velocity/error_vel_yaw,0.5696502923965454,1781002497.2167974
4614,Metrics/base_velocity/error_vel_yaw,0.5696122646331787,1781002526.9141767
4620,Metrics/base_velocity/error_vel_yaw,0.5654309988021851,1781002556.699157
4626,Metrics/base_velocity/error_vel_yaw,0.5674079060554504,1781002585.8821962
4632,Metrics/base_velocity/error_vel_yaw,0.5662038922309875,1781002615.5000336
4638,Metrics/base_velocity/error_vel_yaw,0.5646584630012512,1781002645.3723373
4644,Metrics/base_velocity/error_vel_yaw,0.5645354390144348,1781002675.059227
4650,Metrics/base_velocity/error_vel_yaw,0.5624508261680603,1781002704.6154475
4656,Metrics/base_velocity/error_vel_yaw,0.560668408870697,1781002734.5673344
4662,Metrics/base_velocity/error_vel_yaw,0.5620838403701782,1781002764.5454726
4668,Metrics/base_velocity/error_vel_yaw,0.5621271133422852,1781002794.8000734
4674,Metrics/base_velocity/error_vel_yaw,0.5615206360816956,1781002825.0007815
4680,Metrics/base_velocity/error_vel_yaw,0.5610862970352173,1781002854.9551637
4686,Metrics/base_velocity/error_vel_yaw,0.5648266077041626,1781002884.602666
4692,Metrics/base_velocity/error_vel_yaw,0.5658951997756958,1781002914.1917868
4698,Metrics/base_velocity/error_vel_yaw,0.5670210123062134,1781002943.9093149
4704,Metrics/base_velocity/error_vel_yaw,0.5679137706756592,1781002973.001577
4710,Metrics/base_velocity/error_vel_yaw,0.5684464573860168,1781003002.8733754
4716,Metrics/base_velocity/error_vel_yaw,0.5684220790863037,1781003032.8358614
4722,Metrics/base_velocity/error_vel_yaw,0.5699079632759094,1781003062.904123
4728,Metrics/base_velocity/error_vel_yaw,0.5666040182113647,1781003092.5759346
4734,Metrics/base_velocity/error_vel_yaw,0.5689605474472046,1781003122.2953286
4740,Metrics/base_velocity/error_vel_yaw,0.5731478333473206,1781003151.9675746
4746,Metrics/base_velocity/error_vel_yaw,0.5715899467468262,1781003181.8179138
4752,Metrics/base_velocity/error_vel_yaw,0.5720725059509277,1781003211.9685404
4758,Metrics/base_velocity/error_vel_yaw,0.5718936324119568,1781003242.0183506
4764,Metrics/base_velocity/error_vel_yaw,0.5712857246398926,1781003272.0461476
4770,Metrics/base_velocity/error_vel_yaw,0.5711761116981506,1781003301.7986143
4776,Metrics/base_velocity/error_vel_yaw,0.56972736120224,1781003331.7616305
4782,Metrics/base_velocity/error_vel_yaw,0.5732161402702332,1781003361.7593937
4788,Metrics/base_velocity/error_vel_yaw,0.5739970207214355,1781003391.4292033
4794,Metrics/base_velocity/error_vel_yaw,0.5738452672958374,1781003421.463013
4800,Metrics/base_velocity/error_vel_yaw,0.5732420682907104,1781003451.4705555
4806,Metrics/base_velocity/error_vel_yaw,0.5714586973190308,1781003481.117972
4812,Metrics/base_velocity/error_vel_yaw,0.5706919431686401,1781003510.907308
4818,Metrics/base_velocity/error_vel_yaw,0.5692281723022461,1781003540.7855005
4824,Metrics/base_velocity/error_vel_yaw,0.5687827467918396,1781003570.8195662
4830,Metrics/base_velocity/error_vel_yaw,0.5715603232383728,1781003600.8089259
4836,Metrics/base_velocity/error_vel_yaw,0.5697264075279236,1781003630.4557662
4842,Metrics/base_velocity/error_vel_yaw,0.5696698427200317,1781003659.9993815
4848,Metrics/base_velocity/error_vel_yaw,0.5713071227073669,1781003689.4975412
4854,Metrics/base_velocity/error_vel_yaw,0.567007303237915,1781003719.272086
4860,Metrics/base_velocity/error_vel_yaw,0.570415198802948,1781003748.917158
4866,Metrics/base_velocity/error_vel_yaw,0.5686699151992798,1781003778.8372784
4872,Metrics/base_velocity/error_vel_yaw,0.5681253671646118,1781003808.6741767
4878,Metrics/base_velocity/error_vel_yaw,0.5683974027633667,1781003838.2688558
4884,Metrics/base_velocity/error_vel_yaw,0.56752610206604,1781003868.0004134
4890,Metrics/base_velocity/error_vel_yaw,0.565387487411499,1781003897.5647933
4896,Metrics/base_velocity/error_vel_yaw,0.5660216808319092,1781003927.034922
4902,Metrics/base_velocity/error_vel_yaw,0.5671063661575317,1781003956.519602
4908,Metrics/base_velocity/error_vel_yaw,0.5668903589248657,1781003985.707616
4914,Metrics/base_velocity/error_vel_yaw,0.5646225214004517,1781004015.3476408
4920,Metrics/base_velocity/error_vel_yaw,0.5663340091705322,1781004045.0913374
4926,Metrics/base_velocity/error_vel_yaw,0.5648881196975708,1781004074.9902303
4932,Metrics/base_velocity/error_vel_yaw,0.5643807649612427,1781004104.578689
4938,Metrics/base_velocity/error_vel_yaw,0.56705641746521,1781004133.9628217
4944,Metrics/base_velocity/error_vel_yaw,0.5643049478530884,1781004163.6371567
4950,Metrics/base_velocity/error_vel_yaw,0.5633448958396912,1781004193.235766
4956,Metrics/base_velocity/error_vel_yaw,0.5641768574714661,1781004223.3721123
4962,Metrics/base_velocity/error_vel_yaw,0.5640892386436462,1781004253.2778156
4968,Metrics/base_velocity/error_vel_yaw,0.5643521547317505,1781004283.270835
4974,Metrics/base_velocity/error_vel_yaw,0.5663783550262451,1781004313.2338743
4980,Metrics/base_velocity/error_vel_yaw,0.5678594708442688,1781004343.1118288
4986,Metrics/base_velocity/error_vel_yaw,0.5676490068435669,1781004372.6954489
4992,Metrics/base_velocity/error_vel_yaw,0.5688756704330444,1781004401.6147113
4998,Metrics/base_velocity/error_vel_yaw,0.5709421634674072,1781004431.1419997
5004,Metrics/base_velocity/error_vel_yaw,0.5713818073272705,1781004460.2152944
5010,Metrics/base_velocity/error_vel_yaw,0.5705491900444031,1781004489.4460526
5016,Metrics/base_velocity/error_vel_yaw,0.5696038603782654,1781004518.6672812
5022,Metrics/base_velocity/error_vel_yaw,0.5686071515083313,1781004548.0493634
5028,Metrics/base_velocity/error_vel_yaw,0.5710471272468567,1781004577.160034
5034,Metrics/base_velocity/error_vel_yaw,0.5696409940719604,1781004606.2565587
5040,Metrics/base_velocity/error_vel_yaw,0.5701072812080383,1781004635.850484
5046,Metrics/base_velocity/error_vel_yaw,0.5695647597312927,1781004665.7584052
5052,Metrics/base_velocity/error_vel_yaw,0.5710198879241943,1781004695.136344
5058,Metrics/base_velocity/error_vel_yaw,0.5712109804153442,1781004724.3604386
5064,Metrics/base_velocity/error_vel_yaw,0.5741488337516785,1781004753.5722375
5070,Metrics/base_velocity/error_vel_yaw,0.5725158452987671,1781004782.835384
5076,Metrics/base_velocity/error_vel_yaw,0.5692901015281677,1781004811.9259748
5082,Metrics/base_velocity/error_vel_yaw,0.570686936378479,1781004841.2788978
5088,Metrics/base_velocity/error_vel_yaw,0.5691953897476196,1781004870.6078067
5094,Metrics/base_velocity/error_vel_yaw,0.5689362287521362,1781004900.035513
5100,Metrics/base_velocity/error_vel_yaw,0.5679905414581299,1781004929.5203567
5106,Metrics/base_velocity/error_vel_yaw,0.5665625333786011,1781004958.942773
5112,Metrics/base_velocity/error_vel_yaw,0.5659877061843872,1781004988.156488
5118,Metrics/base_velocity/error_vel_yaw,0.5663466453552246,1781005017.6149192
5124,Metrics/base_velocity/error_vel_yaw,0.5681462287902832,1781005047.2098956
5130,Metrics/base_velocity/error_vel_yaw,0.56656813621521,1781005076.4536557
5136,Metrics/base_velocity/error_vel_yaw,0.5676717758178711,1781005105.9086466
5142,Metrics/base_velocity/error_vel_yaw,0.5676530599594116,1781005135.4402921
5148,Metrics/base_velocity/error_vel_yaw,0.5668855905532837,1781005164.6253767
5154,Metrics/base_velocity/error_vel_yaw,0.5653001070022583,1781005193.3854692
5160,Metrics/base_velocity/error_vel_yaw,0.5658925771713257,1781005222.261165
5166,Metrics/base_velocity/error_vel_yaw,0.564011812210083,1781005251.1389775
5172,Metrics/base_velocity/error_vel_yaw,0.5648123621940613,1781005280.09616
5178,Metrics/base_velocity/error_vel_yaw,0.5647504329681396,1781005309.3424048
5184,Metrics/base_velocity/error_vel_yaw,0.5675997734069824,1781005338.2709806
5190,Metrics/base_velocity/error_vel_yaw,0.5668482780456543,1781005367.9660554
5196,Metrics/base_velocity/error_vel_yaw,0.5664669871330261,1781005396.9804893
5202,Metrics/base_velocity/error_vel_yaw,0.5668826103210449,1781005426.1644325
5208,Metrics/base_velocity/error_vel_yaw,0.566705584526062,1781005454.7638266
5214,Metrics/base_velocity/error_vel_yaw,0.5673074126243591,1781005484.0802267
5220,Metrics/base_velocity/error_vel_yaw,0.566222608089447,1781005513.114853
5226,Metrics/base_velocity/error_vel_yaw,0.5656676888465881,1781005542.2464228
5232,Metrics/base_velocity/error_vel_yaw,0.5664734244346619,1781005571.499823
5238,Metrics/base_velocity/error_vel_yaw,0.5718014240264893,1781005600.9846966
5244,Metrics/base_velocity/error_vel_yaw,0.5685327053070068,1781005630.5320344
5250,Metrics/base_velocity/error_vel_yaw,0.5712119340896606,1781005660.2470574
5256,Metrics/base_velocity/error_vel_yaw,0.5706759691238403,1781005689.6950223
5262,Metrics/base_velocity/error_vel_yaw,0.5682016611099243,1781005719.525711
5268,Metrics/base_velocity/error_vel_yaw,0.5695573091506958,1781005749.1542509
5274,Metrics/base_velocity/error_vel_yaw,0.5695408582687378,1781005778.9575493
5280,Metrics/base_velocity/error_vel_yaw,0.5673487186431885,1781005809.0677557
5286,Metrics/base_velocity/error_vel_yaw,0.5665491223335266,1781005838.8092093
5292,Metrics/base_velocity/error_vel_yaw,0.5668261051177979,1781005868.2940974
5298,Metrics/base_velocity/error_vel_yaw,0.5657548904418945,1781005897.4763565
5304,Metrics/base_velocity/error_vel_yaw,0.5695465803146362,1781005926.7762892
5310,Metrics/base_velocity/error_vel_yaw,0.5699118971824646,1781005955.8346455
5316,Metrics/base_velocity/error_vel_yaw,0.5703024864196777,1781005984.670539
5322,Metrics/base_velocity/error_vel_yaw,0.5700177550315857,1781006013.6700728
5328,Metrics/base_velocity/error_vel_yaw,0.5714859962463379,1781006042.6438668
5334,Metrics/base_velocity/error_vel_yaw,0.5710123777389526,1781006072.1743965
5340,Metrics/base_velocity/error_vel_yaw,0.5714477896690369,1781006102.1229882
5346,Metrics/base_velocity/error_vel_yaw,0.5744479894638062,1781006132.5526958
5352,Metrics/base_velocity/error_vel_yaw,0.5718209743499756,1781006162.4932797
5358,Metrics/base_velocity/error_vel_yaw,0.573260486125946,1781006192.56543
5364,Metrics/base_velocity/error_vel_yaw,0.5727977752685547,1781006222.420928
5370,Metrics/base_velocity/error_vel_yaw,0.5742174386978149,1781006252.2502828
5376,Metrics/base_velocity/error_vel_yaw,0.5721640586853027,1781006282.401336
5382,Metrics/base_velocity/error_vel_yaw,0.5731823444366455,1781006312.7131946
5388,Metrics/base_velocity/error_vel_yaw,0.5688433647155762,1781006344.0831792
5394,Metrics/base_velocity/error_vel_yaw,0.57103431224823,1781006374.146171
5400,Metrics/base_velocity/error_vel_yaw,0.5690805315971375,1781006404.0926473
5406,Metrics/base_velocity/error_vel_yaw,0.570167064666748,1781006434.4658732
5412,Metrics/base_velocity/error_vel_yaw,0.5722928047180176,1781006465.4078074
5418,Metrics/base_velocity/error_vel_yaw,0.5737713575363159,1781006496.8319964
5424,Metrics/base_velocity/error_vel_yaw,0.5739005208015442,1781006527.8230274
5430,Metrics/base_velocity/error_vel_yaw,0.576345682144165,1781006558.3522642
5436,Metrics/base_velocity/error_vel_yaw,0.5796765089035034,1781006589.0862525
5442,Metrics/base_velocity/error_vel_yaw,0.5767602920532227,1781006619.5359728
5448,Metrics/base_velocity/error_vel_yaw,0.5807116031646729,1781006649.9098096
5454,Metrics/base_velocity/error_vel_yaw,0.5799655914306641,1781006680.257946
5460,Metrics/base_velocity/error_vel_yaw,0.5804189443588257,1781006711.4595957
5466,Metrics/base_velocity/error_vel_yaw,0.5790973901748657,1781006742.645122
5472,Metrics/base_velocity/error_vel_yaw,0.5778948664665222,1781006773.394247
5478,Metrics/base_velocity/error_vel_yaw,0.5774760246276855,1781006803.7155557
5484,Metrics/base_velocity/error_vel_yaw,0.5726960301399231,1781006834.2285256
5490,Metrics/base_velocity/error_vel_yaw,0.57924485206604,1781006865.2134507
5496,Metrics/base_velocity/error_vel_yaw,0.5761892795562744,1781006896.3497121
5502,Metrics/base_velocity/error_vel_yaw,0.5741039514541626,1781006927.5831084
5508,Metrics/base_velocity/error_vel_yaw,0.5740712881088257,1781006958.6468654
5514,Metrics/base_velocity/error_vel_yaw,0.5740850567817688,1781006989.5845165
5520,Metrics/base_velocity/error_vel_yaw,0.5760738849639893,1781007019.9326797
5526,Metrics/base_velocity/error_vel_yaw,0.5744271874427795,1781007050.802362
5532,Metrics/base_velocity/error_vel_yaw,0.5752887725830078,1781007081.2667093
5538,Metrics/base_velocity/error_vel_yaw,0.5754203796386719,1781007111.7717624
5544,Metrics/base_velocity/error_vel_yaw,0.5760831236839294,1781007141.7951994
5550,Metrics/base_velocity/error_vel_yaw,0.576653242111206,1781007172.6713393
5556,Metrics/base_velocity/error_vel_yaw,0.576377809047699,1781007202.6126719
5562,Metrics/base_velocity/error_vel_yaw,0.5775964260101318,1781007232.8070867
5568,Metrics/base_velocity/error_vel_yaw,0.5754917860031128,1781007262.8528798
5574,Metrics/base_velocity/error_vel_yaw,0.5800918340682983,1781007293.3884056
5580,Metrics/base_velocity/error_vel_yaw,0.5768059492111206,1781007323.502987
5586,Metrics/base_velocity/error_vel_yaw,0.5762399435043335,1781007354.4445817
5592,Metrics/base_velocity/error_vel_yaw,0.5747072100639343,1781007385.2527428
5598,Metrics/base_velocity/error_vel_yaw,0.57658451795578,1781007416.0508068
5604,Metrics/base_velocity/error_vel_yaw,0.5778230428695679,1781007447.4087572
5610,Metrics/base_velocity/error_vel_yaw,0.5800197124481201,1781007478.0427046
5616,Metrics/base_velocity/error_vel_yaw,0.5791422128677368,1781007508.7912035
5622,Metrics/base_velocity/error_vel_yaw,0.5819506049156189,1781007539.9144711
5628,Metrics/base_velocity/error_vel_yaw,0.5836040377616882,1781007570.6472726
5634,Metrics/base_velocity/error_vel_yaw,0.5833901166915894,1781007601.0651581
5640,Metrics/base_velocity/error_vel_yaw,0.5831979513168335,1781007633.0634122
5646,Metrics/base_velocity/error_vel_yaw,0.5841886401176453,1781007664.4041202
5652,Metrics/base_velocity/error_vel_yaw,0.5812627077102661,1781007694.286364
5654,Metrics/base_velocity/error_vel_yaw,0.5809043645858765,1781007704.070054
0,Episode_Reward/track_lin_vel_xy,0.026097960770130157,1780976897.2896068
6,Episode_Reward/track_lin_vel_xy,0.1151578426361084,1780976942.6307569
12,Episode_Reward/track_lin_vel_xy,0.14828625321388245,1780976987.2637036
18,Episode_Reward/track_lin_vel_xy,0.16912774741649628,1780977031.650507
24,Episode_Reward/track_lin_vel_xy,0.20972840487957,1780977074.4316106
30,Episode_Reward/track_lin_vel_xy,0.26474910974502563,1780977118.2492316
36,Episode_Reward/track_lin_vel_xy,0.3289690911769867,1780977161.6243172
42,Episode_Reward/track_lin_vel_xy,0.4483645558357239,1780977204.525532
48,Episode_Reward/track_lin_vel_xy,0.5433380603790283,1780977246.6631124
54,Episode_Reward/track_lin_vel_xy,0.8551149368286133,1780977289.1797376
60,Episode_Reward/track_lin_vel_xy,1.0267367362976074,1780977332.6649892
66,Episode_Reward/track_lin_vel_xy,1.4474883079528809,1780977375.983571
72,Episode_Reward/track_lin_vel_xy,1.710336685180664,1780977419.763778
78,Episode_Reward/track_lin_vel_xy,2.9741570949554443,1780977459.6588292
84,Episode_Reward/track_lin_vel_xy,3.134711742401123,1780977499.436557
90,Episode_Reward/track_lin_vel_xy,3.191438674926758,1780977543.1077747
96,Episode_Reward/track_lin_vel_xy,3.1660773754119873,1780977584.8430655
102,Episode_Reward/track_lin_vel_xy,2.9721171855926514,1780977627.5155134
108,Episode_Reward/track_lin_vel_xy,2.9310214519500732,1780977671.1203482
114,Episode_Reward/track_lin_vel_xy,3.3778562545776367,1780977713.9350297
120,Episode_Reward/track_lin_vel_xy,3.7287213802337646,1780977755.3121607
126,Episode_Reward/track_lin_vel_xy,3.8424108028411865,1780977797.4404263
132,Episode_Reward/track_lin_vel_xy,3.8777527809143066,1780977838.7837765
138,Episode_Reward/track_lin_vel_xy,3.851356029510498,1780977881.3102818
144,Episode_Reward/track_lin_vel_xy,3.8020291328430176,1780977922.8808675
150,Episode_Reward/track_lin_vel_xy,3.825908660888672,1780977963.8342667
156,Episode_Reward/track_lin_vel_xy,3.978151321411133,1780978004.6860437
162,Episode_Reward/track_lin_vel_xy,4.103062629699707,1780978042.5948608
168,Episode_Reward/track_lin_vel_xy,4.155202865600586,1780978084.4092307
174,Episode_Reward/track_lin_vel_xy,4.198398113250732,1780978128.7701101
180,Episode_Reward/track_lin_vel_xy,4.194056034088135,1780978171.5616682
186,Episode_Reward/track_lin_vel_xy,4.195103645324707,1780978215.4541197
192,Episode_Reward/track_lin_vel_xy,4.27543830871582,1780978259.7390838
198,Episode_Reward/track_lin_vel_xy,4.247326374053955,1780978304.201985
204,Episode_Reward/track_lin_vel_xy,4.367647171020508,1780978346.8526547
210,Episode_Reward/track_lin_vel_xy,4.397767066955566,1780978390.0276358
216,Episode_Reward/track_lin_vel_xy,4.419151306152344,1780978431.5191853
222,Episode_Reward/track_lin_vel_xy,4.432211875915527,1780978474.9554884
228,Episode_Reward/track_lin_vel_xy,4.467381954193115,1780978518.1127782
234,Episode_Reward/track_lin_vel_xy,4.47740364074707,1780978561.343574
240,Episode_Reward/track_lin_vel_xy,4.513091564178467,1780978607.112832
246,Episode_Reward/track_lin_vel_xy,4.534684181213379,1780978644.6986184
252,Episode_Reward/track_lin_vel_xy,4.553689956665039,1780978679.0801454
258,Episode_Reward/track_lin_vel_xy,4.573173522949219,1780978714.2665012
264,Episode_Reward/track_lin_vel_xy,4.5955729484558105,1780978748.0066133
270,Episode_Reward/track_lin_vel_xy,4.610621452331543,1780978781.7672005
276,Episode_Reward/track_lin_vel_xy,4.6272735595703125,1780978817.535971
282,Episode_Reward/track_lin_vel_xy,4.643580436706543,1780978852.8936915
288,Episode_Reward/track_lin_vel_xy,4.636175155639648,1780978889.8848736
294,Episode_Reward/track_lin_vel_xy,4.668492794036865,1780978926.5340052
300,Episode_Reward/track_lin_vel_xy,4.69003963470459,1780978960.013766
306,Episode_Reward/track_lin_vel_xy,4.70455265045166,1780978994.005907
312,Episode_Reward/track_lin_vel_xy,4.717567443847656,1780979029.9395576
318,Episode_Reward/track_lin_vel_xy,4.7289137840271,1780979065.8221145
324,Episode_Reward/track_lin_vel_xy,4.739955425262451,1780979102.4635456
330,Episode_Reward/track_lin_vel_xy,4.752599716186523,1780979137.9152114
336,Episode_Reward/track_lin_vel_xy,4.754687786102295,1780979173.7884398
342,Episode_Reward/track_lin_vel_xy,4.7735090255737305,1780979210.3366334
348,Episode_Reward/track_lin_vel_xy,4.781594753265381,1780979246.5240397
354,Episode_Reward/track_lin_vel_xy,4.7923760414123535,1780979281.9814804
360,Episode_Reward/track_lin_vel_xy,4.792762756347656,1780979316.333307
366,Episode_Reward/track_lin_vel_xy,4.791254043579102,1780979352.4674299
372,Episode_Reward/track_lin_vel_xy,4.805665969848633,1780979388.9536443
378,Episode_Reward/track_lin_vel_xy,4.808172225952148,1780979425.0071173
384,Episode_Reward/track_lin_vel_xy,4.79829740524292,1780979461.1156325
390,Episode_Reward/track_lin_vel_xy,4.8015642166137695,1780979493.448321
396,Episode_Reward/track_lin_vel_xy,4.810903549194336,1780979528.4955003
402,Episode_Reward/track_lin_vel_xy,4.810140132904053,1780979563.670165
408,Episode_Reward/track_lin_vel_xy,4.808825492858887,1780979598.808067
414,Episode_Reward/track_lin_vel_xy,4.809451580047607,1780979634.2379522
420,Episode_Reward/track_lin_vel_xy,4.8068976402282715,1780979669.7015429
426,Episode_Reward/track_lin_vel_xy,4.806581974029541,1780979704.926743
432,Episode_Reward/track_lin_vel_xy,4.808419227600098,1780979739.8630347
438,Episode_Reward/track_lin_vel_xy,4.806977272033691,1780979774.5759156
444,Episode_Reward/track_lin_vel_xy,4.811302661895752,1780979810.3091917
450,Episode_Reward/track_lin_vel_xy,4.807886123657227,1780979846.4059856
456,Episode_Reward/track_lin_vel_xy,4.805009365081787,1780979881.066651
462,Episode_Reward/track_lin_vel_xy,4.808194637298584,1780979917.686979
468,Episode_Reward/track_lin_vel_xy,4.803390026092529,1780979951.209741
474,Episode_Reward/track_lin_vel_xy,4.802093029022217,1780979982.8860714
480,Episode_Reward/track_lin_vel_xy,4.777297019958496,1780980015.2411203
486,Episode_Reward/track_lin_vel_xy,4.801476001739502,1780980046.8231406
492,Episode_Reward/track_lin_vel_xy,4.801866054534912,1780980077.9626713
498,Episode_Reward/track_lin_vel_xy,4.811121940612793,1780980110.374495
504,Episode_Reward/track_lin_vel_xy,4.819899559020996,1780980141.9047618
510,Episode_Reward/track_lin_vel_xy,4.812259674072266,1780980173.7509708
516,Episode_Reward/track_lin_vel_xy,4.807463645935059,1780980204.57939
522,Episode_Reward/track_lin_vel_xy,4.824666500091553,1780980235.7868087
528,Episode_Reward/track_lin_vel_xy,4.823486804962158,1780980267.6245072
534,Episode_Reward/track_lin_vel_xy,4.822540760040283,1780980299.6921194
540,Episode_Reward/track_lin_vel_xy,4.827544212341309,1780980334.03247
546,Episode_Reward/track_lin_vel_xy,4.8306169509887695,1780980366.7761707
552,Episode_Reward/track_lin_vel_xy,4.825761318206787,1780980399.237003
558,Episode_Reward/track_lin_vel_xy,4.829811096191406,1780980434.227017
564,Episode_Reward/track_lin_vel_xy,4.832360744476318,1780980469.0308979
570,Episode_Reward/track_lin_vel_xy,4.834179401397705,1780980502.093525
576,Episode_Reward/track_lin_vel_xy,4.8361639976501465,1780980536.7122483
582,Episode_Reward/track_lin_vel_xy,4.835299015045166,1780980570.8276725
588,Episode_Reward/track_lin_vel_xy,4.839641571044922,1780980605.775648
594,Episode_Reward/track_lin_vel_xy,4.840780258178711,1780980641.3342957
600,Episode_Reward/track_lin_vel_xy,4.841110706329346,1780980674.574436
606,Episode_Reward/track_lin_vel_xy,4.842514514923096,1780980709.2424595
612,Episode_Reward/track_lin_vel_xy,4.844173431396484,1780980740.6195242
618,Episode_Reward/track_lin_vel_xy,4.832601070404053,1780980772.6530674
624,Episode_Reward/track_lin_vel_xy,4.844911098480225,1780980807.008557
630,Episode_Reward/track_lin_vel_xy,4.8406453132629395,1780980839.0326445
636,Episode_Reward/track_lin_vel_xy,4.846600532531738,1780980873.0187018
642,Episode_Reward/track_lin_vel_xy,4.830357551574707,1780980905.872888
648,Episode_Reward/track_lin_vel_xy,4.8505778312683105,1780980938.3380728
654,Episode_Reward/track_lin_vel_xy,4.84857702255249,1780980969.4119709
660,Episode_Reward/track_lin_vel_xy,4.849334716796875,1780981001.070015
666,Episode_Reward/track_lin_vel_xy,4.851561069488525,1780981033.5590096
672,Episode_Reward/track_lin_vel_xy,4.85268497467041,1780981066.3229775
678,Episode_Reward/track_lin_vel_xy,4.853275299072266,1780981099.2247567
684,Episode_Reward/track_lin_vel_xy,4.8542633056640625,1780981134.395162
690,Episode_Reward/track_lin_vel_xy,4.854556560516357,1780981169.2719235
696,Episode_Reward/track_lin_vel_xy,4.854209899902344,1780981204.536692
702,Episode_Reward/track_lin_vel_xy,4.8550028800964355,1780981239.2884965
708,Episode_Reward/track_lin_vel_xy,4.857519626617432,1780981273.9885943
714,Episode_Reward/track_lin_vel_xy,4.856922626495361,1780981309.0010269
720,Episode_Reward/track_lin_vel_xy,4.859841823577881,1780981342.9414504
726,Episode_Reward/track_lin_vel_xy,4.860753536224365,1780981375.490317
732,Episode_Reward/track_lin_vel_xy,4.861505508422852,1780981409.03977
738,Episode_Reward/track_lin_vel_xy,4.862495422363281,1780981445.3971498
744,Episode_Reward/track_lin_vel_xy,4.862549781799316,1780981481.5093246
750,Episode_Reward/track_lin_vel_xy,4.865260124206543,1780981516.3954422
756,Episode_Reward/track_lin_vel_xy,4.866497993469238,1780981550.5928411
762,Episode_Reward/track_lin_vel_xy,4.867339611053467,1780981586.7131011
768,Episode_Reward/track_lin_vel_xy,4.866754531860352,1780981621.819747
774,Episode_Reward/track_lin_vel_xy,4.866456508636475,1780981655.823126
780,Episode_Reward/track_lin_vel_xy,4.865808486938477,1780981690.7900836
786,Episode_Reward/track_lin_vel_xy,4.867631435394287,1780981726.7460933
792,Episode_Reward/track_lin_vel_xy,4.867615699768066,1780981763.1489658
798,Episode_Reward/track_lin_vel_xy,4.868151664733887,1780981799.5770066
804,Episode_Reward/track_lin_vel_xy,4.867650032043457,1780981835.1323884
810,Episode_Reward/track_lin_vel_xy,4.868191719055176,1780981870.5865436
816,Episode_Reward/track_lin_vel_xy,4.867042064666748,1780981905.3262594
822,Episode_Reward/track_lin_vel_xy,4.8682966232299805,1780981938.0495756
828,Episode_Reward/track_lin_vel_xy,4.866042137145996,1780981972.0954697
834,Episode_Reward/track_lin_vel_xy,4.8678436279296875,1780982007.423045
840,Episode_Reward/track_lin_vel_xy,4.859013557434082,1780982043.0682883
846,Episode_Reward/track_lin_vel_xy,4.8432936668396,1780982076.0265799
852,Episode_Reward/track_lin_vel_xy,4.86855411529541,1780982110.8662207
858,Episode_Reward/track_lin_vel_xy,4.868319511413574,1780982145.6535516
864,Episode_Reward/track_lin_vel_xy,4.868081092834473,1780982181.074215
870,Episode_Reward/track_lin_vel_xy,4.8688130378723145,1780982216.033354
876,Episode_Reward/track_lin_vel_xy,4.87019681930542,1780982251.6880443
882,Episode_Reward/track_lin_vel_xy,4.869773864746094,1780982285.0275354
888,Episode_Reward/track_lin_vel_xy,4.870763778686523,1780982320.3266075
894,Episode_Reward/track_lin_vel_xy,4.87123966217041,1780982353.7848642
900,Episode_Reward/track_lin_vel_xy,4.872165679931641,1780982389.8191473
906,Episode_Reward/track_lin_vel_xy,4.872897148132324,1780982422.3234859
912,Episode_Reward/track_lin_vel_xy,4.87352991104126,1780982456.1188505
918,Episode_Reward/track_lin_vel_xy,4.868962287902832,1780982491.840163
924,Episode_Reward/track_lin_vel_xy,4.875877380371094,1780982528.2137635
930,Episode_Reward/track_lin_vel_xy,4.87659215927124,1780982564.0585976
936,Episode_Reward/track_lin_vel_xy,4.876438140869141,1780982599.4719942
942,Episode_Reward/track_lin_vel_xy,4.876220226287842,1780982635.9821453
948,Episode_Reward/track_lin_vel_xy,4.874395370483398,1780982671.4221563
954,Episode_Reward/track_lin_vel_xy,4.874490737915039,1780982705.430574
960,Episode_Reward/track_lin_vel_xy,4.877081871032715,1780982738.8618178
966,Episode_Reward/track_lin_vel_xy,4.876919746398926,1780982770.0516214
972,Episode_Reward/track_lin_vel_xy,4.877915382385254,1780982801.7772071
978,Episode_Reward/track_lin_vel_xy,4.878378868103027,1780982833.8791604
984,Episode_Reward/track_lin_vel_xy,4.878292560577393,1780982865.1912513
990,Episode_Reward/track_lin_vel_xy,4.876900672912598,1780982896.8720255
996,Episode_Reward/track_lin_vel_xy,4.879260063171387,1780982929.0733714
1002,Episode_Reward/track_lin_vel_xy,4.880321502685547,1780982964.2488894
1008,Episode_Reward/track_lin_vel_xy,4.879739284515381,1780982997.8586519
1014,Episode_Reward/track_lin_vel_xy,4.881136894226074,1780983031.6915681
1020,Episode_Reward/track_lin_vel_xy,4.880891799926758,1780983066.3703244
1026,Episode_Reward/track_lin_vel_xy,4.881068229675293,1780983098.7501717
1032,Episode_Reward/track_lin_vel_xy,4.879830837249756,1780983130.97316
1038,Episode_Reward/track_lin_vel_xy,4.881061553955078,1780983163.878803
1044,Episode_Reward/track_lin_vel_xy,4.883167266845703,1780983199.6501555
1050,Episode_Reward/track_lin_vel_xy,4.882000923156738,1780983233.3300447
1056,Episode_Reward/track_lin_vel_xy,4.881069183349609,1780983266.0753353
1062,Episode_Reward/track_lin_vel_xy,4.8825554847717285,1780983301.2615309
1068,Episode_Reward/track_lin_vel_xy,4.880713939666748,1780983336.8365512
1074,Episode_Reward/track_lin_vel_xy,4.880837440490723,1780983372.2245376
1080,Episode_Reward/track_lin_vel_xy,4.881040096282959,1780983407.616114
1086,Episode_Reward/track_lin_vel_xy,4.883678436279297,1780983442.22767
1092,Episode_Reward/track_lin_vel_xy,4.882614612579346,1780983476.6709218
1098,Episode_Reward/track_lin_vel_xy,4.881948471069336,1780983512.5551004
1104,Episode_Reward/track_lin_vel_xy,4.883825778961182,1780983548.1087253
1110,Episode_Reward/track_lin_vel_xy,4.883355140686035,1780983582.401361
1116,Episode_Reward/track_lin_vel_xy,4.880571365356445,1780983616.4490523
1122,Episode_Reward/track_lin_vel_xy,4.884564399719238,1780983648.830764
1128,Episode_Reward/track_lin_vel_xy,4.885923862457275,1780983681.7658772
1134,Episode_Reward/track_lin_vel_xy,4.8852009773254395,1780983716.4582417
1140,Episode_Reward/track_lin_vel_xy,4.885767936706543,1780983749.967913
1146,Episode_Reward/track_lin_vel_xy,4.886648654937744,1780983782.5852625
1152,Episode_Reward/track_lin_vel_xy,4.884871482849121,1780983816.3619173
1158,Episode_Reward/track_lin_vel_xy,4.882604598999023,1780983852.0755267
1164,Episode_Reward/track_lin_vel_xy,4.886632919311523,1780983887.0185742
1170,Episode_Reward/track_lin_vel_xy,4.879316329956055,1780983921.7042816
1176,Episode_Reward/track_lin_vel_xy,4.887106895446777,1780983956.792073
1182,Episode_Reward/track_lin_vel_xy,4.887732982635498,1780983991.9919953
1188,Episode_Reward/track_lin_vel_xy,4.88594388961792,1780984027.2371411
1194,Episode_Reward/track_lin_vel_xy,4.886853218078613,1780984062.4152243
1200,Episode_Reward/track_lin_vel_xy,4.888725757598877,1780984095.5626595
1206,Episode_Reward/track_lin_vel_xy,4.8878583908081055,1780984130.3281171
1212,Episode_Reward/track_lin_vel_xy,4.8882927894592285,1780984164.4515548
1218,Episode_Reward/track_lin_vel_xy,4.886655807495117,1780984196.9402902
1224,Episode_Reward/track_lin_vel_xy,4.863434791564941,1780984230.6340892
1230,Episode_Reward/track_lin_vel_xy,4.868595600128174,1780984263.3189976
1236,Episode_Reward/track_lin_vel_xy,4.886529922485352,1780984297.7971132
1242,Episode_Reward/track_lin_vel_xy,4.8867692947387695,1780984328.9571817
1248,Episode_Reward/track_lin_vel_xy,4.887007713317871,1780984360.5038075
1254,Episode_Reward/track_lin_vel_xy,4.8878068923950195,1780984393.3222482
1260,Episode_Reward/track_lin_vel_xy,4.888147354125977,1780984427.164206
1266,Episode_Reward/track_lin_vel_xy,4.887725353240967,1780984461.1578662
1272,Episode_Reward/track_lin_vel_xy,4.886735916137695,1780984494.8987792
1278,Episode_Reward/track_lin_vel_xy,4.888997554779053,1780984528.613606
1284,Episode_Reward/track_lin_vel_xy,4.887784004211426,1780984563.5816755
1290,Episode_Reward/track_lin_vel_xy,4.885203838348389,1780984598.956911
1296,Episode_Reward/track_lin_vel_xy,4.889436721801758,1780984633.4707448
1302,Episode_Reward/track_lin_vel_xy,4.890583038330078,1780984666.2479284
1308,Episode_Reward/track_lin_vel_xy,4.8794169425964355,1780984701.9043155
1314,Episode_Reward/track_lin_vel_xy,4.892096042633057,1780984737.0537686
1320,Episode_Reward/track_lin_vel_xy,4.889589786529541,1780984772.0265694
1326,Episode_Reward/track_lin_vel_xy,4.883294582366943,1780984807.7901325
1332,Episode_Reward/track_lin_vel_xy,4.892417907714844,1780984843.0615568
1338,Episode_Reward/track_lin_vel_xy,4.884198188781738,1780984877.893604
1344,Episode_Reward/track_lin_vel_xy,4.891564846038818,1780984913.0836663
1350,Episode_Reward/track_lin_vel_xy,4.8906660079956055,1780984946.935701
1356,Episode_Reward/track_lin_vel_xy,4.890568733215332,1780984980.947049
1362,Episode_Reward/track_lin_vel_xy,4.891002178192139,1780985015.8482304
1368,Episode_Reward/track_lin_vel_xy,4.891091346740723,1780985051.3346741
1374,Episode_Reward/track_lin_vel_xy,4.891456604003906,1780985084.0698545
1380,Episode_Reward/track_lin_vel_xy,4.88862943649292,1780985116.5479567
1386,Episode_Reward/track_lin_vel_xy,4.879363059997559,1780985150.2470589
1392,Episode_Reward/track_lin_vel_xy,4.886976718902588,1780985184.416611
1398,Episode_Reward/track_lin_vel_xy,4.888518810272217,1780985219.3666658
1404,Episode_Reward/track_lin_vel_xy,4.847451686859131,1780985252.605033
1410,Episode_Reward/track_lin_vel_xy,4.889674186706543,1780985287.235213
1416,Episode_Reward/track_lin_vel_xy,4.890496253967285,1780985320.6366696
1422,Episode_Reward/track_lin_vel_xy,4.891077041625977,1780985354.9818814
1428,Episode_Reward/track_lin_vel_xy,4.8907575607299805,1780985389.9631763
1434,Episode_Reward/track_lin_vel_xy,4.888852596282959,1780985425.72645
1440,Episode_Reward/track_lin_vel_xy,4.891767501831055,1780985461.1301055
1446,Episode_Reward/track_lin_vel_xy,4.892724990844727,1780985495.6817644
1452,Episode_Reward/track_lin_vel_xy,4.891298294067383,1780985531.4702585
1458,Episode_Reward/track_lin_vel_xy,4.893722057342529,1780985567.0782907
1464,Episode_Reward/track_lin_vel_xy,4.895572185516357,1780985603.0687158
1470,Episode_Reward/track_lin_vel_xy,4.882168769836426,1780985638.835132
1476,Episode_Reward/track_lin_vel_xy,4.895704746246338,1780985673.9808273
1482,Episode_Reward/track_lin_vel_xy,4.895781517028809,1780985707.0478404
1488,Episode_Reward/track_lin_vel_xy,4.893423557281494,1780985741.897103
1494,Episode_Reward/track_lin_vel_xy,4.892144680023193,1780985777.0005245
1500,Episode_Reward/track_lin_vel_xy,4.89650821685791,1780985811.991068
1506,Episode_Reward/track_lin_vel_xy,4.895495414733887,1780985846.915022
1512,Episode_Reward/track_lin_vel_xy,4.896485328674316,1780985880.2289233
1518,Episode_Reward/track_lin_vel_xy,4.883118629455566,1780985914.9587176
1524,Episode_Reward/track_lin_vel_xy,4.895357131958008,1780985950.093251
1530,Episode_Reward/track_lin_vel_xy,4.897426128387451,1780985984.0094655
1536,Episode_Reward/track_lin_vel_xy,4.88212251663208,1780986019.2411814
1542,Episode_Reward/track_lin_vel_xy,4.896556854248047,1780986053.2950766
1548,Episode_Reward/track_lin_vel_xy,4.898189067840576,1780986089.249689
1554,Episode_Reward/track_lin_vel_xy,4.898470401763916,1780986124.55152
1560,Episode_Reward/track_lin_vel_xy,4.896153926849365,1780986159.8437073
1566,Episode_Reward/track_lin_vel_xy,4.879405975341797,1780986194.78187
1572,Episode_Reward/track_lin_vel_xy,4.898250579833984,1780986230.662607
1578,Episode_Reward/track_lin_vel_xy,4.879481792449951,1780986265.3494873
1584,Episode_Reward/track_lin_vel_xy,4.8990888595581055,1780986298.1628997
1590,Episode_Reward/track_lin_vel_xy,4.8985276222229,1780986330.490059
1596,Episode_Reward/track_lin_vel_xy,4.899993896484375,1780986364.0026994
1602,Episode_Reward/track_lin_vel_xy,4.898947238922119,1780986396.5049608
1608,Episode_Reward/track_lin_vel_xy,4.899539470672607,1780986428.0637114
1614,Episode_Reward/track_lin_vel_xy,4.900593280792236,1780986459.9337695
1620,Episode_Reward/track_lin_vel_xy,4.896669387817383,1780986492.0076697
1626,Episode_Reward/track_lin_vel_xy,4.901512622833252,1780986524.9482796
1632,Episode_Reward/track_lin_vel_xy,4.901446342468262,1780986559.8558357
1638,Episode_Reward/track_lin_vel_xy,4.900262832641602,1780986595.2982163
1644,Episode_Reward/track_lin_vel_xy,4.900452613830566,1780986629.504761
1650,Episode_Reward/track_lin_vel_xy,4.901574611663818,1780986665.1868436
1656,Episode_Reward/track_lin_vel_xy,4.898265838623047,1780986700.8623233
1662,Episode_Reward/track_lin_vel_xy,4.901824474334717,1780986735.612404
1668,Episode_Reward/track_lin_vel_xy,4.897961616516113,1780986769.517665
1674,Episode_Reward/track_lin_vel_xy,4.9019598960876465,1780986804.458717
1680,Episode_Reward/track_lin_vel_xy,4.9019341468811035,1780986839.6257029
1686,Episode_Reward/track_lin_vel_xy,4.9022111892700195,1780986874.952215
1692,Episode_Reward/track_lin_vel_xy,4.90165901184082,1780986909.1866229
1698,Episode_Reward/track_lin_vel_xy,4.888210296630859,1780986942.8908393
1704,Episode_Reward/track_lin_vel_xy,4.90256404876709,1780986977.4809787
1710,Episode_Reward/track_lin_vel_xy,4.902810096740723,1780987013.0685892
1716,Episode_Reward/track_lin_vel_xy,4.902270317077637,1780987045.6625743
1722,Episode_Reward/track_lin_vel_xy,4.894388198852539,1780987078.524657
1728,Episode_Reward/track_lin_vel_xy,4.887457847595215,1780987112.9862554
1734,Episode_Reward/track_lin_vel_xy,4.901495456695557,1780987148.4511535
1740,Episode_Reward/track_lin_vel_xy,4.901094913482666,1780987183.3276684
1746,Episode_Reward/track_lin_vel_xy,4.902287483215332,1780987216.5001626
1752,Episode_Reward/track_lin_vel_xy,4.902797698974609,1780987251.8566384
1758,Episode_Reward/track_lin_vel_xy,4.903834819793701,1780987284.6012516
1764,Episode_Reward/track_lin_vel_xy,4.904016494750977,1780987319.6105108
1770,Episode_Reward/track_lin_vel_xy,4.886534690856934,1780987353.5258656
1776,Episode_Reward/track_lin_vel_xy,4.902605056762695,1780987388.9788442
1782,Episode_Reward/track_lin_vel_xy,4.901838302612305,1780987422.4177392
1788,Episode_Reward/track_lin_vel_xy,4.900509834289551,1780987457.3181336
1794,Episode_Reward/track_lin_vel_xy,4.906394958496094,1780987492.8480694
1800,Episode_Reward/track_lin_vel_xy,4.906201362609863,1780987527.9541483
1806,Episode_Reward/track_lin_vel_xy,4.896418571472168,1780987563.6179097
1812,Episode_Reward/track_lin_vel_xy,4.90519380569458,1780987599.1084876
1818,Episode_Reward/track_lin_vel_xy,4.906558990478516,1780987633.6579285
1824,Episode_Reward/track_lin_vel_xy,4.905797958374023,1780987667.259943
1830,Episode_Reward/track_lin_vel_xy,4.90575647354126,1780987702.4171412
1836,Episode_Reward/track_lin_vel_xy,4.906259536743164,1780987737.8398054
1842,Episode_Reward/track_lin_vel_xy,4.907070159912109,1780987772.9451737
1848,Episode_Reward/track_lin_vel_xy,4.906497001647949,1780987807.897342
1854,Episode_Reward/track_lin_vel_xy,4.906328201293945,1780987843.252724
1860,Episode_Reward/track_lin_vel_xy,4.89072322845459,1780987875.6730917
1866,Episode_Reward/track_lin_vel_xy,4.906608581542969,1780987907.7852187
1872,Episode_Reward/track_lin_vel_xy,4.908663749694824,1780987941.6863387
1878,Episode_Reward/track_lin_vel_xy,4.906359672546387,1780987975.5480437
1884,Episode_Reward/track_lin_vel_xy,4.909575462341309,1780988010.139426
1890,Episode_Reward/track_lin_vel_xy,4.91000509262085,1780988045.0936868
1896,Episode_Reward/track_lin_vel_xy,4.909275054931641,1780988079.7287793
1902,Episode_Reward/track_lin_vel_xy,4.909476280212402,1780988114.73952
1908,Episode_Reward/track_lin_vel_xy,4.909012794494629,1780988148.8600972
1914,Episode_Reward/track_lin_vel_xy,4.910338878631592,1780988181.2320838
1920,Episode_Reward/track_lin_vel_xy,4.910157203674316,1780988213.9342139
1926,Episode_Reward/track_lin_vel_xy,4.910482883453369,1780988245.7682443
1932,Episode_Reward/track_lin_vel_xy,4.911437511444092,1780988279.6892471
1938,Episode_Reward/track_lin_vel_xy,4.909823417663574,1780988314.5586112
1944,Episode_Reward/track_lin_vel_xy,4.911698341369629,1780988347.2992032
1950,Episode_Reward/track_lin_vel_xy,4.911628246307373,1780988378.6412144
1956,Episode_Reward/track_lin_vel_xy,4.912116527557373,1780988411.9306405
1962,Episode_Reward/track_lin_vel_xy,4.913591384887695,1780988447.0640213
1968,Episode_Reward/track_lin_vel_xy,4.913389682769775,1780988480.895414
1974,Episode_Reward/track_lin_vel_xy,4.914997577667236,1780988515.7917824
1980,Episode_Reward/track_lin_vel_xy,4.885951042175293,1780988550.4118018
1986,Episode_Reward/track_lin_vel_xy,4.91496467590332,1780988583.973189
1992,Episode_Reward/track_lin_vel_xy,4.912744522094727,1780988618.4457111
1998,Episode_Reward/track_lin_vel_xy,4.914952278137207,1780988651.877711
2004,Episode_Reward/track_lin_vel_xy,4.915546417236328,1780988684.154974
2010,Episode_Reward/track_lin_vel_xy,4.9160871505737305,1780988717.3066957
2016,Episode_Reward/track_lin_vel_xy,4.903985500335693,1780988750.007842
2022,Episode_Reward/track_lin_vel_xy,4.916623115539551,1780988783.2492986
2028,Episode_Reward/track_lin_vel_xy,4.916556358337402,1780988815.0245373
2034,Episode_Reward/track_lin_vel_xy,4.9147138595581055,1780988847.0443628
2040,Episode_Reward/track_lin_vel_xy,4.917429447174072,1780988880.4382672
2046,Episode_Reward/track_lin_vel_xy,4.917638301849365,1780988915.4123545
2052,Episode_Reward/track_lin_vel_xy,4.918257713317871,1780988950.2491803
2058,Episode_Reward/track_lin_vel_xy,4.917482376098633,1780988984.4912522
2064,Episode_Reward/track_lin_vel_xy,4.918124198913574,1780989014.66196
2070,Episode_Reward/track_lin_vel_xy,4.918994903564453,1780989047.978552
2076,Episode_Reward/track_lin_vel_xy,4.919072151184082,1780989080.3846803
2082,Episode_Reward/track_lin_vel_xy,4.917871952056885,1780989111.9802194
2088,Episode_Reward/track_lin_vel_xy,4.918888092041016,1780989145.709601
2094,Episode_Reward/track_lin_vel_xy,4.918933391571045,1780989180.991271
2100,Episode_Reward/track_lin_vel_xy,4.8979291915893555,1780989215.9007747
2106,Episode_Reward/track_lin_vel_xy,4.91724967956543,1780989249.7711012
2112,Episode_Reward/track_lin_vel_xy,4.918427467346191,1780989284.6444054
2118,Episode_Reward/track_lin_vel_xy,4.918512344360352,1780989319.4764073
2124,Episode_Reward/track_lin_vel_xy,4.919079303741455,1780989354.4333856
2130,Episode_Reward/track_lin_vel_xy,4.91927433013916,1780989389.8849483
2136,Episode_Reward/track_lin_vel_xy,4.920644760131836,1780989425.5884936
2142,Episode_Reward/track_lin_vel_xy,4.909399032592773,1780989461.1852355
2148,Episode_Reward/track_lin_vel_xy,4.920926094055176,1780989496.3792164
2154,Episode_Reward/track_lin_vel_xy,4.921202659606934,1780989531.5676954
2160,Episode_Reward/track_lin_vel_xy,4.921154499053955,1780989566.7966845
2166,Episode_Reward/track_lin_vel_xy,4.921570777893066,1780989601.7325263
2172,Episode_Reward/track_lin_vel_xy,4.921858787536621,1780989636.017233
2178,Episode_Reward/track_lin_vel_xy,4.922797679901123,1780989670.7808754
2184,Episode_Reward/track_lin_vel_xy,4.923427104949951,1780989704.0737133
2190,Episode_Reward/track_lin_vel_xy,4.923915386199951,1780989737.6763926
2196,Episode_Reward/track_lin_vel_xy,4.904241561889648,1780989773.981343
2202,Episode_Reward/track_lin_vel_xy,4.923634052276611,1780989809.0659158
2208,Episode_Reward/track_lin_vel_xy,4.9243927001953125,1780989842.8529778
2214,Episode_Reward/track_lin_vel_xy,4.924761772155762,1780989876.0897787
2220,Episode_Reward/track_lin_vel_xy,4.925210952758789,1780989910.9929895
2226,Episode_Reward/track_lin_vel_xy,4.925830841064453,1780989946.1889856
2232,Episode_Reward/track_lin_vel_xy,4.926354885101318,1780989981.560628
2238,Episode_Reward/track_lin_vel_xy,4.925586223602295,1780990017.2587729
2244,Episode_Reward/track_lin_vel_xy,4.925510406494141,1780990050.082296
2250,Episode_Reward/track_lin_vel_xy,4.925790309906006,1780990081.825523
2256,Episode_Reward/track_lin_vel_xy,4.926387786865234,1780990113.6698859
2262,Episode_Reward/track_lin_vel_xy,4.925827980041504,1780990145.257351
2268,Episode_Reward/track_lin_vel_xy,4.926251411437988,1780990179.688924
2274,Episode_Reward/track_lin_vel_xy,4.926637649536133,1780990214.0010138
2280,Episode_Reward/track_lin_vel_xy,4.926198959350586,1780990248.65311
2286,Episode_Reward/track_lin_vel_xy,4.92724609375,1780990283.0446336
2292,Episode_Reward/track_lin_vel_xy,4.923119068145752,1780990316.538163
2298,Episode_Reward/track_lin_vel_xy,4.927923679351807,1780990349.4989545
2304,Episode_Reward/track_lin_vel_xy,4.927885055541992,1780990382.0248086
2310,Episode_Reward/track_lin_vel_xy,4.928147792816162,1780990415.7266226
2316,Episode_Reward/track_lin_vel_xy,4.928397178649902,1780990450.5530045
2322,Episode_Reward/track_lin_vel_xy,4.926586151123047,1780990484.7513595
2328,Episode_Reward/track_lin_vel_xy,4.926764011383057,1780990518.4728858
2334,Episode_Reward/track_lin_vel_xy,4.92829704284668,1780990553.3199866
2340,Episode_Reward/track_lin_vel_xy,4.928504943847656,1780990587.6896365
2346,Episode_Reward/track_lin_vel_xy,4.928561687469482,1780990619.155177
2352,Episode_Reward/track_lin_vel_xy,4.928401947021484,1780990651.9551926
2358,Episode_Reward/track_lin_vel_xy,4.929263114929199,1780990684.747952
2364,Episode_Reward/track_lin_vel_xy,4.928495407104492,1780990717.2530215
2370,Episode_Reward/track_lin_vel_xy,4.928437232971191,1780990749.7243233
2376,Episode_Reward/track_lin_vel_xy,4.929387092590332,1780990784.794104
2382,Episode_Reward/track_lin_vel_xy,4.929938316345215,1780990819.7314963
2388,Episode_Reward/track_lin_vel_xy,4.929740905761719,1780990851.7380042
2394,Episode_Reward/track_lin_vel_xy,4.929263591766357,1780990884.370054
2400,Episode_Reward/track_lin_vel_xy,4.929845809936523,1780990919.875475
2406,Episode_Reward/track_lin_vel_xy,4.929028511047363,1780990955.26487
2412,Episode_Reward/track_lin_vel_xy,4.93018913269043,1780990988.229559
2418,Episode_Reward/track_lin_vel_xy,4.931352615356445,1780991019.4166625
2424,Episode_Reward/track_lin_vel_xy,4.931188583374023,1780991051.3732126
2430,Episode_Reward/track_lin_vel_xy,4.931632995605469,1780991085.2806907
2436,Episode_Reward/track_lin_vel_xy,4.932247161865234,1780991117.266118
2442,Episode_Reward/track_lin_vel_xy,4.931189060211182,1780991150.6563103
2448,Episode_Reward/track_lin_vel_xy,4.930850982666016,1780991185.379481
2454,Episode_Reward/track_lin_vel_xy,4.929978847503662,1780991220.6770031
2460,Episode_Reward/track_lin_vel_xy,4.931026935577393,1780991255.5763817
2466,Episode_Reward/track_lin_vel_xy,4.930826663970947,1780991291.2454362
2472,Episode_Reward/track_lin_vel_xy,4.932048797607422,1780991327.1538923
2478,Episode_Reward/track_lin_vel_xy,4.932114601135254,1780991363.0297143
2484,Episode_Reward/track_lin_vel_xy,4.931443214416504,1780991399.0887537
2490,Episode_Reward/track_lin_vel_xy,4.930631637573242,1780991434.0051408
2496,Episode_Reward/track_lin_vel_xy,4.932392597198486,1780991468.9987597
2502,Episode_Reward/track_lin_vel_xy,4.933119773864746,1780991503.1142251
2508,Episode_Reward/track_lin_vel_xy,4.925439357757568,1780991537.8290603
2514,Episode_Reward/track_lin_vel_xy,4.933077335357666,1780991573.8178806
2520,Episode_Reward/track_lin_vel_xy,4.932843208312988,1780991609.9035378
2526,Episode_Reward/track_lin_vel_xy,4.931370258331299,1780991643.0872502
2532,Episode_Reward/track_lin_vel_xy,4.932254791259766,1780991678.3323085
2538,Episode_Reward/track_lin_vel_xy,4.9324541091918945,1780991710.2983422
2544,Episode_Reward/track_lin_vel_xy,4.9334821701049805,1780991743.0556154
2550,Episode_Reward/track_lin_vel_xy,4.932563304901123,1780991779.1111844
2556,Episode_Reward/track_lin_vel_xy,4.93333625793457,1780991813.97314
2562,Episode_Reward/track_lin_vel_xy,4.93237829208374,1780991848.7714684
2568,Episode_Reward/track_lin_vel_xy,4.930182933807373,1780991883.5667367
2574,Episode_Reward/track_lin_vel_xy,4.933932781219482,1780991918.767486
2580,Episode_Reward/track_lin_vel_xy,4.933747291564941,1780991953.8948178
2586,Episode_Reward/track_lin_vel_xy,4.93376350402832,1780991989.1841257
2592,Episode_Reward/track_lin_vel_xy,4.934223175048828,1780992024.1597366
2598,Episode_Reward/track_lin_vel_xy,4.924516201019287,1780992058.8649096
2604,Episode_Reward/track_lin_vel_xy,4.933736801147461,1780992091.3808074
2610,Episode_Reward/track_lin_vel_xy,4.900345802307129,1780992125.5617614
2616,Episode_Reward/track_lin_vel_xy,4.933703422546387,1780992160.1851585
2622,Episode_Reward/track_lin_vel_xy,4.9353227615356445,1780992192.828205
2628,Episode_Reward/track_lin_vel_xy,4.934864521026611,1780992224.2095516
2634,Episode_Reward/track_lin_vel_xy,4.930514812469482,1780992255.7789037
2640,Episode_Reward/track_lin_vel_xy,4.934406280517578,1780992289.2149074
2646,Episode_Reward/track_lin_vel_xy,4.934581756591797,1780992321.1421928
2652,Episode_Reward/track_lin_vel_xy,4.92219877243042,1780992354.3898182
2658,Episode_Reward/track_lin_vel_xy,4.935520172119141,1780992389.5838294
2664,Episode_Reward/track_lin_vel_xy,4.935562610626221,1780992424.793528
2670,Episode_Reward/track_lin_vel_xy,4.936873435974121,1780992460.3991551
2676,Episode_Reward/track_lin_vel_xy,4.936736583709717,1780992494.4770744
2682,Episode_Reward/track_lin_vel_xy,4.9369893074035645,1780992527.5347984
2688,Episode_Reward/track_lin_vel_xy,4.9162278175354,1780992562.8095226
2694,Episode_Reward/track_lin_vel_xy,4.9358439445495605,1780992596.4275908
2700,Episode_Reward/track_lin_vel_xy,4.936023235321045,1780992631.2573714
2706,Episode_Reward/track_lin_vel_xy,4.936779022216797,1780992666.770982
2712,Episode_Reward/track_lin_vel_xy,4.937916278839111,1780992704.335797
2718,Episode_Reward/track_lin_vel_xy,4.937200546264648,1780993023.5008788
2724,Episode_Reward/track_lin_vel_xy,4.937949180603027,1780993058.3400602
2730,Episode_Reward/track_lin_vel_xy,4.937429428100586,1780993092.9439414
2736,Episode_Reward/track_lin_vel_xy,4.93764591217041,1780993127.257355
2742,Episode_Reward/track_lin_vel_xy,4.936781883239746,1780993161.3460755
2748,Episode_Reward/track_lin_vel_xy,4.937811851501465,1780993195.6080112
2754,Episode_Reward/track_lin_vel_xy,4.9369401931762695,1780993230.1553464
2760,Episode_Reward/track_lin_vel_xy,4.938432216644287,1780993264.6167204
2766,Episode_Reward/track_lin_vel_xy,4.938256740570068,1780993299.1698785
2772,Episode_Reward/track_lin_vel_xy,4.936985969543457,1780993333.4876091
2778,Episode_Reward/track_lin_vel_xy,4.937315940856934,1780993367.313869
2784,Episode_Reward/track_lin_vel_xy,4.936107635498047,1780993401.6147792
2790,Episode_Reward/track_lin_vel_xy,4.938467979431152,1780993435.9283879
2796,Episode_Reward/track_lin_vel_xy,4.933536529541016,1780993470.358881
2802,Episode_Reward/track_lin_vel_xy,4.937945365905762,1780993503.5354476
2808,Episode_Reward/track_lin_vel_xy,4.938841819763184,1780993537.4966364
2814,Episode_Reward/track_lin_vel_xy,4.938201427459717,1780993571.0028856
2820,Episode_Reward/track_lin_vel_xy,4.937690258026123,1780993605.2538424
2826,Episode_Reward/track_lin_vel_xy,4.937807083129883,1780993639.5380697
2832,Episode_Reward/track_lin_vel_xy,4.938122749328613,1780993751.3049417
2838,Episode_Reward/track_lin_vel_xy,4.938446044921875,1780993785.3994787
2844,Episode_Reward/track_lin_vel_xy,4.938663482666016,1780993819.308016
2850,Episode_Reward/track_lin_vel_xy,4.9391961097717285,1780993853.263238
2856,Episode_Reward/track_lin_vel_xy,4.93898344039917,1780993887.5373726
2862,Episode_Reward/track_lin_vel_xy,4.93893575668335,1780993916.839382
2868,Episode_Reward/track_lin_vel_xy,4.938551425933838,1780993946.022977
2874,Episode_Reward/track_lin_vel_xy,4.939659118652344,1780993975.1996946
2880,Episode_Reward/track_lin_vel_xy,4.93977165222168,1780994004.5790098
2886,Episode_Reward/track_lin_vel_xy,4.940784931182861,1780994033.820564
2892,Episode_Reward/track_lin_vel_xy,4.939627170562744,1780994063.2106755
2898,Episode_Reward/track_lin_vel_xy,4.940901279449463,1780994092.4985523
2904,Episode_Reward/track_lin_vel_xy,4.939945220947266,1780994121.639771
2910,Episode_Reward/track_lin_vel_xy,4.939944267272949,1780994150.9240084
2916,Episode_Reward/track_lin_vel_xy,4.940404891967773,1780994180.3873565
2922,Episode_Reward/track_lin_vel_xy,4.93680477142334,1780994210.3696187
2928,Episode_Reward/track_lin_vel_xy,4.940029144287109,1780994240.230019
2934,Episode_Reward/track_lin_vel_xy,4.939947605133057,1780994269.770973
2940,Episode_Reward/track_lin_vel_xy,4.9402079582214355,1780994299.1312892
2946,Episode_Reward/track_lin_vel_xy,4.939760208129883,1780994328.5709698
2952,Episode_Reward/track_lin_vel_xy,4.939484596252441,1780994357.9006686
2958,Episode_Reward/track_lin_vel_xy,4.940321445465088,1780994387.4355726
2964,Episode_Reward/track_lin_vel_xy,4.940749645233154,1780994417.349047
2970,Episode_Reward/track_lin_vel_xy,4.941131591796875,1780994447.0925257
2976,Episode_Reward/track_lin_vel_xy,4.940321922302246,1780994476.4182448
2982,Episode_Reward/track_lin_vel_xy,4.940228462219238,1780994506.2766407
2988,Episode_Reward/track_lin_vel_xy,4.939355850219727,1780994535.6802719
2994,Episode_Reward/track_lin_vel_xy,4.941377639770508,1780994565.0182343
3000,Episode_Reward/track_lin_vel_xy,4.941574573516846,1780994594.723573
3006,Episode_Reward/track_lin_vel_xy,4.9414286613464355,1780994624.516887
3012,Episode_Reward/track_lin_vel_xy,4.94243049621582,1780994653.7006788
3018,Episode_Reward/track_lin_vel_xy,4.942652702331543,1780994683.1151075
3024,Episode_Reward/track_lin_vel_xy,4.942850112915039,1780994712.4827504
3030,Episode_Reward/track_lin_vel_xy,4.9236040115356445,1780994741.7309284
3036,Episode_Reward/track_lin_vel_xy,4.94235372543335,1780994771.2782795
3042,Episode_Reward/track_lin_vel_xy,4.941448211669922,1780994800.7908611
3048,Episode_Reward/track_lin_vel_xy,4.94224739074707,1780994830.272649
3054,Episode_Reward/track_lin_vel_xy,4.942996025085449,1780994859.9543543
3060,Episode_Reward/track_lin_vel_xy,4.9437255859375,1780994889.985548
3066,Episode_Reward/track_lin_vel_xy,4.942481994628906,1780994919.3768883
3072,Episode_Reward/track_lin_vel_xy,4.9434051513671875,1780994948.9465103
3078,Episode_Reward/track_lin_vel_xy,4.943514347076416,1780994978.882149
3084,Episode_Reward/track_lin_vel_xy,4.9438982009887695,1780995008.8629775
3090,Episode_Reward/track_lin_vel_xy,4.9438066482543945,1780995038.7335353
3096,Episode_Reward/track_lin_vel_xy,4.944479942321777,1780995068.572716
3102,Episode_Reward/track_lin_vel_xy,4.944745063781738,1780995097.8445477
3108,Episode_Reward/track_lin_vel_xy,4.944612503051758,1780995127.1347644
3114,Episode_Reward/track_lin_vel_xy,4.944768905639648,1780995156.2177086
3120,Episode_Reward/track_lin_vel_xy,4.941808223724365,1780995185.258044
3126,Episode_Reward/track_lin_vel_xy,4.944891929626465,1780995214.5027514
3132,Episode_Reward/track_lin_vel_xy,4.941112518310547,1780995243.9626515
3138,Episode_Reward/track_lin_vel_xy,4.944389343261719,1780995273.2971373
3144,Episode_Reward/track_lin_vel_xy,4.943663120269775,1780995302.8240824
3150,Episode_Reward/track_lin_vel_xy,4.9437031745910645,1780995332.3699162
3156,Episode_Reward/track_lin_vel_xy,4.945304870605469,1780995361.778739
3162,Episode_Reward/track_lin_vel_xy,4.944165229797363,1780995390.761041
3168,Episode_Reward/track_lin_vel_xy,4.944308280944824,1780995420.051348
3174,Episode_Reward/track_lin_vel_xy,4.937678337097168,1780995449.6854572
3180,Episode_Reward/track_lin_vel_xy,4.937301158905029,1780995479.1916864
3186,Episode_Reward/track_lin_vel_xy,4.942859649658203,1780995508.7340112
3192,Episode_Reward/track_lin_vel_xy,4.942391395568848,1780995538.0581663
3198,Episode_Reward/track_lin_vel_xy,4.932424068450928,1780995567.5896173
3204,Episode_Reward/track_lin_vel_xy,4.9429216384887695,1780995596.587545
3210,Episode_Reward/track_lin_vel_xy,4.943204879760742,1780995626.8223624
3216,Episode_Reward/track_lin_vel_xy,4.942802906036377,1780995656.3045218
3222,Episode_Reward/track_lin_vel_xy,4.942869663238525,1780995686.2156663
3228,Episode_Reward/track_lin_vel_xy,4.943690776824951,1780995715.3167808
3234,Episode_Reward/track_lin_vel_xy,4.943528175354004,1780995744.6420894
3240,Episode_Reward/track_lin_vel_xy,4.913321495056152,1780995774.161416
3246,Episode_Reward/track_lin_vel_xy,4.9431562423706055,1780995803.5135224
3252,Episode_Reward/track_lin_vel_xy,4.943280220031738,1780995832.876503
3258,Episode_Reward/track_lin_vel_xy,4.944201946258545,1780995862.0781298
3264,Episode_Reward/track_lin_vel_xy,4.94435453414917,1780995891.077764
3270,Episode_Reward/track_lin_vel_xy,4.944374084472656,1780995920.473804
3276,Episode_Reward/track_lin_vel_xy,4.920097351074219,1780995950.6456707
3282,Episode_Reward/track_lin_vel_xy,4.94527006149292,1780995980.4500258
3288,Episode_Reward/track_lin_vel_xy,4.944932460784912,1780996010.3322244
3294,Episode_Reward/track_lin_vel_xy,4.944711685180664,1780996040.3432114
3300,Episode_Reward/track_lin_vel_xy,4.945068836212158,1780996070.2548387
3306,Episode_Reward/track_lin_vel_xy,4.945198059082031,1780996100.2949688
3312,Episode_Reward/track_lin_vel_xy,4.946991443634033,1780996130.0719817
3318,Episode_Reward/track_lin_vel_xy,4.929877281188965,1780996159.7051702
3324,Episode_Reward/track_lin_vel_xy,4.945359230041504,1780996189.664474
3330,Episode_Reward/track_lin_vel_xy,4.943647384643555,1780996219.7885585
3336,Episode_Reward/track_lin_vel_xy,4.946292877197266,1780996249.6992984
3342,Episode_Reward/track_lin_vel_xy,4.946142673492432,1780996279.0281646
3348,Episode_Reward/track_lin_vel_xy,4.946343421936035,1780996308.6577775
3354,Episode_Reward/track_lin_vel_xy,4.945366859436035,1780996337.9002538
3360,Episode_Reward/track_lin_vel_xy,4.945528984069824,1780996367.2055655
3366,Episode_Reward/track_lin_vel_xy,4.917685508728027,1780996396.622473
3372,Episode_Reward/track_lin_vel_xy,4.945729732513428,1780996425.9361558
3378,Episode_Reward/track_lin_vel_xy,4.945261478424072,1780996455.5755672
3384,Episode_Reward/track_lin_vel_xy,4.945021629333496,1780996485.265852
3390,Episode_Reward/track_lin_vel_xy,4.945538520812988,1780996515.2611895
3396,Episode_Reward/track_lin_vel_xy,4.944991111755371,1780996544.917782
3402,Episode_Reward/track_lin_vel_xy,4.943755149841309,1780996574.5239794
3408,Episode_Reward/track_lin_vel_xy,4.943911552429199,1780996603.960969
3414,Episode_Reward/track_lin_vel_xy,4.945196151733398,1780996633.4698968
3420,Episode_Reward/track_lin_vel_xy,4.945512771606445,1780996662.776256
3426,Episode_Reward/track_lin_vel_xy,4.945927619934082,1780996692.7109203
3432,Episode_Reward/track_lin_vel_xy,4.945356845855713,1780996722.2489128
3438,Episode_Reward/track_lin_vel_xy,4.945700168609619,1780996751.2729518
3444,Episode_Reward/track_lin_vel_xy,4.945556640625,1780996780.255636
3450,Episode_Reward/track_lin_vel_xy,4.945653915405273,1780996809.528291
3456,Episode_Reward/track_lin_vel_xy,4.946422100067139,1780996838.8843966
3462,Episode_Reward/track_lin_vel_xy,4.946669101715088,1780996868.3114307
3468,Episode_Reward/track_lin_vel_xy,4.947015762329102,1780996897.5986805
3474,Episode_Reward/track_lin_vel_xy,4.946002006530762,1780996926.7515845
3480,Episode_Reward/track_lin_vel_xy,4.9470109939575195,1780996955.655439
3486,Episode_Reward/track_lin_vel_xy,4.946285247802734,1780996984.8583343
3492,Episode_Reward/track_lin_vel_xy,4.947389125823975,1780997014.2117445
3498,Episode_Reward/track_lin_vel_xy,4.947281837463379,1780997043.4020007
3504,Episode_Reward/track_lin_vel_xy,4.947385787963867,1780997073.140122
3510,Episode_Reward/track_lin_vel_xy,4.946747779846191,1780997103.2152421
3516,Episode_Reward/track_lin_vel_xy,4.946951389312744,1780997133.2663794
3522,Episode_Reward/track_lin_vel_xy,4.947514533996582,1780997162.9775841
3528,Episode_Reward/track_lin_vel_xy,4.947189807891846,1780997193.0646367
3534,Episode_Reward/track_lin_vel_xy,4.946364402770996,1780997223.2023833
3540,Episode_Reward/track_lin_vel_xy,4.947499752044678,1780997253.3197913
3546,Episode_Reward/track_lin_vel_xy,4.947666168212891,1780997282.6953144
3552,Episode_Reward/track_lin_vel_xy,4.9475603103637695,1780997311.8631923
3558,Episode_Reward/track_lin_vel_xy,4.947094917297363,1780997341.475498
3564,Episode_Reward/track_lin_vel_xy,4.947010517120361,1780997371.2778304
3570,Episode_Reward/track_lin_vel_xy,4.947125434875488,1780997401.0883381
3576,Episode_Reward/track_lin_vel_xy,4.946940898895264,1780997430.5560374
3582,Episode_Reward/track_lin_vel_xy,4.947991847991943,1780997460.1315987
3588,Episode_Reward/track_lin_vel_xy,4.948701858520508,1780997489.9427032
3594,Episode_Reward/track_lin_vel_xy,4.948858737945557,1780997519.2938921
3600,Episode_Reward/track_lin_vel_xy,4.949197769165039,1780997549.0056357
3606,Episode_Reward/track_lin_vel_xy,4.948646545410156,1780997578.7276833
3612,Episode_Reward/track_lin_vel_xy,4.948659420013428,1780997608.3556013
3618,Episode_Reward/track_lin_vel_xy,4.9488959312438965,1780997638.1257596
3624,Episode_Reward/track_lin_vel_xy,4.949467182159424,1780997668.104218
3630,Episode_Reward/track_lin_vel_xy,4.944068908691406,1780997698.0622652
3636,Episode_Reward/track_lin_vel_xy,4.949337959289551,1780997727.9681194
3642,Episode_Reward/track_lin_vel_xy,4.948797225952148,1780997758.363372
3648,Episode_Reward/track_lin_vel_xy,4.949611663818359,1780997788.2634254
3654,Episode_Reward/track_lin_vel_xy,4.949007511138916,1780997817.8412008
3660,Episode_Reward/track_lin_vel_xy,4.933513164520264,1780997847.7295573
3666,Episode_Reward/track_lin_vel_xy,4.948898792266846,1780997877.6848035
3672,Episode_Reward/track_lin_vel_xy,4.948849678039551,1780997907.2096207
3678,Episode_Reward/track_lin_vel_xy,4.948810577392578,1780997936.716395
3684,Episode_Reward/track_lin_vel_xy,4.948922634124756,1780997966.1852696
3690,Episode_Reward/track_lin_vel_xy,4.948850631713867,1780997996.0780754
3696,Episode_Reward/track_lin_vel_xy,4.948707103729248,1780998025.677012
3702,Episode_Reward/track_lin_vel_xy,4.949056625366211,1780998055.4301705
3708,Episode_Reward/track_lin_vel_xy,4.9491286277771,1780998085.1654425
3714,Episode_Reward/track_lin_vel_xy,4.949761390686035,1780998115.3298495
3720,Episode_Reward/track_lin_vel_xy,4.949165344238281,1780998144.9960697
3726,Episode_Reward/track_lin_vel_xy,4.949498653411865,1780998174.3146312
3732,Episode_Reward/track_lin_vel_xy,4.950065612792969,1780998204.1853411
3738,Episode_Reward/track_lin_vel_xy,4.950146198272705,1780998233.6894186
3744,Episode_Reward/track_lin_vel_xy,4.948523044586182,1780998263.2818146
3750,Episode_Reward/track_lin_vel_xy,4.949638366699219,1780998293.205841
3756,Episode_Reward/track_lin_vel_xy,4.949377059936523,1780998323.4251566
3762,Episode_Reward/track_lin_vel_xy,4.950024604797363,1780998353.4177003
3768,Episode_Reward/track_lin_vel_xy,4.950551986694336,1780998383.1213315
3774,Episode_Reward/track_lin_vel_xy,4.949357509613037,1780998412.0610502
3780,Episode_Reward/track_lin_vel_xy,4.950837135314941,1780998440.9577162
3786,Episode_Reward/track_lin_vel_xy,4.94905948638916,1780998470.0655782
3792,Episode_Reward/track_lin_vel_xy,4.949965476989746,1780998499.045568
3798,Episode_Reward/track_lin_vel_xy,4.949887275695801,1780998527.9724333
3804,Episode_Reward/track_lin_vel_xy,4.949945449829102,1780998556.9412198
3810,Episode_Reward/track_lin_vel_xy,4.949671745300293,1780998585.9135363
3816,Episode_Reward/track_lin_vel_xy,4.948983669281006,1780998614.711467
3822,Episode_Reward/track_lin_vel_xy,4.9488444328308105,1780998643.8752155
3828,Episode_Reward/track_lin_vel_xy,4.921586036682129,1780998673.0138986
3834,Episode_Reward/track_lin_vel_xy,4.950202941894531,1780998702.1372414
3840,Episode_Reward/track_lin_vel_xy,4.9507551193237305,1780998731.4301353
3846,Episode_Reward/track_lin_vel_xy,4.950711250305176,1780998760.4765189
3852,Episode_Reward/track_lin_vel_xy,4.950294494628906,1780998789.551734
3858,Episode_Reward/track_lin_vel_xy,4.951356887817383,1780998818.3929868
3864,Episode_Reward/track_lin_vel_xy,4.950207710266113,1780998847.261269
3870,Episode_Reward/track_lin_vel_xy,4.951059341430664,1780998876.384307
3876,Episode_Reward/track_lin_vel_xy,4.951103687286377,1780998906.0854516
3882,Episode_Reward/track_lin_vel_xy,4.951443672180176,1780998935.5379107
3888,Episode_Reward/track_lin_vel_xy,4.951958656311035,1780998965.1412864
3894,Episode_Reward/track_lin_vel_xy,4.951956748962402,1780998994.4817243
3900,Episode_Reward/track_lin_vel_xy,4.951249599456787,1780999023.5756035
3906,Episode_Reward/track_lin_vel_xy,4.9514570236206055,1780999052.9843466
3912,Episode_Reward/track_lin_vel_xy,4.951936721801758,1780999082.0675125
3918,Episode_Reward/track_lin_vel_xy,4.951446533203125,1780999111.0820994
3924,Episode_Reward/track_lin_vel_xy,4.951132774353027,1780999140.1974864
3930,Episode_Reward/track_lin_vel_xy,4.951145172119141,1780999169.4522393
3936,Episode_Reward/track_lin_vel_xy,4.9527788162231445,1780999198.7294085
3942,Episode_Reward/track_lin_vel_xy,4.9517316818237305,1780999227.916211
3948,Episode_Reward/track_lin_vel_xy,4.951872825622559,1780999256.7862375
3954,Episode_Reward/track_lin_vel_xy,4.952824592590332,1780999285.7247596
3960,Episode_Reward/track_lin_vel_xy,4.952706336975098,1780999314.8020024
3966,Episode_Reward/track_lin_vel_xy,4.953660488128662,1780999343.6638916
3972,Episode_Reward/track_lin_vel_xy,4.9534831047058105,1780999372.4340317
3978,Episode_Reward/track_lin_vel_xy,4.952869892120361,1780999401.450769
3984,Episode_Reward/track_lin_vel_xy,4.9534502029418945,1780999430.4422877
3990,Episode_Reward/track_lin_vel_xy,4.952949523925781,1780999459.6425183
3996,Episode_Reward/track_lin_vel_xy,4.954616069793701,1780999488.7376423
4002,Episode_Reward/track_lin_vel_xy,4.954550743103027,1780999518.138804
4008,Episode_Reward/track_lin_vel_xy,4.95524787902832,1780999547.4127846
4014,Episode_Reward/track_lin_vel_xy,4.954693794250488,1780999576.4101827
4020,Episode_Reward/track_lin_vel_xy,4.9546990394592285,1780999606.0433297
4026,Episode_Reward/track_lin_vel_xy,4.955033302307129,1780999635.6215572
4032,Episode_Reward/track_lin_vel_xy,4.954410076141357,1780999665.1007686
4038,Episode_Reward/track_lin_vel_xy,4.952415466308594,1780999694.7413263
4044,Episode_Reward/track_lin_vel_xy,4.954889297485352,1780999724.4081457
4050,Episode_Reward/track_lin_vel_xy,4.954816818237305,1780999752.2084305
4056,Episode_Reward/track_lin_vel_xy,4.955219268798828,1780999777.2947814
4062,Episode_Reward/track_lin_vel_xy,4.955691337585449,1780999802.7335544
4068,Episode_Reward/track_lin_vel_xy,4.955695629119873,1780999832.06762
4074,Episode_Reward/track_lin_vel_xy,4.955835342407227,1780999861.600531
4080,Episode_Reward/track_lin_vel_xy,4.956381797790527,1780999891.0321944
4086,Episode_Reward/track_lin_vel_xy,4.95659065246582,1780999920.596768
4092,Episode_Reward/track_lin_vel_xy,4.956180095672607,1780999949.9988093
4098,Episode_Reward/track_lin_vel_xy,4.9562296867370605,1780999979.5400467
4104,Episode_Reward/track_lin_vel_xy,4.956777095794678,1781000008.816652
4110,Episode_Reward/track_lin_vel_xy,4.957337856292725,1781000038.3130198
4116,Episode_Reward/track_lin_vel_xy,4.95736026763916,1781000067.613884
4122,Episode_Reward/track_lin_vel_xy,4.957060813903809,1781000096.8082895
4128,Episode_Reward/track_lin_vel_xy,4.957529544830322,1781000126.2489157
4134,Episode_Reward/track_lin_vel_xy,4.957822799682617,1781000155.9970958
4140,Episode_Reward/track_lin_vel_xy,4.958296775817871,1781000185.5224426
4146,Episode_Reward/track_lin_vel_xy,4.958329677581787,1781000214.6894302
4152,Episode_Reward/track_lin_vel_xy,4.957968235015869,1781000243.7975895
4158,Episode_Reward/track_lin_vel_xy,4.958779335021973,1781000273.2110252
4164,Episode_Reward/track_lin_vel_xy,4.95792818069458,1781000302.4606707
4170,Episode_Reward/track_lin_vel_xy,4.9580888748168945,1781000332.122917
4176,Episode_Reward/track_lin_vel_xy,4.958166599273682,1781000361.899832
4182,Episode_Reward/track_lin_vel_xy,4.95795202255249,1781000391.398428
4188,Episode_Reward/track_lin_vel_xy,4.958046913146973,1781000420.7961676
4194,Episode_Reward/track_lin_vel_xy,4.9584245681762695,1781000450.2244408
4200,Episode_Reward/track_lin_vel_xy,4.957960605621338,1781000479.790921
4206,Episode_Reward/track_lin_vel_xy,4.958867073059082,1781000508.9616451
4212,Episode_Reward/track_lin_vel_xy,4.9587860107421875,1781000538.2376778
4218,Episode_Reward/track_lin_vel_xy,4.958932399749756,1781000567.4365947
4224,Episode_Reward/track_lin_vel_xy,4.959796905517578,1781000596.5836644
4230,Episode_Reward/track_lin_vel_xy,4.958739757537842,1781000625.770558
4236,Episode_Reward/track_lin_vel_xy,4.959006309509277,1781000655.4236393
4242,Episode_Reward/track_lin_vel_xy,4.95936918258667,1781000684.8120565
4248,Episode_Reward/track_lin_vel_xy,4.95881462097168,1781000714.4533322
4254,Episode_Reward/track_lin_vel_xy,4.958999156951904,1781000744.3750968
4260,Episode_Reward/track_lin_vel_xy,4.959071636199951,1781000774.0172293
4266,Episode_Reward/track_lin_vel_xy,4.958966255187988,1781000803.244085
4272,Episode_Reward/track_lin_vel_xy,4.9590654373168945,1781000832.3942173
4278,Episode_Reward/track_lin_vel_xy,4.958956241607666,1781000861.7539852
4284,Episode_Reward/track_lin_vel_xy,4.959477424621582,1781000891.4250839
4290,Episode_Reward/track_lin_vel_xy,4.959205627441406,1781000921.2718685
4296,Episode_Reward/track_lin_vel_xy,4.959480285644531,1781000951.2094219
4302,Episode_Reward/track_lin_vel_xy,4.959989547729492,1781000981.0067794
4308,Episode_Reward/track_lin_vel_xy,4.959859848022461,1781001011.120737
4314,Episode_Reward/track_lin_vel_xy,4.9596405029296875,1781001040.7032723
4320,Episode_Reward/track_lin_vel_xy,4.959344863891602,1781001070.5255988
4326,Episode_Reward/track_lin_vel_xy,4.960089683532715,1781001100.388146
4332,Episode_Reward/track_lin_vel_xy,4.960010051727295,1781001130.0638762
4338,Episode_Reward/track_lin_vel_xy,4.960049152374268,1781001159.5969112
4344,Episode_Reward/track_lin_vel_xy,4.959737777709961,1781001188.9732025
4350,Episode_Reward/track_lin_vel_xy,4.959691524505615,1781001218.6141503
4356,Episode_Reward/track_lin_vel_xy,4.959165573120117,1781001248.5296981
4362,Episode_Reward/track_lin_vel_xy,4.960263252258301,1781001278.1261568
4368,Episode_Reward/track_lin_vel_xy,4.960298538208008,1781001307.9986851
4374,Episode_Reward/track_lin_vel_xy,4.960173606872559,1781001337.8978806
4380,Episode_Reward/track_lin_vel_xy,4.959968090057373,1781001367.722667
4386,Episode_Reward/track_lin_vel_xy,4.9602131843566895,1781001397.3608308
4392,Episode_Reward/track_lin_vel_xy,4.9602532386779785,1781001426.5855682
4398,Episode_Reward/track_lin_vel_xy,4.960485458374023,1781001456.5828476
4404,Episode_Reward/track_lin_vel_xy,4.959254741668701,1781001486.586825
4410,Episode_Reward/track_lin_vel_xy,4.9598774909973145,1781001516.0597746
4416,Episode_Reward/track_lin_vel_xy,4.959843635559082,1781001545.713094
4422,Episode_Reward/track_lin_vel_xy,4.9601874351501465,1781001575.7936454
4428,Episode_Reward/track_lin_vel_xy,4.9604597091674805,1781001605.6988995
4434,Episode_Reward/track_lin_vel_xy,4.96094274520874,1781001635.0673957
4440,Episode_Reward/track_lin_vel_xy,4.960020065307617,1781001664.7385848
4446,Episode_Reward/track_lin_vel_xy,4.961318492889404,1781001694.2823756
4452,Episode_Reward/track_lin_vel_xy,4.9609808921813965,1781001723.9343889
4458,Episode_Reward/track_lin_vel_xy,4.960921287536621,1781001753.9244158
4464,Episode_Reward/track_lin_vel_xy,4.960528373718262,1781001783.7107735
4470,Episode_Reward/track_lin_vel_xy,4.961067199707031,1781001813.3686876
4476,Episode_Reward/track_lin_vel_xy,4.960902214050293,1781001843.4398658
4482,Episode_Reward/track_lin_vel_xy,4.9608354568481445,1781001873.168808
4488,Episode_Reward/track_lin_vel_xy,4.9614105224609375,1781001902.9399526
4494,Episode_Reward/track_lin_vel_xy,4.960803508758545,1781001932.176402
4500,Episode_Reward/track_lin_vel_xy,4.960622787475586,1781001961.7264574
4506,Episode_Reward/track_lin_vel_xy,4.960761070251465,1781001991.304473
4512,Episode_Reward/track_lin_vel_xy,4.960651397705078,1781002020.9368129
4518,Episode_Reward/track_lin_vel_xy,4.960365295410156,1781002050.640576
4524,Episode_Reward/track_lin_vel_xy,4.961126327514648,1781002080.400242
4530,Episode_Reward/track_lin_vel_xy,4.96063756942749,1781002110.2520494
4536,Episode_Reward/track_lin_vel_xy,4.960310935974121,1781002140.0567296
4542,Episode_Reward/track_lin_vel_xy,4.960272789001465,1781002169.8762903
4548,Episode_Reward/track_lin_vel_xy,4.960514068603516,1781002199.439475
4554,Episode_Reward/track_lin_vel_xy,4.949915885925293,1781002229.2040136
4560,Episode_Reward/track_lin_vel_xy,4.9604644775390625,1781002258.9369984
4566,Episode_Reward/track_lin_vel_xy,4.960032939910889,1781002288.4337447
4572,Episode_Reward/track_lin_vel_xy,4.961297512054443,1781002317.9822052
4578,Episode_Reward/track_lin_vel_xy,4.960690498352051,1781002347.838041
4584,Episode_Reward/track_lin_vel_xy,4.960842132568359,1781002377.814708
4590,Episode_Reward/track_lin_vel_xy,4.960624694824219,1781002407.7548678
4596,Episode_Reward/track_lin_vel_xy,4.961006164550781,1781002437.5270905
4602,Episode_Reward/track_lin_vel_xy,4.960860729217529,1781002467.258893
4608,Episode_Reward/track_lin_vel_xy,4.961005687713623,1781002497.2067509
4614,Episode_Reward/track_lin_vel_xy,4.960482597351074,1781002526.9032795
4620,Episode_Reward/track_lin_vel_xy,4.961373329162598,1781002556.6884882
4626,Episode_Reward/track_lin_vel_xy,4.961154937744141,1781002585.8715312
4632,Episode_Reward/track_lin_vel_xy,4.961307048797607,1781002615.4885397
4638,Episode_Reward/track_lin_vel_xy,4.961134910583496,1781002645.3616486
4644,Episode_Reward/track_lin_vel_xy,4.960376739501953,1781002675.0486724
4650,Episode_Reward/track_lin_vel_xy,4.960208415985107,1781002704.6062925
4656,Episode_Reward/track_lin_vel_xy,4.927703857421875,1781002734.5562546
4662,Episode_Reward/track_lin_vel_xy,4.961271286010742,1781002764.5342293
4668,Episode_Reward/track_lin_vel_xy,4.961234092712402,1781002794.7892532
4674,Episode_Reward/track_lin_vel_xy,4.961111068725586,1781002824.9896882
4680,Episode_Reward/track_lin_vel_xy,4.961045742034912,1781002854.943635
4686,Episode_Reward/track_lin_vel_xy,4.961796760559082,1781002884.5921009
4692,Episode_Reward/track_lin_vel_xy,4.961444854736328,1781002914.1806972
4698,Episode_Reward/track_lin_vel_xy,4.959896087646484,1781002943.899874
4704,Episode_Reward/track_lin_vel_xy,4.96083402633667,1781002972.9908626
4710,Episode_Reward/track_lin_vel_xy,4.961137294769287,1781003002.8626962
4716,Episode_Reward/track_lin_vel_xy,4.961067199707031,1781003032.8255584
4722,Episode_Reward/track_lin_vel_xy,4.961026191711426,1781003062.8929996
4728,Episode_Reward/track_lin_vel_xy,4.961183547973633,1781003092.5645201
4734,Episode_Reward/track_lin_vel_xy,4.9608964920043945,1781003122.286315
4740,Episode_Reward/track_lin_vel_xy,4.960348129272461,1781003151.958601
4746,Episode_Reward/track_lin_vel_xy,4.960855960845947,1781003181.8065217
4752,Episode_Reward/track_lin_vel_xy,4.9613494873046875,1781003211.9588346
4758,Episode_Reward/track_lin_vel_xy,4.960736274719238,1781003242.0075428
4764,Episode_Reward/track_lin_vel_xy,4.961068153381348,1781003272.0349312
4770,Episode_Reward/track_lin_vel_xy,4.960231304168701,1781003301.7894902
4776,Episode_Reward/track_lin_vel_xy,4.960954666137695,1781003331.750411
4782,Episode_Reward/track_lin_vel_xy,4.961103439331055,1781003361.742761
4788,Episode_Reward/track_lin_vel_xy,4.960289478302002,1781003391.4177418
4794,Episode_Reward/track_lin_vel_xy,4.960517883300781,1781003421.4537756
4800,Episode_Reward/track_lin_vel_xy,4.960131645202637,1781003451.4612918
4806,Episode_Reward/track_lin_vel_xy,4.960536956787109,1781003481.1068273
4812,Episode_Reward/track_lin_vel_xy,4.961350917816162,1781003510.8986304
4818,Episode_Reward/track_lin_vel_xy,4.960367202758789,1781003540.7760644
4824,Episode_Reward/track_lin_vel_xy,4.9612956047058105,1781003570.80744
4830,Episode_Reward/track_lin_vel_xy,4.961031913757324,1781003600.7996807
4836,Episode_Reward/track_lin_vel_xy,4.961389541625977,1781003630.4465156
4842,Episode_Reward/track_lin_vel_xy,4.961219310760498,1781003659.9887776
4848,Episode_Reward/track_lin_vel_xy,4.961099147796631,1781003689.4854016
4854,Episode_Reward/track_lin_vel_xy,4.961305618286133,1781003719.2614338
4860,Episode_Reward/track_lin_vel_xy,4.961482048034668,1781003748.9062724
4866,Episode_Reward/track_lin_vel_xy,4.962106704711914,1781003778.8261545
4872,Episode_Reward/track_lin_vel_xy,4.96127986907959,1781003808.66345
4878,Episode_Reward/track_lin_vel_xy,4.961743354797363,1781003838.2578046
4884,Episode_Reward/track_lin_vel_xy,4.961818695068359,1781003867.9897678
4890,Episode_Reward/track_lin_vel_xy,4.961730003356934,1781003897.553542
4896,Episode_Reward/track_lin_vel_xy,4.961602210998535,1781003927.0258007
4902,Episode_Reward/track_lin_vel_xy,4.961119651794434,1781003956.5104954
4908,Episode_Reward/track_lin_vel_xy,4.961172103881836,1781003985.6984
4914,Episode_Reward/track_lin_vel_xy,4.961713790893555,1781004015.3384056
4920,Episode_Reward/track_lin_vel_xy,4.961967468261719,1781004045.081804
4926,Episode_Reward/track_lin_vel_xy,4.961459159851074,1781004074.979122
4932,Episode_Reward/track_lin_vel_xy,4.961874961853027,1781004104.5671542
4938,Episode_Reward/track_lin_vel_xy,4.962177276611328,1781004133.9507403
4944,Episode_Reward/track_lin_vel_xy,4.961841583251953,1781004163.6283915
4950,Episode_Reward/track_lin_vel_xy,4.961763381958008,1781004193.2249231
4956,Episode_Reward/track_lin_vel_xy,4.962310791015625,1781004223.3609877
4962,Episode_Reward/track_lin_vel_xy,4.9623703956604,1781004253.2669332
4968,Episode_Reward/track_lin_vel_xy,4.9626994132995605,1781004283.2601297
4974,Episode_Reward/track_lin_vel_xy,4.962661266326904,1781004313.2231014
4980,Episode_Reward/track_lin_vel_xy,4.962836265563965,1781004343.1025841
4986,Episode_Reward/track_lin_vel_xy,4.963075160980225,1781004372.68587
4992,Episode_Reward/track_lin_vel_xy,4.96256160736084,1781004401.6054273
4998,Episode_Reward/track_lin_vel_xy,4.962795734405518,1781004431.1307356
5004,Episode_Reward/track_lin_vel_xy,4.962448596954346,1781004460.2050152
5010,Episode_Reward/track_lin_vel_xy,4.962217330932617,1781004489.435832
5016,Episode_Reward/track_lin_vel_xy,4.962490081787109,1781004518.6572144
5022,Episode_Reward/track_lin_vel_xy,4.961990833282471,1781004548.0385938
5028,Episode_Reward/track_lin_vel_xy,4.962062835693359,1781004577.1485264
5034,Episode_Reward/track_lin_vel_xy,4.962254524230957,1781004606.2458053
5040,Episode_Reward/track_lin_vel_xy,4.962339401245117,1781004635.8396552
5046,Episode_Reward/track_lin_vel_xy,4.96267032623291,1781004665.7468255
5052,Episode_Reward/track_lin_vel_xy,4.962597846984863,1781004695.125693
5058,Episode_Reward/track_lin_vel_xy,4.96254301071167,1781004724.3513618
5064,Episode_Reward/track_lin_vel_xy,4.962924003601074,1781004753.563048
5070,Episode_Reward/track_lin_vel_xy,4.961978912353516,1781004782.8239326
5076,Episode_Reward/track_lin_vel_xy,4.963180065155029,1781004811.9166486
5082,Episode_Reward/track_lin_vel_xy,4.962983131408691,1781004841.268184
5088,Episode_Reward/track_lin_vel_xy,4.963541030883789,1781004870.5970058
5094,Episode_Reward/track_lin_vel_xy,4.962955474853516,1781004900.0247595
5100,Episode_Reward/track_lin_vel_xy,4.963133811950684,1781004929.5098355
5106,Episode_Reward/track_lin_vel_xy,4.963484764099121,1781004958.9321914
5112,Episode_Reward/track_lin_vel_xy,4.962648391723633,1781004988.1475682
5118,Episode_Reward/track_lin_vel_xy,4.9626569747924805,1781005017.6040266
5124,Episode_Reward/track_lin_vel_xy,4.962928771972656,1781005047.2000384
5130,Episode_Reward/track_lin_vel_xy,4.963415622711182,1781005076.441476
5136,Episode_Reward/track_lin_vel_xy,4.963383197784424,1781005105.8975072
5142,Episode_Reward/track_lin_vel_xy,4.964255332946777,1781005135.4289436
5148,Episode_Reward/track_lin_vel_xy,4.963449478149414,1781005164.613919
5154,Episode_Reward/track_lin_vel_xy,4.963958263397217,1781005193.3743756
5160,Episode_Reward/track_lin_vel_xy,4.96407413482666,1781005222.252143
5166,Episode_Reward/track_lin_vel_xy,4.963910102844238,1781005251.1299644
5172,Episode_Reward/track_lin_vel_xy,4.964127540588379,1781005280.0870564
5178,Episode_Reward/track_lin_vel_xy,4.964256286621094,1781005309.3159928
5184,Episode_Reward/track_lin_vel_xy,4.964432716369629,1781005338.2603095
5190,Episode_Reward/track_lin_vel_xy,4.96411657333374,1781005367.9547217
5196,Episode_Reward/track_lin_vel_xy,4.964613914489746,1781005396.9696872
5202,Episode_Reward/track_lin_vel_xy,4.964017868041992,1781005426.1545157
5208,Episode_Reward/track_lin_vel_xy,4.9643683433532715,1781005454.7532754
5214,Episode_Reward/track_lin_vel_xy,4.964019298553467,1781005484.0697963
5220,Episode_Reward/track_lin_vel_xy,4.964498043060303,1781005513.103851
5226,Episode_Reward/track_lin_vel_xy,4.964267730712891,1781005542.2376091
5232,Episode_Reward/track_lin_vel_xy,4.964423179626465,1781005571.4904728
5238,Episode_Reward/track_lin_vel_xy,4.963738918304443,1781005600.95587
5244,Episode_Reward/track_lin_vel_xy,4.964666366577148,1781005630.520017
5250,Episode_Reward/track_lin_vel_xy,4.964740753173828,1781005660.2363534
5256,Episode_Reward/track_lin_vel_xy,4.964982032775879,1781005689.6839285
5262,Episode_Reward/track_lin_vel_xy,4.964828014373779,1781005719.5149474
5268,Episode_Reward/track_lin_vel_xy,4.965156555175781,1781005749.1435535
5274,Episode_Reward/track_lin_vel_xy,4.965163707733154,1781005778.9467087
5280,Episode_Reward/track_lin_vel_xy,4.964746475219727,1781005809.056681
5286,Episode_Reward/track_lin_vel_xy,4.964705467224121,1781005838.7977188
5292,Episode_Reward/track_lin_vel_xy,4.96470832824707,1781005868.2834413
5298,Episode_Reward/track_lin_vel_xy,4.964895248413086,1781005897.466277
5304,Episode_Reward/track_lin_vel_xy,4.965038776397705,1781005926.7671907
5310,Episode_Reward/track_lin_vel_xy,4.965191841125488,1781005955.8255477
5316,Episode_Reward/track_lin_vel_xy,4.965090751647949,1781005984.6605883
5322,Episode_Reward/track_lin_vel_xy,4.965188980102539,1781006013.6607718
5328,Episode_Reward/track_lin_vel_xy,4.965315818786621,1781006042.634708
5334,Episode_Reward/track_lin_vel_xy,4.965041160583496,1781006072.1642408
5340,Episode_Reward/track_lin_vel_xy,4.965066432952881,1781006102.111508
5346,Episode_Reward/track_lin_vel_xy,4.965279579162598,1781006132.5436316
5352,Episode_Reward/track_lin_vel_xy,4.964910507202148,1781006162.4823449
5358,Episode_Reward/track_lin_vel_xy,4.965616226196289,1781006192.5561137
5364,Episode_Reward/track_lin_vel_xy,4.9653120040893555,1781006222.4090717
5370,Episode_Reward/track_lin_vel_xy,4.965118885040283,1781006252.237895
5376,Episode_Reward/track_lin_vel_xy,4.965184211730957,1781006282.3895156
5382,Episode_Reward/track_lin_vel_xy,4.964597225189209,1781006312.7036903
5388,Episode_Reward/track_lin_vel_xy,4.964693069458008,1781006344.0716708
5394,Episode_Reward/track_lin_vel_xy,4.964383602142334,1781006374.134806
5400,Episode_Reward/track_lin_vel_xy,4.9653639793396,1781006404.0821269
5406,Episode_Reward/track_lin_vel_xy,4.96458625793457,1781006434.4501693
5412,Episode_Reward/track_lin_vel_xy,4.965246677398682,1781006465.3970068
5418,Episode_Reward/track_lin_vel_xy,4.965455055236816,1781006496.8226109
5424,Episode_Reward/track_lin_vel_xy,4.9657392501831055,1781006527.81128
5430,Episode_Reward/track_lin_vel_xy,4.965204238891602,1781006558.3412316
5436,Episode_Reward/track_lin_vel_xy,4.965739727020264,1781006589.0748827
5442,Episode_Reward/track_lin_vel_xy,4.965071678161621,1781006619.524976
5448,Episode_Reward/track_lin_vel_xy,4.965768814086914,1781006649.8981602
5454,Episode_Reward/track_lin_vel_xy,4.9656081199646,1781006680.244787
5460,Episode_Reward/track_lin_vel_xy,4.965604782104492,1781006711.4471276
5466,Episode_Reward/track_lin_vel_xy,4.966032028198242,1781006742.635674
5472,Episode_Reward/track_lin_vel_xy,4.965498924255371,1781006773.384711
5478,Episode_Reward/track_lin_vel_xy,4.965834140777588,1781006803.7039087
5484,Episode_Reward/track_lin_vel_xy,4.965745449066162,1781006834.217183
5490,Episode_Reward/track_lin_vel_xy,4.965502738952637,1781006865.2014112
5496,Episode_Reward/track_lin_vel_xy,4.965704441070557,1781006896.340425
5502,Episode_Reward/track_lin_vel_xy,4.9660515785217285,1781006927.5703607
5508,Episode_Reward/track_lin_vel_xy,4.965658187866211,1781006958.6348574
5514,Episode_Reward/track_lin_vel_xy,4.9661173820495605,1781006989.572241
5520,Episode_Reward/track_lin_vel_xy,4.965449810028076,1781007019.9215817
5526,Episode_Reward/track_lin_vel_xy,4.965110778808594,1781007050.7912223
5532,Episode_Reward/track_lin_vel_xy,4.965212345123291,1781007081.2563443
5538,Episode_Reward/track_lin_vel_xy,4.965173721313477,1781007111.7603378
5544,Episode_Reward/track_lin_vel_xy,4.965882301330566,1781007141.777465
5550,Episode_Reward/track_lin_vel_xy,4.965936183929443,1781007172.6562648
5556,Episode_Reward/track_lin_vel_xy,4.96612024307251,1781007202.601933
5562,Episode_Reward/track_lin_vel_xy,4.965909957885742,1781007232.7955008
5568,Episode_Reward/track_lin_vel_xy,4.966428756713867,1781007262.8416836
5574,Episode_Reward/track_lin_vel_xy,4.966591835021973,1781007293.3789458
5580,Episode_Reward/track_lin_vel_xy,4.966188430786133,1781007323.4938843
5586,Episode_Reward/track_lin_vel_xy,4.9666314125061035,1781007354.43295
5592,Episode_Reward/track_lin_vel_xy,4.966499328613281,1781007385.2408555
5598,Episode_Reward/track_lin_vel_xy,4.966111660003662,1781007416.037862
5604,Episode_Reward/track_lin_vel_xy,4.967111587524414,1781007447.3983347
5610,Episode_Reward/track_lin_vel_xy,4.967162132263184,1781007478.0327191
5616,Episode_Reward/track_lin_vel_xy,4.967076301574707,1781007508.780451
5622,Episode_Reward/track_lin_vel_xy,4.966224670410156,1781007539.9039521
5628,Episode_Reward/track_lin_vel_xy,4.966701507568359,1781007570.6378703
5634,Episode_Reward/track_lin_vel_xy,4.96678352355957,1781007601.0542464
5640,Episode_Reward/track_lin_vel_xy,4.96670389175415,1781007633.0517008
5646,Episode_Reward/track_lin_vel_xy,4.966881275177002,1781007664.3930895
5652,Episode_Reward/track_lin_vel_xy,4.967231273651123,1781007694.2752576
5654,Episode_Reward/track_lin_vel_xy,4.966400146484375,1781007704.0592706
0,Episode_Reward/hand_payload_pose,1.5429268973576882e-11,1780976897.2967658
6,Episode_Reward/hand_payload_pose,5.010808434846581e-11,1780976942.6397562
12,Episode_Reward/hand_payload_pose,3.4803009363315596e-09,1780976987.2715447
18,Episode_Reward/hand_payload_pose,1.737235777454771e-08,1780977031.6569104
24,Episode_Reward/hand_payload_pose,3.8664616397454665e-08,1780977074.4384718
30,Episode_Reward/hand_payload_pose,1.6778736267042405e-07,1780977118.2849352
36,Episode_Reward/hand_payload_pose,1.883220647869166e-06,1780977161.63151
42,Episode_Reward/hand_payload_pose,6.266902346396819e-06,1780977204.5319996
48,Episode_Reward/hand_payload_pose,5.987629265291616e-06,1780977246.670651
54,Episode_Reward/hand_payload_pose,2.5211693355231546e-05,1780977289.1875095
60,Episode_Reward/hand_payload_pose,1.1680122952384409e-05,1780977332.6782491
66,Episode_Reward/hand_payload_pose,1.384987967867346e-06,1780977375.9906447
72,Episode_Reward/hand_payload_pose,2.0019699149997905e-05,1780977419.774772
78,Episode_Reward/hand_payload_pose,2.227790645292771e-07,1780977459.6660283
84,Episode_Reward/hand_payload_pose,2.978809447995445e-07,1780977499.4466884
90,Episode_Reward/hand_payload_pose,7.410408953134606e-10,1780977543.1172273
96,Episode_Reward/hand_payload_pose,6.267426044814783e-08,1780977584.8539982
102,Episode_Reward/hand_payload_pose,2.200347580583184e-06,1780977627.5515814
108,Episode_Reward/hand_payload_pose,1.1359952623024583e-06,1780977671.1327481
114,Episode_Reward/hand_payload_pose,2.0189258975733537e-06,1780977713.9416347
120,Episode_Reward/hand_payload_pose,3.329879518787493e-07,1780977755.32389
126,Episode_Reward/hand_payload_pose,3.5264555720004864e-08,1780977797.4487436
132,Episode_Reward/hand_payload_pose,1.5140597042773152e-06,1780977838.7919223
138,Episode_Reward/hand_payload_pose,2.898702291531663e-07,1780977881.3169982
144,Episode_Reward/hand_payload_pose,2.084113248201902e-06,1780977922.8896537
150,Episode_Reward/hand_payload_pose,3.1341540307039395e-05,1780977963.841183
156,Episode_Reward/hand_payload_pose,2.3946622604853474e-05,1780978004.6938028
162,Episode_Reward/hand_payload_pose,1.0464260640219436e-06,1780978042.6028137
168,Episode_Reward/hand_payload_pose,2.0253930870239856e-06,1780978084.4463332
174,Episode_Reward/hand_payload_pose,8.479215466650203e-06,1780978128.776799
180,Episode_Reward/hand_payload_pose,4.6070595089986455e-06,1780978171.5683968
186,Episode_Reward/hand_payload_pose,3.675055722851539e-06,1780978215.4630473
192,Episode_Reward/hand_payload_pose,1.1117069334432017e-05,1780978259.7510655
198,Episode_Reward/hand_payload_pose,8.014591912797187e-06,1780978304.2378902
204,Episode_Reward/hand_payload_pose,7.139712579373736e-06,1780978346.8595002
210,Episode_Reward/hand_payload_pose,9.417717592441477e-06,1780978390.035913
216,Episode_Reward/hand_payload_pose,9.032391062646639e-06,1780978431.5282035
222,Episode_Reward/hand_payload_pose,1.1091756277892273e-05,1780978474.9631622
228,Episode_Reward/hand_payload_pose,1.550656816107221e-05,1780978518.1209579
234,Episode_Reward/hand_payload_pose,1.840301774791442e-05,1780978561.3498378
240,Episode_Reward/hand_payload_pose,1.703103589534294e-05,1780978607.1201317
246,Episode_Reward/hand_payload_pose,2.8970804123673588e-05,1780978644.7055407
252,Episode_Reward/hand_payload_pose,3.9006336010061204e-05,1780978679.085353
258,Episode_Reward/hand_payload_pose,4.246421667630784e-05,1780978714.2737715
264,Episode_Reward/hand_payload_pose,5.6474204029655084e-05,1780978748.0129204
270,Episode_Reward/hand_payload_pose,9.834124648477882e-05,1780978781.774504
276,Episode_Reward/hand_payload_pose,9.60940305958502e-05,1780978817.5417624
282,Episode_Reward/hand_payload_pose,0.0001713304955046624,1780978852.9016192
288,Episode_Reward/hand_payload_pose,0.0002112606744049117,1780978889.8911717
294,Episode_Reward/hand_payload_pose,0.0002569432253949344,1780978926.5412366
300,Episode_Reward/hand_payload_pose,0.0003833042865153402,1780978960.0194433
306,Episode_Reward/hand_payload_pose,0.0003806964377872646,1780978994.0143902
312,Episode_Reward/hand_payload_pose,0.0005846938583999872,1780979029.9461892
318,Episode_Reward/hand_payload_pose,0.0008183651370927691,1780979065.8297203
324,Episode_Reward/hand_payload_pose,0.0011298691388219595,1780979102.4700654
330,Episode_Reward/hand_payload_pose,0.0016971923178061843,1780979137.924363
336,Episode_Reward/hand_payload_pose,0.002418770221993327,1780979173.7962432
342,Episode_Reward/hand_payload_pose,0.003959605470299721,1780979210.3449655
348,Episode_Reward/hand_payload_pose,0.006611654069274664,1780979246.5302896
354,Episode_Reward/hand_payload_pose,0.012097175233066082,1780979281.9881628
360,Episode_Reward/hand_payload_pose,0.022165987640619278,1780979316.3408499
366,Episode_Reward/hand_payload_pose,0.04370442032814026,1780979352.4743543
372,Episode_Reward/hand_payload_pose,0.08172833174467087,1780979388.9604979
378,Episode_Reward/hand_payload_pose,0.1350891888141632,1780979425.0140736
384,Episode_Reward/hand_payload_pose,0.20126335322856903,1780979461.1230798
390,Episode_Reward/hand_payload_pose,0.28070294857025146,1780979493.455575
396,Episode_Reward/hand_payload_pose,0.37089118361473083,1780979528.5024395
402,Episode_Reward/hand_payload_pose,0.461745947599411,1780979563.6767323
408,Episode_Reward/hand_payload_pose,0.5550490617752075,1780979598.8171015
414,Episode_Reward/hand_payload_pose,0.6409585475921631,1780979634.2446194
420,Episode_Reward/hand_payload_pose,0.7295946478843689,1780979669.709177
426,Episode_Reward/hand_payload_pose,0.8185665011405945,1780979704.9331548
432,Episode_Reward/hand_payload_pose,0.9078586101531982,1780979739.8711963
438,Episode_Reward/hand_payload_pose,1.0065984725952148,1780979774.5825272
444,Episode_Reward/hand_payload_pose,1.1086533069610596,1780979810.3162456
450,Episode_Reward/hand_payload_pose,1.2064557075500488,1780979846.413354
456,Episode_Reward/hand_payload_pose,1.3056527376174927,1780979881.0736825
462,Episode_Reward/hand_payload_pose,1.39610755443573,1780979917.6948419
468,Episode_Reward/hand_payload_pose,1.47402024269104,1780979951.2164025
474,Episode_Reward/hand_payload_pose,1.5346087217330933,1780979982.892637
480,Episode_Reward/hand_payload_pose,1.5684112310409546,1780980015.2477973
486,Episode_Reward/hand_payload_pose,1.6003550291061401,1780980046.8302503
492,Episode_Reward/hand_payload_pose,1.622126817703247,1780980077.9701047
498,Episode_Reward/hand_payload_pose,1.6372579336166382,1780980110.381264
504,Episode_Reward/hand_payload_pose,1.6485885381698608,1780980141.9122643
510,Episode_Reward/hand_payload_pose,1.6559078693389893,1780980173.7576406
516,Episode_Reward/hand_payload_pose,1.663834571838379,1780980204.5865006
522,Episode_Reward/hand_payload_pose,1.6775803565979004,1780980235.792918
528,Episode_Reward/hand_payload_pose,1.6867539882659912,1780980267.6300545
534,Episode_Reward/hand_payload_pose,1.693541407585144,1780980299.698634
540,Episode_Reward/hand_payload_pose,1.7001209259033203,1780980334.0396767
546,Episode_Reward/hand_payload_pose,1.707273244857788,1780980366.7833438
552,Episode_Reward/hand_payload_pose,1.7140061855316162,1780980399.244502
558,Episode_Reward/hand_payload_pose,1.723642110824585,1780980434.2374299
564,Episode_Reward/hand_payload_pose,1.729797124862671,1780980469.0373223
570,Episode_Reward/hand_payload_pose,1.7346394062042236,1780980502.0996485
576,Episode_Reward/hand_payload_pose,1.7395341396331787,1780980536.7205307
582,Episode_Reward/hand_payload_pose,1.7455744743347168,1780980570.8337245
588,Episode_Reward/hand_payload_pose,1.7515478134155273,1780980605.7828658
594,Episode_Reward/hand_payload_pose,1.7568124532699585,1780980641.3410275
600,Episode_Reward/hand_payload_pose,1.7632789611816406,1780980674.5821197
606,Episode_Reward/hand_payload_pose,1.7638859748840332,1780980709.2507296
612,Episode_Reward/hand_payload_pose,1.7677011489868164,1780980740.6263862
618,Episode_Reward/hand_payload_pose,1.769433856010437,1780980772.6604738
624,Episode_Reward/hand_payload_pose,1.7776267528533936,1780980807.016132
630,Episode_Reward/hand_payload_pose,1.7799367904663086,1780980839.039028
636,Episode_Reward/hand_payload_pose,1.7865722179412842,1780980873.0260165
642,Episode_Reward/hand_payload_pose,1.7845429182052612,1780980905.8805375
648,Episode_Reward/hand_payload_pose,1.7960584163665771,1780980938.3455522
654,Episode_Reward/hand_payload_pose,1.7976727485656738,1780980969.418874
660,Episode_Reward/hand_payload_pose,1.8008830547332764,1780981001.079568
666,Episode_Reward/hand_payload_pose,1.8039522171020508,1780981033.5644152
672,Episode_Reward/hand_payload_pose,1.8066034317016602,1780981066.3311613
678,Episode_Reward/hand_payload_pose,1.8093390464782715,1780981099.232534
684,Episode_Reward/hand_payload_pose,1.8140891790390015,1780981134.4020762
690,Episode_Reward/hand_payload_pose,1.815337896347046,1780981169.279087
696,Episode_Reward/hand_payload_pose,1.8148670196533203,1780981204.542827
702,Episode_Reward/hand_payload_pose,1.8173768520355225,1780981239.29524
708,Episode_Reward/hand_payload_pose,1.8190324306488037,1780981273.9957306
714,Episode_Reward/hand_payload_pose,1.8198840618133545,1780981309.026975
720,Episode_Reward/hand_payload_pose,1.821397066116333,1780981342.947514
726,Episode_Reward/hand_payload_pose,1.8230623006820679,1780981375.49693
732,Episode_Reward/hand_payload_pose,1.8256372213363647,1780981409.0476184
738,Episode_Reward/hand_payload_pose,1.826624870300293,1780981445.4043179
744,Episode_Reward/hand_payload_pose,1.8303569555282593,1780981481.51639
750,Episode_Reward/hand_payload_pose,1.8311991691589355,1780981516.4027152
756,Episode_Reward/hand_payload_pose,1.8333797454833984,1780981550.5994036
762,Episode_Reward/hand_payload_pose,1.834789514541626,1780981586.7197368
768,Episode_Reward/hand_payload_pose,1.8350814580917358,1780981621.8260202
774,Episode_Reward/hand_payload_pose,1.8376150131225586,1780981655.8286793
780,Episode_Reward/hand_payload_pose,1.83882474899292,1780981690.7972417
786,Episode_Reward/hand_payload_pose,1.8388484716415405,1780981726.7537923
792,Episode_Reward/hand_payload_pose,1.8414173126220703,1780981763.157108
798,Episode_Reward/hand_payload_pose,1.8419612646102905,1780981799.5845559
804,Episode_Reward/hand_payload_pose,1.8437390327453613,1780981835.1403983
810,Episode_Reward/hand_payload_pose,1.8439760208129883,1780981870.5956151
816,Episode_Reward/hand_payload_pose,1.847379446029663,1780981905.333852
822,Episode_Reward/hand_payload_pose,1.8492276668548584,1780981938.05709
828,Episode_Reward/hand_payload_pose,1.8496851921081543,1780981972.1048896
834,Episode_Reward/hand_payload_pose,1.8505611419677734,1780982007.4303095
840,Episode_Reward/hand_payload_pose,1.8481887578964233,1780982043.0750852
846,Episode_Reward/hand_payload_pose,1.843592643737793,1780982076.0352042
852,Episode_Reward/hand_payload_pose,1.8556947708129883,1780982110.8745215
858,Episode_Reward/hand_payload_pose,1.8552802801132202,1780982145.660376
864,Episode_Reward/hand_payload_pose,1.8567184209823608,1780982181.0822353
870,Episode_Reward/hand_payload_pose,1.8576791286468506,1780982216.0406353
876,Episode_Reward/hand_payload_pose,1.8592345714569092,1780982251.6970806
882,Episode_Reward/hand_payload_pose,1.861022710800171,1780982285.0347908
888,Episode_Reward/hand_payload_pose,1.8628871440887451,1780982320.3351574
894,Episode_Reward/hand_payload_pose,1.8642940521240234,1780982353.7915747
900,Episode_Reward/hand_payload_pose,1.8655815124511719,1780982389.825471
906,Episode_Reward/hand_payload_pose,1.866920828819275,1780982422.3296664
912,Episode_Reward/hand_payload_pose,1.868636131286621,1780982456.1262834
918,Episode_Reward/hand_payload_pose,1.8679183721542358,1780982491.8483846
924,Episode_Reward/hand_payload_pose,1.8717632293701172,1780982528.2219458
930,Episode_Reward/hand_payload_pose,1.872190237045288,1780982564.0653434
936,Episode_Reward/hand_payload_pose,1.8727748394012451,1780982599.4788508
942,Episode_Reward/hand_payload_pose,1.8733432292938232,1780982635.9898894
948,Episode_Reward/hand_payload_pose,1.8756251335144043,1780982671.4336874
954,Episode_Reward/hand_payload_pose,1.8750823736190796,1780982705.4362342
960,Episode_Reward/hand_payload_pose,1.8759832382202148,1780982738.869314
966,Episode_Reward/hand_payload_pose,1.8769099712371826,1780982770.0588202
972,Episode_Reward/hand_payload_pose,1.8783562183380127,1780982801.784397
978,Episode_Reward/hand_payload_pose,1.8794803619384766,1780982833.8851757
984,Episode_Reward/hand_payload_pose,1.8787238597869873,1780982865.1976316
990,Episode_Reward/hand_payload_pose,1.8812804222106934,1780982896.8792439
996,Episode_Reward/hand_payload_pose,1.8816750049591064,1780982929.0814703
1002,Episode_Reward/hand_payload_pose,1.883406400680542,1780982964.2554533
1008,Episode_Reward/hand_payload_pose,1.8841564655303955,1780982997.8649628
1014,Episode_Reward/hand_payload_pose,1.8857595920562744,1780983031.6989126
1020,Episode_Reward/hand_payload_pose,1.887198805809021,1780983066.3775146
1026,Episode_Reward/hand_payload_pose,1.8880689144134521,1780983098.7574134
1032,Episode_Reward/hand_payload_pose,1.8886945247650146,1780983130.9790146
1038,Episode_Reward/hand_payload_pose,1.8891385793685913,1780983163.887688
1044,Episode_Reward/hand_payload_pose,1.8898099660873413,1780983199.6569402
1050,Episode_Reward/hand_payload_pose,1.890575885772705,1780983233.3369184
1056,Episode_Reward/hand_payload_pose,1.8908381462097168,1780983266.0869248
1062,Episode_Reward/hand_payload_pose,1.891627550125122,1780983301.2692034
1068,Episode_Reward/hand_payload_pose,1.8909680843353271,1780983336.8446548
1074,Episode_Reward/hand_payload_pose,1.8910797834396362,1780983372.232736
1080,Episode_Reward/hand_payload_pose,1.8918180465698242,1780983407.6232846
1086,Episode_Reward/hand_payload_pose,1.8923120498657227,1780983442.2357118
1092,Episode_Reward/hand_payload_pose,1.8929489850997925,1780983476.677115
1098,Episode_Reward/hand_payload_pose,1.8929100036621094,1780983512.5624614
1104,Episode_Reward/hand_payload_pose,1.8935683965682983,1780983548.1164453
1110,Episode_Reward/hand_payload_pose,1.8944509029388428,1780983582.4084885
1116,Episode_Reward/hand_payload_pose,1.895627737045288,1780983616.4564626
1122,Episode_Reward/hand_payload_pose,1.8957874774932861,1780983648.8398507
1128,Episode_Reward/hand_payload_pose,1.8953511714935303,1780983681.7730765
1134,Episode_Reward/hand_payload_pose,1.8963491916656494,1780983716.4663312
1140,Episode_Reward/hand_payload_pose,1.8977975845336914,1780983749.974231
1146,Episode_Reward/hand_payload_pose,1.896969199180603,1780983782.5925
1152,Episode_Reward/hand_payload_pose,1.8986115455627441,1780983816.3688004
1158,Episode_Reward/hand_payload_pose,1.8985967636108398,1780983852.0835826
1164,Episode_Reward/hand_payload_pose,1.8993099927902222,1780983887.024624
1170,Episode_Reward/hand_payload_pose,1.8972585201263428,1780983921.7111485
1176,Episode_Reward/hand_payload_pose,1.9002275466918945,1780983956.7995846
1182,Episode_Reward/hand_payload_pose,1.9003705978393555,1780983992.0005887
1188,Episode_Reward/hand_payload_pose,1.9008989334106445,1780984027.243148
1194,Episode_Reward/hand_payload_pose,1.9006421566009521,1780984062.4237251
1200,Episode_Reward/hand_payload_pose,1.900937557220459,1780984095.569097
1206,Episode_Reward/hand_payload_pose,1.90067458152771,1780984130.3361573
1212,Episode_Reward/hand_payload_pose,1.9017661809921265,1780984164.4617324
1218,Episode_Reward/hand_payload_pose,1.9021419286727905,1780984196.947783
1224,Episode_Reward/hand_payload_pose,1.89389967918396,1780984230.6406543
1230,Episode_Reward/hand_payload_pose,1.8958766460418701,1780984263.3273103
1236,Episode_Reward/hand_payload_pose,1.9033308029174805,1780984297.8043575
1242,Episode_Reward/hand_payload_pose,1.9040241241455078,1780984328.9634655
1248,Episode_Reward/hand_payload_pose,1.90435791015625,1780984360.510456
1254,Episode_Reward/hand_payload_pose,1.9048757553100586,1780984393.3279696
1260,Episode_Reward/hand_payload_pose,1.9048330783843994,1780984427.1719773
1266,Episode_Reward/hand_payload_pose,1.9045389890670776,1780984461.1669612
1272,Episode_Reward/hand_payload_pose,1.904003620147705,1780984494.9055977
1278,Episode_Reward/hand_payload_pose,1.9050467014312744,1780984528.623831
1284,Episode_Reward/hand_payload_pose,1.9057037830352783,1780984563.589651
1290,Episode_Reward/hand_payload_pose,1.904301404953003,1780984598.9650583
1296,Episode_Reward/hand_payload_pose,1.906557321548462,1780984633.4778764
1302,Episode_Reward/hand_payload_pose,1.907454013824463,1780984666.254203
1308,Episode_Reward/hand_payload_pose,1.9036164283752441,1780984701.9102895
1314,Episode_Reward/hand_payload_pose,1.9078099727630615,1780984737.0616567
1320,Episode_Reward/hand_payload_pose,1.9088373184204102,1780984772.0340378
1326,Episode_Reward/hand_payload_pose,1.9059882164001465,1780984807.7965655
1332,Episode_Reward/hand_payload_pose,1.9087698459625244,1780984843.0702755
1338,Episode_Reward/hand_payload_pose,1.9064773321151733,1780984877.9013946
1344,Episode_Reward/hand_payload_pose,1.9088815450668335,1780984913.0912118
1350,Episode_Reward/hand_payload_pose,1.9088990688323975,1780984946.941582
1356,Episode_Reward/hand_payload_pose,1.9088513851165771,1780984980.9528344
1362,Episode_Reward/hand_payload_pose,1.908776044845581,1780985015.8553808
1368,Episode_Reward/hand_payload_pose,1.9071152210235596,1780985051.3431945
1374,Episode_Reward/hand_payload_pose,1.9075512886047363,1780985084.0773878
1380,Episode_Reward/hand_payload_pose,1.9071247577667236,1780985116.5556402
1386,Episode_Reward/hand_payload_pose,1.9032597541809082,1780985150.254971
1392,Episode_Reward/hand_payload_pose,1.9077138900756836,1780985184.424262
1398,Episode_Reward/hand_payload_pose,1.9082307815551758,1780985219.3747876
1404,Episode_Reward/hand_payload_pose,1.8940891027450562,1780985252.6117115
1410,Episode_Reward/hand_payload_pose,1.9088246822357178,1780985287.2423396
1416,Episode_Reward/hand_payload_pose,1.909914493560791,1780985320.6433625
1422,Episode_Reward/hand_payload_pose,1.9103400707244873,1780985354.990354
1428,Episode_Reward/hand_payload_pose,1.9110159873962402,1780985389.9708242
1434,Episode_Reward/hand_payload_pose,1.9106972217559814,1780985425.734051
1440,Episode_Reward/hand_payload_pose,1.911949872970581,1780985461.1383822
1446,Episode_Reward/hand_payload_pose,1.913142442703247,1780985495.6918054
1452,Episode_Reward/hand_payload_pose,1.9128916263580322,1780985531.4765987
1458,Episode_Reward/hand_payload_pose,1.9138492345809937,1780985567.0858111
1464,Episode_Reward/hand_payload_pose,1.9145896434783936,1780985603.0767984
1470,Episode_Reward/hand_payload_pose,1.9097847938537598,1780985638.841715
1476,Episode_Reward/hand_payload_pose,1.9143788814544678,1780985673.987507
1482,Episode_Reward/hand_payload_pose,1.9154343605041504,1780985707.0556936
1488,Episode_Reward/hand_payload_pose,1.9140923023223877,1780985741.9362257
1494,Episode_Reward/hand_payload_pose,1.914086103439331,1780985777.0077062
1500,Episode_Reward/hand_payload_pose,1.9147661924362183,1780985811.9983869
1506,Episode_Reward/hand_payload_pose,1.914156436920166,1780985846.9231396
1512,Episode_Reward/hand_payload_pose,1.9142167568206787,1780985880.2352254
1518,Episode_Reward/hand_payload_pose,1.9086368083953857,1780985914.9667027
1524,Episode_Reward/hand_payload_pose,1.914170265197754,1780985950.0999088
1530,Episode_Reward/hand_payload_pose,1.9145334959030151,1780985984.0161521
1536,Episode_Reward/hand_payload_pose,1.9086817502975464,1780986019.2494555
1542,Episode_Reward/hand_payload_pose,1.9141263961791992,1780986053.301977
1548,Episode_Reward/hand_payload_pose,1.9141795635223389,1780986089.2573602
1554,Episode_Reward/hand_payload_pose,1.91452956199646,1780986124.5581903
1560,Episode_Reward/hand_payload_pose,1.9140667915344238,1780986159.8516169
1566,Episode_Reward/hand_payload_pose,1.908394694328308,1780986194.7911987
1572,Episode_Reward/hand_payload_pose,1.9156383275985718,1780986230.672263
1578,Episode_Reward/hand_payload_pose,1.9086434841156006,1780986265.3578398
1584,Episode_Reward/hand_payload_pose,1.9161250591278076,1780986298.170497
1590,Episode_Reward/hand_payload_pose,1.9166477918624878,1780986330.49679
1596,Episode_Reward/hand_payload_pose,1.9163882732391357,1780986364.0108
1602,Episode_Reward/hand_payload_pose,1.9159587621688843,1780986396.5118136
1608,Episode_Reward/hand_payload_pose,1.9151033163070679,1780986428.0710983
1614,Episode_Reward/hand_payload_pose,1.9162577390670776,1780986459.9407587
1620,Episode_Reward/hand_payload_pose,1.9150446653366089,1780986492.014921
1626,Episode_Reward/hand_payload_pose,1.916863203048706,1780986524.9560087
1632,Episode_Reward/hand_payload_pose,1.9168977737426758,1780986559.863618
1638,Episode_Reward/hand_payload_pose,1.9179315567016602,1780986595.3047462
1644,Episode_Reward/hand_payload_pose,1.918128252029419,1780986629.5110106
1650,Episode_Reward/hand_payload_pose,1.9191234111785889,1780986665.1948667
1656,Episode_Reward/hand_payload_pose,1.9187225103378296,1780986700.8702395
1662,Episode_Reward/hand_payload_pose,1.9192641973495483,1780986735.6186922
1668,Episode_Reward/hand_payload_pose,1.9172343015670776,1780986769.5255845
1674,Episode_Reward/hand_payload_pose,1.9189590215682983,1780986804.465262
1680,Episode_Reward/hand_payload_pose,1.9189682006835938,1780986839.6324832
1686,Episode_Reward/hand_payload_pose,1.9185349941253662,1780986874.9607623
1692,Episode_Reward/hand_payload_pose,1.9169187545776367,1780986909.196284
1698,Episode_Reward/hand_payload_pose,1.9124171733856201,1780986942.8963666
1704,Episode_Reward/hand_payload_pose,1.9181723594665527,1780986977.4887793
1710,Episode_Reward/hand_payload_pose,1.9187026023864746,1780987013.0756536
1716,Episode_Reward/hand_payload_pose,1.9186573028564453,1780987045.6698668
1722,Episode_Reward/hand_payload_pose,1.9158875942230225,1780987078.5334508
1728,Episode_Reward/hand_payload_pose,1.9133234024047852,1780987112.9945338
1734,Episode_Reward/hand_payload_pose,1.918884038925171,1780987148.4583437
1740,Episode_Reward/hand_payload_pose,1.9198989868164062,1780987183.3350072
1746,Episode_Reward/hand_payload_pose,1.9190434217453003,1780987216.5081017
1752,Episode_Reward/hand_payload_pose,1.9192489385604858,1780987251.8643885
1758,Episode_Reward/hand_payload_pose,1.9190113544464111,1780987284.6090279
1764,Episode_Reward/hand_payload_pose,1.9191458225250244,1780987319.6184385
1770,Episode_Reward/hand_payload_pose,1.9123609066009521,1780987353.5322716
1776,Episode_Reward/hand_payload_pose,1.91925048828125,1780987388.9869423
1782,Episode_Reward/hand_payload_pose,1.9189307689666748,1780987422.4240968
1788,Episode_Reward/hand_payload_pose,1.9182666540145874,1780987457.3249357
1794,Episode_Reward/hand_payload_pose,1.9208288192749023,1780987492.855075
1800,Episode_Reward/hand_payload_pose,1.920856237411499,1780987527.96104
1806,Episode_Reward/hand_payload_pose,1.9177278280258179,1780987563.6260977
1812,Episode_Reward/hand_payload_pose,1.9216153621673584,1780987599.1213388
1818,Episode_Reward/hand_payload_pose,1.9213929176330566,1780987633.6651933
1824,Episode_Reward/hand_payload_pose,1.9207477569580078,1780987667.2673898
1830,Episode_Reward/hand_payload_pose,1.9213671684265137,1780987702.4246168
1836,Episode_Reward/hand_payload_pose,1.9216718673706055,1780987737.847645
1842,Episode_Reward/hand_payload_pose,1.9220788478851318,1780987772.9523373
1848,Episode_Reward/hand_payload_pose,1.922619342803955,1780987807.9064806
1854,Episode_Reward/hand_payload_pose,1.922574520111084,1780987843.2599306
1860,Episode_Reward/hand_payload_pose,1.9155175685882568,1780987875.6812327
1866,Episode_Reward/hand_payload_pose,1.922781229019165,1780987907.791209
1872,Episode_Reward/hand_payload_pose,1.9230003356933594,1780987941.6942074
1878,Episode_Reward/hand_payload_pose,1.9220666885375977,1780987975.5546114
1884,Episode_Reward/hand_payload_pose,1.9229319095611572,1780988010.1475
1890,Episode_Reward/hand_payload_pose,1.9236911535263062,1780988045.1012132
1896,Episode_Reward/hand_payload_pose,1.9242010116577148,1780988079.736112
1902,Episode_Reward/hand_payload_pose,1.92462956905365,1780988114.7475457
1908,Episode_Reward/hand_payload_pose,1.9242151975631714,1780988148.8678684
1914,Episode_Reward/hand_payload_pose,1.9251823425292969,1780988181.2393177
1920,Episode_Reward/hand_payload_pose,1.9260222911834717,1780988213.9399354
1926,Episode_Reward/hand_payload_pose,1.9260203838348389,1780988245.7760656
1932,Episode_Reward/hand_payload_pose,1.9264552593231201,1780988279.694902
1938,Episode_Reward/hand_payload_pose,1.9272921085357666,1780988314.565698
1944,Episode_Reward/hand_payload_pose,1.9279720783233643,1780988347.3053741
1950,Episode_Reward/hand_payload_pose,1.9279139041900635,1780988378.6486826
1956,Episode_Reward/hand_payload_pose,1.9276926517486572,1780988411.9391673
1962,Episode_Reward/hand_payload_pose,1.9281985759735107,1780988447.0716074
1968,Episode_Reward/hand_payload_pose,1.9283474683761597,1780988480.9036536
1974,Episode_Reward/hand_payload_pose,1.928689956665039,1780988515.799509
1980,Episode_Reward/hand_payload_pose,1.91768479347229,1780988550.4189079
1986,Episode_Reward/hand_payload_pose,1.9286506175994873,1780988583.9805336
1992,Episode_Reward/hand_payload_pose,1.92849862575531,1780988618.4527206
1998,Episode_Reward/hand_payload_pose,1.9292364120483398,1780988651.883663
2004,Episode_Reward/hand_payload_pose,1.9297527074813843,1780988684.1612499
2010,Episode_Reward/hand_payload_pose,1.930283546447754,1780988717.3143623
2016,Episode_Reward/hand_payload_pose,1.9260696172714233,1780988750.0146627
2022,Episode_Reward/hand_payload_pose,1.9308030605316162,1780988783.257342
2028,Episode_Reward/hand_payload_pose,1.9312458038330078,1780988815.0303612
2034,Episode_Reward/hand_payload_pose,1.9314796924591064,1780988847.051269
2040,Episode_Reward/hand_payload_pose,1.9318692684173584,1780988880.4453428
2046,Episode_Reward/hand_payload_pose,1.9321248531341553,1780988915.4196663
2052,Episode_Reward/hand_payload_pose,1.9323503971099854,1780988950.2567694
2058,Episode_Reward/hand_payload_pose,1.932610273361206,1780988984.4998827
2064,Episode_Reward/hand_payload_pose,1.9327237606048584,1780989014.6693316
2070,Episode_Reward/hand_payload_pose,1.9324644804000854,1780989047.9842675
2076,Episode_Reward/hand_payload_pose,1.9333305358886719,1780989080.3918488
2082,Episode_Reward/hand_payload_pose,1.9331101179122925,1780989111.9876971
2088,Episode_Reward/hand_payload_pose,1.933298945426941,1780989145.716911
2094,Episode_Reward/hand_payload_pose,1.9329373836517334,1780989180.999123
2100,Episode_Reward/hand_payload_pose,1.9243555068969727,1780989215.9088454
2106,Episode_Reward/hand_payload_pose,1.9326595067977905,1780989249.7777915
2112,Episode_Reward/hand_payload_pose,1.9322786331176758,1780989284.651719
2118,Episode_Reward/hand_payload_pose,1.933121919631958,1780989319.4838395
2124,Episode_Reward/hand_payload_pose,1.9335740804672241,1780989354.4467623
2130,Episode_Reward/hand_payload_pose,1.9341747760772705,1780989389.8928063
2136,Episode_Reward/hand_payload_pose,1.9350745677947998,1780989425.597255
2142,Episode_Reward/hand_payload_pose,1.9314531087875366,1780989461.1923537
2148,Episode_Reward/hand_payload_pose,1.9354884624481201,1780989496.3875291
2154,Episode_Reward/hand_payload_pose,1.935879111289978,1780989531.5754445
2160,Episode_Reward/hand_payload_pose,1.9355168342590332,1780989566.8041108
2166,Episode_Reward/hand_payload_pose,1.9357775449752808,1780989601.7405417
2172,Episode_Reward/hand_payload_pose,1.9356235265731812,1780989636.0251923
2178,Episode_Reward/hand_payload_pose,1.9363378286361694,1780989670.7880566
2184,Episode_Reward/hand_payload_pose,1.9362945556640625,1780989704.0815673
2190,Episode_Reward/hand_payload_pose,1.9365390539169312,1780989737.6823823
2196,Episode_Reward/hand_payload_pose,1.9300073385238647,1780989773.9882147
2202,Episode_Reward/hand_payload_pose,1.9375076293945312,1780989809.0909173
2208,Episode_Reward/hand_payload_pose,1.9373650550842285,1780989842.8607502
2214,Episode_Reward/hand_payload_pose,1.9380521774291992,1780989876.0966372
2220,Episode_Reward/hand_payload_pose,1.9381908178329468,1780989911.0005965
2226,Episode_Reward/hand_payload_pose,1.938415288925171,1780989946.1952279
2232,Episode_Reward/hand_payload_pose,1.939225435256958,1780989981.568128
2238,Episode_Reward/hand_payload_pose,1.938420295715332,1780990017.2670462
2244,Episode_Reward/hand_payload_pose,1.9389476776123047,1780990050.0897198
2250,Episode_Reward/hand_payload_pose,1.938845157623291,1780990081.8331401
2256,Episode_Reward/hand_payload_pose,1.9388840198516846,1780990113.6781986
2262,Episode_Reward/hand_payload_pose,1.9391601085662842,1780990145.2638154
2268,Episode_Reward/hand_payload_pose,1.9390511512756348,1780990179.6965363
2274,Episode_Reward/hand_payload_pose,1.9396464824676514,1780990214.00779
2280,Episode_Reward/hand_payload_pose,1.9397052526474,1780990248.6602805
2286,Episode_Reward/hand_payload_pose,1.9398183822631836,1780990283.0516393
2292,Episode_Reward/hand_payload_pose,1.9384160041809082,1780990316.545796
2298,Episode_Reward/hand_payload_pose,1.9404664039611816,1780990349.5065608
2304,Episode_Reward/hand_payload_pose,1.9405534267425537,1780990382.0307407
2310,Episode_Reward/hand_payload_pose,1.9406898021697998,1780990415.7374556
2316,Episode_Reward/hand_payload_pose,1.940683126449585,1780990450.560778
2322,Episode_Reward/hand_payload_pose,1.940481424331665,1780990484.7571714
2328,Episode_Reward/hand_payload_pose,1.9411996603012085,1780990518.4799793
2334,Episode_Reward/hand_payload_pose,1.9413976669311523,1780990553.3276007
2340,Episode_Reward/hand_payload_pose,1.9412598609924316,1780990587.6962929
2346,Episode_Reward/hand_payload_pose,1.9416100978851318,1780990619.162345
2352,Episode_Reward/hand_payload_pose,1.941657304763794,1780990651.9618824
2358,Episode_Reward/hand_payload_pose,1.9419926404953003,1780990684.754165
2364,Episode_Reward/hand_payload_pose,1.9418452978134155,1780990717.2605798
2370,Episode_Reward/hand_payload_pose,1.941854476928711,1780990749.7332976
2376,Episode_Reward/hand_payload_pose,1.942213535308838,1780990784.8019857
2382,Episode_Reward/hand_payload_pose,1.942363977432251,1780990819.7371473
2388,Episode_Reward/hand_payload_pose,1.9424853324890137,1780990851.743684
2394,Episode_Reward/hand_payload_pose,1.9430713653564453,1780990884.377869
2400,Episode_Reward/hand_payload_pose,1.9433774948120117,1780990919.8837554
2406,Episode_Reward/hand_payload_pose,1.9439510107040405,1780990955.2723112
2412,Episode_Reward/hand_payload_pose,1.943930983543396,1780990988.2360346
2418,Episode_Reward/hand_payload_pose,1.9440335035324097,1780991019.4248166
2424,Episode_Reward/hand_payload_pose,1.944244384765625,1780991051.3807251
2430,Episode_Reward/hand_payload_pose,1.944565773010254,1780991085.2875915
2436,Episode_Reward/hand_payload_pose,1.9446128606796265,1780991117.2736614
2442,Episode_Reward/hand_payload_pose,1.9440736770629883,1780991150.6640813
2448,Episode_Reward/hand_payload_pose,1.9440724849700928,1780991185.387494
2454,Episode_Reward/hand_payload_pose,1.9442734718322754,1780991220.6850593
2460,Episode_Reward/hand_payload_pose,1.9443544149398804,1780991255.5845537
2466,Episode_Reward/hand_payload_pose,1.9443963766098022,1780991291.252539
2472,Episode_Reward/hand_payload_pose,1.944586992263794,1780991327.1613429
2478,Episode_Reward/hand_payload_pose,1.9449042081832886,1780991363.0375147
2484,Episode_Reward/hand_payload_pose,1.944679617881775,1780991399.0959291
2490,Episode_Reward/hand_payload_pose,1.9447195529937744,1780991434.0125644
2496,Episode_Reward/hand_payload_pose,1.945035696029663,1780991469.0055432
2502,Episode_Reward/hand_payload_pose,1.9450410604476929,1780991503.1231978
2508,Episode_Reward/hand_payload_pose,1.9424073696136475,1780991537.835915
2514,Episode_Reward/hand_payload_pose,1.945340871810913,1780991573.827745
2520,Episode_Reward/hand_payload_pose,1.94484543800354,1780991609.9113574
2526,Episode_Reward/hand_payload_pose,1.9449124336242676,1780991643.0949898
2532,Episode_Reward/hand_payload_pose,1.945112943649292,1780991678.339867
2538,Episode_Reward/hand_payload_pose,1.9445297718048096,1780991710.3052573
2544,Episode_Reward/hand_payload_pose,1.9444348812103271,1780991743.0622334
2550,Episode_Reward/hand_payload_pose,1.9442853927612305,1780991779.1190317
2556,Episode_Reward/hand_payload_pose,1.9439691305160522,1780991813.9814398
2562,Episode_Reward/hand_payload_pose,1.9441609382629395,1780991848.7779763
2568,Episode_Reward/hand_payload_pose,1.943677306175232,1780991883.574159
2574,Episode_Reward/hand_payload_pose,1.9441680908203125,1780991918.7754552
2580,Episode_Reward/hand_payload_pose,1.9444036483764648,1780991953.9012916
2586,Episode_Reward/hand_payload_pose,1.9444254636764526,1780991989.1917412
2592,Episode_Reward/hand_payload_pose,1.9445974826812744,1780992024.166426
2598,Episode_Reward/hand_payload_pose,1.9416645765304565,1780992058.8717754
2604,Episode_Reward/hand_payload_pose,1.9451550245285034,1780992091.38888
2610,Episode_Reward/hand_payload_pose,1.932857871055603,1780992125.5685492
2616,Episode_Reward/hand_payload_pose,1.9451860189437866,1780992160.1931455
2622,Episode_Reward/hand_payload_pose,1.9452474117279053,1780992192.8340206
2628,Episode_Reward/hand_payload_pose,1.945452094078064,1780992224.2159643
2634,Episode_Reward/hand_payload_pose,1.9432933330535889,1780992255.7860827
2640,Episode_Reward/hand_payload_pose,1.9451955556869507,1780992289.2216432
2646,Episode_Reward/hand_payload_pose,1.9457353353500366,1780992321.1494613
2652,Episode_Reward/hand_payload_pose,1.9408454895019531,1780992354.395644
2658,Episode_Reward/hand_payload_pose,1.9459846019744873,1780992389.591187
2664,Episode_Reward/hand_payload_pose,1.9461686611175537,1780992424.7996671
2670,Episode_Reward/hand_payload_pose,1.9466217756271362,1780992460.40567
2676,Episode_Reward/hand_payload_pose,1.9468204975128174,1780992494.4844556
2682,Episode_Reward/hand_payload_pose,1.946578025817871,1780992527.543545
2688,Episode_Reward/hand_payload_pose,1.9390395879745483,1780992562.8190894
2694,Episode_Reward/hand_payload_pose,1.9474314451217651,1780992596.4350138
2700,Episode_Reward/hand_payload_pose,1.9469285011291504,1780992631.2657092
2706,Episode_Reward/hand_payload_pose,1.9470494985580444,1780992666.7771301
2712,Episode_Reward/hand_payload_pose,1.9471572637557983,1780992704.3451128
2718,Episode_Reward/hand_payload_pose,1.94706130027771,1780993023.5084605
2724,Episode_Reward/hand_payload_pose,1.946937918663025,1780993058.346894
2730,Episode_Reward/hand_payload_pose,1.9467809200286865,1780993092.9512758
2736,Episode_Reward/hand_payload_pose,1.947054147720337,1780993127.2645912
2742,Episode_Reward/hand_payload_pose,1.9462732076644897,1780993161.355853
2748,Episode_Reward/hand_payload_pose,1.9463353157043457,1780993195.6166809
2754,Episode_Reward/hand_payload_pose,1.9462952613830566,1780993230.1624458
2760,Episode_Reward/hand_payload_pose,1.9469560384750366,1780993264.6281807
2766,Episode_Reward/hand_payload_pose,1.9472863674163818,1780993299.1757376
2772,Episode_Reward/hand_payload_pose,1.9478657245635986,1780993333.494058
2778,Episode_Reward/hand_payload_pose,1.9481077194213867,1780993367.3218396
2784,Episode_Reward/hand_payload_pose,1.9481010437011719,1780993401.6244123
2790,Episode_Reward/hand_payload_pose,1.948216199874878,1780993435.9349487
2796,Episode_Reward/hand_payload_pose,1.946408748626709,1780993470.3674934
2802,Episode_Reward/hand_payload_pose,1.948263168334961,1780993503.5428772
2808,Episode_Reward/hand_payload_pose,1.9485410451889038,1780993537.504094
2814,Episode_Reward/hand_payload_pose,1.948217749595642,1780993571.0097497
2820,Episode_Reward/hand_payload_pose,1.9483110904693604,1780993605.2604496
2826,Episode_Reward/hand_payload_pose,1.948561668395996,1780993639.5457659
2832,Episode_Reward/hand_payload_pose,1.948707103729248,1780993751.3129914
2838,Episode_Reward/hand_payload_pose,1.9485559463500977,1780993785.4073718
2844,Episode_Reward/hand_payload_pose,1.9490981101989746,1780993819.315896
2850,Episode_Reward/hand_payload_pose,1.948873519897461,1780993853.271611
2856,Episode_Reward/hand_payload_pose,1.9488677978515625,1780993887.543174
2862,Episode_Reward/hand_payload_pose,1.949057936668396,1780993916.8452744
2868,Episode_Reward/hand_payload_pose,1.9494218826293945,1780993946.0288012
2874,Episode_Reward/hand_payload_pose,1.9494428634643555,1780993975.2055252
2880,Episode_Reward/hand_payload_pose,1.9496490955352783,1780994004.585171
2886,Episode_Reward/hand_payload_pose,1.949723482131958,1780994033.8266578
2892,Episode_Reward/hand_payload_pose,1.9499318599700928,1780994063.2174113
2898,Episode_Reward/hand_payload_pose,1.9500539302825928,1780994092.5057843
2904,Episode_Reward/hand_payload_pose,1.949826955795288,1780994121.6462233
2910,Episode_Reward/hand_payload_pose,1.9498040676116943,1780994150.9298265
2916,Episode_Reward/hand_payload_pose,1.9496519565582275,1780994180.3948312
2922,Episode_Reward/hand_payload_pose,1.9481863975524902,1780994210.3770947
2928,Episode_Reward/hand_payload_pose,1.9495675563812256,1780994240.2370222
2934,Episode_Reward/hand_payload_pose,1.9496797323226929,1780994269.7768924
2940,Episode_Reward/hand_payload_pose,1.9494378566741943,1780994299.1369689
2946,Episode_Reward/hand_payload_pose,1.9497900009155273,1780994328.57788
2952,Episode_Reward/hand_payload_pose,1.9500459432601929,1780994357.906585
2958,Episode_Reward/hand_payload_pose,1.9502356052398682,1780994387.4413295
2964,Episode_Reward/hand_payload_pose,1.9506019353866577,1780994417.356104
2970,Episode_Reward/hand_payload_pose,1.9508163928985596,1780994447.0984433
2976,Episode_Reward/hand_payload_pose,1.9506869316101074,1780994476.442079
2982,Episode_Reward/hand_payload_pose,1.9512618780136108,1780994506.2840302
2988,Episode_Reward/hand_payload_pose,1.9513583183288574,1780994535.6863415
2994,Episode_Reward/hand_payload_pose,1.9513473510742188,1780994565.025476
3000,Episode_Reward/hand_payload_pose,1.9514739513397217,1780994594.730084
3006,Episode_Reward/hand_payload_pose,1.9516065120697021,1780994624.5227242
3012,Episode_Reward/hand_payload_pose,1.9517178535461426,1780994653.7077055
3018,Episode_Reward/hand_payload_pose,1.9517056941986084,1780994683.121073
3024,Episode_Reward/hand_payload_pose,1.951736330986023,1780994712.4897428
3030,Episode_Reward/hand_payload_pose,1.9445856809616089,1780994741.738298
3036,Episode_Reward/hand_payload_pose,1.9521535634994507,1780994771.2856598
3042,Episode_Reward/hand_payload_pose,1.9515222311019897,1780994800.7967124
3048,Episode_Reward/hand_payload_pose,1.95197331905365,1780994830.278529
3054,Episode_Reward/hand_payload_pose,1.9517972469329834,1780994859.9616084
3060,Episode_Reward/hand_payload_pose,1.9523093700408936,1780994889.991485
3066,Episode_Reward/hand_payload_pose,1.952276587486267,1780994919.382359
3072,Episode_Reward/hand_payload_pose,1.9530434608459473,1780994948.9539492
3078,Episode_Reward/hand_payload_pose,1.9527993202209473,1780994978.8895662
3084,Episode_Reward/hand_payload_pose,1.9529436826705933,1780995008.8689852
3090,Episode_Reward/hand_payload_pose,1.953041434288025,1780995038.741175
3096,Episode_Reward/hand_payload_pose,1.95310640335083,1780995068.5797567
3102,Episode_Reward/hand_payload_pose,1.95305335521698,1780995097.8518982
3108,Episode_Reward/hand_payload_pose,1.9529507160186768,1780995127.1416194
3114,Episode_Reward/hand_payload_pose,1.9521698951721191,1780995156.2246568
3120,Episode_Reward/hand_payload_pose,1.9510520696640015,1780995185.264985
3126,Episode_Reward/hand_payload_pose,1.952436923980713,1780995214.5088387
3132,Episode_Reward/hand_payload_pose,1.9510307312011719,1780995243.968608
3138,Episode_Reward/hand_payload_pose,1.9524683952331543,1780995273.303104
3144,Episode_Reward/hand_payload_pose,1.9522390365600586,1780995302.8317006
3150,Episode_Reward/hand_payload_pose,1.9524867534637451,1780995332.3764246
3156,Episode_Reward/hand_payload_pose,1.9526362419128418,1780995361.786787
3162,Episode_Reward/hand_payload_pose,1.9526008367538452,1780995390.7668252
3168,Episode_Reward/hand_payload_pose,1.9527289867401123,1780995420.0582523
3174,Episode_Reward/hand_payload_pose,1.9504388570785522,1780995449.692853
3180,Episode_Reward/hand_payload_pose,1.9502592086791992,1780995479.199157
3186,Episode_Reward/hand_payload_pose,1.9522292613983154,1780995508.7413936
3192,Episode_Reward/hand_payload_pose,1.9522192478179932,1780995538.0650656
3198,Episode_Reward/hand_payload_pose,1.9479926824569702,1780995567.5956151
3204,Episode_Reward/hand_payload_pose,1.9521234035491943,1780995596.595802
3210,Episode_Reward/hand_payload_pose,1.9521589279174805,1780995626.8294446
3216,Episode_Reward/hand_payload_pose,1.9522403478622437,1780995656.311986
3222,Episode_Reward/hand_payload_pose,1.9524105787277222,1780995686.2215939
3228,Episode_Reward/hand_payload_pose,1.9529622793197632,1780995715.3239555
3234,Episode_Reward/hand_payload_pose,1.9528484344482422,1780995744.6489997
3240,Episode_Reward/hand_payload_pose,1.9411773681640625,1780995774.1683726
3246,Episode_Reward/hand_payload_pose,1.9529427289962769,1780995803.5204904
3252,Episode_Reward/hand_payload_pose,1.9529578685760498,1780995832.8834238
3258,Episode_Reward/hand_payload_pose,1.953172206878662,1780995862.085077
3264,Episode_Reward/hand_payload_pose,1.9530547857284546,1780995891.0846684
3270,Episode_Reward/hand_payload_pose,1.9531819820404053,1780995920.4797997
3276,Episode_Reward/hand_payload_pose,1.9441916942596436,1780995950.6534286
3282,Episode_Reward/hand_payload_pose,1.9524424076080322,1780995980.4561124
3288,Episode_Reward/hand_payload_pose,1.9523615837097168,1780996010.3392968
3294,Episode_Reward/hand_payload_pose,1.952559471130371,1780996040.349985
3300,Episode_Reward/hand_payload_pose,1.9526870250701904,1780996070.2610784
3306,Episode_Reward/hand_payload_pose,1.9525898694992065,1780996100.301024
3312,Episode_Reward/hand_payload_pose,1.9530718326568604,1780996130.0782669
3318,Episode_Reward/hand_payload_pose,1.9470118284225464,1780996159.7110744
3324,Episode_Reward/hand_payload_pose,1.952933669090271,1780996189.670406
3330,Episode_Reward/hand_payload_pose,1.9522918462753296,1780996219.7945156
3336,Episode_Reward/hand_payload_pose,1.953326940536499,1780996249.7053668
3342,Episode_Reward/hand_payload_pose,1.9531378746032715,1780996279.0341613
3348,Episode_Reward/hand_payload_pose,1.9530327320098877,1780996308.6636956
3354,Episode_Reward/hand_payload_pose,1.953089714050293,1780996337.9061286
3360,Episode_Reward/hand_payload_pose,1.953276515007019,1780996367.21142
3366,Episode_Reward/hand_payload_pose,1.9432628154754639,1780996396.6289995
3372,Episode_Reward/hand_payload_pose,1.9530627727508545,1780996425.9431229
3378,Episode_Reward/hand_payload_pose,1.9529680013656616,1780996455.5840454
3384,Episode_Reward/hand_payload_pose,1.9531066417694092,1780996485.2719178
3390,Episode_Reward/hand_payload_pose,1.9530084133148193,1780996515.2682185
3396,Episode_Reward/hand_payload_pose,1.953012228012085,1780996544.92485
3402,Episode_Reward/hand_payload_pose,1.953189730644226,1780996574.5311122
3408,Episode_Reward/hand_payload_pose,1.9532911777496338,1780996603.9693515
3414,Episode_Reward/hand_payload_pose,1.9532207250595093,1780996633.4758227
3420,Episode_Reward/hand_payload_pose,1.953515887260437,1780996662.7824082
3426,Episode_Reward/hand_payload_pose,1.95367431640625,1780996692.7179084
3432,Episode_Reward/hand_payload_pose,1.9539973735809326,1780996722.2551272
3438,Episode_Reward/hand_payload_pose,1.9540488719940186,1780996751.278875
3444,Episode_Reward/hand_payload_pose,1.954050064086914,1780996780.2626655
3450,Episode_Reward/hand_payload_pose,1.9539430141448975,1780996809.53391
3456,Episode_Reward/hand_payload_pose,1.9542791843414307,1780996838.891537
3462,Episode_Reward/hand_payload_pose,1.9543254375457764,1780996868.3187387
3468,Episode_Reward/hand_payload_pose,1.9545037746429443,1780996897.6057694
3474,Episode_Reward/hand_payload_pose,1.954172968864441,1780996926.7585256
3480,Episode_Reward/hand_payload_pose,1.9543161392211914,1780996955.6613276
3486,Episode_Reward/hand_payload_pose,1.9541306495666504,1780996984.8655152
3492,Episode_Reward/hand_payload_pose,1.9540679454803467,1780997014.2187896
3498,Episode_Reward/hand_payload_pose,1.954150915145874,1780997043.408996
3504,Episode_Reward/hand_payload_pose,1.9540653228759766,1780997073.147044
3510,Episode_Reward/hand_payload_pose,1.9541521072387695,1780997103.221559
3516,Episode_Reward/hand_payload_pose,1.9543694257736206,1780997133.2725556
3522,Episode_Reward/hand_payload_pose,1.954347014427185,1780997162.9847028
3528,Episode_Reward/hand_payload_pose,1.9542306661605835,1780997193.0718617
3534,Episode_Reward/hand_payload_pose,1.9543912410736084,1780997223.2094767
3540,Episode_Reward/hand_payload_pose,1.954412817955017,1780997253.326913
3546,Episode_Reward/hand_payload_pose,1.9542678594589233,1780997282.7025683
3552,Episode_Reward/hand_payload_pose,1.9541206359863281,1780997311.870207
3558,Episode_Reward/hand_payload_pose,1.954275131225586,1780997341.4824212
3564,Episode_Reward/hand_payload_pose,1.9540417194366455,1780997371.2850451
3570,Episode_Reward/hand_payload_pose,1.954660415649414,1780997401.0952055
3576,Episode_Reward/hand_payload_pose,1.9550236463546753,1780997430.5629823
3582,Episode_Reward/hand_payload_pose,1.9546735286712646,1780997460.1387458
3588,Episode_Reward/hand_payload_pose,1.9546818733215332,1780997489.949654
3594,Episode_Reward/hand_payload_pose,1.9546922445297241,1780997519.3008711
3600,Episode_Reward/hand_payload_pose,1.9548871517181396,1780997549.0126526
3606,Episode_Reward/hand_payload_pose,1.9546689987182617,1780997578.7347906
3612,Episode_Reward/hand_payload_pose,1.9552158117294312,1780997608.3623374
3618,Episode_Reward/hand_payload_pose,1.9547545909881592,1780997638.1330354
3624,Episode_Reward/hand_payload_pose,1.95481276512146,1780997668.1113605
3630,Episode_Reward/hand_payload_pose,1.9528484344482422,1780997698.0693183
3636,Episode_Reward/hand_payload_pose,1.955133318901062,1780997727.9754295
3642,Episode_Reward/hand_payload_pose,1.9552781581878662,1780997758.371188
3648,Episode_Reward/hand_payload_pose,1.9551103115081787,1780997788.2694666
3654,Episode_Reward/hand_payload_pose,1.9551827907562256,1780997817.8482933
3660,Episode_Reward/hand_payload_pose,1.9497826099395752,1780997847.7366815
3666,Episode_Reward/hand_payload_pose,1.9555957317352295,1780997877.6908214
3672,Episode_Reward/hand_payload_pose,1.9557693004608154,1780997907.2166595
3678,Episode_Reward/hand_payload_pose,1.9557209014892578,1780997936.7234142
3684,Episode_Reward/hand_payload_pose,1.95597243309021,1780997966.1923556
3690,Episode_Reward/hand_payload_pose,1.9557695388793945,1780997996.0851939
3696,Episode_Reward/hand_payload_pose,1.9554858207702637,1780998025.6831684
3702,Episode_Reward/hand_payload_pose,1.9559612274169922,1780998055.437203
3708,Episode_Reward/hand_payload_pose,1.9561790227890015,1780998085.1726544
3714,Episode_Reward/hand_payload_pose,1.9561841487884521,1780998115.336579
3720,Episode_Reward/hand_payload_pose,1.956246256828308,1780998145.002695
3726,Episode_Reward/hand_payload_pose,1.956226110458374,1780998174.3215938
3732,Episode_Reward/hand_payload_pose,1.9563753604888916,1780998204.1914766
3738,Episode_Reward/hand_payload_pose,1.9562420845031738,1780998233.6954112
3744,Episode_Reward/hand_payload_pose,1.955838918685913,1780998263.2889874
3750,Episode_Reward/hand_payload_pose,1.9556748867034912,1780998293.2129383
3756,Episode_Reward/hand_payload_pose,1.9557018280029297,1780998323.431948
3762,Episode_Reward/hand_payload_pose,1.9555959701538086,1780998353.4246786
3768,Episode_Reward/hand_payload_pose,1.955604910850525,1780998383.1279273
3774,Episode_Reward/hand_payload_pose,1.9550584554672241,1780998412.067613
3780,Episode_Reward/hand_payload_pose,1.9549617767333984,1780998440.9647267
3786,Episode_Reward/hand_payload_pose,1.9547901153564453,1780998470.0726993
3792,Episode_Reward/hand_payload_pose,1.9548654556274414,1780998499.05256
3798,Episode_Reward/hand_payload_pose,1.9549659490585327,1780998527.9796941
3804,Episode_Reward/hand_payload_pose,1.9551671743392944,1780998556.948227
3810,Episode_Reward/hand_payload_pose,1.9553303718566895,1780998585.92051
3816,Episode_Reward/hand_payload_pose,1.9555057287216187,1780998614.7184675
3822,Episode_Reward/hand_payload_pose,1.955832839012146,1780998643.8822443
3828,Episode_Reward/hand_payload_pose,1.9457547664642334,1780998673.0209606
3834,Episode_Reward/hand_payload_pose,1.9561351537704468,1780998702.144908
3840,Episode_Reward/hand_payload_pose,1.9560778141021729,1780998731.4360926
3846,Episode_Reward/hand_payload_pose,1.956067442893982,1780998760.4824336
3852,Episode_Reward/hand_payload_pose,1.9559053182601929,1780998789.5576277
3858,Episode_Reward/hand_payload_pose,1.9559491872787476,1780998818.3989232
3864,Episode_Reward/hand_payload_pose,1.956040859222412,1780998847.2671177
3870,Episode_Reward/hand_payload_pose,1.955890417098999,1780998876.3902855
3876,Episode_Reward/hand_payload_pose,1.9558844566345215,1780998906.0925748
3882,Episode_Reward/hand_payload_pose,1.9559310674667358,1780998935.5440555
3888,Episode_Reward/hand_payload_pose,1.9559218883514404,1780998965.147324
3894,Episode_Reward/hand_payload_pose,1.9559142589569092,1780998994.4877403
3900,Episode_Reward/hand_payload_pose,1.9558324813842773,1780999023.581612
3906,Episode_Reward/hand_payload_pose,1.955518126487732,1780999052.990451
3912,Episode_Reward/hand_payload_pose,1.9556727409362793,1780999082.0736527
3918,Episode_Reward/hand_payload_pose,1.9560579061508179,1780999111.087698
3924,Episode_Reward/hand_payload_pose,1.9561519622802734,1780999140.2053685
3930,Episode_Reward/hand_payload_pose,1.9562677145004272,1780999169.459313
3936,Episode_Reward/hand_payload_pose,1.9565800428390503,1780999198.736578
3942,Episode_Reward/hand_payload_pose,1.9567978382110596,1780999227.9221778
3948,Episode_Reward/hand_payload_pose,1.9571713209152222,1780999256.7922359
3954,Episode_Reward/hand_payload_pose,1.9571855068206787,1780999285.7306924
3960,Episode_Reward/hand_payload_pose,1.9571292400360107,1780999314.8078644
3966,Episode_Reward/hand_payload_pose,1.9571861028671265,1780999343.669854
3972,Episode_Reward/hand_payload_pose,1.9570128917694092,1780999372.439951
3978,Episode_Reward/hand_payload_pose,1.9567346572875977,1780999401.4578617
3984,Episode_Reward/hand_payload_pose,1.9573954343795776,1780999430.4492235
3990,Episode_Reward/hand_payload_pose,1.956854224205017,1780999459.649825
3996,Episode_Reward/hand_payload_pose,1.9572718143463135,1780999488.7445607
4002,Episode_Reward/hand_payload_pose,1.9571603536605835,1780999518.145942
4008,Episode_Reward/hand_payload_pose,1.9571412801742554,1780999547.4186563
4014,Episode_Reward/hand_payload_pose,1.9572293758392334,1780999576.4170544
4020,Episode_Reward/hand_payload_pose,1.957392930984497,1780999606.0505152
4026,Episode_Reward/hand_payload_pose,1.9574480056762695,1780999635.6288521
4032,Episode_Reward/hand_payload_pose,1.9571969509124756,1780999665.1078382
4038,Episode_Reward/hand_payload_pose,1.9565486907958984,1780999694.7483647
4044,Episode_Reward/hand_payload_pose,1.9575612545013428,1780999724.4150598
4050,Episode_Reward/hand_payload_pose,1.9576561450958252,1780999752.213946
4056,Episode_Reward/hand_payload_pose,1.9576276540756226,1780999777.300738
4062,Episode_Reward/hand_payload_pose,1.9577865600585938,1780999802.740543
4068,Episode_Reward/hand_payload_pose,1.9579166173934937,1780999832.0745738
4074,Episode_Reward/hand_payload_pose,1.957822322845459,1780999861.6073523
4080,Episode_Reward/hand_payload_pose,1.9578466415405273,1780999891.038997
4086,Episode_Reward/hand_payload_pose,1.9580295085906982,1780999920.6026566
4092,Episode_Reward/hand_payload_pose,1.9581083059310913,1780999950.004792
4098,Episode_Reward/hand_payload_pose,1.9580307006835938,1780999979.545968
4104,Episode_Reward/hand_payload_pose,1.9582598209381104,1781000008.8237114
4110,Episode_Reward/hand_payload_pose,1.9584205150604248,1781000038.3189201
4116,Episode_Reward/hand_payload_pose,1.9589519500732422,1781000067.6208444
4122,Episode_Reward/hand_payload_pose,1.9587221145629883,1781000096.8153648
4128,Episode_Reward/hand_payload_pose,1.9588512182235718,1781000126.25639
4134,Episode_Reward/hand_payload_pose,1.9589189291000366,1781000156.004157
4140,Episode_Reward/hand_payload_pose,1.9590743780136108,1781000185.529478
4146,Episode_Reward/hand_payload_pose,1.9594662189483643,1781000214.6957374
4152,Episode_Reward/hand_payload_pose,1.9592695236206055,1781000243.8055294
4158,Episode_Reward/hand_payload_pose,1.9590333700180054,1781000273.2187493
4164,Episode_Reward/hand_payload_pose,1.9592270851135254,1781000302.467705
4170,Episode_Reward/hand_payload_pose,1.9592406749725342,1781000332.1297739
4176,Episode_Reward/hand_payload_pose,1.9593056440353394,1781000361.9068859
4182,Episode_Reward/hand_payload_pose,1.9593946933746338,1781000391.405994
4188,Episode_Reward/hand_payload_pose,1.95945143699646,1781000420.8025098
4194,Episode_Reward/hand_payload_pose,1.9593820571899414,1781000450.2305737
4200,Episode_Reward/hand_payload_pose,1.959031581878662,1781000479.8028567
4206,Episode_Reward/hand_payload_pose,1.9592974185943604,1781000508.968557
4212,Episode_Reward/hand_payload_pose,1.959331750869751,1781000538.2436805
4218,Episode_Reward/hand_payload_pose,1.959456205368042,1781000567.4426277
4224,Episode_Reward/hand_payload_pose,1.9593448638916016,1781000596.590921
4230,Episode_Reward/hand_payload_pose,1.9594087600708008,1781000625.7776456
4236,Episode_Reward/hand_payload_pose,1.9595102071762085,1781000655.4307866
4242,Episode_Reward/hand_payload_pose,1.9590810537338257,1781000684.818986
4248,Episode_Reward/hand_payload_pose,1.9595906734466553,1781000714.4602447
4254,Episode_Reward/hand_payload_pose,1.9597299098968506,1781000744.3822258
4260,Episode_Reward/hand_payload_pose,1.9597896337509155,1781000774.0240316
4266,Episode_Reward/hand_payload_pose,1.960026741027832,1781000803.2512267
4272,Episode_Reward/hand_payload_pose,1.959924578666687,1781000832.4012277
4278,Episode_Reward/hand_payload_pose,1.959904670715332,1781000861.7622013
4284,Episode_Reward/hand_payload_pose,1.9602675437927246,1781000891.4328065
4290,Episode_Reward/hand_payload_pose,1.9601701498031616,1781000921.2791808
4296,Episode_Reward/hand_payload_pose,1.960172414779663,1781000951.2165449
4302,Episode_Reward/hand_payload_pose,1.9602737426757812,1781000981.0137398
4308,Episode_Reward/hand_payload_pose,1.9604228734970093,1781001011.1278372
4314,Episode_Reward/hand_payload_pose,1.9602288007736206,1781001040.7102308
4320,Episode_Reward/hand_payload_pose,1.9600152969360352,1781001070.5315933
4326,Episode_Reward/hand_payload_pose,1.9601140022277832,1781001100.395284
4332,Episode_Reward/hand_payload_pose,1.9600671529769897,1781001130.0708237
4338,Episode_Reward/hand_payload_pose,1.9599535465240479,1781001159.6040337
4344,Episode_Reward/hand_payload_pose,1.960142970085144,1781001188.9802418
4350,Episode_Reward/hand_payload_pose,1.9600961208343506,1781001218.6201365
4356,Episode_Reward/hand_payload_pose,1.9599435329437256,1781001248.5359943
4362,Episode_Reward/hand_payload_pose,1.9601433277130127,1781001278.1321168
4368,Episode_Reward/hand_payload_pose,1.9601247310638428,1781001308.0059023
4374,Episode_Reward/hand_payload_pose,1.960145354270935,1781001337.9046986
4380,Episode_Reward/hand_payload_pose,1.9599370956420898,1781001367.73023
4386,Episode_Reward/hand_payload_pose,1.9598573446273804,1781001397.3677645
4392,Episode_Reward/hand_payload_pose,1.9596047401428223,1781001426.5968502
4398,Episode_Reward/hand_payload_pose,1.9591844081878662,1781001456.5913265
4404,Episode_Reward/hand_payload_pose,1.959172248840332,1781001486.5938652
4410,Episode_Reward/hand_payload_pose,1.9586427211761475,1781001516.066761
4416,Episode_Reward/hand_payload_pose,1.9589866399765015,1781001545.7197702
4422,Episode_Reward/hand_payload_pose,1.959210753440857,1781001575.8006172
4428,Episode_Reward/hand_payload_pose,1.959334135055542,1781001605.7064364
4434,Episode_Reward/hand_payload_pose,1.9595773220062256,1781001635.0733721
4440,Episode_Reward/hand_payload_pose,1.960073709487915,1781001664.7455897
4446,Episode_Reward/hand_payload_pose,1.9596962928771973,1781001694.289012
4452,Episode_Reward/hand_payload_pose,1.9598360061645508,1781001723.9405715
4458,Episode_Reward/hand_payload_pose,1.959934949874878,1781001753.9317222
4464,Episode_Reward/hand_payload_pose,1.9601757526397705,1781001783.73481
4470,Episode_Reward/hand_payload_pose,1.9601333141326904,1781001813.375886
4476,Episode_Reward/hand_payload_pose,1.9601202011108398,1781001843.446238
4482,Episode_Reward/hand_payload_pose,1.9602055549621582,1781001873.1758754
4488,Episode_Reward/hand_payload_pose,1.960259199142456,1781001902.9470425
4494,Episode_Reward/hand_payload_pose,1.9602105617523193,1781001932.1831396
4500,Episode_Reward/hand_payload_pose,1.9601144790649414,1781001961.7324345
4506,Episode_Reward/hand_payload_pose,1.9602642059326172,1781001991.3103585
4512,Episode_Reward/hand_payload_pose,1.96012282371521,1781002020.943854
4518,Episode_Reward/hand_payload_pose,1.9600293636322021,1781002050.6475165
4524,Episode_Reward/hand_payload_pose,1.9598932266235352,1781002080.4074304
4530,Episode_Reward/hand_payload_pose,1.959763765335083,1781002110.259219
4536,Episode_Reward/hand_payload_pose,1.9591500759124756,1781002140.062744
4542,Episode_Reward/hand_payload_pose,1.959255576133728,1781002169.8832161
4548,Episode_Reward/hand_payload_pose,1.959303617477417,1781002199.4455304
4554,Episode_Reward/hand_payload_pose,1.9552810192108154,1781002229.211284
4560,Episode_Reward/hand_payload_pose,1.9596281051635742,1781002258.9441013
4566,Episode_Reward/hand_payload_pose,1.9593117237091064,1781002288.4414134
4572,Episode_Reward/hand_payload_pose,1.9597671031951904,1781002317.9882896
4578,Episode_Reward/hand_payload_pose,1.9600436687469482,1781002347.844307
4584,Episode_Reward/hand_payload_pose,1.9600470066070557,1781002377.8219738
4590,Episode_Reward/hand_payload_pose,1.9598883390426636,1781002407.761826
4596,Episode_Reward/hand_payload_pose,1.9599549770355225,1781002437.534616
4602,Episode_Reward/hand_payload_pose,1.9601414203643799,1781002467.2663448
4608,Episode_Reward/hand_payload_pose,1.9603755474090576,1781002497.2135577
4614,Episode_Reward/hand_payload_pose,1.9602893590927124,1781002526.9104817
4620,Episode_Reward/hand_payload_pose,1.9603462219238281,1781002556.6955028
4626,Episode_Reward/hand_payload_pose,1.960576057434082,1781002585.8785186
4632,Episode_Reward/hand_payload_pose,1.9605321884155273,1781002615.496108
4638,Episode_Reward/hand_payload_pose,1.960440993309021,1781002645.3686805
4644,Episode_Reward/hand_payload_pose,1.9605846405029297,1781002675.055603
4650,Episode_Reward/hand_payload_pose,1.9605306386947632,1781002704.6122906
4656,Episode_Reward/hand_payload_pose,1.9476518630981445,1781002734.5634887
4662,Episode_Reward/hand_payload_pose,1.9606573581695557,1781002764.5417068
4668,Episode_Reward/hand_payload_pose,1.9607882499694824,1781002794.7963889
4674,Episode_Reward/hand_payload_pose,1.960698127746582,1781002824.9969597
4680,Episode_Reward/hand_payload_pose,1.960683822631836,1781002854.9511278
4686,Episode_Reward/hand_payload_pose,1.9607388973236084,1781002884.5990543
4692,Episode_Reward/hand_payload_pose,1.9606878757476807,1781002914.1880333
4698,Episode_Reward/hand_payload_pose,1.9606711864471436,1781002943.9061267
4704,Episode_Reward/hand_payload_pose,1.9605231285095215,1781002972.9978366
4710,Episode_Reward/hand_payload_pose,1.9604308605194092,1781003002.869759
4716,Episode_Reward/hand_payload_pose,1.9605258703231812,1781003032.8323653
4722,Episode_Reward/hand_payload_pose,1.9606263637542725,1781003062.90036
4728,Episode_Reward/hand_payload_pose,1.9609254598617554,1781003092.57203
4734,Episode_Reward/hand_payload_pose,1.960679531097412,1781003122.2922237
4740,Episode_Reward/hand_payload_pose,1.9611096382141113,1781003151.9644191
4746,Episode_Reward/hand_payload_pose,1.9609355926513672,1781003181.8140452
4752,Episode_Reward/hand_payload_pose,1.960834264755249,1781003211.965238
4758,Episode_Reward/hand_payload_pose,1.9608047008514404,1781003242.014566
4764,Episode_Reward/hand_payload_pose,1.960890531539917,1781003272.0424256
4770,Episode_Reward/hand_payload_pose,1.9606845378875732,1781003301.7954237
4776,Episode_Reward/hand_payload_pose,1.9607499837875366,1781003331.7578032
4782,Episode_Reward/hand_payload_pose,1.9609572887420654,1781003361.7510295
4788,Episode_Reward/hand_payload_pose,1.9606084823608398,1781003391.424421
4794,Episode_Reward/hand_payload_pose,1.9607223272323608,1781003421.4598424
4800,Episode_Reward/hand_payload_pose,1.9604454040527344,1781003451.4673193
4806,Episode_Reward/hand_payload_pose,1.9605140686035156,1781003481.11391
4812,Episode_Reward/hand_payload_pose,1.9605239629745483,1781003510.9042537
4818,Episode_Reward/hand_payload_pose,1.9606494903564453,1781003540.7822077
4824,Episode_Reward/hand_payload_pose,1.9607887268066406,1781003570.8150034
4830,Episode_Reward/hand_payload_pose,1.9606342315673828,1781003600.805726
4836,Episode_Reward/hand_payload_pose,1.9607219696044922,1781003630.4525034
4842,Episode_Reward/hand_payload_pose,1.9609177112579346,1781003659.9957764
4848,Episode_Reward/hand_payload_pose,1.961000680923462,1781003689.4936624
4854,Episode_Reward/hand_payload_pose,1.9612607955932617,1781003719.268452
4860,Episode_Reward/hand_payload_pose,1.9613754749298096,1781003748.9133906
4866,Episode_Reward/hand_payload_pose,1.9615960121154785,1781003778.8332994
4872,Episode_Reward/hand_payload_pose,1.961741328239441,1781003808.6705194
4878,Episode_Reward/hand_payload_pose,1.9619829654693604,1781003838.2650344
4884,Episode_Reward/hand_payload_pose,1.9620025157928467,1781003867.9967525
4890,Episode_Reward/hand_payload_pose,1.9619429111480713,1781003897.5609403
4896,Episode_Reward/hand_payload_pose,1.9621022939682007,1781003927.031794
4902,Episode_Reward/hand_payload_pose,1.9620130062103271,1781003956.5164661
4908,Episode_Reward/hand_payload_pose,1.9619536399841309,1781003985.7044106
4914,Episode_Reward/hand_payload_pose,1.9618085622787476,1781004015.3444626
4920,Episode_Reward/hand_payload_pose,1.961708426475525,1781004045.0880177
4926,Episode_Reward/hand_payload_pose,1.9616165161132812,1781004074.986241
4932,Episode_Reward/hand_payload_pose,1.9616899490356445,1781004104.5750299
4938,Episode_Reward/hand_payload_pose,1.9617843627929688,1781004133.958489
4944,Episode_Reward/hand_payload_pose,1.9617137908935547,1781004163.6340706
4950,Episode_Reward/hand_payload_pose,1.9616763591766357,1781004193.2319658
4956,Episode_Reward/hand_payload_pose,1.9617576599121094,1781004223.367936
4962,Episode_Reward/hand_payload_pose,1.9618473052978516,1781004253.2740555
4968,Episode_Reward/hand_payload_pose,1.961775541305542,1781004283.267127
4974,Episode_Reward/hand_payload_pose,1.9618315696716309,1781004313.2300797
4980,Episode_Reward/hand_payload_pose,1.9615585803985596,1781004343.1086392
4986,Episode_Reward/hand_payload_pose,1.9617841243743896,1781004372.692096
4992,Episode_Reward/hand_payload_pose,1.9618864059448242,1781004401.6114824
4998,Episode_Reward/hand_payload_pose,1.961923599243164,1781004431.1378806
5004,Episode_Reward/hand_payload_pose,1.962110996246338,1781004460.211769
5010,Episode_Reward/hand_payload_pose,1.9619312286376953,1781004489.4424765
5016,Episode_Reward/hand_payload_pose,1.962157964706421,1781004518.6637838
5022,Episode_Reward/hand_payload_pose,1.962124228477478,1781004548.0456774
5028,Episode_Reward/hand_payload_pose,1.9621355533599854,1781004577.156159
5034,Episode_Reward/hand_payload_pose,1.9620263576507568,1781004606.2528582
5040,Episode_Reward/hand_payload_pose,1.961970329284668,1781004635.8467937
5046,Episode_Reward/hand_payload_pose,1.9619495868682861,1781004665.754706
5052,Episode_Reward/hand_payload_pose,1.962084174156189,1781004695.1326787
5058,Episode_Reward/hand_payload_pose,1.9620535373687744,1781004724.357233
5064,Episode_Reward/hand_payload_pose,1.9618148803710938,1781004753.5690036
5070,Episode_Reward/hand_payload_pose,1.9620766639709473,1781004782.8313274
5076,Episode_Reward/hand_payload_pose,1.9619921445846558,1781004811.922677
5082,Episode_Reward/hand_payload_pose,1.961822509765625,1781004841.2751627
5088,Episode_Reward/hand_payload_pose,1.9616825580596924,1781004870.6039944
5094,Episode_Reward/hand_payload_pose,1.9617054462432861,1781004900.031682
5100,Episode_Reward/hand_payload_pose,1.9618686437606812,1781004929.5168247
5106,Episode_Reward/hand_payload_pose,1.9616632461547852,1781004958.939124
5112,Episode_Reward/hand_payload_pose,1.9619415998458862,1781004988.1533709
5118,Episode_Reward/hand_payload_pose,1.962071418762207,1781005017.6111574
5124,Episode_Reward/hand_payload_pose,1.9620888233184814,1781005047.2064917
5130,Episode_Reward/hand_payload_pose,1.9622080326080322,1781005076.450064
5136,Episode_Reward/hand_payload_pose,1.9619945287704468,1781005105.904833
5142,Episode_Reward/hand_payload_pose,1.9618104696273804,1781005135.4364672
5148,Episode_Reward/hand_payload_pose,1.9616813659667969,1781005164.6215959
5154,Episode_Reward/hand_payload_pose,1.9614121913909912,1781005193.3816395
5160,Episode_Reward/hand_payload_pose,1.9613902568817139,1781005222.2579896
5166,Episode_Reward/hand_payload_pose,1.96156907081604,1781005251.135852
5172,Episode_Reward/hand_payload_pose,1.9615051746368408,1781005280.0928876
5178,Episode_Reward/hand_payload_pose,1.9615278244018555,1781005309.322059
5184,Episode_Reward/hand_payload_pose,1.9618052244186401,1781005338.2672505
5190,Episode_Reward/hand_payload_pose,1.9619417190551758,1781005367.9622018
5196,Episode_Reward/hand_payload_pose,1.9621315002441406,1781005396.9767659
5202,Episode_Reward/hand_payload_pose,1.9621031284332275,1781005426.1609898
5208,Episode_Reward/hand_payload_pose,1.9622209072113037,1781005454.7601573
5214,Episode_Reward/hand_payload_pose,1.9621238708496094,1781005484.0766518
5220,Episode_Reward/hand_payload_pose,1.9621837139129639,1781005513.111062
5226,Episode_Reward/hand_payload_pose,1.9621248245239258,1781005542.2434688
5232,Episode_Reward/hand_payload_pose,1.962217092514038,1781005571.4965537
5238,Episode_Reward/hand_payload_pose,1.9618585109710693,1781005600.980999
5244,Episode_Reward/hand_payload_pose,1.962069034576416,1781005630.5283115
5250,Episode_Reward/hand_payload_pose,1.9621742963790894,1781005660.2434475
5256,Episode_Reward/hand_payload_pose,1.962329626083374,1781005689.6912174
5262,Episode_Reward/hand_payload_pose,1.9623626470565796,1781005719.5219984
5268,Episode_Reward/hand_payload_pose,1.9624793529510498,1781005749.1506257
5274,Episode_Reward/hand_payload_pose,1.9624462127685547,1781005778.9538305
5280,Episode_Reward/hand_payload_pose,1.9623513221740723,1781005809.0639572
5286,Episode_Reward/hand_payload_pose,1.9623305797576904,1781005838.8052666
5292,Episode_Reward/hand_payload_pose,1.9622758626937866,1781005868.2903929
5298,Episode_Reward/hand_payload_pose,1.962400197982788,1781005897.4728663
5304,Episode_Reward/hand_payload_pose,1.9622830152511597,1781005926.7731001
5310,Episode_Reward/hand_payload_pose,1.9625272750854492,1781005955.8314734
5316,Episode_Reward/hand_payload_pose,1.9625921249389648,1781005984.6669698
5322,Episode_Reward/hand_payload_pose,1.9629011154174805,1781006013.6667736
5328,Episode_Reward/hand_payload_pose,1.9629263877868652,1781006042.6407013
5334,Episode_Reward/hand_payload_pose,1.9628443717956543,1781006072.1709762
5340,Episode_Reward/hand_payload_pose,1.9627736806869507,1781006102.1189005
5346,Episode_Reward/hand_payload_pose,1.9628596305847168,1781006132.5495253
5352,Episode_Reward/hand_payload_pose,1.9626306295394897,1781006162.4895632
5358,Episode_Reward/hand_payload_pose,1.9624583721160889,1781006192.5622041
5364,Episode_Reward/hand_payload_pose,1.9623397588729858,1781006222.416734
5370,Episode_Reward/hand_payload_pose,1.9622576236724854,1781006252.2456791
5376,Episode_Reward/hand_payload_pose,1.9623157978057861,1781006282.3971927
5382,Episode_Reward/hand_payload_pose,1.9623225927352905,1781006312.709741
5388,Episode_Reward/hand_payload_pose,1.9620730876922607,1781006344.079228
5394,Episode_Reward/hand_payload_pose,1.9618237018585205,1781006374.142226
5400,Episode_Reward/hand_payload_pose,1.9620816707611084,1781006404.0887902
5406,Episode_Reward/hand_payload_pose,1.962361216545105,1781006434.4619784
5412,Episode_Reward/hand_payload_pose,1.9624719619750977,1781006465.4040208
5418,Episode_Reward/hand_payload_pose,1.9625754356384277,1781006496.8287451
5424,Episode_Reward/hand_payload_pose,1.9627153873443604,1781006527.8191059
5430,Episode_Reward/hand_payload_pose,1.9628446102142334,1781006558.3484893
5436,Episode_Reward/hand_payload_pose,1.9629926681518555,1781006589.0824254
5442,Episode_Reward/hand_payload_pose,1.962973952293396,1781006619.5319104
5448,Episode_Reward/hand_payload_pose,1.9629714488983154,1781006649.905919
5454,Episode_Reward/hand_payload_pose,1.9630368947982788,1781006680.252455
5460,Episode_Reward/hand_payload_pose,1.9631718397140503,1781006711.4558551
5466,Episode_Reward/hand_payload_pose,1.9633811712265015,1781006742.6418169
5472,Episode_Reward/hand_payload_pose,1.963165044784546,1781006773.391025
5478,Episode_Reward/hand_payload_pose,1.9631046056747437,1781006803.7115614
5484,Episode_Reward/hand_payload_pose,1.9634246826171875,1781006834.2246807
5490,Episode_Reward/hand_payload_pose,1.963310956954956,1781006865.2090347
5496,Episode_Reward/hand_payload_pose,1.9630544185638428,1781006896.3464556
5502,Episode_Reward/hand_payload_pose,1.9630022048950195,1781006927.5777264
5508,Episode_Reward/hand_payload_pose,1.9629249572753906,1781006958.642699
5514,Episode_Reward/hand_payload_pose,1.9631307125091553,1781006989.5804708
5520,Episode_Reward/hand_payload_pose,1.962868094444275,1781007019.9287333
5526,Episode_Reward/hand_payload_pose,1.963089942932129,1781007050.7982776
5532,Episode_Reward/hand_payload_pose,1.9633058309555054,1781007081.2632635
5538,Episode_Reward/hand_payload_pose,1.9632495641708374,1781007111.7677202
5544,Episode_Reward/hand_payload_pose,1.9634289741516113,1781007141.791309
5550,Episode_Reward/hand_payload_pose,1.9633111953735352,1781007172.665579
5556,Episode_Reward/hand_payload_pose,1.9634203910827637,1781007202.6089294
5562,Episode_Reward/hand_payload_pose,1.963271141052246,1781007232.8031874
5568,Episode_Reward/hand_payload_pose,1.9633768796920776,1781007262.8487325
5574,Episode_Reward/hand_payload_pose,1.9633288383483887,1781007293.385174
5580,Episode_Reward/hand_payload_pose,1.9633264541625977,1781007323.4998329
5586,Episode_Reward/hand_payload_pose,1.9632896184921265,1781007354.4405298
5592,Episode_Reward/hand_payload_pose,1.963388204574585,1781007385.248828
5598,Episode_Reward/hand_payload_pose,1.963407039642334,1781007416.0465822
5604,Episode_Reward/hand_payload_pose,1.9634202718734741,1781007447.4051685
5610,Episode_Reward/hand_payload_pose,1.9634411334991455,1781007478.0387578
5616,Episode_Reward/hand_payload_pose,1.9634637832641602,1781007508.7875469
5622,Episode_Reward/hand_payload_pose,1.9634307622909546,1781007539.9108396
5628,Episode_Reward/hand_payload_pose,1.9635374546051025,1781007570.6437902
5634,Episode_Reward/hand_payload_pose,1.9636173248291016,1781007601.0614073
5640,Episode_Reward/hand_payload_pose,1.9637460708618164,1781007633.0591776
5646,Episode_Reward/hand_payload_pose,1.9637197256088257,1781007664.4003441
5652,Episode_Reward/hand_payload_pose,1.9639451503753662,1781007694.282663
5654,Episode_Reward/hand_payload_pose,1.9636716842651367,1781007704.0663815
0,Episode_Reward/gait,0.003149288473650813,1780976897.2957187
6,Episode_Reward/gait,0.012316517531871796,1780976942.6386082
12,Episode_Reward/gait,0.01650499552488327,1780976987.2703078
18,Episode_Reward/gait,0.01982632651925087,1780977031.6559231
24,Episode_Reward/gait,0.023319870233535767,1780977074.4373112
30,Episode_Reward/gait,0.02674861252307892,1780977118.278297
36,Episode_Reward/gait,0.03438811004161835,1780977161.6303475
42,Episode_Reward/gait,0.04940190538764,1780977204.530919
48,Episode_Reward/gait,0.06972925364971161,1780977246.6694515
54,Episode_Reward/gait,0.09956812858581543,1780977289.1861258
60,Episode_Reward/gait,0.12796297669410706,1780977332.6768866
66,Episode_Reward/gait,0.179204523563385,1780977375.9895065
72,Episode_Reward/gait,0.21445529162883759,1780977419.7732372
78,Episode_Reward/gait,0.3496808409690857,1780977459.6648133
84,Episode_Reward/gait,0.3696715831756592,1780977499.4450073
90,Episode_Reward/gait,0.3772340416908264,1780977543.115795
96,Episode_Reward/gait,0.378354012966156,1780977584.85212
102,Episode_Reward/gait,0.3627980351448059,1780977627.5449271
108,Episode_Reward/gait,0.3653101921081543,1780977671.130694
114,Episode_Reward/gait,0.42847728729248047,1780977713.9405358
120,Episode_Reward/gait,0.48494789004325867,1780977755.3216147
126,Episode_Reward/gait,0.5096056461334229,1780977797.447288
132,Episode_Reward/gait,0.5309500694274902,1780977838.790596
138,Episode_Reward/gait,0.5428407788276672,1780977881.316022
144,Episode_Reward/gait,0.5502925515174866,1780977922.8884304
150,Episode_Reward/gait,0.5683915019035339,1780977963.840082
156,Episode_Reward/gait,0.6057226657867432,1780978004.6925151
162,Episode_Reward/gait,0.6410872936248779,1780978042.6015892
168,Episode_Reward/gait,0.6606736183166504,1780978084.4397762
174,Episode_Reward/gait,0.6802268028259277,1780978128.7757094
180,Episode_Reward/gait,0.6880301237106323,1780978171.5673215
186,Episode_Reward/gait,0.6998414993286133,1780978215.461736
192,Episode_Reward/gait,0.71851646900177,1780978259.7485156
198,Episode_Reward/gait,0.7222185134887695,1780978304.2312176
204,Episode_Reward/gait,0.7466749548912048,1780978346.8583593
210,Episode_Reward/gait,0.7572183609008789,1780978390.0345168
216,Episode_Reward/gait,0.7643799185752869,1780978431.5268342
222,Episode_Reward/gait,0.7707647681236267,1780978474.9619422
228,Episode_Reward/gait,0.7796616554260254,1780978518.1196291
234,Episode_Reward/gait,0.7837144136428833,1780978561.348791
240,Episode_Reward/gait,0.7917641401290894,1780978607.1189
246,Episode_Reward/gait,0.7993226051330566,1780978644.704464
252,Episode_Reward/gait,0.8045317530632019,1780978679.0844803
258,Episode_Reward/gait,0.8094626665115356,1780978714.272607
264,Episode_Reward/gait,0.8144263029098511,1780978748.0117764
270,Episode_Reward/gait,0.818017840385437,1780978781.7733104
276,Episode_Reward/gait,0.8222993612289429,1780978817.5407581
282,Episode_Reward/gait,0.826341986656189,1780978852.900339
288,Episode_Reward/gait,0.8253609538078308,1780978889.8901298
294,Episode_Reward/gait,0.8321355581283569,1780978926.5399919
300,Episode_Reward/gait,0.8369807004928589,1780978960.0184667
306,Episode_Reward/gait,0.8410089015960693,1780978994.012999
312,Episode_Reward/gait,0.8447687029838562,1780979029.9451225
318,Episode_Reward/gait,0.8479496836662292,1780979065.828557
324,Episode_Reward/gait,0.8510246276855469,1780979102.4689786
330,Episode_Reward/gait,0.8545811176300049,1780979137.9229162
336,Episode_Reward/gait,0.8562737703323364,1780979173.7952166
342,Episode_Reward/gait,0.8607611656188965,1780979210.343617
348,Episode_Reward/gait,0.862987756729126,1780979246.5292838
354,Episode_Reward/gait,0.8649975657463074,1780979281.9870417
360,Episode_Reward/gait,0.8668874502182007,1780979316.339711
366,Episode_Reward/gait,0.8672778606414795,1780979352.4731975
372,Episode_Reward/gait,0.8690440058708191,1780979388.9594452
378,Episode_Reward/gait,0.8697586059570312,1780979425.0129154
384,Episode_Reward/gait,0.8683165311813354,1780979461.1219418
390,Episode_Reward/gait,0.8690862059593201,1780979493.4543557
396,Episode_Reward/gait,0.8704594373703003,1780979528.5012836
402,Episode_Reward/gait,0.871253490447998,1780979563.6756706
408,Episode_Reward/gait,0.8709618449211121,1780979598.8155718
414,Episode_Reward/gait,0.8719956874847412,1780979634.24353
420,Episode_Reward/gait,0.8723149299621582,1780979669.7079303
426,Episode_Reward/gait,0.8732680082321167,1780979704.9321053
432,Episode_Reward/gait,0.8752020597457886,1780979739.8697755
438,Episode_Reward/gait,0.8753997087478638,1780979774.581361
444,Episode_Reward/gait,0.8758010864257812,1780979810.3149729
450,Episode_Reward/gait,0.8752511739730835,1780979846.4121723
456,Episode_Reward/gait,0.8751953840255737,1780979881.0725253
462,Episode_Reward/gait,0.8753840923309326,1780979917.6935804
468,Episode_Reward/gait,0.8750553131103516,1780979951.2152588
474,Episode_Reward/gait,0.8747920393943787,1780979982.8915775
480,Episode_Reward/gait,0.8707005381584167,1780980015.2466857
486,Episode_Reward/gait,0.8742629885673523,1780980046.8292112
492,Episode_Reward/gait,0.8728556632995605,1780980077.968871
498,Episode_Reward/gait,0.872002124786377,1780980110.3801694
504,Episode_Reward/gait,0.870196521282196,1780980141.9110765
510,Episode_Reward/gait,0.86650550365448,1780980173.7565532
516,Episode_Reward/gait,0.8633472323417664,1780980204.585358
522,Episode_Reward/gait,0.8630759716033936,1780980235.7919405
528,Episode_Reward/gait,0.8606847524642944,1780980267.6292021
534,Episode_Reward/gait,0.8581867218017578,1780980299.6975467
540,Episode_Reward/gait,0.8564419746398926,1780980334.0384228
546,Episode_Reward/gait,0.8542995452880859,1780980366.7821395
552,Episode_Reward/gait,0.8514223098754883,1780980399.2432587
558,Episode_Reward/gait,0.8508645296096802,1780980434.2360265
564,Episode_Reward/gait,0.8489319086074829,1780980469.0362697
570,Episode_Reward/gait,0.8477265238761902,1780980502.0985506
576,Episode_Reward/gait,0.8453115224838257,1780980536.7192068
582,Episode_Reward/gait,0.8433767557144165,1780980570.8327003
588,Episode_Reward/gait,0.8417823314666748,1780980605.78169
594,Episode_Reward/gait,0.8402287364006042,1780980641.3399043
600,Episode_Reward/gait,0.8387395739555359,1780980674.580837
606,Episode_Reward/gait,0.8376132845878601,1780980709.2494032
612,Episode_Reward/gait,0.8363549113273621,1780980740.6252236
618,Episode_Reward/gait,0.8328444957733154,1780980772.659387
624,Episode_Reward/gait,0.8341466784477234,1780980807.014896
630,Episode_Reward/gait,0.8324736952781677,1780980839.0379627
636,Episode_Reward/gait,0.8330906629562378,1780980873.024707
642,Episode_Reward/gait,0.829483687877655,1780980905.879276
648,Episode_Reward/gait,0.8311934471130371,1780980938.344225
654,Episode_Reward/gait,0.8300654292106628,1780980969.4176528
660,Episode_Reward/gait,0.8292763233184814,1780981001.078445
666,Episode_Reward/gait,0.8277577757835388,1780981033.5635154
672,Episode_Reward/gait,0.8265376091003418,1780981066.3298862
678,Episode_Reward/gait,0.8254998922348022,1780981099.2312555
684,Episode_Reward/gait,0.82464599609375,1780981134.4009292
690,Episode_Reward/gait,0.8239890336990356,1780981169.2779193
696,Episode_Reward/gait,0.8225754499435425,1780981204.5417633
702,Episode_Reward/gait,0.821812093257904,1780981239.294167
708,Episode_Reward/gait,0.8212511539459229,1780981273.9946544
714,Episode_Reward/gait,0.820300281047821,1780981309.0259411
720,Episode_Reward/gait,0.8193913698196411,1780981342.9465322
726,Episode_Reward/gait,0.8184645175933838,1780981375.4958668
732,Episode_Reward/gait,0.8177632689476013,1780981409.046344
738,Episode_Reward/gait,0.817032516002655,1780981445.403195
744,Episode_Reward/gait,0.8159665465354919,1780981481.5152729
750,Episode_Reward/gait,0.8154586553573608,1780981516.4015245
756,Episode_Reward/gait,0.8144897222518921,1780981550.5983076
762,Episode_Reward/gait,0.8136205673217773,1780981586.7185888
768,Episode_Reward/gait,0.8128983378410339,1780981621.824935
774,Episode_Reward/gait,0.8120017051696777,1780981655.827756
780,Episode_Reward/gait,0.8117337226867676,1780981690.796043
786,Episode_Reward/gait,0.8106163740158081,1780981726.7525148
792,Episode_Reward/gait,0.8104308843612671,1780981763.1558077
798,Episode_Reward/gait,0.8096623420715332,1780981799.5833287
804,Episode_Reward/gait,0.8087220191955566,1780981835.139108
810,Episode_Reward/gait,0.8082799315452576,1780981870.5940113
816,Episode_Reward/gait,0.8074967265129089,1780981905.332424
822,Episode_Reward/gait,0.8070120811462402,1780981938.055885
828,Episode_Reward/gait,0.8067435622215271,1780981972.1035082
834,Episode_Reward/gait,0.8067175149917603,1780982007.4291255
840,Episode_Reward/gait,0.8048423528671265,1780982043.0739758
846,Episode_Reward/gait,0.8019821047782898,1780982076.033717
852,Episode_Reward/gait,0.8059828281402588,1780982110.8732002
858,Episode_Reward/gait,0.8062891960144043,1780982145.6592412
864,Episode_Reward/gait,0.8056600093841553,1780982181.0810678
870,Episode_Reward/gait,0.8056418299674988,1780982216.0395267
876,Episode_Reward/gait,0.805329442024231,1780982251.6955502
882,Episode_Reward/gait,0.8051848411560059,1780982285.0336137
888,Episode_Reward/gait,0.8048219680786133,1780982320.3337119
894,Episode_Reward/gait,0.8041938543319702,1780982353.7903783
900,Episode_Reward/gait,0.8042507171630859,1780982389.8244882
906,Episode_Reward/gait,0.8039045333862305,1780982422.3285007
912,Episode_Reward/gait,0.8035941123962402,1780982456.124928
918,Episode_Reward/gait,0.8022136688232422,1780982491.8470023
924,Episode_Reward/gait,0.8029429912567139,1780982528.2206504
930,Episode_Reward/gait,0.8028349876403809,1780982564.064215
936,Episode_Reward/gait,0.8027534484863281,1780982599.4776022
942,Episode_Reward/gait,0.802739143371582,1780982635.9886162
948,Episode_Reward/gait,0.8030052185058594,1780982671.4316318
954,Episode_Reward/gait,0.8023000955581665,1780982705.4352543
960,Episode_Reward/gait,0.8024494051933289,1780982738.8680985
966,Episode_Reward/gait,0.8024474382400513,1780982770.0576553
972,Episode_Reward/gait,0.8021659851074219,1780982801.7832
978,Episode_Reward/gait,0.8018028140068054,1780982833.8841805
984,Episode_Reward/gait,0.8016376495361328,1780982865.1965444
990,Episode_Reward/gait,0.8010064959526062,1780982896.8780675
996,Episode_Reward/gait,0.8002728223800659,1780982929.0801816
1002,Episode_Reward/gait,0.7996737360954285,1780982964.2542744
1008,Episode_Reward/gait,0.7989535331726074,1780982997.8639398
1014,Episode_Reward/gait,0.7989899516105652,1780983031.6977093
1020,Episode_Reward/gait,0.7981459498405457,1780983066.3763173
1026,Episode_Reward/gait,0.7983393669128418,1780983098.7562158
1032,Episode_Reward/gait,0.79780113697052,1780983130.9780338
1038,Episode_Reward/gait,0.797562301158905,1780983163.8862538
1044,Episode_Reward/gait,0.7973434329032898,1780983199.6558945
1050,Episode_Reward/gait,0.7966691851615906,1780983233.335758
1056,Episode_Reward/gait,0.7962301969528198,1780983266.084968
1062,Episode_Reward/gait,0.7960250377655029,1780983301.2679193
1068,Episode_Reward/gait,0.7961089015007019,1780983336.8433444
1074,Episode_Reward/gait,0.7953479290008545,1780983372.231326
1080,Episode_Reward/gait,0.7950681447982788,1780983407.6220922
1086,Episode_Reward/gait,0.7948731184005737,1780983442.2344396
1092,Episode_Reward/gait,0.7947649955749512,1780983476.6761236
1098,Episode_Reward/gait,0.7950290441513062,1780983512.5612586
1104,Episode_Reward/gait,0.7946473956108093,1780983548.1151817
1110,Episode_Reward/gait,0.7940537929534912,1780983582.407319
1116,Episode_Reward/gait,0.7937883138656616,1780983616.4552453
1122,Episode_Reward/gait,0.7931925654411316,1780983648.838515
1128,Episode_Reward/gait,0.7927509546279907,1780983681.771876
1134,Episode_Reward/gait,0.7924696803092957,1780983716.4650407
1140,Episode_Reward/gait,0.7925388216972351,1780983749.973153
1146,Episode_Reward/gait,0.7922095656394958,1780983782.5913363
1152,Episode_Reward/gait,0.7921339273452759,1780983816.3676116
1158,Episode_Reward/gait,0.792153537273407,1780983852.0822616
1164,Episode_Reward/gait,0.7921242713928223,1780983887.023597
1170,Episode_Reward/gait,0.7906724214553833,1780983921.710042
1176,Episode_Reward/gait,0.7909430265426636,1780983956.7983499
1182,Episode_Reward/gait,0.7909178733825684,1780983991.9992335
1188,Episode_Reward/gait,0.79034423828125,1780984027.2421384
1194,Episode_Reward/gait,0.7903048992156982,1780984062.4223723
1200,Episode_Reward/gait,0.7906993627548218,1780984095.5679865
1206,Episode_Reward/gait,0.790036141872406,1780984130.3348713
1212,Episode_Reward/gait,0.7904796600341797,1780984164.4605076
1218,Episode_Reward/gait,0.790529727935791,1780984196.946546
1224,Episode_Reward/gait,0.7871847152709961,1780984230.6392703
1230,Episode_Reward/gait,0.7879930734634399,1780984263.3259845
1236,Episode_Reward/gait,0.7915574908256531,1780984297.8031657
1242,Episode_Reward/gait,0.7912392020225525,1780984328.962444
1248,Episode_Reward/gait,0.7916207313537598,1780984360.5093746
1254,Episode_Reward/gait,0.7920283079147339,1780984393.3270226
1260,Episode_Reward/gait,0.7924624681472778,1780984427.1707075
1266,Episode_Reward/gait,0.7925641536712646,1780984461.165484
1272,Episode_Reward/gait,0.7923075556755066,1780984494.904462
1278,Episode_Reward/gait,0.7929878234863281,1780984528.6220686
1284,Episode_Reward/gait,0.7923163175582886,1780984563.5884292
1290,Episode_Reward/gait,0.7916196584701538,1780984598.9637227
1296,Episode_Reward/gait,0.7923039197921753,1780984633.47672
1302,Episode_Reward/gait,0.7925270795822144,1780984666.2531142
1308,Episode_Reward/gait,0.7905837893486023,1780984701.9092903
1314,Episode_Reward/gait,0.7923287153244019,1780984737.060194
1320,Episode_Reward/gait,0.7922613620758057,1780984772.032803
1326,Episode_Reward/gait,0.7901959419250488,1780984807.7955084
1332,Episode_Reward/gait,0.7917408347129822,1780984843.0688982
1338,Episode_Reward/gait,0.7904962301254272,1780984877.899932
1344,Episode_Reward/gait,0.791503369808197,1780984913.0899644
1350,Episode_Reward/gait,0.7913306951522827,1780984946.9405842
1356,Episode_Reward/gait,0.7911628484725952,1780984980.9518795
1362,Episode_Reward/gait,0.7914377450942993,1780985015.8541627
1368,Episode_Reward/gait,0.7914746999740601,1780985051.3418012
1374,Episode_Reward/gait,0.7908846735954285,1780985084.0760565
1380,Episode_Reward/gait,0.7907766103744507,1780985116.5543544
1386,Episode_Reward/gait,0.7886142730712891,1780985150.253565
1392,Episode_Reward/gait,0.7896485328674316,1780985184.4229991
1398,Episode_Reward/gait,0.7898812294006348,1780985219.373472
1404,Episode_Reward/gait,0.7828759551048279,1780985252.6105902
1410,Episode_Reward/gait,0.7891561985015869,1780985287.2413514
1416,Episode_Reward/gait,0.7889875769615173,1780985320.64219
1422,Episode_Reward/gait,0.7891591787338257,1780985354.9889767
1428,Episode_Reward/gait,0.7896353602409363,1780985389.9696083
1434,Episode_Reward/gait,0.7898577451705933,1780985425.7330213
1440,Episode_Reward/gait,0.7906302213668823,1780985461.1370935
1446,Episode_Reward/gait,0.790270984172821,1780985495.6872158
1452,Episode_Reward/gait,0.790442168712616,1780985531.4755352
1458,Episode_Reward/gait,0.7907145023345947,1780985567.0845923
1464,Episode_Reward/gait,0.7907918691635132,1780985603.0755033
1470,Episode_Reward/gait,0.7889007329940796,1780985638.8406553
1476,Episode_Reward/gait,0.7912992835044861,1780985673.986168
1482,Episode_Reward/gait,0.7910345792770386,1780985707.054415
1488,Episode_Reward/gait,0.7911960482597351,1780985741.935047
1494,Episode_Reward/gait,0.7911273241043091,1780985777.006497
1500,Episode_Reward/gait,0.7918838262557983,1780985811.9971275
1506,Episode_Reward/gait,0.7922931909561157,1780985846.9218905
1512,Episode_Reward/gait,0.7922730445861816,1780985880.2341952
1518,Episode_Reward/gait,0.7903527021408081,1780985914.9654815
1524,Episode_Reward/gait,0.7925462126731873,1780985950.0988035
1530,Episode_Reward/gait,0.7928133010864258,1780985984.0150578
1536,Episode_Reward/gait,0.790503978729248,1780986019.2481265
1542,Episode_Reward/gait,0.7928895354270935,1780986053.30084
1548,Episode_Reward/gait,0.7931712865829468,1780986089.2560315
1554,Episode_Reward/gait,0.7942348718643188,1780986124.5571222
1560,Episode_Reward/gait,0.794209897518158,1780986159.8503225
1566,Episode_Reward/gait,0.7913583517074585,1780986194.7899396
1572,Episode_Reward/gait,0.7949889898300171,1780986230.6705644
1578,Episode_Reward/gait,0.7930400371551514,1780986265.3564641
1584,Episode_Reward/gait,0.796073853969574,1780986298.1692424
1590,Episode_Reward/gait,0.7963417768478394,1780986330.4957955
1596,Episode_Reward/gait,0.7967042326927185,1780986364.0094867
1602,Episode_Reward/gait,0.7971576452255249,1780986396.5107188
1608,Episode_Reward/gait,0.7974333167076111,1780986428.069903
1614,Episode_Reward/gait,0.7976497411727905,1780986459.9396365
1620,Episode_Reward/gait,0.7975618243217468,1780986492.0137396
1626,Episode_Reward/gait,0.7982412576675415,1780986524.9547238
1632,Episode_Reward/gait,0.7985589504241943,1780986559.8623614
1638,Episode_Reward/gait,0.7986726760864258,1780986595.3035622
1644,Episode_Reward/gait,0.7991613149642944,1780986629.5099251
1650,Episode_Reward/gait,0.7997176647186279,1780986665.193536
1656,Episode_Reward/gait,0.7999305129051208,1780986700.8689137
1662,Episode_Reward/gait,0.8002163767814636,1780986735.6175296
1668,Episode_Reward/gait,0.8000878691673279,1780986769.524227
1674,Episode_Reward/gait,0.8012868165969849,1780986804.4640782
1680,Episode_Reward/gait,0.801775336265564,1780986839.631419
1686,Episode_Reward/gait,0.8020615577697754,1780986874.959416
1692,Episode_Reward/gait,0.8025925159454346,1780986909.1948583
1698,Episode_Reward/gait,0.8009941577911377,1780986942.8954535
1704,Episode_Reward/gait,0.80361008644104,1780986977.487551
1710,Episode_Reward/gait,0.8038627505302429,1780987013.074528
1716,Episode_Reward/gait,0.8043498992919922,1780987045.668683
1722,Episode_Reward/gait,0.8034467697143555,1780987078.5316746
1728,Episode_Reward/gait,0.8027116656303406,1780987112.993184
1734,Episode_Reward/gait,0.8051440119743347,1780987148.4571807
1740,Episode_Reward/gait,0.8058047294616699,1780987183.3338375
1746,Episode_Reward/gait,0.806287944316864,1780987216.506721
1752,Episode_Reward/gait,0.8067476749420166,1780987251.8630257
1758,Episode_Reward/gait,0.8072118759155273,1780987284.6077085
1764,Episode_Reward/gait,0.8075255155563354,1780987319.6171563
1770,Episode_Reward/gait,0.805405855178833,1780987353.531204
1776,Episode_Reward/gait,0.8092869520187378,1780987388.9855728
1782,Episode_Reward/gait,0.8096815943717957,1780987422.4230504
1788,Episode_Reward/gait,0.8091872930526733,1780987457.3239243
1794,Episode_Reward/gait,0.8102656602859497,1780987492.8539448
1800,Episode_Reward/gait,0.8106333613395691,1780987527.9599357
1806,Episode_Reward/gait,0.8093562126159668,1780987563.6247938
1812,Episode_Reward/gait,0.8108436465263367,1780987599.1200745
1818,Episode_Reward/gait,0.8112931251525879,1780987633.6637254
1824,Episode_Reward/gait,0.811186671257019,1780987667.2662153
1830,Episode_Reward/gait,0.8116995692253113,1780987702.4233885
1836,Episode_Reward/gait,0.8120688199996948,1780987737.8463383
1842,Episode_Reward/gait,0.8125351667404175,1780987772.9513342
1848,Episode_Reward/gait,0.8126773834228516,1780987807.9049697
1854,Episode_Reward/gait,0.8135228157043457,1780987843.2587543
1860,Episode_Reward/gait,0.8108446002006531,1780987875.6799407
1866,Episode_Reward/gait,0.8142588138580322,1780987907.7902546
1872,Episode_Reward/gait,0.8140873908996582,1780987941.6929061
1878,Episode_Reward/gait,0.8140805959701538,1780987975.5534475
1884,Episode_Reward/gait,0.8148870468139648,1780988010.1461535
1890,Episode_Reward/gait,0.8150914907455444,1780988045.0999444
1896,Episode_Reward/gait,0.8154333829879761,1780988079.734893
1902,Episode_Reward/gait,0.8158535957336426,1780988114.7462573
1908,Episode_Reward/gait,0.8161042928695679,1780988148.8664742
1914,Episode_Reward/gait,0.8164811134338379,1780988181.238147
1920,Episode_Reward/gait,0.8168396949768066,1780988213.9389722
1926,Episode_Reward/gait,0.817356526851654,1780988245.7748184
1932,Episode_Reward/gait,0.8179172277450562,1780988279.693928
1938,Episode_Reward/gait,0.8184368014335632,1780988314.564504
1944,Episode_Reward/gait,0.8187669515609741,1780988347.3043234
1950,Episode_Reward/gait,0.8193761706352234,1780988378.6474283
1956,Episode_Reward/gait,0.8196316957473755,1780988411.9377685
1962,Episode_Reward/gait,0.8202663660049438,1780988447.0704045
1968,Episode_Reward/gait,0.8203791379928589,1780988480.9023263
1974,Episode_Reward/gait,0.8207265734672546,1780988515.798239
1980,Episode_Reward/gait,0.8161462545394897,1780988550.4177268
1986,Episode_Reward/gait,0.8210195302963257,1780988583.9792516
1992,Episode_Reward/gait,0.8210198879241943,1780988618.4515364
1998,Episode_Reward/gait,0.8214255571365356,1780988651.882684
2004,Episode_Reward/gait,0.821626603603363,1780988684.160046
2010,Episode_Reward/gait,0.8219200968742371,1780988717.3130305
2016,Episode_Reward/gait,0.8204898238182068,1780988750.0135603
2022,Episode_Reward/gait,0.8226569890975952,1780988783.2560678
2028,Episode_Reward/gait,0.8232378959655762,1780988815.029376
2034,Episode_Reward/gait,0.8236676454544067,1780988847.0501351
2040,Episode_Reward/gait,0.8239825963973999,1780988880.4444003
2046,Episode_Reward/gait,0.824476420879364,1780988915.4183958
2052,Episode_Reward/gait,0.8246058821678162,1780988950.255508
2058,Episode_Reward/gait,0.824859619140625,1780988984.4985468
2064,Episode_Reward/gait,0.8247501254081726,1780989014.667978
2070,Episode_Reward/gait,0.824639081954956,1780989047.9833481
2076,Episode_Reward/gait,0.8245490789413452,1780989080.3906596
2082,Episode_Reward/gait,0.8245083093643188,1780989111.9865205
2088,Episode_Reward/gait,0.8243175745010376,1780989145.7155383
2094,Episode_Reward/gait,0.8241941928863525,1780989180.997867
2100,Episode_Reward/gait,0.8207861185073853,1780989215.9075267
2106,Episode_Reward/gait,0.8239133358001709,1780989249.776681
2112,Episode_Reward/gait,0.8242098689079285,1780989284.6506066
2118,Episode_Reward/gait,0.8242806792259216,1780989319.4826105
2124,Episode_Reward/gait,0.824387788772583,1780989354.4455972
2130,Episode_Reward/gait,0.8247151374816895,1780989389.8915098
2136,Episode_Reward/gait,0.8249205946922302,1780989425.5959675
2142,Episode_Reward/gait,0.8235542178153992,1780989461.1911826
2148,Episode_Reward/gait,0.8251724243164062,1780989496.3861496
2154,Episode_Reward/gait,0.8255288600921631,1780989531.5736144
2160,Episode_Reward/gait,0.8258711695671082,1780989566.8029494
2166,Episode_Reward/gait,0.8263737559318542,1780989601.7392128
2172,Episode_Reward/gait,0.82658451795578,1780989636.0232594
2178,Episode_Reward/gait,0.827000617980957,1780989670.7868848
2184,Episode_Reward/gait,0.8272243738174438,1780989704.0804455
2190,Episode_Reward/gait,0.8277110457420349,1780989737.681359
2196,Episode_Reward/gait,0.825035035610199,1780989773.9870067
2202,Episode_Reward/gait,0.8282970190048218,1780989809.0722551
2208,Episode_Reward/gait,0.828441321849823,1780989842.8595135
2214,Episode_Reward/gait,0.8287266492843628,1780989876.0955033
2220,Episode_Reward/gait,0.8289279341697693,1780989910.9992719
2226,Episode_Reward/gait,0.8288959264755249,1780989946.1942298
2232,Episode_Reward/gait,0.8289605975151062,1780989981.5667417
2238,Episode_Reward/gait,0.8293067812919617,1780990017.2657874
2244,Episode_Reward/gait,0.8296607732772827,1780990050.0884764
2250,Episode_Reward/gait,0.8295418620109558,1780990081.831947
2256,Episode_Reward/gait,0.8297864198684692,1780990113.6770725
2262,Episode_Reward/gait,0.8300321102142334,1780990145.2624328
2268,Episode_Reward/gait,0.8301672339439392,1780990179.6952934
2274,Episode_Reward/gait,0.8303002715110779,1780990214.006667
2280,Episode_Reward/gait,0.830608069896698,1780990248.6591494
2286,Episode_Reward/gait,0.8308234214782715,1780990283.0505219
2292,Episode_Reward/gait,0.8300193548202515,1780990316.5445476
2298,Episode_Reward/gait,0.830727756023407,1780990349.5053189
2304,Episode_Reward/gait,0.8305930495262146,1780990382.029586
2310,Episode_Reward/gait,0.8304259181022644,1780990415.735816
2316,Episode_Reward/gait,0.8305187225341797,1780990450.559484
2322,Episode_Reward/gait,0.8303680419921875,1780990484.7561781
2328,Episode_Reward/gait,0.8305940628051758,1780990518.4788947
2334,Episode_Reward/gait,0.8306698203086853,1780990553.3263128
2340,Episode_Reward/gait,0.8306743502616882,1780990587.6951778
2346,Episode_Reward/gait,0.8306900858879089,1780990619.1611722
2352,Episode_Reward/gait,0.8305374979972839,1780990651.9607975
2358,Episode_Reward/gait,0.8306862711906433,1780990684.7531428
2364,Episode_Reward/gait,0.8306165933609009,1780990717.2593372
2370,Episode_Reward/gait,0.8305672407150269,1780990749.7318745
2376,Episode_Reward/gait,0.8304953575134277,1780990784.8007293
2382,Episode_Reward/gait,0.8304402232170105,1780990819.7361765
2388,Episode_Reward/gait,0.830577552318573,1780990851.7427275
2394,Episode_Reward/gait,0.8304916620254517,1780990884.376582
2400,Episode_Reward/gait,0.8306509852409363,1780990919.8824599
2406,Episode_Reward/gait,0.830631673336029,1780990955.2710853
2412,Episode_Reward/gait,0.8308774828910828,1780990988.2349741
2418,Episode_Reward/gait,0.8310438990592957,1780991019.4236047
2424,Episode_Reward/gait,0.8311154842376709,1780991051.3795023
2430,Episode_Reward/gait,0.8310405611991882,1780991085.2864704
2436,Episode_Reward/gait,0.8309088945388794,1780991117.2721949
2442,Episode_Reward/gait,0.8307878375053406,1780991150.6628222
2448,Episode_Reward/gait,0.8310474157333374,1780991185.386201
2454,Episode_Reward/gait,0.8310726881027222,1780991220.683741
2460,Episode_Reward/gait,0.8311771154403687,1780991255.5833137
2466,Episode_Reward/gait,0.831394612789154,1780991291.2514427
2472,Episode_Reward/gait,0.8315891027450562,1780991327.1601093
2478,Episode_Reward/gait,0.8320578336715698,1780991363.036293
2484,Episode_Reward/gait,0.8319559097290039,1780991399.0947337
2490,Episode_Reward/gait,0.8320688009262085,1780991434.0113163
2496,Episode_Reward/gait,0.8322319388389587,1780991469.0044456
2502,Episode_Reward/gait,0.8323384523391724,1780991503.1219487
2508,Episode_Reward/gait,0.8311265707015991,1780991537.834813
2514,Episode_Reward/gait,0.8322306871414185,1780991573.8260338
2520,Episode_Reward/gait,0.8322619199752808,1780991609.9101322
2526,Episode_Reward/gait,0.8321396112442017,1780991643.0937092
2532,Episode_Reward/gait,0.8320964574813843,1780991678.3386354
2538,Episode_Reward/gait,0.8321317434310913,1780991710.3041768
2544,Episode_Reward/gait,0.8321181535720825,1780991743.061023
2550,Episode_Reward/gait,0.8322781324386597,1780991779.1177807
2556,Episode_Reward/gait,0.8323019742965698,1780991813.980035
2562,Episode_Reward/gait,0.8324943780899048,1780991848.7769225
2568,Episode_Reward/gait,0.8327351808547974,1780991883.5729983
2574,Episode_Reward/gait,0.8329901099205017,1780991918.77416
2580,Episode_Reward/gait,0.833480954170227,1780991953.90024
2586,Episode_Reward/gait,0.8338077068328857,1780991989.190326
2592,Episode_Reward/gait,0.8341395258903503,1780992024.1652927
2598,Episode_Reward/gait,0.8331652879714966,1780992058.8706431
2604,Episode_Reward/gait,0.8350391387939453,1780992091.387574
2610,Episode_Reward/gait,0.8301167488098145,1780992125.5674534
2616,Episode_Reward/gait,0.8359946608543396,1780992160.191844
2622,Episode_Reward/gait,0.836094319820404,1780992192.8330526
2628,Episode_Reward/gait,0.8363226652145386,1780992224.214793
2634,Episode_Reward/gait,0.8356738090515137,1780992255.7849293
2640,Episode_Reward/gait,0.8368414640426636,1780992289.220486
2646,Episode_Reward/gait,0.836665153503418,1780992321.1483152
2652,Episode_Reward/gait,0.8345755934715271,1780992354.3946793
2658,Episode_Reward/gait,0.8367559313774109,1780992389.589962
2664,Episode_Reward/gait,0.8369646072387695,1780992424.7986581
2670,Episode_Reward/gait,0.8372234106063843,1780992460.4046144
2676,Episode_Reward/gait,0.8373898267745972,1780992494.4833193
2682,Episode_Reward/gait,0.8377100229263306,1780992527.5421755
2688,Episode_Reward/gait,0.8348512649536133,1780992562.81674
2694,Episode_Reward/gait,0.8379586935043335,1780992596.43377
2700,Episode_Reward/gait,0.8384162783622742,1780992631.264402
2706,Episode_Reward/gait,0.8385604619979858,1780992666.7760398
2712,Episode_Reward/gait,0.8386143445968628,1780992704.3435001
2718,Episode_Reward/gait,0.8387357592582703,1780993023.5072613
2724,Episode_Reward/gait,0.8388116359710693,1780993058.345841
2730,Episode_Reward/gait,0.8387470245361328,1780993092.9499567
2736,Episode_Reward/gait,0.8390053510665894,1780993127.2633965
2742,Episode_Reward/gait,0.8388237357139587,1780993161.3542945
2748,Episode_Reward/gait,0.8387898802757263,1780993195.6152039
2754,Episode_Reward/gait,0.838617205619812,1780993230.1613452
2760,Episode_Reward/gait,0.8384692668914795,1780993264.6263368
2766,Episode_Reward/gait,0.8381972312927246,1780993299.1747634
2772,Episode_Reward/gait,0.837945818901062,1780993333.4930034
2778,Episode_Reward/gait,0.8377203941345215,1780993367.3204007
2784,Episode_Reward/gait,0.8379976153373718,1780993401.6230977
2790,Episode_Reward/gait,0.8381502032279968,1780993435.9338884
2796,Episode_Reward/gait,0.8375932574272156,1780993470.3660653
2802,Episode_Reward/gait,0.8386622667312622,1780993503.5416486
2808,Episode_Reward/gait,0.838973879814148,1780993537.5028791
2814,Episode_Reward/gait,0.8395435810089111,1780993571.008555
2820,Episode_Reward/gait,0.8396711349487305,1780993605.2593348
2826,Episode_Reward/gait,0.8403714895248413,1780993639.54449
2832,Episode_Reward/gait,0.8406931757926941,1780993751.3116887
2838,Episode_Reward/gait,0.8409477472305298,1780993785.4060743
2844,Episode_Reward/gait,0.8412787914276123,1780993819.314646
2850,Episode_Reward/gait,0.841338574886322,1780993853.2704558
2856,Episode_Reward/gait,0.841415286064148,1780993887.5422199
2862,Episode_Reward/gait,0.8413742780685425,1780993916.8443215
2868,Episode_Reward/gait,0.8416082262992859,1780993946.0278485
2874,Episode_Reward/gait,0.8416137099266052,1780993975.2045712
2880,Episode_Reward/gait,0.8417142629623413,1780994004.5841935
2886,Episode_Reward/gait,0.8416004180908203,1780994033.825563
2892,Episode_Reward/gait,0.8415802717208862,1780994063.216354
2898,Episode_Reward/gait,0.841789186000824,1780994092.5045547
2904,Episode_Reward/gait,0.8419191241264343,1780994121.6452477
2910,Episode_Reward/gait,0.8421277403831482,1780994150.9288654
2916,Episode_Reward/gait,0.8422406911849976,1780994180.393637
2922,Episode_Reward/gait,0.8417590856552124,1780994210.3758984
2928,Episode_Reward/gait,0.8422203063964844,1780994240.2358978
2934,Episode_Reward/gait,0.8419421911239624,1780994269.775914
2940,Episode_Reward/gait,0.8419896960258484,1780994299.1360118
2946,Episode_Reward/gait,0.8414033651351929,1780994328.5767455
2952,Episode_Reward/gait,0.8414838314056396,1780994357.905547
2958,Episode_Reward/gait,0.8415306806564331,1780994387.440382
2964,Episode_Reward/gait,0.8417434096336365,1780994417.3549452
2970,Episode_Reward/gait,0.8420439958572388,1780994447.0974665
2976,Episode_Reward/gait,0.8422983884811401,1780994476.440963
2982,Episode_Reward/gait,0.842660129070282,1780994506.2826831
2988,Episode_Reward/gait,0.8429864645004272,1780994535.685345
2994,Episode_Reward/gait,0.8433696627616882,1780994565.0242858
3000,Episode_Reward/gait,0.8434941172599792,1780994594.7287257
3006,Episode_Reward/gait,0.8436402082443237,1780994624.5217776
3012,Episode_Reward/gait,0.843779444694519,1780994653.706563
3018,Episode_Reward/gait,0.8437379598617554,1780994683.1200755
3024,Episode_Reward/gait,0.8439202308654785,1780994712.4885685
3030,Episode_Reward/gait,0.8408821821212769,1780994741.737064
3036,Episode_Reward/gait,0.8437589406967163,1780994771.2844157
3042,Episode_Reward/gait,0.8435618281364441,1780994800.7957418
3048,Episode_Reward/gait,0.8436821699142456,1780994830.2775478
3054,Episode_Reward/gait,0.8435420989990234,1780994859.9605134
3060,Episode_Reward/gait,0.8435871005058289,1780994889.9905124
3066,Episode_Reward/gait,0.8435682058334351,1780994919.3814247
3072,Episode_Reward/gait,0.8432325124740601,1780994948.9526758
3078,Episode_Reward/gait,0.8434831500053406,1780994978.8883204
3084,Episode_Reward/gait,0.843640923500061,1780995008.8679593
3090,Episode_Reward/gait,0.8437724113464355,1780995038.7399015
3096,Episode_Reward/gait,0.8438754081726074,1780995068.5786192
3102,Episode_Reward/gait,0.8440487384796143,1780995097.8506868
3108,Episode_Reward/gait,0.8443007469177246,1780995127.1404896
3114,Episode_Reward/gait,0.8445641398429871,1780995156.2234843
3120,Episode_Reward/gait,0.8444329500198364,1780995185.26383
3126,Episode_Reward/gait,0.8451260924339294,1780995214.5077271
3132,Episode_Reward/gait,0.8446742296218872,1780995243.9676044
3138,Episode_Reward/gait,0.8452851176261902,1780995273.3021333
3144,Episode_Reward/gait,0.8450942039489746,1780995302.830418
3150,Episode_Reward/gait,0.8452197313308716,1780995332.3753176
3156,Episode_Reward/gait,0.8451260328292847,1780995361.78545
3162,Episode_Reward/gait,0.8452958464622498,1780995390.7658849
3168,Episode_Reward/gait,0.8454033136367798,1780995420.057119
3174,Episode_Reward/gait,0.8446165919303894,1780995449.6916456
3180,Episode_Reward/gait,0.8447410464286804,1780995479.1979682
3186,Episode_Reward/gait,0.8460347056388855,1780995508.7402055
3192,Episode_Reward/gait,0.8461236953735352,1780995538.0639386
3198,Episode_Reward/gait,0.8445908427238464,1780995567.594626
3204,Episode_Reward/gait,0.8461289405822754,1780995596.5944421
3210,Episode_Reward/gait,0.8464304804801941,1780995626.8282967
3216,Episode_Reward/gait,0.8466519117355347,1780995656.310731
3222,Episode_Reward/gait,0.8468748331069946,1780995686.2206182
3228,Episode_Reward/gait,0.847307562828064,1780995715.3227596
3234,Episode_Reward/gait,0.8473902940750122,1780995744.6478443
3240,Episode_Reward/gait,0.8425678014755249,1780995774.1672037
3246,Episode_Reward/gait,0.8479692339897156,1780995803.519348
3252,Episode_Reward/gait,0.8480386734008789,1780995832.8822744
3258,Episode_Reward/gait,0.8481767177581787,1780995862.0839164
3264,Episode_Reward/gait,0.8482648730278015,1780995891.0835438
3270,Episode_Reward/gait,0.8482126593589783,1780995920.4787931
3276,Episode_Reward/gait,0.8446049690246582,1780995950.6522043
3282,Episode_Reward/gait,0.8482276797294617,1780995980.4550982
3288,Episode_Reward/gait,0.8484411239624023,1780996010.3381748
3294,Episode_Reward/gait,0.8485442996025085,1780996040.3487809
3300,Episode_Reward/gait,0.8486604690551758,1780996070.260099
3306,Episode_Reward/gait,0.8488802909851074,1780996100.3000433
3312,Episode_Reward/gait,0.8492573499679565,1780996130.0770557
3318,Episode_Reward/gait,0.846975564956665,1780996159.7100956
3324,Episode_Reward/gait,0.8495308756828308,1780996189.669422
3330,Episode_Reward/gait,0.8493460416793823,1780996219.793513
3336,Episode_Reward/gait,0.8500461578369141,1780996249.7043226
3342,Episode_Reward/gait,0.8501600027084351,1780996279.03316
3348,Episode_Reward/gait,0.8502029180526733,1780996308.6627095
3354,Episode_Reward/gait,0.8502527475357056,1780996337.905162
3360,Episode_Reward/gait,0.850435733795166,1780996367.2104356
3366,Episode_Reward/gait,0.8459835052490234,1780996396.6279004
3372,Episode_Reward/gait,0.8502058982849121,1780996425.9419835
3378,Episode_Reward/gait,0.8500840067863464,1780996455.5826774
3384,Episode_Reward/gait,0.8500496745109558,1780996485.2709355
3390,Episode_Reward/gait,0.8499957919120789,1780996515.2670162
3396,Episode_Reward/gait,0.8499178886413574,1780996544.9236016
3402,Episode_Reward/gait,0.8499157428741455,1780996574.529923
3408,Episode_Reward/gait,0.8500881195068359,1780996603.967901
3414,Episode_Reward/gait,0.8504441976547241,1780996633.4748557
3420,Episode_Reward/gait,0.85063636302948,1780996662.7814243
3426,Episode_Reward/gait,0.8508968353271484,1780996692.7167554
3432,Episode_Reward/gait,0.8512868881225586,1780996722.2540174
3438,Episode_Reward/gait,0.8516342639923096,1780996751.2779012
3444,Episode_Reward/gait,0.8518795371055603,1780996780.2615414
3450,Episode_Reward/gait,0.8520781397819519,1780996809.5329738
3456,Episode_Reward/gait,0.8522828817367554,1780996838.8902903
3462,Episode_Reward/gait,0.8523755073547363,1780996868.3175642
3468,Episode_Reward/gait,0.8525315523147583,1780996897.6046007
3474,Episode_Reward/gait,0.8524556159973145,1780996926.757418
3480,Episode_Reward/gait,0.8522989749908447,1780996955.6603446
3486,Episode_Reward/gait,0.8523752689361572,1780996984.8643339
3492,Episode_Reward/gait,0.8522205352783203,1780997014.2175925
3498,Episode_Reward/gait,0.8521389961242676,1780997043.4078553
3504,Episode_Reward/gait,0.851961076259613,1780997073.145896
3510,Episode_Reward/gait,0.8518532514572144,1780997103.220526
3516,Episode_Reward/gait,0.8519353866577148,1780997133.2714999
3522,Episode_Reward/gait,0.851955771446228,1780997162.9833734
3528,Episode_Reward/gait,0.8521325588226318,1780997193.070694
3534,Episode_Reward/gait,0.8521145582199097,1780997223.2082403
3540,Episode_Reward/gait,0.8522507548332214,1780997253.3255634
3546,Episode_Reward/gait,0.8523818254470825,1780997282.7014277
3552,Episode_Reward/gait,0.8524302244186401,1780997311.8690832
3558,Episode_Reward/gait,0.8525411486625671,1780997341.4812331
3564,Episode_Reward/gait,0.8526084423065186,1780997371.2838733
3570,Episode_Reward/gait,0.8529314398765564,1780997401.094035
3576,Episode_Reward/gait,0.8527860641479492,1780997430.5618405
3582,Episode_Reward/gait,0.8530247211456299,1780997460.1375992
3588,Episode_Reward/gait,0.8531817197799683,1780997489.9484885
3594,Episode_Reward/gait,0.853256106376648,1780997519.299698
3600,Episode_Reward/gait,0.8531614542007446,1780997549.0114884
3606,Episode_Reward/gait,0.853258490562439,1780997578.7336214
3612,Episode_Reward/gait,0.8533825278282166,1780997608.361226
3618,Episode_Reward/gait,0.8533009886741638,1780997638.1318216
3624,Episode_Reward/gait,0.8531321287155151,1780997668.1102118
3630,Episode_Reward/gait,0.8522739410400391,1780997698.0681324
3636,Episode_Reward/gait,0.8532111048698425,1780997727.9742396
3642,Episode_Reward/gait,0.8531796932220459,1780997758.3699772
3648,Episode_Reward/gait,0.8533276915550232,1780997788.2685018
3654,Episode_Reward/gait,0.8532795906066895,1780997817.8471737
3660,Episode_Reward/gait,0.8510642051696777,1780997847.735513
3666,Episode_Reward/gait,0.8533979654312134,1780997877.6898212
3672,Episode_Reward/gait,0.8535014390945435,1780997907.2154748
3678,Episode_Reward/gait,0.8534187078475952,1780997936.722242
3684,Episode_Reward/gait,0.8537195920944214,1780997966.19119
3690,Episode_Reward/gait,0.8538891077041626,1780997996.0840282
3696,Episode_Reward/gait,0.8540425300598145,1780998025.6821802
3702,Episode_Reward/gait,0.854325532913208,1780998055.4360445
3708,Episode_Reward/gait,0.8546749949455261,1780998085.1714897
3714,Episode_Reward/gait,0.8548924326896667,1780998115.3353853
3720,Episode_Reward/gait,0.8550726771354675,1780998145.0015802
3726,Episode_Reward/gait,0.855180025100708,1780998174.3204496
3732,Episode_Reward/gait,0.8549790382385254,1780998204.1904664
3738,Episode_Reward/gait,0.854961633682251,1780998233.6943803
3744,Episode_Reward/gait,0.8549370765686035,1780998263.2878108
3750,Episode_Reward/gait,0.8550702333450317,1780998293.2117352
3756,Episode_Reward/gait,0.855156660079956,1780998323.4308114
3762,Episode_Reward/gait,0.8553546667098999,1780998353.4235122
3768,Episode_Reward/gait,0.8556252717971802,1780998383.1268365
3774,Episode_Reward/gait,0.8555765151977539,1780998412.0665007
3780,Episode_Reward/gait,0.8557907938957214,1780998440.9636004
3786,Episode_Reward/gait,0.8557944297790527,1780998470.0715144
3792,Episode_Reward/gait,0.8558881282806396,1780998499.0514026
3798,Episode_Reward/gait,0.8559154272079468,1780998527.9785078
3804,Episode_Reward/gait,0.8561476469039917,1780998556.9470613
3810,Episode_Reward/gait,0.8562244772911072,1780998585.9193532
3816,Episode_Reward/gait,0.856603741645813,1780998614.7172997
3822,Episode_Reward/gait,0.8566412925720215,1780998643.881053
3828,Episode_Reward/gait,0.8524384498596191,1780998673.0198224
3834,Episode_Reward/gait,0.8572675585746765,1780998702.143609
3840,Episode_Reward/gait,0.8574304580688477,1780998731.4351182
3846,Episode_Reward/gait,0.8574808835983276,1780998760.4814491
3852,Episode_Reward/gait,0.8573960065841675,1780998789.5566132
3858,Episode_Reward/gait,0.8574153780937195,1780998818.3979495
3864,Episode_Reward/gait,0.8572298288345337,1780998847.2661366
3870,Episode_Reward/gait,0.8572174906730652,1780998876.3892756
3876,Episode_Reward/gait,0.8571629524230957,1780998906.0913935
3882,Episode_Reward/gait,0.8571823835372925,1780998935.5429726
3888,Episode_Reward/gait,0.8571807742118835,1780998965.1462922
3894,Episode_Reward/gait,0.8571836352348328,1780998994.486733
3900,Episode_Reward/gait,0.8573040962219238,1780999023.5806246
3906,Episode_Reward/gait,0.8571305274963379,1780999052.989424
3912,Episode_Reward/gait,0.8572983741760254,1780999082.0726252
3918,Episode_Reward/gait,0.8572275042533875,1780999111.086779
3924,Episode_Reward/gait,0.8573424220085144,1780999140.2034092
3930,Episode_Reward/gait,0.8571760058403015,1780999169.4581392
3936,Episode_Reward/gait,0.8573966026306152,1780999198.7352955
3942,Episode_Reward/gait,0.8576759099960327,1780999227.9212065
3948,Episode_Reward/gait,0.8579415082931519,1780999256.791213
3954,Episode_Reward/gait,0.8580333590507507,1780999285.729724
3960,Episode_Reward/gait,0.8580937385559082,1780999314.8068807
3966,Episode_Reward/gait,0.8582519888877869,1780999343.6688607
3972,Episode_Reward/gait,0.8581990003585815,1780999372.4389575
3978,Episode_Reward/gait,0.8583922386169434,1780999401.4566967
3984,Episode_Reward/gait,0.858379602432251,1780999430.4480677
3990,Episode_Reward/gait,0.8583717346191406,1780999459.6485982
3996,Episode_Reward/gait,0.8585259318351746,1780999488.743409
4002,Episode_Reward/gait,0.8586087226867676,1780999518.1447744
4008,Episode_Reward/gait,0.8587160110473633,1780999547.4176958
4014,Episode_Reward/gait,0.8587805032730103,1780999576.4159248
4020,Episode_Reward/gait,0.8589701652526855,1780999606.0493093
4026,Episode_Reward/gait,0.8589862585067749,1780999635.627505
4032,Episode_Reward/gait,0.8590526580810547,1780999665.1066823
4038,Episode_Reward/gait,0.8586180210113525,1780999694.7471657
4044,Episode_Reward/gait,0.8590734004974365,1780999724.4138985
4050,Episode_Reward/gait,0.859096884727478,1780999752.2130196
4056,Episode_Reward/gait,0.8594197034835815,1780999777.2997377
4062,Episode_Reward/gait,0.8595990538597107,1780999802.739396
4068,Episode_Reward/gait,0.859868049621582,1780999832.0734084
4074,Episode_Reward/gait,0.8603281378746033,1780999861.606205
4080,Episode_Reward/gait,0.8605286478996277,1780999891.0378466
4086,Episode_Reward/gait,0.8608797788619995,1780999920.6016877
4092,Episode_Reward/gait,0.8611149787902832,1780999950.0038035
4098,Episode_Reward/gait,0.8614837527275085,1780999979.5449882
4104,Episode_Reward/gait,0.861588716506958,1781000008.8225257
4110,Episode_Reward/gait,0.8617010116577148,1781000038.317943
4116,Episode_Reward/gait,0.8620779514312744,1781000067.6196787
4122,Episode_Reward/gait,0.8618984222412109,1781000096.8141384
4128,Episode_Reward/gait,0.8618466258049011,1781000126.2551382
4134,Episode_Reward/gait,0.8617720007896423,1781000156.002978
4140,Episode_Reward/gait,0.8616393804550171,1781000185.5283241
4146,Episode_Reward/gait,0.861548900604248,1781000214.6946633
4152,Episode_Reward/gait,0.8612637519836426,1781000243.8044665
4158,Episode_Reward/gait,0.8612785339355469,1781000273.2173922
4164,Episode_Reward/gait,0.8611955642700195,1781000302.46652
4170,Episode_Reward/gait,0.8612553477287292,1781000332.1286817
4176,Episode_Reward/gait,0.8611760139465332,1781000361.9056804
4182,Episode_Reward/gait,0.8613184690475464,1781000391.4046721
4188,Episode_Reward/gait,0.8611828088760376,1781000420.801436
4194,Episode_Reward/gait,0.8614377975463867,1781000450.229511
4200,Episode_Reward/gait,0.8615114092826843,1781000479.7999864
4206,Episode_Reward/gait,0.8616399765014648,1781000508.9674044
4212,Episode_Reward/gait,0.8618111610412598,1781000538.2427018
4218,Episode_Reward/gait,0.8619540929794312,1781000567.4416354
4224,Episode_Reward/gait,0.8620323538780212,1781000596.5897715
4230,Episode_Reward/gait,0.8620976805686951,1781000625.7764926
4236,Episode_Reward/gait,0.8621314764022827,1781000655.4295363
4242,Episode_Reward/gait,0.8619701862335205,1781000684.817862
4248,Episode_Reward/gait,0.8621318340301514,1781000714.4590995
4254,Episode_Reward/gait,0.8621127009391785,1781000744.3809748
4260,Episode_Reward/gait,0.8619884848594666,1781000774.0229204
4266,Episode_Reward/gait,0.8618460893630981,1781000803.250061
4272,Episode_Reward/gait,0.861762523651123,1781000832.4000688
4278,Episode_Reward/gait,0.861815869808197,1781000861.760842
4284,Episode_Reward/gait,0.861376166343689,1781000891.4316053
4290,Episode_Reward/gait,0.8614975214004517,1781000921.2779212
4296,Episode_Reward/gait,0.8614990711212158,1781000951.215369
4302,Episode_Reward/gait,0.8616194128990173,1781000981.0125844
4308,Episode_Reward/gait,0.8617717027664185,1781001011.1266787
4314,Episode_Reward/gait,0.8617101907730103,1781001040.709085
4320,Episode_Reward/gait,0.8617628812789917,1781001070.5306232
4326,Episode_Reward/gait,0.861863374710083,1781001100.3940809
4332,Episode_Reward/gait,0.8618837594985962,1781001130.0696862
4338,Episode_Reward/gait,0.8619748950004578,1781001159.6029043
4344,Episode_Reward/gait,0.8619572520256042,1781001188.9790819
4350,Episode_Reward/gait,0.8618340492248535,1781001218.6191761
4356,Episode_Reward/gait,0.8621360063552856,1781001248.5349872
4362,Episode_Reward/gait,0.862179696559906,1781001278.131159
4368,Episode_Reward/gait,0.8621761202812195,1781001308.0047448
4374,Episode_Reward/gait,0.8622252941131592,1781001337.9035745
4380,Episode_Reward/gait,0.8622994422912598,1781001367.7289593
4386,Episode_Reward/gait,0.8623149394989014,1781001397.3666139
4392,Episode_Reward/gait,0.8622967004776001,1781001426.5956926
4398,Episode_Reward/gait,0.8622636795043945,1781001456.5901752
4404,Episode_Reward/gait,0.8621846437454224,1781001486.5926716
4410,Episode_Reward/gait,0.8620128631591797,1781001516.0656118
4416,Episode_Reward/gait,0.8620702624320984,1781001545.7186806
4422,Episode_Reward/gait,0.8620008230209351,1781001575.7994642
4428,Episode_Reward/gait,0.8619617223739624,1781001605.7052624
4434,Episode_Reward/gait,0.8618590235710144,1781001635.0723717
4440,Episode_Reward/gait,0.8617819547653198,1781001664.7443967
4446,Episode_Reward/gait,0.8615247011184692,1781001694.2880106
4452,Episode_Reward/gait,0.8613792657852173,1781001723.9395676
4458,Episode_Reward/gait,0.8614058494567871,1781001753.9305353
4464,Episode_Reward/gait,0.8613647222518921,1781001783.7336702
4470,Episode_Reward/gait,0.8614581823348999,1781001813.3747115
4476,Episode_Reward/gait,0.8614384531974792,1781001843.4451833
4482,Episode_Reward/gait,0.8615926504135132,1781001873.1747057
4488,Episode_Reward/gait,0.8616423606872559,1781001902.945853
4494,Episode_Reward/gait,0.8616626262664795,1781001932.1820605
4500,Episode_Reward/gait,0.8617209792137146,1781001961.7314482
4506,Episode_Reward/gait,0.8616503477096558,1781001991.3093753
4512,Episode_Reward/gait,0.8615344762802124,1781002020.9427257
4518,Episode_Reward/gait,0.8615264892578125,1781002050.6463814
4524,Episode_Reward/gait,0.8616461753845215,1781002080.4062598
4530,Episode_Reward/gait,0.8618717193603516,1781002110.258028
4536,Episode_Reward/gait,0.8616477847099304,1781002140.0617247
4542,Episode_Reward/gait,0.8619194030761719,1781002169.8820364
4548,Episode_Reward/gait,0.8619561195373535,1781002199.4445286
4554,Episode_Reward/gait,0.8603072166442871,1781002229.2099147
4560,Episode_Reward/gait,0.86229008436203,1781002258.9429264
4566,Episode_Reward/gait,0.862034022808075,1781002288.4400587
4572,Episode_Reward/gait,0.8624469041824341,1781002317.987245
4578,Episode_Reward/gait,0.8621832728385925,1781002347.8432634
4584,Episode_Reward/gait,0.8621869087219238,1781002377.8208113
4590,Episode_Reward/gait,0.862083911895752,1781002407.7606742
4596,Episode_Reward/gait,0.8619710206985474,1781002437.533341
4602,Episode_Reward/gait,0.8618804812431335,1781002467.2651262
4608,Episode_Reward/gait,0.8616964221000671,1781002497.2125604
4614,Episode_Reward/gait,0.8617615103721619,1781002526.9093118
4620,Episode_Reward/gait,0.8620337247848511,1781002556.6943564
4626,Episode_Reward/gait,0.8621866106987,1781002585.8773172
4632,Episode_Reward/gait,0.8623275756835938,1781002615.494897
4638,Episode_Reward/gait,0.8626466989517212,1781002645.3675425
4644,Episode_Reward/gait,0.8627904653549194,1781002675.0544555
4650,Episode_Reward/gait,0.8628685474395752,1781002704.6113193
4656,Episode_Reward/gait,0.857075572013855,1781002734.5623147
4662,Episode_Reward/gait,0.8629609942436218,1781002764.540523
4668,Episode_Reward/gait,0.8629257082939148,1781002794.7952247
4674,Episode_Reward/gait,0.8630123138427734,1781002824.9957547
4680,Episode_Reward/gait,0.8630462884902954,1781002854.9499102
4686,Episode_Reward/gait,0.8628866076469421,1781002884.5978959
4692,Episode_Reward/gait,0.8627690076828003,1781002914.1868079
4698,Episode_Reward/gait,0.8628713488578796,1781002943.9050703
4704,Episode_Reward/gait,0.862694501876831,1781002972.9966738
4710,Episode_Reward/gait,0.8627269268035889,1781003002.8686032
4716,Episode_Reward/gait,0.8628230094909668,1781003032.8312554
4722,Episode_Reward/gait,0.8628365397453308,1781003062.8990953
4728,Episode_Reward/gait,0.8630387783050537,1781003092.5708005
4734,Episode_Reward/gait,0.8630369901657104,1781003122.291235
4740,Episode_Reward/gait,0.8629927635192871,1781003151.963482
4746,Episode_Reward/gait,0.8631100654602051,1781003181.812775
4752,Episode_Reward/gait,0.8631541728973389,1781003211.9642155
4758,Episode_Reward/gait,0.8631957769393921,1781003242.0134318
4764,Episode_Reward/gait,0.8632372617721558,1781003272.041248
4770,Episode_Reward/gait,0.8632982969284058,1781003301.794438
4776,Episode_Reward/gait,0.8634316325187683,1781003331.7565742
4782,Episode_Reward/gait,0.8631643056869507,1781003361.74881
4788,Episode_Reward/gait,0.8633782863616943,1781003391.4234314
4794,Episode_Reward/gait,0.8635584712028503,1781003421.4588244
4800,Episode_Reward/gait,0.8636361956596375,1781003451.4663246
4806,Episode_Reward/gait,0.8638200759887695,1781003481.1127677
4812,Episode_Reward/gait,0.8640702962875366,1781003510.903252
4818,Episode_Reward/gait,0.8640038967132568,1781003540.7811809
4824,Episode_Reward/gait,0.864153265953064,1781003570.81377
4830,Episode_Reward/gait,0.8640240430831909,1781003600.8047354
4836,Episode_Reward/gait,0.86415696144104,1781003630.4515126
4842,Episode_Reward/gait,0.8640702962875366,1781003659.994596
4848,Episode_Reward/gait,0.8639280200004578,1781003689.4924235
4854,Episode_Reward/gait,0.8640927076339722,1781003719.267327
4860,Episode_Reward/gait,0.8635117411613464,1781003748.9122121
4866,Episode_Reward/gait,0.8635355830192566,1781003778.8321338
4872,Episode_Reward/gait,0.8637780547142029,1781003808.669365
4878,Episode_Reward/gait,0.863827645778656,1781003838.2638452
4884,Episode_Reward/gait,0.8640336990356445,1781003867.9956048
4890,Episode_Reward/gait,0.8643074035644531,1781003897.5597572
4896,Episode_Reward/gait,0.8643514513969421,1781003927.0308125
4902,Episode_Reward/gait,0.8643519282341003,1781003956.5154743
4908,Episode_Reward/gait,0.8645386695861816,1781003985.7034326
4914,Episode_Reward/gait,0.8650364875793457,1781004015.343459
4920,Episode_Reward/gait,0.8650018572807312,1781004045.086987
4926,Episode_Reward/gait,0.865156352519989,1781004074.9850535
4932,Episode_Reward/gait,0.8653249144554138,1781004104.5737088
4938,Episode_Reward/gait,0.8652963638305664,1781004133.9571738
4944,Episode_Reward/gait,0.865665078163147,1781004163.6331346
4950,Episode_Reward/gait,0.8658005595207214,1781004193.2307665
4956,Episode_Reward/gait,0.8660017251968384,1781004223.3667486
4962,Episode_Reward/gait,0.866136908531189,1781004253.2728863
4968,Episode_Reward/gait,0.8660990595817566,1781004283.2659411
4974,Episode_Reward/gait,0.8661962747573853,1781004313.2289202
4980,Episode_Reward/gait,0.8662148714065552,1781004343.1076324
4986,Episode_Reward/gait,0.8664488792419434,1781004372.6910462
4992,Episode_Reward/gait,0.8662443161010742,1781004401.6104946
4998,Episode_Reward/gait,0.8663186430931091,1781004431.136721
5004,Episode_Reward/gait,0.8664157390594482,1781004460.210666
5010,Episode_Reward/gait,0.8663944005966187,1781004489.4413898
5016,Episode_Reward/gait,0.8665018081665039,1781004518.6626704
5022,Episode_Reward/gait,0.8665332794189453,1781004548.0444407
5028,Episode_Reward/gait,0.8665034770965576,1781004577.1549065
5034,Episode_Reward/gait,0.8669182062149048,1781004606.251675
5040,Episode_Reward/gait,0.8668400645256042,1781004635.8455648
5046,Episode_Reward/gait,0.8670405149459839,1781004665.7533574
5052,Episode_Reward/gait,0.8671307563781738,1781004695.1315358
5058,Episode_Reward/gait,0.8671445846557617,1781004724.3562596
5064,Episode_Reward/gait,0.8668708801269531,1781004753.5680125
5070,Episode_Reward/gait,0.8671447038650513,1781004782.8300676
5076,Episode_Reward/gait,0.8672167062759399,1781004811.9216743
5082,Episode_Reward/gait,0.86684650182724,1781004841.2739937
5088,Episode_Reward/gait,0.8669993281364441,1781004870.6028473
5094,Episode_Reward/gait,0.8670127391815186,1781004900.030528
5100,Episode_Reward/gait,0.8671448230743408,1781004929.5156634
5106,Episode_Reward/gait,0.8672045469284058,1781004958.9379416
5112,Episode_Reward/gait,0.867327868938446,1781004988.1523917
5118,Episode_Reward/gait,0.8673726916313171,1781005017.6099505
5124,Episode_Reward/gait,0.8673896193504333,1781005047.2054098
5130,Episode_Reward/gait,0.8675729036331177,1781005076.4489226
5136,Episode_Reward/gait,0.8674995303153992,1781005105.903659
5142,Episode_Reward/gait,0.8675066828727722,1781005135.435245
5148,Episode_Reward/gait,0.8675235509872437,1781005164.6203668
5154,Episode_Reward/gait,0.8674067854881287,1781005193.3804238
5160,Episode_Reward/gait,0.8676065802574158,1781005222.2570236
5166,Episode_Reward/gait,0.8677427768707275,1781005251.134876
5172,Episode_Reward/gait,0.8677520155906677,1781005280.0919192
5178,Episode_Reward/gait,0.8678069114685059,1781005309.32109
5184,Episode_Reward/gait,0.8676983714103699,1781005338.2661085
5190,Episode_Reward/gait,0.8675608038902283,1781005367.96094
5196,Episode_Reward/gait,0.867628812789917,1781005396.9755929
5202,Episode_Reward/gait,0.8675494194030762,1781005426.1598897
5208,Episode_Reward/gait,0.8675441741943359,1781005454.7589827
5214,Episode_Reward/gait,0.8675106763839722,1781005484.075518
5220,Episode_Reward/gait,0.8677120208740234,1781005513.109879
5226,Episode_Reward/gait,0.8678399324417114,1781005542.2425554
5232,Episode_Reward/gait,0.8678857684135437,1781005571.4955406
5238,Episode_Reward/gait,0.867662787437439,1781005600.9797866
5244,Episode_Reward/gait,0.868158221244812,1781005630.527162
5250,Episode_Reward/gait,0.8681713342666626,1781005660.2422502
5256,Episode_Reward/gait,0.8683195114135742,1781005689.6899934
5262,Episode_Reward/gait,0.8684903979301453,1781005719.5208237
5268,Episode_Reward/gait,0.8683499097824097,1781005749.1494656
5274,Episode_Reward/gait,0.8684689402580261,1781005778.9526556
5280,Episode_Reward/gait,0.8682091236114502,1781005809.0627675
5286,Episode_Reward/gait,0.8682688474655151,1781005838.8040512
5292,Episode_Reward/gait,0.8683287501335144,1781005868.2892296
5298,Episode_Reward/gait,0.8684572577476501,1781005897.4717574
5304,Episode_Reward/gait,0.8681427240371704,1781005926.7721217
5310,Episode_Reward/gait,0.8681346774101257,1781005955.830497
5316,Episode_Reward/gait,0.8681701421737671,1781005984.665598
5322,Episode_Reward/gait,0.8678560256958008,1781006013.6657841
5328,Episode_Reward/gait,0.8678240180015564,1781006042.6397426
5334,Episode_Reward/gait,0.8676896095275879,1781006072.169908
5340,Episode_Reward/gait,0.8676892518997192,1781006102.117692
5346,Episode_Reward/gait,0.8676162958145142,1781006132.54855
5352,Episode_Reward/gait,0.8676670789718628,1781006162.4884222
5358,Episode_Reward/gait,0.8679651021957397,1781006192.561229
5364,Episode_Reward/gait,0.8679301142692566,1781006222.415377
5370,Episode_Reward/gait,0.8679012060165405,1781006252.2442467
5376,Episode_Reward/gait,0.8680515289306641,1781006282.3959424
5382,Episode_Reward/gait,0.8678765296936035,1781006312.7087412
5388,Episode_Reward/gait,0.8681427836418152,1781006344.0778873
5394,Episode_Reward/gait,0.8677711486816406,1781006374.141015
5400,Episode_Reward/gait,0.8681480884552002,1781006404.0876706
5406,Episode_Reward/gait,0.8682514429092407,1781006434.4607203
5412,Episode_Reward/gait,0.8681632280349731,1781006465.4028583
5418,Episode_Reward/gait,0.8680934906005859,1781006496.8277664
5424,Episode_Reward/gait,0.8682037591934204,1781006527.8177729
5430,Episode_Reward/gait,0.8680605888366699,1781006558.3471673
5436,Episode_Reward/gait,0.8678076267242432,1781006589.081211
5442,Episode_Reward/gait,0.868086040019989,1781006619.5307465
5448,Episode_Reward/gait,0.8677207827568054,1781006649.904692
5454,Episode_Reward/gait,0.8676581382751465,1781006680.2512245
5460,Episode_Reward/gait,0.8675665259361267,1781006711.4546087
5466,Episode_Reward/gait,0.8675476312637329,1781006742.640799
5472,Episode_Reward/gait,0.8672924041748047,1781006773.3900445
5478,Episode_Reward/gait,0.8673703074455261,1781006803.7103162
5484,Episode_Reward/gait,0.8674470782279968,1781006834.2234375
5490,Episode_Reward/gait,0.8669184446334839,1781006865.207779
5496,Episode_Reward/gait,0.8669991493225098,1781006896.3454719
5502,Episode_Reward/gait,0.8671576976776123,1781006927.5764859
5508,Episode_Reward/gait,0.8673275709152222,1781006958.6414165
5514,Episode_Reward/gait,0.8676367998123169,1781006989.5791783
5520,Episode_Reward/gait,0.8673949241638184,1781007019.9275503
5526,Episode_Reward/gait,0.8679673075675964,1781007050.797114
5532,Episode_Reward/gait,0.8678209185600281,1781007081.2620838
5538,Episode_Reward/gait,0.8680766820907593,1781007111.7664971
5544,Episode_Reward/gait,0.868168294429779,1781007141.7901132
5550,Episode_Reward/gait,0.8682438135147095,1781007172.6640365
5556,Episode_Reward/gait,0.8684300184249878,1781007202.607768
5562,Episode_Reward/gait,0.8684505820274353,1781007232.801896
5568,Episode_Reward/gait,0.8685911893844604,1781007262.847528
5574,Episode_Reward/gait,0.8685242533683777,1781007293.3841083
5580,Episode_Reward/gait,0.8686966300010681,1781007323.4988723
5586,Episode_Reward/gait,0.8689064383506775,1781007354.4392364
5592,Episode_Reward/gait,0.868982195854187,1781007385.2473261
5598,Episode_Reward/gait,0.8690108060836792,1781007416.0452237
5604,Episode_Reward/gait,0.8691562414169312,1781007447.404041
5610,Episode_Reward/gait,0.8690880537033081,1781007478.0377414
5616,Episode_Reward/gait,0.8691920042037964,1781007508.7863822
5622,Episode_Reward/gait,0.8691905736923218,1781007539.9097157
5628,Episode_Reward/gait,0.8692241907119751,1781007570.6428313
5634,Episode_Reward/gait,0.8692821264266968,1781007601.060244
5640,Episode_Reward/gait,0.869355320930481,1781007633.0578947
5646,Episode_Reward/gait,0.8693560361862183,1781007664.3991342
5652,Episode_Reward/gait,0.8696202039718628,1781007694.2814724
5654,Episode_Reward/gait,0.8695346713066101,1781007704.0652218
0,Train/mean_reward,1.0571624040603638,1780976897.3031473
6,Train/mean_reward,2.5813112258911133,1780976942.6751535
12,Train/mean_reward,3.9455010890960693,1780976987.279221
18,Train/mean_reward,5.157937526702881,1780977031.6631088
24,Train/mean_reward,6.840579032897949,1780977074.4457963
30,Train/mean_reward,8.742940902709961,1780977118.3461883
36,Train/mean_reward,11.568169593811035,1780977161.6385505
42,Train/mean_reward,16.1468448638916,1780977204.538764
48,Train/mean_reward,20.139541625976562,1780977246.6777022
54,Train/mean_reward,32.71470642089844,1780977289.1940455
60,Train/mean_reward,39.12089538574219,1780977332.6871288
66,Train/mean_reward,50.91242599487305,1780977375.998008
72,Train/mean_reward,61.188804626464844,1780977419.9226754
78,Train/mean_reward,104.54969787597656,1780977459.6730938
84,Train/mean_reward,110.05177307128906,1780977499.5936239
90,Train/mean_reward,110.0762939453125,1780977543.1543565
96,Train/mean_reward,113.11189270019531,1780977584.9095864
102,Train/mean_reward,103.50580596923828,1780977627.6127582
108,Train/mean_reward,107.53736877441406,1780977671.166336
114,Train/mean_reward,119.09532165527344,1780977713.9491646
120,Train/mean_reward,136.341796875,1780977755.3475428
126,Train/mean_reward,143.1864776611328,1780977797.4564075
132,Train/mean_reward,144.45745849609375,1780977838.7993333
138,Train/mean_reward,144.48675537109375,1780977881.3238018
144,Train/mean_reward,149.24246215820312,1780977923.0032623
150,Train/mean_reward,147.21336364746094,1780977963.8481514
156,Train/mean_reward,158.14019775390625,1780978004.7013302
162,Train/mean_reward,166.17759704589844,1780978042.611411
168,Train/mean_reward,170.26539611816406,1780978084.4859262
174,Train/mean_reward,173.19285583496094,1780978128.7834594
180,Train/mean_reward,175.53164672851562,1780978171.5751219
186,Train/mean_reward,178.6414031982422,1780978215.4778793
192,Train/mean_reward,181.02047729492188,1780978259.7888944
198,Train/mean_reward,182.11285400390625,1780978304.2667406
204,Train/mean_reward,189.1605682373047,1780978346.8663573
210,Train/mean_reward,193.98023986816406,1780978390.043177
216,Train/mean_reward,196.53048706054688,1780978431.564774
222,Train/mean_reward,197.97332763671875,1780978474.9705052
228,Train/mean_reward,199.3802947998047,1780978518.1290293
234,Train/mean_reward,202.22817993164062,1780978561.3561985
240,Train/mean_reward,207.59779357910156,1780978607.1272957
246,Train/mean_reward,210.6915740966797,1780978644.712707
252,Train/mean_reward,212.3102264404297,1780978679.0908325
258,Train/mean_reward,215.57273864746094,1780978714.2810345
264,Train/mean_reward,218.4741973876953,1780978748.019738
270,Train/mean_reward,220.19483947753906,1780978781.781792
276,Train/mean_reward,221.81442260742188,1780978817.5481472
282,Train/mean_reward,225.3874969482422,1780978852.9094899
288,Train/mean_reward,230.53013610839844,1780978889.8977363
294,Train/mean_reward,232.41995239257812,1780978926.5486217
300,Train/mean_reward,235.1148223876953,1780978960.0250647
306,Train/mean_reward,237.89566040039062,1780978994.022905
312,Train/mean_reward,239.03787231445312,1780979029.9528291
318,Train/mean_reward,240.97059631347656,1780979065.836547
324,Train/mean_reward,243.83798217773438,1780979102.476786
330,Train/mean_reward,245.74484252929688,1780979137.9324794
336,Train/mean_reward,247.78318786621094,1780979173.802609
342,Train/mean_reward,249.93719482421875,1780979210.3527818
348,Train/mean_reward,251.13925170898438,1780979246.5363486
354,Train/mean_reward,252.40646362304688,1780979281.9947865
360,Train/mean_reward,253.63731384277344,1780979316.3479223
366,Train/mean_reward,254.84246826171875,1780979352.481246
372,Train/mean_reward,257.2730407714844,1780979388.9678884
378,Train/mean_reward,259.28680419921875,1780979425.0209868
384,Train/mean_reward,261.4856872558594,1780979461.1303568
390,Train/mean_reward,262.5892639160156,1780979493.462418
396,Train/mean_reward,265.1322937011719,1780979528.5091863
402,Train/mean_reward,267.5902099609375,1780979563.6833131
408,Train/mean_reward,269.5781555175781,1780979598.824131
414,Train/mean_reward,271.5351257324219,1780979634.2518647
420,Train/mean_reward,273.0950622558594,1780979669.715769
426,Train/mean_reward,275.48846435546875,1780979704.9395833
432,Train/mean_reward,277.669921875,1780979739.8786285
438,Train/mean_reward,279.59698486328125,1780979774.5898504
444,Train/mean_reward,281.2478942871094,1780979810.3228269
450,Train/mean_reward,282.663818359375,1780979846.4199684
456,Train/mean_reward,284.79522705078125,1780979881.0807588
462,Train/mean_reward,287.126953125,1780979917.7026968
468,Train/mean_reward,289.19781494140625,1780979951.223253
474,Train/mean_reward,290.52825927734375,1780979982.8993711
480,Train/mean_reward,289.7308654785156,1780980015.2558708
486,Train/mean_reward,291.9293212890625,1780980046.8364537
492,Train/mean_reward,292.8386535644531,1780980077.9773245
498,Train/mean_reward,292.89215087890625,1780980110.3880107
504,Train/mean_reward,294.0854797363281,1780980141.9190512
510,Train/mean_reward,294.2095947265625,1780980173.7641041
516,Train/mean_reward,294.2120666503906,1780980204.5934918
522,Train/mean_reward,294.855712890625,1780980235.79883
528,Train/mean_reward,294.9413757324219,1780980267.6360364
534,Train/mean_reward,295.4315490722656,1780980299.7055132
540,Train/mean_reward,296.0085144042969,1780980334.047104
546,Train/mean_reward,296.09503173828125,1780980366.7901647
552,Train/mean_reward,296.5158386230469,1780980399.2519646
558,Train/mean_reward,296.91705322265625,1780980434.24608
564,Train/mean_reward,297.2645263671875,1780980469.0438364
570,Train/mean_reward,297.5683288574219,1780980502.1066494
576,Train/mean_reward,297.8873291015625,1780980536.728417
582,Train/mean_reward,297.39849853515625,1780980570.8397944
588,Train/mean_reward,298.5264587402344,1780980605.7897844
594,Train/mean_reward,298.9413146972656,1780980641.3478377
600,Train/mean_reward,299.2555847167969,1780980674.5896986
606,Train/mean_reward,299.2765197753906,1780980709.2588494
612,Train/mean_reward,299.54034423828125,1780980740.6333625
618,Train/mean_reward,299.7515869140625,1780980772.6673923
624,Train/mean_reward,300.20196533203125,1780980807.023354
630,Train/mean_reward,300.4701843261719,1780980839.0456247
636,Train/mean_reward,300.48895263671875,1780980873.0331993
642,Train/mean_reward,298.23138427734375,1780980905.8884995
648,Train/mean_reward,301.1044921875,1780980938.3547845
654,Train/mean_reward,301.29486083984375,1780980969.466084
660,Train/mean_reward,301.4754333496094,1780981001.0891116
666,Train/mean_reward,301.5134582519531,1780981033.5701075
672,Train/mean_reward,301.99322509765625,1780981066.3392122
678,Train/mean_reward,302.0657958984375,1780981099.2400503
684,Train/mean_reward,302.2815856933594,1780981134.4088192
690,Train/mean_reward,302.60980224609375,1780981169.285926
696,Train/mean_reward,302.73931884765625,1780981204.5490487
702,Train/mean_reward,302.8720703125,1780981239.3020022
708,Train/mean_reward,303.10162353515625,1780981274.0023842
714,Train/mean_reward,303.0535583496094,1780981309.0338216
720,Train/mean_reward,303.21533203125,1780981342.953666
726,Train/mean_reward,303.5412902832031,1780981375.5035257
732,Train/mean_reward,303.80560302734375,1780981409.0550952
738,Train/mean_reward,303.5992126464844,1780981445.4130554
744,Train/mean_reward,304.0163269042969,1780981481.5232353
750,Train/mean_reward,304.069580078125,1780981516.4106917
756,Train/mean_reward,304.3213806152344,1780981550.605757
762,Train/mean_reward,304.30615234375,1780981586.726717
768,Train/mean_reward,304.3946228027344,1780981621.8329854
774,Train/mean_reward,304.6053466796875,1780981655.8344429
780,Train/mean_reward,304.5890808105469,1780981690.804123
786,Train/mean_reward,304.4285888671875,1780981726.7613275
792,Train/mean_reward,304.64227294921875,1780981763.1649067
798,Train/mean_reward,304.8235168457031,1780981799.5928164
804,Train/mean_reward,304.90325927734375,1780981835.1491792
810,Train/mean_reward,304.7903747558594,1780981870.6047478
816,Train/mean_reward,305.08746337890625,1780981905.3412423
822,Train/mean_reward,305.2728271484375,1780981938.0644634
828,Train/mean_reward,305.0879211425781,1780981972.1126382
834,Train/mean_reward,305.315673828125,1780982007.4374518
840,Train/mean_reward,305.2210388183594,1780982043.0824082
846,Train/mean_reward,302.35504150390625,1780982076.0426538
852,Train/mean_reward,305.5254821777344,1780982110.8822622
858,Train/mean_reward,305.51409912109375,1780982145.666987
864,Train/mean_reward,305.663818359375,1780982181.0892103
870,Train/mean_reward,305.8754577636719,1780982216.0486095
876,Train/mean_reward,306.0609130859375,1780982251.70577
882,Train/mean_reward,306.0110778808594,1780982285.041898
888,Train/mean_reward,306.07293701171875,1780982320.343718
894,Train/mean_reward,306.21728515625,1780982353.7982197
900,Train/mean_reward,306.2937316894531,1780982389.831917
906,Train/mean_reward,306.4915466308594,1780982422.3364832
912,Train/mean_reward,306.52642822265625,1780982456.1339262
918,Train/mean_reward,306.8079528808594,1780982491.8570566
924,Train/mean_reward,306.7840576171875,1780982528.2289908
930,Train/mean_reward,306.7845458984375,1780982564.0720742
936,Train/mean_reward,306.92047119140625,1780982599.4867492
942,Train/mean_reward,307.084228515625,1780982635.9973094
948,Train/mean_reward,307.2342529296875,1780982671.4472327
954,Train/mean_reward,307.14617919921875,1780982705.4424858
960,Train/mean_reward,307.34661865234375,1780982738.8770914
966,Train/mean_reward,307.4346618652344,1780982770.065896
972,Train/mean_reward,307.48455810546875,1780982801.7913313
978,Train/mean_reward,307.46636962890625,1780982833.8913257
984,Train/mean_reward,307.5311279296875,1780982865.2039838
990,Train/mean_reward,307.6771240234375,1780982896.8864765
996,Train/mean_reward,307.6224060058594,1780982929.0897295
1002,Train/mean_reward,307.7591857910156,1780982964.263115
1008,Train/mean_reward,307.82489013671875,1780982997.8713276
1014,Train/mean_reward,307.9013671875,1780983031.7060814
1020,Train/mean_reward,308.0184631347656,1780983066.3847613
1026,Train/mean_reward,308.1810607910156,1780983098.764673
1032,Train/mean_reward,308.1484680175781,1780983130.9849951
1038,Train/mean_reward,308.1951599121094,1780983163.8962765
1044,Train/mean_reward,308.34735107421875,1780983199.6635659
1050,Train/mean_reward,308.400634765625,1780983233.344286
1056,Train/mean_reward,308.4660339355469,1780983266.0980673
1062,Train/mean_reward,308.4230041503906,1780983301.2765195
1068,Train/mean_reward,308.38702392578125,1780983336.8519273
1074,Train/mean_reward,308.54205322265625,1780983372.2405877
1080,Train/mean_reward,308.6420593261719,1780983407.6307607
1086,Train/mean_reward,308.7723083496094,1780983442.2430367
1092,Train/mean_reward,308.6198425292969,1780983476.6833768
1098,Train/mean_reward,308.6906433105469,1780983512.56966
1104,Train/mean_reward,308.87261962890625,1780983548.1239595
1110,Train/mean_reward,308.8773193359375,1780983582.415652
1116,Train/mean_reward,308.8692932128906,1780983616.4633682
1122,Train/mean_reward,308.9987487792969,1780983648.8486955
1128,Train/mean_reward,309.0498352050781,1780983681.7801886
1134,Train/mean_reward,309.1693420410156,1780983716.4741938
1140,Train/mean_reward,309.2541809082031,1780983749.9811819
1146,Train/mean_reward,309.3896179199219,1780983782.59966
1152,Train/mean_reward,309.33221435546875,1780983816.3763328
1158,Train/mean_reward,309.4258117675781,1780983852.0908196
1164,Train/mean_reward,309.6559753417969,1780983887.0313776
1170,Train/mean_reward,309.62335205078125,1780983921.7179651
1176,Train/mean_reward,309.71160888671875,1780983956.8068736
1182,Train/mean_reward,309.8568115234375,1780983992.0080318
1188,Train/mean_reward,309.66387939453125,1780984027.249228
1194,Train/mean_reward,309.88128662109375,1780984062.4317863
1200,Train/mean_reward,309.9635009765625,1780984095.5751479
1206,Train/mean_reward,309.93096923828125,1780984130.344855
1212,Train/mean_reward,310.01300048828125,1780984164.4715273
1218,Train/mean_reward,309.95587158203125,1780984196.9553165
1224,Train/mean_reward,306.9344177246094,1780984230.6499338
1230,Train/mean_reward,310.26800537109375,1780984263.3350074
1236,Train/mean_reward,310.1236877441406,1780984297.811431
1242,Train/mean_reward,310.1650390625,1780984328.9697232
1248,Train/mean_reward,310.1564636230469,1780984360.5169287
1254,Train/mean_reward,310.1733703613281,1780984393.3341198
1260,Train/mean_reward,310.2955322265625,1780984427.179479
1266,Train/mean_reward,310.1964416503906,1780984461.1754215
1272,Train/mean_reward,310.2481384277344,1780984494.9122696
1278,Train/mean_reward,310.6023254394531,1780984528.6333935
1284,Train/mean_reward,310.58489990234375,1780984563.5971525
1290,Train/mean_reward,310.7559814453125,1780984598.9725592
1296,Train/mean_reward,310.81732177734375,1780984633.4851348
1302,Train/mean_reward,310.8875732421875,1780984666.2609828
1308,Train/mean_reward,310.9795227050781,1780984701.9165666
1314,Train/mean_reward,311.0120849609375,1780984737.0692563
1320,Train/mean_reward,310.9682312011719,1780984772.0415928
1326,Train/mean_reward,309.5542297363281,1780984807.8025725
1332,Train/mean_reward,311.07958984375,1780984843.0776134
1338,Train/mean_reward,308.57830810546875,1780984877.910881
1344,Train/mean_reward,311.1414489746094,1780984913.0984752
1350,Train/mean_reward,311.1559753417969,1780984946.9476535
1356,Train/mean_reward,311.259765625,1780984980.9589834
1362,Train/mean_reward,311.18133544921875,1780985015.8624427
1368,Train/mean_reward,311.3711242675781,1780985051.3511386
1374,Train/mean_reward,311.13153076171875,1780985084.0855262
1380,Train/mean_reward,311.1778564453125,1780985116.5623693
1386,Train/mean_reward,311.135986328125,1780985150.2624564
1392,Train/mean_reward,311.1246337890625,1780985184.4319437
1398,Train/mean_reward,311.35235595703125,1780985219.3825123
1404,Train/mean_reward,308.3676452636719,1780985252.6194313
1410,Train/mean_reward,311.5096435546875,1780985287.2509334
1416,Train/mean_reward,311.6698303222656,1780985320.6506178
1422,Train/mean_reward,311.6591796875,1780985354.9990256
1428,Train/mean_reward,311.7121276855469,1780985389.995155
1434,Train/mean_reward,311.8680725097656,1780985425.741332
1440,Train/mean_reward,312.0368347167969,1780985461.1460524
1446,Train/mean_reward,312.10687255859375,1780985495.6985357
1452,Train/mean_reward,312.2000732421875,1780985531.4832366
1458,Train/mean_reward,312.2088317871094,1780985567.0935917
1464,Train/mean_reward,312.4415588378906,1780985603.0844505
1470,Train/mean_reward,312.3191833496094,1780985638.848481
1476,Train/mean_reward,312.51580810546875,1780985673.9982443
1482,Train/mean_reward,312.60443115234375,1780985707.0632844
1488,Train/mean_reward,312.5316467285156,1780985741.9430687
1494,Train/mean_reward,312.1575012207031,1780985777.0146682
1500,Train/mean_reward,312.64410400390625,1780985812.0059438
1506,Train/mean_reward,312.68634033203125,1780985846.931498
1512,Train/mean_reward,312.7083740234375,1780985880.2417488
1518,Train/mean_reward,310.3314208984375,1780985914.9745069
1524,Train/mean_reward,312.82421875,1780985950.1070023
1530,Train/mean_reward,312.9677734375,1780985984.022778
1536,Train/mean_reward,312.9500732421875,1780986019.2575774
1542,Train/mean_reward,312.9439697265625,1780986053.3089445
1548,Train/mean_reward,313.0628967285156,1780986089.2644475
1554,Train/mean_reward,313.2178955078125,1780986124.5648491
1560,Train/mean_reward,312.8661804199219,1780986159.8591917
1566,Train/mean_reward,313.2691650390625,1780986194.7985342
1572,Train/mean_reward,313.24560546875,1780986230.6801727
1578,Train/mean_reward,313.3997497558594,1780986265.3657885
1584,Train/mean_reward,313.438232421875,1780986298.1846566
1590,Train/mean_reward,313.40655517578125,1780986330.5030875
1596,Train/mean_reward,313.55902099609375,1780986364.0188117
1602,Train/mean_reward,313.5744934082031,1780986396.5184746
1608,Train/mean_reward,313.68951416015625,1780986428.0783594
1614,Train/mean_reward,313.7853088378906,1780986459.9479141
1620,Train/mean_reward,313.8135070800781,1780986492.0223145
1626,Train/mean_reward,313.90728759765625,1780986524.9637194
1632,Train/mean_reward,313.91455078125,1780986559.8711507
1638,Train/mean_reward,314.1101989746094,1780986595.3117018
1644,Train/mean_reward,314.15478515625,1780986629.518044
1650,Train/mean_reward,314.33697509765625,1780986665.202486
1656,Train/mean_reward,314.33392333984375,1780986700.8780985
1662,Train/mean_reward,314.4503173828125,1780986735.62577
1668,Train/mean_reward,314.4493103027344,1780986769.5349817
1674,Train/mean_reward,314.6725769042969,1780986804.4717698
1680,Train/mean_reward,314.59747314453125,1780986839.6385107
1686,Train/mean_reward,314.6227722167969,1780986874.9684384
1692,Train/mean_reward,314.6788330078125,1780986909.204313
1698,Train/mean_reward,313.42510986328125,1780986942.9023738
1704,Train/mean_reward,314.82342529296875,1780986977.4962018
1710,Train/mean_reward,314.80755615234375,1780987013.0824287
1716,Train/mean_reward,314.8812561035156,1780987045.6769516
1722,Train/mean_reward,314.76177978515625,1780987078.5427282
1728,Train/mean_reward,312.9412841796875,1780987113.0024662
1734,Train/mean_reward,314.8090515136719,1780987148.465066
1740,Train/mean_reward,314.9219665527344,1780987183.3422318
1746,Train/mean_reward,314.883056640625,1780987216.5157504
1752,Train/mean_reward,315.1026916503906,1780987251.8720899
1758,Train/mean_reward,315.1172180175781,1780987284.6170082
1764,Train/mean_reward,315.1119689941406,1780987319.6261346
1770,Train/mean_reward,313.18707275390625,1780987353.538825
1776,Train/mean_reward,315.3629455566406,1780987388.9946177
1782,Train/mean_reward,315.29522705078125,1780987422.430603
1788,Train/mean_reward,315.5965576171875,1780987457.3314087
1794,Train/mean_reward,315.6665954589844,1780987492.8621054
1800,Train/mean_reward,315.7786560058594,1780987527.9682324
1806,Train/mean_reward,315.9504699707031,1780987563.6336799
1812,Train/mean_reward,315.9148254394531,1780987599.1286323
1818,Train/mean_reward,316.03570556640625,1780987633.6731007
1824,Train/mean_reward,316.0108337402344,1780987667.2752984
1830,Train/mean_reward,316.1563720703125,1780987702.4318044
1836,Train/mean_reward,316.2626037597656,1780987737.8549626
1842,Train/mean_reward,316.1977844238281,1780987772.959214
1848,Train/mean_reward,316.2698059082031,1780987807.9146907
1854,Train/mean_reward,316.35797119140625,1780987843.2669454
1860,Train/mean_reward,315.3899230957031,1780987875.6890724
1866,Train/mean_reward,316.4622497558594,1780987907.7972019
1872,Train/mean_reward,316.46783447265625,1780987941.7015605
1878,Train/mean_reward,314.90203857421875,1780987975.561522
1884,Train/mean_reward,316.6324768066406,1780988010.1551895
1890,Train/mean_reward,316.7295837402344,1780988045.1086705
1896,Train/mean_reward,316.8009033203125,1780988079.7429821
1902,Train/mean_reward,316.84564208984375,1780988114.7555695
1908,Train/mean_reward,316.8603820800781,1780988148.8759584
1914,Train/mean_reward,316.97723388671875,1780988181.2464974
1920,Train/mean_reward,317.0714416503906,1780988213.9458365
1926,Train/mean_reward,317.214111328125,1780988245.7837794
1932,Train/mean_reward,317.1920166015625,1780988279.70072
1938,Train/mean_reward,317.17864990234375,1780988314.5729089
1944,Train/mean_reward,317.3037109375,1780988347.3115258
1950,Train/mean_reward,317.4988098144531,1780988378.6558225
1956,Train/mean_reward,317.4740905761719,1780988411.9481974
1962,Train/mean_reward,317.6571960449219,1780988447.079005
1968,Train/mean_reward,317.6710205078125,1780988480.9124718
1974,Train/mean_reward,317.698486328125,1780988515.807082
1980,Train/mean_reward,317.7197570800781,1780988550.426426
1986,Train/mean_reward,317.86712646484375,1780988583.9876971
1992,Train/mean_reward,317.8438415527344,1780988618.4595013
1998,Train/mean_reward,317.9256286621094,1780988651.8897212
2004,Train/mean_reward,317.99664306640625,1780988684.1679707
2010,Train/mean_reward,318.1678771972656,1780988717.3219635
2016,Train/mean_reward,318.20306396484375,1780988750.021668
2022,Train/mean_reward,318.30255126953125,1780988783.2651021
2028,Train/mean_reward,318.3973693847656,1780988815.0364554
2034,Train/mean_reward,318.3808898925781,1780988847.05804
2040,Train/mean_reward,318.55450439453125,1780988880.4520314
2046,Train/mean_reward,318.6566162109375,1780988915.4263985
2052,Train/mean_reward,318.6543884277344,1780988950.264229
2058,Train/mean_reward,318.7138977050781,1780988984.5080786
2064,Train/mean_reward,318.7869567871094,1780989014.6766572
2070,Train/mean_reward,318.76849365234375,1780989047.9902422
2076,Train/mean_reward,318.7539367675781,1780989080.3990448
2082,Train/mean_reward,318.7091064453125,1780989111.9941478
2088,Train/mean_reward,318.7880554199219,1780989145.7247899
2094,Train/mean_reward,318.8193054199219,1780989181.0079527
2100,Train/mean_reward,318.71881103515625,1780989215.916463
2106,Train/mean_reward,318.763427734375,1780989249.7844815
2112,Train/mean_reward,318.81390380859375,1780989284.6583924
2118,Train/mean_reward,318.990234375,1780989319.4915507
2124,Train/mean_reward,319.0166320800781,1780989354.4537969
2130,Train/mean_reward,319.1551818847656,1780989389.8998916
2136,Train/mean_reward,319.1733093261719,1780989425.6065545
2142,Train/mean_reward,319.2706298828125,1780989461.2165642
2148,Train/mean_reward,319.22808837890625,1780989496.3954825
2154,Train/mean_reward,319.30255126953125,1780989531.5821311
2160,Train/mean_reward,319.3133850097656,1780989566.8111272
2166,Train/mean_reward,319.3788146972656,1780989601.7484498
2172,Train/mean_reward,319.3650207519531,1780989636.031692
2178,Train/mean_reward,319.5055236816406,1780989670.7950203
2184,Train/mean_reward,319.6156005859375,1780989704.0889928
2190,Train/mean_reward,319.7027587890625,1780989737.690816
2196,Train/mean_reward,318.2521057128906,1780989773.9955068
2202,Train/mean_reward,319.7832336425781,1780989809.097667
2208,Train/mean_reward,319.8039245605469,1780989842.868288
2214,Train/mean_reward,319.89617919921875,1780989876.1033733
2220,Train/mean_reward,319.90185546875,1780989911.008633
2226,Train/mean_reward,320.0029296875,1780989946.201482
2232,Train/mean_reward,320.0628662109375,1780989981.5758984
2238,Train/mean_reward,319.9610595703125,1780990017.2745798
2244,Train/mean_reward,320.108642578125,1780990050.0969832
2250,Train/mean_reward,320.1051025390625,1780990081.8404815
2256,Train/mean_reward,320.15576171875,1780990113.6857612
2262,Train/mean_reward,320.15496826171875,1780990145.2720273
2268,Train/mean_reward,320.2505187988281,1780990179.7041156
2274,Train/mean_reward,320.32135009765625,1780990214.0146916
2280,Train/mean_reward,320.40582275390625,1780990248.6675177
2286,Train/mean_reward,320.422119140625,1780990283.0579755
2292,Train/mean_reward,320.5033264160156,1780990316.5532644
2298,Train/mean_reward,320.5223083496094,1780990349.5137641
2304,Train/mean_reward,320.5326232910156,1780990382.0362494
2310,Train/mean_reward,320.5095520019531,1780990415.7471948
2316,Train/mean_reward,320.5538635253906,1780990450.5682492
2322,Train/mean_reward,320.54638671875,1780990484.7630682
2328,Train/mean_reward,320.50103759765625,1780990518.4867036
2334,Train/mean_reward,320.6007080078125,1780990553.3348813
2340,Train/mean_reward,320.6266784667969,1780990587.7029881
2346,Train/mean_reward,320.5789489746094,1780990619.1693258
2352,Train/mean_reward,320.5701599121094,1780990651.9684489
2358,Train/mean_reward,320.6005554199219,1780990684.7600403
2364,Train/mean_reward,320.6627502441406,1780990717.2683406
2370,Train/mean_reward,320.7286682128906,1780990749.741106
2376,Train/mean_reward,320.81488037109375,1780990784.8098238
2382,Train/mean_reward,320.77154541015625,1780990819.7432387
2388,Train/mean_reward,320.81298828125,1780990851.7496383
2394,Train/mean_reward,320.90087890625,1780990884.3857806
2400,Train/mean_reward,321.0222473144531,1780990919.8911884
2406,Train/mean_reward,321.0246887207031,1780990955.2794929
2412,Train/mean_reward,321.08099365234375,1780990988.2427378
2418,Train/mean_reward,321.1896057128906,1780991019.4320261
2424,Train/mean_reward,321.2008056640625,1780991051.38797
2430,Train/mean_reward,321.1788635253906,1780991085.2945323
2436,Train/mean_reward,321.19122314453125,1780991117.2806926
2442,Train/mean_reward,321.14520263671875,1780991150.6716282
2448,Train/mean_reward,321.1405334472656,1780991185.395236
2454,Train/mean_reward,321.1408996582031,1780991220.6929638
2460,Train/mean_reward,321.18182373046875,1780991255.5921435
2466,Train/mean_reward,321.2423400878906,1780991291.2595658
2472,Train/mean_reward,321.3381652832031,1780991327.169083
2478,Train/mean_reward,321.3262023925781,1780991363.0449598
2484,Train/mean_reward,321.35980224609375,1780991399.102713
2490,Train/mean_reward,321.2716979980469,1780991434.0197601
2496,Train/mean_reward,321.3533630371094,1780991469.0123162
2502,Train/mean_reward,321.32061767578125,1780991503.1307595
2508,Train/mean_reward,321.37158203125,1780991537.843146
2514,Train/mean_reward,321.3864440917969,1780991573.8361905
2520,Train/mean_reward,321.4019775390625,1780991609.9191911
2526,Train/mean_reward,321.3059387207031,1780991643.1028838
2532,Train/mean_reward,321.36669921875,1780991678.347688
2538,Train/mean_reward,321.2956237792969,1780991710.3120184
2544,Train/mean_reward,321.3937072753906,1780991743.0690467
2550,Train/mean_reward,321.3009033203125,1780991779.1266453
2556,Train/mean_reward,321.2897033691406,1780991813.9892106
2562,Train/mean_reward,321.3033447265625,1780991848.7845557
2568,Train/mean_reward,321.2050476074219,1780991883.5811396
2574,Train/mean_reward,321.2652282714844,1780991918.7826514
2580,Train/mean_reward,321.3559265136719,1780991953.907952
2586,Train/mean_reward,321.3519287109375,1780991989.1994169
2592,Train/mean_reward,321.44525146484375,1780992024.1733491
2598,Train/mean_reward,321.58306884765625,1780992058.8784225
2604,Train/mean_reward,321.60968017578125,1780992091.3966951
2610,Train/mean_reward,317.5558166503906,1780992125.5754883
2616,Train/mean_reward,321.75726318359375,1780992160.20078
2622,Train/mean_reward,321.82525634765625,1780992192.8401487
2628,Train/mean_reward,321.83953857421875,1780992224.2231789
2634,Train/mean_reward,321.852783203125,1780992255.793081
2640,Train/mean_reward,321.8081359863281,1780992289.2284458
2646,Train/mean_reward,321.8367614746094,1780992321.1567478
2652,Train/mean_reward,320.45513916015625,1780992354.401539
2658,Train/mean_reward,321.88946533203125,1780992389.5984461
2664,Train/mean_reward,321.95391845703125,1780992424.8060455
2670,Train/mean_reward,322.0172424316406,1780992460.4122388
2676,Train/mean_reward,322.07696533203125,1780992494.4920106
2682,Train/mean_reward,322.1539306640625,1780992527.551355
2688,Train/mean_reward,319.70947265625,1780992562.8270073
2694,Train/mean_reward,322.1689147949219,1780992596.4427993
2700,Train/mean_reward,322.1617431640625,1780992631.2741742
2706,Train/mean_reward,322.1942138671875,1780992666.7839284
2712,Train/mean_reward,322.2393798828125,1780992704.3534877
2718,Train/mean_reward,322.2423400878906,1780993023.5156054
2724,Train/mean_reward,322.2301940917969,1780993058.3539636
2730,Train/mean_reward,322.1813049316406,1780993092.9582615
2736,Train/mean_reward,322.2646484375,1780993127.2716796
2742,Train/mean_reward,322.2648620605469,1780993161.3651264
2748,Train/mean_reward,322.29083251953125,1780993195.6254315
2754,Train/mean_reward,322.2654113769531,1780993230.1691709
2760,Train/mean_reward,322.3269958496094,1780993264.6410336
2766,Train/mean_reward,322.3550109863281,1780993299.1817153
2772,Train/mean_reward,322.3283996582031,1780993333.5006542
2778,Train/mean_reward,322.3026428222656,1780993367.330067
2784,Train/mean_reward,322.2973937988281,1780993401.632022
2790,Train/mean_reward,322.3775329589844,1780993435.9415245
2796,Train/mean_reward,321.05657958984375,1780993470.3757706
2802,Train/mean_reward,322.3230895996094,1780993503.5497704
2808,Train/mean_reward,322.3926086425781,1780993537.5113358
2814,Train/mean_reward,322.3949279785156,1780993571.017222
2820,Train/mean_reward,322.37054443359375,1780993605.2671165
2826,Train/mean_reward,322.41375732421875,1780993639.5532606
2832,Train/mean_reward,322.47552490234375,1780993751.3205116
2838,Train/mean_reward,322.537841796875,1780993785.4152095
2844,Train/mean_reward,322.5914306640625,1780993819.3231568
2850,Train/mean_reward,322.6011657714844,1780993853.2790196
2856,Train/mean_reward,322.6524658203125,1780993887.5490372
2862,Train/mean_reward,322.6751403808594,1780993916.851088
2868,Train/mean_reward,322.6557312011719,1780993946.0346885
2874,Train/mean_reward,322.70672607421875,1780993975.2114227
2880,Train/mean_reward,322.6958312988281,1780994004.591091
2886,Train/mean_reward,322.7520751953125,1780994033.8325808
2892,Train/mean_reward,322.7939147949219,1780994063.2241495
2898,Train/mean_reward,322.825927734375,1780994092.51267
2904,Train/mean_reward,322.77960205078125,1780994121.652059
2910,Train/mean_reward,322.7958984375,1780994150.9357457
2916,Train/mean_reward,322.8538818359375,1780994180.4192412
2922,Train/mean_reward,322.8963928222656,1780994210.384296
2928,Train/mean_reward,322.8597412109375,1780994240.2437646
2934,Train/mean_reward,322.8601989746094,1780994269.7828531
2940,Train/mean_reward,322.88165283203125,1780994299.142932
2946,Train/mean_reward,322.8162841796875,1780994328.5846183
2952,Train/mean_reward,322.8266296386719,1780994357.9127247
2958,Train/mean_reward,322.8530578613281,1780994387.447257
2964,Train/mean_reward,322.8829040527344,1780994417.3629851
2970,Train/mean_reward,322.9560852050781,1780994447.1044304
2976,Train/mean_reward,322.9349060058594,1780994476.448557
2982,Train/mean_reward,322.971923828125,1780994506.2913225
2988,Train/mean_reward,323.0364074707031,1780994535.6926131
2994,Train/mean_reward,323.0023498535156,1780994565.0324702
3000,Train/mean_reward,323.1263122558594,1780994594.7364407
3006,Train/mean_reward,323.2466125488281,1780994624.528581
3012,Train/mean_reward,323.27606201171875,1780994653.7144916
3018,Train/mean_reward,323.2982482910156,1780994683.1272779
3024,Train/mean_reward,323.3509521484375,1780994712.4964857
3030,Train/mean_reward,321.58587646484375,1780994741.7455087
3036,Train/mean_reward,323.3401794433594,1780994771.2927368
3042,Train/mean_reward,323.43035888671875,1780994800.8026628
3048,Train/mean_reward,323.38177490234375,1780994830.2843883
3054,Train/mean_reward,323.3866271972656,1780994859.9682746
3060,Train/mean_reward,323.4063720703125,1780994889.997437
3066,Train/mean_reward,323.4675598144531,1780994919.3880918
3072,Train/mean_reward,323.4445495605469,1780994948.9607897
3078,Train/mean_reward,323.5318603515625,1780994978.8966732
3084,Train/mean_reward,323.58294677734375,1780995008.8750544
3090,Train/mean_reward,323.5968322753906,1780995038.7481747
3096,Train/mean_reward,323.599365234375,1780995068.5864606
3102,Train/mean_reward,323.6781311035156,1780995097.8589425
3108,Train/mean_reward,323.71087646484375,1780995127.1482825
3114,Train/mean_reward,323.6519775390625,1780995156.2312524
3120,Train/mean_reward,323.63104248046875,1780995185.2716372
3126,Train/mean_reward,323.6770324707031,1780995214.5148294
3132,Train/mean_reward,323.6788635253906,1780995243.9747431
3138,Train/mean_reward,323.6976623535156,1780995273.3089476
3144,Train/mean_reward,323.64862060546875,1780995302.8388221
3150,Train/mean_reward,323.6657409667969,1780995332.3828452
3156,Train/mean_reward,323.6763610839844,1780995361.7942505
3162,Train/mean_reward,323.6112976074219,1780995390.772677
3168,Train/mean_reward,323.5633544921875,1780995420.0648117
3174,Train/mean_reward,323.5299072265625,1780995449.7002373
3180,Train/mean_reward,323.6003723144531,1780995479.2058477
3186,Train/mean_reward,323.627197265625,1780995508.7487307
3192,Train/mean_reward,323.6204833984375,1780995538.0717032
3198,Train/mean_reward,322.18023681640625,1780995567.601531
3204,Train/mean_reward,323.5819396972656,1780995596.6035526
3210,Train/mean_reward,323.6033630371094,1780995626.8362381
3216,Train/mean_reward,323.5803527832031,1780995656.3186748
3222,Train/mean_reward,323.6353454589844,1780995686.2274241
3228,Train/mean_reward,323.7868347167969,1780995715.3308375
3234,Train/mean_reward,323.7297668457031,1780995744.655751
3240,Train/mean_reward,321.4018249511719,1780995774.1754868
3246,Train/mean_reward,323.8376770019531,1780995803.527178
3252,Train/mean_reward,323.8682861328125,1780995832.8899908
3258,Train/mean_reward,323.8968505859375,1780995862.0916507
3264,Train/mean_reward,323.9202880859375,1780995891.0913203
3270,Train/mean_reward,323.9308776855469,1780995920.4857278
3276,Train/mean_reward,323.8795166015625,1780995950.6603513
3282,Train/mean_reward,323.9439697265625,1780995980.4622135
3288,Train/mean_reward,323.95391845703125,1780996010.3454366
3294,Train/mean_reward,324.0152587890625,1780996040.3570683
3300,Train/mean_reward,324.0243835449219,1780996070.2669613
3306,Train/mean_reward,324.080810546875,1780996100.3072596
3312,Train/mean_reward,324.1606750488281,1780996130.0843985
3318,Train/mean_reward,322.41741943359375,1780996159.717013
3324,Train/mean_reward,324.1408996582031,1780996189.6763363
3330,Train/mean_reward,324.20452880859375,1780996219.801396
3336,Train/mean_reward,324.2458801269531,1780996249.711173
3342,Train/mean_reward,324.2555847167969,1780996279.0399702
3348,Train/mean_reward,324.2584533691406,1780996308.6696107
3354,Train/mean_reward,324.23516845703125,1780996337.9119496
3360,Train/mean_reward,324.2148742675781,1780996367.2173955
3366,Train/mean_reward,322.5218200683594,1780996396.6353714
3372,Train/mean_reward,324.1293640136719,1780996425.9498475
3378,Train/mean_reward,324.14166259765625,1780996455.5925477
3384,Train/mean_reward,324.15203857421875,1780996485.278267
3390,Train/mean_reward,324.2175598144531,1780996515.2749104
3396,Train/mean_reward,324.20849609375,1780996544.9319177
3402,Train/mean_reward,324.1402893066406,1780996574.5380216
3408,Train/mean_reward,324.2040100097656,1780996603.9790661
3414,Train/mean_reward,324.2510681152344,1780996633.4817507
3420,Train/mean_reward,324.27056884765625,1780996662.7888055
3426,Train/mean_reward,324.3810729980469,1780996692.724651
3432,Train/mean_reward,324.3763427734375,1780996722.260935
3438,Train/mean_reward,324.38983154296875,1780996751.2848132
3444,Train/mean_reward,324.43487548828125,1780996780.2693737
3450,Train/mean_reward,324.4715881347656,1780996809.5395184
3456,Train/mean_reward,324.46356201171875,1780996838.8985841
3462,Train/mean_reward,324.4271545410156,1780996868.325479
3468,Train/mean_reward,324.4877624511719,1780996897.612536
3474,Train/mean_reward,324.4907531738281,1780996926.7649772
3480,Train/mean_reward,324.4979553222656,1780996955.6674223
3486,Train/mean_reward,324.4609680175781,1780996984.8722172
3492,Train/mean_reward,324.51226806640625,1780997014.2255023
3498,Train/mean_reward,324.5759582519531,1780997043.4156735
3504,Train/mean_reward,324.5426940917969,1780997073.1548042
3510,Train/mean_reward,324.5166015625,1780997103.227872
3516,Train/mean_reward,324.5397644042969,1780997133.2788992
3522,Train/mean_reward,324.5605773925781,1780997162.9914854
3528,Train/mean_reward,324.5186767578125,1780997193.0790534
3534,Train/mean_reward,324.5245361328125,1780997223.216399
3540,Train/mean_reward,324.52850341796875,1780997253.3338525
3546,Train/mean_reward,324.6142883300781,1780997282.7101357
3552,Train/mean_reward,324.6211242675781,1780997311.876971
3558,Train/mean_reward,324.565185546875,1780997341.489279
3564,Train/mean_reward,324.60845947265625,1780997371.2918248
3570,Train/mean_reward,324.71331787109375,1780997401.1020303
3576,Train/mean_reward,324.7138671875,1780997430.5696814
3582,Train/mean_reward,324.7279357910156,1780997460.1457136
3588,Train/mean_reward,324.7838134765625,1780997489.9564536
3594,Train/mean_reward,324.7963562011719,1780997519.3077161
3600,Train/mean_reward,324.885009765625,1780997549.0197737
3606,Train/mean_reward,324.90423583984375,1780997578.741561
3612,Train/mean_reward,324.9345397949219,1780997608.3686905
3618,Train/mean_reward,324.9382019042969,1780997638.1399455
3624,Train/mean_reward,324.9906005859375,1780997668.1180713
3630,Train/mean_reward,324.99676513671875,1780997698.0761404
3636,Train/mean_reward,324.9908752441406,1780997727.9823332
3642,Train/mean_reward,324.9527282714844,1780997758.3786228
3648,Train/mean_reward,325.00823974609375,1780997788.275387
3654,Train/mean_reward,325.0239562988281,1780997817.8550074
3660,Train/mean_reward,324.9873046875,1780997847.7435875
3666,Train/mean_reward,324.94677734375,1780997877.6967368
3672,Train/mean_reward,324.9580993652344,1780997907.2233918
3678,Train/mean_reward,324.9319152832031,1780997936.7302263
3684,Train/mean_reward,324.9146423339844,1780997966.1990962
3690,Train/mean_reward,324.9981384277344,1780997996.1096427
3696,Train/mean_reward,325.0076904296875,1780998025.6891124
3702,Train/mean_reward,325.03076171875,1780998055.4440486
3708,Train/mean_reward,325.1129150390625,1780998085.1794295
3714,Train/mean_reward,325.1120300292969,1780998115.3431346
3720,Train/mean_reward,325.1109619140625,1780998145.0091438
3726,Train/mean_reward,325.1366882324219,1780998174.3284626
3732,Train/mean_reward,325.17987060546875,1780998204.1978648
3738,Train/mean_reward,325.1906433105469,1780998233.701435
3744,Train/mean_reward,325.12994384765625,1780998263.2958648
3750,Train/mean_reward,325.1938781738281,1780998293.2203774
3756,Train/mean_reward,325.18670654296875,1780998323.4386663
3762,Train/mean_reward,325.18389892578125,1780998353.431392
3768,Train/mean_reward,325.25103759765625,1780998383.1342697
3774,Train/mean_reward,325.1948547363281,1780998412.0740352
3780,Train/mean_reward,325.2086486816406,1780998440.9712977
3786,Train/mean_reward,325.1812744140625,1780998470.0794232
3792,Train/mean_reward,325.2117614746094,1780998499.0591028
3798,Train/mean_reward,325.1952209472656,1780998527.986479
3804,Train/mean_reward,325.226806640625,1780998556.9549305
3810,Train/mean_reward,325.23974609375,1780998585.9271383
3816,Train/mean_reward,325.2407531738281,1780998614.7250974
3822,Train/mean_reward,325.2164001464844,1780998643.8890429
3828,Train/mean_reward,325.2958984375,1780998673.027641
3834,Train/mean_reward,325.3049011230469,1780998702.1516957
3840,Train/mean_reward,325.3174743652344,1780998731.4420116
3846,Train/mean_reward,325.3890075683594,1780998760.488286
3852,Train/mean_reward,325.372802734375,1780998789.563508
3858,Train/mean_reward,325.4520263671875,1780998818.4048657
3864,Train/mean_reward,325.4237976074219,1780998847.2730055
3870,Train/mean_reward,325.4242248535156,1780998876.396407
3876,Train/mean_reward,325.48126220703125,1780998906.0992362
3882,Train/mean_reward,325.4810485839844,1780998935.5507348
3888,Train/mean_reward,325.5153503417969,1780998965.1533682
3894,Train/mean_reward,325.5167541503906,1780998994.4937775
3900,Train/mean_reward,325.5443115234375,1780999023.5875256
3906,Train/mean_reward,325.525634765625,1780999052.9964707
3912,Train/mean_reward,325.5210266113281,1780999082.0798168
3918,Train/mean_reward,325.6022644042969,1780999111.0935855
3924,Train/mean_reward,325.5804443359375,1780999140.2118835
3930,Train/mean_reward,325.6506652832031,1780999169.4659755
3936,Train/mean_reward,325.7338562011719,1780999198.7434647
3942,Train/mean_reward,325.7383728027344,1780999227.928024
3948,Train/mean_reward,325.729736328125,1780999256.7982154
3954,Train/mean_reward,325.8145751953125,1780999285.736493
3960,Train/mean_reward,325.82623291015625,1780999314.8137758
3966,Train/mean_reward,325.9183349609375,1780999343.6756437
3972,Train/mean_reward,325.84381103515625,1780999372.4460046
3978,Train/mean_reward,325.92303466796875,1780999401.464655
3984,Train/mean_reward,325.9539489746094,1780999430.455877
3990,Train/mean_reward,325.95068359375,1780999459.6571002
3996,Train/mean_reward,325.9843444824219,1780999488.7512002
4002,Train/mean_reward,326.0010070800781,1780999518.1525934
4008,Train/mean_reward,326.0733947753906,1780999547.4243884
4014,Train/mean_reward,326.1178894042969,1780999576.4236975
4020,Train/mean_reward,326.096923828125,1780999606.0572886
4026,Train/mean_reward,326.09307861328125,1780999635.636083
4032,Train/mean_reward,326.12799072265625,1780999665.1146595
4038,Train/mean_reward,326.130859375,1780999694.7555137
4044,Train/mean_reward,326.10821533203125,1780999724.4218707
4050,Train/mean_reward,326.17022705078125,1780999752.2199237
4056,Train/mean_reward,326.1717834472656,1780999777.3069003
4062,Train/mean_reward,326.179931640625,1780999802.7474072
4068,Train/mean_reward,326.2312927246094,1780999832.0814288
4074,Train/mean_reward,326.23638916015625,1780999861.6141756
4080,Train/mean_reward,326.25360107421875,1780999891.045645
4086,Train/mean_reward,326.32037353515625,1780999920.6087701
4092,Train/mean_reward,326.3329162597656,1780999950.010822
4098,Train/mean_reward,326.318115234375,1780999979.551941
4104,Train/mean_reward,326.36126708984375,1781000008.8304875
4110,Train/mean_reward,326.4364318847656,1781000038.3248641
4116,Train/mean_reward,326.4252014160156,1781000067.6291482
4122,Train/mean_reward,326.41888427734375,1781000096.822117
4128,Train/mean_reward,326.4532165527344,1781000126.2637794
4134,Train/mean_reward,326.4371643066406,1781000156.0109663
4140,Train/mean_reward,326.52490234375,1781000185.5362782
4146,Train/mean_reward,326.49432373046875,1781000214.7021937
4152,Train/mean_reward,326.4473571777344,1781000243.813108
4158,Train/mean_reward,326.4866943359375,1781000273.2260315
4164,Train/mean_reward,326.46917724609375,1781000302.474613
4170,Train/mean_reward,326.50115966796875,1781000332.1365814
4176,Train/mean_reward,326.5280456542969,1781000361.91347
4182,Train/mean_reward,326.5074768066406,1781000391.4127772
4188,Train/mean_reward,326.5549011230469,1781000420.8088076
4194,Train/mean_reward,326.55615234375,1781000450.236575
4200,Train/mean_reward,326.55438232421875,1781000479.8094609
4206,Train/mean_reward,326.530517578125,1781000508.975307
4212,Train/mean_reward,326.5995178222656,1781000538.2495985
4218,Train/mean_reward,326.62158203125,1781000567.448593
4224,Train/mean_reward,326.65911865234375,1781000596.5977342
4230,Train/mean_reward,326.6553649902344,1781000625.7845023
4236,Train/mean_reward,326.6504821777344,1781000655.4377618
4242,Train/mean_reward,326.64312744140625,1781000684.825763
4248,Train/mean_reward,326.68328857421875,1781000714.4670265
4254,Train/mean_reward,326.6940612792969,1781000744.3892148
4260,Train/mean_reward,326.6754455566406,1781000774.030573
4266,Train/mean_reward,326.7217102050781,1781000803.2580812
4272,Train/mean_reward,326.7463684082031,1781000832.4080725
4278,Train/mean_reward,326.7288818359375,1781000861.7694297
4284,Train/mean_reward,326.7495422363281,1781000891.4396222
4290,Train/mean_reward,326.7627258300781,1781000921.2862766
4296,Train/mean_reward,326.7696533203125,1781000951.2233171
4302,Train/mean_reward,326.7863464355469,1781000981.0204074
4308,Train/mean_reward,326.799072265625,1781001011.1352386
4314,Train/mean_reward,326.796630859375,1781001040.7169182
4320,Train/mean_reward,326.8243713378906,1781001070.537485
4326,Train/mean_reward,326.8585205078125,1781001100.4023223
4332,Train/mean_reward,326.82904052734375,1781001130.078562
4338,Train/mean_reward,326.8345642089844,1781001159.6106956
4344,Train/mean_reward,326.83502197265625,1781001188.9870725
4350,Train/mean_reward,326.7400207519531,1781001218.626109
4356,Train/mean_reward,326.8011474609375,1781001248.542387
4362,Train/mean_reward,326.8180236816406,1781001278.1381803
4368,Train/mean_reward,326.8172912597656,1781001308.012612
4374,Train/mean_reward,326.8155212402344,1781001337.9118211
4380,Train/mean_reward,326.81170654296875,1781001367.7372482
4386,Train/mean_reward,326.8431091308594,1781001397.3745408
4392,Train/mean_reward,326.85589599609375,1781001426.6048229
4398,Train/mean_reward,326.8509521484375,1781001456.597858
4404,Train/mean_reward,326.8363952636719,1781001486.61816
4410,Train/mean_reward,326.8063049316406,1781001516.0736513
4416,Train/mean_reward,326.7898254394531,1781001545.7262518
4422,Train/mean_reward,326.8399658203125,1781001575.8076122
4428,Train/mean_reward,326.8700866699219,1781001605.7143974
4434,Train/mean_reward,326.90643310546875,1781001635.0793173
4440,Train/mean_reward,326.86468505859375,1781001664.7523496
4446,Train/mean_reward,326.9049072265625,1781001694.2957683
4452,Train/mean_reward,326.9072570800781,1781001723.946883
4458,Train/mean_reward,326.9148254394531,1781001753.9386396
4464,Train/mean_reward,326.859375,1781001783.7414103
4470,Train/mean_reward,326.9156494140625,1781001813.3826463
4476,Train/mean_reward,326.9148864746094,1781001843.4526415
4482,Train/mean_reward,326.88671875,1781001873.182907
4488,Train/mean_reward,326.9270935058594,1781001902.9538534
4494,Train/mean_reward,326.9141540527344,1781001932.1895876
4500,Train/mean_reward,326.9977722167969,1781001961.7382944
4506,Train/mean_reward,326.9537048339844,1781001991.3162231
4512,Train/mean_reward,326.94989013671875,1781002020.9504738
4518,Train/mean_reward,326.96221923828125,1781002050.6542215
4524,Train/mean_reward,326.96844482421875,1781002080.4142976
4530,Train/mean_reward,327.0187072753906,1781002110.2661667
4536,Train/mean_reward,326.9239501953125,1781002140.0687895
4542,Train/mean_reward,326.968017578125,1781002169.8899155
4548,Train/mean_reward,326.99249267578125,1781002199.45157
4554,Train/mean_reward,326.9918518066406,1781002229.2189023
4560,Train/mean_reward,326.9788818359375,1781002258.9507804
4566,Train/mean_reward,327.01318359375,1781002288.448509
4572,Train/mean_reward,327.00042724609375,1781002317.9944718
4578,Train/mean_reward,327.05059814453125,1781002347.8503616
4584,Train/mean_reward,327.02569580078125,1781002377.8288052
4590,Train/mean_reward,327.0098876953125,1781002407.768458
4596,Train/mean_reward,326.984375,1781002437.5418103
4602,Train/mean_reward,327.0025939941406,1781002467.2739975
4608,Train/mean_reward,326.9845886230469,1781002497.2195163
4614,Train/mean_reward,326.9625244140625,1781002526.9174626
4620,Train/mean_reward,326.96630859375,1781002556.7021694
4626,Train/mean_reward,326.9985046386719,1781002585.8851604
4632,Train/mean_reward,326.9985656738281,1781002615.5036924
4638,Train/mean_reward,327.0228271484375,1781002645.3754032
4644,Train/mean_reward,326.989990234375,1781002675.0626159
4650,Train/mean_reward,327.01104736328125,1781002704.6181426
4656,Train/mean_reward,324.4544372558594,1781002734.5705616
4662,Train/mean_reward,327.0181884765625,1781002764.5485544
4668,Train/mean_reward,327.0577697753906,1781002794.8030689
4674,Train/mean_reward,327.05352783203125,1781002825.0038023
4680,Train/mean_reward,327.0777587890625,1781002854.9588
4686,Train/mean_reward,327.0954895019531,1781002884.605976
4692,Train/mean_reward,327.0455017089844,1781002914.1947722
4698,Train/mean_reward,327.0425720214844,1781002943.911967
4704,Train/mean_reward,327.02606201171875,1781002973.004577
4710,Train/mean_reward,327.0531921386719,1781003002.8763788
4716,Train/mean_reward,327.0650634765625,1781003032.8388665
4722,Train/mean_reward,327.0797424316406,1781003062.9071767
4728,Train/mean_reward,327.0717468261719,1781003092.578996
4734,Train/mean_reward,327.08892822265625,1781003122.2979746
4740,Train/mean_reward,327.0762939453125,1781003151.9702706
4746,Train/mean_reward,327.0932312011719,1781003181.8214426
4752,Train/mean_reward,327.1285400390625,1781003211.971315
4758,Train/mean_reward,327.1112365722656,1781003242.0214174
4764,Train/mean_reward,327.123291015625,1781003272.0490162
4770,Train/mean_reward,327.0817565917969,1781003301.8013623
4776,Train/mean_reward,327.140625,1781003331.7645838
4782,Train/mean_reward,327.14288330078125,1781003361.7634273
4788,Train/mean_reward,327.0850830078125,1781003391.4318702
4794,Train/mean_reward,327.0800476074219,1781003421.465688
4800,Train/mean_reward,327.0766906738281,1781003451.4732282
4806,Train/mean_reward,327.1371765136719,1781003481.121017
4812,Train/mean_reward,327.1331481933594,1781003510.9098747
4818,Train/mean_reward,327.1639099121094,1781003540.7882926
4824,Train/mean_reward,327.1634826660156,1781003570.82289
4830,Train/mean_reward,327.17401123046875,1781003600.8116348
4836,Train/mean_reward,327.24969482421875,1781003630.4585013
4842,Train/mean_reward,327.23016357421875,1781003660.0023866
4848,Train/mean_reward,327.2370910644531,1781003689.5007467
4854,Train/mean_reward,327.2605285644531,1781003719.2750814
4860,Train/mean_reward,327.227294921875,1781003748.920152
4866,Train/mean_reward,327.24896240234375,1781003778.8403192
4872,Train/mean_reward,327.240478515625,1781003808.6774154
4878,Train/mean_reward,327.29046630859375,1781003838.271905
4884,Train/mean_reward,327.2854309082031,1781003868.0034957
4890,Train/mean_reward,327.2543640136719,1781003897.5677629
4896,Train/mean_reward,327.3331298828125,1781003927.0376098
4902,Train/mean_reward,327.30908203125,1781003956.522261
4908,Train/mean_reward,327.2756042480469,1781003985.7103188
4914,Train/mean_reward,327.33843994140625,1781004015.350392
4920,Train/mean_reward,327.3532409667969,1781004045.094117
4926,Train/mean_reward,327.3746643066406,1781004074.9931672
4932,Train/mean_reward,327.3953857421875,1781004104.5817251
4938,Train/mean_reward,327.39581298828125,1781004133.9661665
4944,Train/mean_reward,327.371826171875,1781004163.6398027
4950,Train/mean_reward,327.39166259765625,1781004193.2388513
4956,Train/mean_reward,327.3980712890625,1781004223.3751893
4962,Train/mean_reward,327.43011474609375,1781004253.2809293
4968,Train/mean_reward,327.45550537109375,1781004283.273948
4974,Train/mean_reward,327.4750671386719,1781004313.2368839
4980,Train/mean_reward,327.4912109375,1781004343.1145701
4986,Train/mean_reward,327.476806640625,1781004372.6981335
4992,Train/mean_reward,327.4851379394531,1781004401.6174119
4998,Train/mean_reward,327.5066833496094,1781004431.145491
5004,Train/mean_reward,327.5174255371094,1781004460.21825
5010,Train/mean_reward,327.5118408203125,1781004489.4490275
5016,Train/mean_reward,327.496337890625,1781004518.6702883
5022,Train/mean_reward,327.49969482421875,1781004548.0526707
5028,Train/mean_reward,327.5025939941406,1781004577.1630619
5034,Train/mean_reward,327.5238952636719,1781004606.2596216
5040,Train/mean_reward,327.5457763671875,1781004635.8535063
5046,Train/mean_reward,327.53912353515625,1781004665.7614427
5052,Train/mean_reward,327.5287780761719,1781004695.1394768
5058,Train/mean_reward,327.58184814453125,1781004724.363084
5064,Train/mean_reward,327.58160400390625,1781004753.5749402
5070,Train/mean_reward,327.5625305175781,1781004782.838625
5076,Train/mean_reward,327.5736999511719,1781004811.9287682
5082,Train/mean_reward,327.61572265625,1781004841.2819693
5088,Train/mean_reward,327.6203308105469,1781004870.6107745
5094,Train/mean_reward,327.6388244628906,1781004900.0385427
5100,Train/mean_reward,327.67230224609375,1781004929.5231936
5106,Train/mean_reward,327.69573974609375,1781004958.9457917
5112,Train/mean_reward,327.7203063964844,1781004988.1591146
5118,Train/mean_reward,327.6964111328125,1781005017.6179256
5124,Train/mean_reward,327.728271484375,1781005047.2127101
5130,Train/mean_reward,327.7168273925781,1781005076.4567235
5136,Train/mean_reward,327.7735595703125,1781005105.9117482
5142,Train/mean_reward,327.77239990234375,1781005135.4434204
5148,Train/mean_reward,327.73516845703125,1781005164.628497
5154,Train/mean_reward,327.8095703125,1781005193.388535
5160,Train/mean_reward,327.8334655761719,1781005222.263802
5166,Train/mean_reward,327.810302734375,1781005251.1416495
5172,Train/mean_reward,327.81280517578125,1781005280.098835
5178,Train/mean_reward,327.7997131347656,1781005309.3451855
5184,Train/mean_reward,327.85491943359375,1781005338.2739947
5190,Train/mean_reward,327.86151123046875,1781005367.9693646
5196,Train/mean_reward,327.81378173828125,1781005396.9835942
5202,Train/mean_reward,327.8148193359375,1781005426.16737
5208,Train/mean_reward,327.85174560546875,1781005454.7668087
5214,Train/mean_reward,327.84600830078125,1781005484.0831943
5220,Train/mean_reward,327.88433837890625,1781005513.1179838
5226,Train/mean_reward,327.9151306152344,1781005542.248981
5232,Train/mean_reward,327.9061584472656,1781005571.5025375
5238,Train/mean_reward,327.85540771484375,1781005600.9890447
5244,Train/mean_reward,327.9053649902344,1781005630.535079
5250,Train/mean_reward,327.9207763671875,1781005660.2500823
5256,Train/mean_reward,327.9078674316406,1781005689.6984406
5262,Train/mean_reward,327.9161071777344,1781005719.5287719
5268,Train/mean_reward,327.9108581542969,1781005749.1572065
5274,Train/mean_reward,327.9564514160156,1781005778.9609373
5280,Train/mean_reward,327.9566650390625,1781005809.0708642
5286,Train/mean_reward,327.98638916015625,1781005838.812674
5292,Train/mean_reward,327.9565734863281,1781005868.2971523
5298,Train/mean_reward,328.004150390625,1781005897.4793208
5304,Train/mean_reward,327.98834228515625,1781005926.7789717
5310,Train/mean_reward,327.9964294433594,1781005955.8373282
5316,Train/mean_reward,327.9603576660156,1781005984.6732576
5322,Train/mean_reward,327.97418212890625,1781006013.6728735
5328,Train/mean_reward,327.9764404296875,1781006042.646561
5334,Train/mean_reward,327.9964294433594,1781006072.1773117
5340,Train/mean_reward,327.99176025390625,1781006102.1266184
5346,Train/mean_reward,327.96209716796875,1781006132.5553951
5352,Train/mean_reward,327.96051025390625,1781006162.4965963
5358,Train/mean_reward,327.9537353515625,1781006192.5680656
5364,Train/mean_reward,327.9541015625,1781006222.4242992
5370,Train/mean_reward,327.9630432128906,1781006252.253495
5376,Train/mean_reward,327.9625244140625,1781006282.4046578
5382,Train/mean_reward,327.92535400390625,1781006312.7160027
5388,Train/mean_reward,327.95867919921875,1781006344.086274
5394,Train/mean_reward,327.9005126953125,1781006374.1492796
5400,Train/mean_reward,327.9463806152344,1781006404.0956423
5406,Train/mean_reward,327.9633483886719,1781006434.4695227
5412,Train/mean_reward,327.9944763183594,1781006465.4109895
5418,Train/mean_reward,327.9952087402344,1781006496.8348489
5424,Train/mean_reward,328.0363464355469,1781006527.8263526
5430,Train/mean_reward,328.060546875,1781006558.3555326
5436,Train/mean_reward,328.0885314941406,1781006589.0894947
5442,Train/mean_reward,328.0752868652344,1781006619.5391095
5448,Train/mean_reward,328.0788879394531,1781006649.9132168
5454,Train/mean_reward,328.07623291015625,1781006680.2614682
5460,Train/mean_reward,328.117431640625,1781006711.4627485
5466,Train/mean_reward,328.126708984375,1781006742.6479836
5472,Train/mean_reward,328.0884094238281,1781006773.3970444
5478,Train/mean_reward,328.0942077636719,1781006803.7189353
5484,Train/mean_reward,328.0850830078125,1781006834.231708
5490,Train/mean_reward,328.090576171875,1781006865.2169394
5496,Train/mean_reward,328.05126953125,1781006896.352785
5502,Train/mean_reward,328.0675964355469,1781006927.5865345
5508,Train/mean_reward,328.0675354003906,1781006958.6505375
5514,Train/mean_reward,328.1086120605469,1781006989.5876875
5520,Train/mean_reward,328.1148986816406,1781007019.936206
5526,Train/mean_reward,328.1127624511719,1781007050.8056233
5532,Train/mean_reward,328.1099853515625,1781007081.2697318
5538,Train/mean_reward,328.1214294433594,1781007111.7748625
5544,Train/mean_reward,328.1781311035156,1781007141.7981973
5550,Train/mean_reward,328.1924743652344,1781007172.6755917
5556,Train/mean_reward,328.1759338378906,1781007202.6156414
5562,Train/mean_reward,328.2347717285156,1781007232.810499
5568,Train/mean_reward,328.2302551269531,1781007262.85599
5574,Train/mean_reward,328.2348327636719,1781007293.3912306
5580,Train/mean_reward,328.2547607421875,1781007323.5056856
5586,Train/mean_reward,328.2524108886719,1781007354.4479036
5592,Train/mean_reward,328.2669372558594,1781007385.2558722
5598,Train/mean_reward,328.2381591796875,1781007416.054313
5604,Train/mean_reward,328.3033447265625,1781007447.4116077
5610,Train/mean_reward,328.2798767089844,1781007478.0464768
5616,Train/mean_reward,328.2880859375,1781007508.7941678
5622,Train/mean_reward,328.26824951171875,1781007539.9175549
5628,Train/mean_reward,328.3062438964844,1781007570.6502068
5634,Train/mean_reward,328.33135986328125,1781007601.0685964
5640,Train/mean_reward,328.3360290527344,1781007633.0664194
5646,Train/mean_reward,328.3807373046875,1781007664.407513
5652,Train/mean_reward,328.31103515625,1781007694.2894137
5654,Train/mean_reward,328.3565979003906,1781007704.0905876
0,Train/mean_episode_length,18.790000915527344,1780976897.3032033
6,Train/mean_episode_length,47.25,1780976942.6752164
12,Train/mean_episode_length,57.27000045776367,1780976987.279278
18,Train/mean_episode_length,63.25,1780977031.6631658
24,Train/mean_episode_length,72.30000305175781,1780977074.445856
30,Train/mean_episode_length,81.58999633789062,1780977118.346252
36,Train/mean_episode_length,104.55000305175781,1780977161.63862
42,Train/mean_episode_length,146.1300048828125,1780977204.5388212
48,Train/mean_episode_length,195.72999572753906,1780977246.6777678
54,Train/mean_episode_length,297.8800048828125,1780977289.1941006
60,Train/mean_episode_length,371.6199951171875,1780977332.687218
66,Train/mean_episode_length,482.1199951171875,1780977375.9980698
72,Train/mean_episode_length,571.4500122070312,1780977419.922741
78,Train/mean_episode_length,966.27001953125,1780977459.6731598
84,Train/mean_episode_length,989.1199951171875,1780977499.5936847
90,Train/mean_episode_length,950.3599853515625,1780977543.1544201
96,Train/mean_episode_length,942.3099975585938,1780977584.909658
102,Train/mean_episode_length,824.9099731445312,1780977627.6128252
108,Train/mean_episode_length,831.4199829101562,1780977671.1664062
114,Train/mean_episode_length,893.9199829101562,1780977713.9492316
120,Train/mean_episode_length,991.9000244140625,1780977755.3476145
126,Train/mean_episode_length,1000.0,1780977797.4564676
132,Train/mean_episode_length,982.77001953125,1780977838.7993927
138,Train/mean_episode_length,960.77001953125,1780977881.3238602
144,Train/mean_episode_length,955.030029296875,1780977923.0033426
150,Train/mean_episode_length,929.4199829101562,1780977963.8482153
156,Train/mean_episode_length,971.2999877929688,1780978004.7013907
162,Train/mean_episode_length,993.6300048828125,1780978042.6114726
168,Train/mean_episode_length,997.52001953125,1780978084.485983
174,Train/mean_episode_length,999.1400146484375,1780978128.783514
180,Train/mean_episode_length,985.4500122070312,1780978171.5751784
186,Train/mean_episode_length,986.0399780273438,1780978215.4779475
192,Train/mean_episode_length,991.3699951171875,1780978259.788968
198,Train/mean_episode_length,978.1799926757812,1780978304.2668114
204,Train/mean_episode_length,1000.0,1780978346.866412
210,Train/mean_episode_length,1000.0,1780978390.0432365
216,Train/mean_episode_length,1000.0,1780978431.564838
222,Train/mean_episode_length,1000.0,1780978474.9705713
228,Train/mean_episode_length,996.1799926757812,1780978518.1290915
234,Train/mean_episode_length,993.5800170898438,1780978561.3562548
240,Train/mean_episode_length,1000.0,1780978607.127366
246,Train/mean_episode_length,1000.0,1780978644.7127645
252,Train/mean_episode_length,1000.0,1780978679.090885
258,Train/mean_episode_length,1000.0,1780978714.2811007
264,Train/mean_episode_length,1000.0,1780978748.0197914
270,Train/mean_episode_length,1000.0,1780978781.781852
276,Train/mean_episode_length,1000.0,1780978817.5482004
282,Train/mean_episode_length,1000.0,1780978852.9095514
288,Train/mean_episode_length,1000.0,1780978889.897793
294,Train/mean_episode_length,1000.0,1780978926.5486825
300,Train/mean_episode_length,1000.0,1780978960.0251167
306,Train/mean_episode_length,1000.0,1780978994.0229845
312,Train/mean_episode_length,1000.0,1780979029.9528885
318,Train/mean_episode_length,1000.0,1780979065.8366046
324,Train/mean_episode_length,1000.0,1780979102.4768434
330,Train/mean_episode_length,1000.0,1780979137.932544
336,Train/mean_episode_length,1000.0,1780979173.802667
342,Train/mean_episode_length,1000.0,1780979210.3528402
348,Train/mean_episode_length,1000.0,1780979246.5364022
354,Train/mean_episode_length,1000.0,1780979281.9948437
360,Train/mean_episode_length,1000.0,1780979316.3479795
366,Train/mean_episode_length,997.7999877929688,1780979352.481309
372,Train/mean_episode_length,1000.0,1780979388.9679446
378,Train/mean_episode_length,1000.0,1780979425.0210447
384,Train/mean_episode_length,1000.0,1780979461.1304157
390,Train/mean_episode_length,1000.0,1780979493.4624734
396,Train/mean_episode_length,1000.0,1780979528.5092409
402,Train/mean_episode_length,1000.0,1780979563.6833704
408,Train/mean_episode_length,1000.0,1780979598.8241894
414,Train/mean_episode_length,1000.0,1780979634.2519221
420,Train/mean_episode_length,1000.0,1780979669.7158256
426,Train/mean_episode_length,1000.0,1780979704.9396412
432,Train/mean_episode_length,1000.0,1780979739.8786879
438,Train/mean_episode_length,1000.0,1780979774.589908
444,Train/mean_episode_length,1000.0,1780979810.3228812
450,Train/mean_episode_length,1000.0,1780979846.4200227
456,Train/mean_episode_length,1000.0,1780979881.0808196
462,Train/mean_episode_length,1000.0,1780979917.7027593
468,Train/mean_episode_length,1000.0,1780979951.2233195
474,Train/mean_episode_length,1000.0,1780979982.8994296
480,Train/mean_episode_length,995.4299926757812,1780980015.25596
486,Train/mean_episode_length,1000.0,1780980046.8365073
492,Train/mean_episode_length,1000.0,1780980077.9773834
498,Train/mean_episode_length,1000.0,1780980110.3880725
504,Train/mean_episode_length,1000.0,1780980141.9191067
510,Train/mean_episode_length,1000.0,1780980173.76416
516,Train/mean_episode_length,998.9500122070312,1780980204.5935514
522,Train/mean_episode_length,1000.0,1780980235.7988834
528,Train/mean_episode_length,1000.0,1780980267.6360912
534,Train/mean_episode_length,1000.0,1780980299.70557
540,Train/mean_episode_length,1000.0,1780980334.047162
546,Train/mean_episode_length,1000.0,1780980366.7902236
552,Train/mean_episode_length,1000.0,1780980399.2520247
558,Train/mean_episode_length,1000.0,1780980434.2461514
564,Train/mean_episode_length,1000.0,1780980469.0438964
570,Train/mean_episode_length,1000.0,1780980502.1067038
576,Train/mean_episode_length,1000.0,1780980536.7284803
582,Train/mean_episode_length,997.9500122070312,1780980570.8398497
588,Train/mean_episode_length,1000.0,1780980605.7898695
594,Train/mean_episode_length,1000.0,1780980641.3478925
600,Train/mean_episode_length,1000.0,1780980674.5897572
606,Train/mean_episode_length,1000.0,1780980709.258919
612,Train/mean_episode_length,1000.0,1780980740.6334183
618,Train/mean_episode_length,1000.0,1780980772.6674542
624,Train/mean_episode_length,1000.0,1780980807.0234127
630,Train/mean_episode_length,1000.0,1780980839.0456834
636,Train/mean_episode_length,1000.0,1780980873.0332568
642,Train/mean_episode_length,991.9600219726562,1780980905.8885696
648,Train/mean_episode_length,1000.0,1780980938.3548753
654,Train/mean_episode_length,1000.0,1780980969.4661536
660,Train/mean_episode_length,1000.0,1780981001.0891926
666,Train/mean_episode_length,1000.0,1780981033.5701604
672,Train/mean_episode_length,1000.0,1780981066.3392663
678,Train/mean_episode_length,1000.0,1780981099.2401083
684,Train/mean_episode_length,1000.0,1780981134.4088757
690,Train/mean_episode_length,1000.0,1780981169.2859817
696,Train/mean_episode_length,1000.0,1780981204.549101
702,Train/mean_episode_length,1000.0,1780981239.302062
708,Train/mean_episode_length,1000.0,1780981274.002441
714,Train/mean_episode_length,1000.0,1780981309.0338812
720,Train/mean_episode_length,1000.0,1780981342.9537258
726,Train/mean_episode_length,1000.0,1780981375.503584
732,Train/mean_episode_length,1000.0,1780981409.0551527
738,Train/mean_episode_length,1000.0,1780981445.4131682
744,Train/mean_episode_length,1000.0,1780981481.523298
750,Train/mean_episode_length,1000.0,1780981516.4107504
756,Train/mean_episode_length,1000.0,1780981550.6058085
762,Train/mean_episode_length,1000.0,1780981586.726775
768,Train/mean_episode_length,1000.0,1780981621.8330438
774,Train/mean_episode_length,1000.0,1780981655.8344948
780,Train/mean_episode_length,1000.0,1780981690.804179
786,Train/mean_episode_length,1000.0,1780981726.761386
792,Train/mean_episode_length,1000.0,1780981763.1649694
798,Train/mean_episode_length,1000.0,1780981799.5928931
804,Train/mean_episode_length,1000.0,1780981835.1492772
810,Train/mean_episode_length,1000.0,1780981870.604816
816,Train/mean_episode_length,1000.0,1780981905.3413076
822,Train/mean_episode_length,1000.0,1780981938.06453
828,Train/mean_episode_length,1000.0,1780981972.112706
834,Train/mean_episode_length,1000.0,1780982007.4375093
840,Train/mean_episode_length,1000.0,1780982043.0824697
846,Train/mean_episode_length,990.0499877929688,1780982076.0427213
852,Train/mean_episode_length,1000.0,1780982110.8823352
858,Train/mean_episode_length,1000.0,1780982145.6670413
864,Train/mean_episode_length,1000.0,1780982181.089267
870,Train/mean_episode_length,1000.0,1780982216.048695
876,Train/mean_episode_length,1000.0,1780982251.7058282
882,Train/mean_episode_length,1000.0,1780982285.0419614
888,Train/mean_episode_length,1000.0,1780982320.3437858
894,Train/mean_episode_length,1000.0,1780982353.7982798
900,Train/mean_episode_length,1000.0,1780982389.8319726
906,Train/mean_episode_length,1000.0,1780982422.3365366
912,Train/mean_episode_length,1000.0,1780982456.1339877
918,Train/mean_episode_length,1000.0,1780982491.8571312
924,Train/mean_episode_length,1000.0,1780982528.2290452
930,Train/mean_episode_length,1000.0,1780982564.0721302
936,Train/mean_episode_length,1000.0,1780982599.4868355
942,Train/mean_episode_length,1000.0,1780982635.9973683
948,Train/mean_episode_length,1000.0,1780982671.4473615
954,Train/mean_episode_length,1000.0,1780982705.4425423
960,Train/mean_episode_length,1000.0,1780982738.8771517
966,Train/mean_episode_length,1000.0,1780982770.065955
972,Train/mean_episode_length,1000.0,1780982801.7913918
978,Train/mean_episode_length,1000.0,1780982833.8913789
984,Train/mean_episode_length,1000.0,1780982865.2040386
990,Train/mean_episode_length,1000.0,1780982896.8865495
996,Train/mean_episode_length,1000.0,1780982929.0898345
1002,Train/mean_episode_length,1000.0,1780982964.2631981
1008,Train/mean_episode_length,1000.0,1780982997.871382
1014,Train/mean_episode_length,1000.0,1780983031.7061417
1020,Train/mean_episode_length,1000.0,1780983066.3848221
1026,Train/mean_episode_length,1000.0,1780983098.7647347
1032,Train/mean_episode_length,1000.0,1780983130.9850476
1038,Train/mean_episode_length,1000.0,1780983163.8963535
1044,Train/mean_episode_length,1000.0,1780983199.663622
1050,Train/mean_episode_length,1000.0,1780983233.3443892
1056,Train/mean_episode_length,1000.0,1780983266.0981379
1062,Train/mean_episode_length,1000.0,1780983301.2765791
1068,Train/mean_episode_length,1000.0,1780983336.8519838
1074,Train/mean_episode_length,1000.0,1780983372.2406464
1080,Train/mean_episode_length,1000.0,1780983407.630824
1086,Train/mean_episode_length,1000.0,1780983442.2430966
1092,Train/mean_episode_length,1000.0,1780983476.6834316
1098,Train/mean_episode_length,1000.0,1780983512.5697188
1104,Train/mean_episode_length,1000.0,1780983548.1240203
1110,Train/mean_episode_length,1000.0,1780983582.415708
1116,Train/mean_episode_length,1000.0,1780983616.463425
1122,Train/mean_episode_length,1000.0,1780983648.848789
1128,Train/mean_episode_length,1000.0,1780983681.7802625
1134,Train/mean_episode_length,1000.0,1780983716.4742577
1140,Train/mean_episode_length,1000.0,1780983749.9812913
1146,Train/mean_episode_length,1000.0,1780983782.5997407
1152,Train/mean_episode_length,1000.0,1780983816.3764045
1158,Train/mean_episode_length,1000.0,1780983852.0908787
1164,Train/mean_episode_length,1000.0,1780983887.0314322
1170,Train/mean_episode_length,1000.0,1780983921.7180235
1176,Train/mean_episode_length,1000.0,1780983956.8069296
1182,Train/mean_episode_length,1000.0,1780983992.0080912
1188,Train/mean_episode_length,1000.0,1780984027.2492802
1194,Train/mean_episode_length,1000.0,1780984062.431849
1200,Train/mean_episode_length,1000.0,1780984095.5752048
1206,Train/mean_episode_length,1000.0,1780984130.3449123
1212,Train/mean_episode_length,1000.0,1780984164.4715934
1218,Train/mean_episode_length,1000.0,1780984196.9553733
1224,Train/mean_episode_length,990.0399780273438,1780984230.6500385
1230,Train/mean_episode_length,1000.0,1780984263.3350692
1236,Train/mean_episode_length,1000.0,1780984297.8114963
1242,Train/mean_episode_length,1000.0,1780984328.9697795
1248,Train/mean_episode_length,1000.0,1780984360.5169842
1254,Train/mean_episode_length,1000.0,1780984393.33418
1260,Train/mean_episode_length,1000.0,1780984427.179535
1266,Train/mean_episode_length,1000.0,1780984461.1754978
1272,Train/mean_episode_length,1000.0,1780984494.9123352
1278,Train/mean_episode_length,1000.0,1780984528.6334784
1284,Train/mean_episode_length,1000.0,1780984563.5972152
1290,Train/mean_episode_length,1000.0,1780984598.972616
1296,Train/mean_episode_length,1000.0,1780984633.4851973
1302,Train/mean_episode_length,1000.0,1780984666.2610493
1308,Train/mean_episode_length,1000.0,1780984701.9166255
1314,Train/mean_episode_length,1000.0,1780984737.0693247
1320,Train/mean_episode_length,1000.0,1780984772.0416555
1326,Train/mean_episode_length,995.489990234375,1780984807.8026252
1332,Train/mean_episode_length,1000.0,1780984843.07767
1338,Train/mean_episode_length,992.0499877929688,1780984877.9109375
1344,Train/mean_episode_length,1000.0,1780984913.0985312
1350,Train/mean_episode_length,1000.0,1780984946.9477067
1356,Train/mean_episode_length,1000.0,1780984980.9590387
1362,Train/mean_episode_length,1000.0,1780985015.8625169
1368,Train/mean_episode_length,1000.0,1780985051.3511987
1374,Train/mean_episode_length,1000.0,1780985084.0855906
1380,Train/mean_episode_length,1000.0,1780985116.5624247
1386,Train/mean_episode_length,1000.0,1780985150.2625134
1392,Train/mean_episode_length,1000.0,1780985184.4320073
1398,Train/mean_episode_length,1000.0,1780985219.3825796
1404,Train/mean_episode_length,991.0599975585938,1780985252.6194923
1410,Train/mean_episode_length,1000.0,1780985287.2510357
1416,Train/mean_episode_length,1000.0,1780985320.6506839
1422,Train/mean_episode_length,1000.0,1780985354.9990854
1428,Train/mean_episode_length,1000.0,1780985389.9952137
1434,Train/mean_episode_length,1000.0,1780985425.7413898
1440,Train/mean_episode_length,1000.0,1780985461.1461177
1446,Train/mean_episode_length,1000.0,1780985495.6985958
1452,Train/mean_episode_length,1000.0,1780985531.4832926
1458,Train/mean_episode_length,1000.0,1780985567.093663
1464,Train/mean_episode_length,1000.0,1780985603.0845094
1470,Train/mean_episode_length,1000.0,1780985638.8485384
1476,Train/mean_episode_length,1000.0,1780985673.9983282
1482,Train/mean_episode_length,1000.0,1780985707.0633507
1488,Train/mean_episode_length,1000.0,1780985741.943129
1494,Train/mean_episode_length,998.75,1780985777.0147285
1500,Train/mean_episode_length,1000.0,1780985812.0060043
1506,Train/mean_episode_length,1000.0,1780985846.9315703
1512,Train/mean_episode_length,1000.0,1780985880.2418058
1518,Train/mean_episode_length,992.3800048828125,1780985914.9745705
1524,Train/mean_episode_length,1000.0,1780985950.1070585
1530,Train/mean_episode_length,1000.0,1780985984.022837
1536,Train/mean_episode_length,1000.0,1780986019.2576396
1542,Train/mean_episode_length,1000.0,1780986053.3090885
1548,Train/mean_episode_length,1000.0,1780986089.2645056
1554,Train/mean_episode_length,1000.0,1780986124.5649064
1560,Train/mean_episode_length,999.1699829101562,1780986159.8592548
1566,Train/mean_episode_length,1000.0,1780986194.7986314
1572,Train/mean_episode_length,1000.0,1780986230.6802294
1578,Train/mean_episode_length,1000.0,1780986265.3658547
1584,Train/mean_episode_length,1000.0,1780986298.1847162
1590,Train/mean_episode_length,1000.0,1780986330.503146
1596,Train/mean_episode_length,1000.0,1780986364.0189204
1602,Train/mean_episode_length,1000.0,1780986396.5185313
1608,Train/mean_episode_length,1000.0,1780986428.07842
1614,Train/mean_episode_length,1000.0,1780986459.9479754
1620,Train/mean_episode_length,1000.0,1780986492.0223787
1626,Train/mean_episode_length,1000.0,1780986524.963785
1632,Train/mean_episode_length,1000.0,1780986559.8712096
1638,Train/mean_episode_length,1000.0,1780986595.3117583
1644,Train/mean_episode_length,1000.0,1780986629.5181015
1650,Train/mean_episode_length,1000.0,1780986665.2025418
1656,Train/mean_episode_length,1000.0,1780986700.878157
1662,Train/mean_episode_length,1000.0,1780986735.6258297
1668,Train/mean_episode_length,1000.0,1780986769.5350435
1674,Train/mean_episode_length,1000.0,1780986804.4718242
1680,Train/mean_episode_length,1000.0,1780986839.6385694
1686,Train/mean_episode_length,1000.0,1780986874.9684997
1692,Train/mean_episode_length,1000.0,1780986909.2043765
1698,Train/mean_episode_length,996.3499755859375,1780986942.902427
1704,Train/mean_episode_length,1000.0,1780986977.4962654
1710,Train/mean_episode_length,1000.0,1780987013.0824907
1716,Train/mean_episode_length,1000.0,1780987045.6770113
1722,Train/mean_episode_length,1000.0,1780987078.5427978
1728,Train/mean_episode_length,993.9600219726562,1780987113.0025277
1734,Train/mean_episode_length,1000.0,1780987148.4651227
1740,Train/mean_episode_length,1000.0,1780987183.34229
1746,Train/mean_episode_length,1000.0,1780987216.5158095
1752,Train/mean_episode_length,1000.0,1780987251.872146
1758,Train/mean_episode_length,1000.0,1780987284.617098
1764,Train/mean_episode_length,1000.0,1780987319.6261923
1770,Train/mean_episode_length,993.530029296875,1780987353.5388913
1776,Train/mean_episode_length,1000.0,1780987388.994674
1782,Train/mean_episode_length,999.5700073242188,1780987422.4306564
1788,Train/mean_episode_length,1000.0,1780987457.3314636
1794,Train/mean_episode_length,1000.0,1780987492.862162
1800,Train/mean_episode_length,1000.0,1780987527.968287
1806,Train/mean_episode_length,1000.0,1780987563.63374
1812,Train/mean_episode_length,1000.0,1780987599.1286883
1818,Train/mean_episode_length,1000.0,1780987633.6731555
1824,Train/mean_episode_length,1000.0,1780987667.2753832
1830,Train/mean_episode_length,1000.0,1780987702.431868
1836,Train/mean_episode_length,1000.0,1780987737.8550181
1842,Train/mean_episode_length,1000.0,1780987772.9592736
1848,Train/mean_episode_length,1000.0,1780987807.9147542
1854,Train/mean_episode_length,1000.0,1780987843.267003
1860,Train/mean_episode_length,996.75,1780987875.689139
1866,Train/mean_episode_length,1000.0,1780987907.7972543
1872,Train/mean_episode_length,1000.0,1780987941.7016199
1878,Train/mean_episode_length,994.7899780273438,1780987975.5616043
1884,Train/mean_episode_length,1000.0,1780988010.1552522
1890,Train/mean_episode_length,1000.0,1780988045.10873
1896,Train/mean_episode_length,1000.0,1780988079.7430394
1902,Train/mean_episode_length,1000.0,1780988114.7556305
1908,Train/mean_episode_length,1000.0,1780988148.8760326
1914,Train/mean_episode_length,1000.0,1780988181.2465565
1920,Train/mean_episode_length,1000.0,1780988213.9458883
1926,Train/mean_episode_length,1000.0,1780988245.783838
1932,Train/mean_episode_length,1000.0,1780988279.7007737
1938,Train/mean_episode_length,1000.0,1780988314.5729692
1944,Train/mean_episode_length,1000.0,1780988347.3115797
1950,Train/mean_episode_length,1000.0,1780988378.6558833
1956,Train/mean_episode_length,1000.0,1780988411.9482908
1962,Train/mean_episode_length,1000.0,1780988447.07906
1968,Train/mean_episode_length,1000.0,1780988480.9125297
1974,Train/mean_episode_length,1000.0,1780988515.8071449
1980,Train/mean_episode_length,1000.0,1780988550.4264886
1986,Train/mean_episode_length,1000.0,1780988583.9877563
1992,Train/mean_episode_length,1000.0,1780988618.4595575
1998,Train/mean_episode_length,1000.0,1780988651.8897746
2004,Train/mean_episode_length,1000.0,1780988684.1680403
2010,Train/mean_episode_length,1000.0,1780988717.32202
2016,Train/mean_episode_length,1000.0,1780988750.0217273
2022,Train/mean_episode_length,1000.0,1780988783.2651613
2028,Train/mean_episode_length,1000.0,1780988815.0365093
2034,Train/mean_episode_length,1000.0,1780988847.0580976
2040,Train/mean_episode_length,1000.0,1780988880.4520862
2046,Train/mean_episode_length,1000.0,1780988915.4264548
2052,Train/mean_episode_length,1000.0,1780988950.2642884
2058,Train/mean_episode_length,1000.0,1780988984.5081406
2064,Train/mean_episode_length,1000.0,1780989014.6767182
2070,Train/mean_episode_length,1000.0,1780989047.9902942
2076,Train/mean_episode_length,1000.0,1780989080.3991096
2082,Train/mean_episode_length,1000.0,1780989111.9942017
2088,Train/mean_episode_length,1000.0,1780989145.7248511
2094,Train/mean_episode_length,1000.0,1780989181.0080228
2100,Train/mean_episode_length,1000.0,1780989215.9165275
2106,Train/mean_episode_length,1000.0,1780989249.7845366
2112,Train/mean_episode_length,1000.0,1780989284.6584516
2118,Train/mean_episode_length,1000.0,1780989319.4916105
2124,Train/mean_episode_length,1000.0,1780989354.453849
2130,Train/mean_episode_length,1000.0,1780989389.8999813
2136,Train/mean_episode_length,1000.0,1780989425.606668
2142,Train/mean_episode_length,1000.0,1780989461.2166247
2148,Train/mean_episode_length,1000.0,1780989496.3955472
2154,Train/mean_episode_length,1000.0,1780989531.5821936
2160,Train/mean_episode_length,1000.0,1780989566.811187
2166,Train/mean_episode_length,1000.0,1780989601.7485096
2172,Train/mean_episode_length,1000.0,1780989636.0317523
2178,Train/mean_episode_length,1000.0,1780989670.795081
2184,Train/mean_episode_length,1000.0,1780989704.089053
2190,Train/mean_episode_length,1000.0,1780989737.6909547
2196,Train/mean_episode_length,995.5499877929688,1780989773.9955626
2202,Train/mean_episode_length,1000.0,1780989809.0977256
2208,Train/mean_episode_length,1000.0,1780989842.8683612
2214,Train/mean_episode_length,1000.0,1780989876.1034315
2220,Train/mean_episode_length,1000.0,1780989911.0086908
2226,Train/mean_episode_length,1000.0,1780989946.2015364
2232,Train/mean_episode_length,1000.0,1780989981.5759764
2238,Train/mean_episode_length,1000.0,1780990017.274635
2244,Train/mean_episode_length,1000.0,1780990050.0970483
2250,Train/mean_episode_length,1000.0,1780990081.8405387
2256,Train/mean_episode_length,1000.0,1780990113.685817
2262,Train/mean_episode_length,1000.0,1780990145.272097
2268,Train/mean_episode_length,1000.0,1780990179.7041771
2274,Train/mean_episode_length,1000.0,1780990214.0147493
2280,Train/mean_episode_length,1000.0,1780990248.6675794
2286,Train/mean_episode_length,1000.0,1780990283.058028
2292,Train/mean_episode_length,1000.0,1780990316.553335
2298,Train/mean_episode_length,1000.0,1780990349.5138233
2304,Train/mean_episode_length,1000.0,1780990382.0363188
2310,Train/mean_episode_length,1000.0,1780990415.7472758
2316,Train/mean_episode_length,1000.0,1780990450.5683138
2322,Train/mean_episode_length,1000.0,1780990484.763123
2328,Train/mean_episode_length,1000.0,1780990518.4867623
2334,Train/mean_episode_length,1000.0,1780990553.3349383
2340,Train/mean_episode_length,1000.0,1780990587.7030427
2346,Train/mean_episode_length,1000.0,1780990619.1693878
2352,Train/mean_episode_length,1000.0,1780990651.9685032
2358,Train/mean_episode_length,1000.0,1780990684.760093
2364,Train/mean_episode_length,1000.0,1780990717.2684033
2370,Train/mean_episode_length,1000.0,1780990749.7411604
2376,Train/mean_episode_length,1000.0,1780990784.8098853
2382,Train/mean_episode_length,1000.0,1780990819.7432907
2388,Train/mean_episode_length,1000.0,1780990851.7496934
2394,Train/mean_episode_length,1000.0,1780990884.3858457
2400,Train/mean_episode_length,1000.0,1780990919.8912473
2406,Train/mean_episode_length,1000.0,1780990955.279591
2412,Train/mean_episode_length,1000.0,1780990988.2427962
2418,Train/mean_episode_length,1000.0,1780991019.4320877
2424,Train/mean_episode_length,1000.0,1780991051.3880315
2430,Train/mean_episode_length,1000.0,1780991085.294593
2436,Train/mean_episode_length,1000.0,1780991117.280749
2442,Train/mean_episode_length,1000.0,1780991150.6716826
2448,Train/mean_episode_length,1000.0,1780991185.3952975
2454,Train/mean_episode_length,1000.0,1780991220.6930225
2460,Train/mean_episode_length,1000.0,1780991255.5922046
2466,Train/mean_episode_length,1000.0,1780991291.2596288
2472,Train/mean_episode_length,1000.0,1780991327.1691403
2478,Train/mean_episode_length,1000.0,1780991363.0450182
2484,Train/mean_episode_length,1000.0,1780991399.1027703
2490,Train/mean_episode_length,1000.0,1780991434.0198169
2496,Train/mean_episode_length,1000.0,1780991469.0123732
2502,Train/mean_episode_length,1000.0,1780991503.1308606
2508,Train/mean_episode_length,1000.0,1780991537.8432055
2514,Train/mean_episode_length,1000.0,1780991573.8362622
2520,Train/mean_episode_length,1000.0,1780991609.9192593
2526,Train/mean_episode_length,1000.0,1780991643.1029487
2532,Train/mean_episode_length,1000.0,1780991678.347743
2538,Train/mean_episode_length,1000.0,1780991710.3120794
2544,Train/mean_episode_length,1000.0,1780991743.0691373
2550,Train/mean_episode_length,1000.0,1780991779.1267087
2556,Train/mean_episode_length,1000.0,1780991813.9892719
2562,Train/mean_episode_length,1000.0,1780991848.7846184
2568,Train/mean_episode_length,1000.0,1780991883.581196
2574,Train/mean_episode_length,1000.0,1780991918.782709
2580,Train/mean_episode_length,1000.0,1780991953.9080098
2586,Train/mean_episode_length,1000.0,1780991989.1994746
2592,Train/mean_episode_length,1000.0,1780992024.1734061
2598,Train/mean_episode_length,1000.0,1780992058.8784807
2604,Train/mean_episode_length,1000.0,1780992091.3967586
2610,Train/mean_episode_length,987.8699951171875,1780992125.575552
2616,Train/mean_episode_length,1000.0,1780992160.20084
2622,Train/mean_episode_length,1000.0,1780992192.8402023
2628,Train/mean_episode_length,1000.0,1780992224.2232335
2634,Train/mean_episode_length,1000.0,1780992255.7931406
2640,Train/mean_episode_length,1000.0,1780992289.2285035
2646,Train/mean_episode_length,1000.0,1780992321.1568084
2652,Train/mean_episode_length,995.8400268554688,1780992354.4015934
2658,Train/mean_episode_length,1000.0,1780992389.5985034
2664,Train/mean_episode_length,1000.0,1780992424.8061001
2670,Train/mean_episode_length,1000.0,1780992460.4122977
2676,Train/mean_episode_length,1000.0,1780992494.492067
2682,Train/mean_episode_length,1000.0,1780992527.55142
2688,Train/mean_episode_length,992.969970703125,1780992562.8270788
2694,Train/mean_episode_length,1000.0,1780992596.4428566
2700,Train/mean_episode_length,1000.0,1780992631.274232
2706,Train/mean_episode_length,1000.0,1780992666.783985
2712,Train/mean_episode_length,1000.0,1780992704.3535607
2718,Train/mean_episode_length,1000.0,1780993023.5156643
2724,Train/mean_episode_length,1000.0,1780993058.3540199
2730,Train/mean_episode_length,1000.0,1780993092.9583368
2736,Train/mean_episode_length,1000.0,1780993127.271736
2742,Train/mean_episode_length,1000.0,1780993161.3651917
2748,Train/mean_episode_length,1000.0,1780993195.6254966
2754,Train/mean_episode_length,1000.0,1780993230.1692307
2760,Train/mean_episode_length,1000.0,1780993264.6411529
2766,Train/mean_episode_length,1000.0,1780993299.1817665
2772,Train/mean_episode_length,1000.0,1780993333.5007083
2778,Train/mean_episode_length,1000.0,1780993367.3301244
2784,Train/mean_episode_length,1000.0,1780993401.6320827
2790,Train/mean_episode_length,1000.0,1780993435.9415765
2796,Train/mean_episode_length,996.3200073242188,1780993470.3758352
2802,Train/mean_episode_length,1000.0,1780993503.5498264
2808,Train/mean_episode_length,1000.0,1780993537.511392
2814,Train/mean_episode_length,1000.0,1780993571.0173268
2820,Train/mean_episode_length,1000.0,1780993605.2671692
2826,Train/mean_episode_length,1000.0,1780993639.5533295
2832,Train/mean_episode_length,1000.0,1780993751.3205707
2838,Train/mean_episode_length,1000.0,1780993785.4152758
2844,Train/mean_episode_length,1000.0,1780993819.3232145
2850,Train/mean_episode_length,1000.0,1780993853.2790868
2856,Train/mean_episode_length,1000.0,1780993887.5490923
2862,Train/mean_episode_length,1000.0,1780993916.8511412
2868,Train/mean_episode_length,1000.0,1780993946.034742
2874,Train/mean_episode_length,1000.0,1780993975.2114751
2880,Train/mean_episode_length,1000.0,1780994004.5911438
2886,Train/mean_episode_length,1000.0,1780994033.8326344
2892,Train/mean_episode_length,1000.0,1780994063.2242067
2898,Train/mean_episode_length,1000.0,1780994092.5127254
2904,Train/mean_episode_length,1000.0,1780994121.6521127
2910,Train/mean_episode_length,1000.0,1780994150.935799
2916,Train/mean_episode_length,1000.0,1780994180.419307
2922,Train/mean_episode_length,1000.0,1780994210.384361
2928,Train/mean_episode_length,1000.0,1780994240.2438192
2934,Train/mean_episode_length,1000.0,1780994269.7829082
2940,Train/mean_episode_length,1000.0,1780994299.142984
2946,Train/mean_episode_length,1000.0,1780994328.584672
2952,Train/mean_episode_length,1000.0,1780994357.9127796
2958,Train/mean_episode_length,1000.0,1780994387.447317
2964,Train/mean_episode_length,1000.0,1780994417.363046
2970,Train/mean_episode_length,1000.0,1780994447.1044838
2976,Train/mean_episode_length,1000.0,1780994476.4486113
2982,Train/mean_episode_length,1000.0,1780994506.291378
2988,Train/mean_episode_length,1000.0,1780994535.692668
2994,Train/mean_episode_length,1000.0,1780994565.0325272
3000,Train/mean_episode_length,1000.0,1780994594.7364933
3006,Train/mean_episode_length,1000.0,1780994624.5286334
3012,Train/mean_episode_length,1000.0,1780994653.7145472
3018,Train/mean_episode_length,1000.0,1780994683.1273422
3024,Train/mean_episode_length,1000.0,1780994712.4965448
3030,Train/mean_episode_length,994.9199829101562,1780994741.7455623
3036,Train/mean_episode_length,1000.0,1780994771.2927952
3042,Train/mean_episode_length,1000.0,1780994800.802717
3048,Train/mean_episode_length,1000.0,1780994830.2844431
3054,Train/mean_episode_length,1000.0,1780994859.9683573
3060,Train/mean_episode_length,1000.0,1780994889.9974904
3066,Train/mean_episode_length,1000.0,1780994919.3881445
3072,Train/mean_episode_length,1000.0,1780994948.960847
3078,Train/mean_episode_length,1000.0,1780994978.896729
3084,Train/mean_episode_length,1000.0,1780995008.8751075
3090,Train/mean_episode_length,1000.0,1780995038.7482297
3096,Train/mean_episode_length,1000.0,1780995068.5865147
3102,Train/mean_episode_length,1000.0,1780995097.858998
3108,Train/mean_episode_length,1000.0,1780995127.148346
3114,Train/mean_episode_length,1000.0,1780995156.2313173
3120,Train/mean_episode_length,1000.0,1780995185.2716966
3126,Train/mean_episode_length,1000.0,1780995214.5148828
3132,Train/mean_episode_length,1000.0,1780995243.9747958
3138,Train/mean_episode_length,1000.0,1780995273.3090007
3144,Train/mean_episode_length,1000.0,1780995302.8388824
3150,Train/mean_episode_length,1000.0,1780995332.3828998
3156,Train/mean_episode_length,1000.0,1780995361.7943158
3162,Train/mean_episode_length,1000.0,1780995390.7727473
3168,Train/mean_episode_length,1000.0,1780995420.0648656
3174,Train/mean_episode_length,1000.0,1780995449.7002916
3180,Train/mean_episode_length,1000.0,1780995479.2059083
3186,Train/mean_episode_length,1000.0,1780995508.7487888
3192,Train/mean_episode_length,1000.0,1780995538.0717564
3198,Train/mean_episode_length,995.969970703125,1780995567.6015859
3204,Train/mean_episode_length,1000.0,1780995596.6036067
3210,Train/mean_episode_length,1000.0,1780995626.8362958
3216,Train/mean_episode_length,1000.0,1780995656.3187284
3222,Train/mean_episode_length,1000.0,1780995686.2274773
3228,Train/mean_episode_length,1000.0,1780995715.3308978
3234,Train/mean_episode_length,1000.0,1780995744.6558077
3240,Train/mean_episode_length,993.1500244140625,1780995774.1755433
3246,Train/mean_episode_length,1000.0,1780995803.527234
3252,Train/mean_episode_length,1000.0,1780995832.8900456
3258,Train/mean_episode_length,1000.0,1780995862.0917063
3264,Train/mean_episode_length,1000.0,1780995891.091379
3270,Train/mean_episode_length,1000.0,1780995920.485783
3276,Train/mean_episode_length,1000.0,1780995950.6604097
3282,Train/mean_episode_length,1000.0,1780995980.4622698
3288,Train/mean_episode_length,1000.0,1780996010.345491
3294,Train/mean_episode_length,1000.0,1780996040.357125
3300,Train/mean_episode_length,1000.0,1780996070.267014
3306,Train/mean_episode_length,1000.0,1780996100.30732
3312,Train/mean_episode_length,1000.0,1780996130.0844562
3318,Train/mean_episode_length,995.0,1780996159.717066
3324,Train/mean_episode_length,1000.0,1780996189.676403
3330,Train/mean_episode_length,1000.0,1780996219.801453
3336,Train/mean_episode_length,1000.0,1780996249.7112277
3342,Train/mean_episode_length,1000.0,1780996279.0400236
3348,Train/mean_episode_length,1000.0,1780996308.6696637
3354,Train/mean_episode_length,1000.0,1780996337.9120047
3360,Train/mean_episode_length,1000.0,1780996367.217452
3366,Train/mean_episode_length,995.27001953125,1780996396.635426
3372,Train/mean_episode_length,1000.0,1780996425.9499052
3378,Train/mean_episode_length,1000.0,1780996455.5926242
3384,Train/mean_episode_length,1000.0,1780996485.2783275
3390,Train/mean_episode_length,1000.0,1780996515.2749684
3396,Train/mean_episode_length,1000.0,1780996544.9319723
3402,Train/mean_episode_length,1000.0,1780996574.5380802
3408,Train/mean_episode_length,1000.0,1780996603.9791243
3414,Train/mean_episode_length,1000.0,1780996633.4818053
3420,Train/mean_episode_length,1000.0,1780996662.7888587
3426,Train/mean_episode_length,1000.0,1780996692.7247105
3432,Train/mean_episode_length,1000.0,1780996722.2609923
3438,Train/mean_episode_length,1000.0,1780996751.2848678
3444,Train/mean_episode_length,1000.0,1780996780.269431
3450,Train/mean_episode_length,1000.0,1780996809.5395713
3456,Train/mean_episode_length,1000.0,1780996838.8986428
3462,Train/mean_episode_length,1000.0,1780996868.3255348
3468,Train/mean_episode_length,1000.0,1780996897.612593
3474,Train/mean_episode_length,1000.0,1780996926.765032
3480,Train/mean_episode_length,1000.0,1780996955.667476
3486,Train/mean_episode_length,1000.0,1780996984.8722713
3492,Train/mean_episode_length,1000.0,1780997014.2255595
3498,Train/mean_episode_length,1000.0,1780997043.4157276
3504,Train/mean_episode_length,1000.0,1780997073.1548612
3510,Train/mean_episode_length,1000.0,1780997103.2279284
3516,Train/mean_episode_length,1000.0,1780997133.2789545
3522,Train/mean_episode_length,1000.0,1780997162.9915373
3528,Train/mean_episode_length,1000.0,1780997193.079112
3534,Train/mean_episode_length,1000.0,1780997223.216457
3540,Train/mean_episode_length,1000.0,1780997253.3339067
3546,Train/mean_episode_length,1000.0,1780997282.710193
3552,Train/mean_episode_length,1000.0,1780997311.877028
3558,Train/mean_episode_length,1000.0,1780997341.489349
3564,Train/mean_episode_length,1000.0,1780997371.291882
3570,Train/mean_episode_length,1000.0,1780997401.1020856
3576,Train/mean_episode_length,1000.0,1780997430.5697377
3582,Train/mean_episode_length,1000.0,1780997460.1457684
3588,Train/mean_episode_length,1000.0,1780997489.9565113
3594,Train/mean_episode_length,1000.0,1780997519.3077703
3600,Train/mean_episode_length,1000.0,1780997549.0198336
3606,Train/mean_episode_length,1000.0,1780997578.741616
3612,Train/mean_episode_length,1000.0,1780997608.3687441
3618,Train/mean_episode_length,1000.0,1780997638.1400042
3624,Train/mean_episode_length,1000.0,1780997668.118126
3630,Train/mean_episode_length,1000.0,1780997698.0943232
3636,Train/mean_episode_length,1000.0,1780997727.9823906
3642,Train/mean_episode_length,1000.0,1780997758.3786824
3648,Train/mean_episode_length,1000.0,1780997788.2754407
3654,Train/mean_episode_length,1000.0,1780997817.855065
3660,Train/mean_episode_length,1000.0,1780997847.7436426
3666,Train/mean_episode_length,1000.0,1780997877.6967902
3672,Train/mean_episode_length,1000.0,1780997907.2234478
3678,Train/mean_episode_length,1000.0,1780997936.7302837
3684,Train/mean_episode_length,1000.0,1780997966.1991565
3690,Train/mean_episode_length,1000.0,1780997996.1097012
3696,Train/mean_episode_length,1000.0,1780998025.6891668
3702,Train/mean_episode_length,1000.0,1780998055.4441242
3708,Train/mean_episode_length,1000.0,1780998085.1794884
3714,Train/mean_episode_length,1000.0,1780998115.343192
3720,Train/mean_episode_length,1000.0,1780998145.0092008
3726,Train/mean_episode_length,1000.0,1780998174.3285193
3732,Train/mean_episode_length,1000.0,1780998204.1979196
3738,Train/mean_episode_length,1000.0,1780998233.701492
3744,Train/mean_episode_length,1000.0,1780998263.2959228
3750,Train/mean_episode_length,1000.0,1780998293.2204354
3756,Train/mean_episode_length,1000.0,1780998323.4387226
3762,Train/mean_episode_length,1000.0,1780998353.4314482
3768,Train/mean_episode_length,1000.0,1780998383.1343372
3774,Train/mean_episode_length,1000.0,1780998412.0740936
3780,Train/mean_episode_length,1000.0,1780998440.9713643
3786,Train/mean_episode_length,1000.0,1780998470.0794806
3792,Train/mean_episode_length,1000.0,1780998499.0591583
3798,Train/mean_episode_length,1000.0,1780998527.986537
3804,Train/mean_episode_length,1000.0,1780998556.9549856
3810,Train/mean_episode_length,1000.0,1780998585.9271948
3816,Train/mean_episode_length,1000.0,1780998614.7251537
3822,Train/mean_episode_length,1000.0,1780998643.8890982
3828,Train/mean_episode_length,1000.0,1780998673.027697
3834,Train/mean_episode_length,1000.0,1780998702.1517553
3840,Train/mean_episode_length,1000.0,1780998731.4420655
3846,Train/mean_episode_length,1000.0,1780998760.4883506
3852,Train/mean_episode_length,1000.0,1780998789.5635624
3858,Train/mean_episode_length,1000.0,1780998818.404918
3864,Train/mean_episode_length,1000.0,1780998847.27306
3870,Train/mean_episode_length,1000.0,1780998876.3964634
3876,Train/mean_episode_length,1000.0,1780998906.0992908
3882,Train/mean_episode_length,1000.0,1780998935.5507913
3888,Train/mean_episode_length,1000.0,1780998965.1534247
3894,Train/mean_episode_length,1000.0,1780998994.493835
3900,Train/mean_episode_length,1000.0,1780999023.587578
3906,Train/mean_episode_length,1000.0,1780999052.9965272
3912,Train/mean_episode_length,1000.0,1780999082.07987
3918,Train/mean_episode_length,1000.0,1780999111.0936408
3924,Train/mean_episode_length,1000.0,1780999140.2119484
3930,Train/mean_episode_length,1000.0,1780999169.4660316
3936,Train/mean_episode_length,1000.0,1780999198.7435243
3942,Train/mean_episode_length,1000.0,1780999227.928079
3948,Train/mean_episode_length,1000.0,1780999256.798273
3954,Train/mean_episode_length,1000.0,1780999285.736548
3960,Train/mean_episode_length,1000.0,1780999314.8138306
3966,Train/mean_episode_length,1000.0,1780999343.6756961
3972,Train/mean_episode_length,1000.0,1780999372.4460618
3978,Train/mean_episode_length,1000.0,1780999401.4647102
3984,Train/mean_episode_length,1000.0,1780999430.4559326
3990,Train/mean_episode_length,1000.0,1780999459.6571593
3996,Train/mean_episode_length,1000.0,1780999488.751254
4002,Train/mean_episode_length,1000.0,1780999518.1526492
4008,Train/mean_episode_length,1000.0,1780999547.4244425
4014,Train/mean_episode_length,1000.0,1780999576.423753
4020,Train/mean_episode_length,1000.0,1780999606.0573573
4026,Train/mean_episode_length,1000.0,1780999635.6361475
4032,Train/mean_episode_length,1000.0,1780999665.114719
4038,Train/mean_episode_length,1000.0,1780999694.7555716
4044,Train/mean_episode_length,1000.0,1780999724.4219258
4050,Train/mean_episode_length,1000.0,1780999752.2199829
4056,Train/mean_episode_length,1000.0,1780999777.3069563
4062,Train/mean_episode_length,1000.0,1780999802.747467
4068,Train/mean_episode_length,1000.0,1780999832.081488
4074,Train/mean_episode_length,1000.0,1780999861.6142344
4080,Train/mean_episode_length,1000.0,1780999891.0457056
4086,Train/mean_episode_length,1000.0,1780999920.6088228
4092,Train/mean_episode_length,1000.0,1780999950.010877
4098,Train/mean_episode_length,1000.0,1780999979.5519948
4104,Train/mean_episode_length,1000.0,1781000008.8305435
4110,Train/mean_episode_length,1000.0,1781000038.324918
4116,Train/mean_episode_length,1000.0,1781000067.6292312
4122,Train/mean_episode_length,1000.0,1781000096.8221738
4128,Train/mean_episode_length,1000.0,1781000126.2638361
4134,Train/mean_episode_length,1000.0,1781000156.0110242
4140,Train/mean_episode_length,1000.0,1781000185.5363455
4146,Train/mean_episode_length,1000.0,1781000214.7022507
4152,Train/mean_episode_length,1000.0,1781000243.8131728
4158,Train/mean_episode_length,1000.0,1781000273.2260904
4164,Train/mean_episode_length,1000.0,1781000302.4746873
4170,Train/mean_episode_length,1000.0,1781000332.136639
4176,Train/mean_episode_length,1000.0,1781000361.9135287
4182,Train/mean_episode_length,1000.0,1781000391.412862
4188,Train/mean_episode_length,1000.0,1781000420.808867
4194,Train/mean_episode_length,1000.0,1781000450.236629
4200,Train/mean_episode_length,1000.0,1781000479.8095286
4206,Train/mean_episode_length,1000.0,1781000508.9753628
4212,Train/mean_episode_length,1000.0,1781000538.249653
4218,Train/mean_episode_length,1000.0,1781000567.4486465
4224,Train/mean_episode_length,1000.0,1781000596.59779
4230,Train/mean_episode_length,1000.0,1781000625.7845647
4236,Train/mean_episode_length,1000.0,1781000655.4378204
4242,Train/mean_episode_length,1000.0,1781000684.825818
4248,Train/mean_episode_length,1000.0,1781000714.4670818
4254,Train/mean_episode_length,1000.0,1781000744.3892722
4260,Train/mean_episode_length,1000.0,1781000774.0306277
4266,Train/mean_episode_length,1000.0,1781000803.2581363
4272,Train/mean_episode_length,1000.0,1781000832.4081306
4278,Train/mean_episode_length,1000.0,1781000861.7695065
4284,Train/mean_episode_length,1000.0,1781000891.4396787
4290,Train/mean_episode_length,1000.0,1781000921.2863464
4296,Train/mean_episode_length,1000.0,1781000951.2233744
4302,Train/mean_episode_length,1000.0,1781000981.0204642
4308,Train/mean_episode_length,1000.0,1781001011.1352994
4314,Train/mean_episode_length,1000.0,1781001040.7169735
4320,Train/mean_episode_length,1000.0,1781001070.5375412
4326,Train/mean_episode_length,1000.0,1781001100.402379
4332,Train/mean_episode_length,1000.0,1781001130.078618
4338,Train/mean_episode_length,1000.0,1781001159.61075
4344,Train/mean_episode_length,1000.0,1781001188.9871285
4350,Train/mean_episode_length,1000.0,1781001218.6261623
4356,Train/mean_episode_length,1000.0,1781001248.5424395
4362,Train/mean_episode_length,1000.0,1781001278.1382346
4368,Train/mean_episode_length,1000.0,1781001308.0126684
4374,Train/mean_episode_length,1000.0,1781001337.9118752
4380,Train/mean_episode_length,1000.0,1781001367.7373116
4386,Train/mean_episode_length,1000.0,1781001397.374598
4392,Train/mean_episode_length,1000.0,1781001426.604882
4398,Train/mean_episode_length,1000.0,1781001456.5979123
4404,Train/mean_episode_length,1000.0,1781001486.6182213
4410,Train/mean_episode_length,1000.0,1781001516.073709
4416,Train/mean_episode_length,1000.0,1781001545.7263157
4422,Train/mean_episode_length,1000.0,1781001575.8076668
4428,Train/mean_episode_length,1000.0,1781001605.7144594
4434,Train/mean_episode_length,1000.0,1781001635.0793736
4440,Train/mean_episode_length,1000.0,1781001664.752408
4446,Train/mean_episode_length,1000.0,1781001694.2959008
4452,Train/mean_episode_length,1000.0,1781001723.9469416
4458,Train/mean_episode_length,1000.0,1781001753.9386945
4464,Train/mean_episode_length,1000.0,1781001783.741472
4470,Train/mean_episode_length,1000.0,1781001813.382703
4476,Train/mean_episode_length,1000.0,1781001843.4527028
4482,Train/mean_episode_length,1000.0,1781001873.182967
4488,Train/mean_episode_length,1000.0,1781001902.9539099
4494,Train/mean_episode_length,1000.0,1781001932.1896436
4500,Train/mean_episode_length,1000.0,1781001961.738356
4506,Train/mean_episode_length,1000.0,1781001991.316277
4512,Train/mean_episode_length,1000.0,1781002020.9505289
4518,Train/mean_episode_length,1000.0,1781002050.65428
4524,Train/mean_episode_length,1000.0,1781002080.4143646
4530,Train/mean_episode_length,1000.0,1781002110.2662225
4536,Train/mean_episode_length,1000.0,1781002140.068842
4542,Train/mean_episode_length,1000.0,1781002169.889974
4548,Train/mean_episode_length,1000.0,1781002199.4516234
4554,Train/mean_episode_length,1000.0,1781002229.2189589
4560,Train/mean_episode_length,1000.0,1781002258.9508367
4566,Train/mean_episode_length,1000.0,1781002288.4485648
4572,Train/mean_episode_length,1000.0,1781002317.9945257
4578,Train/mean_episode_length,1000.0,1781002347.8504155
4584,Train/mean_episode_length,1000.0,1781002377.8288646
4590,Train/mean_episode_length,1000.0,1781002407.7685127
4596,Train/mean_episode_length,1000.0,1781002437.5418649
4602,Train/mean_episode_length,1000.0,1781002467.2740817
4608,Train/mean_episode_length,1000.0,1781002497.219574
4614,Train/mean_episode_length,1000.0,1781002526.9175184
4620,Train/mean_episode_length,1000.0,1781002556.702225
4626,Train/mean_episode_length,1000.0,1781002585.885216
4632,Train/mean_episode_length,1000.0,1781002615.5037541
4638,Train/mean_episode_length,1000.0,1781002645.3754582
4644,Train/mean_episode_length,1000.0,1781002675.0626724
4650,Train/mean_episode_length,1000.0,1781002704.6181965
4656,Train/mean_episode_length,992.3300170898438,1781002734.5706203
4662,Train/mean_episode_length,1000.0,1781002764.54861
4668,Train/mean_episode_length,1000.0,1781002794.8031251
4674,Train/mean_episode_length,1000.0,1781002825.0038598
4680,Train/mean_episode_length,1000.0,1781002854.9588583
4686,Train/mean_episode_length,1000.0,1781002884.6060324
4692,Train/mean_episode_length,1000.0,1781002914.1948283
4698,Train/mean_episode_length,1000.0,1781002943.9120226
4704,Train/mean_episode_length,1000.0,1781002973.0046318
4710,Train/mean_episode_length,1000.0,1781003002.876435
4716,Train/mean_episode_length,1000.0,1781003032.8389227
4722,Train/mean_episode_length,1000.0,1781003062.9072335
4728,Train/mean_episode_length,1000.0,1781003092.5790546
4734,Train/mean_episode_length,1000.0,1781003122.2980297
4740,Train/mean_episode_length,1000.0,1781003151.9703312
4746,Train/mean_episode_length,1000.0,1781003181.8214984
4752,Train/mean_episode_length,1000.0,1781003211.971369
4758,Train/mean_episode_length,1000.0,1781003242.0214756
4764,Train/mean_episode_length,1000.0,1781003272.0490742
4770,Train/mean_episode_length,1000.0,1781003301.801415
4776,Train/mean_episode_length,1000.0,1781003331.7646403
4782,Train/mean_episode_length,1000.0,1781003361.763485
4788,Train/mean_episode_length,1000.0,1781003391.4319234
4794,Train/mean_episode_length,1000.0,1781003421.465741
4800,Train/mean_episode_length,1000.0,1781003451.4732838
4806,Train/mean_episode_length,1000.0,1781003481.1210747
4812,Train/mean_episode_length,1000.0,1781003510.909933
4818,Train/mean_episode_length,1000.0,1781003540.7883599
4824,Train/mean_episode_length,1000.0,1781003570.8229473
4830,Train/mean_episode_length,1000.0,1781003600.8116875
4836,Train/mean_episode_length,1000.0,1781003630.4585538
4842,Train/mean_episode_length,1000.0,1781003660.0024467
4848,Train/mean_episode_length,1000.0,1781003689.5008035
4854,Train/mean_episode_length,1000.0,1781003719.2751422
4860,Train/mean_episode_length,1000.0,1781003748.9202096
4866,Train/mean_episode_length,1000.0,1781003778.8403761
4872,Train/mean_episode_length,1000.0,1781003808.6774728
4878,Train/mean_episode_length,1000.0,1781003838.271959
4884,Train/mean_episode_length,1000.0,1781003868.0035524
4890,Train/mean_episode_length,1000.0,1781003897.5678184
4896,Train/mean_episode_length,1000.0,1781003927.0376632
4902,Train/mean_episode_length,1000.0,1781003956.5223224
4908,Train/mean_episode_length,1000.0,1781003985.7103732
4914,Train/mean_episode_length,1000.0,1781004015.350464
4920,Train/mean_episode_length,1000.0,1781004045.094171
4926,Train/mean_episode_length,1000.0,1781004074.9932215
4932,Train/mean_episode_length,1000.0,1781004104.5817866
4938,Train/mean_episode_length,1000.0,1781004133.9662263
4944,Train/mean_episode_length,1000.0,1781004163.639855
4950,Train/mean_episode_length,1000.0,1781004193.2389095
4956,Train/mean_episode_length,1000.0,1781004223.3752468
4962,Train/mean_episode_length,1000.0,1781004253.2809842
4968,Train/mean_episode_length,1000.0,1781004283.274003
4974,Train/mean_episode_length,1000.0,1781004313.2369401
4980,Train/mean_episode_length,1000.0,1781004343.114624
4986,Train/mean_episode_length,1000.0,1781004372.6981907
4992,Train/mean_episode_length,1000.0,1781004401.617465
4998,Train/mean_episode_length,1000.0,1781004431.14557
5004,Train/mean_episode_length,1000.0,1781004460.2183135
5010,Train/mean_episode_length,1000.0,1781004489.4490833
5016,Train/mean_episode_length,1000.0,1781004518.670353
5022,Train/mean_episode_length,1000.0,1781004548.0527263
5028,Train/mean_episode_length,1000.0,1781004577.1631174
5034,Train/mean_episode_length,1000.0,1781004606.2596784
5040,Train/mean_episode_length,1000.0,1781004635.8535655
5046,Train/mean_episode_length,1000.0,1781004665.7615025
5052,Train/mean_episode_length,1000.0,1781004695.139535
5058,Train/mean_episode_length,1000.0,1781004724.3631382
5064,Train/mean_episode_length,1000.0,1781004753.5749948
5070,Train/mean_episode_length,1000.0,1781004782.838684
5076,Train/mean_episode_length,1000.0,1781004811.9288244
5082,Train/mean_episode_length,1000.0,1781004841.2820258
5088,Train/mean_episode_length,1000.0,1781004870.6108336
5094,Train/mean_episode_length,1000.0,1781004900.0386024
5100,Train/mean_episode_length,1000.0,1781004929.5232506
5106,Train/mean_episode_length,1000.0,1781004958.9458477
5112,Train/mean_episode_length,1000.0,1781004988.1591706
5118,Train/mean_episode_length,1000.0,1781005017.6179814
5124,Train/mean_episode_length,1000.0,1781005047.2127662
5130,Train/mean_episode_length,1000.0,1781005076.4567797
5136,Train/mean_episode_length,1000.0,1781005105.9118063
5142,Train/mean_episode_length,1000.0,1781005135.4434757
5148,Train/mean_episode_length,1000.0,1781005164.6285543
5154,Train/mean_episode_length,1000.0,1781005193.3885927
5160,Train/mean_episode_length,1000.0,1781005222.2638552
5166,Train/mean_episode_length,1000.0,1781005251.141702
5172,Train/mean_episode_length,1000.0,1781005280.0988853
5178,Train/mean_episode_length,1000.0,1781005309.3452413
5184,Train/mean_episode_length,1000.0,1781005338.274054
5190,Train/mean_episode_length,1000.0,1781005367.9694223
5196,Train/mean_episode_length,1000.0,1781005396.9836547
5202,Train/mean_episode_length,1000.0,1781005426.167427
5208,Train/mean_episode_length,1000.0,1781005454.7668624
5214,Train/mean_episode_length,1000.0,1781005484.0832524
5220,Train/mean_episode_length,1000.0,1781005513.1180377
5226,Train/mean_episode_length,1000.0,1781005542.2490354
5232,Train/mean_episode_length,1000.0,1781005571.5025918
5238,Train/mean_episode_length,1000.0,1781005600.9891088
5244,Train/mean_episode_length,1000.0,1781005630.5351386
5250,Train/mean_episode_length,1000.0,1781005660.250138
5256,Train/mean_episode_length,1000.0,1781005689.698495
5262,Train/mean_episode_length,1000.0,1781005719.5288284
5268,Train/mean_episode_length,1000.0,1781005749.1572623
5274,Train/mean_episode_length,1000.0,1781005778.960991
5280,Train/mean_episode_length,1000.0,1781005809.0709198
5286,Train/mean_episode_length,1000.0,1781005838.8127332
5292,Train/mean_episode_length,1000.0,1781005868.2972076
5298,Train/mean_episode_length,1000.0,1781005897.4793742
5304,Train/mean_episode_length,1000.0,1781005926.7790246
5310,Train/mean_episode_length,1000.0,1781005955.8373806
5316,Train/mean_episode_length,1000.0,1781005984.6733208
5322,Train/mean_episode_length,1000.0,1781006013.6729274
5328,Train/mean_episode_length,1000.0,1781006042.6466122
5334,Train/mean_episode_length,1000.0,1781006072.1773703
5340,Train/mean_episode_length,1000.0,1781006102.1266823
5346,Train/mean_episode_length,1000.0,1781006132.5554483
5352,Train/mean_episode_length,1000.0,1781006162.4966562
5358,Train/mean_episode_length,1000.0,1781006192.568119
5364,Train/mean_episode_length,1000.0,1781006222.4243782
5370,Train/mean_episode_length,1000.0,1781006252.2535532
5376,Train/mean_episode_length,1000.0,1781006282.4047177
5382,Train/mean_episode_length,1000.0,1781006312.7160573
5388,Train/mean_episode_length,1000.0,1781006344.0863407
5394,Train/mean_episode_length,1000.0,1781006374.1493456
5400,Train/mean_episode_length,1000.0,1781006404.095702
5406,Train/mean_episode_length,1000.0,1781006434.4695811
5412,Train/mean_episode_length,1000.0,1781006465.4110441
5418,Train/mean_episode_length,1000.0,1781006496.8349044
5424,Train/mean_episode_length,1000.0,1781006527.8264122
5430,Train/mean_episode_length,1000.0,1781006558.3555896
5436,Train/mean_episode_length,1000.0,1781006589.0895526
5442,Train/mean_episode_length,1000.0,1781006619.5391655
5448,Train/mean_episode_length,1000.0,1781006649.9132748
5454,Train/mean_episode_length,1000.0,1781006680.2615488
5460,Train/mean_episode_length,1000.0,1781006711.462807
5466,Train/mean_episode_length,1000.0,1781006742.6480389
5472,Train/mean_episode_length,1000.0,1781006773.3970988
5478,Train/mean_episode_length,1000.0,1781006803.7189946
5484,Train/mean_episode_length,1000.0,1781006834.23177
5490,Train/mean_episode_length,1000.0,1781006865.2169955
5496,Train/mean_episode_length,1000.0,1781006896.3528378
5502,Train/mean_episode_length,1000.0,1781006927.5865927
5508,Train/mean_episode_length,1000.0,1781006958.6505938
5514,Train/mean_episode_length,1000.0,1781006989.587745
5520,Train/mean_episode_length,1000.0,1781007019.936263
5526,Train/mean_episode_length,1000.0,1781007050.8056965
5532,Train/mean_episode_length,1000.0,1781007081.2697906
5538,Train/mean_episode_length,1000.0,1781007111.7749202
5544,Train/mean_episode_length,1000.0,1781007141.798256
5550,Train/mean_episode_length,1000.0,1781007172.6756754
5556,Train/mean_episode_length,1000.0,1781007202.6156979
5562,Train/mean_episode_length,1000.0,1781007232.8105567
5568,Train/mean_episode_length,1000.0,1781007262.8560617
5574,Train/mean_episode_length,1000.0,1781007293.3912864
5580,Train/mean_episode_length,1000.0,1781007323.5057395
5586,Train/mean_episode_length,1000.0,1781007354.44796
5592,Train/mean_episode_length,1000.0,1781007385.2559297
5598,Train/mean_episode_length,1000.0,1781007416.0543787
5604,Train/mean_episode_length,1000.0,1781007447.411663
5610,Train/mean_episode_length,1000.0,1781007478.046546
5616,Train/mean_episode_length,1000.0,1781007508.794235
5622,Train/mean_episode_length,1000.0,1781007539.9176102
5628,Train/mean_episode_length,1000.0,1781007570.6502604
5634,Train/mean_episode_length,1000.0,1781007601.0686536
5640,Train/mean_episode_length,1000.0,1781007633.0664768
5646,Train/mean_episode_length,1000.0,1781007664.4075713
5652,Train/mean_episode_length,1000.0,1781007694.2894714
5654,Train/mean_episode_length,1000.0,1781007704.090646
0,Policy/mean_noise_std,0.9974934458732605,1780976897.3029153
6,Policy/mean_noise_std,0.9773833155632019,1780976942.674934
12,Policy/mean_noise_std,0.9621371626853943,1780976987.2790532
18,Policy/mean_noise_std,0.9389881491661072,1780977031.662939
24,Policy/mean_noise_std,0.9128279089927673,1780977074.4456198
30,Policy/mean_noise_std,0.8933269381523132,1780977118.3459144
36,Policy/mean_noise_std,0.8794410228729248,1780977161.6383352
42,Policy/mean_noise_std,0.87040114402771,1780977204.5385766
48,Policy/mean_noise_std,0.8680842518806458,1780977246.6774993
54,Policy/mean_noise_std,0.865108072757721,1780977289.1938937
60,Policy/mean_noise_std,0.8603337407112122,1780977332.6868675
66,Policy/mean_noise_std,0.8552568554878235,1780977375.997808
72,Policy/mean_noise_std,0.8480820655822754,1780977419.922388
78,Policy/mean_noise_std,0.8403638005256653,1780977459.67288
84,Policy/mean_noise_std,0.8349395990371704,1780977499.5933845
90,Policy/mean_noise_std,0.8273671269416809,1780977543.1541135
96,Policy/mean_noise_std,0.8206315040588379,1780977584.9093235
102,Policy/mean_noise_std,0.8136067986488342,1780977627.612527
108,Policy/mean_noise_std,0.8075533509254456,1780977671.1660776
114,Policy/mean_noise_std,0.7988387942314148,1780977713.9489698
120,Policy/mean_noise_std,0.7898014187812805,1780977755.347284
126,Policy/mean_noise_std,0.7797803282737732,1780977797.456166
132,Policy/mean_noise_std,0.7690744400024414,1780977838.799148
138,Policy/mean_noise_std,0.7597152590751648,1780977881.323647
144,Policy/mean_noise_std,0.7511275410652161,1780977923.0030236
150,Policy/mean_noise_std,0.7424694299697876,1780977963.8479474
156,Policy/mean_noise_std,0.7312679886817932,1780978004.7011137
162,Policy/mean_noise_std,0.7241601347923279,1780978042.6111634
168,Policy/mean_noise_std,0.7110946774482727,1780978084.485738
174,Policy/mean_noise_std,0.7003180980682373,1780978128.7832623
180,Policy/mean_noise_std,0.6884661316871643,1780978171.5749688
186,Policy/mean_noise_std,0.6799600124359131,1780978215.477483
192,Policy/mean_noise_std,0.6670570969581604,1780978259.7886677
198,Policy/mean_noise_std,0.6558924913406372,1780978304.2665007
204,Policy/mean_noise_std,0.6441490054130554,1780978346.8661814
210,Policy/mean_noise_std,0.6324130296707153,1780978390.0429869
216,Policy/mean_noise_std,0.6260966062545776,1780978431.5645611
222,Policy/mean_noise_std,0.6142549514770508,1780978474.970288
228,Policy/mean_noise_std,0.6006541848182678,1780978518.1288188
234,Policy/mean_noise_std,0.5930383801460266,1780978561.3560362
240,Policy/mean_noise_std,0.5808006525039673,1780978607.1270893
246,Policy/mean_noise_std,0.5706791877746582,1780978644.7125146
252,Policy/mean_noise_std,0.5594078302383423,1780978679.090683
258,Policy/mean_noise_std,0.5481036901473999,1780978714.280824
264,Policy/mean_noise_std,0.5316904187202454,1780978748.0195985
270,Policy/mean_noise_std,0.5191808938980103,1780978781.7815924
276,Policy/mean_noise_std,0.5102683901786804,1780978817.547968
282,Policy/mean_noise_std,0.5004775524139404,1780978852.9092627
288,Policy/mean_noise_std,0.49134325981140137,1780978889.8975463
294,Policy/mean_noise_std,0.48111337423324585,1780978926.548409
300,Policy/mean_noise_std,0.4680851995944977,1780978960.024934
306,Policy/mean_noise_std,0.4584004282951355,1780978994.0226452
312,Policy/mean_noise_std,0.44613805413246155,1780979029.9526324
318,Policy/mean_noise_std,0.43513327836990356,1780979065.8363776
324,Policy/mean_noise_std,0.42601126432418823,1780979102.4765959
330,Policy/mean_noise_std,0.418514609336853,1780979137.9322696
336,Policy/mean_noise_std,0.41169413924217224,1780979173.8024495
342,Policy/mean_noise_std,0.4041043817996979,1780979210.352576
348,Policy/mean_noise_std,0.39707064628601074,1780979246.5361855
354,Policy/mean_noise_std,0.3912767767906189,1780979281.9946291
360,Policy/mean_noise_std,0.3862985074520111,1780979316.347731
366,Policy/mean_noise_std,0.3822483718395233,1780979352.4810762
372,Policy/mean_noise_std,0.3791939616203308,1780979388.967669
378,Policy/mean_noise_std,0.3762492537498474,1780979425.0208158
384,Policy/mean_noise_std,0.37424933910369873,1780979461.130152
390,Policy/mean_noise_std,0.3707039952278137,1780979493.4622438
396,Policy/mean_noise_std,0.36758583784103394,1780979528.509021
402,Policy/mean_noise_std,0.3650648593902588,1780979563.6831224
408,Policy/mean_noise_std,0.36212244629859924,1780979598.8239496
414,Policy/mean_noise_std,0.3589169383049011,1780979634.251671
420,Policy/mean_noise_std,0.3557971715927124,1780979669.715605
426,Policy/mean_noise_std,0.3536335825920105,1780979704.9394023
432,Policy/mean_noise_std,0.35073181986808777,1780979739.8784285
438,Policy/mean_noise_std,0.3484913110733032,1780979774.5896509
444,Policy/mean_noise_std,0.34688398241996765,1780979810.3226283
450,Policy/mean_noise_std,0.34444960951805115,1780979846.41977
456,Policy/mean_noise_std,0.3420354127883911,1780979881.0805693
462,Policy/mean_noise_std,0.34004634618759155,1780979917.70246
468,Policy/mean_noise_std,0.33767884969711304,1780979951.2230594
474,Policy/mean_noise_std,0.3350259065628052,1780979982.8991916
480,Policy/mean_noise_std,0.332125186920166,1780980015.255607
486,Policy/mean_noise_std,0.32883861660957336,1780980046.8362691
492,Policy/mean_noise_std,0.3260909616947174,1780980077.9771059
498,Policy/mean_noise_std,0.32381772994995117,1780980110.3878112
504,Policy/mean_noise_std,0.3221828043460846,1780980141.9188995
510,Policy/mean_noise_std,0.3207120895385742,1780980173.7639644
516,Policy/mean_noise_std,0.31904715299606323,1780980204.5932808
522,Policy/mean_noise_std,0.3162986934185028,1780980235.798702
528,Policy/mean_noise_std,0.3139997124671936,1780980267.6359043
534,Policy/mean_noise_std,0.3113088309764862,1780980299.7053502
540,Policy/mean_noise_std,0.30964627861976624,1780980334.0469048
546,Policy/mean_noise_std,0.30800488591194153,1780980366.7899592
552,Policy/mean_noise_std,0.3064560294151306,1780980399.2517698
558,Policy/mean_noise_std,0.3050307333469391,1780980434.2458987
564,Policy/mean_noise_std,0.303351491689682,1780980469.0436838
570,Policy/mean_noise_std,0.301748126745224,1780980502.1065075
576,Policy/mean_noise_std,0.3002992272377014,1780980536.7281582
582,Policy/mean_noise_std,0.29903680086135864,1780980570.8396583
588,Policy/mean_noise_std,0.298456072807312,1780980605.7895906
594,Policy/mean_noise_std,0.2966552972793579,1780980641.3476725
600,Policy/mean_noise_std,0.29477331042289734,1780980674.589511
606,Policy/mean_noise_std,0.2930697798728943,1780980709.2586038
612,Policy/mean_noise_std,0.29139265418052673,1780980740.6332061
618,Policy/mean_noise_std,0.29029086232185364,1780980772.667199
624,Policy/mean_noise_std,0.2883731722831726,1780980807.0231357
630,Policy/mean_noise_std,0.2875438928604126,1780980839.045471
636,Policy/mean_noise_std,0.28623393177986145,1780980873.033021
642,Policy/mean_noise_std,0.2850920855998993,1780980905.8882673
648,Policy/mean_noise_std,0.28352829813957214,1780980938.3545017
654,Policy/mean_noise_std,0.2818185091018677,1780980969.4658108
660,Policy/mean_noise_std,0.28046363592147827,1780981001.0887675
666,Policy/mean_noise_std,0.27921706438064575,1780981033.5699768
672,Policy/mean_noise_std,0.27765658497810364,1780981066.3390126
678,Policy/mean_noise_std,0.27708563208580017,1780981099.239839
684,Policy/mean_noise_std,0.27584436535835266,1780981134.408635
690,Policy/mean_noise_std,0.27441003918647766,1780981169.2857535
696,Policy/mean_noise_std,0.2731715738773346,1780981204.5488923
702,Policy/mean_noise_std,0.2715774178504944,1780981239.301823
708,Policy/mean_noise_std,0.27057141065597534,1780981274.0021985
714,Policy/mean_noise_std,0.26978620886802673,1780981309.0335512
720,Policy/mean_noise_std,0.26853781938552856,1780981342.953506
726,Policy/mean_noise_std,0.2671408951282501,1780981375.5033274
732,Policy/mean_noise_std,0.2657078802585602,1780981409.054896
738,Policy/mean_noise_std,0.2645973563194275,1780981445.4127944
744,Policy/mean_noise_std,0.263563871383667,1780981481.5230787
750,Policy/mean_noise_std,0.26329436898231506,1780981516.4104753
756,Policy/mean_noise_std,0.26315614581108093,1780981550.6056194
762,Policy/mean_noise_std,0.2620776295661926,1780981586.7265568
768,Policy/mean_noise_std,0.2609504163265228,1780981621.83279
774,Policy/mean_noise_std,0.25989577174186707,1780981655.8343089
780,Policy/mean_noise_std,0.2588535249233246,1780981690.8039498
786,Policy/mean_noise_std,0.2577325701713562,1780981726.7610834
792,Policy/mean_noise_std,0.25715944170951843,1780981763.164704
798,Policy/mean_noise_std,0.2563455402851105,1780981799.5925462
804,Policy/mean_noise_std,0.25574713945388794,1780981835.148932
810,Policy/mean_noise_std,0.25502896308898926,1780981870.6045141
816,Policy/mean_noise_std,0.25483036041259766,1780981905.3410432
822,Policy/mean_noise_std,0.25396719574928284,1780981938.0642402
828,Policy/mean_noise_std,0.2531847357749939,1780981972.1123962
834,Policy/mean_noise_std,0.2526171803474426,1780982007.4372442
840,Policy/mean_noise_std,0.25195741653442383,1780982043.0821948
846,Policy/mean_noise_std,0.2514684200286865,1780982076.0424678
852,Policy/mean_noise_std,0.2504367232322693,1780982110.8820498
858,Policy/mean_noise_std,0.24976326525211334,1780982145.666788
864,Policy/mean_noise_std,0.24864262342453003,1780982181.0890622
870,Policy/mean_noise_std,0.24762682616710663,1780982216.0483835
876,Policy/mean_noise_std,0.24703271687030792,1780982251.705539
882,Policy/mean_noise_std,0.24594712257385254,1780982285.0416877
888,Policy/mean_noise_std,0.24516239762306213,1780982320.3435063
894,Policy/mean_noise_std,0.24433448910713196,1780982353.798046
900,Policy/mean_noise_std,0.24313372373580933,1780982389.8317547
906,Policy/mean_noise_std,0.24226580560207367,1780982422.3363428
912,Policy/mean_noise_std,0.24127331376075745,1780982456.133722
918,Policy/mean_noise_std,0.24051958322525024,1780982491.8567927
924,Policy/mean_noise_std,0.24012185633182526,1780982528.228819
930,Policy/mean_noise_std,0.23943687975406647,1780982564.0718935
936,Policy/mean_noise_std,0.23935054242610931,1780982599.4865353
942,Policy/mean_noise_std,0.2388228327035904,1780982635.9970946
948,Policy/mean_noise_std,0.2385883927345276,1780982671.446947
954,Policy/mean_noise_std,0.23769716918468475,1780982705.4423087
960,Policy/mean_noise_std,0.23679347336292267,1780982738.8768923
966,Policy/mean_noise_std,0.23584729433059692,1780982770.0656946
972,Policy/mean_noise_std,0.23487159609794617,1780982801.791126
978,Policy/mean_noise_std,0.23399539291858673,1780982833.8911755
984,Policy/mean_noise_std,0.23301854729652405,1780982865.2038474
990,Policy/mean_noise_std,0.23222912847995758,1780982896.8862882
996,Policy/mean_noise_std,0.231380894780159,1780982929.0894501
1002,Policy/mean_noise_std,0.23055677115917206,1780982964.2629192
1008,Policy/mean_noise_std,0.22970975935459137,1780982997.8711536
1014,Policy/mean_noise_std,0.2288120687007904,1780983031.7058802
1020,Policy/mean_noise_std,0.2278652787208557,1780983066.384562
1026,Policy/mean_noise_std,0.22708073258399963,1780983098.764469
1032,Policy/mean_noise_std,0.22626295685768127,1780983130.9848566
1038,Policy/mean_noise_std,0.22548481822013855,1780983163.8960745
1044,Policy/mean_noise_std,0.22488056123256683,1780983199.663407
1050,Policy/mean_noise_std,0.22457817196846008,1780983233.3440604
1056,Policy/mean_noise_std,0.22424164414405823,1780983266.0977838
1062,Policy/mean_noise_std,0.22376513481140137,1780983301.2763321
1068,Policy/mean_noise_std,0.22391673922538757,1780983336.8517375
1074,Policy/mean_noise_std,0.22341151535511017,1780983372.240387
1080,Policy/mean_noise_std,0.22270295023918152,1780983407.6305547
1086,Policy/mean_noise_std,0.22224505245685577,1780983442.24287
1092,Policy/mean_noise_std,0.22137191891670227,1780983476.6832108
1098,Policy/mean_noise_std,0.22062556445598602,1780983512.5694923
1104,Policy/mean_noise_std,0.21967566013336182,1780983548.1237514
1110,Policy/mean_noise_std,0.2187519073486328,1780983582.415473
1116,Policy/mean_noise_std,0.21794167160987854,1780983616.46322
1122,Policy/mean_noise_std,0.21723990142345428,1780983648.8484092
1128,Policy/mean_noise_std,0.21695174276828766,1780983681.7799842
1134,Policy/mean_noise_std,0.21611325442790985,1780983716.4739473
1140,Policy/mean_noise_std,0.21542823314666748,1780983749.9809477
1146,Policy/mean_noise_std,0.2148725539445877,1780983782.5994034
1152,Policy/mean_noise_std,0.21453304588794708,1780983816.3760824
1158,Policy/mean_noise_std,0.21367236971855164,1780983852.0906544
1164,Policy/mean_noise_std,0.2127353996038437,1780983887.0312126
1170,Policy/mean_noise_std,0.21237392723560333,1780983921.7177567
1176,Policy/mean_noise_std,0.21242089569568634,1780983956.8067002
1182,Policy/mean_noise_std,0.2120700627565384,1780983992.0078185
1188,Policy/mean_noise_std,0.21149343252182007,1780984027.2490642
1194,Policy/mean_noise_std,0.2110828459262848,1780984062.4315708
1200,Policy/mean_noise_std,0.21135352551937103,1780984095.5749605
1206,Policy/mean_noise_std,0.2110597938299179,1780984130.344675
1212,Policy/mean_noise_std,0.2102358192205429,1780984164.4713194
1218,Policy/mean_noise_std,0.20943213999271393,1780984196.9551322
1224,Policy/mean_noise_std,0.20911666750907898,1780984230.6496377
1230,Policy/mean_noise_std,0.20927076041698456,1780984263.3348184
1236,Policy/mean_noise_std,0.20852871239185333,1780984297.811203
1242,Policy/mean_noise_std,0.20808853209018707,1780984328.969571
1248,Policy/mean_noise_std,0.20723272860050201,1780984360.5167823
1254,Policy/mean_noise_std,0.20646768808364868,1780984393.3339171
1260,Policy/mean_noise_std,0.20585647225379944,1780984427.1792567
1266,Policy/mean_noise_std,0.20530965924263,1780984461.1751573
1272,Policy/mean_noise_std,0.204940527677536,1780984494.912078
1278,Policy/mean_noise_std,0.20418791472911835,1780984528.6331112
1284,Policy/mean_noise_std,0.203490749001503,1780984563.5969474
1290,Policy/mean_noise_std,0.20305247604846954,1780984598.9723418
1296,Policy/mean_noise_std,0.20247527956962585,1780984633.4848995
1302,Policy/mean_noise_std,0.20189569890499115,1780984666.2608356
1308,Policy/mean_noise_std,0.20191486179828644,1780984701.916402
1314,Policy/mean_noise_std,0.20161744952201843,1780984737.0690823
1320,Policy/mean_noise_std,0.20083725452423096,1780984772.041386
1326,Policy/mean_noise_std,0.20028458535671234,1780984807.8024151
1332,Policy/mean_noise_std,0.19955159723758698,1780984843.0774395
1338,Policy/mean_noise_std,0.1993706077337265,1780984877.9107058
1344,Policy/mean_noise_std,0.19857826828956604,1780984913.0982478
1350,Policy/mean_noise_std,0.19808916747570038,1780984946.9475214
1356,Policy/mean_noise_std,0.19773605465888977,1780984980.9588292
1362,Policy/mean_noise_std,0.19834968447685242,1780985015.862241
1368,Policy/mean_noise_std,0.1981419026851654,1780985051.3509386
1374,Policy/mean_noise_std,0.19744907319545746,1780985084.0852885
1380,Policy/mean_noise_std,0.19697356224060059,1780985116.5622017
1386,Policy/mean_noise_std,0.19696924090385437,1780985150.2622466
1392,Policy/mean_noise_std,0.19653524458408356,1780985184.4317446
1398,Policy/mean_noise_std,0.1959374099969864,1780985219.3822863
1404,Policy/mean_noise_std,0.19593140482902527,1780985252.6192014
1410,Policy/mean_noise_std,0.19533315300941467,1780985287.2506337
1416,Policy/mean_noise_std,0.1946205049753189,1780985320.6503744
1422,Policy/mean_noise_std,0.19373922049999237,1780985354.9988194
1428,Policy/mean_noise_std,0.1928367018699646,1780985389.9949741
1434,Policy/mean_noise_std,0.19219852983951569,1780985425.741148
1440,Policy/mean_noise_std,0.19157646596431732,1780985461.1458282
1446,Policy/mean_noise_std,0.19088569283485413,1780985495.6983461
1452,Policy/mean_noise_std,0.19035515189170837,1780985531.4830756
1458,Policy/mean_noise_std,0.19022329151630402,1780985567.0933375
1464,Policy/mean_noise_std,0.1898021101951599,1780985603.0842311
1470,Policy/mean_noise_std,0.18945921957492828,1780985638.8483083
1476,Policy/mean_noise_std,0.1891016960144043,1780985673.9980533
1482,Policy/mean_noise_std,0.1884876936674118,1780985707.0630848
1488,Policy/mean_noise_std,0.18783126771450043,1780985741.9428957
1494,Policy/mean_noise_std,0.18743310868740082,1780985777.014485
1500,Policy/mean_noise_std,0.18788421154022217,1780985812.0057075
1506,Policy/mean_noise_std,0.18830163776874542,1780985846.9313123
1512,Policy/mean_noise_std,0.18769069015979767,1780985880.2415605
1518,Policy/mean_noise_std,0.18734456598758698,1780985914.9742885
1524,Policy/mean_noise_std,0.18683931231498718,1780985950.1068094
1530,Policy/mean_noise_std,0.18641087412834167,1780985984.0225687
1536,Policy/mean_noise_std,0.18655841052532196,1780986019.2573478
1542,Policy/mean_noise_std,0.18587103486061096,1780986053.3085601
1548,Policy/mean_noise_std,0.18525511026382446,1780986089.2642703
1554,Policy/mean_noise_std,0.1852169930934906,1780986124.5646677
1560,Policy/mean_noise_std,0.18503537774085999,1780986159.8589764
1566,Policy/mean_noise_std,0.1849309504032135,1780986194.7983737
1572,Policy/mean_noise_std,0.18420647084712982,1780986230.679986
1578,Policy/mean_noise_std,0.18354570865631104,1780986265.3655837
1584,Policy/mean_noise_std,0.18288835883140564,1780986298.1844523
1590,Policy/mean_noise_std,0.18278305232524872,1780986330.5028393
1596,Policy/mean_noise_std,0.18222829699516296,1780986364.0185037
1602,Policy/mean_noise_std,0.18143579363822937,1780986396.5182772
1608,Policy/mean_noise_std,0.18072272837162018,1780986428.0781476
1614,Policy/mean_noise_std,0.17998000979423523,1780986459.947709
1620,Policy/mean_noise_std,0.17969493567943573,1780986492.0221283
1626,Policy/mean_noise_std,0.17918355762958527,1780986524.963471
1632,Policy/mean_noise_std,0.17945896089076996,1780986559.8709517
1638,Policy/mean_noise_std,0.1790156364440918,1780986595.3115366
1644,Policy/mean_noise_std,0.17898085713386536,1780986629.5178676
1650,Policy/mean_noise_std,0.17849016189575195,1780986665.2023168
1656,Policy/mean_noise_std,0.17784662544727325,1780986700.8778374
1662,Policy/mean_noise_std,0.17782993614673615,1780986735.6255655
1668,Policy/mean_noise_std,0.1778390109539032,1780986769.5347645
1674,Policy/mean_noise_std,0.1778925508260727,1780986804.4716167
1680,Policy/mean_noise_std,0.17820820212364197,1780986839.6383505
1686,Policy/mean_noise_std,0.17739757895469666,1780986874.968207
1692,Policy/mean_noise_std,0.1772005259990692,1780986909.2040854
1698,Policy/mean_noise_std,0.17714445292949677,1780986942.9022207
1704,Policy/mean_noise_std,0.1773434281349182,1780986977.4960012
1710,Policy/mean_noise_std,0.17780788242816925,1780987013.0821867
1716,Policy/mean_noise_std,0.1772744208574295,1780987045.6767426
1722,Policy/mean_noise_std,0.1780451238155365,1780987078.5424578
1728,Policy/mean_noise_std,0.1783982366323471,1780987113.0022492
1734,Policy/mean_noise_std,0.17793603241443634,1780987148.4648871
1740,Policy/mean_noise_std,0.17795366048812866,1780987183.3420296
1746,Policy/mean_noise_std,0.17708151042461395,1780987216.5155354
1752,Policy/mean_noise_std,0.1761288195848465,1780987251.8719192
1758,Policy/mean_noise_std,0.17548587918281555,1780987284.6168017
1764,Policy/mean_noise_std,0.17471547424793243,1780987319.6259382
1770,Policy/mean_noise_std,0.17465808987617493,1780987353.5386574
1776,Policy/mean_noise_std,0.17376253008842468,1780987388.9944313
1782,Policy/mean_noise_std,0.17358992993831635,1780987422.430453
1788,Policy/mean_noise_std,0.17340755462646484,1780987457.3312447
1794,Policy/mean_noise_std,0.17353656888008118,1780987492.8619108
1800,Policy/mean_noise_std,0.17356829345226288,1780987527.968031
1806,Policy/mean_noise_std,0.17304770648479462,1780987563.6335008
1812,Policy/mean_noise_std,0.17266060411930084,1780987599.128463
1818,Policy/mean_noise_std,0.17221865057945251,1780987633.672848
1824,Policy/mean_noise_std,0.17209568619728088,1780987667.2750762
1830,Policy/mean_noise_std,0.1719340980052948,1780987702.4316044
1836,Policy/mean_noise_std,0.17133623361587524,1780987737.8548007
1842,Policy/mean_noise_std,0.17120157182216644,1780987772.9590354
1848,Policy/mean_noise_std,0.17063644528388977,1780987807.9144847
1854,Policy/mean_noise_std,0.1698654145002365,1780987843.2667658
1860,Policy/mean_noise_std,0.16965828835964203,1780987875.6888237
1866,Policy/mean_noise_std,0.17022328078746796,1780987907.7970552
1872,Policy/mean_noise_std,0.16987399756908417,1780987941.701388
1878,Policy/mean_noise_std,0.1694766730070114,1780987975.5613081
1884,Policy/mean_noise_std,0.16977259516716003,1780988010.155001
1890,Policy/mean_noise_std,0.16970513761043549,1780988045.1084862
1896,Policy/mean_noise_std,0.169038787484169,1780988079.7428198
1902,Policy/mean_noise_std,0.1688634753227234,1780988114.7553558
1908,Policy/mean_noise_std,0.16875922679901123,1780988148.8757112
1914,Policy/mean_noise_std,0.16831369698047638,1780988181.2462366
1920,Policy/mean_noise_std,0.16750358045101166,1780988213.9457035
1926,Policy/mean_noise_std,0.1669590175151825,1780988245.7835763
1932,Policy/mean_noise_std,0.16707825660705566,1780988279.7005816
1938,Policy/mean_noise_std,0.16639266908168793,1780988314.572732
1944,Policy/mean_noise_std,0.16549858450889587,1780988347.3113778
1950,Policy/mean_noise_std,0.16531497240066528,1780988378.6556141
1956,Policy/mean_noise_std,0.1660337746143341,1780988411.9479237
1962,Policy/mean_noise_std,0.16597111523151398,1780988447.0788078
1968,Policy/mean_noise_std,0.16515237092971802,1780988480.912256
1974,Policy/mean_noise_std,0.16450685262680054,1780988515.806883
1980,Policy/mean_noise_std,0.16406530141830444,1780988550.4261956
1986,Policy/mean_noise_std,0.16400675475597382,1780988583.9875236
1992,Policy/mean_noise_std,0.16377653181552887,1780988618.4593475
1998,Policy/mean_noise_std,0.16302122175693512,1780988651.8895855
2004,Policy/mean_noise_std,0.16223594546318054,1780988684.1677895
2010,Policy/mean_noise_std,0.16141240298748016,1780988717.3217952
2016,Policy/mean_noise_std,0.16097421944141388,1780988750.021479
2022,Policy/mean_noise_std,0.1603960543870926,1780988783.26486
2028,Policy/mean_noise_std,0.1601511389017105,1780988815.0363147
2034,Policy/mean_noise_std,0.1601412296295166,1780988847.0578423
2040,Policy/mean_noise_std,0.15937022864818573,1780988880.4518654
2046,Policy/mean_noise_std,0.1592395007610321,1780988915.426238
2052,Policy/mean_noise_std,0.15873068571090698,1780988950.2640474
2058,Policy/mean_noise_std,0.15852421522140503,1780988984.507866
2064,Policy/mean_noise_std,0.15872721374034882,1780989014.6764848
2070,Policy/mean_noise_std,0.15904784202575684,1780989047.9901106
2076,Policy/mean_noise_std,0.15933002531528473,1780989080.398827
2082,Policy/mean_noise_std,0.15904761850833893,1780989111.9939983
2088,Policy/mean_noise_std,0.15922091901302338,1780989145.7245626
2094,Policy/mean_noise_std,0.15854178369045258,1780989181.0076997
2100,Policy/mean_noise_std,0.15815511345863342,1780989215.9162533
2106,Policy/mean_noise_std,0.1573561429977417,1780989249.7842965
2112,Policy/mean_noise_std,0.15647649765014648,1780989284.6581972
2118,Policy/mean_noise_std,0.15575402975082397,1780989319.4913454
2124,Policy/mean_noise_std,0.15537214279174805,1780989354.453638
2130,Policy/mean_noise_std,0.1555023342370987,1780989389.8996737
2136,Policy/mean_noise_std,0.15535868704319,1780989425.606174
2142,Policy/mean_noise_std,0.15527626872062683,1780989461.1990855
2148,Policy/mean_noise_std,0.15519899129867554,1780989496.3952823
2154,Policy/mean_noise_std,0.1543433964252472,1780989531.5819407
2160,Policy/mean_noise_std,0.1537475734949112,1780989566.8109465
2166,Policy/mean_noise_std,0.15346215665340424,1780989601.7482264
2172,Policy/mean_noise_std,0.1528051644563675,1780989636.0315354
2178,Policy/mean_noise_std,0.15208545327186584,1780989670.7948554
2184,Policy/mean_noise_std,0.15126267075538635,1780989704.088751
2190,Policy/mean_noise_std,0.15062272548675537,1780989737.6880732
2196,Policy/mean_noise_std,0.15060991048812866,1780989773.9953413
2202,Policy/mean_noise_std,0.1500551700592041,1780989809.0974934
2208,Policy/mean_noise_std,0.14945131540298462,1780989842.868066
2214,Policy/mean_noise_std,0.1490774303674698,1780989876.1032033
2220,Policy/mean_noise_std,0.1494903713464737,1780989911.0084233
2226,Policy/mean_noise_std,0.14874085783958435,1780989946.2012992
2232,Policy/mean_noise_std,0.14814896881580353,1780989981.575709
2238,Policy/mean_noise_std,0.1475761979818344,1780990017.2744033
2244,Policy/mean_noise_std,0.14722058176994324,1780990050.096778
2250,Policy/mean_noise_std,0.14667002856731415,1780990081.8402522
2256,Policy/mean_noise_std,0.14602315425872803,1780990113.6855733
2262,Policy/mean_noise_std,0.1454206258058548,1780990145.271841
2268,Policy/mean_noise_std,0.14477993547916412,1780990179.7038977
2274,Policy/mean_noise_std,0.14441624283790588,1780990214.0145464
2280,Policy/mean_noise_std,0.14436081051826477,1780990248.667308
2286,Policy/mean_noise_std,0.14464373886585236,1780990283.0578365
2292,Policy/mean_noise_std,0.14487133920192719,1780990316.5530622
2298,Policy/mean_noise_std,0.1446518450975418,1780990349.513555
2304,Policy/mean_noise_std,0.14487308263778687,1780990382.036116
2310,Policy/mean_noise_std,0.14467941224575043,1780990415.7468963
2316,Policy/mean_noise_std,0.14448010921478271,1780990450.568043
2322,Policy/mean_noise_std,0.14438670873641968,1780990484.7629158
2328,Policy/mean_noise_std,0.1440480798482895,1780990518.4865358
2334,Policy/mean_noise_std,0.1440575271844864,1780990553.3347101
2340,Policy/mean_noise_std,0.14371517300605774,1780990587.702839
2346,Policy/mean_noise_std,0.1438363790512085,1780990619.1690998
2352,Policy/mean_noise_std,0.14328160881996155,1780990651.9682605
2358,Policy/mean_noise_std,0.14331234991550446,1780990684.7598932
2364,Policy/mean_noise_std,0.14267945289611816,1780990717.268129
2370,Policy/mean_noise_std,0.1418047398328781,1780990749.740939
2376,Policy/mean_noise_std,0.1412901133298874,1780990784.80962
2382,Policy/mean_noise_std,0.14095640182495117,1780990819.7430983
2388,Policy/mean_noise_std,0.1403203159570694,1780990851.7494857
2394,Policy/mean_noise_std,0.13963979482650757,1780990884.3855534
2400,Policy/mean_noise_std,0.13895511627197266,1780990919.8909836
2406,Policy/mean_noise_std,0.13893340528011322,1780990955.2792494
2412,Policy/mean_noise_std,0.13855457305908203,1780990988.2425444
2418,Policy/mean_noise_std,0.13864091038703918,1780991019.431788
2424,Policy/mean_noise_std,0.13879436254501343,1780991051.3877282
2430,Policy/mean_noise_std,0.13881763815879822,1780991085.294297
2436,Policy/mean_noise_std,0.13919587433338165,1780991117.2805548
2442,Policy/mean_noise_std,0.13911369442939758,1780991150.6714084
2448,Policy/mean_noise_std,0.13867022097110748,1780991185.3949792
2454,Policy/mean_noise_std,0.13826797902584076,1780991220.692762
2460,Policy/mean_noise_std,0.13798272609710693,1780991255.5919409
2466,Policy/mean_noise_std,0.13806988298892975,1780991291.259331
2472,Policy/mean_noise_std,0.13833609223365784,1780991327.1689026
2478,Policy/mean_noise_std,0.13804467022418976,1780991363.0447805
2484,Policy/mean_noise_std,0.137830913066864,1780991399.1025443
2490,Policy/mean_noise_std,0.13799311220645905,1780991434.019584
2496,Policy/mean_noise_std,0.13767562806606293,1780991469.0121171
2502,Policy/mean_noise_std,0.13753995299339294,1780991503.1304882
2508,Policy/mean_noise_std,0.1377539336681366,1780991537.842952
2514,Policy/mean_noise_std,0.1374620646238327,1780991573.8360121
2520,Policy/mean_noise_std,0.13735589385032654,1780991609.918962
2526,Policy/mean_noise_std,0.13772939145565033,1780991643.1026716
2532,Policy/mean_noise_std,0.138218954205513,1780991678.3475256
2538,Policy/mean_noise_std,0.13790124654769897,1780991710.3118153
2544,Policy/mean_noise_std,0.13809658586978912,1780991743.0688958
2550,Policy/mean_noise_std,0.13786795735359192,1780991779.1264436
2556,Policy/mean_noise_std,0.13819646835327148,1780991813.9890134
2562,Policy/mean_noise_std,0.1377282440662384,1780991848.784353
2568,Policy/mean_noise_std,0.13723835349082947,1780991883.580992
2574,Policy/mean_noise_std,0.13659460842609406,1780991918.7824779
2580,Policy/mean_noise_std,0.1360103189945221,1780991953.9077652
2586,Policy/mean_noise_std,0.1353462189435959,1780991989.1992037
2592,Policy/mean_noise_std,0.1350070983171463,1780992024.1731465
2598,Policy/mean_noise_std,0.13465797901153564,1780992058.8782258
2604,Policy/mean_noise_std,0.13415943086147308,1780992091.3964708
2610,Policy/mean_noise_std,0.1347610056400299,1780992125.5752819
2616,Policy/mean_noise_std,0.13418219983577728,1780992160.2005773
2622,Policy/mean_noise_std,0.1338924616575241,1780992192.8400128
2628,Policy/mean_noise_std,0.13356654345989227,1780992224.2230446
2634,Policy/mean_noise_std,0.13346832990646362,1780992255.7928722
2640,Policy/mean_noise_std,0.1328633427619934,1780992289.2282658
2646,Policy/mean_noise_std,0.13235320150852203,1780992321.1565368
2652,Policy/mean_noise_std,0.1322396695613861,1780992354.4013932
2658,Policy/mean_noise_std,0.13164520263671875,1780992389.598249
2664,Policy/mean_noise_std,0.13155360519886017,1780992424.8058717
2670,Policy/mean_noise_std,0.13123399019241333,1780992460.4120717
2676,Policy/mean_noise_std,0.13064804673194885,1780992494.4918416
2682,Policy/mean_noise_std,0.1303802877664566,1780992527.5511236
2688,Policy/mean_noise_std,0.13057486712932587,1780992562.8267524
2694,Policy/mean_noise_std,0.13071906566619873,1780992596.4425998
2700,Policy/mean_noise_std,0.1312807947397232,1780992631.2739623
2706,Policy/mean_noise_std,0.13093367218971252,1780992666.7837284
2712,Policy/mean_noise_std,0.13122671842575073,1780992704.3532507
2718,Policy/mean_noise_std,0.13109569251537323,1780993023.5154374
2724,Policy/mean_noise_std,0.130700945854187,1780993058.3538067
2730,Policy/mean_noise_std,0.13055625557899475,1780993092.9580967
2736,Policy/mean_noise_std,0.1300416737794876,1780993127.2714708
2742,Policy/mean_noise_std,0.12929484248161316,1780993161.3648489
2748,Policy/mean_noise_std,0.1290038824081421,1780993195.6252053
2754,Policy/mean_noise_std,0.12925970554351807,1780993230.1689785
2760,Policy/mean_noise_std,0.13017240166664124,1780993264.6407435
2766,Policy/mean_noise_std,0.1301695555448532,1780993299.1815672
2772,Policy/mean_noise_std,0.13020329177379608,1780993333.500489
2778,Policy/mean_noise_std,0.13035379350185394,1780993367.3298674
2784,Policy/mean_noise_std,0.13071081042289734,1780993401.6318145
2790,Policy/mean_noise_std,0.13027061522006989,1780993435.9413466
2796,Policy/mean_noise_std,0.13021309673786163,1780993470.3755636
2802,Policy/mean_noise_std,0.1299406886100769,1780993503.5495782
2808,Policy/mean_noise_std,0.12982089817523956,1780993537.5111644
2814,Policy/mean_noise_std,0.1295889914035797,1780993571.0170035
2820,Policy/mean_noise_std,0.12928645312786102,1780993605.2669237
2826,Policy/mean_noise_std,0.12857714295387268,1780993639.5530639
2832,Policy/mean_noise_std,0.12819252908229828,1780993751.3203127
2838,Policy/mean_noise_std,0.1280502825975418,1780993785.4149854
2844,Policy/mean_noise_std,0.12808190286159515,1780993819.322958
2850,Policy/mean_noise_std,0.12755849957466125,1780993853.2788293
2856,Policy/mean_noise_std,0.1275075227022171,1780993887.5488813
2862,Policy/mean_noise_std,0.1278831660747528,1780993916.850934
2868,Policy/mean_noise_std,0.12802761793136597,1780993946.0345407
2874,Policy/mean_noise_std,0.12825167179107666,1780993975.211258
2880,Policy/mean_noise_std,0.1277603656053543,1780994004.5909376
2886,Policy/mean_noise_std,0.12803876399993896,1780994033.8324232
2892,Policy/mean_noise_std,0.1276225745677948,1780994063.2239869
2898,Policy/mean_noise_std,0.12687841057777405,1780994092.5125134
2904,Policy/mean_noise_std,0.1266091912984848,1780994121.651905
2910,Policy/mean_noise_std,0.1273382604122162,1780994150.9355946
2916,Policy/mean_noise_std,0.12689131498336792,1780994180.419049
2922,Policy/mean_noise_std,0.12724174559116364,1780994210.384133
2928,Policy/mean_noise_std,0.12702076137065887,1780994240.2436085
2934,Policy/mean_noise_std,0.12720569968223572,1780994269.782707
2940,Policy/mean_noise_std,0.12677082419395447,1780994299.1427796
2946,Policy/mean_noise_std,0.12688572704792023,1780994328.5844524
2952,Policy/mean_noise_std,0.1270572394132614,1780994357.9125705
2958,Policy/mean_noise_std,0.12648922204971313,1780994387.4471078
2964,Policy/mean_noise_std,0.12588748335838318,1780994417.3628201
2970,Policy/mean_noise_std,0.1252068728208542,1780994447.104272
2976,Policy/mean_noise_std,0.12463635206222534,1780994476.4483953
2982,Policy/mean_noise_std,0.1242213323712349,1780994506.291146
2988,Policy/mean_noise_std,0.12436496466398239,1780994535.69246
2994,Policy/mean_noise_std,0.12421353906393051,1780994565.032296
3000,Policy/mean_noise_std,0.12354318797588348,1780994594.736277
3006,Policy/mean_noise_std,0.12341718375682831,1780994624.5284367
3012,Policy/mean_noise_std,0.12318628281354904,1780994653.7143276
3018,Policy/mean_noise_std,0.12281492352485657,1780994683.127123
3024,Policy/mean_noise_std,0.12277037650346756,1780994712.4963167
3030,Policy/mean_noise_std,0.12280289083719254,1780994741.745337
3036,Policy/mean_noise_std,0.12216854840517044,1780994771.2925625
3042,Policy/mean_noise_std,0.12248804420232773,1780994800.802505
3048,Policy/mean_noise_std,0.1221764013171196,1780994830.284229
3054,Policy/mean_noise_std,0.12185494601726532,1780994859.9680967
3060,Policy/mean_noise_std,0.12126181274652481,1780994889.9972758
3066,Policy/mean_noise_std,0.12073098868131638,1780994919.3879445
3072,Policy/mean_noise_std,0.1200653612613678,1780994948.9606235
3078,Policy/mean_noise_std,0.12011530995368958,1780994978.8965054
3084,Policy/mean_noise_std,0.12021252512931824,1780995008.8749032
3090,Policy/mean_noise_std,0.12007266283035278,1780995038.7480147
3096,Policy/mean_noise_std,0.11957111209630966,1780995068.58629
3102,Policy/mean_noise_std,0.11912041157484055,1780995097.858775
3108,Policy/mean_noise_std,0.11945321410894394,1780995127.148118
3114,Policy/mean_noise_std,0.11986681818962097,1780995156.2310843
3120,Policy/mean_noise_std,0.1204897090792656,1780995185.271472
3126,Policy/mean_noise_std,0.12040633708238602,1780995214.514677
3132,Policy/mean_noise_std,0.12136134505271912,1780995243.974591
3138,Policy/mean_noise_std,0.12127597630023956,1780995273.3087955
3144,Policy/mean_noise_std,0.12185857445001602,1780995302.8386533
3150,Policy/mean_noise_std,0.12243229150772095,1780995332.3826811
3156,Policy/mean_noise_std,0.12241696566343307,1780995361.7940822
3162,Policy/mean_noise_std,0.12280218303203583,1780995390.772505
3168,Policy/mean_noise_std,0.12267566472291946,1780995420.0646536
3174,Policy/mean_noise_std,0.12334121763706207,1780995449.700069
3180,Policy/mean_noise_std,0.12384221702814102,1780995479.2056842
3186,Policy/mean_noise_std,0.12434415519237518,1780995508.748565
3192,Policy/mean_noise_std,0.12379462271928787,1780995538.0715454
3198,Policy/mean_noise_std,0.12378832697868347,1780995567.6013784
3204,Policy/mean_noise_std,0.12318003922700882,1780995596.603393
3210,Policy/mean_noise_std,0.12256482988595963,1780995626.8360686
3216,Policy/mean_noise_std,0.12202146649360657,1780995656.3185215
3222,Policy/mean_noise_std,0.12208878993988037,1780995686.227264
3228,Policy/mean_noise_std,0.12139346450567245,1780995715.330671
3234,Policy/mean_noise_std,0.121238574385643,1780995744.6555924
3240,Policy/mean_noise_std,0.1217561885714531,1780995774.1753223
3246,Policy/mean_noise_std,0.12131519615650177,1780995803.527012
3252,Policy/mean_noise_std,0.12142065912485123,1780995832.8898318
3258,Policy/mean_noise_std,0.12100066244602203,1780995862.0914943
3264,Policy/mean_noise_std,0.12060974538326263,1780995891.0911481
3270,Policy/mean_noise_std,0.12038698047399521,1780995920.485574
3276,Policy/mean_noise_std,0.12015654146671295,1780995950.6601698
3282,Policy/mean_noise_std,0.11985525488853455,1780995980.4620533
3288,Policy/mean_noise_std,0.11924158036708832,1780996010.3452709
3294,Policy/mean_noise_std,0.11877266317605972,1780996040.356902
3300,Policy/mean_noise_std,0.11837615072727203,1780996070.2668056
3306,Policy/mean_noise_std,0.11792487651109695,1780996100.3070998
3312,Policy/mean_noise_std,0.11745111644268036,1780996130.084232
3318,Policy/mean_noise_std,0.11747658252716064,1780996159.7168481
3324,Policy/mean_noise_std,0.11716373264789581,1780996189.6761591
3330,Policy/mean_noise_std,0.11751040071249008,1780996219.8012257
3336,Policy/mean_noise_std,0.11794829368591309,1780996249.711016
3342,Policy/mean_noise_std,0.11825855076313019,1780996279.0398202
3348,Policy/mean_noise_std,0.11846137046813965,1780996308.6694608
3354,Policy/mean_noise_std,0.11882323771715164,1780996337.9117963
3360,Policy/mean_noise_std,0.11912555247545242,1780996367.2172427
3366,Policy/mean_noise_std,0.1197398379445076,1780996396.6352031
3372,Policy/mean_noise_std,0.11962571740150452,1780996425.949674
3378,Policy/mean_noise_std,0.11961700022220612,1780996455.5923274
3384,Policy/mean_noise_std,0.11988711357116699,1780996485.2781086
3390,Policy/mean_noise_std,0.1198190301656723,1780996515.2747505
3396,Policy/mean_noise_std,0.11947228759527206,1780996544.9317615
3402,Policy/mean_noise_std,0.11953382194042206,1780996574.537848
3408,Policy/mean_noise_std,0.11892316490411758,1780996603.9788952
3414,Policy/mean_noise_std,0.11807975172996521,1780996633.481597
3420,Policy/mean_noise_std,0.11744506657123566,1780996662.7886555
3426,Policy/mean_noise_std,0.11690877377986908,1780996692.7244816
3432,Policy/mean_noise_std,0.11691873520612717,1780996722.2607834
3438,Policy/mean_noise_std,0.11676132678985596,1780996751.2846622
3444,Policy/mean_noise_std,0.11631935089826584,1780996780.269203
3450,Policy/mean_noise_std,0.11655524373054504,1780996809.539366
3456,Policy/mean_noise_std,0.11624190211296082,1780996838.8984115
3462,Policy/mean_noise_std,0.1171039268374443,1780996868.3252869
3468,Policy/mean_noise_std,0.11730638891458511,1780996897.6123693
3474,Policy/mean_noise_std,0.11700956523418427,1780996926.7648141
3480,Policy/mean_noise_std,0.11704828590154648,1780996955.6672597
3486,Policy/mean_noise_std,0.11707380414009094,1780996984.8720577
3492,Policy/mean_noise_std,0.1170942559838295,1780997014.2253404
3498,Policy/mean_noise_std,0.11678402125835419,1780997043.4155047
3504,Policy/mean_noise_std,0.11667440831661224,1780997073.1546366
3510,Policy/mean_noise_std,0.11664403975009918,1780997103.2277246
3516,Policy/mean_noise_std,0.11675848811864853,1780997133.2787426
3522,Policy/mean_noise_std,0.11698297411203384,1780997162.9913132
3528,Policy/mean_noise_std,0.11790887266397476,1780997193.0788808
3534,Policy/mean_noise_std,0.11733515560626984,1780997223.216225
3540,Policy/mean_noise_std,0.11664111167192459,1780997253.333688
3546,Policy/mean_noise_std,0.11594057828187943,1780997282.709962
3552,Policy/mean_noise_std,0.11546479910612106,1780997311.8768098
3558,Policy/mean_noise_std,0.11548919230699539,1780997341.4891076
3564,Policy/mean_noise_std,0.1151224672794342,1780997371.2916627
3570,Policy/mean_noise_std,0.11476882547140121,1780997401.1018655
3576,Policy/mean_noise_std,0.1141071617603302,1780997430.5695124
3582,Policy/mean_noise_std,0.11364015191793442,1780997460.145545
3588,Policy/mean_noise_std,0.11339975893497467,1780997489.9562821
3594,Policy/mean_noise_std,0.11326292157173157,1780997519.307548
3600,Policy/mean_noise_std,0.11315832287073135,1780997549.019608
3606,Policy/mean_noise_std,0.11274745315313339,1780997578.7413929
3612,Policy/mean_noise_std,0.11258833110332489,1780997608.3685358
3618,Policy/mean_noise_std,0.11205201596021652,1780997638.1397684
3624,Policy/mean_noise_std,0.1125769317150116,1780997668.117902
3630,Policy/mean_noise_std,0.11275607347488403,1780997698.0759776
3636,Policy/mean_noise_std,0.11292383074760437,1780997727.9821572
3642,Policy/mean_noise_std,0.11278790235519409,1780997758.3784475
3648,Policy/mean_noise_std,0.113136425614357,1780997788.2752259
3654,Policy/mean_noise_std,0.11356211453676224,1780997817.8548455
3660,Policy/mean_noise_std,0.1137828528881073,1780997847.743422
3666,Policy/mean_noise_std,0.11381728947162628,1780997877.6965854
3672,Policy/mean_noise_std,0.11353281885385513,1780997907.2232132
3678,Policy/mean_noise_std,0.11325862258672714,1780997936.730064
3684,Policy/mean_noise_std,0.11295097321271896,1780997966.1989312
3690,Policy/mean_noise_std,0.11253293603658676,1780997996.1094606
3696,Policy/mean_noise_std,0.11190519481897354,1780998025.68896
3702,Policy/mean_noise_std,0.11191470921039581,1780998055.4438639
3708,Policy/mean_noise_std,0.11180666834115982,1780998085.1792521
3714,Policy/mean_noise_std,0.11184307932853699,1780998115.3429742
3720,Policy/mean_noise_std,0.11165671795606613,1780998145.0089748
3726,Policy/mean_noise_std,0.11169694364070892,1780998174.328296
3732,Policy/mean_noise_std,0.11163437366485596,1780998204.197706
3738,Policy/mean_noise_std,0.11184506863355637,1780998233.7012768
3744,Policy/mean_noise_std,0.11194001883268356,1780998263.2956927
3750,Policy/mean_noise_std,0.11182679980993271,1780998293.2202003
3756,Policy/mean_noise_std,0.1115102618932724,1780998323.4384983
3762,Policy/mean_noise_std,0.1116061583161354,1780998353.4312167
3768,Policy/mean_noise_std,0.11193715780973434,1780998383.1341023
3774,Policy/mean_noise_std,0.1123313456773758,1780998412.0738702
3780,Policy/mean_noise_std,0.11182725429534912,1780998440.9711406
3786,Policy/mean_noise_std,0.11130547523498535,1780998470.0792446
3792,Policy/mean_noise_std,0.11179840564727783,1780998499.058943
3798,Policy/mean_noise_std,0.11144539713859558,1780998527.9863105
3804,Policy/mean_noise_std,0.11124692112207413,1780998556.954757
3810,Policy/mean_noise_std,0.11128982156515121,1780998585.9269578
3816,Policy/mean_noise_std,0.11100008338689804,1780998614.724937
3822,Policy/mean_noise_std,0.11055606603622437,1780998643.8888662
3828,Policy/mean_noise_std,0.11119376868009567,1780998673.027472
3834,Policy/mean_noise_std,0.11075826734304428,1780998702.1515346
3840,Policy/mean_noise_std,0.11039306223392487,1780998731.441856
3846,Policy/mean_noise_std,0.10989801585674286,1780998760.4881277
3852,Policy/mean_noise_std,0.10964663326740265,1780998789.5633464
3858,Policy/mean_noise_std,0.10979301482439041,1780998818.404709
3864,Policy/mean_noise_std,0.10930165648460388,1780998847.2728553
3870,Policy/mean_noise_std,0.10879620909690857,1780998876.396243
3876,Policy/mean_noise_std,0.10850545763969421,1780998906.0990763
3882,Policy/mean_noise_std,0.1087314784526825,1780998935.5505736
3888,Policy/mean_noise_std,0.10832646489143372,1780998965.153204
3894,Policy/mean_noise_std,0.10787340253591537,1780998994.493627
3900,Policy/mean_noise_std,0.10786430537700653,1780999023.5873735
3906,Policy/mean_noise_std,0.10723944008350372,1780999052.9962988
3912,Policy/mean_noise_std,0.10677000135183334,1780999082.0796633
3918,Policy/mean_noise_std,0.10637830197811127,1780999111.0934365
3924,Policy/mean_noise_std,0.10602104663848877,1780999140.2116942
3930,Policy/mean_noise_std,0.105584517121315,1780999169.4658167
3936,Policy/mean_noise_std,0.10501114279031754,1780999198.7432842
3942,Policy/mean_noise_std,0.10465850681066513,1780999227.9278727
3948,Policy/mean_noise_std,0.10410487651824951,1780999256.7980669
3954,Policy/mean_noise_std,0.10372910648584366,1780999285.7363386
3960,Policy/mean_noise_std,0.1033700555562973,1780999314.8136244
3966,Policy/mean_noise_std,0.10300101339817047,1780999343.675498
3972,Policy/mean_noise_std,0.1025712862610817,1780999372.4458506
3978,Policy/mean_noise_std,0.10207483172416687,1780999401.464487
3984,Policy/mean_noise_std,0.10175676643848419,1780999430.4557137
3990,Policy/mean_noise_std,0.10136520117521286,1780999459.6569386
3996,Policy/mean_noise_std,0.1013890877366066,1780999488.7510455
4002,Policy/mean_noise_std,0.10173159837722778,1780999518.1524293
4008,Policy/mean_noise_std,0.10175591707229614,1780999547.424222
4014,Policy/mean_noise_std,0.10117438435554504,1780999576.4235349
4020,Policy/mean_noise_std,0.10068991780281067,1780999606.0571213
4026,Policy/mean_noise_std,0.10016954690217972,1780999635.6359148
4032,Policy/mean_noise_std,0.09989166259765625,1780999665.114505
4038,Policy/mean_noise_std,0.09991203248500824,1780999694.7553396
4044,Policy/mean_noise_std,0.09956476092338562,1780999724.4217079
4050,Policy/mean_noise_std,0.09938585013151169,1780999752.2197871
4056,Policy/mean_noise_std,0.09905312955379486,1780999777.3067544
4062,Policy/mean_noise_std,0.09850899130105972,1780999802.7472317
4068,Policy/mean_noise_std,0.09813527762889862,1780999832.081255
4074,Policy/mean_noise_std,0.09783012419939041,1780999861.6139998
4080,Policy/mean_noise_std,0.09744060784578323,1780999891.045486
4086,Policy/mean_noise_std,0.0971284806728363,1780999920.6086211
4092,Policy/mean_noise_std,0.09668470919132233,1780999950.0106702
4098,Policy/mean_noise_std,0.09637272357940674,1780999979.5517876
4104,Policy/mean_noise_std,0.0960707738995552,1781000008.8303325
4110,Policy/mean_noise_std,0.09635944664478302,1781000038.3247163
4116,Policy/mean_noise_std,0.09608452022075653,1781000067.6288981
4122,Policy/mean_noise_std,0.0956488847732544,1781000096.8219514
4128,Policy/mean_noise_std,0.09549880027770996,1781000126.2636023
4134,Policy/mean_noise_std,0.09575637429952621,1781000156.0107942
4140,Policy/mean_noise_std,0.09548420459032059,1781000185.5361056
4146,Policy/mean_noise_std,0.09521795809268951,1781000214.7020314
4152,Policy/mean_noise_std,0.09522318840026855,1781000243.8129072
4158,Policy/mean_noise_std,0.09497079253196716,1781000273.225861
4164,Policy/mean_noise_std,0.09468541294336319,1781000302.4744153
4170,Policy/mean_noise_std,0.09439978003501892,1781000332.1364214
4176,Policy/mean_noise_std,0.09402456879615784,1781000361.913291
4182,Policy/mean_noise_std,0.0936766117811203,1781000391.4125493
4188,Policy/mean_noise_std,0.093248151242733,1781000420.8086228
4194,Policy/mean_noise_std,0.09312557429075241,1781000450.2364256
4200,Policy/mean_noise_std,0.09280946850776672,1781000479.8092844
4206,Policy/mean_noise_std,0.09245719760656357,1781000508.9751344
4212,Policy/mean_noise_std,0.09225224703550339,1781000538.249446
4218,Policy/mean_noise_std,0.09242188185453415,1781000567.448428
4224,Policy/mean_noise_std,0.09252516180276871,1781000596.5975704
4230,Policy/mean_noise_std,0.09228605777025223,1781000625.784323
4236,Policy/mean_noise_std,0.0919869989156723,1781000655.4375892
4242,Policy/mean_noise_std,0.09162452071905136,1781000684.825602
4248,Policy/mean_noise_std,0.09129119664430618,1781000714.4668581
4254,Policy/mean_noise_std,0.09093765169382095,1781000744.3890517
4260,Policy/mean_noise_std,0.09071513265371323,1781000774.0304074
4266,Policy/mean_noise_std,0.09059278666973114,1781000803.2579174
4272,Policy/mean_noise_std,0.09083843231201172,1781000832.4079046
4278,Policy/mean_noise_std,0.09088283032178879,1781000861.7692068
4284,Policy/mean_noise_std,0.09053436666727066,1781000891.4394495
4290,Policy/mean_noise_std,0.09018179029226303,1781000921.2861094
4296,Policy/mean_noise_std,0.08988404273986816,1781000951.2231483
4302,Policy/mean_noise_std,0.08957834541797638,1781000981.0202334
4308,Policy/mean_noise_std,0.08929290622472763,1781001011.135065
4314,Policy/mean_noise_std,0.08969181776046753,1781001040.7167609
4320,Policy/mean_noise_std,0.08950715512037277,1781001070.5373313
4326,Policy/mean_noise_std,0.08929931372404099,1781001100.4021494
4332,Policy/mean_noise_std,0.08922294527292252,1781001130.078396
4338,Policy/mean_noise_std,0.0893251895904541,1781001159.6105342
4344,Policy/mean_noise_std,0.08917819708585739,1781001188.9869065
4350,Policy/mean_noise_std,0.08886534720659256,1781001218.6259584
4356,Policy/mean_noise_std,0.08861235529184341,1781001248.5422282
4362,Policy/mean_noise_std,0.08834325522184372,1781001278.1380205
4368,Policy/mean_noise_std,0.08824668079614639,1781001308.0124426
4374,Policy/mean_noise_std,0.08833801746368408,1781001337.9116564
4380,Policy/mean_noise_std,0.08840617537498474,1781001367.7370853
4386,Policy/mean_noise_std,0.0887775719165802,1781001397.3743541
4392,Policy/mean_noise_std,0.08891694247722626,1781001426.6046515
4398,Policy/mean_noise_std,0.0885649174451828,1781001456.5976944
4404,Policy/mean_noise_std,0.08822927623987198,1781001486.6179442
4410,Policy/mean_noise_std,0.08788240700960159,1781001516.0734925
4416,Policy/mean_noise_std,0.08772861957550049,1781001545.7260938
4422,Policy/mean_noise_std,0.08805837482213974,1781001575.807453
4428,Policy/mean_noise_std,0.08794789761304855,1781001605.7141974
4434,Policy/mean_noise_std,0.0879950225353241,1781001635.0791533
4440,Policy/mean_noise_std,0.08798573166131973,1781001664.7521808
4446,Policy/mean_noise_std,0.08771694451570511,1781001694.295445
4452,Policy/mean_noise_std,0.08750848472118378,1781001723.9467328
4458,Policy/mean_noise_std,0.08727966994047165,1781001753.9384687
4464,Policy/mean_noise_std,0.08715841919183731,1781001783.7412128
4470,Policy/mean_noise_std,0.08722252398729324,1781001813.382478
4476,Policy/mean_noise_std,0.08743376284837723,1781001843.4524786
4482,Policy/mean_noise_std,0.08721636235713959,1781001873.1827364
4488,Policy/mean_noise_std,0.08691736310720444,1781001902.9536872
4494,Policy/mean_noise_std,0.08660493046045303,1781001932.1894195
4500,Policy/mean_noise_std,0.08637283742427826,1781001961.7381399
4506,Policy/mean_noise_std,0.08612372726202011,1781001991.316069
4512,Policy/mean_noise_std,0.08591165393590927,1781002020.950295
4518,Policy/mean_noise_std,0.0856868252158165,1781002050.6540558
4524,Policy/mean_noise_std,0.08563972264528275,1781002080.414127
4530,Policy/mean_noise_std,0.08613701164722443,1781002110.2660031
4536,Policy/mean_noise_std,0.08590228855609894,1781002140.068642
4542,Policy/mean_noise_std,0.08572166413068771,1781002169.8897507
4548,Policy/mean_noise_std,0.08548275381326675,1781002199.4514184
4554,Policy/mean_noise_std,0.08592594414949417,1781002229.2187243
4560,Policy/mean_noise_std,0.08620437234640121,1781002258.950624
4566,Policy/mean_noise_std,0.08608072996139526,1781002288.448343
4572,Policy/mean_noise_std,0.08586987853050232,1781002317.994311
4578,Policy/mean_noise_std,0.08616647124290466,1781002347.8502016
4584,Policy/mean_noise_std,0.08637130260467529,1781002377.8286405
4590,Policy/mean_noise_std,0.08644229918718338,1781002407.7682831
4596,Policy/mean_noise_std,0.08655110001564026,1781002437.5416427
4602,Policy/mean_noise_std,0.08658216893672943,1781002467.2737818
4608,Policy/mean_noise_std,0.08724801987409592,1781002497.219361
4614,Policy/mean_noise_std,0.08697974681854248,1781002526.9172907
4620,Policy/mean_noise_std,0.08670708537101746,1781002556.7020032
4626,Policy/mean_noise_std,0.08647315949201584,1781002585.8850071
4632,Policy/mean_noise_std,0.08618967235088348,1781002615.5034878
4638,Policy/mean_noise_std,0.0859614759683609,1781002645.3752432
4644,Policy/mean_noise_std,0.08569835871458054,1781002675.0624492
4650,Policy/mean_noise_std,0.08541121333837509,1781002704.6179934
4656,Policy/mean_noise_std,0.08597142994403839,1781002734.5703769
4662,Policy/mean_noise_std,0.08569345623254776,1781002764.5483596
4668,Policy/mean_noise_std,0.08596810698509216,1781002794.8029041
4674,Policy/mean_noise_std,0.08585141599178314,1781002825.003646
4680,Policy/mean_noise_std,0.08629440516233444,1781002854.9586215
4686,Policy/mean_noise_std,0.08634009212255478,1781002884.6058059
4692,Policy/mean_noise_std,0.08661617338657379,1781002914.1946123
4698,Policy/mean_noise_std,0.0864424780011177,1781002943.911813
4704,Policy/mean_noise_std,0.08613252639770508,1781002973.004425
4710,Policy/mean_noise_std,0.0862654596567154,1781003002.8762064
4716,Policy/mean_noise_std,0.0867360532283783,1781003032.8386924
4722,Policy/mean_noise_std,0.08652449399232864,1781003062.9070098
4728,Policy/mean_noise_std,0.0868012085556984,1781003092.578831
4734,Policy/mean_noise_std,0.08673801273107529,1781003122.2978213
4740,Policy/mean_noise_std,0.08648630976676941,1781003151.970119
4746,Policy/mean_noise_std,0.08619995415210724,1781003181.8212655
4752,Policy/mean_noise_std,0.086243636906147,1781003211.971158
4758,Policy/mean_noise_std,0.0869678482413292,1781003242.0212493
4764,Policy/mean_noise_std,0.08690264821052551,1781003272.0488472
4770,Policy/mean_noise_std,0.08736687898635864,1781003301.801201
4776,Policy/mean_noise_std,0.08766559511423111,1781003331.764426
4782,Policy/mean_noise_std,0.0875796377658844,1781003361.7632642
4788,Policy/mean_noise_std,0.08741369098424911,1781003391.4317167
4794,Policy/mean_noise_std,0.08713928610086441,1781003421.4655356
4800,Policy/mean_noise_std,0.08690418303012848,1781003451.4730775
4806,Policy/mean_noise_std,0.08664341270923615,1781003481.1208446
4812,Policy/mean_noise_std,0.08637377619743347,1781003510.9097188
4818,Policy/mean_noise_std,0.08613323420286179,1781003540.7881393
4824,Policy/mean_noise_std,0.08587280660867691,1781003570.82272
4830,Policy/mean_noise_std,0.08558203279972076,1781003600.8114753
4836,Policy/mean_noise_std,0.08529491722583771,1781003630.458345
4842,Policy/mean_noise_std,0.08529230952262878,1781003660.002204
4848,Policy/mean_noise_std,0.08564405143260956,1781003689.5005703
4854,Policy/mean_noise_std,0.08559755235910416,1781003719.2749176
4860,Policy/mean_noise_std,0.086011603474617,1781003748.9199953
4866,Policy/mean_noise_std,0.08570941537618637,1781003778.84014
4872,Policy/mean_noise_std,0.08537892252206802,1781003808.6772408
4878,Policy/mean_noise_std,0.08513545244932175,1781003838.2717338
4884,Policy/mean_noise_std,0.08493248373270035,1781003868.0033224
4890,Policy/mean_noise_std,0.08463089913129807,1781003897.5676026
4896,Policy/mean_noise_std,0.08437898755073547,1781003927.0374582
4902,Policy/mean_noise_std,0.08419426530599594,1781003956.5221143
4908,Policy/mean_noise_std,0.08406335860490799,1781003985.7101586
4914,Policy/mean_noise_std,0.08402188867330551,1781004015.3502314
4920,Policy/mean_noise_std,0.08390124142169952,1781004045.093958
4926,Policy/mean_noise_std,0.08443524688482285,1781004074.9930055
4932,Policy/mean_noise_std,0.08438663929700851,1781004104.5815537
4938,Policy/mean_noise_std,0.084186851978302,1781004133.9659853
4944,Policy/mean_noise_std,0.08391106128692627,1781004163.6396487
4950,Policy/mean_noise_std,0.08367601037025452,1781004193.2386804
4956,Policy/mean_noise_std,0.08338768780231476,1781004223.3750262
4962,Policy/mean_noise_std,0.08312840014696121,1781004253.2807589
4968,Policy/mean_noise_std,0.08374876528978348,1781004283.27378
4974,Policy/mean_noise_std,0.08371315896511078,1781004313.2367203
4980,Policy/mean_noise_std,0.08350811153650284,1781004343.1144147
4986,Policy/mean_noise_std,0.08349443972110748,1781004372.6979795
4992,Policy/mean_noise_std,0.08355940133333206,1781004401.6172523
4998,Policy/mean_noise_std,0.08338950574398041,1781004431.1452608
5004,Policy/mean_noise_std,0.08325478434562683,1781004460.2180796
5010,Policy/mean_noise_std,0.08300141245126724,1781004489.4488592
5016,Policy/mean_noise_std,0.08282382786273956,1781004518.670124
5022,Policy/mean_noise_std,0.08247575163841248,1781004548.0524647
5028,Policy/mean_noise_std,0.08237337321043015,1781004577.1629078
5034,Policy/mean_noise_std,0.08279899507761002,1781004606.2594512
5040,Policy/mean_noise_std,0.08279731124639511,1781004635.8533437
5046,Policy/mean_noise_std,0.08266883343458176,1781004665.7612646
5052,Policy/mean_noise_std,0.08248131722211838,1781004695.1392972
5058,Policy/mean_noise_std,0.08222587406635284,1781004724.3629377
5064,Policy/mean_noise_std,0.08193858712911606,1781004753.5747845
5070,Policy/mean_noise_std,0.0816892459988594,1781004782.838458
5076,Policy/mean_noise_std,0.08135986328125,1781004811.9286127
5082,Policy/mean_noise_std,0.08114741742610931,1781004841.2817924
5088,Policy/mean_noise_std,0.08092982321977615,1781004870.6106064
5094,Policy/mean_noise_std,0.08062560111284256,1781004900.03837
5100,Policy/mean_noise_std,0.08035673946142197,1781004929.523023
5106,Policy/mean_noise_std,0.08014470338821411,1781004958.9456253
5112,Policy/mean_noise_std,0.07986708730459213,1781004988.1589687
5118,Policy/mean_noise_std,0.07962918281555176,1781005017.6177695
5124,Policy/mean_noise_std,0.07977410405874252,1781005047.212558
5130,Policy/mean_noise_std,0.07962831854820251,1781005076.4565547
5136,Policy/mean_noise_std,0.0794496089220047,1781005105.9115784
5142,Policy/mean_noise_std,0.0791630819439888,1781005135.4432461
5148,Policy/mean_noise_std,0.0788859874010086,1781005164.6283233
5154,Policy/mean_noise_std,0.07855261862277985,1781005193.3883767
5160,Policy/mean_noise_std,0.07824098318815231,1781005222.2636545
5166,Policy/mean_noise_std,0.07813682407140732,1781005251.1415
5172,Policy/mean_noise_std,0.07839146256446838,1781005280.098688
5178,Policy/mean_noise_std,0.0789991170167923,1781005309.345018
5184,Policy/mean_noise_std,0.07892059534788132,1781005338.273833
5190,Policy/mean_noise_std,0.07875624299049377,1781005367.9691703
5196,Policy/mean_noise_std,0.07850737869739532,1781005396.9834242
5202,Policy/mean_noise_std,0.0786527767777443,1781005426.1671968
5208,Policy/mean_noise_std,0.07873615622520447,1781005454.7666445
5214,Policy/mean_noise_std,0.07860332727432251,1781005484.0830312
5220,Policy/mean_noise_std,0.0784258246421814,1781005513.117817
5226,Policy/mean_noise_std,0.07833439111709595,1781005542.2488332
5232,Policy/mean_noise_std,0.07806751132011414,1781005571.502385
5238,Policy/mean_noise_std,0.07776816189289093,1781005600.9888456
5244,Policy/mean_noise_std,0.0774909034371376,1781005630.5349133
5250,Policy/mean_noise_std,0.07727140188217163,1781005660.2499144
5256,Policy/mean_noise_std,0.07711954414844513,1781005689.6982663
5262,Policy/mean_noise_std,0.07692629098892212,1781005719.5286007
5268,Policy/mean_noise_std,0.07674842327833176,1781005749.157046
5274,Policy/mean_noise_std,0.07646170258522034,1781005778.9607754
5280,Policy/mean_noise_std,0.0763239711523056,1781005809.0706985
5286,Policy/mean_noise_std,0.07608477026224136,1781005838.8125148
5292,Policy/mean_noise_std,0.07595037668943405,1781005868.2969933
5298,Policy/mean_noise_std,0.07590993493795395,1781005897.4791546
5304,Policy/mean_noise_std,0.07624130696058273,1781005926.7788231
5310,Policy/mean_noise_std,0.07683952152729034,1781005955.8371701
5316,Policy/mean_noise_std,0.0768495723605156,1781005984.673105
5322,Policy/mean_noise_std,0.07667337357997894,1781006013.6727166
5328,Policy/mean_noise_std,0.07644673436880112,1781006042.6464093
5334,Policy/mean_noise_std,0.07639889419078827,1781006072.1771333
5340,Policy/mean_noise_std,0.07633990049362183,1781006102.1264007
5346,Policy/mean_noise_std,0.07652345299720764,1781006132.555235
5352,Policy/mean_noise_std,0.07703246176242828,1781006162.4964328
5358,Policy/mean_noise_std,0.07721611857414246,1781006192.567921
5364,Policy/mean_noise_std,0.07708152383565903,1781006222.4241247
5370,Policy/mean_noise_std,0.07688742876052856,1781006252.2533295
5376,Policy/mean_noise_std,0.07678300142288208,1781006282.4044852
5382,Policy/mean_noise_std,0.07664508372545242,1781006312.715845
5388,Policy/mean_noise_std,0.07647397369146347,1781006344.0861015
5394,Policy/mean_noise_std,0.07631643116474152,1781006374.1491113
5400,Policy/mean_noise_std,0.0761013776063919,1781006404.0954733
5406,Policy/mean_noise_std,0.0758771151304245,1781006434.469349
5412,Policy/mean_noise_std,0.07568555325269699,1781006465.4108229
5418,Policy/mean_noise_std,0.07556001096963882,1781006496.8346975
5424,Policy/mean_noise_std,0.07545861601829529,1781006527.8261793
5430,Policy/mean_noise_std,0.07531054317951202,1781006558.3553736
5436,Policy/mean_noise_std,0.07514239102602005,1781006589.089324
5442,Policy/mean_noise_std,0.07499295473098755,1781006619.5389383
5448,Policy/mean_noise_std,0.07477790117263794,1781006649.9130476
5454,Policy/mean_noise_std,0.07450044900178909,1781006680.2612276
5460,Policy/mean_noise_std,0.07462415099143982,1781006711.4625833
5466,Policy/mean_noise_std,0.07506672292947769,1781006742.6478274
5472,Policy/mean_noise_std,0.075526162981987,1781006773.3968852
5478,Policy/mean_noise_std,0.0755230262875557,1781006803.7187622
5484,Policy/mean_noise_std,0.07531803101301193,1781006834.2315335
5490,Policy/mean_noise_std,0.07519017904996872,1781006865.216782
5496,Policy/mean_noise_std,0.07498244941234589,1781006896.3526244
5502,Policy/mean_noise_std,0.07481984049081802,1781006927.58634
5508,Policy/mean_noise_std,0.07466649264097214,1781006958.650379
5514,Policy/mean_noise_std,0.07460270822048187,1781006989.5875251
5520,Policy/mean_noise_std,0.07441966980695724,1781007019.9360352
5526,Policy/mean_noise_std,0.07419365644454956,1781007050.805439
5532,Policy/mean_noise_std,0.0739709809422493,1781007081.269556
5538,Policy/mean_noise_std,0.07381336390972137,1781007111.7746596
5544,Policy/mean_noise_std,0.07368209958076477,1781007141.7980433
5550,Policy/mean_noise_std,0.07350554317235947,1781007172.67536
5556,Policy/mean_noise_std,0.073320172727108,1781007202.6154842
5562,Policy/mean_noise_std,0.07305942475795746,1781007232.81032
5568,Policy/mean_noise_std,0.07287418097257614,1781007262.8557975
5574,Policy/mean_noise_std,0.07278720289468765,1781007293.3910751
5580,Policy/mean_noise_std,0.07326504588127136,1781007323.5055356
5586,Policy/mean_noise_std,0.07386547327041626,1781007354.4477339
5592,Policy/mean_noise_std,0.07373833656311035,1781007385.2557056
5598,Policy/mean_noise_std,0.0736999660730362,1781007416.0541205
5604,Policy/mean_noise_std,0.07354119420051575,1781007447.4114542
5610,Policy/mean_noise_std,0.07334490120410919,1781007478.0462737
5616,Policy/mean_noise_std,0.07313154637813568,1781007508.7940063
5622,Policy/mean_noise_std,0.07293528318405151,1781007539.9173875
5628,Policy/mean_noise_std,0.07284226268529892,1781007570.6500454
5634,Policy/mean_noise_std,0.07275399565696716,1781007601.068422
5640,Policy/mean_noise_std,0.0726274698972702,1781007633.0662422
5646,Policy/mean_noise_std,0.07241622358560562,1781007664.4073424
5652,Policy/mean_noise_std,0.07225383073091507,1781007694.2892199
5654,Policy/mean_noise_std,0.07218625396490097,1781007704.0904057
0,Loss/learning_rate,9.999999747378752e-06,1780976897.3028672
6,Loss/learning_rate,0.00011390625149942935,1780976942.6745887
12,Loss/learning_rate,0.00017085937724914402,1780976987.2790306
18,Loss/learning_rate,0.00038443360244855285,1780977031.6628826
24,Loss/learning_rate,0.0005766503745689988,1780977074.4455965
30,Loss/learning_rate,5.062499985797331e-05,1780977118.3458493
36,Loss/learning_rate,0.0002562890585977584,1780977161.638276
42,Loss/learning_rate,0.00011390625149942935,1780977204.53854
48,Loss/learning_rate,5.062499985797331e-05,1780977246.67744
54,Loss/learning_rate,0.00038443360244855285,1780977289.1938741
60,Loss/learning_rate,0.00038443360244855285,1780977332.6868055
66,Loss/learning_rate,0.00017085937724914402,1780977375.9977303
72,Loss/learning_rate,0.00011390625149942935,1780977419.9223409
78,Loss/learning_rate,0.0002562890585977584,1780977459.6728287
84,Loss/learning_rate,7.593750342493877e-05,1780977499.5933402
90,Loss/learning_rate,7.593750342493877e-05,1780977543.1537707
96,Loss/learning_rate,2.2500000341096893e-05,1780977584.9075825
102,Loss/learning_rate,0.00011390625149942935,1780977627.6124804
108,Loss/learning_rate,0.00011390625149942935,1780977671.1659818
114,Loss/learning_rate,7.593750342493877e-05,1780977713.9489133
120,Loss/learning_rate,0.00017085937724914402,1780977755.347231
126,Loss/learning_rate,0.00011390625149942935,1780977797.4561234
132,Loss/learning_rate,0.00017085937724914402,1780977838.7990694
138,Loss/learning_rate,0.00011390625149942935,1780977881.3236063
144,Loss/learning_rate,0.00011390625149942935,1780977923.002933
150,Loss/learning_rate,9.999999747378752e-06,1780977963.847904
156,Loss/learning_rate,2.2500000341096893e-05,1780978004.7010515
162,Loss/learning_rate,7.593750342493877e-05,1780978042.611122
168,Loss/learning_rate,7.593750342493877e-05,1780978084.485686
174,Loss/learning_rate,7.593750342493877e-05,1780978128.783213
180,Loss/learning_rate,0.00017085937724914402,1780978171.574948
186,Loss/learning_rate,9.999999747378752e-06,1780978215.4773664
192,Loss/learning_rate,0.00017085937724914402,1780978259.7885525
198,Loss/learning_rate,0.00017085937724914402,1780978304.2664764
204,Loss/learning_rate,0.00011390625149942935,1780978346.8661058
210,Loss/learning_rate,0.00011390625149942935,1780978390.0429652
216,Loss/learning_rate,0.0002562890585977584,1780978431.5645137
222,Loss/learning_rate,0.00011390625149942935,1780978474.9702606
228,Loss/learning_rate,1.4999999621068127e-05,1780978518.1287906
234,Loss/learning_rate,0.00011390625149942935,1780978561.3560162
240,Loss/learning_rate,7.593750342493877e-05,1780978607.1270385
246,Loss/learning_rate,0.00017085937724914402,1780978644.7124667
252,Loss/learning_rate,0.00011390625149942935,1780978679.090644
258,Loss/learning_rate,0.00017085937724914402,1780978714.2808006
264,Loss/learning_rate,0.00017085937724914402,1780978748.019539
270,Loss/learning_rate,0.00011390625149942935,1780978781.7815692
276,Loss/learning_rate,0.00011390625149942935,1780978817.5479264
282,Loss/learning_rate,7.593750342493877e-05,1780978852.909201
288,Loss/learning_rate,3.3749998692655936e-05,1780978889.8975046
294,Loss/learning_rate,7.593750342493877e-05,1780978926.5483825
300,Loss/learning_rate,0.00011390625149942935,1780978960.0249007
306,Loss/learning_rate,5.062499985797331e-05,1780978994.022595
312,Loss/learning_rate,7.593750342493877e-05,1780979029.9525826
318,Loss/learning_rate,7.593750342493877e-05,1780979065.836292
324,Loss/learning_rate,0.00011390625149942935,1780979102.4765556
330,Loss/learning_rate,7.593750342493877e-05,1780979137.932243
336,Loss/learning_rate,7.593750342493877e-05,1780979173.8024013
342,Loss/learning_rate,7.593750342493877e-05,1780979210.3525474
348,Loss/learning_rate,5.062499985797331e-05,1780979246.5361648
354,Loss/learning_rate,3.3749998692655936e-05,1780979281.9945533
360,Loss/learning_rate,5.062499985797331e-05,1780979316.347689
366,Loss/learning_rate,5.062499985797331e-05,1780979352.4810004
372,Loss/learning_rate,5.062499985797331e-05,1780979388.9676068
378,Loss/learning_rate,7.593750342493877e-05,1780979425.020742
384,Loss/learning_rate,5.062499985797331e-05,1780979461.130103
390,Loss/learning_rate,7.593750342493877e-05,1780979493.4622211
396,Loss/learning_rate,5.062499985797331e-05,1780979528.5089467
402,Loss/learning_rate,2.2500000341096893e-05,1780979563.6830719
408,Loss/learning_rate,3.3749998692655936e-05,1780979598.8238983
414,Loss/learning_rate,3.3749998692655936e-05,1780979634.2516055
420,Loss/learning_rate,5.062499985797331e-05,1780979669.7155519
426,Loss/learning_rate,3.3749998692655936e-05,1780979704.9393482
432,Loss/learning_rate,5.062499985797331e-05,1780979739.8783464
438,Loss/learning_rate,2.2500000341096893e-05,1780979774.5895658
444,Loss/learning_rate,2.2500000341096893e-05,1780979810.3226058
450,Loss/learning_rate,5.062499985797331e-05,1780979846.419749
456,Loss/learning_rate,5.062499985797331e-05,1780979881.080527
462,Loss/learning_rate,1.4999999621068127e-05,1780979917.702396
468,Loss/learning_rate,3.3749998692655936e-05,1780979951.2230117
474,Loss/learning_rate,3.3749998692655936e-05,1780979982.8991463
480,Loss/learning_rate,2.2500000341096893e-05,1780980015.2555351
486,Loss/learning_rate,3.3749998692655936e-05,1780980046.8362198
492,Loss/learning_rate,3.3749998692655936e-05,1780980077.9770496
498,Loss/learning_rate,2.2500000341096893e-05,1780980110.3877642
504,Loss/learning_rate,2.2500000341096893e-05,1780980141.9188783
510,Loss/learning_rate,3.3749998692655936e-05,1780980173.763903
516,Loss/learning_rate,3.3749998692655936e-05,1780980204.5932288
522,Loss/learning_rate,9.999999747378752e-06,1780980235.798681
528,Loss/learning_rate,3.3749998692655936e-05,1780980267.6358647
534,Loss/learning_rate,2.2500000341096893e-05,1780980299.7052798
540,Loss/learning_rate,1.4999999621068127e-05,1780980334.0468454
546,Loss/learning_rate,3.3749998692655936e-05,1780980366.7899218
552,Loss/learning_rate,2.2500000341096893e-05,1780980399.2517192
558,Loss/learning_rate,3.3749998692655936e-05,1780980434.2458742
564,Loss/learning_rate,3.3749998692655936e-05,1780980469.0436547
570,Loss/learning_rate,2.2500000341096893e-05,1780980502.1064274
576,Loss/learning_rate,2.2500000341096893e-05,1780980536.7280984
582,Loss/learning_rate,2.2500000341096893e-05,1780980570.8396375
588,Loss/learning_rate,2.2500000341096893e-05,1780980605.7895296
594,Loss/learning_rate,1.4999999621068127e-05,1780980641.3476217
600,Loss/learning_rate,2.2500000341096893e-05,1780980674.5894861
606,Loss/learning_rate,9.999999747378752e-06,1780980709.258541
612,Loss/learning_rate,2.2500000341096893e-05,1780980740.6331456
618,Loss/learning_rate,2.2500000341096893e-05,1780980772.6671462
624,Loss/learning_rate,2.2500000341096893e-05,1780980807.0231113
630,Loss/learning_rate,1.4999999621068127e-05,1780980839.0454478
636,Loss/learning_rate,1.4999999621068127e-05,1780980873.0329268
642,Loss/learning_rate,1.4999999621068127e-05,1780980905.8881993
648,Loss/learning_rate,2.2500000341096893e-05,1780980938.3544273
654,Loss/learning_rate,2.2500000341096893e-05,1780980969.4656572
660,Loss/learning_rate,3.3749998692655936e-05,1780981001.0886872
666,Loss/learning_rate,1.4999999621068127e-05,1780981033.569948
672,Loss/learning_rate,1.4999999621068127e-05,1780981066.338947
678,Loss/learning_rate,1.4999999621068127e-05,1780981099.2398133
684,Loss/learning_rate,9.999999747378752e-06,1780981134.4086118
690,Loss/learning_rate,2.2500000341096893e-05,1780981169.2856824
696,Loss/learning_rate,1.4999999621068127e-05,1780981204.548852
702,Loss/learning_rate,1.4999999621068127e-05,1780981239.3017728
708,Loss/learning_rate,2.2500000341096893e-05,1780981274.0021734
714,Loss/learning_rate,9.999999747378752e-06,1780981309.0334785
720,Loss/learning_rate,3.3749998692655936e-05,1780981342.9534676
726,Loss/learning_rate,1.4999999621068127e-05,1780981375.5032885
732,Loss/learning_rate,2.2500000341096893e-05,1780981409.0548708
738,Loss/learning_rate,2.2500000341096893e-05,1780981445.4127326
744,Loss/learning_rate,2.2500000341096893e-05,1780981481.5230196
750,Loss/learning_rate,1.4999999621068127e-05,1780981516.4103775
756,Loss/learning_rate,1.4999999621068127e-05,1780981550.6055963
762,Loss/learning_rate,2.2500000341096893e-05,1780981586.726511
768,Loss/learning_rate,2.2500000341096893e-05,1780981621.8327537
774,Loss/learning_rate,9.999999747378752e-06,1780981655.834282
780,Loss/learning_rate,2.2500000341096893e-05,1780981690.8038793
786,Loss/learning_rate,2.2500000341096893e-05,1780981726.7610328
792,Loss/learning_rate,2.2500000341096893e-05,1780981763.1646361
798,Loss/learning_rate,2.2500000341096893e-05,1780981799.592477
804,Loss/learning_rate,9.999999747378752e-06,1780981835.1488469
810,Loss/learning_rate,9.999999747378752e-06,1780981870.6044884
816,Loss/learning_rate,1.4999999621068127e-05,1780981905.3410213
822,Loss/learning_rate,2.2500000341096893e-05,1780981938.0641754
828,Loss/learning_rate,1.4999999621068127e-05,1780981972.1123545
834,Loss/learning_rate,1.4999999621068127e-05,1780982007.4371922
840,Loss/learning_rate,9.999999747378752e-06,1780982043.0821354
846,Loss/learning_rate,9.999999747378752e-06,1780982076.042408
852,Loss/learning_rate,1.4999999621068127e-05,1780982110.881964
858,Loss/learning_rate,1.4999999621068127e-05,1780982145.6667113
864,Loss/learning_rate,2.2500000341096893e-05,1780982181.0890396
870,Loss/learning_rate,9.999999747378752e-06,1780982216.048332
876,Loss/learning_rate,2.2500000341096893e-05,1780982251.7055106
882,Loss/learning_rate,9.999999747378752e-06,1780982285.041619
888,Loss/learning_rate,9.999999747378752e-06,1780982320.343449
894,Loss/learning_rate,1.4999999621068127e-05,1780982353.7979925
900,Loss/learning_rate,9.999999747378752e-06,1780982389.8317318
906,Loss/learning_rate,9.999999747378752e-06,1780982422.336275
912,Loss/learning_rate,1.4999999621068127e-05,1780982456.133643
918,Loss/learning_rate,9.999999747378752e-06,1780982491.8567219
924,Loss/learning_rate,1.4999999621068127e-05,1780982528.2287438
930,Loss/learning_rate,1.4999999621068127e-05,1780982564.0718532
936,Loss/learning_rate,9.999999747378752e-06,1780982599.4864943
942,Loss/learning_rate,9.999999747378752e-06,1780982635.9970698
948,Loss/learning_rate,9.999999747378752e-06,1780982671.4468582
954,Loss/learning_rate,9.999999747378752e-06,1780982705.442257
960,Loss/learning_rate,9.999999747378752e-06,1780982738.8768687
966,Loss/learning_rate,2.2500000341096893e-05,1780982770.0656695
972,Loss/learning_rate,9.999999747378752e-06,1780982801.7911038
978,Loss/learning_rate,2.2500000341096893e-05,1780982833.8911145
984,Loss/learning_rate,1.4999999621068127e-05,1780982865.2038243
990,Loss/learning_rate,2.2500000341096893e-05,1780982896.8862646
996,Loss/learning_rate,9.999999747378752e-06,1780982929.0893955
1002,Loss/learning_rate,1.4999999621068127e-05,1780982964.2628798
1008,Loss/learning_rate,1.4999999621068127e-05,1780982997.8711321
1014,Loss/learning_rate,1.4999999621068127e-05,1780983031.7058222
1020,Loss/learning_rate,2.2500000341096893e-05,1780983066.3845212
1026,Loss/learning_rate,9.999999747378752e-06,1780983098.7644172
1032,Loss/learning_rate,2.2500000341096893e-05,1780983130.9848063
1038,Loss/learning_rate,9.999999747378752e-06,1780983163.8960505
1044,Loss/learning_rate,9.999999747378752e-06,1780983199.6633868
1050,Loss/learning_rate,1.4999999621068127e-05,1780983233.3440156
1056,Loss/learning_rate,1.4999999621068127e-05,1780983266.0977087
1062,Loss/learning_rate,1.4999999621068127e-05,1780983301.2762396
1068,Loss/learning_rate,1.4999999621068127e-05,1780983336.8516934
1074,Loss/learning_rate,9.999999747378752e-06,1780983372.2403612
1080,Loss/learning_rate,9.999999747378752e-06,1780983407.6305232
1086,Loss/learning_rate,1.4999999621068127e-05,1780983442.242792
1092,Loss/learning_rate,9.999999747378752e-06,1780983476.6831663
1098,Loss/learning_rate,1.4999999621068127e-05,1780983512.5694013
1104,Loss/learning_rate,1.4999999621068127e-05,1780983548.1236897
1110,Loss/learning_rate,1.4999999621068127e-05,1780983582.4154494
1116,Loss/learning_rate,9.999999747378752e-06,1780983616.4631948
1122,Loss/learning_rate,9.999999747378752e-06,1780983648.8483734
1128,Loss/learning_rate,1.4999999621068127e-05,1780983681.7799246
1134,Loss/learning_rate,1.4999999621068127e-05,1780983716.473881
1140,Loss/learning_rate,1.4999999621068127e-05,1780983749.980854
1146,Loss/learning_rate,9.999999747378752e-06,1780983782.599361
1152,Loss/learning_rate,9.999999747378752e-06,1780983816.37603
1158,Loss/learning_rate,1.4999999621068127e-05,1780983852.090577
1164,Loss/learning_rate,9.999999747378752e-06,1780983887.0311692
1170,Loss/learning_rate,1.4999999621068127e-05,1780983921.717706
1176,Loss/learning_rate,1.4999999621068127e-05,1780983956.8066177
1182,Loss/learning_rate,1.4999999621068127e-05,1780983992.007759
1188,Loss/learning_rate,1.4999999621068127e-05,1780984027.2490206
1194,Loss/learning_rate,9.999999747378752e-06,1780984062.431544
1200,Loss/learning_rate,2.2500000341096893e-05,1780984095.5749269
1206,Loss/learning_rate,9.999999747378752e-06,1780984130.344592
1212,Loss/learning_rate,1.4999999621068127e-05,1780984164.471288
1218,Loss/learning_rate,9.999999747378752e-06,1780984196.955075
1224,Loss/learning_rate,9.999999747378752e-06,1780984230.6495578
1230,Loss/learning_rate,1.4999999621068127e-05,1780984263.3347802
1236,Loss/learning_rate,2.2500000341096893e-05,1780984297.8111508
1242,Loss/learning_rate,1.4999999621068127e-05,1780984328.9695237
1248,Loss/learning_rate,2.2500000341096893e-05,1780984360.5167623
1254,Loss/learning_rate,1.4999999621068127e-05,1780984393.3338656
1260,Loss/learning_rate,1.4999999621068127e-05,1780984427.1792343
1266,Loss/learning_rate,9.999999747378752e-06,1780984461.1751058
1272,Loss/learning_rate,1.4999999621068127e-05,1780984494.9120383
1278,Loss/learning_rate,1.4999999621068127e-05,1780984528.6330402
1284,Loss/learning_rate,9.999999747378752e-06,1780984563.5969226
1290,Loss/learning_rate,1.4999999621068127e-05,1780984598.9722428
1296,Loss/learning_rate,1.4999999621068127e-05,1780984633.4848456
1302,Loss/learning_rate,1.4999999621068127e-05,1780984666.2608135
1308,Loss/learning_rate,2.2500000341096893e-05,1780984701.9163568
1314,Loss/learning_rate,1.4999999621068127e-05,1780984737.0690289
1320,Loss/learning_rate,2.2500000341096893e-05,1780984772.0412989
1326,Loss/learning_rate,1.4999999621068127e-05,1780984807.8023949
1332,Loss/learning_rate,1.4999999621068127e-05,1780984843.0773528
1338,Loss/learning_rate,1.4999999621068127e-05,1780984877.910625
1344,Loss/learning_rate,1.4999999621068127e-05,1780984913.0981624
1350,Loss/learning_rate,9.999999747378752e-06,1780984946.9474924
1356,Loss/learning_rate,1.4999999621068127e-05,1780984980.9587858
1362,Loss/learning_rate,1.4999999621068127e-05,1780985015.8621821
1368,Loss/learning_rate,2.2500000341096893e-05,1780985051.350874
1374,Loss/learning_rate,9.999999747378752e-06,1780985084.0852063
1380,Loss/learning_rate,2.2500000341096893e-05,1780985116.5621305
1386,Loss/learning_rate,2.2500000341096893e-05,1780985150.2621858
1392,Loss/learning_rate,1.4999999621068127e-05,1780985184.431657
1398,Loss/learning_rate,2.2500000341096893e-05,1780985219.3822024
1404,Loss/learning_rate,9.999999747378752e-06,1780985252.6191578
1410,Loss/learning_rate,1.4999999621068127e-05,1780985287.2505412
1416,Loss/learning_rate,9.999999747378752e-06,1780985320.6503155
1422,Loss/learning_rate,1.4999999621068127e-05,1780985354.998749
1428,Loss/learning_rate,1.4999999621068127e-05,1780985389.9949205
1434,Loss/learning_rate,9.999999747378752e-06,1780985425.741119
1440,Loss/learning_rate,9.999999747378752e-06,1780985461.1457734
1446,Loss/learning_rate,9.999999747378752e-06,1780985495.6982884
1452,Loss/learning_rate,9.999999747378752e-06,1780985531.4830294
1458,Loss/learning_rate,9.999999747378752e-06,1780985567.0932682
1464,Loss/learning_rate,2.2500000341096893e-05,1780985603.0841436
1470,Loss/learning_rate,1.4999999621068127e-05,1780985638.8482623
1476,Loss/learning_rate,9.999999747378752e-06,1780985673.9979784
1482,Loss/learning_rate,1.4999999621068127e-05,1780985707.0630245
1488,Loss/learning_rate,9.999999747378752e-06,1780985741.9428375
1494,Loss/learning_rate,9.999999747378752e-06,1780985777.014403
1500,Loss/learning_rate,9.999999747378752e-06,1780985812.005663
1506,Loss/learning_rate,1.4999999621068127e-05,1780985846.931242
1512,Loss/learning_rate,9.999999747378752e-06,1780985880.2415385
1518,Loss/learning_rate,9.999999747378752e-06,1780985914.974203
1524,Loss/learning_rate,1.4999999621068127e-05,1780985950.106786
1530,Loss/learning_rate,9.999999747378752e-06,1780985984.0225313
1536,Loss/learning_rate,1.4999999621068127e-05,1780986019.2572696
1542,Loss/learning_rate,1.4999999621068127e-05,1780986053.308458
1548,Loss/learning_rate,9.999999747378752e-06,1780986089.2642467
1554,Loss/learning_rate,9.999999747378752e-06,1780986124.5646274
1560,Loss/learning_rate,1.4999999621068127e-05,1780986159.8589096
1566,Loss/learning_rate,1.4999999621068127e-05,1780986194.7983215
1572,Loss/learning_rate,9.999999747378752e-06,1780986230.6799595
1578,Loss/learning_rate,9.999999747378752e-06,1780986265.3655593
1584,Loss/learning_rate,1.4999999621068127e-05,1780986298.1843917
1590,Loss/learning_rate,1.4999999621068127e-05,1780986330.5028048
1596,Loss/learning_rate,9.999999747378752e-06,1780986364.0184386
1602,Loss/learning_rate,9.999999747378752e-06,1780986396.5182338
1608,Loss/learning_rate,1.4999999621068127e-05,1780986428.0780852
1614,Loss/learning_rate,2.2500000341096893e-05,1780986459.9476411
1620,Loss/learning_rate,1.4999999621068127e-05,1780986492.022086
1626,Loss/learning_rate,9.999999747378752e-06,1780986524.9633965
1632,Loss/learning_rate,9.999999747378752e-06,1780986559.8709245
1638,Loss/learning_rate,1.4999999621068127e-05,1780986595.311493
1644,Loss/learning_rate,1.4999999621068127e-05,1780986629.5178163
1650,Loss/learning_rate,9.999999747378752e-06,1780986665.2022853
1656,Loss/learning_rate,9.999999747378752e-06,1780986700.8777583
1662,Loss/learning_rate,9.999999747378752e-06,1780986735.6255236
1668,Loss/learning_rate,9.999999747378752e-06,1780986769.5346916
1674,Loss/learning_rate,1.4999999621068127e-05,1780986804.4715478
1680,Loss/learning_rate,9.999999747378752e-06,1780986839.6383295
1686,Loss/learning_rate,1.4999999621068127e-05,1780986874.9681242
1692,Loss/learning_rate,1.4999999621068127e-05,1780986909.2040002
1698,Loss/learning_rate,9.999999747378752e-06,1780986942.9021785
1704,Loss/learning_rate,1.4999999621068127e-05,1780986977.495942
1710,Loss/learning_rate,9.999999747378752e-06,1780987013.082142
1716,Loss/learning_rate,1.4999999621068127e-05,1780987045.6766899
1722,Loss/learning_rate,1.4999999621068127e-05,1780987078.542397
1728,Loss/learning_rate,1.4999999621068127e-05,1780987113.0021837
1734,Loss/learning_rate,9.999999747378752e-06,1780987148.464861
1740,Loss/learning_rate,1.4999999621068127e-05,1780987183.3419783
1746,Loss/learning_rate,1.4999999621068127e-05,1780987216.51551
1752,Loss/learning_rate,1.4999999621068127e-05,1780987251.8718295
1758,Loss/learning_rate,2.2500000341096893e-05,1780987284.6167746
1764,Loss/learning_rate,1.4999999621068127e-05,1780987319.6258485
1770,Loss/learning_rate,1.4999999621068127e-05,1780987353.5386074
1776,Loss/learning_rate,9.999999747378752e-06,1780987388.994406
1782,Loss/learning_rate,1.4999999621068127e-05,1780987422.4303901
1788,Loss/learning_rate,9.999999747378752e-06,1780987457.3312068
1794,Loss/learning_rate,2.2500000341096893e-05,1780987492.8618662
1800,Loss/learning_rate,9.999999747378752e-06,1780987527.9679897
1806,Loss/learning_rate,1.4999999621068127e-05,1780987563.6334486
1812,Loss/learning_rate,1.4999999621068127e-05,1780987599.1283946
1818,Loss/learning_rate,9.999999747378752e-06,1780987633.6728008
1824,Loss/learning_rate,9.999999747378752e-06,1780987667.275009
1830,Loss/learning_rate,1.4999999621068127e-05,1780987702.4315486
1836,Loss/learning_rate,9.999999747378752e-06,1780987737.8547735
1842,Loss/learning_rate,1.4999999621068127e-05,1780987772.9589903
1848,Loss/learning_rate,1.4999999621068127e-05,1780987807.914395
1854,Loss/learning_rate,9.999999747378752e-06,1780987843.2666876
1860,Loss/learning_rate,9.999999747378752e-06,1780987875.688764
1866,Loss/learning_rate,1.4999999621068127e-05,1780987907.7970345
1872,Loss/learning_rate,1.4999999621068127e-05,1780987941.7013104
1878,Loss/learning_rate,9.999999747378752e-06,1780987975.5612497
1884,Loss/learning_rate,2.2500000341096893e-05,1780988010.154919
1890,Loss/learning_rate,1.4999999621068127e-05,1780988045.1084008
1896,Loss/learning_rate,2.2500000341096893e-05,1780988079.7427971
1902,Loss/learning_rate,1.4999999621068127e-05,1780988114.7553298
1908,Loss/learning_rate,1.4999999621068127e-05,1780988148.8756537
1914,Loss/learning_rate,1.4999999621068127e-05,1780988181.2461784
1920,Loss/learning_rate,1.4999999621068127e-05,1780988213.9456618
1926,Loss/learning_rate,1.4999999621068127e-05,1780988245.7835119
1932,Loss/learning_rate,1.4999999621068127e-05,1780988279.70054
1938,Loss/learning_rate,9.999999747378752e-06,1780988314.572669
1944,Loss/learning_rate,2.2500000341096893e-05,1780988347.3113265
1950,Loss/learning_rate,2.2500000341096893e-05,1780988378.6555514
1956,Loss/learning_rate,1.4999999621068127e-05,1780988411.9478524
1962,Loss/learning_rate,9.999999747378752e-06,1780988447.0787826
1968,Loss/learning_rate,1.4999999621068127e-05,1780988480.9121678
1974,Loss/learning_rate,1.4999999621068127e-05,1780988515.8068566
1980,Loss/learning_rate,1.4999999621068127e-05,1780988550.4261503
1986,Loss/learning_rate,1.4999999621068127e-05,1780988583.987501
1992,Loss/learning_rate,9.999999747378752e-06,1780988618.4593227
1998,Loss/learning_rate,9.999999747378752e-06,1780988651.889534
2004,Loss/learning_rate,9.999999747378752e-06,1780988684.1677625
2010,Loss/learning_rate,9.999999747378752e-06,1780988717.3217697
2016,Loss/learning_rate,2.2500000341096893e-05,1780988750.021436
2022,Loss/learning_rate,9.999999747378752e-06,1780988783.2648346
2028,Loss/learning_rate,1.4999999621068127e-05,1780988815.0362618
2034,Loss/learning_rate,9.999999747378752e-06,1780988847.0578175
2040,Loss/learning_rate,9.999999747378752e-06,1780988880.4518378
2046,Loss/learning_rate,9.999999747378752e-06,1780988915.426184
2052,Loss/learning_rate,1.4999999621068127e-05,1780988950.2639651
2058,Loss/learning_rate,1.4999999621068127e-05,1780988984.5077765
2064,Loss/learning_rate,1.4999999621068127e-05,1780989014.676398
2070,Loss/learning_rate,1.4999999621068127e-05,1780989047.9900916
2076,Loss/learning_rate,9.999999747378752e-06,1780989080.398766
2082,Loss/learning_rate,9.999999747378752e-06,1780989111.9939573
2088,Loss/learning_rate,1.4999999621068127e-05,1780989145.724521
2094,Loss/learning_rate,9.999999747378752e-06,1780989181.007655
2100,Loss/learning_rate,1.4999999621068127e-05,1780989215.9162273
2106,Loss/learning_rate,9.999999747378752e-06,1780989249.784222
2112,Loss/learning_rate,1.4999999621068127e-05,1780989284.6581566
2118,Loss/learning_rate,9.999999747378752e-06,1780989319.4912808
2124,Loss/learning_rate,1.4999999621068127e-05,1780989354.4536166
2130,Loss/learning_rate,1.4999999621068127e-05,1780989389.899599
2136,Loss/learning_rate,9.999999747378752e-06,1780989425.6061022
2142,Loss/learning_rate,9.999999747378752e-06,1780989461.1990094
2148,Loss/learning_rate,9.999999747378752e-06,1780989496.3952541
2154,Loss/learning_rate,9.999999747378752e-06,1780989531.581898
2160,Loss/learning_rate,1.4999999621068127e-05,1780989566.810885
2166,Loss/learning_rate,9.999999747378752e-06,1780989601.7481985
2172,Loss/learning_rate,1.4999999621068127e-05,1780989636.0314934
2178,Loss/learning_rate,9.999999747378752e-06,1780989670.794792
2184,Loss/learning_rate,1.4999999621068127e-05,1780989704.0886629
2190,Loss/learning_rate,9.999999747378752e-06,1780989737.6880555
2196,Loss/learning_rate,9.999999747378752e-06,1780989773.9953105
2202,Loss/learning_rate,9.999999747378752e-06,1780989809.097471
2208,Loss/learning_rate,9.999999747378752e-06,1780989842.867981
2214,Loss/learning_rate,2.2500000341096893e-05,1780989876.103182
2220,Loss/learning_rate,1.4999999621068127e-05,1780989911.008354
2226,Loss/learning_rate,1.4999999621068127e-05,1780989946.2012568
2232,Loss/learning_rate,9.999999747378752e-06,1780989981.5756826
2238,Loss/learning_rate,1.4999999621068127e-05,1780990017.2743177
2244,Loss/learning_rate,9.999999747378752e-06,1780990050.0967555
2250,Loss/learning_rate,1.4999999621068127e-05,1780990081.8402014
2256,Loss/learning_rate,1.4999999621068127e-05,1780990113.6855245
2262,Loss/learning_rate,9.999999747378752e-06,1780990145.2718093
2268,Loss/learning_rate,9.999999747378752e-06,1780990179.7038138
2274,Loss/learning_rate,1.4999999621068127e-05,1780990214.0144584
2280,Loss/learning_rate,9.999999747378752e-06,1780990248.667279
2286,Loss/learning_rate,9.999999747378752e-06,1780990283.0578153
2292,Loss/learning_rate,9.999999747378752e-06,1780990316.5530374
2298,Loss/learning_rate,9.999999747378752e-06,1780990349.5134985
2304,Loss/learning_rate,9.999999747378752e-06,1780990382.0360885
2310,Loss/learning_rate,9.999999747378752e-06,1780990415.746678
2316,Loss/learning_rate,9.999999747378752e-06,1780990450.5679739
2322,Loss/learning_rate,9.999999747378752e-06,1780990484.7628696
2328,Loss/learning_rate,9.999999747378752e-06,1780990518.486495
2334,Loss/learning_rate,1.4999999621068127e-05,1780990553.334684
2340,Loss/learning_rate,1.4999999621068127e-05,1780990587.7028155
2346,Loss/learning_rate,9.999999747378752e-06,1780990619.169049
2352,Loss/learning_rate,9.999999747378752e-06,1780990651.9682055
2358,Loss/learning_rate,9.999999747378752e-06,1780990684.7598734
2364,Loss/learning_rate,1.4999999621068127e-05,1780990717.2680726
2370,Loss/learning_rate,9.999999747378752e-06,1780990749.740858
2376,Loss/learning_rate,9.999999747378752e-06,1780990784.8095555
2382,Loss/learning_rate,9.999999747378752e-06,1780990819.7430494
2388,Loss/learning_rate,9.999999747378752e-06,1780990851.7494466
2394,Loss/learning_rate,9.999999747378752e-06,1780990884.385484
2400,Loss/learning_rate,1.4999999621068127e-05,1780990919.8909588
2406,Loss/learning_rate,9.999999747378752e-06,1780990955.2791908
2412,Loss/learning_rate,1.4999999621068127e-05,1780990988.2425158
2418,Loss/learning_rate,1.4999999621068127e-05,1780991019.4317362
2424,Loss/learning_rate,9.999999747378752e-06,1780991051.3876696
2430,Loss/learning_rate,9.999999747378752e-06,1780991085.294255
2436,Loss/learning_rate,1.4999999621068127e-05,1780991117.280534
2442,Loss/learning_rate,1.4999999621068127e-05,1780991150.6713839
2448,Loss/learning_rate,9.999999747378752e-06,1780991185.3949144
2454,Loss/learning_rate,1.4999999621068127e-05,1780991220.6926749
2460,Loss/learning_rate,1.4999999621068127e-05,1780991255.591917
2466,Loss/learning_rate,9.999999747378752e-06,1780991291.2592719
2472,Loss/learning_rate,1.4999999621068127e-05,1780991327.1688766
2478,Loss/learning_rate,9.999999747378752e-06,1780991363.0447097
2484,Loss/learning_rate,9.999999747378752e-06,1780991399.1024814
2490,Loss/learning_rate,1.4999999621068127e-05,1780991434.0195007
2496,Loss/learning_rate,9.999999747378752e-06,1780991469.0120711
2502,Loss/learning_rate,9.999999747378752e-06,1780991503.1304617
2508,Loss/learning_rate,9.999999747378752e-06,1780991537.8429074
2514,Loss/learning_rate,1.4999999621068127e-05,1780991573.8359497
2520,Loss/learning_rate,9.999999747378752e-06,1780991609.9189126
2526,Loss/learning_rate,9.999999747378752e-06,1780991643.1026163
2532,Loss/learning_rate,1.4999999621068127e-05,1780991678.3474698
2538,Loss/learning_rate,9.999999747378752e-06,1780991710.311771
2544,Loss/learning_rate,9.999999747378752e-06,1780991743.0688531
2550,Loss/learning_rate,9.999999747378752e-06,1780991779.1264186
2556,Loss/learning_rate,1.4999999621068127e-05,1780991813.9889255
2562,Loss/learning_rate,2.2500000341096893e-05,1780991848.7843068
2568,Loss/learning_rate,1.4999999621068127e-05,1780991883.5809689
2574,Loss/learning_rate,9.999999747378752e-06,1780991918.782454
2580,Loss/learning_rate,9.999999747378752e-06,1780991953.90772
2586,Loss/learning_rate,1.4999999621068127e-05,1780991989.1991313
2592,Loss/learning_rate,9.999999747378752e-06,1780992024.1730998
2598,Loss/learning_rate,9.999999747378752e-06,1780992058.878183
2604,Loss/learning_rate,1.4999999621068127e-05,1780992091.3964033
2610,Loss/learning_rate,1.4999999621068127e-05,1780992125.5752404
2616,Loss/learning_rate,1.4999999621068127e-05,1780992160.2005174
2622,Loss/learning_rate,1.4999999621068127e-05,1780992192.8399673
2628,Loss/learning_rate,1.4999999621068127e-05,1780992224.2230046
2634,Loss/learning_rate,1.4999999621068127e-05,1780992255.7928205
2640,Loss/learning_rate,1.4999999621068127e-05,1780992289.2281923
2646,Loss/learning_rate,9.999999747378752e-06,1780992321.156476
2652,Loss/learning_rate,9.999999747378752e-06,1780992354.4013522
2658,Loss/learning_rate,9.999999747378752e-06,1780992389.5981662
2664,Loss/learning_rate,1.4999999621068127e-05,1780992424.8058312
2670,Loss/learning_rate,1.4999999621068127e-05,1780992460.4119914
2676,Loss/learning_rate,9.999999747378752e-06,1780992494.491793
2682,Loss/learning_rate,1.4999999621068127e-05,1780992527.551025
2688,Loss/learning_rate,9.999999747378752e-06,1780992562.8267198
2694,Loss/learning_rate,1.4999999621068127e-05,1780992596.442497
2700,Loss/learning_rate,9.999999747378752e-06,1780992631.2739046
2706,Loss/learning_rate,1.4999999621068127e-05,1780992666.7836843
2712,Loss/learning_rate,9.999999747378752e-06,1780992704.353212
2718,Loss/learning_rate,9.999999747378752e-06,1780993023.5153754
2724,Loss/learning_rate,9.999999747378752e-06,1780993058.3537676
2730,Loss/learning_rate,9.999999747378752e-06,1780993092.9580386
2736,Loss/learning_rate,1.4999999621068127e-05,1780993127.2714148
2742,Loss/learning_rate,9.999999747378752e-06,1780993161.3647687
2748,Loss/learning_rate,1.4999999621068127e-05,1780993195.6250982
2754,Loss/learning_rate,9.999999747378752e-06,1780993230.1689363
2760,Loss/learning_rate,9.999999747378752e-06,1780993264.6406434
2766,Loss/learning_rate,9.999999747378752e-06,1780993299.181525
2772,Loss/learning_rate,9.999999747378752e-06,1780993333.5004327
2778,Loss/learning_rate,9.999999747378752e-06,1780993367.329793
2784,Loss/learning_rate,9.999999747378752e-06,1780993401.6317463
2790,Loss/learning_rate,9.999999747378752e-06,1780993435.9412963
2796,Loss/learning_rate,1.4999999621068127e-05,1780993470.3754718
2802,Loss/learning_rate,1.4999999621068127e-05,1780993503.5495343
2808,Loss/learning_rate,9.999999747378752e-06,1780993537.5111
2814,Loss/learning_rate,9.999999747378752e-06,1780993571.0168922
2820,Loss/learning_rate,9.999999747378752e-06,1780993605.2668836
2826,Loss/learning_rate,9.999999747378752e-06,1780993639.5530005
2832,Loss/learning_rate,1.4999999621068127e-05,1780993751.3202405
2838,Loss/learning_rate,9.999999747378752e-06,1780993785.414911
2844,Loss/learning_rate,9.999999747378752e-06,1780993819.322895
2850,Loss/learning_rate,1.4999999621068127e-05,1780993853.2788057
2856,Loss/learning_rate,1.4999999621068127e-05,1780993887.5488358
2862,Loss/learning_rate,9.999999747378752e-06,1780993916.8508933
2868,Loss/learning_rate,2.2500000341096893e-05,1780993946.0344977
2874,Loss/learning_rate,9.999999747378752e-06,1780993975.211213
2880,Loss/learning_rate,1.4999999621068127e-05,1780994004.5908976
2886,Loss/learning_rate,1.4999999621068127e-05,1780994033.8323805
2892,Loss/learning_rate,9.999999747378752e-06,1780994063.2239072
2898,Loss/learning_rate,1.4999999621068127e-05,1780994092.5124872
2904,Loss/learning_rate,9.999999747378752e-06,1780994121.651858
2910,Loss/learning_rate,9.999999747378752e-06,1780994150.9355497
2916,Loss/learning_rate,1.4999999621068127e-05,1780994180.4189808
2922,Loss/learning_rate,1.4999999621068127e-05,1780994210.3840659
2928,Loss/learning_rate,9.999999747378752e-06,1780994240.2435849
2934,Loss/learning_rate,1.4999999621068127e-05,1780994269.7826645
2940,Loss/learning_rate,1.4999999621068127e-05,1780994299.1427376
2946,Loss/learning_rate,9.999999747378752e-06,1780994328.5843928
2952,Loss/learning_rate,1.4999999621068127e-05,1780994357.9125257
2958,Loss/learning_rate,9.999999747378752e-06,1780994387.447067
2964,Loss/learning_rate,9.999999747378752e-06,1780994417.3627484
2970,Loss/learning_rate,9.999999747378752e-06,1780994447.10423
2976,Loss/learning_rate,1.4999999621068127e-05,1780994476.4483542
2982,Loss/learning_rate,9.999999747378752e-06,1780994506.2910633
2988,Loss/learning_rate,1.4999999621068127e-05,1780994535.69242
2994,Loss/learning_rate,1.4999999621068127e-05,1780994565.032228
3000,Loss/learning_rate,9.999999747378752e-06,1780994594.7362375
3006,Loss/learning_rate,9.999999747378752e-06,1780994624.5284157
3012,Loss/learning_rate,9.999999747378752e-06,1780994653.7142274
3018,Loss/learning_rate,1.4999999621068127e-05,1780994683.127081
3024,Loss/learning_rate,9.999999747378752e-06,1780994712.4962342
3030,Loss/learning_rate,9.999999747378752e-06,1780994741.7452507
3036,Loss/learning_rate,1.4999999621068127e-05,1780994771.292504
3042,Loss/learning_rate,9.999999747378752e-06,1780994800.8024848
3048,Loss/learning_rate,9.999999747378752e-06,1780994830.284189
3054,Loss/learning_rate,1.4999999621068127e-05,1780994859.9680417
3060,Loss/learning_rate,1.4999999621068127e-05,1780994889.997233
3066,Loss/learning_rate,1.4999999621068127e-05,1780994919.3879108
3072,Loss/learning_rate,9.999999747378752e-06,1780994948.9605474
3078,Loss/learning_rate,9.999999747378752e-06,1780994978.8964307
3084,Loss/learning_rate,9.999999747378752e-06,1780995008.8748608
3090,Loss/learning_rate,9.999999747378752e-06,1780995038.7479923
3096,Loss/learning_rate,9.999999747378752e-06,1780995068.5862632
3102,Loss/learning_rate,9.999999747378752e-06,1780995097.8586924
3108,Loss/learning_rate,9.999999747378752e-06,1780995127.1480508
3114,Loss/learning_rate,9.999999747378752e-06,1780995156.2310176
3120,Loss/learning_rate,9.999999747378752e-06,1780995185.2713957
3126,Loss/learning_rate,1.4999999621068127e-05,1780995214.5146573
3132,Loss/learning_rate,9.999999747378752e-06,1780995243.9745526
3138,Loss/learning_rate,9.999999747378752e-06,1780995273.3087473
3144,Loss/learning_rate,9.999999747378752e-06,1780995302.8385727
3150,Loss/learning_rate,1.4999999621068127e-05,1780995332.3826265
3156,Loss/learning_rate,1.4999999621068127e-05,1780995361.793984
3162,Loss/learning_rate,9.999999747378752e-06,1780995390.7724605
3168,Loss/learning_rate,1.4999999621068127e-05,1780995420.0646298
3174,Loss/learning_rate,9.999999747378752e-06,1780995449.6999872
3180,Loss/learning_rate,1.4999999621068127e-05,1780995479.2056227
3186,Loss/learning_rate,9.999999747378752e-06,1780995508.748481
3192,Loss/learning_rate,1.4999999621068127e-05,1780995538.0714846
3198,Loss/learning_rate,1.4999999621068127e-05,1780995567.6013362
3204,Loss/learning_rate,9.999999747378752e-06,1780995596.6033487
3210,Loss/learning_rate,1.4999999621068127e-05,1780995626.8359933
3216,Loss/learning_rate,9.999999747378752e-06,1780995656.3184762
3222,Loss/learning_rate,1.4999999621068127e-05,1780995686.2272224
3228,Loss/learning_rate,1.4999999621068127e-05,1780995715.3305953
3234,Loss/learning_rate,1.4999999621068127e-05,1780995744.6555681
3240,Loss/learning_rate,9.999999747378752e-06,1780995774.175242
3246,Loss/learning_rate,9.999999747378752e-06,1780995803.5269532
3252,Loss/learning_rate,9.999999747378752e-06,1780995832.8897583
3258,Loss/learning_rate,1.4999999621068127e-05,1780995862.0914729
3264,Loss/learning_rate,1.4999999621068127e-05,1780995891.091081
3270,Loss/learning_rate,9.999999747378752e-06,1780995920.4855292
3276,Loss/learning_rate,9.999999747378752e-06,1780995950.6600976
3282,Loss/learning_rate,9.999999747378752e-06,1780995980.4620109
3288,Loss/learning_rate,9.999999747378752e-06,1780996010.3452282
3294,Loss/learning_rate,9.999999747378752e-06,1780996040.356824
3300,Loss/learning_rate,9.999999747378752e-06,1780996070.2667623
3306,Loss/learning_rate,9.999999747378752e-06,1780996100.3070555
3312,Loss/learning_rate,9.999999747378752e-06,1780996130.084192
3318,Loss/learning_rate,9.999999747378752e-06,1780996159.7168024
3324,Loss/learning_rate,1.4999999621068127e-05,1780996189.6761174
3330,Loss/learning_rate,9.999999747378752e-06,1780996219.8011045
3336,Loss/learning_rate,9.999999747378752e-06,1780996249.7109723
3342,Loss/learning_rate,9.999999747378752e-06,1780996279.0398004
3348,Loss/learning_rate,9.999999747378752e-06,1780996308.6694117
3354,Loss/learning_rate,1.4999999621068127e-05,1780996337.9117503
3360,Loss/learning_rate,1.4999999621068127e-05,1780996367.2172003
3366,Loss/learning_rate,1.4999999621068127e-05,1780996396.6351492
3372,Loss/learning_rate,9.999999747378752e-06,1780996425.9496133
3378,Loss/learning_rate,9.999999747378752e-06,1780996455.5922532
3384,Loss/learning_rate,9.999999747378752e-06,1780996485.2780662
3390,Loss/learning_rate,1.4999999621068127e-05,1780996515.2746742
3396,Loss/learning_rate,1.4999999621068127e-05,1780996544.9317353
3402,Loss/learning_rate,9.999999747378752e-06,1780996574.5377707
3408,Loss/learning_rate,9.999999747378752e-06,1780996603.9788136
3414,Loss/learning_rate,1.4999999621068127e-05,1780996633.4815521
3420,Loss/learning_rate,9.999999747378752e-06,1780996662.7886093
3426,Loss/learning_rate,1.4999999621068127e-05,1780996692.7244153
3432,Loss/learning_rate,1.4999999621068127e-05,1780996722.2607615
3438,Loss/learning_rate,9.999999747378752e-06,1780996751.2846162
3444,Loss/learning_rate,9.999999747378752e-06,1780996780.2691712
3450,Loss/learning_rate,1.4999999621068127e-05,1780996809.5393302
3456,Loss/learning_rate,9.999999747378752e-06,1780996838.8983335
3462,Loss/learning_rate,1.4999999621068127e-05,1780996868.3252246
3468,Loss/learning_rate,9.999999747378752e-06,1780996897.6122856
3474,Loss/learning_rate,9.999999747378752e-06,1780996926.7647476
3480,Loss/learning_rate,9.999999747378752e-06,1780996955.6672022
3486,Loss/learning_rate,9.999999747378752e-06,1780996984.872033
3492,Loss/learning_rate,9.999999747378752e-06,1780997014.2252579
3498,Loss/learning_rate,9.999999747378752e-06,1780997043.4154284
3504,Loss/learning_rate,9.999999747378752e-06,1780997073.1545606
3510,Loss/learning_rate,1.4999999621068127e-05,1780997103.227685
3516,Loss/learning_rate,9.999999747378752e-06,1780997133.2787015
3522,Loss/learning_rate,9.999999747378752e-06,1780997162.9912305
3528,Loss/learning_rate,9.999999747378752e-06,1780997193.0788033
3534,Loss/learning_rate,9.999999747378752e-06,1780997223.2161472
3540,Loss/learning_rate,9.999999747378752e-06,1780997253.3336122
3546,Loss/learning_rate,9.999999747378752e-06,1780997282.7098854
3552,Loss/learning_rate,9.999999747378752e-06,1780997311.8767326
3558,Loss/learning_rate,9.999999747378752e-06,1780997341.4890296
3564,Loss/learning_rate,9.999999747378752e-06,1780997371.291638
3570,Loss/learning_rate,9.999999747378752e-06,1780997401.1017852
3576,Loss/learning_rate,1.4999999621068127e-05,1780997430.5694368
3582,Loss/learning_rate,9.999999747378752e-06,1780997460.145479
3588,Loss/learning_rate,9.999999747378752e-06,1780997489.9562554
3594,Loss/learning_rate,9.999999747378752e-06,1780997519.307486
3600,Loss/learning_rate,9.999999747378752e-06,1780997549.019546
3606,Loss/learning_rate,1.4999999621068127e-05,1780997578.741329
3612,Loss/learning_rate,9.999999747378752e-06,1780997608.3685098
3618,Loss/learning_rate,9.999999747378752e-06,1780997638.139693
3624,Loss/learning_rate,9.999999747378752e-06,1780997668.1178486
3630,Loss/learning_rate,9.999999747378752e-06,1780997698.0759542
3636,Loss/learning_rate,9.999999747378752e-06,1780997727.9821317
3642,Loss/learning_rate,1.4999999621068127e-05,1780997758.378377
3648,Loss/learning_rate,9.999999747378752e-06,1780997788.2751837
3654,Loss/learning_rate,9.999999747378752e-06,1780997817.8548222
3660,Loss/learning_rate,9.999999747378752e-06,1780997847.7433417
3666,Loss/learning_rate,9.999999747378752e-06,1780997877.696565
3672,Loss/learning_rate,1.4999999621068127e-05,1780997907.2231517
3678,Loss/learning_rate,1.4999999621068127e-05,1780997936.7299876
3684,Loss/learning_rate,1.4999999621068127e-05,1780997966.1988938
3690,Loss/learning_rate,9.999999747378752e-06,1780997996.109399
3696,Loss/learning_rate,1.4999999621068127e-05,1780998025.6889043
3702,Loss/learning_rate,9.999999747378752e-06,1780998055.443788
3708,Loss/learning_rate,9.999999747378752e-06,1780998085.1791775
3714,Loss/learning_rate,9.999999747378752e-06,1780998115.3429136
3720,Loss/learning_rate,1.4999999621068127e-05,1780998145.0089154
3726,Loss/learning_rate,9.999999747378752e-06,1780998174.3282719
3732,Loss/learning_rate,1.4999999621068127e-05,1780998204.1976624
3738,Loss/learning_rate,9.999999747378752e-06,1780998233.7012317
3744,Loss/learning_rate,9.999999747378752e-06,1780998263.2956173
3750,Loss/learning_rate,1.4999999621068127e-05,1780998293.2201524
3756,Loss/learning_rate,1.4999999621068127e-05,1780998323.4384427
3762,Loss/learning_rate,9.999999747378752e-06,1780998353.4311547
3768,Loss/learning_rate,9.999999747378752e-06,1780998383.1340349
3774,Loss/learning_rate,9.999999747378752e-06,1780998412.0738075
3780,Loss/learning_rate,9.999999747378752e-06,1780998440.9711137
3786,Loss/learning_rate,9.999999747378752e-06,1780998470.079166
3792,Loss/learning_rate,9.999999747378752e-06,1780998499.058917
3798,Loss/learning_rate,1.4999999621068127e-05,1780998527.9862401
3804,Loss/learning_rate,9.999999747378752e-06,1780998556.9546824
3810,Loss/learning_rate,1.4999999621068127e-05,1780998585.9268816
3816,Loss/learning_rate,1.4999999621068127e-05,1780998614.7248607
3822,Loss/learning_rate,9.999999747378752e-06,1780998643.8887887
3828,Loss/learning_rate,9.999999747378752e-06,1780998673.0273972
3834,Loss/learning_rate,1.4999999621068127e-05,1780998702.151471
3840,Loss/learning_rate,9.999999747378752e-06,1780998731.4418135
3846,Loss/learning_rate,9.999999747378752e-06,1780998760.488083
3852,Loss/learning_rate,9.999999747378752e-06,1780998789.5632935
3858,Loss/learning_rate,1.4999999621068127e-05,1780998818.4046652
3864,Loss/learning_rate,9.999999747378752e-06,1780998847.2728107
3870,Loss/learning_rate,9.999999747378752e-06,1780998876.396205
3876,Loss/learning_rate,1.4999999621068127e-05,1780998906.0990522
3882,Loss/learning_rate,9.999999747378752e-06,1780998935.5505283
3888,Loss/learning_rate,9.999999747378752e-06,1780998965.1531546
3894,Loss/learning_rate,9.999999747378752e-06,1780998994.493581
3900,Loss/learning_rate,9.999999747378752e-06,1780999023.5873528
3906,Loss/learning_rate,9.999999747378752e-06,1780999052.9962575
3912,Loss/learning_rate,9.999999747378752e-06,1780999082.0796235
3918,Loss/learning_rate,9.999999747378752e-06,1780999111.0933928
3924,Loss/learning_rate,9.999999747378752e-06,1780999140.211652
3930,Loss/learning_rate,9.999999747378752e-06,1780999169.4657938
3936,Loss/learning_rate,9.999999747378752e-06,1780999198.743205
3942,Loss/learning_rate,9.999999747378752e-06,1780999227.927852
3948,Loss/learning_rate,9.999999747378752e-06,1780999256.7980459
3954,Loss/learning_rate,9.999999747378752e-06,1780999285.7363176
3960,Loss/learning_rate,9.999999747378752e-06,1780999314.8136039
3966,Loss/learning_rate,9.999999747378752e-06,1780999343.675475
3972,Loss/learning_rate,9.999999747378752e-06,1780999372.4458303
3978,Loss/learning_rate,1.4999999621068127e-05,1780999401.4644103
3984,Loss/learning_rate,9.999999747378752e-06,1780999430.4556894
3990,Loss/learning_rate,9.999999747378752e-06,1780999459.6569157
3996,Loss/learning_rate,9.999999747378752e-06,1780999488.7510219
4002,Loss/learning_rate,9.999999747378752e-06,1780999518.1524026
4008,Loss/learning_rate,9.999999747378752e-06,1780999547.4241955
4014,Loss/learning_rate,9.999999747378752e-06,1780999576.4234586
4020,Loss/learning_rate,9.999999747378752e-06,1780999606.0570977
4026,Loss/learning_rate,9.999999747378752e-06,1780999635.6358392
4032,Loss/learning_rate,9.999999747378752e-06,1780999665.1144834
4038,Loss/learning_rate,9.999999747378752e-06,1780999694.7552505
4044,Loss/learning_rate,9.999999747378752e-06,1780999724.421672
4050,Loss/learning_rate,9.999999747378752e-06,1780999752.2197585
4056,Loss/learning_rate,9.999999747378752e-06,1780999777.3067045
4062,Loss/learning_rate,9.999999747378752e-06,1780999802.747154
4068,Loss/learning_rate,9.999999747378752e-06,1780999832.0812314
4074,Loss/learning_rate,1.4999999621068127e-05,1780999861.613925
4080,Loss/learning_rate,1.4999999621068127e-05,1780999891.0454323
4086,Loss/learning_rate,9.999999747378752e-06,1780999920.6086004
4092,Loss/learning_rate,9.999999747378752e-06,1780999950.010624
4098,Loss/learning_rate,9.999999747378752e-06,1780999979.5517669
4104,Loss/learning_rate,9.999999747378752e-06,1781000008.8303087
4110,Loss/learning_rate,9.999999747378752e-06,1781000038.3246958
4116,Loss/learning_rate,9.999999747378752e-06,1781000067.628818
4122,Loss/learning_rate,9.999999747378752e-06,1781000096.8218765
4128,Loss/learning_rate,9.999999747378752e-06,1781000126.2635157
4134,Loss/learning_rate,9.999999747378752e-06,1781000156.0107164
4140,Loss/learning_rate,1.4999999621068127e-05,1781000185.536039
4146,Loss/learning_rate,1.4999999621068127e-05,1781000214.7019763
4152,Loss/learning_rate,9.999999747378752e-06,1781000243.8128192
4158,Loss/learning_rate,9.999999747378752e-06,1781000273.2258372
4164,Loss/learning_rate,9.999999747378752e-06,1781000302.474386
4170,Loss/learning_rate,1.4999999621068127e-05,1781000332.136397
4176,Loss/learning_rate,9.999999747378752e-06,1781000361.913226
4182,Loss/learning_rate,9.999999747378752e-06,1781000391.412521
4188,Loss/learning_rate,9.999999747378752e-06,1781000420.808575
4194,Loss/learning_rate,9.999999747378752e-06,1781000450.2364047
4200,Loss/learning_rate,9.999999747378752e-06,1781000479.809208
4206,Loss/learning_rate,9.999999747378752e-06,1781000508.9751115
4212,Loss/learning_rate,9.999999747378752e-06,1781000538.249405
4218,Loss/learning_rate,9.999999747378752e-06,1781000567.44837
4224,Loss/learning_rate,9.999999747378752e-06,1781000596.5974898
4230,Loss/learning_rate,9.999999747378752e-06,1781000625.784247
4236,Loss/learning_rate,9.999999747378752e-06,1781000655.4375136
4242,Loss/learning_rate,9.999999747378752e-06,1781000684.825547
4248,Loss/learning_rate,9.999999747378752e-06,1781000714.466782
4254,Loss/learning_rate,9.999999747378752e-06,1781000744.3889723
4260,Loss/learning_rate,9.999999747378752e-06,1781000774.0303516
4266,Loss/learning_rate,9.999999747378752e-06,1781000803.2578406
4272,Loss/learning_rate,9.999999747378752e-06,1781000832.4078279
4278,Loss/learning_rate,9.999999747378752e-06,1781000861.769139
4284,Loss/learning_rate,9.999999747378752e-06,1781000891.4393697
4290,Loss/learning_rate,9.999999747378752e-06,1781000921.2860272
4296,Loss/learning_rate,9.999999747378752e-06,1781000951.223093
4302,Loss/learning_rate,9.999999747378752e-06,1781000981.0201557
4308,Loss/learning_rate,9.999999747378752e-06,1781001011.1349883
4314,Loss/learning_rate,1.4999999621068127e-05,1781001040.7166836
4320,Loss/learning_rate,9.999999747378752e-06,1781001070.5372615
4326,Loss/learning_rate,9.999999747378752e-06,1781001100.4020681
4332,Loss/learning_rate,9.999999747378752e-06,1781001130.0783172
4338,Loss/learning_rate,9.999999747378752e-06,1781001159.6104584
4344,Loss/learning_rate,9.999999747378752e-06,1781001188.98683
4350,Loss/learning_rate,9.999999747378752e-06,1781001218.6259112
4356,Loss/learning_rate,9.999999747378752e-06,1781001248.542204
4362,Loss/learning_rate,9.999999747378752e-06,1781001278.1379762
4368,Loss/learning_rate,9.999999747378752e-06,1781001308.0123663
4374,Loss/learning_rate,9.999999747378752e-06,1781001337.911579
4380,Loss/learning_rate,9.999999747378752e-06,1781001367.737024
4386,Loss/learning_rate,9.999999747378752e-06,1781001397.3742728
4392,Loss/learning_rate,9.999999747378752e-06,1781001426.604577
4398,Loss/learning_rate,9.999999747378752e-06,1781001456.5976207
4404,Loss/learning_rate,9.999999747378752e-06,1781001486.6178288
4410,Loss/learning_rate,1.4999999621068127e-05,1781001516.0734694
4416,Loss/learning_rate,9.999999747378752e-06,1781001545.7260702
4422,Loss/learning_rate,9.999999747378752e-06,1781001575.8074188
4428,Loss/learning_rate,9.999999747378752e-06,1781001605.7141652
4434,Loss/learning_rate,9.999999747378752e-06,1781001635.0791113
4440,Loss/learning_rate,9.999999747378752e-06,1781001664.752155
4446,Loss/learning_rate,9.999999747378752e-06,1781001694.2953434
4452,Loss/learning_rate,9.999999747378752e-06,1781001723.9467123
4458,Loss/learning_rate,9.999999747378752e-06,1781001753.93841
4464,Loss/learning_rate,9.999999747378752e-06,1781001783.7411559
4470,Loss/learning_rate,9.999999747378752e-06,1781001813.382417
4476,Loss/learning_rate,1.4999999621068127e-05,1781001843.452435
4482,Loss/learning_rate,9.999999747378752e-06,1781001873.1826591
4488,Loss/learning_rate,9.999999747378752e-06,1781001902.953608
4494,Loss/learning_rate,9.999999747378752e-06,1781001932.1893678
4500,Loss/learning_rate,9.999999747378752e-06,1781001961.7380922
4506,Loss/learning_rate,9.999999747378752e-06,1781001991.3160243
4512,Loss/learning_rate,9.999999747378752e-06,1781002020.9502203
4518,Loss/learning_rate,9.999999747378752e-06,1781002050.6539788
4524,Loss/learning_rate,9.999999747378752e-06,1781002080.414052
4530,Loss/learning_rate,9.999999747378752e-06,1781002110.2659786
4536,Loss/learning_rate,9.999999747378752e-06,1781002140.0685954
4542,Loss/learning_rate,9.999999747378752e-06,1781002169.8896737
4548,Loss/learning_rate,9.999999747378752e-06,1781002199.4513726
4554,Loss/learning_rate,9.999999747378752e-06,1781002229.2186286
4560,Loss/learning_rate,9.999999747378752e-06,1781002258.950599
4566,Loss/learning_rate,9.999999747378752e-06,1781002288.4482722
4572,Loss/learning_rate,9.999999747378752e-06,1781002317.9942634
4578,Loss/learning_rate,9.999999747378752e-06,1781002347.850181
4584,Loss/learning_rate,9.999999747378752e-06,1781002377.8285596
4590,Loss/learning_rate,9.999999747378752e-06,1781002407.7682607
4596,Loss/learning_rate,9.999999747378752e-06,1781002437.541573
4602,Loss/learning_rate,9.999999747378752e-06,1781002467.2737508
4608,Loss/learning_rate,9.999999747378752e-06,1781002497.2193193
4614,Loss/learning_rate,9.999999747378752e-06,1781002526.9172645
4620,Loss/learning_rate,9.999999747378752e-06,1781002556.7019281
4626,Loss/learning_rate,9.999999747378752e-06,1781002585.8849826
4632,Loss/learning_rate,9.999999747378752e-06,1781002615.5034258
4638,Loss/learning_rate,9.999999747378752e-06,1781002645.3752096
4644,Loss/learning_rate,9.999999747378752e-06,1781002675.0623868
4650,Loss/learning_rate,9.999999747378752e-06,1781002704.61795
4656,Loss/learning_rate,9.999999747378752e-06,1781002734.5702848
4662,Loss/learning_rate,9.999999747378752e-06,1781002764.5482726
4668,Loss/learning_rate,9.999999747378752e-06,1781002794.802882
4674,Loss/learning_rate,9.999999747378752e-06,1781002825.003621
4680,Loss/learning_rate,9.999999747378752e-06,1781002854.958536
4686,Loss/learning_rate,9.999999747378752e-06,1781002884.6057405
4692,Loss/learning_rate,9.999999747378752e-06,1781002914.1945877
4698,Loss/learning_rate,9.999999747378752e-06,1781002943.911793
4704,Loss/learning_rate,9.999999747378752e-06,1781002973.0044017
4710,Loss/learning_rate,9.999999747378752e-06,1781003002.8761573
4716,Loss/learning_rate,9.999999747378752e-06,1781003032.8386216
4722,Loss/learning_rate,9.999999747378752e-06,1781003062.9069326
4728,Loss/learning_rate,9.999999747378752e-06,1781003092.5788083
4734,Loss/learning_rate,9.999999747378752e-06,1781003122.2978017
4740,Loss/learning_rate,9.999999747378752e-06,1781003151.9700763
4746,Loss/learning_rate,9.999999747378752e-06,1781003181.8212426
4752,Loss/learning_rate,9.999999747378752e-06,1781003211.971116
4758,Loss/learning_rate,1.4999999621068127e-05,1781003242.0211766
4764,Loss/learning_rate,1.4999999621068127e-05,1781003272.0488105
4770,Loss/learning_rate,9.999999747378752e-06,1781003301.8011563
4776,Loss/learning_rate,9.999999747378752e-06,1781003331.7643921
4782,Loss/learning_rate,9.999999747378752e-06,1781003361.7632358
4788,Loss/learning_rate,9.999999747378752e-06,1781003391.4316962
4794,Loss/learning_rate,9.999999747378752e-06,1781003421.4655144
4800,Loss/learning_rate,9.999999747378752e-06,1781003451.4730575
4806,Loss/learning_rate,9.999999747378752e-06,1781003481.1207697
4812,Loss/learning_rate,9.999999747378752e-06,1781003510.9096842
4818,Loss/learning_rate,9.999999747378752e-06,1781003540.7880983
4824,Loss/learning_rate,9.999999747378752e-06,1781003570.8226428
4830,Loss/learning_rate,9.999999747378752e-06,1781003600.8114548
4836,Loss/learning_rate,9.999999747378752e-06,1781003630.4582956
4842,Loss/learning_rate,9.999999747378752e-06,1781003660.0021758
4848,Loss/learning_rate,9.999999747378752e-06,1781003689.5004866
4854,Loss/learning_rate,9.999999747378752e-06,1781003719.2748919
4860,Loss/learning_rate,9.999999747378752e-06,1781003748.9199607
4866,Loss/learning_rate,9.999999747378752e-06,1781003778.8401144
4872,Loss/learning_rate,9.999999747378752e-06,1781003808.6771796
4878,Loss/learning_rate,9.999999747378752e-06,1781003838.2716582
4884,Loss/learning_rate,9.999999747378752e-06,1781003868.0032368
4890,Loss/learning_rate,9.999999747378752e-06,1781003897.5675774
4896,Loss/learning_rate,9.999999747378752e-06,1781003927.0374374
4902,Loss/learning_rate,9.999999747378752e-06,1781003956.5220942
4908,Loss/learning_rate,9.999999747378752e-06,1781003985.7101142
4914,Loss/learning_rate,9.999999747378752e-06,1781004015.3501854
4920,Loss/learning_rate,9.999999747378752e-06,1781004045.0939195
4926,Loss/learning_rate,9.999999747378752e-06,1781004074.992982
4932,Loss/learning_rate,9.999999747378752e-06,1781004104.5814784
4938,Loss/learning_rate,9.999999747378752e-06,1781004133.9658985
4944,Loss/learning_rate,9.999999747378752e-06,1781004163.6396153
4950,Loss/learning_rate,9.999999747378752e-06,1781004193.2386105
4956,Loss/learning_rate,9.999999747378752e-06,1781004223.374951
4962,Loss/learning_rate,9.999999747378752e-06,1781004253.2806811
4968,Loss/learning_rate,9.999999747378752e-06,1781004283.273698
4974,Loss/learning_rate,9.999999747378752e-06,1781004313.2366443
4980,Loss/learning_rate,9.999999747378752e-06,1781004343.1143715
4986,Loss/learning_rate,9.999999747378752e-06,1781004372.6979592
4992,Loss/learning_rate,9.999999747378752e-06,1781004401.6172302
4998,Loss/learning_rate,9.999999747378752e-06,1781004431.1451907
5004,Loss/learning_rate,9.999999747378752e-06,1781004460.218026
5010,Loss/learning_rate,9.999999747378752e-06,1781004489.4488053
5016,Loss/learning_rate,9.999999747378752e-06,1781004518.6700716
5022,Loss/learning_rate,9.999999747378752e-06,1781004548.0524354
5028,Loss/learning_rate,9.999999747378752e-06,1781004577.1628842
5034,Loss/learning_rate,9.999999747378752e-06,1781004606.2593753
5040,Loss/learning_rate,9.999999747378752e-06,1781004635.8533196
5046,Loss/learning_rate,9.999999747378752e-06,1781004665.7611873
5052,Loss/learning_rate,9.999999747378752e-06,1781004695.1392353
5058,Loss/learning_rate,9.999999747378752e-06,1781004724.3629181
5064,Loss/learning_rate,9.999999747378752e-06,1781004753.5747643
5070,Loss/learning_rate,1.4999999621068127e-05,1781004782.838373
5076,Loss/learning_rate,9.999999747378752e-06,1781004811.9285722
5082,Loss/learning_rate,9.999999747378752e-06,1781004841.2817175
5088,Loss/learning_rate,9.999999747378752e-06,1781004870.6105804
5094,Loss/learning_rate,9.999999747378752e-06,1781004900.038287
5100,Loss/learning_rate,9.999999747378752e-06,1781004929.5229719
5106,Loss/learning_rate,9.999999747378752e-06,1781004958.945549
5112,Loss/learning_rate,9.999999747378752e-06,1781004988.1589482
5118,Loss/learning_rate,9.999999747378752e-06,1781005017.6177466
5124,Loss/learning_rate,9.999999747378752e-06,1781005047.2125342
5130,Loss/learning_rate,9.999999747378752e-06,1781005076.4564772
5136,Loss/learning_rate,9.999999747378752e-06,1781005105.9115005
5142,Loss/learning_rate,9.999999747378752e-06,1781005135.4431608
5148,Loss/learning_rate,9.999999747378752e-06,1781005164.6282349
5154,Loss/learning_rate,9.999999747378752e-06,1781005193.38833
5160,Loss/learning_rate,9.999999747378752e-06,1781005222.263635
5166,Loss/learning_rate,9.999999747378752e-06,1781005251.1414797
5172,Loss/learning_rate,9.999999747378752e-06,1781005280.0986686
5178,Loss/learning_rate,9.999999747378752e-06,1781005309.344974
5184,Loss/learning_rate,9.999999747378752e-06,1781005338.2738068
5190,Loss/learning_rate,9.999999747378752e-06,1781005367.9691472
5196,Loss/learning_rate,9.999999747378752e-06,1781005396.98336
5202,Loss/learning_rate,9.999999747378752e-06,1781005426.1671274
5208,Loss/learning_rate,9.999999747378752e-06,1781005454.766571
5214,Loss/learning_rate,9.999999747378752e-06,1781005484.0829551
5220,Loss/learning_rate,9.999999747378752e-06,1781005513.1177447
5226,Loss/learning_rate,9.999999747378752e-06,1781005542.2488043
5232,Loss/learning_rate,9.999999747378752e-06,1781005571.5023572
5238,Loss/learning_rate,9.999999747378752e-06,1781005600.9887733
5244,Loss/learning_rate,9.999999747378752e-06,1781005630.5348375
5250,Loss/learning_rate,9.999999747378752e-06,1781005660.2498386
5256,Loss/learning_rate,9.999999747378752e-06,1781005689.6981914
5262,Loss/learning_rate,9.999999747378752e-06,1781005719.5285215
5268,Loss/learning_rate,9.999999747378752e-06,1781005749.1569905
5274,Loss/learning_rate,9.999999747378752e-06,1781005778.9606972
5280,Loss/learning_rate,9.999999747378752e-06,1781005809.0706232
5286,Loss/learning_rate,9.999999747378752e-06,1781005838.8124743
5292,Loss/learning_rate,9.999999747378752e-06,1781005868.2969325
5298,Loss/learning_rate,9.999999747378752e-06,1781005897.4791012
5304,Loss/learning_rate,9.999999747378752e-06,1781005926.778778
5310,Loss/learning_rate,9.999999747378752e-06,1781005955.8371236
5316,Loss/learning_rate,9.999999747378752e-06,1781005984.6730862
5322,Loss/learning_rate,9.999999747378752e-06,1781006013.6726685
5328,Loss/learning_rate,9.999999747378752e-06,1781006042.6463609
5334,Loss/learning_rate,9.999999747378752e-06,1781006072.1770878
5340,Loss/learning_rate,9.999999747378752e-06,1781006102.1263342
5346,Loss/learning_rate,9.999999747378752e-06,1781006132.5552151
5352,Loss/learning_rate,9.999999747378752e-06,1781006162.4963562
5358,Loss/learning_rate,9.999999747378752e-06,1781006192.567901
5364,Loss/learning_rate,9.999999747378752e-06,1781006222.4240348
5370,Loss/learning_rate,9.999999747378752e-06,1781006252.2532964
5376,Loss/learning_rate,9.999999747378752e-06,1781006282.4043844
5382,Loss/learning_rate,9.999999747378752e-06,1781006312.7158244
5388,Loss/learning_rate,9.999999747378752e-06,1781006344.0860245
5394,Loss/learning_rate,9.999999747378752e-06,1781006374.1490295
5400,Loss/learning_rate,9.999999747378752e-06,1781006404.0954196
5406,Loss/learning_rate,9.999999747378752e-06,1781006434.469258
5412,Loss/learning_rate,9.999999747378752e-06,1781006465.4107766
5418,Loss/learning_rate,9.999999747378752e-06,1781006496.8346503
5424,Loss/learning_rate,9.999999747378752e-06,1781006527.8261607
5430,Loss/learning_rate,9.999999747378752e-06,1781006558.3553488
5436,Loss/learning_rate,9.999999747378752e-06,1781006589.0892336
5442,Loss/learning_rate,9.999999747378752e-06,1781006619.5389032
5448,Loss/learning_rate,9.999999747378752e-06,1781006649.9129589
5454,Loss/learning_rate,9.999999747378752e-06,1781006680.2611895
5460,Loss/learning_rate,9.999999747378752e-06,1781006711.462527
5466,Loss/learning_rate,9.999999747378752e-06,1781006742.647784
5472,Loss/learning_rate,9.999999747378752e-06,1781006773.3968358
5478,Loss/learning_rate,9.999999747378752e-06,1781006803.718694
5484,Loss/learning_rate,9.999999747378752e-06,1781006834.2314496
5490,Loss/learning_rate,9.999999747378752e-06,1781006865.2167559
5496,Loss/learning_rate,9.999999747378752e-06,1781006896.3526034
5502,Loss/learning_rate,9.999999747378752e-06,1781006927.5862553
5508,Loss/learning_rate,9.999999747378752e-06,1781006958.6503546
5514,Loss/learning_rate,9.999999747378752e-06,1781006989.5874894
5520,Loss/learning_rate,9.999999747378752e-06,1781007019.9359553
5526,Loss/learning_rate,9.999999747378752e-06,1781007050.8054059
5532,Loss/learning_rate,9.999999747378752e-06,1781007081.2694798
5538,Loss/learning_rate,9.999999747378752e-06,1781007111.774598
5544,Loss/learning_rate,9.999999747378752e-06,1781007141.7980201
5550,Loss/learning_rate,9.999999747378752e-06,1781007172.6752353
5556,Loss/learning_rate,1.4999999621068127e-05,1781007202.6154602
5562,Loss/learning_rate,9.999999747378752e-06,1781007232.8102243
5568,Loss/learning_rate,9.999999747378752e-06,1781007262.8557632
5574,Loss/learning_rate,9.999999747378752e-06,1781007293.3910325
5580,Loss/learning_rate,9.999999747378752e-06,1781007323.5055149
5586,Loss/learning_rate,9.999999747378752e-06,1781007354.4476514
5592,Loss/learning_rate,9.999999747378752e-06,1781007385.2556303
5598,Loss/learning_rate,9.999999747378752e-06,1781007416.0540335
5604,Loss/learning_rate,9.999999747378752e-06,1781007447.4114327
5610,Loss/learning_rate,9.999999747378752e-06,1781007478.046229
5616,Loss/learning_rate,9.999999747378752e-06,1781007508.7939818
5622,Loss/learning_rate,9.999999747378752e-06,1781007539.917321
5628,Loss/learning_rate,9.999999747378752e-06,1781007570.6499994
5634,Loss/learning_rate,9.999999747378752e-06,1781007601.0683992
5640,Loss/learning_rate,9.999999747378752e-06,1781007633.0661833
5646,Loss/learning_rate,9.999999747378752e-06,1781007664.4072556
5652,Loss/learning_rate,9.999999747378752e-06,1781007694.2891555
5654,Loss/learning_rate,9.999999747378752e-06,1781007704.0903513
