step,tag,value,wall_time
92599,Metrics/base_velocity/error_vel_xy,0.0010905705858021975,1780379380.6816154
92604,Metrics/base_velocity/error_vel_xy,0.05885666236281395,1780379401.145042
92609,Metrics/base_velocity/error_vel_xy,0.0885121151804924,1780379425.7681646
92614,Metrics/base_velocity/error_vel_xy,0.08999722450971603,1780379449.3101447
92619,Metrics/base_velocity/error_vel_xy,0.09086014330387115,1780379471.7175033
92624,Metrics/base_velocity/error_vel_xy,0.0919262021780014,1780379493.94524
92629,Metrics/base_velocity/error_vel_xy,0.09324496984481812,1780379516.6622195
92634,Metrics/base_velocity/error_vel_xy,0.09392046928405762,1780379542.383772
92639,Metrics/base_velocity/error_vel_xy,0.09549733251333237,1780379568.120581
92644,Metrics/base_velocity/error_vel_xy,0.09694385528564453,1780379593.7714307
92649,Metrics/base_velocity/error_vel_xy,0.09676337242126465,1780379618.8569188
92654,Metrics/base_velocity/error_vel_xy,0.09632667154073715,1780379644.0114126
92659,Metrics/base_velocity/error_vel_xy,0.09553036093711853,1780379669.6581824
92664,Metrics/base_velocity/error_vel_xy,0.09308411926031113,1780379695.3703012
92669,Metrics/base_velocity/error_vel_xy,0.0918826311826706,1780379720.5711951
92674,Metrics/base_velocity/error_vel_xy,0.0909981057047844,1780379745.437458
92679,Metrics/base_velocity/error_vel_xy,0.09134161472320557,1780379767.98702
92684,Metrics/base_velocity/error_vel_xy,0.09270881861448288,1780379789.48739
92689,Metrics/base_velocity/error_vel_xy,0.09226208180189133,1780379814.4486637
92694,Metrics/base_velocity/error_vel_xy,0.09238384664058685,1780379837.431537
92699,Metrics/base_velocity/error_vel_xy,0.09122145175933838,1780379860.9453468
92704,Metrics/base_velocity/error_vel_xy,0.0911591574549675,1780379884.9368777
92709,Metrics/base_velocity/error_vel_xy,0.09110885858535767,1780379910.7240016
92714,Metrics/base_velocity/error_vel_xy,0.09426799416542053,1780379934.4262042
92719,Metrics/base_velocity/error_vel_xy,0.09655749052762985,1780379956.35445
92724,Metrics/base_velocity/error_vel_xy,0.09749071300029755,1780379978.1587994
92729,Metrics/base_velocity/error_vel_xy,0.0988280400633812,1780379999.5695193
92734,Metrics/base_velocity/error_vel_xy,0.1009962260723114,1780380024.877621
92739,Metrics/base_velocity/error_vel_xy,0.1028294563293457,1780380049.981246
92744,Metrics/base_velocity/error_vel_xy,0.10653054714202881,1780380074.4838736
92749,Metrics/base_velocity/error_vel_xy,0.11099930852651596,1780380099.009468
92754,Metrics/base_velocity/error_vel_xy,0.11743947118520737,1780380123.0204582
92759,Metrics/base_velocity/error_vel_xy,0.12498974800109863,1780380143.8352673
92764,Metrics/base_velocity/error_vel_xy,0.12183742970228195,1780380164.3322966
92769,Metrics/base_velocity/error_vel_xy,0.1406572312116623,1780380185.0235984
92774,Metrics/base_velocity/error_vel_xy,0.17885856330394745,1780380205.8878477
92779,Metrics/base_velocity/error_vel_xy,0.18769535422325134,1780380233.6804652
92784,Metrics/base_velocity/error_vel_xy,0.17448803782463074,1780380260.1202738
92789,Metrics/base_velocity/error_vel_xy,0.162713885307312,1780380284.6496675
92794,Metrics/base_velocity/error_vel_xy,0.16410879790782928,1780380308.9595132
92799,Metrics/base_velocity/error_vel_xy,0.16676411032676697,1780380333.3081744
92804,Metrics/base_velocity/error_vel_xy,0.17115777730941772,1780380357.2860506
92809,Metrics/base_velocity/error_vel_xy,0.18303833901882172,1780380381.640219
92814,Metrics/base_velocity/error_vel_xy,0.1801755428314209,1780380405.9607515
92819,Metrics/base_velocity/error_vel_xy,0.17510268092155457,1780380430.1130784
92824,Metrics/base_velocity/error_vel_xy,0.18151484429836273,1780380454.7698772
92829,Metrics/base_velocity/error_vel_xy,0.17795798182487488,1780380479.416026
92834,Metrics/base_velocity/error_vel_xy,0.17535284161567688,1780380503.3308437
92839,Metrics/base_velocity/error_vel_xy,0.17302563786506653,1780380527.6161873
92844,Metrics/base_velocity/error_vel_xy,0.16008828580379486,1780380551.9413538
92849,Metrics/base_velocity/error_vel_xy,0.16413138806819916,1780380576.2311652
92854,Metrics/base_velocity/error_vel_xy,0.1553390622138977,1780380600.909709
92859,Metrics/base_velocity/error_vel_xy,0.1544361561536789,1780380625.3722363
92864,Metrics/base_velocity/error_vel_xy,0.146128848195076,1780380649.8069088
92869,Metrics/base_velocity/error_vel_xy,0.14818187057971954,1780380674.5305085
92874,Metrics/base_velocity/error_vel_xy,0.14785203337669373,1780380699.4973557
92879,Metrics/base_velocity/error_vel_xy,0.1425839364528656,1780380723.623102
92884,Metrics/base_velocity/error_vel_xy,0.13577723503112793,1780380748.4199805
92889,Metrics/base_velocity/error_vel_xy,0.1322912573814392,1780380773.3451006
92894,Metrics/base_velocity/error_vel_xy,0.13180550932884216,1780380797.942682
92899,Metrics/base_velocity/error_vel_xy,0.12642928957939148,1780380822.4271202
92904,Metrics/base_velocity/error_vel_xy,0.12138056755065918,1780380847.043837
92909,Metrics/base_velocity/error_vel_xy,0.11952996253967285,1780380871.1205862
92914,Metrics/base_velocity/error_vel_xy,0.114662304520607,1780380895.5987961
92919,Metrics/base_velocity/error_vel_xy,0.11144249886274338,1780380920.3385441
92924,Metrics/base_velocity/error_vel_xy,0.10948915779590607,1780380944.4564354
92929,Metrics/base_velocity/error_vel_xy,0.1064271330833435,1780380969.393103
92934,Metrics/base_velocity/error_vel_xy,0.10498471558094025,1780380993.853407
92939,Metrics/base_velocity/error_vel_xy,0.10438305139541626,1780381017.8702765
92944,Metrics/base_velocity/error_vel_xy,0.10041117668151855,1780381042.2431126
92949,Metrics/base_velocity/error_vel_xy,0.10036929696798325,1780381066.706275
92954,Metrics/base_velocity/error_vel_xy,0.10018240660429001,1780381090.6374142
92959,Metrics/base_velocity/error_vel_xy,0.09818820655345917,1780381115.0866423
92964,Metrics/base_velocity/error_vel_xy,0.0966457948088646,1780381137.5906546
92969,Metrics/base_velocity/error_vel_xy,0.09594444930553436,1780381161.7677932
92974,Metrics/base_velocity/error_vel_xy,0.0944700539112091,1780381185.2964194
92979,Metrics/base_velocity/error_vel_xy,0.09170131385326385,1780381206.0696862
92984,Metrics/base_velocity/error_vel_xy,0.09214922785758972,1780381226.892438
92989,Metrics/base_velocity/error_vel_xy,0.09112142771482468,1780381247.5709982
92994,Metrics/base_velocity/error_vel_xy,0.09071259200572968,1780381267.7699668
92999,Metrics/base_velocity/error_vel_xy,0.09036588668823242,1780381288.5500484
93004,Metrics/base_velocity/error_vel_xy,0.08879123628139496,1780381308.8384838
93009,Metrics/base_velocity/error_vel_xy,0.08918413519859314,1780381329.4073565
93014,Metrics/base_velocity/error_vel_xy,0.08926796913146973,1780381349.4945974
93019,Metrics/base_velocity/error_vel_xy,0.08896459639072418,1780381370.9996743
93024,Metrics/base_velocity/error_vel_xy,0.08795391768217087,1780381391.9357624
93029,Metrics/base_velocity/error_vel_xy,0.08797763288021088,1780381412.5104065
93034,Metrics/base_velocity/error_vel_xy,0.08797676861286163,1780381433.1630313
93039,Metrics/base_velocity/error_vel_xy,0.08738274872303009,1780381453.7720828
93044,Metrics/base_velocity/error_vel_xy,0.08717487752437592,1780381474.9879434
93049,Metrics/base_velocity/error_vel_xy,0.08691561222076416,1780381496.8075867
93054,Metrics/base_velocity/error_vel_xy,0.08708041906356812,1780381521.5175884
93059,Metrics/base_velocity/error_vel_xy,0.08673363924026489,1780381545.899221
93064,Metrics/base_velocity/error_vel_xy,0.08756189793348312,1780381570.1036808
93069,Metrics/base_velocity/error_vel_xy,0.08694582432508469,1780381594.6025488
93074,Metrics/base_velocity/error_vel_xy,0.08679880201816559,1780381619.6718397
93079,Metrics/base_velocity/error_vel_xy,0.08635129779577255,1780381645.2218506
93084,Metrics/base_velocity/error_vel_xy,0.08654814958572388,1780381669.5539577
93089,Metrics/base_velocity/error_vel_xy,0.08586889505386353,1780381691.893273
93094,Metrics/base_velocity/error_vel_xy,0.08514048159122467,1780381712.508303
93099,Metrics/base_velocity/error_vel_xy,0.08538536727428436,1780381733.0917063
93104,Metrics/base_velocity/error_vel_xy,0.08379983901977539,1780381753.5887842
93109,Metrics/base_velocity/error_vel_xy,0.08458508551120758,1780381775.0701342
93114,Metrics/base_velocity/error_vel_xy,0.08397847414016724,1780381798.8045218
93119,Metrics/base_velocity/error_vel_xy,0.08416201919317245,1780381823.3990629
93124,Metrics/base_velocity/error_vel_xy,0.08466823399066925,1780381847.673837
93129,Metrics/base_velocity/error_vel_xy,0.08466243743896484,1780381868.7338543
93134,Metrics/base_velocity/error_vel_xy,0.08293317258358002,1780381889.3313234
93139,Metrics/base_velocity/error_vel_xy,0.08315043151378632,1780381910.008554
93144,Metrics/base_velocity/error_vel_xy,0.08311867713928223,1780381930.1755824
93149,Metrics/base_velocity/error_vel_xy,0.08443146198987961,1780381950.533888
93154,Metrics/base_velocity/error_vel_xy,0.08312152326107025,1780381970.7234838
93159,Metrics/base_velocity/error_vel_xy,0.08239205926656723,1780381991.2613916
93164,Metrics/base_velocity/error_vel_xy,0.08170990645885468,1780382012.1190693
93169,Metrics/base_velocity/error_vel_xy,0.08302564173936844,1780382032.8761065
93174,Metrics/base_velocity/error_vel_xy,0.08188392966985703,1780382053.394072
93179,Metrics/base_velocity/error_vel_xy,0.08236657828092575,1780382077.4156384
93184,Metrics/base_velocity/error_vel_xy,0.08069401234388351,1780382101.7809644
93189,Metrics/base_velocity/error_vel_xy,0.08085092157125473,1780382125.922454
93194,Metrics/base_velocity/error_vel_xy,0.08125565946102142,1780382150.2431703
93199,Metrics/base_velocity/error_vel_xy,0.08115771412849426,1780382175.08683
93204,Metrics/base_velocity/error_vel_xy,0.0813293606042862,1780382200.6353817
93209,Metrics/base_velocity/error_vel_xy,0.080837182700634,1780382225.1657805
93214,Metrics/base_velocity/error_vel_xy,0.08081567287445068,1780382246.8658075
93219,Metrics/base_velocity/error_vel_xy,0.07938043773174286,1780382267.993409
93224,Metrics/base_velocity/error_vel_xy,0.08126457780599594,1780382290.6835544
93229,Metrics/base_velocity/error_vel_xy,0.08105504512786865,1780382315.3452868
93234,Metrics/base_velocity/error_vel_xy,0.0795891284942627,1780382336.5013514
93239,Metrics/base_velocity/error_vel_xy,0.0804515928030014,1780382361.400078
93244,Metrics/base_velocity/error_vel_xy,0.07986375689506531,1780382384.2100763
93249,Metrics/base_velocity/error_vel_xy,0.0798107162117958,1780382409.4321244
93254,Metrics/base_velocity/error_vel_xy,0.08087299019098282,1780382434.4928486
93259,Metrics/base_velocity/error_vel_xy,0.07922177016735077,1780382458.138065
93264,Metrics/base_velocity/error_vel_xy,0.08076167106628418,1780382479.8552778
93269,Metrics/base_velocity/error_vel_xy,0.078924760222435,1780382501.0438688
93274,Metrics/base_velocity/error_vel_xy,0.07952931523323059,1780382521.784934
93279,Metrics/base_velocity/error_vel_xy,0.07897373288869858,1780382542.930159
93284,Metrics/base_velocity/error_vel_xy,0.07777460664510727,1780382566.60154
93289,Metrics/base_velocity/error_vel_xy,0.0779842734336853,1780382590.9981675
93294,Metrics/base_velocity/error_vel_xy,0.0783148929476738,1780382613.189792
93299,Metrics/base_velocity/error_vel_xy,0.07707821577787399,1780382633.7277684
93304,Metrics/base_velocity/error_vel_xy,0.07675230503082275,1780382654.8000302
93309,Metrics/base_velocity/error_vel_xy,0.07682745158672333,1780382675.8934994
93314,Metrics/base_velocity/error_vel_xy,0.07739102095365524,1780382697.2921736
93319,Metrics/base_velocity/error_vel_xy,0.07735583186149597,1780382718.261257
93324,Metrics/base_velocity/error_vel_xy,0.07573095709085464,1780382739.528558
93329,Metrics/base_velocity/error_vel_xy,0.07645359635353088,1780382760.849554
93334,Metrics/base_velocity/error_vel_xy,0.07578977197408676,1780382786.0629365
93339,Metrics/base_velocity/error_vel_xy,0.07657045125961304,1780382811.5122025
93344,Metrics/base_velocity/error_vel_xy,0.07677820324897766,1780382836.9076717
93349,Metrics/base_velocity/error_vel_xy,0.07524539530277252,1780382861.7749734
93354,Metrics/base_velocity/error_vel_xy,0.07555831968784332,1780382887.2093854
93359,Metrics/base_velocity/error_vel_xy,0.0745546966791153,1780382908.748593
93364,Metrics/base_velocity/error_vel_xy,0.07655052840709686,1780382931.5535018
93369,Metrics/base_velocity/error_vel_xy,0.07499374449253082,1780382956.4758263
93374,Metrics/base_velocity/error_vel_xy,0.07464352250099182,1780382981.151674
93379,Metrics/base_velocity/error_vel_xy,0.07434961199760437,1780383006.0703762
93384,Metrics/base_velocity/error_vel_xy,0.07537871599197388,1780383031.235359
93389,Metrics/base_velocity/error_vel_xy,0.07635987550020218,1780383056.2643566
93394,Metrics/base_velocity/error_vel_xy,0.07465379685163498,1780383080.709606
93399,Metrics/base_velocity/error_vel_xy,0.07511717826128006,1780383102.0167508
93404,Metrics/base_velocity/error_vel_xy,0.07512958347797394,1780383123.034445
93409,Metrics/base_velocity/error_vel_xy,0.07435861229896545,1780383144.135435
93414,Metrics/base_velocity/error_vel_xy,0.07465146481990814,1780383165.2025526
93419,Metrics/base_velocity/error_vel_xy,0.07453389465808868,1780383185.9828584
93424,Metrics/base_velocity/error_vel_xy,0.07421443611383438,1780383211.6723254
93429,Metrics/base_velocity/error_vel_xy,0.07397443801164627,1780383237.068497
93434,Metrics/base_velocity/error_vel_xy,0.0752391666173935,1780383262.3851922
93439,Metrics/base_velocity/error_vel_xy,0.07610607147216797,1780383287.613136
93444,Metrics/base_velocity/error_vel_xy,0.07537186145782471,1780383313.0910358
93449,Metrics/base_velocity/error_vel_xy,0.07529003918170929,1780383337.955908
93454,Metrics/base_velocity/error_vel_xy,0.07618845999240875,1780383362.7837856
93459,Metrics/base_velocity/error_vel_xy,0.07868969440460205,1780383386.7875898
93464,Metrics/base_velocity/error_vel_xy,0.08047540485858917,1780383408.302474
93469,Metrics/base_velocity/error_vel_xy,0.08604838699102402,1780383429.9112666
93474,Metrics/base_velocity/error_vel_xy,0.09241759032011032,1780383453.256194
93479,Metrics/base_velocity/error_vel_xy,0.10004323720932007,1780383478.3605185
93484,Metrics/base_velocity/error_vel_xy,0.10829873383045197,1780383503.1669238
93489,Metrics/base_velocity/error_vel_xy,0.12489788234233856,1780383527.2964022
93494,Metrics/base_velocity/error_vel_xy,0.13477832078933716,1780383548.7152941
93499,Metrics/base_velocity/error_vel_xy,0.1494673788547516,1780383569.3714342
93504,Metrics/base_velocity/error_vel_xy,0.17168447375297546,1780383590.7749927
93509,Metrics/base_velocity/error_vel_xy,0.18609723448753357,1780383611.9207509
93514,Metrics/base_velocity/error_vel_xy,0.2038997858762741,1780383632.6349864
93519,Metrics/base_velocity/error_vel_xy,0.22032585740089417,1780383657.5432067
93524,Metrics/base_velocity/error_vel_xy,0.24355380237102509,1780383682.9469476
93529,Metrics/base_velocity/error_vel_xy,0.2605510354042053,1780383707.9522853
93534,Metrics/base_velocity/error_vel_xy,0.27927786111831665,1780383733.108275
93539,Metrics/base_velocity/error_vel_xy,0.30093392729759216,1780383758.3557596
93544,Metrics/base_velocity/error_vel_xy,0.3241689205169678,1780383783.0903144
93549,Metrics/base_velocity/error_vel_xy,0.3252730369567871,1780383807.681369
93554,Metrics/base_velocity/error_vel_xy,0.33744558691978455,1780383828.9003177
93559,Metrics/base_velocity/error_vel_xy,0.34858953952789307,1780383852.2902222
93564,Metrics/base_velocity/error_vel_xy,0.3580596446990967,1780383874.4086325
93569,Metrics/base_velocity/error_vel_xy,0.37567004561424255,1780383895.859558
93574,Metrics/base_velocity/error_vel_xy,0.37077802419662476,1780383919.2346144
93579,Metrics/base_velocity/error_vel_xy,0.36110079288482666,1780383941.1954865
93584,Metrics/base_velocity/error_vel_xy,0.37927401065826416,1780383965.6937797
93589,Metrics/base_velocity/error_vel_xy,0.3861188292503357,1780383990.3661892
93594,Metrics/base_velocity/error_vel_xy,0.3625321388244629,1780384014.8867505
93599,Metrics/base_velocity/error_vel_xy,0.39094263315200806,1780384037.9863155
93604,Metrics/base_velocity/error_vel_xy,0.3699657618999481,1780384059.2805836
93609,Metrics/base_velocity/error_vel_xy,0.3952406346797943,1780384080.3103802
93614,Metrics/base_velocity/error_vel_xy,0.40229934453964233,1780384101.1210113
93619,Metrics/base_velocity/error_vel_xy,0.3858111798763275,1780384121.708527
93624,Metrics/base_velocity/error_vel_xy,0.39563092589378357,1780384141.7366474
93629,Metrics/base_velocity/error_vel_xy,0.39366206526756287,1780384164.178747
93634,Metrics/base_velocity/error_vel_xy,0.3993074297904968,1780384188.090283
93639,Metrics/base_velocity/error_vel_xy,0.4065828025341034,1780384212.0059164
93644,Metrics/base_velocity/error_vel_xy,0.3908626437187195,1780384234.108736
93649,Metrics/base_velocity/error_vel_xy,0.4035312831401825,1780384253.9074638
93654,Metrics/base_velocity/error_vel_xy,0.37832194566726685,1780384274.4336905
93659,Metrics/base_velocity/error_vel_xy,0.4007604122161865,1780384294.613613
93664,Metrics/base_velocity/error_vel_xy,0.3955886960029602,1780384314.7702668
93669,Metrics/base_velocity/error_vel_xy,0.3911839723587036,1780384334.5298386
93674,Metrics/base_velocity/error_vel_xy,0.4095629155635834,1780384354.3971617
93679,Metrics/base_velocity/error_vel_xy,0.3982864320278168,1780384374.4758828
93684,Metrics/base_velocity/error_vel_xy,0.4139822721481323,1780384394.1168776
93689,Metrics/base_velocity/error_vel_xy,0.41503533720970154,1780384413.8767588
93694,Metrics/base_velocity/error_vel_xy,0.4065192639827728,1780384432.826799
93699,Metrics/base_velocity/error_vel_xy,0.4195942282676697,1780384452.2159884
93704,Metrics/base_velocity/error_vel_xy,0.39747488498687744,1780384471.8496077
93709,Metrics/base_velocity/error_vel_xy,0.39316558837890625,1780384492.8582256
93714,Metrics/base_velocity/error_vel_xy,0.38833174109458923,1780384517.0884244
93719,Metrics/base_velocity/error_vel_xy,0.3977629840373993,1780384537.8874636
93724,Metrics/base_velocity/error_vel_xy,0.41137129068374634,1780384558.1662247
93729,Metrics/base_velocity/error_vel_xy,0.39803823828697205,1780384577.708153
93734,Metrics/base_velocity/error_vel_xy,0.41237521171569824,1780384597.58311
93739,Metrics/base_velocity/error_vel_xy,0.41402101516723633,1780384617.4964824
93744,Metrics/base_velocity/error_vel_xy,0.390970915555954,1780384637.4994955
93749,Metrics/base_velocity/error_vel_xy,0.3922964930534363,1780384657.6458302
93754,Metrics/base_velocity/error_vel_xy,0.396786630153656,1780384678.1827378
93759,Metrics/base_velocity/error_vel_xy,0.3963049352169037,1780384698.4807045
93764,Metrics/base_velocity/error_vel_xy,0.3962610363960266,1780384718.7050238
93769,Metrics/base_velocity/error_vel_xy,0.39401552081108093,1780384742.3555503
93774,Metrics/base_velocity/error_vel_xy,0.392277330160141,1780384765.8493226
93779,Metrics/base_velocity/error_vel_xy,0.40704402327537537,1780384790.5962245
93784,Metrics/base_velocity/error_vel_xy,0.41526803374290466,1780384814.972542
93789,Metrics/base_velocity/error_vel_xy,0.40986308455467224,1780384839.2618332
93794,Metrics/base_velocity/error_vel_xy,0.4087302088737488,1780384863.419794
93799,Metrics/base_velocity/error_vel_xy,0.39245516061782837,1780384887.6779027
93804,Metrics/base_velocity/error_vel_xy,0.3977758288383484,1780384911.659319
93809,Metrics/base_velocity/error_vel_xy,0.4094688892364502,1780384936.5786376
93814,Metrics/base_velocity/error_vel_xy,0.4024755358695984,1780384958.1600733
93819,Metrics/base_velocity/error_vel_xy,0.38626429438591003,1780384978.6956468
93824,Metrics/base_velocity/error_vel_xy,0.4070148468017578,1780385000.2180984
93829,Metrics/base_velocity/error_vel_xy,0.4079720377922058,1780385021.1000671
93834,Metrics/base_velocity/error_vel_xy,0.38978585600852966,1780385041.6616147
93839,Metrics/base_velocity/error_vel_xy,0.4075298011302948,1780385063.166323
93844,Metrics/base_velocity/error_vel_xy,0.3950957655906677,1780385087.6175232
93849,Metrics/base_velocity/error_vel_xy,0.4004567265510559,1780385112.8966198
93854,Metrics/base_velocity/error_vel_xy,0.4027255177497864,1780385137.7584674
93859,Metrics/base_velocity/error_vel_xy,0.40167683362960815,1780385161.903796
93864,Metrics/base_velocity/error_vel_xy,0.39878392219543457,1780385186.2530346
93869,Metrics/base_velocity/error_vel_xy,0.4059419631958008,1780385210.5155497
93874,Metrics/base_velocity/error_vel_xy,0.40188178420066833,1780385234.5220866
93879,Metrics/base_velocity/error_vel_xy,0.411945104598999,1780385257.2730346
93884,Metrics/base_velocity/error_vel_xy,0.40889936685562134,1780385277.936426
93889,Metrics/base_velocity/error_vel_xy,0.4060732126235962,1780385298.4890234
93894,Metrics/base_velocity/error_vel_xy,0.40740782022476196,1780385319.0263498
93899,Metrics/base_velocity/error_vel_xy,0.39639878273010254,1780385339.4250162
93904,Metrics/base_velocity/error_vel_xy,0.407635897397995,1780385362.981227
93909,Metrics/base_velocity/error_vel_xy,0.4058973789215088,1780385387.4939723
93914,Metrics/base_velocity/error_vel_xy,0.4103931784629822,1780385411.5263984
93919,Metrics/base_velocity/error_vel_xy,0.41019731760025024,1780385434.2329779
93924,Metrics/base_velocity/error_vel_xy,0.400399386882782,1780385457.4697216
93929,Metrics/base_velocity/error_vel_xy,0.39396846294403076,1780385481.5092878
93934,Metrics/base_velocity/error_vel_xy,0.39761707186698914,1780385505.83558
93939,Metrics/base_velocity/error_vel_xy,0.387248694896698,1780385530.0135927
93944,Metrics/base_velocity/error_vel_xy,0.37910255789756775,1780385554.710695
93949,Metrics/base_velocity/error_vel_xy,0.4151514768600464,1780385579.3341153
93954,Metrics/base_velocity/error_vel_xy,0.400869220495224,1780385603.602966
93959,Metrics/base_velocity/error_vel_xy,0.4127599000930786,1780385627.777939
93964,Metrics/base_velocity/error_vel_xy,0.3916592001914978,1780385652.0268593
93969,Metrics/base_velocity/error_vel_xy,0.3986750543117523,1780385675.134388
93974,Metrics/base_velocity/error_vel_xy,0.40404170751571655,1780385699.541964
93979,Metrics/base_velocity/error_vel_xy,0.38768690824508667,1780385724.154528
93984,Metrics/base_velocity/error_vel_xy,0.41968899965286255,1780385748.8433807
93989,Metrics/base_velocity/error_vel_xy,0.39547666907310486,1780385772.908587
93994,Metrics/base_velocity/error_vel_xy,0.40294432640075684,1780385797.0986147
93999,Metrics/base_velocity/error_vel_xy,0.4173416495323181,1780385820.8758957
94004,Metrics/base_velocity/error_vel_xy,0.4119885563850403,1780385845.0114625
94009,Metrics/base_velocity/error_vel_xy,0.39313411712646484,1780385869.0317128
94014,Metrics/base_velocity/error_vel_xy,0.41322779655456543,1780385893.221048
94019,Metrics/base_velocity/error_vel_xy,0.39680787920951843,1780385917.351466
94024,Metrics/base_velocity/error_vel_xy,0.40060776472091675,1780385941.5907247
94029,Metrics/base_velocity/error_vel_xy,0.405566543340683,1780385966.0901709
94034,Metrics/base_velocity/error_vel_xy,0.4017312526702881,1780385989.2960343
94039,Metrics/base_velocity/error_vel_xy,0.4110381603240967,1780386011.4378486
94044,Metrics/base_velocity/error_vel_xy,0.3999495208263397,1780386031.6270761
94049,Metrics/base_velocity/error_vel_xy,0.41075342893600464,1780386051.7586176
94054,Metrics/base_velocity/error_vel_xy,0.39282429218292236,1780386072.23988
94059,Metrics/base_velocity/error_vel_xy,0.4126715064048767,1780386092.047721
94064,Metrics/base_velocity/error_vel_xy,0.41096949577331543,1780386112.0937467
94069,Metrics/base_velocity/error_vel_xy,0.4010370671749115,1780386132.1764219
94074,Metrics/base_velocity/error_vel_xy,0.4129440486431122,1780386155.4160497
94079,Metrics/base_velocity/error_vel_xy,0.3933446407318115,1780386180.0683692
94084,Metrics/base_velocity/error_vel_xy,0.3967074155807495,1780386204.3927386
94089,Metrics/base_velocity/error_vel_xy,0.40281912684440613,1780386228.4686587
94094,Metrics/base_velocity/error_vel_xy,0.39894795417785645,1780386251.4623892
94099,Metrics/base_velocity/error_vel_xy,0.40250182151794434,1780386272.1104789
94104,Metrics/base_velocity/error_vel_xy,0.3969474732875824,1780386292.8669064
94109,Metrics/base_velocity/error_vel_xy,0.40272510051727295,1780386313.485564
94114,Metrics/base_velocity/error_vel_xy,0.4006675183773041,1780386336.473409
94119,Metrics/base_velocity/error_vel_xy,0.3981649577617645,1780386360.5845165
94124,Metrics/base_velocity/error_vel_xy,0.41923627257347107,1780386385.2898936
94129,Metrics/base_velocity/error_vel_xy,0.3932127356529236,1780386409.4072962
94134,Metrics/base_velocity/error_vel_xy,0.3976253867149353,1780386433.3952317
94139,Metrics/base_velocity/error_vel_xy,0.3933682143688202,1780386457.5549212
94144,Metrics/base_velocity/error_vel_xy,0.40388330817222595,1780386482.2691116
94149,Metrics/base_velocity/error_vel_xy,0.4069841504096985,1780386506.6405642
94154,Metrics/base_velocity/error_vel_xy,0.4013362526893616,1780386531.2821407
94159,Metrics/base_velocity/error_vel_xy,0.407291978597641,1780386555.3811781
94164,Metrics/base_velocity/error_vel_xy,0.40087389945983887,1780386579.6611502
94169,Metrics/base_velocity/error_vel_xy,0.4068465828895569,1780386604.1323252
94174,Metrics/base_velocity/error_vel_xy,0.39775583148002625,1780386628.7067714
94179,Metrics/base_velocity/error_vel_xy,0.39603695273399353,1780386652.5849483
94184,Metrics/base_velocity/error_vel_xy,0.39810988306999207,1780386677.000382
94189,Metrics/base_velocity/error_vel_xy,0.41021984815597534,1780386701.4757555
94194,Metrics/base_velocity/error_vel_xy,0.40314728021621704,1780386725.5477905
94199,Metrics/base_velocity/error_vel_xy,0.399854838848114,1780386749.8830385
94204,Metrics/base_velocity/error_vel_xy,0.40681517124176025,1780386774.2219617
94209,Metrics/base_velocity/error_vel_xy,0.3910275399684906,1780386798.2995872
94214,Metrics/base_velocity/error_vel_xy,0.4042494297027588,1780386823.1594532
94219,Metrics/base_velocity/error_vel_xy,0.3942309617996216,1780386847.4211793
94224,Metrics/base_velocity/error_vel_xy,0.4123481512069702,1780386872.1044722
94229,Metrics/base_velocity/error_vel_xy,0.40614569187164307,1780386896.2227986
94234,Metrics/base_velocity/error_vel_xy,0.41547781229019165,1780386920.429755
94239,Metrics/base_velocity/error_vel_xy,0.390373170375824,1780386944.747564
94244,Metrics/base_velocity/error_vel_xy,0.4190930128097534,1780386969.009498
94249,Metrics/base_velocity/error_vel_xy,0.39567458629608154,1780386993.4018388
94254,Metrics/base_velocity/error_vel_xy,0.4010944366455078,1780387017.8674784
94259,Metrics/base_velocity/error_vel_xy,0.40876615047454834,1780387041.611191
94264,Metrics/base_velocity/error_vel_xy,0.3937957286834717,1780387065.7452304
94269,Metrics/base_velocity/error_vel_xy,0.4162420630455017,1780387089.9828296
94274,Metrics/base_velocity/error_vel_xy,0.4058660864830017,1780387113.6862073
94279,Metrics/base_velocity/error_vel_xy,0.4031483829021454,1780387137.6386335
94284,Metrics/base_velocity/error_vel_xy,0.39801305532455444,1780387162.5777051
94289,Metrics/base_velocity/error_vel_xy,0.4041123390197754,1780387186.5580993
94294,Metrics/base_velocity/error_vel_xy,0.4072113633155823,1780387210.5932019
94299,Metrics/base_velocity/error_vel_xy,0.4020676016807556,1780387234.9878113
94304,Metrics/base_velocity/error_vel_xy,0.417426198720932,1780387259.0390208
94309,Metrics/base_velocity/error_vel_xy,0.4094064235687256,1780387282.4131749
94314,Metrics/base_velocity/error_vel_xy,0.39893707633018494,1780387306.2346303
94319,Metrics/base_velocity/error_vel_xy,0.39677733182907104,1780387330.3704696
94324,Metrics/base_velocity/error_vel_xy,0.4090016782283783,1780387353.773235
94329,Metrics/base_velocity/error_vel_xy,0.39333653450012207,1780387377.3614564
94334,Metrics/base_velocity/error_vel_xy,0.40239453315734863,1780387400.806976
94339,Metrics/base_velocity/error_vel_xy,0.40088725090026855,1780387424.6103253
94344,Metrics/base_velocity/error_vel_xy,0.3902868926525116,1780387448.1110563
94349,Metrics/base_velocity/error_vel_xy,0.39545464515686035,1780387472.1075063
94354,Metrics/base_velocity/error_vel_xy,0.4058977961540222,1780387495.5480642
94359,Metrics/base_velocity/error_vel_xy,0.4050162732601166,1780387519.1354613
94364,Metrics/base_velocity/error_vel_xy,0.39355605840682983,1780387542.8357122
94369,Metrics/base_velocity/error_vel_xy,0.4017792344093323,1780387566.4020627
94374,Metrics/base_velocity/error_vel_xy,0.40905970335006714,1780387590.2676022
94379,Metrics/base_velocity/error_vel_xy,0.40267103910446167,1780387613.8805995
94384,Metrics/base_velocity/error_vel_xy,0.39707157015800476,1780387637.4592433
94389,Metrics/base_velocity/error_vel_xy,0.39560121297836304,1780387660.9465911
94394,Metrics/base_velocity/error_vel_xy,0.40731894969940186,1780387684.7027545
94399,Metrics/base_velocity/error_vel_xy,0.39138445258140564,1780387708.479604
94404,Metrics/base_velocity/error_vel_xy,0.4223904013633728,1780387731.859533
94409,Metrics/base_velocity/error_vel_xy,0.40549033880233765,1780387755.3036087
94414,Metrics/base_velocity/error_vel_xy,0.40665432810783386,1780387778.8285077
94419,Metrics/base_velocity/error_vel_xy,0.4108733534812927,1780387802.7154903
94424,Metrics/base_velocity/error_vel_xy,0.3975752294063568,1780387826.5101705
94429,Metrics/base_velocity/error_vel_xy,0.4028887152671814,1780387850.0847595
94434,Metrics/base_velocity/error_vel_xy,0.4102430045604706,1780387873.2308154
94439,Metrics/base_velocity/error_vel_xy,0.3938443064689636,1780387895.3238168
94444,Metrics/base_velocity/error_vel_xy,0.4173303544521332,1780387916.2552426
94449,Metrics/base_velocity/error_vel_xy,0.40004631876945496,1780387937.3081162
94454,Metrics/base_velocity/error_vel_xy,0.3981209993362427,1780387957.6995358
94459,Metrics/base_velocity/error_vel_xy,0.39551544189453125,1780387977.9185126
94464,Metrics/base_velocity/error_vel_xy,0.40843307971954346,1780387997.7921705
94469,Metrics/base_velocity/error_vel_xy,0.41283124685287476,1780388017.9058974
94474,Metrics/base_velocity/error_vel_xy,0.39856672286987305,1780388037.0725162
94479,Metrics/base_velocity/error_vel_xy,0.3876802921295166,1780388056.4808264
94484,Metrics/base_velocity/error_vel_xy,0.40607568621635437,1780388076.6713583
94489,Metrics/base_velocity/error_vel_xy,0.4028324484825134,1780388096.491752
94494,Metrics/base_velocity/error_vel_xy,0.4086768329143524,1780388116.7824676
94499,Metrics/base_velocity/error_vel_xy,0.3994383215904236,1780388139.2560208
94504,Metrics/base_velocity/error_vel_xy,0.4111747741699219,1780388163.1895475
94509,Metrics/base_velocity/error_vel_xy,0.41342759132385254,1780388187.0057979
94514,Metrics/base_velocity/error_vel_xy,0.4049921929836273,1780388210.6905034
94519,Metrics/base_velocity/error_vel_xy,0.39183053374290466,1780388234.1808918
94524,Metrics/base_velocity/error_vel_xy,0.401977002620697,1780388257.7036633
94529,Metrics/base_velocity/error_vel_xy,0.39301204681396484,1780388278.0816572
94534,Metrics/base_velocity/error_vel_xy,0.3847181797027588,1780388297.9817486
94539,Metrics/base_velocity/error_vel_xy,0.39842867851257324,1780388318.7162502
94544,Metrics/base_velocity/error_vel_xy,0.3974153995513916,1780388342.1126046
94549,Metrics/base_velocity/error_vel_xy,0.40996164083480835,1780388365.7005253
94554,Metrics/base_velocity/error_vel_xy,0.39419025182724,1780388389.4850953
94559,Metrics/base_velocity/error_vel_xy,0.4101661145687103,1780388413.024609
94564,Metrics/base_velocity/error_vel_xy,0.4180160164833069,1780388437.1206675
94569,Metrics/base_velocity/error_vel_xy,0.40611883997917175,1780388461.2684295
94574,Metrics/base_velocity/error_vel_xy,0.3956538140773773,1780388485.0610645
94579,Metrics/base_velocity/error_vel_xy,0.4043501317501068,1780388508.85536
94584,Metrics/base_velocity/error_vel_xy,0.4030191898345947,1780388532.587819
94589,Metrics/base_velocity/error_vel_xy,0.39864930510520935,1780388556.1840427
94594,Metrics/base_velocity/error_vel_xy,0.40369218587875366,1780388580.0232832
94599,Metrics/base_velocity/error_vel_xy,0.402016818523407,1780388603.678468
94604,Metrics/base_velocity/error_vel_xy,0.40722522139549255,1780388627.2875357
94609,Metrics/base_velocity/error_vel_xy,0.4109382629394531,1780388651.0173702
94614,Metrics/base_velocity/error_vel_xy,0.40382248163223267,1780388674.5724363
94619,Metrics/base_velocity/error_vel_xy,0.3997144401073456,1780388698.0260444
94624,Metrics/base_velocity/error_vel_xy,0.4082486033439636,1780388721.9030533
94629,Metrics/base_velocity/error_vel_xy,0.39286530017852783,1780388746.1592565
94634,Metrics/base_velocity/error_vel_xy,0.4083729386329651,1780388769.6928225
94639,Metrics/base_velocity/error_vel_xy,0.4105710983276367,1780388793.3245206
94644,Metrics/base_velocity/error_vel_xy,0.3972521722316742,1780388817.3299894
94649,Metrics/base_velocity/error_vel_xy,0.40393003821372986,1780388840.8846817
94654,Metrics/base_velocity/error_vel_xy,0.39611953496932983,1780388864.596075
94659,Metrics/base_velocity/error_vel_xy,0.3956497609615326,1780388888.284648
94664,Metrics/base_velocity/error_vel_xy,0.4052152633666992,1780388911.7051556
94669,Metrics/base_velocity/error_vel_xy,0.4130287170410156,1780388935.5849724
94674,Metrics/base_velocity/error_vel_xy,0.41439056396484375,1780388959.5764472
94679,Metrics/base_velocity/error_vel_xy,0.41133826971054077,1780388983.2905586
94684,Metrics/base_velocity/error_vel_xy,0.3951457142829895,1780389007.0734348
94689,Metrics/base_velocity/error_vel_xy,0.40768736600875854,1780389031.127573
94694,Metrics/base_velocity/error_vel_xy,0.3917509913444519,1780389054.9588232
94699,Metrics/base_velocity/error_vel_xy,0.3944035470485687,1780389079.1964526
94704,Metrics/base_velocity/error_vel_xy,0.4103740155696869,1780389102.934608
94709,Metrics/base_velocity/error_vel_xy,0.40179452300071716,1780389127.2019675
94714,Metrics/base_velocity/error_vel_xy,0.39071914553642273,1780389151.237658
94719,Metrics/base_velocity/error_vel_xy,0.416698157787323,1780389175.520022
94724,Metrics/base_velocity/error_vel_xy,0.39816921949386597,1780389199.492858
94729,Metrics/base_velocity/error_vel_xy,0.4024342894554138,1780389223.365837
94734,Metrics/base_velocity/error_vel_xy,0.3913012444972992,1780389247.4732263
94739,Metrics/base_velocity/error_vel_xy,0.3962293863296509,1780389271.6519182
94744,Metrics/base_velocity/error_vel_xy,0.40462493896484375,1780389295.72593
94749,Metrics/base_velocity/error_vel_xy,0.4050785303115845,1780389319.970674
94754,Metrics/base_velocity/error_vel_xy,0.3964173197746277,1780389344.1391273
94759,Metrics/base_velocity/error_vel_xy,0.40981411933898926,1780389367.9445057
94764,Metrics/base_velocity/error_vel_xy,0.3930947780609131,1780389392.1512244
94769,Metrics/base_velocity/error_vel_xy,0.39490073919296265,1780389416.7219603
94774,Metrics/base_velocity/error_vel_xy,0.40898188948631287,1780389437.6585817
94779,Metrics/base_velocity/error_vel_xy,0.4055880904197693,1780389460.79556
94784,Metrics/base_velocity/error_vel_xy,0.4005982577800751,1780389485.2765362
94789,Metrics/base_velocity/error_vel_xy,0.4055349826812744,1780389509.6280007
94794,Metrics/base_velocity/error_vel_xy,0.40532898902893066,1780389534.354911
94799,Metrics/base_velocity/error_vel_xy,0.39570221304893494,1780389558.6327574
94804,Metrics/base_velocity/error_vel_xy,0.41621801257133484,1780389583.5168922
94809,Metrics/base_velocity/error_vel_xy,0.4273872375488281,1780389607.3766997
94814,Metrics/base_velocity/error_vel_xy,0.4062366187572479,1780389631.501805
94819,Metrics/base_velocity/error_vel_xy,0.4025718867778778,1780389655.490293
94824,Metrics/base_velocity/error_vel_xy,0.38395190238952637,1780389679.2296505
94829,Metrics/base_velocity/error_vel_xy,0.40884050726890564,1780389703.3418844
94834,Metrics/base_velocity/error_vel_xy,0.4027673900127411,1780389727.563623
94839,Metrics/base_velocity/error_vel_xy,0.4013703763484955,1780389750.09297
94844,Metrics/base_velocity/error_vel_xy,0.38230055570602417,1780389773.725547
94849,Metrics/base_velocity/error_vel_xy,0.412022203207016,1780389795.8382485
94854,Metrics/base_velocity/error_vel_xy,0.3875836133956909,1780389820.2581172
94859,Metrics/base_velocity/error_vel_xy,0.39364194869995117,1780389844.8109982
94864,Metrics/base_velocity/error_vel_xy,0.3922261595726013,1780389868.8170004
94869,Metrics/base_velocity/error_vel_xy,0.3848573565483093,1780389889.6187847
94874,Metrics/base_velocity/error_vel_xy,0.3969059884548187,1780389911.5690691
94879,Metrics/base_velocity/error_vel_xy,0.40393173694610596,1780389935.8837347
94884,Metrics/base_velocity/error_vel_xy,0.408752977848053,1780389960.714681
94889,Metrics/base_velocity/error_vel_xy,0.40518614649772644,1780389985.699258
94894,Metrics/base_velocity/error_vel_xy,0.3805205225944519,1780390010.2773654
94899,Metrics/base_velocity/error_vel_xy,0.40042227506637573,1780390033.9703078
94904,Metrics/base_velocity/error_vel_xy,0.3976759612560272,1780390056.2180357
94909,Metrics/base_velocity/error_vel_xy,0.3876519203186035,1780390081.2516599
94914,Metrics/base_velocity/error_vel_xy,0.40345701575279236,1780390105.7857952
94919,Metrics/base_velocity/error_vel_xy,0.3853767514228821,1780390130.141681
94924,Metrics/base_velocity/error_vel_xy,0.39888477325439453,1780390154.4588711
94929,Metrics/base_velocity/error_vel_xy,0.4116051197052002,1780390174.6216915
94934,Metrics/base_velocity/error_vel_xy,0.42205023765563965,1780390197.178627
94939,Metrics/base_velocity/error_vel_xy,0.3933688998222351,1780390220.9632812
94944,Metrics/base_velocity/error_vel_xy,0.3954893946647644,1780390244.8303323
94949,Metrics/base_velocity/error_vel_xy,0.40000689029693604,1780390269.1631334
94954,Metrics/base_velocity/error_vel_xy,0.40869542956352234,1780390293.577064
94959,Metrics/base_velocity/error_vel_xy,0.40185612440109253,1780390314.9691238
94964,Metrics/base_velocity/error_vel_xy,0.3918820321559906,1780390336.6152873
94969,Metrics/base_velocity/error_vel_xy,0.41473743319511414,1780390359.6787941
94974,Metrics/base_velocity/error_vel_xy,0.4040068984031677,1780390379.8177161
94979,Metrics/base_velocity/error_vel_xy,0.40534907579421997,1780390399.9597692
94984,Metrics/base_velocity/error_vel_xy,0.41947945952415466,1780390420.8791108
94989,Metrics/base_velocity/error_vel_xy,0.39064866304397583,1780390441.9353762
94994,Metrics/base_velocity/error_vel_xy,0.39456772804260254,1780390462.950012
94999,Metrics/base_velocity/error_vel_xy,0.4028216004371643,1780390486.2756531
95004,Metrics/base_velocity/error_vel_xy,0.4041234850883484,1780390510.0367095
95009,Metrics/base_velocity/error_vel_xy,0.3984472453594208,1780390534.149547
95014,Metrics/base_velocity/error_vel_xy,0.39052820205688477,1780390557.9710982
95019,Metrics/base_velocity/error_vel_xy,0.4077957570552826,1780390581.8085258
95024,Metrics/base_velocity/error_vel_xy,0.401824951171875,1780390605.8205156
95029,Metrics/base_velocity/error_vel_xy,0.39931249618530273,1780390629.4799101
95034,Metrics/base_velocity/error_vel_xy,0.4028685986995697,1780390653.3082333
95039,Metrics/base_velocity/error_vel_xy,0.3929266929626465,1780390676.9225044
95044,Metrics/base_velocity/error_vel_xy,0.3918304145336151,1780390700.2132494
95049,Metrics/base_velocity/error_vel_xy,0.39164063334465027,1780390723.935712
95054,Metrics/base_velocity/error_vel_xy,0.40837109088897705,1780390747.6088538
95059,Metrics/base_velocity/error_vel_xy,0.3926117420196533,1780390771.1071522
95064,Metrics/base_velocity/error_vel_xy,0.39964839816093445,1780390794.7448735
95069,Metrics/base_velocity/error_vel_xy,0.3904961049556732,1780390818.62729
95074,Metrics/base_velocity/error_vel_xy,0.3923946022987366,1780390842.2568226
95079,Metrics/base_velocity/error_vel_xy,0.4140195846557617,1780390866.0721319
95084,Metrics/base_velocity/error_vel_xy,0.4044204652309418,1780390890.194609
95089,Metrics/base_velocity/error_vel_xy,0.3940284252166748,1780390913.9706547
95094,Metrics/base_velocity/error_vel_xy,0.4085259437561035,1780390937.5251546
95099,Metrics/base_velocity/error_vel_xy,0.4111921787261963,1780390961.234114
95104,Metrics/base_velocity/error_vel_xy,0.3922194242477417,1780390985.1177666
95109,Metrics/base_velocity/error_vel_xy,0.40832313895225525,1780391008.7053115
95114,Metrics/base_velocity/error_vel_xy,0.38952016830444336,1780391032.3598084
95119,Metrics/base_velocity/error_vel_xy,0.39152953028678894,1780391056.0995052
95124,Metrics/base_velocity/error_vel_xy,0.40020865201950073,1780391079.550998
95129,Metrics/base_velocity/error_vel_xy,0.3842930197715759,1780391103.201226
95134,Metrics/base_velocity/error_vel_xy,0.41008323431015015,1780391126.987262
95139,Metrics/base_velocity/error_vel_xy,0.39578765630722046,1780391150.2778163
95144,Metrics/base_velocity/error_vel_xy,0.38886579871177673,1780391173.6691535
95149,Metrics/base_velocity/error_vel_xy,0.4039391279220581,1780391197.192376
95154,Metrics/base_velocity/error_vel_xy,0.3871653974056244,1780391221.1810935
95159,Metrics/base_velocity/error_vel_xy,0.4043511748313904,1780391245.7375195
95164,Metrics/base_velocity/error_vel_xy,0.40119969844818115,1780391269.6483352
95169,Metrics/base_velocity/error_vel_xy,0.40138375759124756,1780391293.352764
95174,Metrics/base_velocity/error_vel_xy,0.40134355425834656,1780391317.2950087
95179,Metrics/base_velocity/error_vel_xy,0.3984488844871521,1780391341.4299858
95184,Metrics/base_velocity/error_vel_xy,0.4019346237182617,1780391365.3372324
95189,Metrics/base_velocity/error_vel_xy,0.3897239565849304,1780391389.451479
95194,Metrics/base_velocity/error_vel_xy,0.3938945233821869,1780391413.2128935
95199,Metrics/base_velocity/error_vel_xy,0.4017910957336426,1780391436.708198
95204,Metrics/base_velocity/error_vel_xy,0.39884448051452637,1780391460.5685403
95209,Metrics/base_velocity/error_vel_xy,0.39265620708465576,1780391484.5617635
95214,Metrics/base_velocity/error_vel_xy,0.39614057540893555,1780391508.3135462
95219,Metrics/base_velocity/error_vel_xy,0.40456661581993103,1780391531.7046654
95224,Metrics/base_velocity/error_vel_xy,0.4052833914756775,1780391555.511086
95229,Metrics/base_velocity/error_vel_xy,0.39843863248825073,1780391579.395318
95234,Metrics/base_velocity/error_vel_xy,0.4021536111831665,1780391602.6718516
95239,Metrics/base_velocity/error_vel_xy,0.4036715626716614,1780391626.3703034
95244,Metrics/base_velocity/error_vel_xy,0.4014366567134857,1780391650.264879
95249,Metrics/base_velocity/error_vel_xy,0.39847809076309204,1780391673.7383764
95254,Metrics/base_velocity/error_vel_xy,0.40513092279434204,1780391697.3158517
95259,Metrics/base_velocity/error_vel_xy,0.4069902300834656,1780391720.9339051
95264,Metrics/base_velocity/error_vel_xy,0.4031960368156433,1780391745.2725892
95269,Metrics/base_velocity/error_vel_xy,0.41066670417785645,1780391769.1711633
95274,Metrics/base_velocity/error_vel_xy,0.39522814750671387,1780391793.130897
95279,Metrics/base_velocity/error_vel_xy,0.3862239718437195,1780391816.5449142
95284,Metrics/base_velocity/error_vel_xy,0.4085502028465271,1780391840.6924026
95289,Metrics/base_velocity/error_vel_xy,0.3940342664718628,1780391864.7039673
95294,Metrics/base_velocity/error_vel_xy,0.4039500653743744,1780391888.8177989
95299,Metrics/base_velocity/error_vel_xy,0.40242037177085876,1780391912.9209611
95304,Metrics/base_velocity/error_vel_xy,0.4060901403427124,1780391936.6957245
95309,Metrics/base_velocity/error_vel_xy,0.4051404595375061,1780391960.4058123
95314,Metrics/base_velocity/error_vel_xy,0.4001602828502655,1780391984.1809857
95319,Metrics/base_velocity/error_vel_xy,0.39250344038009644,1780392008.184564
95324,Metrics/base_velocity/error_vel_xy,0.39631187915802,1780392032.0562575
95329,Metrics/base_velocity/error_vel_xy,0.4072456359863281,1780392055.64282
95334,Metrics/base_velocity/error_vel_xy,0.3994632661342621,1780392079.9507341
95339,Metrics/base_velocity/error_vel_xy,0.41796693205833435,1780392103.9997451
95344,Metrics/base_velocity/error_vel_xy,0.402726411819458,1780392126.7975428
95349,Metrics/base_velocity/error_vel_xy,0.3955038785934448,1780392147.0504093
95354,Metrics/base_velocity/error_vel_xy,0.39457327127456665,1780392166.959326
95359,Metrics/base_velocity/error_vel_xy,0.3725687861442566,1780392188.705464
95364,Metrics/base_velocity/error_vel_xy,0.40334123373031616,1780392209.2767286
95369,Metrics/base_velocity/error_vel_xy,0.4120229184627533,1780392229.1818888
95374,Metrics/base_velocity/error_vel_xy,0.40094518661499023,1780392252.0151014
95379,Metrics/base_velocity/error_vel_xy,0.38982924818992615,1780392276.002136
95384,Metrics/base_velocity/error_vel_xy,0.4038833975791931,1780392300.0579393
95389,Metrics/base_velocity/error_vel_xy,0.3953845500946045,1780392324.3557806
95394,Metrics/base_velocity/error_vel_xy,0.4054705798625946,1780392348.0988245
95399,Metrics/base_velocity/error_vel_xy,0.4178350865840912,1780392371.4289963
95404,Metrics/base_velocity/error_vel_xy,0.3995595872402191,1780392395.0285366
95409,Metrics/base_velocity/error_vel_xy,0.4072262942790985,1780392418.6821918
95414,Metrics/base_velocity/error_vel_xy,0.39885053038597107,1780392442.4390924
95419,Metrics/base_velocity/error_vel_xy,0.4088267683982849,1780392466.323728
95424,Metrics/base_velocity/error_vel_xy,0.4070017337799072,1780392490.5280592
95429,Metrics/base_velocity/error_vel_xy,0.39142656326293945,1780392514.0682492
95434,Metrics/base_velocity/error_vel_xy,0.40439778566360474,1780392537.6757476
95439,Metrics/base_velocity/error_vel_xy,0.3989308476448059,1780392561.0284114
95444,Metrics/base_velocity/error_vel_xy,0.41331082582473755,1780392584.497511
95449,Metrics/base_velocity/error_vel_xy,0.4037040174007416,1780392608.4507778
95454,Metrics/base_velocity/error_vel_xy,0.40130752325057983,1780392632.0592573
95459,Metrics/base_velocity/error_vel_xy,0.39999255537986755,1780392655.4694457
95464,Metrics/base_velocity/error_vel_xy,0.40873056650161743,1780392679.2606442
95469,Metrics/base_velocity/error_vel_xy,0.3846110701560974,1780392702.909243
95474,Metrics/base_velocity/error_vel_xy,0.40242356061935425,1780392726.3232975
95479,Metrics/base_velocity/error_vel_xy,0.4027276039123535,1780392749.9012854
95484,Metrics/base_velocity/error_vel_xy,0.3870871663093567,1780392773.6220927
95489,Metrics/base_velocity/error_vel_xy,0.41096314787864685,1780392797.1014278
95494,Metrics/base_velocity/error_vel_xy,0.4082689881324768,1780392820.8128684
95499,Metrics/base_velocity/error_vel_xy,0.39849328994750977,1780392844.4046233
95504,Metrics/base_velocity/error_vel_xy,0.4027707576751709,1780392868.2269309
95509,Metrics/base_velocity/error_vel_xy,0.39749225974082947,1780392891.7578056
95514,Metrics/base_velocity/error_vel_xy,0.38489633798599243,1780392915.5814154
95519,Metrics/base_velocity/error_vel_xy,0.407831609249115,1780392936.920297
95524,Metrics/base_velocity/error_vel_xy,0.3917849063873291,1780392957.7823975
95529,Metrics/base_velocity/error_vel_xy,0.4123246669769287,1780392979.9799585
95534,Metrics/base_velocity/error_vel_xy,0.38742566108703613,1780393004.0258064
95539,Metrics/base_velocity/error_vel_xy,0.4024626612663269,1780393028.0187058
95544,Metrics/base_velocity/error_vel_xy,0.39883583784103394,1780393051.9271095
95549,Metrics/base_velocity/error_vel_xy,0.3992133140563965,1780393075.5630734
95554,Metrics/base_velocity/error_vel_xy,0.4026448726654053,1780393099.7670872
95559,Metrics/base_velocity/error_vel_xy,0.4115864634513855,1780393123.8308506
95564,Metrics/base_velocity/error_vel_xy,0.40140432119369507,1780393147.8697767
95569,Metrics/base_velocity/error_vel_xy,0.40679559111595154,1780393172.06401
95574,Metrics/base_velocity/error_vel_xy,0.39478248357772827,1780393196.1818435
95579,Metrics/base_velocity/error_vel_xy,0.40061044692993164,1780393220.2801278
95584,Metrics/base_velocity/error_vel_xy,0.4044184684753418,1780393243.152877
95589,Metrics/base_velocity/error_vel_xy,0.4067245125770569,1780393264.823624
95594,Metrics/base_velocity/error_vel_xy,0.39906448125839233,1780393289.2578669
95599,Metrics/base_velocity/error_vel_xy,0.39511817693710327,1780393313.4266164
95604,Metrics/base_velocity/error_vel_xy,0.396444171667099,1780393335.1640038
95609,Metrics/base_velocity/error_vel_xy,0.3861003518104553,1780393358.469551
95614,Metrics/base_velocity/error_vel_xy,0.40610119700431824,1780393382.750222
95619,Metrics/base_velocity/error_vel_xy,0.39933401346206665,1780393407.003152
95624,Metrics/base_velocity/error_vel_xy,0.39945730566978455,1780393431.0177188
95629,Metrics/base_velocity/error_vel_xy,0.4110391139984131,1780393455.5737398
95634,Metrics/base_velocity/error_vel_xy,0.39876896142959595,1780393479.1007478
95639,Metrics/base_velocity/error_vel_xy,0.3955347537994385,1780393499.744307
95644,Metrics/base_velocity/error_vel_xy,0.4120180010795593,1780393520.042336
95649,Metrics/base_velocity/error_vel_xy,0.38828033208847046,1780393541.3391025
95654,Metrics/base_velocity/error_vel_xy,0.41741836071014404,1780393561.7865255
95659,Metrics/base_velocity/error_vel_xy,0.40033432841300964,1780393582.866035
95664,Metrics/base_velocity/error_vel_xy,0.40010732412338257,1780393605.5639958
95669,Metrics/base_velocity/error_vel_xy,0.3947683572769165,1780393626.5869505
95674,Metrics/base_velocity/error_vel_xy,0.38875794410705566,1780393647.4673111
95679,Metrics/base_velocity/error_vel_xy,0.4037553668022156,1780393667.5023816
95684,Metrics/base_velocity/error_vel_xy,0.40005016326904297,1780393690.9960613
95689,Metrics/base_velocity/error_vel_xy,0.39462828636169434,1780393715.3521461
95694,Metrics/base_velocity/error_vel_xy,0.39461812376976013,1780393739.2403603
95699,Metrics/base_velocity/error_vel_xy,0.3996291160583496,1780393763.555507
95704,Metrics/base_velocity/error_vel_xy,0.4061923027038574,1780393788.063374
95709,Metrics/base_velocity/error_vel_xy,0.38669300079345703,1780393812.703859
95714,Metrics/base_velocity/error_vel_xy,0.39452123641967773,1780393834.345881
95719,Metrics/base_velocity/error_vel_xy,0.4124484956264496,1780393857.0600452
95724,Metrics/base_velocity/error_vel_xy,0.4030489921569824,1780393880.8900483
95729,Metrics/base_velocity/error_vel_xy,0.37645214796066284,1780393905.281953
95734,Metrics/base_velocity/error_vel_xy,0.40680158138275146,1780393929.2857628
95739,Metrics/base_velocity/error_vel_xy,0.4237207770347595,1780393952.9101856
95744,Metrics/base_velocity/error_vel_xy,0.4023875594139099,1780393976.5670712
95749,Metrics/base_velocity/error_vel_xy,0.3922886550426483,1780394000.616103
95754,Metrics/base_velocity/error_vel_xy,0.40162238478660583,1780394024.6226113
95759,Metrics/base_velocity/error_vel_xy,0.41026610136032104,1780394048.719931
95764,Metrics/base_velocity/error_vel_xy,0.41434547305107117,1780394072.4776564
95769,Metrics/base_velocity/error_vel_xy,0.40449365973472595,1780394095.9492352
95774,Metrics/base_velocity/error_vel_xy,0.4100058078765869,1780394117.525046
95779,Metrics/base_velocity/error_vel_xy,0.38704514503479004,1780394140.7268329
95784,Metrics/base_velocity/error_vel_xy,0.4146939218044281,1780394165.0130553
95789,Metrics/base_velocity/error_vel_xy,0.39212363958358765,1780394189.2155874
95794,Metrics/base_velocity/error_vel_xy,0.4001139998435974,1780394212.8889685
95799,Metrics/base_velocity/error_vel_xy,0.40040239691734314,1780394236.4325902
95804,Metrics/base_velocity/error_vel_xy,0.3964696526527405,1780394260.3040273
95809,Metrics/base_velocity/error_vel_xy,0.39867204427719116,1780394283.4915574
95814,Metrics/base_velocity/error_vel_xy,0.4049975872039795,1780394303.6059303
95819,Metrics/base_velocity/error_vel_xy,0.39427873492240906,1780394323.237468
95824,Metrics/base_velocity/error_vel_xy,0.38886865973472595,1780394343.027528
95829,Metrics/base_velocity/error_vel_xy,0.39333686232566833,1780394363.0394967
95834,Metrics/base_velocity/error_vel_xy,0.3996468484401703,1780394383.269137
95839,Metrics/base_velocity/error_vel_xy,0.4011387526988983,1780394403.2163897
95844,Metrics/base_velocity/error_vel_xy,0.40338990092277527,1780394423.1467252
95849,Metrics/base_velocity/error_vel_xy,0.41073235869407654,1780394446.1259708
95854,Metrics/base_velocity/error_vel_xy,0.40411102771759033,1780394469.8456247
95859,Metrics/base_velocity/error_vel_xy,0.39314746856689453,1780394493.6150799
95864,Metrics/base_velocity/error_vel_xy,0.3937995433807373,1780394517.5101118
95869,Metrics/base_velocity/error_vel_xy,0.40633726119995117,1780394541.2904675
95874,Metrics/base_velocity/error_vel_xy,0.39423125982284546,1780394565.3910995
95879,Metrics/base_velocity/error_vel_xy,0.4102218747138977,1780394585.9451137
95884,Metrics/base_velocity/error_vel_xy,0.4083364009857178,1780394610.5098345
95889,Metrics/base_velocity/error_vel_xy,0.39067232608795166,1780394634.6693063
95894,Metrics/base_velocity/error_vel_xy,0.3923327922821045,1780394658.918172
95899,Metrics/base_velocity/error_vel_xy,0.39456111192703247,1780394682.8977442
95904,Metrics/base_velocity/error_vel_xy,0.3850802779197693,1780394706.7957492
95909,Metrics/base_velocity/error_vel_xy,0.3932822644710541,1780394730.426582
95914,Metrics/base_velocity/error_vel_xy,0.3925626873970032,1780394754.5458684
95919,Metrics/base_velocity/error_vel_xy,0.38133224844932556,1780394778.7547367
95924,Metrics/base_velocity/error_vel_xy,0.3974785804748535,1780394802.5087748
95929,Metrics/base_velocity/error_vel_xy,0.39496535062789917,1780394826.4948077
95934,Metrics/base_velocity/error_vel_xy,0.39309507608413696,1780394850.76763
95939,Metrics/base_velocity/error_vel_xy,0.40550923347473145,1780394874.3876708
95944,Metrics/base_velocity/error_vel_xy,0.39368951320648193,1780394898.2176864
95949,Metrics/base_velocity/error_vel_xy,0.4011816382408142,1780394922.671873
95954,Metrics/base_velocity/error_vel_xy,0.4069593548774719,1780394947.0342214
95959,Metrics/base_velocity/error_vel_xy,0.38668662309646606,1780394967.3441095
95964,Metrics/base_velocity/error_vel_xy,0.3946736454963684,1780394989.7629116
95969,Metrics/base_velocity/error_vel_xy,0.39608070254325867,1780395010.2403963
95974,Metrics/base_velocity/error_vel_xy,0.39198583364486694,1780395034.645971
95979,Metrics/base_velocity/error_vel_xy,0.40391048789024353,1780395058.8606174
95984,Metrics/base_velocity/error_vel_xy,0.38455578684806824,1780395082.7867124
95989,Metrics/base_velocity/error_vel_xy,0.3830665349960327,1780395106.426295
95994,Metrics/base_velocity/error_vel_xy,0.38426685333251953,1780395130.8393784
95999,Metrics/base_velocity/error_vel_xy,0.39368736743927,1780395153.3498695
96004,Metrics/base_velocity/error_vel_xy,0.3992937505245209,1780395177.596259
96009,Metrics/base_velocity/error_vel_xy,0.4012530744075775,1780395199.081565
96014,Metrics/base_velocity/error_vel_xy,0.4009455442428589,1780395223.4499454
96019,Metrics/base_velocity/error_vel_xy,0.39581406116485596,1780395245.7577047
96024,Metrics/base_velocity/error_vel_xy,0.39697885513305664,1780395269.9224331
96029,Metrics/base_velocity/error_vel_xy,0.3975851237773895,1780395293.9683838
96034,Metrics/base_velocity/error_vel_xy,0.3922058939933777,1780395317.928323
96039,Metrics/base_velocity/error_vel_xy,0.39913010597229004,1780395341.9682226
96044,Metrics/base_velocity/error_vel_xy,0.39375877380371094,1780395366.0453923
96049,Metrics/base_velocity/error_vel_xy,0.4019206464290619,1780395390.3840368
96054,Metrics/base_velocity/error_vel_xy,0.40552568435668945,1780395414.1735284
96059,Metrics/base_velocity/error_vel_xy,0.40135547518730164,1780395437.9716947
96064,Metrics/base_velocity/error_vel_xy,0.39605236053466797,1780395462.0930939
96069,Metrics/base_velocity/error_vel_xy,0.3862745761871338,1780395486.2374916
96074,Metrics/base_velocity/error_vel_xy,0.4010775089263916,1780395510.0485842
96079,Metrics/base_velocity/error_vel_xy,0.3945186138153076,1780395534.1530104
96084,Metrics/base_velocity/error_vel_xy,0.38897180557250977,1780395558.144709
96089,Metrics/base_velocity/error_vel_xy,0.39199861884117126,1780395581.951512
96094,Metrics/base_velocity/error_vel_xy,0.4020257890224457,1780395606.2808535
96099,Metrics/base_velocity/error_vel_xy,0.3969896733760834,1780395630.677381
96104,Metrics/base_velocity/error_vel_xy,0.39796513319015503,1780395654.7614708
96109,Metrics/base_velocity/error_vel_xy,0.39663466811180115,1780395679.2579932
96114,Metrics/base_velocity/error_vel_xy,0.4007280766963959,1780395703.271876
96119,Metrics/base_velocity/error_vel_xy,0.3914283514022827,1780395727.4299722
96124,Metrics/base_velocity/error_vel_xy,0.3937712609767914,1780395751.5406651
96129,Metrics/base_velocity/error_vel_xy,0.38880491256713867,1780395775.650396
96134,Metrics/base_velocity/error_vel_xy,0.39109522104263306,1780395799.9837224
96139,Metrics/base_velocity/error_vel_xy,0.40425819158554077,1780395824.7666078
96144,Metrics/base_velocity/error_vel_xy,0.40703797340393066,1780395849.4745817
96149,Metrics/base_velocity/error_vel_xy,0.38062626123428345,1780395874.320687
96154,Metrics/base_velocity/error_vel_xy,0.3910064101219177,1780395899.3004978
96159,Metrics/base_velocity/error_vel_xy,0.39034003019332886,1780395924.2093744
96164,Metrics/base_velocity/error_vel_xy,0.40149229764938354,1780395949.0626464
96169,Metrics/base_velocity/error_vel_xy,0.40119990706443787,1780395973.7488203
96174,Metrics/base_velocity/error_vel_xy,0.3867419362068176,1780395996.9508255
96179,Metrics/base_velocity/error_vel_xy,0.40075159072875977,1780396017.998108
96184,Metrics/base_velocity/error_vel_xy,0.3947398066520691,1780396038.5406854
96189,Metrics/base_velocity/error_vel_xy,0.4000292718410492,1780396058.8697112
96194,Metrics/base_velocity/error_vel_xy,0.391656756401062,1780396079.2471213
96199,Metrics/base_velocity/error_vel_xy,0.4059715270996094,1780396099.4592612
96204,Metrics/base_velocity/error_vel_xy,0.3956488072872162,1780396120.496116
96209,Metrics/base_velocity/error_vel_xy,0.3932724893093109,1780396140.8656635
96214,Metrics/base_velocity/error_vel_xy,0.406865656375885,1780396164.8077657
96219,Metrics/base_velocity/error_vel_xy,0.4114910960197449,1780396189.2413888
96224,Metrics/base_velocity/error_vel_xy,0.4008941650390625,1780396213.5157168
96229,Metrics/base_velocity/error_vel_xy,0.4044630527496338,1780396237.8894138
96234,Metrics/base_velocity/error_vel_xy,0.3964202105998993,1780396261.9623826
96239,Metrics/base_velocity/error_vel_xy,0.39970001578330994,1780396285.960742
96244,Metrics/base_velocity/error_vel_xy,0.3907751441001892,1780396310.6137285
96249,Metrics/base_velocity/error_vel_xy,0.4052696228027344,1780396334.086111
96254,Metrics/base_velocity/error_vel_xy,0.38446635007858276,1780396358.6301498
96259,Metrics/base_velocity/error_vel_xy,0.39267051219940186,1780396383.3680437
96264,Metrics/base_velocity/error_vel_xy,0.4069775938987732,1780396407.9889767
96269,Metrics/base_velocity/error_vel_xy,0.40075498819351196,1780396432.215259
96274,Metrics/base_velocity/error_vel_xy,0.4091719090938568,1780396456.5043142
96279,Metrics/base_velocity/error_vel_xy,0.4046596884727478,1780396481.2418709
96284,Metrics/base_velocity/error_vel_xy,0.41024208068847656,1780396505.9196858
96289,Metrics/base_velocity/error_vel_xy,0.40447139739990234,1780396530.115307
96294,Metrics/base_velocity/error_vel_xy,0.3965063989162445,1780396554.3368068
96299,Metrics/base_velocity/error_vel_xy,0.401425302028656,1780396575.473419
96304,Metrics/base_velocity/error_vel_xy,0.4065673053264618,1780396596.1407614
96309,Metrics/base_velocity/error_vel_xy,0.3856137990951538,1780396619.8845484
96314,Metrics/base_velocity/error_vel_xy,0.3951735496520996,1780396642.977758
96319,Metrics/base_velocity/error_vel_xy,0.40016812086105347,1780396667.914527
96324,Metrics/base_velocity/error_vel_xy,0.3899926543235779,1780396692.2263246
96329,Metrics/base_velocity/error_vel_xy,0.38789066672325134,1780396717.0771015
96334,Metrics/base_velocity/error_vel_xy,0.39321476221084595,1780396741.532275
96339,Metrics/base_velocity/error_vel_xy,0.38693636655807495,1780396766.2430735
96344,Metrics/base_velocity/error_vel_xy,0.39813584089279175,1780396791.4562864
96349,Metrics/base_velocity/error_vel_xy,0.39627155661582947,1780396816.7006283
96354,Metrics/base_velocity/error_vel_xy,0.4074467122554779,1780396841.7390165
96359,Metrics/base_velocity/error_vel_xy,0.4069092273712158,1780396865.5781941
96364,Metrics/base_velocity/error_vel_xy,0.38461634516716003,1780396889.6349306
96369,Metrics/base_velocity/error_vel_xy,0.3954133689403534,1780396913.452498
96374,Metrics/base_velocity/error_vel_xy,0.4033462405204773,1780396937.022598
96379,Metrics/base_velocity/error_vel_xy,0.3906223177909851,1780396960.9831674
96384,Metrics/base_velocity/error_vel_xy,0.3855929374694824,1780396984.9451358
96389,Metrics/base_velocity/error_vel_xy,0.39743703603744507,1780397005.7595797
96394,Metrics/base_velocity/error_vel_xy,0.4055430293083191,1780397028.6888845
96399,Metrics/base_velocity/error_vel_xy,0.40130147337913513,1780397053.3194127
96404,Metrics/base_velocity/error_vel_xy,0.3831350803375244,1780397077.4284048
96409,Metrics/base_velocity/error_vel_xy,0.38963860273361206,1780397101.9163172
96414,Metrics/base_velocity/error_vel_xy,0.4081980586051941,1780397125.6867836
96419,Metrics/base_velocity/error_vel_xy,0.39132970571517944,1780397149.3320768
96424,Metrics/base_velocity/error_vel_xy,0.3989715576171875,1780397173.350577
96429,Metrics/base_velocity/error_vel_xy,0.39320439100265503,1780397197.443072
96434,Metrics/base_velocity/error_vel_xy,0.3911857306957245,1780397221.070989
96439,Metrics/base_velocity/error_vel_xy,0.3965092599391937,1780397245.0467684
96444,Metrics/base_velocity/error_vel_xy,0.392963171005249,1780397268.9632154
96449,Metrics/base_velocity/error_vel_xy,0.39982038736343384,1780397292.7033195
96454,Metrics/base_velocity/error_vel_xy,0.4054892957210541,1780397315.7803497
96459,Metrics/base_velocity/error_vel_xy,0.39142298698425293,1780397336.6695871
96464,Metrics/base_velocity/error_vel_xy,0.4016363322734833,1780397361.047783
96469,Metrics/base_velocity/error_vel_xy,0.3892230987548828,1780397384.9826314
96474,Metrics/base_velocity/error_vel_xy,0.38599079847335815,1780397408.7466676
96479,Metrics/base_velocity/error_vel_xy,0.38043534755706787,1780397432.523154
96484,Metrics/base_velocity/error_vel_xy,0.3947370946407318,1780397456.6791832
96489,Metrics/base_velocity/error_vel_xy,0.39889395236968994,1780397480.4234416
96494,Metrics/base_velocity/error_vel_xy,0.381266713142395,1780397504.265955
96499,Metrics/base_velocity/error_vel_xy,0.393766850233078,1780397528.1471076
96504,Metrics/base_velocity/error_vel_xy,0.400289386510849,1780397551.6784885
96509,Metrics/base_velocity/error_vel_xy,0.3733102083206177,1780397575.5903363
96514,Metrics/base_velocity/error_vel_xy,0.40147778391838074,1780397599.2552931
96519,Metrics/base_velocity/error_vel_xy,0.38811248540878296,1780397622.7511938
96524,Metrics/base_velocity/error_vel_xy,0.3812240958213806,1780397646.3755057
96529,Metrics/base_velocity/error_vel_xy,0.40517687797546387,1780397670.1529112
96534,Metrics/base_velocity/error_vel_xy,0.3899914622306824,1780397693.827272
96539,Metrics/base_velocity/error_vel_xy,0.4075313210487366,1780397718.191073
96544,Metrics/base_velocity/error_vel_xy,0.3981785774230957,1780397742.5486684
96549,Metrics/base_velocity/error_vel_xy,0.3926379084587097,1780397766.7679172
96554,Metrics/base_velocity/error_vel_xy,0.3999202251434326,1780397791.2029724
96559,Metrics/base_velocity/error_vel_xy,0.38874897360801697,1780397815.4609523
96564,Metrics/base_velocity/error_vel_xy,0.4050304889678955,1780397839.0927634
96569,Metrics/base_velocity/error_vel_xy,0.39596256613731384,1780397862.892269
96574,Metrics/base_velocity/error_vel_xy,0.396854966878891,1780397886.8654978
96579,Metrics/base_velocity/error_vel_xy,0.39674657583236694,1780397910.6922793
96584,Metrics/base_velocity/error_vel_xy,0.38950538635253906,1780397934.3876622
96589,Metrics/base_velocity/error_vel_xy,0.39000338315963745,1780397958.207817
96594,Metrics/base_velocity/error_vel_xy,0.3834375739097595,1780397982.588156
96599,Metrics/base_velocity/error_vel_xy,0.38226577639579773,1780398007.0314605
96604,Metrics/base_velocity/error_vel_xy,0.38070791959762573,1780398031.678844
96609,Metrics/base_velocity/error_vel_xy,0.39994293451309204,1780398055.687977
96614,Metrics/base_velocity/error_vel_xy,0.4011322855949402,1780398079.5389142
96619,Metrics/base_velocity/error_vel_xy,0.406602144241333,1780398103.6571474
96624,Metrics/base_velocity/error_vel_xy,0.3923667073249817,1780398127.418727
96629,Metrics/base_velocity/error_vel_xy,0.4028252065181732,1780398151.2858603
96634,Metrics/base_velocity/error_vel_xy,0.40589380264282227,1780398175.293614
96639,Metrics/base_velocity/error_vel_xy,0.3947250247001648,1780398199.1279626
96644,Metrics/base_velocity/error_vel_xy,0.38369888067245483,1780398223.0453997
96649,Metrics/base_velocity/error_vel_xy,0.39048290252685547,1780398247.472824
96654,Metrics/base_velocity/error_vel_xy,0.4071769714355469,1780398271.185636
96659,Metrics/base_velocity/error_vel_xy,0.39925169944763184,1780398295.171689
96664,Metrics/base_velocity/error_vel_xy,0.3954993188381195,1780398319.0837183
96669,Metrics/base_velocity/error_vel_xy,0.3992367684841156,1780398342.9187884
96674,Metrics/base_velocity/error_vel_xy,0.39411258697509766,1780398366.8694959
96679,Metrics/base_velocity/error_vel_xy,0.4033608138561249,1780398391.127536
96684,Metrics/base_velocity/error_vel_xy,0.3789244592189789,1780398415.035742
96689,Metrics/base_velocity/error_vel_xy,0.39287886023521423,1780398438.629504
96694,Metrics/base_velocity/error_vel_xy,0.4040758013725281,1780398462.5159962
96699,Metrics/base_velocity/error_vel_xy,0.3948948085308075,1780398486.3258579
96704,Metrics/base_velocity/error_vel_xy,0.3980693221092224,1780398511.0088627
96709,Metrics/base_velocity/error_vel_xy,0.39288854598999023,1780398533.2825942
96714,Metrics/base_velocity/error_vel_xy,0.4000764787197113,1780398554.4512835
96719,Metrics/base_velocity/error_vel_xy,0.40794068574905396,1780398578.256521
96724,Metrics/base_velocity/error_vel_xy,0.4024812877178192,1780398602.6862419
96729,Metrics/base_velocity/error_vel_xy,0.3908994793891907,1780398626.5430818
96734,Metrics/base_velocity/error_vel_xy,0.40557849407196045,1780398647.2552495
96739,Metrics/base_velocity/error_vel_xy,0.3859955072402954,1780398668.9242203
96744,Metrics/base_velocity/error_vel_xy,0.3890550136566162,1780398693.378697
96749,Metrics/base_velocity/error_vel_xy,0.39591550827026367,1780398717.7027473
96754,Metrics/base_velocity/error_vel_xy,0.40508779883384705,1780398742.0912778
96759,Metrics/base_velocity/error_vel_xy,0.3954720199108124,1780398766.3987942
96764,Metrics/base_velocity/error_vel_xy,0.39946115016937256,1780398790.401686
96769,Metrics/base_velocity/error_vel_xy,0.3934943675994873,1780398814.4084764
96774,Metrics/base_velocity/error_vel_xy,0.40295225381851196,1780398838.5072958
96779,Metrics/base_velocity/error_vel_xy,0.40569910407066345,1780398860.5095046
96784,Metrics/base_velocity/error_vel_xy,0.39519786834716797,1780398885.5639734
96789,Metrics/base_velocity/error_vel_xy,0.3991950452327728,1780398909.9535193
96794,Metrics/base_velocity/error_vel_xy,0.3976144790649414,1780398930.7554224
96799,Metrics/base_velocity/error_vel_xy,0.4037613868713379,1780398952.1097114
96804,Metrics/base_velocity/error_vel_xy,0.39494460821151733,1780398976.2418554
96809,Metrics/base_velocity/error_vel_xy,0.3927534520626068,1780399000.3329735
96814,Metrics/base_velocity/error_vel_xy,0.4058142602443695,1780399024.352875
96819,Metrics/base_velocity/error_vel_xy,0.3932346701622009,1780399048.4544523
96824,Metrics/base_velocity/error_vel_xy,0.386133074760437,1780399072.469097
96829,Metrics/base_velocity/error_vel_xy,0.4107166528701782,1780399096.1125998
96834,Metrics/base_velocity/error_vel_xy,0.4015687108039856,1780399120.1025121
96839,Metrics/base_velocity/error_vel_xy,0.39619776606559753,1780399144.0927455
96844,Metrics/base_velocity/error_vel_xy,0.4029448628425598,1780399168.256126
96849,Metrics/base_velocity/error_vel_xy,0.3997337222099304,1780399192.6384573
96854,Metrics/base_velocity/error_vel_xy,0.40660223364830017,1780399216.466762
96859,Metrics/base_velocity/error_vel_xy,0.38388046622276306,1780399240.5905354
96864,Metrics/base_velocity/error_vel_xy,0.37881895899772644,1780399265.0350173
96869,Metrics/base_velocity/error_vel_xy,0.38835203647613525,1780399288.8915343
96874,Metrics/base_velocity/error_vel_xy,0.37612682580947876,1780399313.9748354
96879,Metrics/base_velocity/error_vel_xy,0.39102184772491455,1780399334.9198492
96884,Metrics/base_velocity/error_vel_xy,0.3903462290763855,1780399358.651815
96889,Metrics/base_velocity/error_vel_xy,0.40557342767715454,1780399383.8152695
96894,Metrics/base_velocity/error_vel_xy,0.41479524970054626,1780399408.0143178
96899,Metrics/base_velocity/error_vel_xy,0.3853548467159271,1780399432.1397746
96904,Metrics/base_velocity/error_vel_xy,0.38098257780075073,1780399456.867131
96909,Metrics/base_velocity/error_vel_xy,0.41301989555358887,1780399480.7463057
96914,Metrics/base_velocity/error_vel_xy,0.3887004852294922,1780399505.4519422
96919,Metrics/base_velocity/error_vel_xy,0.4086081385612488,1780399530.1382473
96924,Metrics/base_velocity/error_vel_xy,0.39330077171325684,1780399554.3766863
96929,Metrics/base_velocity/error_vel_xy,0.4081197679042816,1780399578.7154393
96934,Metrics/base_velocity/error_vel_xy,0.3858906626701355,1780399602.942633
96939,Metrics/base_velocity/error_vel_xy,0.3891047239303589,1780399626.8684235
96944,Metrics/base_velocity/error_vel_xy,0.40196579694747925,1780399650.8885612
96949,Metrics/base_velocity/error_vel_xy,0.3947669267654419,1780399674.9932084
96954,Metrics/base_velocity/error_vel_xy,0.3869325518608093,1780399698.754078
96959,Metrics/base_velocity/error_vel_xy,0.38944578170776367,1780399722.9525228
96964,Metrics/base_velocity/error_vel_xy,0.39812204241752625,1780399747.1409428
96969,Metrics/base_velocity/error_vel_xy,0.41064924001693726,1780399771.2494783
96974,Metrics/base_velocity/error_vel_xy,0.40028342604637146,1780399795.6131914
96979,Metrics/base_velocity/error_vel_xy,0.39729487895965576,1780399819.492967
96984,Metrics/base_velocity/error_vel_xy,0.3973177373409271,1780399843.78891
96989,Metrics/base_velocity/error_vel_xy,0.3999890089035034,1780399868.2620904
96994,Metrics/base_velocity/error_vel_xy,0.38998788595199585,1780399892.7702217
96999,Metrics/base_velocity/error_vel_xy,0.39201784133911133,1780399917.0270154
97004,Metrics/base_velocity/error_vel_xy,0.4009537100791931,1780399941.3648453
97009,Metrics/base_velocity/error_vel_xy,0.4042620062828064,1780399965.712235
97014,Metrics/base_velocity/error_vel_xy,0.3908987045288086,1780399989.9254541
97019,Metrics/base_velocity/error_vel_xy,0.3970068693161011,1780400013.8543582
97024,Metrics/base_velocity/error_vel_xy,0.40014442801475525,1780400034.4926746
97029,Metrics/base_velocity/error_vel_xy,0.39269277453422546,1780400058.9568703
97034,Metrics/base_velocity/error_vel_xy,0.38968944549560547,1780400082.745165
97039,Metrics/base_velocity/error_vel_xy,0.388616144657135,1780400106.7379916
97044,Metrics/base_velocity/error_vel_xy,0.3958451449871063,1780400131.0885322
97049,Metrics/base_velocity/error_vel_xy,0.4092462956905365,1780400155.2040842
97054,Metrics/base_velocity/error_vel_xy,0.4016091227531433,1780400179.3567002
97059,Metrics/base_velocity/error_vel_xy,0.3846909999847412,1780400203.3431954
97064,Metrics/base_velocity/error_vel_xy,0.39625927805900574,1780400227.0620823
97069,Metrics/base_velocity/error_vel_xy,0.4076867699623108,1780400251.405367
97074,Metrics/base_velocity/error_vel_xy,0.4019795060157776,1780400272.985269
97079,Metrics/base_velocity/error_vel_xy,0.39953821897506714,1780400296.6863918
97084,Metrics/base_velocity/error_vel_xy,0.3987141251564026,1780400320.7715518
97089,Metrics/base_velocity/error_vel_xy,0.39098724722862244,1780400344.4870853
97094,Metrics/base_velocity/error_vel_xy,0.3826032280921936,1780400368.666202
97099,Metrics/base_velocity/error_vel_xy,0.39337873458862305,1780400392.915693
97104,Metrics/base_velocity/error_vel_xy,0.4115988612174988,1780400417.3251774
97109,Metrics/base_velocity/error_vel_xy,0.40282148122787476,1780400441.8799682
97114,Metrics/base_velocity/error_vel_xy,0.3911343514919281,1780400466.4122684
97119,Metrics/base_velocity/error_vel_xy,0.38343295454978943,1780400490.5950558
97124,Metrics/base_velocity/error_vel_xy,0.3911222815513611,1780400514.7131963
97129,Metrics/base_velocity/error_vel_xy,0.39313220977783203,1780400539.041587
97134,Metrics/base_velocity/error_vel_xy,0.38890522718429565,1780400563.2275999
97139,Metrics/base_velocity/error_vel_xy,0.3976109027862549,1780400587.7263598
97144,Metrics/base_velocity/error_vel_xy,0.3935464322566986,1780400611.894128
97149,Metrics/base_velocity/error_vel_xy,0.40125784277915955,1780400636.086616
97154,Metrics/base_velocity/error_vel_xy,0.40288516879081726,1780400660.3559134
97159,Metrics/base_velocity/error_vel_xy,0.3922782838344574,1780400685.0025017
97164,Metrics/base_velocity/error_vel_xy,0.4030483663082123,1780400709.3987172
97169,Metrics/base_velocity/error_vel_xy,0.3935612440109253,1780400733.6829445
97174,Metrics/base_velocity/error_vel_xy,0.3852502107620239,1780400758.4530914
97179,Metrics/base_velocity/error_vel_xy,0.3979092240333557,1780400783.3977525
97184,Metrics/base_velocity/error_vel_xy,0.3957251310348511,1780400807.6767435
97189,Metrics/base_velocity/error_vel_xy,0.3988707959651947,1780400831.902694
97194,Metrics/base_velocity/error_vel_xy,0.3922564387321472,1780400856.2323012
97199,Metrics/base_velocity/error_vel_xy,0.3934311866760254,1780400880.35128
97204,Metrics/base_velocity/error_vel_xy,0.38868698477745056,1780400904.4379673
97209,Metrics/base_velocity/error_vel_xy,0.4022882580757141,1780400928.6341565
97214,Metrics/base_velocity/error_vel_xy,0.3873710036277771,1780400952.5506637
97219,Metrics/base_velocity/error_vel_xy,0.3966101109981537,1780400976.6366057
97224,Metrics/base_velocity/error_vel_xy,0.3923134207725525,1780401000.9751928
97229,Metrics/base_velocity/error_vel_xy,0.3878374695777893,1780401025.189655
97234,Metrics/base_velocity/error_vel_xy,0.3970368504524231,1780401049.3964524
97239,Metrics/base_velocity/error_vel_xy,0.3987559974193573,1780401073.5742226
97244,Metrics/base_velocity/error_vel_xy,0.4048376679420471,1780401097.5547402
97249,Metrics/base_velocity/error_vel_xy,0.3858202397823334,1780401122.0805604
97254,Metrics/base_velocity/error_vel_xy,0.3938640356063843,1780401144.0872083
97259,Metrics/base_velocity/error_vel_xy,0.4051818251609802,1780401166.2005398
97264,Metrics/base_velocity/error_vel_xy,0.40216097235679626,1780401191.448836
97269,Metrics/base_velocity/error_vel_xy,0.39965829253196716,1780401215.8818626
97274,Metrics/base_velocity/error_vel_xy,0.39690110087394714,1780401239.9968243
97279,Metrics/base_velocity/error_vel_xy,0.3995082378387451,1780401261.8409014
97284,Metrics/base_velocity/error_vel_xy,0.39666947722435,1780401285.5806115
97289,Metrics/base_velocity/error_vel_xy,0.3922721743583679,1780401308.8586094
97294,Metrics/base_velocity/error_vel_xy,0.3979463577270508,1780401329.5752912
97299,Metrics/base_velocity/error_vel_xy,0.39613330364227295,1780401349.6684325
97304,Metrics/base_velocity/error_vel_xy,0.3912007212638855,1780401370.893616
97309,Metrics/base_velocity/error_vel_xy,0.38770556449890137,1780401393.8403351
97314,Metrics/base_velocity/error_vel_xy,0.4021003246307373,1780401414.1024673
97319,Metrics/base_velocity/error_vel_xy,0.39434337615966797,1780401434.3449652
97324,Metrics/base_velocity/error_vel_xy,0.4012063443660736,1780401454.3137834
97329,Metrics/base_velocity/error_vel_xy,0.38423824310302734,1780401474.3341606
97334,Metrics/base_velocity/error_vel_xy,0.3881908357143402,1780401494.0419545
97339,Metrics/base_velocity/error_vel_xy,0.3958278298377991,1780401513.9698675
97344,Metrics/base_velocity/error_vel_xy,0.3913823962211609,1780401533.8477519
97349,Metrics/base_velocity/error_vel_xy,0.3943333327770233,1780401554.0360167
97354,Metrics/base_velocity/error_vel_xy,0.3808887004852295,1780401575.56947
97359,Metrics/base_velocity/error_vel_xy,0.3937147855758667,1780401599.6712873
97364,Metrics/base_velocity/error_vel_xy,0.397176593542099,1780401623.6393614
97369,Metrics/base_velocity/error_vel_xy,0.38539737462997437,1780401647.0956047
97374,Metrics/base_velocity/error_vel_xy,0.3986351490020752,1780401671.3257835
97379,Metrics/base_velocity/error_vel_xy,0.39266490936279297,1780401693.8424776
97384,Metrics/base_velocity/error_vel_xy,0.3941645622253418,1780401713.785864
97389,Metrics/base_velocity/error_vel_xy,0.40279898047447205,1780401736.0144348
97394,Metrics/base_velocity/error_vel_xy,0.4074903130531311,1780401759.7177327
97399,Metrics/base_velocity/error_vel_xy,0.3804627060890198,1780401782.3151355
97404,Metrics/base_velocity/error_vel_xy,0.39922329783439636,1780401806.7791922
97409,Metrics/base_velocity/error_vel_xy,0.394123375415802,1780401827.6295416
97414,Metrics/base_velocity/error_vel_xy,0.39555805921554565,1780401848.4621878
97419,Metrics/base_velocity/error_vel_xy,0.3953830897808075,1780401868.54993
97424,Metrics/base_velocity/error_vel_xy,0.4007841944694519,1780401889.0027723
97429,Metrics/base_velocity/error_vel_xy,0.381952166557312,1780401908.9988306
97434,Metrics/base_velocity/error_vel_xy,0.3895566165447235,1780401932.245417
97439,Metrics/base_velocity/error_vel_xy,0.38691598176956177,1780401956.2262592
97444,Metrics/base_velocity/error_vel_xy,0.37644442915916443,1780401979.8297076
97449,Metrics/base_velocity/error_vel_xy,0.40103429555892944,1780402003.6963577
97454,Metrics/base_velocity/error_vel_xy,0.39133524894714355,1780402027.8458314
97459,Metrics/base_velocity/error_vel_xy,0.39448702335357666,1780402051.677292
97464,Metrics/base_velocity/error_vel_xy,0.4002991318702698,1780402075.6744428
97469,Metrics/base_velocity/error_vel_xy,0.38705024123191833,1780402098.6181695
97474,Metrics/base_velocity/error_vel_xy,0.40304577350616455,1780402119.06678
97479,Metrics/base_velocity/error_vel_xy,0.38880571722984314,1780402142.6133099
97484,Metrics/base_velocity/error_vel_xy,0.39620232582092285,1780402166.5833364
97489,Metrics/base_velocity/error_vel_xy,0.3935064673423767,1780402191.0648453
97494,Metrics/base_velocity/error_vel_xy,0.4073471426963806,1780402215.218944
97499,Metrics/base_velocity/error_vel_xy,0.39125943183898926,1780402239.1343555
97504,Metrics/base_velocity/error_vel_xy,0.4038959741592407,1780402263.3106573
97509,Metrics/base_velocity/error_vel_xy,0.3910813331604004,1780402287.1221502
97514,Metrics/base_velocity/error_vel_xy,0.3948712944984436,1780402311.2373266
97519,Metrics/base_velocity/error_vel_xy,0.3942842483520508,1780402335.3117275
97524,Metrics/base_velocity/error_vel_xy,0.4006018340587616,1780402358.9130247
97529,Metrics/base_velocity/error_vel_xy,0.3955908417701721,1780402383.0737472
97534,Metrics/base_velocity/error_vel_xy,0.4014695882797241,1780402407.0035071
97539,Metrics/base_velocity/error_vel_xy,0.392425537109375,1780402430.638689
97544,Metrics/base_velocity/error_vel_xy,0.3895294666290283,1780402454.806491
97549,Metrics/base_velocity/error_vel_xy,0.3913193941116333,1780402479.1990178
97554,Metrics/base_velocity/error_vel_xy,0.4012396037578583,1780402503.220747
97559,Metrics/base_velocity/error_vel_xy,0.4002678394317627,1780402527.4762797
97564,Metrics/base_velocity/error_vel_xy,0.3900798261165619,1780402551.4902797
97569,Metrics/base_velocity/error_vel_xy,0.3978006839752197,1780402575.2410827
97574,Metrics/base_velocity/error_vel_xy,0.38577961921691895,1780402599.4078467
97579,Metrics/base_velocity/error_vel_xy,0.3956599235534668,1780402623.3211527
97584,Metrics/base_velocity/error_vel_xy,0.40206021070480347,1780402647.608028
97589,Metrics/base_velocity/error_vel_xy,0.3998703956604004,1780402671.8430598
97594,Metrics/base_velocity/error_vel_xy,0.3914118707180023,1780402696.0652494
97598,Metrics/base_velocity/error_vel_xy,0.40080076456069946,1780402715.7799716
92599,Metrics/base_velocity/error_vel_yaw,0.0019294682424515486,1780379380.6822777
92604,Metrics/base_velocity/error_vel_yaw,0.0839344710111618,1780379401.1457143
92609,Metrics/base_velocity/error_vel_yaw,0.0707012340426445,1780379425.768819
92614,Metrics/base_velocity/error_vel_yaw,0.07625676691532135,1780379449.3108246
92619,Metrics/base_velocity/error_vel_yaw,0.07792314887046814,1780379471.7181323
92624,Metrics/base_velocity/error_vel_yaw,0.07955804467201233,1780379493.9460297
92629,Metrics/base_velocity/error_vel_yaw,0.08268832415342331,1780379516.6631603
92634,Metrics/base_velocity/error_vel_yaw,0.08529039472341537,1780379542.3844733
92639,Metrics/base_velocity/error_vel_yaw,0.08841308951377869,1780379568.1212804
92644,Metrics/base_velocity/error_vel_yaw,0.09181179851293564,1780379593.7720766
92649,Metrics/base_velocity/error_vel_yaw,0.09336807578802109,1780379618.8575916
92654,Metrics/base_velocity/error_vel_yaw,0.09488679468631744,1780379644.0120149
92659,Metrics/base_velocity/error_vel_yaw,0.09474362432956696,1780379669.6588576
92664,Metrics/base_velocity/error_vel_yaw,0.09694027155637741,1780379695.3710465
92669,Metrics/base_velocity/error_vel_yaw,0.09800656884908676,1780379720.5718021
92674,Metrics/base_velocity/error_vel_yaw,0.09954734146595001,1780379745.438006
92679,Metrics/base_velocity/error_vel_yaw,0.1017533540725708,1780379767.9877074
92684,Metrics/base_velocity/error_vel_yaw,0.10311156511306763,1780379789.4880192
92689,Metrics/base_velocity/error_vel_yaw,0.10697795450687408,1780379814.4493
92694,Metrics/base_velocity/error_vel_yaw,0.10968853533267975,1780379837.432126
92699,Metrics/base_velocity/error_vel_yaw,0.11248433589935303,1780379860.9459677
92704,Metrics/base_velocity/error_vel_yaw,0.11627548933029175,1780379884.9375222
92709,Metrics/base_velocity/error_vel_yaw,0.11682124435901642,1780379910.7248864
92714,Metrics/base_velocity/error_vel_yaw,0.11856617778539658,1780379934.4268682
92719,Metrics/base_velocity/error_vel_yaw,0.11240051686763763,1780379956.3550572
92724,Metrics/base_velocity/error_vel_yaw,0.10829268395900726,1780379978.159435
92729,Metrics/base_velocity/error_vel_yaw,0.10465212911367416,1780379999.5701914
92734,Metrics/base_velocity/error_vel_yaw,0.10603320598602295,1780380024.878297
92739,Metrics/base_velocity/error_vel_yaw,0.11026936769485474,1780380049.981963
92744,Metrics/base_velocity/error_vel_yaw,0.11680992692708969,1780380074.4845266
92749,Metrics/base_velocity/error_vel_yaw,0.1258181631565094,1780380099.0101347
92754,Metrics/base_velocity/error_vel_yaw,0.1397974193096161,1780380123.0214767
92759,Metrics/base_velocity/error_vel_yaw,0.16397762298583984,1780380143.8359313
92764,Metrics/base_velocity/error_vel_yaw,0.19450323283672333,1780380164.3329158
92769,Metrics/base_velocity/error_vel_yaw,0.2340099811553955,1780380185.0241954
92774,Metrics/base_velocity/error_vel_yaw,0.27771663665771484,1780380205.8885777
92779,Metrics/base_velocity/error_vel_yaw,0.2974075675010681,1780380233.6811197
92784,Metrics/base_velocity/error_vel_yaw,0.30465275049209595,1780380260.1209364
92789,Metrics/base_velocity/error_vel_yaw,0.30668050050735474,1780380284.6504889
92794,Metrics/base_velocity/error_vel_yaw,0.3163893520832062,1780380308.9601598
92799,Metrics/base_velocity/error_vel_yaw,0.3152722120285034,1780380333.308809
92804,Metrics/base_velocity/error_vel_yaw,0.3123904764652252,1780380357.286663
92809,Metrics/base_velocity/error_vel_yaw,0.3146211802959442,1780380381.6408777
92814,Metrics/base_velocity/error_vel_yaw,0.30023014545440674,1780380405.9616144
92819,Metrics/base_velocity/error_vel_yaw,0.2911185622215271,1780380430.113696
92824,Metrics/base_velocity/error_vel_yaw,0.2910667061805725,1780380454.7705731
92829,Metrics/base_velocity/error_vel_yaw,0.2855275869369507,1780380479.4166954
92834,Metrics/base_velocity/error_vel_yaw,0.28289347887039185,1780380503.3315585
92839,Metrics/base_velocity/error_vel_yaw,0.28218504786491394,1780380527.6168685
92844,Metrics/base_velocity/error_vel_yaw,0.27411866188049316,1780380551.9421597
92849,Metrics/base_velocity/error_vel_yaw,0.27545613050460815,1780380576.2318099
92854,Metrics/base_velocity/error_vel_yaw,0.273775190114975,1780380600.9103715
92859,Metrics/base_velocity/error_vel_yaw,0.2785438895225525,1780380625.373189
92864,Metrics/base_velocity/error_vel_yaw,0.27802398800849915,1780380649.8075252
92869,Metrics/base_velocity/error_vel_yaw,0.2824755907058716,1780380674.5310493
92874,Metrics/base_velocity/error_vel_yaw,0.2839322090148926,1780380699.49801
92879,Metrics/base_velocity/error_vel_yaw,0.2842949628829956,1780380723.6238391
92884,Metrics/base_velocity/error_vel_yaw,0.2851366102695465,1780380748.4206505
92889,Metrics/base_velocity/error_vel_yaw,0.28450697660446167,1780380773.345769
92894,Metrics/base_velocity/error_vel_yaw,0.2900699973106384,1780380797.9432802
92899,Metrics/base_velocity/error_vel_yaw,0.2906583547592163,1780380822.4277542
92904,Metrics/base_velocity/error_vel_yaw,0.2906721234321594,1780380847.04448
92909,Metrics/base_velocity/error_vel_yaw,0.2907732129096985,1780380871.1212573
92914,Metrics/base_velocity/error_vel_yaw,0.2889717221260071,1780380895.5995047
92919,Metrics/base_velocity/error_vel_yaw,0.2887076437473297,1780380920.3391967
92924,Metrics/base_velocity/error_vel_yaw,0.28742653131484985,1780380944.4570994
92929,Metrics/base_velocity/error_vel_yaw,0.28752440214157104,1780380969.3938107
92934,Metrics/base_velocity/error_vel_yaw,0.2858846187591553,1780380993.854055
92939,Metrics/base_velocity/error_vel_yaw,0.2827392816543579,1780381017.8708768
92944,Metrics/base_velocity/error_vel_yaw,0.28016722202301025,1780381042.2438436
92949,Metrics/base_velocity/error_vel_yaw,0.2755421996116638,1780381066.7069447
92954,Metrics/base_velocity/error_vel_yaw,0.27409517765045166,1780381090.6380043
92959,Metrics/base_velocity/error_vel_yaw,0.26961302757263184,1780381115.0872855
92964,Metrics/base_velocity/error_vel_yaw,0.2654707133769989,1780381137.5912929
92969,Metrics/base_velocity/error_vel_yaw,0.2626878023147583,1780381161.7685544
92974,Metrics/base_velocity/error_vel_yaw,0.2577905058860779,1780381185.2970061
92979,Metrics/base_velocity/error_vel_yaw,0.25299179553985596,1780381206.070298
92984,Metrics/base_velocity/error_vel_yaw,0.24912934005260468,1780381226.892999
92989,Metrics/base_velocity/error_vel_yaw,0.24765416979789734,1780381247.5716207
92994,Metrics/base_velocity/error_vel_yaw,0.2440587729215622,1780381267.770543
92999,Metrics/base_velocity/error_vel_yaw,0.24050597846508026,1780381288.5506828
93004,Metrics/base_velocity/error_vel_yaw,0.2379419207572937,1780381308.8391025
93009,Metrics/base_velocity/error_vel_yaw,0.23596805334091187,1780381329.4079723
93014,Metrics/base_velocity/error_vel_yaw,0.2327890843153,1780381349.4952135
93019,Metrics/base_velocity/error_vel_yaw,0.23279806971549988,1780381371.0003092
93024,Metrics/base_velocity/error_vel_yaw,0.23145315051078796,1780381391.936389
93029,Metrics/base_velocity/error_vel_yaw,0.2319166660308838,1780381412.5110126
93034,Metrics/base_velocity/error_vel_yaw,0.2311854064464569,1780381433.163654
93039,Metrics/base_velocity/error_vel_yaw,0.23042035102844238,1780381453.7727902
93044,Metrics/base_velocity/error_vel_yaw,0.22961211204528809,1780381474.9885933
93049,Metrics/base_velocity/error_vel_yaw,0.23097412288188934,1780381496.8083262
93054,Metrics/base_velocity/error_vel_yaw,0.2295760214328766,1780381521.5183141
93059,Metrics/base_velocity/error_vel_yaw,0.22966736555099487,1780381545.8998716
93064,Metrics/base_velocity/error_vel_yaw,0.229483962059021,1780381570.1043565
93069,Metrics/base_velocity/error_vel_yaw,0.2270277738571167,1780381594.60322
93074,Metrics/base_velocity/error_vel_yaw,0.22471122443675995,1780381619.6725159
93079,Metrics/base_velocity/error_vel_yaw,0.22387544810771942,1780381645.2225382
93084,Metrics/base_velocity/error_vel_yaw,0.22335097193717957,1780381669.5546372
93089,Metrics/base_velocity/error_vel_yaw,0.2200668752193451,1780381691.8938632
93094,Metrics/base_velocity/error_vel_yaw,0.21941916644573212,1780381712.5089269
93099,Metrics/base_velocity/error_vel_yaw,0.21583139896392822,1780381733.0923216
93104,Metrics/base_velocity/error_vel_yaw,0.21609342098236084,1780381753.5894063
93109,Metrics/base_velocity/error_vel_yaw,0.2148175686597824,1780381775.0707834
93114,Metrics/base_velocity/error_vel_yaw,0.21323475241661072,1780381798.8052416
93119,Metrics/base_velocity/error_vel_yaw,0.21125993132591248,1780381823.3998518
93124,Metrics/base_velocity/error_vel_yaw,0.20892950892448425,1780381847.674455
93129,Metrics/base_velocity/error_vel_yaw,0.20928756892681122,1780381868.734515
93134,Metrics/base_velocity/error_vel_yaw,0.20725023746490479,1780381889.331932
93139,Metrics/base_velocity/error_vel_yaw,0.20515254139900208,1780381910.0093675
93144,Metrics/base_velocity/error_vel_yaw,0.2044934332370758,1780381930.1761646
93149,Metrics/base_velocity/error_vel_yaw,0.20601096749305725,1780381950.5345407
93154,Metrics/base_velocity/error_vel_yaw,0.20258377492427826,1780381970.724417
93159,Metrics/base_velocity/error_vel_yaw,0.20236437022686005,1780381991.2619708
93164,Metrics/base_velocity/error_vel_yaw,0.2002878189086914,1780382012.1197116
93169,Metrics/base_velocity/error_vel_yaw,0.1991344690322876,1780382032.8767629
93174,Metrics/base_velocity/error_vel_yaw,0.19792549312114716,1780382053.3946903
93179,Metrics/base_velocity/error_vel_yaw,0.1979588270187378,1780382077.4168575
93184,Metrics/base_velocity/error_vel_yaw,0.1947779357433319,1780382101.7816136
93189,Metrics/base_velocity/error_vel_yaw,0.19406633079051971,1780382125.9232414
93194,Metrics/base_velocity/error_vel_yaw,0.19299495220184326,1780382150.2441287
93199,Metrics/base_velocity/error_vel_yaw,0.19384726881980896,1780382175.0875762
93204,Metrics/base_velocity/error_vel_yaw,0.19354155659675598,1780382200.6360729
93209,Metrics/base_velocity/error_vel_yaw,0.19219999015331268,1780382225.166376
93214,Metrics/base_velocity/error_vel_yaw,0.19203399121761322,1780382246.8664298
93219,Metrics/base_velocity/error_vel_yaw,0.19176793098449707,1780382267.9939837
93224,Metrics/base_velocity/error_vel_yaw,0.19287344813346863,1780382290.6841466
93229,Metrics/base_velocity/error_vel_yaw,0.192536398768425,1780382315.3459435
93234,Metrics/base_velocity/error_vel_yaw,0.1897626519203186,1780382336.5019712
93239,Metrics/base_velocity/error_vel_yaw,0.18976569175720215,1780382361.4009018
93244,Metrics/base_velocity/error_vel_yaw,0.19022595882415771,1780382384.210789
93249,Metrics/base_velocity/error_vel_yaw,0.19107374548912048,1780382409.4328
93254,Metrics/base_velocity/error_vel_yaw,0.19157859683036804,1780382434.4935167
93259,Metrics/base_velocity/error_vel_yaw,0.1892770528793335,1780382458.1388044
93264,Metrics/base_velocity/error_vel_yaw,0.1886255145072937,1780382479.8560526
93269,Metrics/base_velocity/error_vel_yaw,0.1856909990310669,1780382501.0445368
93274,Metrics/base_velocity/error_vel_yaw,0.186690554022789,1780382521.7855787
93279,Metrics/base_velocity/error_vel_yaw,0.18524989485740662,1780382542.9308004
93284,Metrics/base_velocity/error_vel_yaw,0.18533246219158173,1780382566.6022367
93289,Metrics/base_velocity/error_vel_yaw,0.18520185351371765,1780382590.9988747
93294,Metrics/base_velocity/error_vel_yaw,0.1853112429380417,1780382613.1904492
93299,Metrics/base_velocity/error_vel_yaw,0.18364474177360535,1780382633.7283864
93304,Metrics/base_velocity/error_vel_yaw,0.1842881292104721,1780382654.8006947
93309,Metrics/base_velocity/error_vel_yaw,0.18383477628231049,1780382675.8941514
93314,Metrics/base_velocity/error_vel_yaw,0.18474546074867249,1780382697.2929163
93319,Metrics/base_velocity/error_vel_yaw,0.18393853306770325,1780382718.262014
93324,Metrics/base_velocity/error_vel_yaw,0.18305540084838867,1780382739.5291853
93329,Metrics/base_velocity/error_vel_yaw,0.1833377331495285,1780382760.8502471
93334,Metrics/base_velocity/error_vel_yaw,0.18214824795722961,1780382786.0637279
93339,Metrics/base_velocity/error_vel_yaw,0.18108946084976196,1780382811.5129378
93344,Metrics/base_velocity/error_vel_yaw,0.18122196197509766,1780382836.9084473
93349,Metrics/base_velocity/error_vel_yaw,0.17995373904705048,1780382861.7756615
93354,Metrics/base_velocity/error_vel_yaw,0.18004447221755981,1780382887.210007
93359,Metrics/base_velocity/error_vel_yaw,0.17776092886924744,1780382908.7493155
93364,Metrics/base_velocity/error_vel_yaw,0.17821872234344482,1780382931.5546646
93369,Metrics/base_velocity/error_vel_yaw,0.17720699310302734,1780382956.4765348
93374,Metrics/base_velocity/error_vel_yaw,0.17729589343070984,1780382981.1524086
93379,Metrics/base_velocity/error_vel_yaw,0.1774280071258545,1780383006.071486
93384,Metrics/base_velocity/error_vel_yaw,0.17893636226654053,1780383031.235987
93389,Metrics/base_velocity/error_vel_yaw,0.17752449214458466,1780383056.265076
93394,Metrics/base_velocity/error_vel_yaw,0.17951616644859314,1780383080.7101943
93399,Metrics/base_velocity/error_vel_yaw,0.17907844483852386,1780383102.0174074
93404,Metrics/base_velocity/error_vel_yaw,0.18025600910186768,1780383123.0352046
93409,Metrics/base_velocity/error_vel_yaw,0.18069124221801758,1780383144.136081
93414,Metrics/base_velocity/error_vel_yaw,0.18145540356636047,1780383165.2031405
93419,Metrics/base_velocity/error_vel_yaw,0.1815558671951294,1780383185.983478
93424,Metrics/base_velocity/error_vel_yaw,0.18206167221069336,1780383211.6730196
93429,Metrics/base_velocity/error_vel_yaw,0.18280908465385437,1780383237.0693753
93434,Metrics/base_velocity/error_vel_yaw,0.1835075318813324,1780383262.3859074
93439,Metrics/base_velocity/error_vel_yaw,0.18544349074363708,1780383287.6138318
93444,Metrics/base_velocity/error_vel_yaw,0.18605822324752808,1780383313.0917394
93449,Metrics/base_velocity/error_vel_yaw,0.18769419193267822,1780383337.9565237
93454,Metrics/base_velocity/error_vel_yaw,0.18902628123760223,1780383362.7844746
93459,Metrics/base_velocity/error_vel_yaw,0.19135993719100952,1780383386.7882075
93464,Metrics/base_velocity/error_vel_yaw,0.19285139441490173,1780383408.3030753
93469,Metrics/base_velocity/error_vel_yaw,0.1994970738887787,1780383429.9118807
93474,Metrics/base_velocity/error_vel_yaw,0.2025788277387619,1780383453.2569332
93479,Metrics/base_velocity/error_vel_yaw,0.2113744467496872,1780383478.3612208
93484,Metrics/base_velocity/error_vel_yaw,0.21425257623195648,1780383503.1676002
93489,Metrics/base_velocity/error_vel_yaw,0.22220639884471893,1780383527.2970493
93494,Metrics/base_velocity/error_vel_yaw,0.22644823789596558,1780383548.7159984
93499,Metrics/base_velocity/error_vel_yaw,0.22936320304870605,1780383569.372035
93504,Metrics/base_velocity/error_vel_yaw,0.2324042022228241,1780383590.7756588
93509,Metrics/base_velocity/error_vel_yaw,0.2324061393737793,1780383611.9215
93514,Metrics/base_velocity/error_vel_yaw,0.23138293623924255,1780383632.635657
93519,Metrics/base_velocity/error_vel_yaw,0.2349451780319214,1780383657.5439267
93524,Metrics/base_velocity/error_vel_yaw,0.23314350843429565,1780383682.9476337
93529,Metrics/base_velocity/error_vel_yaw,0.2365444302558899,1780383707.953132
93534,Metrics/base_velocity/error_vel_yaw,0.23997673392295837,1780383733.1090374
93539,Metrics/base_velocity/error_vel_yaw,0.2433604896068573,1780383758.3564706
93544,Metrics/base_velocity/error_vel_yaw,0.2472916543483734,1780383783.091125
93549,Metrics/base_velocity/error_vel_yaw,0.25009629130363464,1780383807.6820054
93554,Metrics/base_velocity/error_vel_yaw,0.2550755739212036,1780383828.9012203
93559,Metrics/base_velocity/error_vel_yaw,0.2598710060119629,1780383852.2909296
93564,Metrics/base_velocity/error_vel_yaw,0.26374301314353943,1780383874.4093823
93569,Metrics/base_velocity/error_vel_yaw,0.2657817602157593,1780383895.8602161
93574,Metrics/base_velocity/error_vel_yaw,0.2701798677444458,1780383919.2353113
93579,Metrics/base_velocity/error_vel_yaw,0.27518022060394287,1780383941.196324
93584,Metrics/base_velocity/error_vel_yaw,0.2766929566860199,1780383965.6944554
93589,Metrics/base_velocity/error_vel_yaw,0.2831290662288666,1780383990.3668854
93594,Metrics/base_velocity/error_vel_yaw,0.2821986675262451,1780384014.8873816
93599,Metrics/base_velocity/error_vel_yaw,0.2864096760749817,1780384037.986954
93604,Metrics/base_velocity/error_vel_yaw,0.29074040055274963,1780384059.2815866
93609,Metrics/base_velocity/error_vel_yaw,0.29400861263275146,1780384080.311036
93614,Metrics/base_velocity/error_vel_yaw,0.30027520656585693,1780384101.1216674
93619,Metrics/base_velocity/error_vel_yaw,0.30193769931793213,1780384121.7092528
93624,Metrics/base_velocity/error_vel_yaw,0.3055053949356079,1780384141.7372673
93629,Metrics/base_velocity/error_vel_yaw,0.30879703164100647,1780384164.1793618
93634,Metrics/base_velocity/error_vel_yaw,0.3112618625164032,1780384188.09101
93639,Metrics/base_velocity/error_vel_yaw,0.3122953176498413,1780384212.0066319
93644,Metrics/base_velocity/error_vel_yaw,0.3131101131439209,1780384234.1093245
93649,Metrics/base_velocity/error_vel_yaw,0.3141692280769348,1780384253.908045
93654,Metrics/base_velocity/error_vel_yaw,0.3173481225967407,1780384274.4343636
93659,Metrics/base_velocity/error_vel_yaw,0.3208329379558563,1780384294.6142287
93664,Metrics/base_velocity/error_vel_yaw,0.3215571939945221,1780384314.7708497
93669,Metrics/base_velocity/error_vel_yaw,0.32313549518585205,1780384334.5304167
93674,Metrics/base_velocity/error_vel_yaw,0.3254629075527191,1780384354.397817
93679,Metrics/base_velocity/error_vel_yaw,0.32749903202056885,1780384374.4765434
93684,Metrics/base_velocity/error_vel_yaw,0.3288305997848511,1780384394.117539
93689,Metrics/base_velocity/error_vel_yaw,0.3278976380825043,1780384413.8773878
93694,Metrics/base_velocity/error_vel_yaw,0.3279520273208618,1780384432.8274372
93699,Metrics/base_velocity/error_vel_yaw,0.3293919861316681,1780384452.2166152
93704,Metrics/base_velocity/error_vel_yaw,0.3293270468711853,1780384471.8502128
93709,Metrics/base_velocity/error_vel_yaw,0.32996678352355957,1780384492.8589149
93714,Metrics/base_velocity/error_vel_yaw,0.32891228795051575,1780384517.0892313
93719,Metrics/base_velocity/error_vel_yaw,0.3300141990184784,1780384537.8880577
93724,Metrics/base_velocity/error_vel_yaw,0.3276345133781433,1780384558.166863
93729,Metrics/base_velocity/error_vel_yaw,0.33011218905448914,1780384577.7087865
93734,Metrics/base_velocity/error_vel_yaw,0.3270152807235718,1780384597.583773
93739,Metrics/base_velocity/error_vel_yaw,0.3284817934036255,1780384617.4970605
93744,Metrics/base_velocity/error_vel_yaw,0.327494353055954,1780384637.50013
93749,Metrics/base_velocity/error_vel_yaw,0.3286622166633606,1780384657.646454
93754,Metrics/base_velocity/error_vel_yaw,0.3230193555355072,1780384678.1833866
93759,Metrics/base_velocity/error_vel_yaw,0.32501891255378723,1780384698.4813886
93764,Metrics/base_velocity/error_vel_yaw,0.3266686797142029,1780384718.7056503
93769,Metrics/base_velocity/error_vel_yaw,0.3278524875640869,1780384742.3562098
93774,Metrics/base_velocity/error_vel_yaw,0.32653868198394775,1780384765.849951
93779,Metrics/base_velocity/error_vel_yaw,0.3350250720977783,1780384790.5970037
93784,Metrics/base_velocity/error_vel_yaw,0.3366484045982361,1780384814.9731762
93789,Metrics/base_velocity/error_vel_yaw,0.33795857429504395,1780384839.2624886
93794,Metrics/base_velocity/error_vel_yaw,0.339159220457077,1780384863.4204667
93799,Metrics/base_velocity/error_vel_yaw,0.34290796518325806,1780384887.6784806
93804,Metrics/base_velocity/error_vel_yaw,0.3445059657096863,1780384911.6602292
93809,Metrics/base_velocity/error_vel_yaw,0.3461624085903168,1780384936.5794601
93814,Metrics/base_velocity/error_vel_yaw,0.3477416932582855,1780384958.160714
93819,Metrics/base_velocity/error_vel_yaw,0.3510061204433441,1780384978.6964188
93824,Metrics/base_velocity/error_vel_yaw,0.3471411466598511,1780385000.218749
93829,Metrics/base_velocity/error_vel_yaw,0.34805965423583984,1780385021.1007128
93834,Metrics/base_velocity/error_vel_yaw,0.34657686948776245,1780385041.6622546
93839,Metrics/base_velocity/error_vel_yaw,0.35169777274131775,1780385063.1670706
93844,Metrics/base_velocity/error_vel_yaw,0.3538309931755066,1780385087.6183112
93849,Metrics/base_velocity/error_vel_yaw,0.3560766577720642,1780385112.8974097
93854,Metrics/base_velocity/error_vel_yaw,0.3539348542690277,1780385137.7592041
93859,Metrics/base_velocity/error_vel_yaw,0.35660386085510254,1780385161.904465
93864,Metrics/base_velocity/error_vel_yaw,0.3594234883785248,1780385186.253708
93869,Metrics/base_velocity/error_vel_yaw,0.3651648461818695,1780385210.5162172
93874,Metrics/base_velocity/error_vel_yaw,0.3659202456474304,1780385234.5227342
93879,Metrics/base_velocity/error_vel_yaw,0.36985594034194946,1780385257.2736397
93884,Metrics/base_velocity/error_vel_yaw,0.3663907051086426,1780385277.937035
93889,Metrics/base_velocity/error_vel_yaw,0.3686772286891937,1780385298.4896348
93894,Metrics/base_velocity/error_vel_yaw,0.3708030581474304,1780385319.0269213
93899,Metrics/base_velocity/error_vel_yaw,0.36547720432281494,1780385339.4255726
93904,Metrics/base_velocity/error_vel_yaw,0.3696329593658447,1780385362.9819267
93909,Metrics/base_velocity/error_vel_yaw,0.37564367055892944,1780385387.4945986
93914,Metrics/base_velocity/error_vel_yaw,0.37553033232688904,1780385411.5271413
93919,Metrics/base_velocity/error_vel_yaw,0.3726949691772461,1780385434.2342827
93924,Metrics/base_velocity/error_vel_yaw,0.37440940737724304,1780385457.4704165
93929,Metrics/base_velocity/error_vel_yaw,0.3768478333950043,1780385481.5101223
93934,Metrics/base_velocity/error_vel_yaw,0.37625330686569214,1780385505.8362474
93939,Metrics/base_velocity/error_vel_yaw,0.3800060451030731,1780385530.0143
93944,Metrics/base_velocity/error_vel_yaw,0.37852558493614197,1780385554.7114122
93949,Metrics/base_velocity/error_vel_yaw,0.38222965598106384,1780385579.3348196
93954,Metrics/base_velocity/error_vel_yaw,0.3837624192237854,1780385603.6037934
93959,Metrics/base_velocity/error_vel_yaw,0.3870578706264496,1780385627.7785907
93964,Metrics/base_velocity/error_vel_yaw,0.3883422315120697,1780385652.0275676
93969,Metrics/base_velocity/error_vel_yaw,0.39086097478866577,1780385675.135035
93974,Metrics/base_velocity/error_vel_yaw,0.39233240485191345,1780385699.5426183
93979,Metrics/base_velocity/error_vel_yaw,0.39231714606285095,1780385724.155169
93984,Metrics/base_velocity/error_vel_yaw,0.39486438035964966,1780385748.8441782
93989,Metrics/base_velocity/error_vel_yaw,0.3939931392669678,1780385772.9092844
93994,Metrics/base_velocity/error_vel_yaw,0.40056610107421875,1780385797.0992792
93999,Metrics/base_velocity/error_vel_yaw,0.39969512820243835,1780385820.8765626
94004,Metrics/base_velocity/error_vel_yaw,0.4032955765724182,1780385845.0121472
94009,Metrics/base_velocity/error_vel_yaw,0.4022220969200134,1780385869.0326478
94014,Metrics/base_velocity/error_vel_yaw,0.40464815497398376,1780385893.2216976
94019,Metrics/base_velocity/error_vel_yaw,0.4088650643825531,1780385917.3521478
94024,Metrics/base_velocity/error_vel_yaw,0.40366196632385254,1780385941.591411
94029,Metrics/base_velocity/error_vel_yaw,0.4073948860168457,1780385966.090881
94034,Metrics/base_velocity/error_vel_yaw,0.4103354811668396,1780385989.296664
94039,Metrics/base_velocity/error_vel_yaw,0.4053238332271576,1780386011.4384818
94044,Metrics/base_velocity/error_vel_yaw,0.4117166996002197,1780386031.6279898
94049,Metrics/base_velocity/error_vel_yaw,0.4129854142665863,1780386051.7592626
94054,Metrics/base_velocity/error_vel_yaw,0.4090517461299896,1780386072.2405148
94059,Metrics/base_velocity/error_vel_yaw,0.41166433691978455,1780386092.0484395
94064,Metrics/base_velocity/error_vel_yaw,0.41215139627456665,1780386112.0943587
94069,Metrics/base_velocity/error_vel_yaw,0.413058340549469,1780386132.1770263
94074,Metrics/base_velocity/error_vel_yaw,0.41431546211242676,1780386155.4168534
94079,Metrics/base_velocity/error_vel_yaw,0.41479310393333435,1780386180.0694215
94084,Metrics/base_velocity/error_vel_yaw,0.41603249311447144,1780386204.3934352
94089,Metrics/base_velocity/error_vel_yaw,0.4199345111846924,1780386228.469329
94094,Metrics/base_velocity/error_vel_yaw,0.4174513816833496,1780386251.4630003
94099,Metrics/base_velocity/error_vel_yaw,0.417790949344635,1780386272.1111248
94104,Metrics/base_velocity/error_vel_yaw,0.4208080470561981,1780386292.8675492
94109,Metrics/base_velocity/error_vel_yaw,0.41927075386047363,1780386313.4861887
94114,Metrics/base_velocity/error_vel_yaw,0.4173120856285095,1780386336.4740794
94119,Metrics/base_velocity/error_vel_yaw,0.42444202303886414,1780386360.5851884
94124,Metrics/base_velocity/error_vel_yaw,0.42294439673423767,1780386385.2906995
94129,Metrics/base_velocity/error_vel_yaw,0.42404621839523315,1780386409.407962
94134,Metrics/base_velocity/error_vel_yaw,0.4284855127334595,1780386433.3960538
94139,Metrics/base_velocity/error_vel_yaw,0.42409539222717285,1780386457.5556033
94144,Metrics/base_velocity/error_vel_yaw,0.42244452238082886,1780386482.269859
94149,Metrics/base_velocity/error_vel_yaw,0.42176568508148193,1780386506.6412213
94154,Metrics/base_velocity/error_vel_yaw,0.41974663734436035,1780386531.2827787
94159,Metrics/base_velocity/error_vel_yaw,0.42206650972366333,1780386555.3817759
94164,Metrics/base_velocity/error_vel_yaw,0.4173254370689392,1780386579.662011
94169,Metrics/base_velocity/error_vel_yaw,0.42026567459106445,1780386604.1329958
94174,Metrics/base_velocity/error_vel_yaw,0.4196835160255432,1780386628.707432
94179,Metrics/base_velocity/error_vel_yaw,0.4194157123565674,1780386652.5857885
94184,Metrics/base_velocity/error_vel_yaw,0.42266520857810974,1780386677.0010214
94189,Metrics/base_velocity/error_vel_yaw,0.4210267961025238,1780386701.4764535
94194,Metrics/base_velocity/error_vel_yaw,0.4205389618873596,1780386725.5487237
94199,Metrics/base_velocity/error_vel_yaw,0.4212613105773926,1780386749.8837326
94204,Metrics/base_velocity/error_vel_yaw,0.4218297004699707,1780386774.2226124
94209,Metrics/base_velocity/error_vel_yaw,0.4221998155117035,1780386798.3001788
94214,Metrics/base_velocity/error_vel_yaw,0.42215999960899353,1780386823.1600425
94219,Metrics/base_velocity/error_vel_yaw,0.42092975974082947,1780386847.421797
94224,Metrics/base_velocity/error_vel_yaw,0.42224758863449097,1780386872.1051311
94229,Metrics/base_velocity/error_vel_yaw,0.42400193214416504,1780386896.223508
94234,Metrics/base_velocity/error_vel_yaw,0.4226877689361572,1780386920.4304624
94239,Metrics/base_velocity/error_vel_yaw,0.4216371476650238,1780386944.748237
94244,Metrics/base_velocity/error_vel_yaw,0.42239224910736084,1780386969.0101771
94249,Metrics/base_velocity/error_vel_yaw,0.4204431474208832,1780386993.4024515
94254,Metrics/base_velocity/error_vel_yaw,0.4221920371055603,1780387017.8680675
94259,Metrics/base_velocity/error_vel_yaw,0.42426344752311707,1780387041.6118443
94264,Metrics/base_velocity/error_vel_yaw,0.4198264479637146,1780387065.745916
94269,Metrics/base_velocity/error_vel_yaw,0.424927294254303,1780387089.9835658
94274,Metrics/base_velocity/error_vel_yaw,0.42256730794906616,1780387113.6868632
94279,Metrics/base_velocity/error_vel_yaw,0.42432793974876404,1780387137.6392765
94284,Metrics/base_velocity/error_vel_yaw,0.42258164286613464,1780387162.5783591
94289,Metrics/base_velocity/error_vel_yaw,0.42482098937034607,1780387186.5591996
94294,Metrics/base_velocity/error_vel_yaw,0.419447124004364,1780387210.594139
94299,Metrics/base_velocity/error_vel_yaw,0.4184424877166748,1780387234.9885137
94304,Metrics/base_velocity/error_vel_yaw,0.4185900390148163,1780387259.0396774
94309,Metrics/base_velocity/error_vel_yaw,0.4178583025932312,1780387282.4137619
94314,Metrics/base_velocity/error_vel_yaw,0.41801127791404724,1780387306.2352612
94319,Metrics/base_velocity/error_vel_yaw,0.4148615002632141,1780387330.3711054
94324,Metrics/base_velocity/error_vel_yaw,0.4158341884613037,1780387353.7738464
94329,Metrics/base_velocity/error_vel_yaw,0.4159620702266693,1780387377.3620253
94334,Metrics/base_velocity/error_vel_yaw,0.41209936141967773,1780387400.8075762
94339,Metrics/base_velocity/error_vel_yaw,0.41086626052856445,1780387424.610945
94344,Metrics/base_velocity/error_vel_yaw,0.4093758463859558,1780387448.111673
94349,Metrics/base_velocity/error_vel_yaw,0.41504156589508057,1780387472.1082025
94354,Metrics/base_velocity/error_vel_yaw,0.41466474533081055,1780387495.5487568
94359,Metrics/base_velocity/error_vel_yaw,0.41012105345726013,1780387519.1361127
94364,Metrics/base_velocity/error_vel_yaw,0.4125952124595642,1780387542.836392
94369,Metrics/base_velocity/error_vel_yaw,0.4114481806755066,1780387566.4027324
94374,Metrics/base_velocity/error_vel_yaw,0.4155009686946869,1780387590.2685337
94379,Metrics/base_velocity/error_vel_yaw,0.41553640365600586,1780387613.8812335
94384,Metrics/base_velocity/error_vel_yaw,0.4160187244415283,1780387637.4598422
94389,Metrics/base_velocity/error_vel_yaw,0.416789710521698,1780387660.9472487
94394,Metrics/base_velocity/error_vel_yaw,0.41770848631858826,1780387684.7034962
94399,Metrics/base_velocity/error_vel_yaw,0.41705963015556335,1780387708.480243
94404,Metrics/base_velocity/error_vel_yaw,0.41949817538261414,1780387731.8601153
94409,Metrics/base_velocity/error_vel_yaw,0.4208053946495056,1780387755.3043804
94414,Metrics/base_velocity/error_vel_yaw,0.41937094926834106,1780387778.8291683
94419,Metrics/base_velocity/error_vel_yaw,0.41802749037742615,1780387802.716227
94424,Metrics/base_velocity/error_vel_yaw,0.416096568107605,1780387826.5108674
94429,Metrics/base_velocity/error_vel_yaw,0.421322226524353,1780387850.0855584
94434,Metrics/base_velocity/error_vel_yaw,0.42086827754974365,1780387873.2313702
94439,Metrics/base_velocity/error_vel_yaw,0.4182296693325043,1780387895.3245232
94444,Metrics/base_velocity/error_vel_yaw,0.4178997874259949,1780387916.2559102
94449,Metrics/base_velocity/error_vel_yaw,0.4169856309890747,1780387937.3088348
94454,Metrics/base_velocity/error_vel_yaw,0.4192202091217041,1780387957.7001717
94459,Metrics/base_velocity/error_vel_yaw,0.4125746190547943,1780387977.919083
94464,Metrics/base_velocity/error_vel_yaw,0.42080873250961304,1780387997.792757
94469,Metrics/base_velocity/error_vel_yaw,0.4194159209728241,1780388017.9065933
94474,Metrics/base_velocity/error_vel_yaw,0.42096447944641113,1780388037.0731177
94479,Metrics/base_velocity/error_vel_yaw,0.4204051196575165,1780388056.4814684
94484,Metrics/base_velocity/error_vel_yaw,0.4214375913143158,1780388076.6719532
94489,Metrics/base_velocity/error_vel_yaw,0.41916054487228394,1780388096.4923337
94494,Metrics/base_velocity/error_vel_yaw,0.4250114858150482,1780388116.7830822
94499,Metrics/base_velocity/error_vel_yaw,0.42019033432006836,1780388139.2567368
94504,Metrics/base_velocity/error_vel_yaw,0.42348623275756836,1780388163.1902232
94509,Metrics/base_velocity/error_vel_yaw,0.4212474524974823,1780388187.0064795
94514,Metrics/base_velocity/error_vel_yaw,0.4211753308773041,1780388210.6911905
94519,Metrics/base_velocity/error_vel_yaw,0.42183917760849,1780388234.1815639
94524,Metrics/base_velocity/error_vel_yaw,0.4220914840698242,1780388257.7043555
94529,Metrics/base_velocity/error_vel_yaw,0.42435407638549805,1780388278.0822587
94534,Metrics/base_velocity/error_vel_yaw,0.4201626181602478,1780388297.9823668
94539,Metrics/base_velocity/error_vel_yaw,0.4216468334197998,1780388318.7168741
94544,Metrics/base_velocity/error_vel_yaw,0.4207858443260193,1780388342.1132796
94549,Metrics/base_velocity/error_vel_yaw,0.4200706481933594,1780388365.7011676
94554,Metrics/base_velocity/error_vel_yaw,0.42097800970077515,1780388389.4857583
94559,Metrics/base_velocity/error_vel_yaw,0.41992872953414917,1780388413.025275
94564,Metrics/base_velocity/error_vel_yaw,0.42227399349212646,1780388437.1213856
94569,Metrics/base_velocity/error_vel_yaw,0.42232775688171387,1780388461.269098
94574,Metrics/base_velocity/error_vel_yaw,0.4255666136741638,1780388485.0617483
94579,Metrics/base_velocity/error_vel_yaw,0.4253292679786682,1780388508.856012
94584,Metrics/base_velocity/error_vel_yaw,0.4235805869102478,1780388532.5885313
94589,Metrics/base_velocity/error_vel_yaw,0.42630860209465027,1780388556.1847208
94594,Metrics/base_velocity/error_vel_yaw,0.42769598960876465,1780388580.0238888
94599,Metrics/base_velocity/error_vel_yaw,0.42638909816741943,1780388603.6792724
94604,Metrics/base_velocity/error_vel_yaw,0.42611461877822876,1780388627.2881992
94609,Metrics/base_velocity/error_vel_yaw,0.4255234897136688,1780388651.0180242
94614,Metrics/base_velocity/error_vel_yaw,0.4251049757003784,1780388674.5730758
94619,Metrics/base_velocity/error_vel_yaw,0.4300841987133026,1780388698.026693
94624,Metrics/base_velocity/error_vel_yaw,0.43074068427085876,1780388721.9037626
94629,Metrics/base_velocity/error_vel_yaw,0.42824411392211914,1780388746.1599376
94634,Metrics/base_velocity/error_vel_yaw,0.43043166399002075,1780388769.6934545
94639,Metrics/base_velocity/error_vel_yaw,0.43328794836997986,1780388793.3251362
94644,Metrics/base_velocity/error_vel_yaw,0.43577656149864197,1780388817.3307004
94649,Metrics/base_velocity/error_vel_yaw,0.43472886085510254,1780388840.885345
94654,Metrics/base_velocity/error_vel_yaw,0.4362695813179016,1780388864.596755
94659,Metrics/base_velocity/error_vel_yaw,0.43593764305114746,1780388888.2852829
94664,Metrics/base_velocity/error_vel_yaw,0.4359315037727356,1780388911.7057924
94669,Metrics/base_velocity/error_vel_yaw,0.4352649450302124,1780388935.5856254
94674,Metrics/base_velocity/error_vel_yaw,0.43592092394828796,1780388959.57716
94679,Metrics/base_velocity/error_vel_yaw,0.4409758746623993,1780388983.2912083
94684,Metrics/base_velocity/error_vel_yaw,0.4389415383338928,1780389007.0741186
94689,Metrics/base_velocity/error_vel_yaw,0.4405141770839691,1780389031.1282778
94694,Metrics/base_velocity/error_vel_yaw,0.44157084822654724,1780389054.9594946
94699,Metrics/base_velocity/error_vel_yaw,0.44335442781448364,1780389079.1973124
94704,Metrics/base_velocity/error_vel_yaw,0.4452918469905853,1780389102.9352798
94709,Metrics/base_velocity/error_vel_yaw,0.44830986857414246,1780389127.202753
94714,Metrics/base_velocity/error_vel_yaw,0.4471045136451721,1780389151.2383933
94719,Metrics/base_velocity/error_vel_yaw,0.4538310766220093,1780389175.52068
94724,Metrics/base_velocity/error_vel_yaw,0.45322713255882263,1780389199.493564
94729,Metrics/base_velocity/error_vel_yaw,0.4529544711112976,1780389223.366482
94734,Metrics/base_velocity/error_vel_yaw,0.45234203338623047,1780389247.4739234
94739,Metrics/base_velocity/error_vel_yaw,0.45738184452056885,1780389271.6526535
94744,Metrics/base_velocity/error_vel_yaw,0.458830326795578,1780389295.726602
94749,Metrics/base_velocity/error_vel_yaw,0.4614972472190857,1780389319.9712737
94754,Metrics/base_velocity/error_vel_yaw,0.46181198954582214,1780389344.1397781
94759,Metrics/base_velocity/error_vel_yaw,0.46498486399650574,1780389367.9451725
94764,Metrics/base_velocity/error_vel_yaw,0.46217772364616394,1780389392.1519883
94769,Metrics/base_velocity/error_vel_yaw,0.46560174226760864,1780389416.722731
94774,Metrics/base_velocity/error_vel_yaw,0.46420663595199585,1780389437.659173
94779,Metrics/base_velocity/error_vel_yaw,0.47036978602409363,1780389460.796235
94784,Metrics/base_velocity/error_vel_yaw,0.47239887714385986,1780389485.2772307
94789,Metrics/base_velocity/error_vel_yaw,0.4740684926509857,1780389509.628742
94794,Metrics/base_velocity/error_vel_yaw,0.4746794104576111,1780389534.3555133
94799,Metrics/base_velocity/error_vel_yaw,0.47136861085891724,1780389558.6334145
94804,Metrics/base_velocity/error_vel_yaw,0.47585222125053406,1780389583.5175438
94809,Metrics/base_velocity/error_vel_yaw,0.47782671451568604,1780389607.3772974
94814,Metrics/base_velocity/error_vel_yaw,0.4760136604309082,1780389631.5024872
94819,Metrics/base_velocity/error_vel_yaw,0.4764530062675476,1780389655.491003
94824,Metrics/base_velocity/error_vel_yaw,0.48373639583587646,1780389679.2303348
94829,Metrics/base_velocity/error_vel_yaw,0.48532533645629883,1780389703.3424525
94834,Metrics/base_velocity/error_vel_yaw,0.4860515594482422,1780389727.5642033
94839,Metrics/base_velocity/error_vel_yaw,0.4890922009944916,1780389750.0936983
94844,Metrics/base_velocity/error_vel_yaw,0.4871560335159302,1780389773.72618
94849,Metrics/base_velocity/error_vel_yaw,0.48992395401000977,1780389795.8389015
94854,Metrics/base_velocity/error_vel_yaw,0.48555660247802734,1780389820.258756
94859,Metrics/base_velocity/error_vel_yaw,0.4873683452606201,1780389844.8116395
94864,Metrics/base_velocity/error_vel_yaw,0.4891902804374695,1780389868.8175893
94869,Metrics/base_velocity/error_vel_yaw,0.48843878507614136,1780389889.6194358
94874,Metrics/base_velocity/error_vel_yaw,0.4898027777671814,1780389911.5697622
94879,Metrics/base_velocity/error_vel_yaw,0.4903047978878021,1780389935.8845222
94884,Metrics/base_velocity/error_vel_yaw,0.4887288510799408,1780389960.715407
94889,Metrics/base_velocity/error_vel_yaw,0.4905977249145508,1780389985.699999
94894,Metrics/base_velocity/error_vel_yaw,0.4874210059642792,1780390010.278191
94899,Metrics/base_velocity/error_vel_yaw,0.49152129888534546,1780390033.9710338
94904,Metrics/base_velocity/error_vel_yaw,0.491590678691864,1780390056.218724
94909,Metrics/base_velocity/error_vel_yaw,0.49038419127464294,1780390081.2551293
94914,Metrics/base_velocity/error_vel_yaw,0.4898872375488281,1780390105.7865026
94919,Metrics/base_velocity/error_vel_yaw,0.4882604777812958,1780390130.1423683
94924,Metrics/base_velocity/error_vel_yaw,0.4850562512874603,1780390154.4595451
94929,Metrics/base_velocity/error_vel_yaw,0.48987025022506714,1780390174.6223032
94934,Metrics/base_velocity/error_vel_yaw,0.4897347390651703,1780390197.17936
94939,Metrics/base_velocity/error_vel_yaw,0.4908176362514496,1780390220.9640236
94944,Metrics/base_velocity/error_vel_yaw,0.4942586123943329,1780390244.8310118
94949,Metrics/base_velocity/error_vel_yaw,0.493416965007782,1780390269.1637995
94954,Metrics/base_velocity/error_vel_yaw,0.49577027559280396,1780390293.5777779
94959,Metrics/base_velocity/error_vel_yaw,0.495518296957016,1780390314.9697933
94964,Metrics/base_velocity/error_vel_yaw,0.4937532842159271,1780390336.616285
94969,Metrics/base_velocity/error_vel_yaw,0.49308115243911743,1780390359.6793919
94974,Metrics/base_velocity/error_vel_yaw,0.4946303367614746,1780390379.818273
94979,Metrics/base_velocity/error_vel_yaw,0.4949985444545746,1780390399.960361
94984,Metrics/base_velocity/error_vel_yaw,0.49512654542922974,1780390420.8797557
94989,Metrics/base_velocity/error_vel_yaw,0.49375268816947937,1780390441.93599
94994,Metrics/base_velocity/error_vel_yaw,0.4937330484390259,1780390462.9507196
94999,Metrics/base_velocity/error_vel_yaw,0.4902770221233368,1780390486.2762768
95004,Metrics/base_velocity/error_vel_yaw,0.48823755979537964,1780390510.0373912
95009,Metrics/base_velocity/error_vel_yaw,0.48296838998794556,1780390534.1501706
95014,Metrics/base_velocity/error_vel_yaw,0.486345499753952,1780390557.97185
95019,Metrics/base_velocity/error_vel_yaw,0.49048376083374023,1780390581.8092165
95024,Metrics/base_velocity/error_vel_yaw,0.49114418029785156,1780390605.821189
95029,Metrics/base_velocity/error_vel_yaw,0.4821070432662964,1780390629.4805624
95034,Metrics/base_velocity/error_vel_yaw,0.488689661026001,1780390653.308831
95039,Metrics/base_velocity/error_vel_yaw,0.4873510003089905,1780390676.9231923
95044,Metrics/base_velocity/error_vel_yaw,0.49100515246391296,1780390700.2139316
95049,Metrics/base_velocity/error_vel_yaw,0.4883933961391449,1780390723.936289
95054,Metrics/base_velocity/error_vel_yaw,0.48629793524742126,1780390747.6095588
95059,Metrics/base_velocity/error_vel_yaw,0.48821890354156494,1780390771.1078348
95064,Metrics/base_velocity/error_vel_yaw,0.4826851487159729,1780390794.7455423
95069,Metrics/base_velocity/error_vel_yaw,0.4806388318538666,1780390818.627992
95074,Metrics/base_velocity/error_vel_yaw,0.4851251542568207,1780390842.2576537
95079,Metrics/base_velocity/error_vel_yaw,0.48610755801200867,1780390866.0728536
95084,Metrics/base_velocity/error_vel_yaw,0.48862719535827637,1780390890.195269
95089,Metrics/base_velocity/error_vel_yaw,0.4852094054222107,1780390913.9713664
95094,Metrics/base_velocity/error_vel_yaw,0.48470640182495117,1780390937.5257447
95099,Metrics/base_velocity/error_vel_yaw,0.4856196641921997,1780390961.2348044
95104,Metrics/base_velocity/error_vel_yaw,0.4840671420097351,1780390985.118532
95109,Metrics/base_velocity/error_vel_yaw,0.48216259479522705,1780391008.7059798
95114,Metrics/base_velocity/error_vel_yaw,0.4823928475379944,1780391032.360467
95119,Metrics/base_velocity/error_vel_yaw,0.4782969653606415,1780391056.1001725
95124,Metrics/base_velocity/error_vel_yaw,0.48203524947166443,1780391079.5515857
95129,Metrics/base_velocity/error_vel_yaw,0.4800984263420105,1780391103.2019475
95134,Metrics/base_velocity/error_vel_yaw,0.47936350107192993,1780391126.987923
95139,Metrics/base_velocity/error_vel_yaw,0.4812045991420746,1780391150.2784004
95144,Metrics/base_velocity/error_vel_yaw,0.47894781827926636,1780391173.6698122
95149,Metrics/base_velocity/error_vel_yaw,0.4770914912223816,1780391197.1930406
95154,Metrics/base_velocity/error_vel_yaw,0.4782082736492157,1780391221.1817675
95159,Metrics/base_velocity/error_vel_yaw,0.47915053367614746,1780391245.7382798
95164,Metrics/base_velocity/error_vel_yaw,0.4804632067680359,1780391269.6489875
95169,Metrics/base_velocity/error_vel_yaw,0.47893357276916504,1780391293.353349
95174,Metrics/base_velocity/error_vel_yaw,0.4797927141189575,1780391317.2956984
95179,Metrics/base_velocity/error_vel_yaw,0.47956353425979614,1780391341.4306529
95184,Metrics/base_velocity/error_vel_yaw,0.4709120988845825,1780391365.33795
95189,Metrics/base_velocity/error_vel_yaw,0.4777054190635681,1780391389.4521084
95194,Metrics/base_velocity/error_vel_yaw,0.48100149631500244,1780391413.2135653
95199,Metrics/base_velocity/error_vel_yaw,0.4836580753326416,1780391436.709199
95204,Metrics/base_velocity/error_vel_yaw,0.4821958541870117,1780391460.5692859
95209,Metrics/base_velocity/error_vel_yaw,0.48089635372161865,1780391484.5624669
95214,Metrics/base_velocity/error_vel_yaw,0.48019346594810486,1780391508.314193
95219,Metrics/base_velocity/error_vel_yaw,0.4768671989440918,1780391531.7054837
95224,Metrics/base_velocity/error_vel_yaw,0.4807875156402588,1780391555.5117686
95229,Metrics/base_velocity/error_vel_yaw,0.47960981726646423,1780391579.3959992
95234,Metrics/base_velocity/error_vel_yaw,0.4741145968437195,1780391602.6725392
95239,Metrics/base_velocity/error_vel_yaw,0.47592663764953613,1780391626.3710136
95244,Metrics/base_velocity/error_vel_yaw,0.47675859928131104,1780391650.2655547
95249,Metrics/base_velocity/error_vel_yaw,0.4765545725822449,1780391673.739051
95254,Metrics/base_velocity/error_vel_yaw,0.47591978311538696,1780391697.31649
95259,Metrics/base_velocity/error_vel_yaw,0.47601914405822754,1780391720.9346428
95264,Metrics/base_velocity/error_vel_yaw,0.4776168763637543,1780391745.273278
95269,Metrics/base_velocity/error_vel_yaw,0.4742851257324219,1780391769.17182
95274,Metrics/base_velocity/error_vel_yaw,0.47575217485427856,1780391793.1315966
95279,Metrics/base_velocity/error_vel_yaw,0.4790116250514984,1780391816.5455883
95284,Metrics/base_velocity/error_vel_yaw,0.48184093832969666,1780391840.6930764
95289,Metrics/base_velocity/error_vel_yaw,0.48316535353660583,1780391864.7046566
95294,Metrics/base_velocity/error_vel_yaw,0.48320597410202026,1780391888.8185616
95299,Metrics/base_velocity/error_vel_yaw,0.48461413383483887,1780391912.9216259
95304,Metrics/base_velocity/error_vel_yaw,0.4814927279949188,1780391936.6964123
95309,Metrics/base_velocity/error_vel_yaw,0.4790969789028168,1780391960.4066014
95314,Metrics/base_velocity/error_vel_yaw,0.4806770980358124,1780391984.1816561
95319,Metrics/base_velocity/error_vel_yaw,0.4787580966949463,1780392008.1853652
95324,Metrics/base_velocity/error_vel_yaw,0.4786425828933716,1780392032.057132
95329,Metrics/base_velocity/error_vel_yaw,0.4784432351589203,1780392055.643457
95334,Metrics/base_velocity/error_vel_yaw,0.47635143995285034,1780392079.9513578
95339,Metrics/base_velocity/error_vel_yaw,0.4745069444179535,1780392104.000463
95344,Metrics/base_velocity/error_vel_yaw,0.4760563373565674,1780392126.798183
95349,Metrics/base_velocity/error_vel_yaw,0.4716775417327881,1780392147.0510852
95354,Metrics/base_velocity/error_vel_yaw,0.47153329849243164,1780392166.9599748
95359,Metrics/base_velocity/error_vel_yaw,0.47200343012809753,1780392188.7061017
95364,Metrics/base_velocity/error_vel_yaw,0.47210752964019775,1780392209.2773116
95369,Metrics/base_velocity/error_vel_yaw,0.47027355432510376,1780392229.1824973
95374,Metrics/base_velocity/error_vel_yaw,0.4682055413722992,1780392252.0158193
95379,Metrics/base_velocity/error_vel_yaw,0.468112051486969,1780392276.002849
95384,Metrics/base_velocity/error_vel_yaw,0.46571075916290283,1780392300.058636
95389,Metrics/base_velocity/error_vel_yaw,0.46642476320266724,1780392324.3567834
95394,Metrics/base_velocity/error_vel_yaw,0.46720191836357117,1780392348.0994775
95399,Metrics/base_velocity/error_vel_yaw,0.4642278552055359,1780392371.4296074
95404,Metrics/base_velocity/error_vel_yaw,0.4657914638519287,1780392395.0291476
95409,Metrics/base_velocity/error_vel_yaw,0.4621874988079071,1780392418.6828907
95414,Metrics/base_velocity/error_vel_yaw,0.46378564834594727,1780392442.4397762
95419,Metrics/base_velocity/error_vel_yaw,0.46270787715911865,1780392466.3243952
95424,Metrics/base_velocity/error_vel_yaw,0.46167290210723877,1780392490.5287614
95429,Metrics/base_velocity/error_vel_yaw,0.4618321359157562,1780392514.0689
95434,Metrics/base_velocity/error_vel_yaw,0.45904549956321716,1780392537.676416
95439,Metrics/base_velocity/error_vel_yaw,0.45926135778427124,1780392561.0290666
95444,Metrics/base_velocity/error_vel_yaw,0.457949697971344,1780392584.4982026
95449,Metrics/base_velocity/error_vel_yaw,0.458809494972229,1780392608.4513578
95454,Metrics/base_velocity/error_vel_yaw,0.459998220205307,1780392632.0599232
95459,Metrics/base_velocity/error_vel_yaw,0.4580709636211395,1780392655.4704084
95464,Metrics/base_velocity/error_vel_yaw,0.459951251745224,1780392679.2612214
95469,Metrics/base_velocity/error_vel_yaw,0.452441930770874,1780392702.909875
95474,Metrics/base_velocity/error_vel_yaw,0.4568430781364441,1780392726.3242412
95479,Metrics/base_velocity/error_vel_yaw,0.45384812355041504,1780392749.901974
95484,Metrics/base_velocity/error_vel_yaw,0.45593780279159546,1780392773.622759
95489,Metrics/base_velocity/error_vel_yaw,0.453556627035141,1780392797.1020737
95494,Metrics/base_velocity/error_vel_yaw,0.45613229274749756,1780392820.8134608
95499,Metrics/base_velocity/error_vel_yaw,0.4549632966518402,1780392844.4053617
95504,Metrics/base_velocity/error_vel_yaw,0.45577868819236755,1780392868.2278829
95509,Metrics/base_velocity/error_vel_yaw,0.45364269614219666,1780392891.758382
95514,Metrics/base_velocity/error_vel_yaw,0.4550813138484955,1780392915.5820866
95519,Metrics/base_velocity/error_vel_yaw,0.4594045877456665,1780392936.920918
95524,Metrics/base_velocity/error_vel_yaw,0.4596214294433594,1780392957.7830431
95529,Metrics/base_velocity/error_vel_yaw,0.46127480268478394,1780392979.9807427
95534,Metrics/base_velocity/error_vel_yaw,0.4623492956161499,1780393004.0265393
95539,Metrics/base_velocity/error_vel_yaw,0.46351784467697144,1780393028.019285
95544,Metrics/base_velocity/error_vel_yaw,0.46286022663116455,1780393051.9277725
95549,Metrics/base_velocity/error_vel_yaw,0.4619625508785248,1780393075.563774
95554,Metrics/base_velocity/error_vel_yaw,0.46452784538269043,1780393099.7677512
95559,Metrics/base_velocity/error_vel_yaw,0.466543048620224,1780393123.831503
95564,Metrics/base_velocity/error_vel_yaw,0.46691855788230896,1780393147.870458
95569,Metrics/base_velocity/error_vel_yaw,0.4674363136291504,1780393172.0646815
95574,Metrics/base_velocity/error_vel_yaw,0.4647180736064911,1780393196.1825488
95579,Metrics/base_velocity/error_vel_yaw,0.4668421745300293,1780393220.2807896
95584,Metrics/base_velocity/error_vel_yaw,0.4695318937301636,1780393243.1535015
95589,Metrics/base_velocity/error_vel_yaw,0.46829885244369507,1780393264.8243127
95594,Metrics/base_velocity/error_vel_yaw,0.46738481521606445,1780393289.258583
95599,Metrics/base_velocity/error_vel_yaw,0.46524161100387573,1780393313.427265
95604,Metrics/base_velocity/error_vel_yaw,0.4696580767631531,1780393335.164612
95609,Metrics/base_velocity/error_vel_yaw,0.46970701217651367,1780393358.4701989
95614,Metrics/base_velocity/error_vel_yaw,0.47079920768737793,1780393382.7509236
95619,Metrics/base_velocity/error_vel_yaw,0.4683672785758972,1780393407.0038493
95624,Metrics/base_velocity/error_vel_yaw,0.47134384512901306,1780393431.0184002
95629,Metrics/base_velocity/error_vel_yaw,0.4718654751777649,1780393455.575264
95634,Metrics/base_velocity/error_vel_yaw,0.4690433144569397,1780393479.1013184
95639,Metrics/base_velocity/error_vel_yaw,0.46830248832702637,1780393499.744947
95644,Metrics/base_velocity/error_vel_yaw,0.47029829025268555,1780393520.0429306
95649,Metrics/base_velocity/error_vel_yaw,0.47108691930770874,1780393541.339939
95654,Metrics/base_velocity/error_vel_yaw,0.46949076652526855,1780393561.7871401
95659,Metrics/base_velocity/error_vel_yaw,0.468007892370224,1780393582.866681
95664,Metrics/base_velocity/error_vel_yaw,0.4671085774898529,1780393605.564776
95669,Metrics/base_velocity/error_vel_yaw,0.46312904357910156,1780393626.5876248
95674,Metrics/base_velocity/error_vel_yaw,0.4625213146209717,1780393647.4683838
95679,Metrics/base_velocity/error_vel_yaw,0.45908841490745544,1780393667.5030715
95684,Metrics/base_velocity/error_vel_yaw,0.4562876224517822,1780393690.9970953
95689,Metrics/base_velocity/error_vel_yaw,0.45562487840652466,1780393715.3528168
95694,Metrics/base_velocity/error_vel_yaw,0.45612186193466187,1780393739.241018
95699,Metrics/base_velocity/error_vel_yaw,0.4559539258480072,1780393763.5560858
95704,Metrics/base_velocity/error_vel_yaw,0.4555772542953491,1780393788.0639575
95709,Metrics/base_velocity/error_vel_yaw,0.4528764486312866,1780393812.7047675
95714,Metrics/base_velocity/error_vel_yaw,0.45334845781326294,1780393834.3464975
95719,Metrics/base_velocity/error_vel_yaw,0.4539071023464203,1780393857.060764
95724,Metrics/base_velocity/error_vel_yaw,0.452389121055603,1780393880.8907268
95729,Metrics/base_velocity/error_vel_yaw,0.4490755498409271,1780393905.282645
95734,Metrics/base_velocity/error_vel_yaw,0.4488241672515869,1780393929.286643
95739,Metrics/base_velocity/error_vel_yaw,0.45105358958244324,1780393952.9108276
95744,Metrics/base_velocity/error_vel_yaw,0.4473019540309906,1780393976.5678275
95749,Metrics/base_velocity/error_vel_yaw,0.44759827852249146,1780394000.616778
95754,Metrics/base_velocity/error_vel_yaw,0.4466080665588379,1780394024.6232767
95759,Metrics/base_velocity/error_vel_yaw,0.4463798999786377,1780394048.7206368
95764,Metrics/base_velocity/error_vel_yaw,0.44685253500938416,1780394072.4783077
95769,Metrics/base_velocity/error_vel_yaw,0.4429861903190613,1780394095.9498973
95774,Metrics/base_velocity/error_vel_yaw,0.44324690103530884,1780394117.5256863
95779,Metrics/base_velocity/error_vel_yaw,0.4398135542869568,1780394140.7275174
95784,Metrics/base_velocity/error_vel_yaw,0.4398915469646454,1780394165.013691
95789,Metrics/base_velocity/error_vel_yaw,0.43944352865219116,1780394189.2162194
95794,Metrics/base_velocity/error_vel_yaw,0.43695783615112305,1780394212.8896284
95799,Metrics/base_velocity/error_vel_yaw,0.43713101744651794,1780394236.4333205
95804,Metrics/base_velocity/error_vel_yaw,0.4346858859062195,1780394260.3047593
95809,Metrics/base_velocity/error_vel_yaw,0.4369589686393738,1780394283.4924319
95814,Metrics/base_velocity/error_vel_yaw,0.43614858388900757,1780394303.6066065
95819,Metrics/base_velocity/error_vel_yaw,0.4363384246826172,1780394323.238137
95824,Metrics/base_velocity/error_vel_yaw,0.4341462552547455,1780394343.0280895
95829,Metrics/base_velocity/error_vel_yaw,0.4342350363731384,1780394363.040069
95834,Metrics/base_velocity/error_vel_yaw,0.4331516623497009,1780394383.26983
95839,Metrics/base_velocity/error_vel_yaw,0.4314696192741394,1780394403.2170324
95844,Metrics/base_velocity/error_vel_yaw,0.43036171793937683,1780394423.1474357
95849,Metrics/base_velocity/error_vel_yaw,0.4324609935283661,1780394446.1266353
95854,Metrics/base_velocity/error_vel_yaw,0.43075940012931824,1780394469.846237
95859,Metrics/base_velocity/error_vel_yaw,0.42978358268737793,1780394493.6157837
95864,Metrics/base_velocity/error_vel_yaw,0.43341800570487976,1780394517.5108247
95869,Metrics/base_velocity/error_vel_yaw,0.4335397183895111,1780394541.2910666
95874,Metrics/base_velocity/error_vel_yaw,0.4345870912075043,1780394565.39177
95879,Metrics/base_velocity/error_vel_yaw,0.4347267150878906,1780394585.9457865
95884,Metrics/base_velocity/error_vel_yaw,0.4353345036506653,1780394610.5105598
95889,Metrics/base_velocity/error_vel_yaw,0.43759459257125854,1780394634.6700416
95894,Metrics/base_velocity/error_vel_yaw,0.43252846598625183,1780394658.918822
95899,Metrics/base_velocity/error_vel_yaw,0.4367258548736572,1780394682.8984385
95904,Metrics/base_velocity/error_vel_yaw,0.4345495104789734,1780394706.7964268
95909,Metrics/base_velocity/error_vel_yaw,0.43857163190841675,1780394730.4273088
95914,Metrics/base_velocity/error_vel_yaw,0.44180700182914734,1780394754.5465488
95919,Metrics/base_velocity/error_vel_yaw,0.44178396463394165,1780394778.755434
95924,Metrics/base_velocity/error_vel_yaw,0.4418191909790039,1780394802.5094585
95929,Metrics/base_velocity/error_vel_yaw,0.441969096660614,1780394826.4954724
95934,Metrics/base_velocity/error_vel_yaw,0.4431442618370056,1780394850.768358
95939,Metrics/base_velocity/error_vel_yaw,0.4447736144065857,1780394874.3883984
95944,Metrics/base_velocity/error_vel_yaw,0.4446052014827728,1780394898.2185352
95949,Metrics/base_velocity/error_vel_yaw,0.44418424367904663,1780394922.6724892
95954,Metrics/base_velocity/error_vel_yaw,0.4459848403930664,1780394947.0350988
95959,Metrics/base_velocity/error_vel_yaw,0.4451488256454468,1780394967.344732
95964,Metrics/base_velocity/error_vel_yaw,0.44387340545654297,1780394989.763495
95969,Metrics/base_velocity/error_vel_yaw,0.4466099739074707,1780395010.2410233
95974,Metrics/base_velocity/error_vel_yaw,0.44776058197021484,1780395034.646684
95979,Metrics/base_velocity/error_vel_yaw,0.4507026672363281,1780395058.8612733
95984,Metrics/base_velocity/error_vel_yaw,0.44995948672294617,1780395082.7873669
95989,Metrics/base_velocity/error_vel_yaw,0.44897887110710144,1780395106.4269438
95994,Metrics/base_velocity/error_vel_yaw,0.4541741609573364,1780395130.8400948
95999,Metrics/base_velocity/error_vel_yaw,0.45489388704299927,1780395153.350653
96004,Metrics/base_velocity/error_vel_yaw,0.4565626382827759,1780395177.596943
96009,Metrics/base_velocity/error_vel_yaw,0.45882701873779297,1780395199.0823216
96014,Metrics/base_velocity/error_vel_yaw,0.4554223418235779,1780395223.4506366
96019,Metrics/base_velocity/error_vel_yaw,0.4554147720336914,1780395245.758371
96024,Metrics/base_velocity/error_vel_yaw,0.454660028219223,1780395269.9230552
96029,Metrics/base_velocity/error_vel_yaw,0.45804262161254883,1780395293.969013
96034,Metrics/base_velocity/error_vel_yaw,0.45846790075302124,1780395317.9289987
96039,Metrics/base_velocity/error_vel_yaw,0.46025198698043823,1780395341.9689314
96044,Metrics/base_velocity/error_vel_yaw,0.4604125916957855,1780395366.0461018
96049,Metrics/base_velocity/error_vel_yaw,0.4604475200176239,1780395390.3847466
96054,Metrics/base_velocity/error_vel_yaw,0.4595739245414734,1780395414.17418
96059,Metrics/base_velocity/error_vel_yaw,0.4601338505744934,1780395437.972305
96064,Metrics/base_velocity/error_vel_yaw,0.4565788209438324,1780395462.093734
96069,Metrics/base_velocity/error_vel_yaw,0.4563849866390228,1780395486.2381415
96074,Metrics/base_velocity/error_vel_yaw,0.45347195863723755,1780395510.0492573
96079,Metrics/base_velocity/error_vel_yaw,0.453835666179657,1780395534.1537282
96084,Metrics/base_velocity/error_vel_yaw,0.4546549916267395,1780395558.1453867
96089,Metrics/base_velocity/error_vel_yaw,0.4525565505027771,1780395581.952201
96094,Metrics/base_velocity/error_vel_yaw,0.450117290019989,1780395606.2815106
96099,Metrics/base_velocity/error_vel_yaw,0.448181688785553,1780395630.6780462
96104,Metrics/base_velocity/error_vel_yaw,0.4463757276535034,1780395654.7621944
96109,Metrics/base_velocity/error_vel_yaw,0.4452003836631775,1780395679.2586603
96114,Metrics/base_velocity/error_vel_yaw,0.44709083437919617,1780395703.272537
96119,Metrics/base_velocity/error_vel_yaw,0.4448440670967102,1780395727.4306152
96124,Metrics/base_velocity/error_vel_yaw,0.4454286992549896,1780395751.541355
96129,Metrics/base_velocity/error_vel_yaw,0.4446706473827362,1780395775.6510777
96134,Metrics/base_velocity/error_vel_yaw,0.44463786482810974,1780395799.9845233
96139,Metrics/base_velocity/error_vel_yaw,0.4434651732444763,1780395824.7672727
96144,Metrics/base_velocity/error_vel_yaw,0.4414682984352112,1780395849.475299
96149,Metrics/base_velocity/error_vel_yaw,0.44016146659851074,1780395874.3215344
96154,Metrics/base_velocity/error_vel_yaw,0.44477224349975586,1780395899.301129
96159,Metrics/base_velocity/error_vel_yaw,0.4476146399974823,1780395924.2099166
96164,Metrics/base_velocity/error_vel_yaw,0.44794338941574097,1780395949.0633354
96169,Metrics/base_velocity/error_vel_yaw,0.4501075744628906,1780395973.7494915
96174,Metrics/base_velocity/error_vel_yaw,0.4489661157131195,1780395996.951416
96179,Metrics/base_velocity/error_vel_yaw,0.4519190192222595,1780396017.9986682
96184,Metrics/base_velocity/error_vel_yaw,0.4507785439491272,1780396038.5412734
96189,Metrics/base_velocity/error_vel_yaw,0.4499255418777466,1780396058.8703077
96194,Metrics/base_velocity/error_vel_yaw,0.44665074348449707,1780396079.2479107
96199,Metrics/base_velocity/error_vel_yaw,0.4486790895462036,1780396099.4600005
96204,Metrics/base_velocity/error_vel_yaw,0.44846242666244507,1780396120.4968927
96209,Metrics/base_velocity/error_vel_yaw,0.44648370146751404,1780396140.8662906
96214,Metrics/base_velocity/error_vel_yaw,0.446743905544281,1780396164.8085701
96219,Metrics/base_velocity/error_vel_yaw,0.44699668884277344,1780396189.2420914
96224,Metrics/base_velocity/error_vel_yaw,0.4476320743560791,1780396213.5164304
96229,Metrics/base_velocity/error_vel_yaw,0.4471849203109741,1780396237.890054
96234,Metrics/base_velocity/error_vel_yaw,0.4464314877986908,1780396261.9630556
96239,Metrics/base_velocity/error_vel_yaw,0.44703739881515503,1780396285.9616418
96244,Metrics/base_velocity/error_vel_yaw,0.4440793991088867,1780396310.6144805
96249,Metrics/base_velocity/error_vel_yaw,0.44516369700431824,1780396334.0867565
96254,Metrics/base_velocity/error_vel_yaw,0.4428243637084961,1780396358.630907
96259,Metrics/base_velocity/error_vel_yaw,0.4424397349357605,1780396383.3687267
96264,Metrics/base_velocity/error_vel_yaw,0.437470018863678,1780396407.9896688
96269,Metrics/base_velocity/error_vel_yaw,0.4369049668312073,1780396432.2159333
96274,Metrics/base_velocity/error_vel_yaw,0.43704450130462646,1780396456.5051043
96279,Metrics/base_velocity/error_vel_yaw,0.43632635474205017,1780396481.2425282
96284,Metrics/base_velocity/error_vel_yaw,0.43729066848754883,1780396505.9205852
96289,Metrics/base_velocity/error_vel_yaw,0.43710312247276306,1780396530.115943
96294,Metrics/base_velocity/error_vel_yaw,0.43751025199890137,1780396554.3375902
96299,Metrics/base_velocity/error_vel_yaw,0.4362219274044037,1780396575.474013
96304,Metrics/base_velocity/error_vel_yaw,0.43605899810791016,1780396596.1414087
96309,Metrics/base_velocity/error_vel_yaw,0.43525952100753784,1780396619.8851964
96314,Metrics/base_velocity/error_vel_yaw,0.43529701232910156,1780396642.9784737
96319,Metrics/base_velocity/error_vel_yaw,0.4339214265346527,1780396667.9151688
96324,Metrics/base_velocity/error_vel_yaw,0.43477392196655273,1780396692.2269945
96329,Metrics/base_velocity/error_vel_yaw,0.4346037805080414,1780396717.0780804
96334,Metrics/base_velocity/error_vel_yaw,0.43756550550460815,1780396741.5331
96339,Metrics/base_velocity/error_vel_yaw,0.43498897552490234,1780396766.2437773
96344,Metrics/base_velocity/error_vel_yaw,0.4368900656700134,1780396791.456969
96349,Metrics/base_velocity/error_vel_yaw,0.438214510679245,1780396816.7012944
96354,Metrics/base_velocity/error_vel_yaw,0.4379194974899292,1780396841.7397094
96359,Metrics/base_velocity/error_vel_yaw,0.43630528450012207,1780396865.5789464
96364,Metrics/base_velocity/error_vel_yaw,0.43614432215690613,1780396889.6356165
96369,Metrics/base_velocity/error_vel_yaw,0.43703168630599976,1780396913.4531653
96374,Metrics/base_velocity/error_vel_yaw,0.43583160638809204,1780396937.023263
96379,Metrics/base_velocity/error_vel_yaw,0.4352648854255676,1780396960.9838538
96384,Metrics/base_velocity/error_vel_yaw,0.4336892068386078,1780396984.9457924
96389,Metrics/base_velocity/error_vel_yaw,0.4312005937099457,1780397005.76023
96394,Metrics/base_velocity/error_vel_yaw,0.43259984254837036,1780397028.6896281
96399,Metrics/base_velocity/error_vel_yaw,0.43134042620658875,1780397053.3200815
96404,Metrics/base_velocity/error_vel_yaw,0.43089866638183594,1780397077.4290972
96409,Metrics/base_velocity/error_vel_yaw,0.4299921691417694,1780397101.91697
96414,Metrics/base_velocity/error_vel_yaw,0.4306134581565857,1780397125.6874835
96419,Metrics/base_velocity/error_vel_yaw,0.43096646666526794,1780397149.3327699
96424,Metrics/base_velocity/error_vel_yaw,0.4304293096065521,1780397173.351214
96429,Metrics/base_velocity/error_vel_yaw,0.42872148752212524,1780397197.4437382
96434,Metrics/base_velocity/error_vel_yaw,0.4284670352935791,1780397221.0718818
96439,Metrics/base_velocity/error_vel_yaw,0.42887014150619507,1780397245.0474255
96444,Metrics/base_velocity/error_vel_yaw,0.4276571273803711,1780397268.9637961
96449,Metrics/base_velocity/error_vel_yaw,0.42986583709716797,1780397292.7040057
96454,Metrics/base_velocity/error_vel_yaw,0.4293082654476166,1780397315.781018
96459,Metrics/base_velocity/error_vel_yaw,0.42734295129776,1780397336.6704953
96464,Metrics/base_velocity/error_vel_yaw,0.43002891540527344,1780397361.048649
96469,Metrics/base_velocity/error_vel_yaw,0.4268549084663391,1780397384.9832473
96474,Metrics/base_velocity/error_vel_yaw,0.42772364616394043,1780397408.7473843
96479,Metrics/base_velocity/error_vel_yaw,0.4276159703731537,1780397432.5238438
96484,Metrics/base_velocity/error_vel_yaw,0.4279983937740326,1780397456.6797812
96489,Metrics/base_velocity/error_vel_yaw,0.42836111783981323,1780397480.4245315
96494,Metrics/base_velocity/error_vel_yaw,0.4302092492580414,1780397504.2666094
96499,Metrics/base_velocity/error_vel_yaw,0.43049561977386475,1780397528.1477556
96504,Metrics/base_velocity/error_vel_yaw,0.42954587936401367,1780397551.6792583
96509,Metrics/base_velocity/error_vel_yaw,0.42842692136764526,1780397575.5910192
96514,Metrics/base_velocity/error_vel_yaw,0.42823562026023865,1780397599.2558618
96519,Metrics/base_velocity/error_vel_yaw,0.42815738916397095,1780397622.752053
96524,Metrics/base_velocity/error_vel_yaw,0.4278789460659027,1780397646.3760848
96529,Metrics/base_velocity/error_vel_yaw,0.42822933197021484,1780397670.1536388
96534,Metrics/base_velocity/error_vel_yaw,0.4283771216869354,1780397693.8278692
96539,Metrics/base_velocity/error_vel_yaw,0.4267953336238861,1780397718.1917202
96544,Metrics/base_velocity/error_vel_yaw,0.42699748277664185,1780397742.5493317
96549,Metrics/base_velocity/error_vel_yaw,0.42549070715904236,1780397766.7686162
96554,Metrics/base_velocity/error_vel_yaw,0.4277653396129608,1780397791.2037132
96559,Metrics/base_velocity/error_vel_yaw,0.4273080825805664,1780397815.4616365
96564,Metrics/base_velocity/error_vel_yaw,0.42739662528038025,1780397839.0937383
96569,Metrics/base_velocity/error_vel_yaw,0.4262787699699402,1780397862.8929625
96574,Metrics/base_velocity/error_vel_yaw,0.4284372329711914,1780397886.8660676
96579,Metrics/base_velocity/error_vel_yaw,0.42851722240448,1780397910.693076
96584,Metrics/base_velocity/error_vel_yaw,0.4297815263271332,1780397934.38839
96589,Metrics/base_velocity/error_vel_yaw,0.4286883771419525,1780397958.208524
96594,Metrics/base_velocity/error_vel_yaw,0.4287484586238861,1780397982.589328
96599,Metrics/base_velocity/error_vel_yaw,0.42882227897644043,1780398007.0320916
96604,Metrics/base_velocity/error_vel_yaw,0.4283972978591919,1780398031.6795387
96609,Metrics/base_velocity/error_vel_yaw,0.4257488250732422,1780398055.688799
96614,Metrics/base_velocity/error_vel_yaw,0.4273012578487396,1780398079.5395908
96619,Metrics/base_velocity/error_vel_yaw,0.42863714694976807,1780398103.6578627
96624,Metrics/base_velocity/error_vel_yaw,0.42866119742393494,1780398127.4195633
96629,Metrics/base_velocity/error_vel_yaw,0.4295300841331482,1780398151.2865324
96634,Metrics/base_velocity/error_vel_yaw,0.42863234877586365,1780398175.2942827
96639,Metrics/base_velocity/error_vel_yaw,0.42987796664237976,1780398199.1289997
96644,Metrics/base_velocity/error_vel_yaw,0.42837247252464294,1780398223.0460422
96649,Metrics/base_velocity/error_vel_yaw,0.4284197688102722,1780398247.473445
96654,Metrics/base_velocity/error_vel_yaw,0.42950019240379333,1780398271.186288
96659,Metrics/base_velocity/error_vel_yaw,0.4298883378505707,1780398295.1723316
96664,Metrics/base_velocity/error_vel_yaw,0.4302632808685303,1780398319.0844364
96669,Metrics/base_velocity/error_vel_yaw,0.4287002682685852,1780398342.9194822
96674,Metrics/base_velocity/error_vel_yaw,0.42666730284690857,1780398366.8700454
96679,Metrics/base_velocity/error_vel_yaw,0.4279721677303314,1780398391.128209
96684,Metrics/base_velocity/error_vel_yaw,0.423501193523407,1780398415.0363286
96689,Metrics/base_velocity/error_vel_yaw,0.4231555461883545,1780398438.6301825
96694,Metrics/base_velocity/error_vel_yaw,0.4266774356365204,1780398462.5167823
96699,Metrics/base_velocity/error_vel_yaw,0.42804938554763794,1780398486.3266416
96704,Metrics/base_velocity/error_vel_yaw,0.42454370856285095,1780398511.009623
96709,Metrics/base_velocity/error_vel_yaw,0.4251081347465515,1780398533.2831805
96714,Metrics/base_velocity/error_vel_yaw,0.42575138807296753,1780398554.4519906
96719,Metrics/base_velocity/error_vel_yaw,0.4246371388435364,1780398578.2571495
96724,Metrics/base_velocity/error_vel_yaw,0.4294896125793457,1780398602.6869307
96729,Metrics/base_velocity/error_vel_yaw,0.4307841658592224,1780398626.5438528
96734,Metrics/base_velocity/error_vel_yaw,0.42854174971580505,1780398647.2559068
96739,Metrics/base_velocity/error_vel_yaw,0.43097901344299316,1780398668.9250324
96744,Metrics/base_velocity/error_vel_yaw,0.43334734439849854,1780398693.379431
96749,Metrics/base_velocity/error_vel_yaw,0.43352627754211426,1780398717.7034645
96754,Metrics/base_velocity/error_vel_yaw,0.4309200644493103,1780398742.0921202
96759,Metrics/base_velocity/error_vel_yaw,0.43181735277175903,1780398766.399498
96764,Metrics/base_velocity/error_vel_yaw,0.43208247423171997,1780398790.4024606
96769,Metrics/base_velocity/error_vel_yaw,0.4335166811943054,1780398814.4092658
96774,Metrics/base_velocity/error_vel_yaw,0.43186816573143005,1780398838.508082
96779,Metrics/base_velocity/error_vel_yaw,0.43266770243644714,1780398860.510315
96784,Metrics/base_velocity/error_vel_yaw,0.4315337538719177,1780398885.564578
96789,Metrics/base_velocity/error_vel_yaw,0.4317219853401184,1780398909.9540977
96794,Metrics/base_velocity/error_vel_yaw,0.4308629631996155,1780398930.7560756
96799,Metrics/base_velocity/error_vel_yaw,0.4305190443992615,1780398952.1104577
96804,Metrics/base_velocity/error_vel_yaw,0.4304816424846649,1780398976.242593
96809,Metrics/base_velocity/error_vel_yaw,0.4290967881679535,1780399000.333673
96814,Metrics/base_velocity/error_vel_yaw,0.4276219308376312,1780399024.3535244
96819,Metrics/base_velocity/error_vel_yaw,0.4279842972755432,1780399048.4550288
96824,Metrics/base_velocity/error_vel_yaw,0.4266519546508789,1780399072.4696646
96829,Metrics/base_velocity/error_vel_yaw,0.427046000957489,1780399096.1131988
96834,Metrics/base_velocity/error_vel_yaw,0.42900800704956055,1780399120.1031897
96839,Metrics/base_velocity/error_vel_yaw,0.4302200675010681,1780399144.0937126
96844,Metrics/base_velocity/error_vel_yaw,0.4311007857322693,1780399168.2567894
96849,Metrics/base_velocity/error_vel_yaw,0.4331018328666687,1780399192.6391356
96854,Metrics/base_velocity/error_vel_yaw,0.4325813949108124,1780399216.467333
96859,Metrics/base_velocity/error_vel_yaw,0.4339815080165863,1780399240.5912597
96864,Metrics/base_velocity/error_vel_yaw,0.4351236820220947,1780399265.0356922
96869,Metrics/base_velocity/error_vel_yaw,0.43312832713127136,1780399288.8922122
96874,Metrics/base_velocity/error_vel_yaw,0.4340941905975342,1780399313.9755309
96879,Metrics/base_velocity/error_vel_yaw,0.4344734847545624,1780399334.9207928
96884,Metrics/base_velocity/error_vel_yaw,0.42922577261924744,1780399358.652552
96889,Metrics/base_velocity/error_vel_yaw,0.4319058656692505,1780399383.8159306
96894,Metrics/base_velocity/error_vel_yaw,0.4318205714225769,1780399408.0150902
96899,Metrics/base_velocity/error_vel_yaw,0.4326457977294922,1780399432.1405168
96904,Metrics/base_velocity/error_vel_yaw,0.43434858322143555,1780399456.867884
96909,Metrics/base_velocity/error_vel_yaw,0.43313953280448914,1780399480.746968
96914,Metrics/base_velocity/error_vel_yaw,0.43243837356567383,1780399505.4526575
96919,Metrics/base_velocity/error_vel_yaw,0.4303300380706787,1780399530.1391013
96924,Metrics/base_velocity/error_vel_yaw,0.43057963252067566,1780399554.3773544
96929,Metrics/base_velocity/error_vel_yaw,0.4277663826942444,1780399578.716109
96934,Metrics/base_velocity/error_vel_yaw,0.4290580153465271,1780399602.9433644
96939,Metrics/base_velocity/error_vel_yaw,0.4282216429710388,1780399626.8691323
96944,Metrics/base_velocity/error_vel_yaw,0.42870673537254333,1780399650.8892155
96949,Metrics/base_velocity/error_vel_yaw,0.43041765689849854,1780399674.9938846
96954,Metrics/base_velocity/error_vel_yaw,0.42862507700920105,1780399698.7547555
96959,Metrics/base_velocity/error_vel_yaw,0.43178385496139526,1780399722.9531722
96964,Metrics/base_velocity/error_vel_yaw,0.43035888671875,1780399747.1416914
96969,Metrics/base_velocity/error_vel_yaw,0.4322071075439453,1780399771.2501426
96974,Metrics/base_velocity/error_vel_yaw,0.4303767681121826,1780399795.613865
96979,Metrics/base_velocity/error_vel_yaw,0.4297829568386078,1780399819.4936328
96984,Metrics/base_velocity/error_vel_yaw,0.43183574080467224,1780399843.7895741
96989,Metrics/base_velocity/error_vel_yaw,0.43165597319602966,1780399868.2627015
96994,Metrics/base_velocity/error_vel_yaw,0.4331549406051636,1780399892.7711198
96999,Metrics/base_velocity/error_vel_yaw,0.4334545135498047,1780399917.0276635
97004,Metrics/base_velocity/error_vel_yaw,0.4327206611633301,1780399941.3674407
97009,Metrics/base_velocity/error_vel_yaw,0.4332297742366791,1780399965.7129626
97014,Metrics/base_velocity/error_vel_yaw,0.43274736404418945,1780399989.926201
97019,Metrics/base_velocity/error_vel_yaw,0.43420547246932983,1780400013.8549867
97024,Metrics/base_velocity/error_vel_yaw,0.43306660652160645,1780400034.493287
97029,Metrics/base_velocity/error_vel_yaw,0.4345574378967285,1780400058.9575248
97034,Metrics/base_velocity/error_vel_yaw,0.43586891889572144,1780400082.7459087
97039,Metrics/base_velocity/error_vel_yaw,0.43365055322647095,1780400106.7388206
97044,Metrics/base_velocity/error_vel_yaw,0.4324568212032318,1780400131.089216
97049,Metrics/base_velocity/error_vel_yaw,0.4316158890724182,1780400155.2047763
97054,Metrics/base_velocity/error_vel_yaw,0.4320261478424072,1780400179.357333
97059,Metrics/base_velocity/error_vel_yaw,0.430974543094635,1780400203.3438404
97064,Metrics/base_velocity/error_vel_yaw,0.42951226234436035,1780400227.0628738
97069,Metrics/base_velocity/error_vel_yaw,0.4279118478298187,1780400251.4059753
97074,Metrics/base_velocity/error_vel_yaw,0.4289935827255249,1780400272.9859607
97079,Metrics/base_velocity/error_vel_yaw,0.4283483922481537,1780400296.6870668
97084,Metrics/base_velocity/error_vel_yaw,0.42934364080429077,1780400320.772263
97089,Metrics/base_velocity/error_vel_yaw,0.4317522644996643,1780400344.4880004
97094,Metrics/base_velocity/error_vel_yaw,0.4303717315196991,1780400368.666928
97099,Metrics/base_velocity/error_vel_yaw,0.4304722547531128,1780400392.9163365
97104,Metrics/base_velocity/error_vel_yaw,0.43145841360092163,1780400417.3258338
97109,Metrics/base_velocity/error_vel_yaw,0.43322402238845825,1780400441.8806417
97114,Metrics/base_velocity/error_vel_yaw,0.4336172044277191,1780400466.4129217
97119,Metrics/base_velocity/error_vel_yaw,0.434013307094574,1780400490.5956914
97124,Metrics/base_velocity/error_vel_yaw,0.43306922912597656,1780400514.7140114
97129,Metrics/base_velocity/error_vel_yaw,0.43400058150291443,1780400539.0422776
97134,Metrics/base_velocity/error_vel_yaw,0.4336646497249603,1780400563.2283072
97139,Metrics/base_velocity/error_vel_yaw,0.432445228099823,1780400587.727055
97144,Metrics/base_velocity/error_vel_yaw,0.4317975640296936,1780400611.8948095
97149,Metrics/base_velocity/error_vel_yaw,0.43303975462913513,1780400636.087215
97154,Metrics/base_velocity/error_vel_yaw,0.431803822517395,1780400660.3565817
97159,Metrics/base_velocity/error_vel_yaw,0.4318634867668152,1780400685.0031598
97164,Metrics/base_velocity/error_vel_yaw,0.4324382543563843,1780400709.3993552
97169,Metrics/base_velocity/error_vel_yaw,0.43260687589645386,1780400733.6836822
97174,Metrics/base_velocity/error_vel_yaw,0.43293827772140503,1780400758.4538586
97179,Metrics/base_velocity/error_vel_yaw,0.4348525404930115,1780400783.398461
97184,Metrics/base_velocity/error_vel_yaw,0.43787944316864014,1780400807.6773984
97189,Metrics/base_velocity/error_vel_yaw,0.4370056986808777,1780400831.9033952
97194,Metrics/base_velocity/error_vel_yaw,0.43615230917930603,1780400856.2330046
97199,Metrics/base_velocity/error_vel_yaw,0.4345109462738037,1780400880.3519695
97204,Metrics/base_velocity/error_vel_yaw,0.43473905324935913,1780400904.4386592
97209,Metrics/base_velocity/error_vel_yaw,0.43643391132354736,1780400928.6347635
97214,Metrics/base_velocity/error_vel_yaw,0.4357357919216156,1780400952.5513341
97219,Metrics/base_velocity/error_vel_yaw,0.4364694058895111,1780400976.6372344
97224,Metrics/base_velocity/error_vel_yaw,0.43778735399246216,1780401000.9757957
97229,Metrics/base_velocity/error_vel_yaw,0.43438720703125,1780401025.1903632
97234,Metrics/base_velocity/error_vel_yaw,0.43914175033569336,1780401049.397104
97239,Metrics/base_velocity/error_vel_yaw,0.44138187170028687,1780401073.5748653
97244,Metrics/base_velocity/error_vel_yaw,0.4423621892929077,1780401097.5554132
97249,Metrics/base_velocity/error_vel_yaw,0.4424407482147217,1780401122.081279
97254,Metrics/base_velocity/error_vel_yaw,0.4395400881767273,1780401144.0877802
97259,Metrics/base_velocity/error_vel_yaw,0.43999379873275757,1780401166.2012193
97264,Metrics/base_velocity/error_vel_yaw,0.4396575689315796,1780401191.4495585
97269,Metrics/base_velocity/error_vel_yaw,0.4385836124420166,1780401215.8827271
97274,Metrics/base_velocity/error_vel_yaw,0.44087064266204834,1780401239.9974523
97279,Metrics/base_velocity/error_vel_yaw,0.4408012628555298,1780401261.8416445
97284,Metrics/base_velocity/error_vel_yaw,0.44134411215782166,1780401285.5813057
97289,Metrics/base_velocity/error_vel_yaw,0.4405314326286316,1780401308.8592472
97294,Metrics/base_velocity/error_vel_yaw,0.4385717809200287,1780401329.5759766
97299,Metrics/base_velocity/error_vel_yaw,0.43878838419914246,1780401349.6690757
97304,Metrics/base_velocity/error_vel_yaw,0.4367929697036743,1780401370.8942845
97309,Metrics/base_velocity/error_vel_yaw,0.4318772256374359,1780401393.8410032
97314,Metrics/base_velocity/error_vel_yaw,0.43690943717956543,1780401414.103112
97319,Metrics/base_velocity/error_vel_yaw,0.43601879477500916,1780401434.345663
97324,Metrics/base_velocity/error_vel_yaw,0.43563219904899597,1780401454.3143587
97329,Metrics/base_velocity/error_vel_yaw,0.436443030834198,1780401474.334818
97334,Metrics/base_velocity/error_vel_yaw,0.43587642908096313,1780401494.0426064
97339,Metrics/base_velocity/error_vel_yaw,0.4372008442878723,1780401513.970456
97344,Metrics/base_velocity/error_vel_yaw,0.4368588328361511,1780401533.8483498
97349,Metrics/base_velocity/error_vel_yaw,0.4326769709587097,1780401554.0366452
97354,Metrics/base_velocity/error_vel_yaw,0.43449491262435913,1780401575.570158
97359,Metrics/base_velocity/error_vel_yaw,0.43308043479919434,1780401599.6719584
97364,Metrics/base_velocity/error_vel_yaw,0.4317423701286316,1780401623.6400354
97369,Metrics/base_velocity/error_vel_yaw,0.4301048517227173,1780401647.0962672
97374,Metrics/base_velocity/error_vel_yaw,0.43176525831222534,1780401671.3264866
97379,Metrics/base_velocity/error_vel_yaw,0.4309951066970825,1780401693.8430345
97384,Metrics/base_velocity/error_vel_yaw,0.4300166368484497,1780401713.7865016
97389,Metrics/base_velocity/error_vel_yaw,0.4283785820007324,1780401736.0150692
97394,Metrics/base_velocity/error_vel_yaw,0.4263206422328949,1780401759.7183976
97399,Metrics/base_velocity/error_vel_yaw,0.42792606353759766,1780401782.3158076
97404,Metrics/base_velocity/error_vel_yaw,0.42806515097618103,1780401806.7798665
97409,Metrics/base_velocity/error_vel_yaw,0.4319015443325043,1780401827.6301897
97414,Metrics/base_velocity/error_vel_yaw,0.43155884742736816,1780401848.4628081
97419,Metrics/base_velocity/error_vel_yaw,0.4328572154045105,1780401868.5505855
97424,Metrics/base_velocity/error_vel_yaw,0.4344303607940674,1780401889.0034018
97429,Metrics/base_velocity/error_vel_yaw,0.43491995334625244,1780401908.9994166
97434,Metrics/base_velocity/error_vel_yaw,0.4382557272911072,1780401932.2460988
97439,Metrics/base_velocity/error_vel_yaw,0.4372401237487793,1780401956.226937
97444,Metrics/base_velocity/error_vel_yaw,0.43922704458236694,1780401979.830349
97449,Metrics/base_velocity/error_vel_yaw,0.4405141770839691,1780402003.696991
97454,Metrics/base_velocity/error_vel_yaw,0.4358609914779663,1780402027.8464987
97459,Metrics/base_velocity/error_vel_yaw,0.43365275859832764,1780402051.677981
97464,Metrics/base_velocity/error_vel_yaw,0.4348394274711609,1780402075.6750553
97469,Metrics/base_velocity/error_vel_yaw,0.43458208441734314,1780402098.618953
97474,Metrics/base_velocity/error_vel_yaw,0.4325643479824066,1780402119.067514
97479,Metrics/base_velocity/error_vel_yaw,0.4338412284851074,1780402142.613925
97484,Metrics/base_velocity/error_vel_yaw,0.4326193332672119,1780402166.5840287
97489,Metrics/base_velocity/error_vel_yaw,0.4318743944168091,1780402191.0656083
97494,Metrics/base_velocity/error_vel_yaw,0.431261271238327,1780402215.2197015
97499,Metrics/base_velocity/error_vel_yaw,0.4301077127456665,1780402239.1349964
97504,Metrics/base_velocity/error_vel_yaw,0.4273933172225952,1780402263.31152
97509,Metrics/base_velocity/error_vel_yaw,0.4273812770843506,1780402287.1228554
97514,Metrics/base_velocity/error_vel_yaw,0.42444729804992676,1780402311.237924
97519,Metrics/base_velocity/error_vel_yaw,0.42402762174606323,1780402335.3123584
97524,Metrics/base_velocity/error_vel_yaw,0.4236883521080017,1780402358.9136977
97529,Metrics/base_velocity/error_vel_yaw,0.4231504797935486,1780402383.0744169
97534,Metrics/base_velocity/error_vel_yaw,0.4233609139919281,1780402407.0040867
97539,Metrics/base_velocity/error_vel_yaw,0.42267996072769165,1780402430.639369
97544,Metrics/base_velocity/error_vel_yaw,0.4237719476222992,1780402454.8070655
97549,Metrics/base_velocity/error_vel_yaw,0.4204385280609131,1780402479.199729
97554,Metrics/base_velocity/error_vel_yaw,0.42042869329452515,1780402503.2214031
97559,Metrics/base_velocity/error_vel_yaw,0.42108020186424255,1780402527.4769826
97564,Metrics/base_velocity/error_vel_yaw,0.4213082194328308,1780402551.4915893
97569,Metrics/base_velocity/error_vel_yaw,0.41952937841415405,1780402575.2416842
97574,Metrics/base_velocity/error_vel_yaw,0.42175835371017456,1780402599.4085116
97579,Metrics/base_velocity/error_vel_yaw,0.4235047698020935,1780402623.322195
97584,Metrics/base_velocity/error_vel_yaw,0.4245278537273407,1780402647.608711
97589,Metrics/base_velocity/error_vel_yaw,0.4270581603050232,1780402671.8438013
97594,Metrics/base_velocity/error_vel_yaw,0.4292776584625244,1780402696.06593
97598,Metrics/base_velocity/error_vel_yaw,0.42889365553855896,1780402715.7806625
92599,Episode_Reward/track_lin_vel_xy,0.024632468819618225,1780379380.6758087
92604,Episode_Reward/track_lin_vel_xy,0.20077621936798096,1780379401.1389408
92609,Episode_Reward/track_lin_vel_xy,0.10541504621505737,1780379425.7613823
92614,Episode_Reward/track_lin_vel_xy,0.0960245132446289,1780379449.3031247
92619,Episode_Reward/track_lin_vel_xy,0.09254871308803558,1780379471.7117097
92624,Episode_Reward/track_lin_vel_xy,0.10006655752658844,1780379493.9398215
92629,Episode_Reward/track_lin_vel_xy,0.11130564659833908,1780379516.653864
92634,Episode_Reward/track_lin_vel_xy,0.12202119827270508,1780379542.377014
92639,Episode_Reward/track_lin_vel_xy,0.1302029937505722,1780379568.1130993
92644,Episode_Reward/track_lin_vel_xy,0.146871879696846,1780379593.7647946
92649,Episode_Reward/track_lin_vel_xy,0.15207886695861816,1780379618.8495939
92654,Episode_Reward/track_lin_vel_xy,0.1581154316663742,1780379644.0057156
92659,Episode_Reward/track_lin_vel_xy,0.15802732110023499,1780379669.6512485
92664,Episode_Reward/track_lin_vel_xy,0.1552751660346985,1780379695.3633199
92669,Episode_Reward/track_lin_vel_xy,0.15152651071548462,1780379720.5655823
92674,Episode_Reward/track_lin_vel_xy,0.15099935233592987,1780379745.4323208
92679,Episode_Reward/track_lin_vel_xy,0.15650823712348938,1780379767.9807823
92684,Episode_Reward/track_lin_vel_xy,0.1579292267560959,1780379789.4816594
92689,Episode_Reward/track_lin_vel_xy,0.16438567638397217,1780379814.4416833
92694,Episode_Reward/track_lin_vel_xy,0.1731179803609848,1780379837.4256375
92699,Episode_Reward/track_lin_vel_xy,0.1754862368106842,1780379860.9391966
92704,Episode_Reward/track_lin_vel_xy,0.18071389198303223,1780379884.9307945
92709,Episode_Reward/track_lin_vel_xy,0.1850319504737854,1780379910.7155185
92714,Episode_Reward/track_lin_vel_xy,0.1919221580028534,1780379934.4204307
92719,Episode_Reward/track_lin_vel_xy,0.19820451736450195,1780379956.3486838
92724,Episode_Reward/track_lin_vel_xy,0.2067027986049652,1780379978.1527848
92729,Episode_Reward/track_lin_vel_xy,0.22308409214019775,1780379999.5622313
92734,Episode_Reward/track_lin_vel_xy,0.2461007535457611,1780380024.8705993
92739,Episode_Reward/track_lin_vel_xy,0.28168773651123047,1780380049.9743106
92744,Episode_Reward/track_lin_vel_xy,0.318340003490448,1780380074.4777076
92749,Episode_Reward/track_lin_vel_xy,0.373912513256073,1780380099.0027976
92754,Episode_Reward/track_lin_vel_xy,0.44524747133255005,1780380123.014185
92759,Episode_Reward/track_lin_vel_xy,0.5194101929664612,1780380143.8290877
92764,Episode_Reward/track_lin_vel_xy,0.6843259334564209,1780380164.3263643
92769,Episode_Reward/track_lin_vel_xy,0.9973577857017517,1780380185.0182798
92774,Episode_Reward/track_lin_vel_xy,1.4366989135742188,1780380205.8814769
92779,Episode_Reward/track_lin_vel_xy,1.6820526123046875,1780380233.6732774
92784,Episode_Reward/track_lin_vel_xy,1.8909286260604858,1780380260.1138673
92789,Episode_Reward/track_lin_vel_xy,1.9191358089447021,1780380284.6413143
92794,Episode_Reward/track_lin_vel_xy,1.9326229095458984,1780380308.95282
92799,Episode_Reward/track_lin_vel_xy,1.9317830801010132,1780380333.3017468
92804,Episode_Reward/track_lin_vel_xy,1.9280643463134766,1780380357.2804158
92809,Episode_Reward/track_lin_vel_xy,1.9196107387542725,1780380381.6334093
92814,Episode_Reward/track_lin_vel_xy,1.918350100517273,1780380405.9519122
92819,Episode_Reward/track_lin_vel_xy,1.9245036840438843,1780380430.1071608
92824,Episode_Reward/track_lin_vel_xy,1.919589877128601,1780380454.7625842
92829,Episode_Reward/track_lin_vel_xy,1.914875864982605,1780380479.4085808
92834,Episode_Reward/track_lin_vel_xy,1.916372299194336,1780380503.3237958
92839,Episode_Reward/track_lin_vel_xy,1.920562505722046,1780380527.6091368
92844,Episode_Reward/track_lin_vel_xy,1.916574478149414,1780380551.9337635
92849,Episode_Reward/track_lin_vel_xy,1.9009342193603516,1780380576.2250764
92854,Episode_Reward/track_lin_vel_xy,1.9031227827072144,1780380600.9031165
92859,Episode_Reward/track_lin_vel_xy,1.9335887432098389,1780380625.3624308
92864,Episode_Reward/track_lin_vel_xy,1.934401512145996,1780380649.800907
92869,Episode_Reward/track_lin_vel_xy,1.9406778812408447,1780380674.5252957
92874,Episode_Reward/track_lin_vel_xy,1.9306175708770752,1780380699.4903038
92879,Episode_Reward/track_lin_vel_xy,1.944179892539978,1780380723.6162736
92884,Episode_Reward/track_lin_vel_xy,1.942908525466919,1780380748.4129999
92889,Episode_Reward/track_lin_vel_xy,1.925354242324829,1780380773.3381252
92894,Episode_Reward/track_lin_vel_xy,1.9453892707824707,1780380797.9368916
92899,Episode_Reward/track_lin_vel_xy,1.9454278945922852,1780380822.4212537
92904,Episode_Reward/track_lin_vel_xy,1.9581687450408936,1780380847.036855
92909,Episode_Reward/track_lin_vel_xy,1.9589898586273193,1780380871.1136534
92914,Episode_Reward/track_lin_vel_xy,1.9589595794677734,1780380895.5914333
92919,Episode_Reward/track_lin_vel_xy,1.9564627408981323,1780380920.331898
92924,Episode_Reward/track_lin_vel_xy,1.9611907005310059,1780380944.4494026
92929,Episode_Reward/track_lin_vel_xy,1.964970588684082,1780380969.3860173
92934,Episode_Reward/track_lin_vel_xy,1.9672068357467651,1780380993.8466418
92939,Episode_Reward/track_lin_vel_xy,1.9653828144073486,1780381017.864615
92944,Episode_Reward/track_lin_vel_xy,1.9705696105957031,1780381042.236036
92949,Episode_Reward/track_lin_vel_xy,1.9703128337860107,1780381066.6989005
92954,Episode_Reward/track_lin_vel_xy,1.9701942205429077,1780381090.631913
92959,Episode_Reward/track_lin_vel_xy,1.9705594778060913,1780381115.079815
92964,Episode_Reward/track_lin_vel_xy,1.970810890197754,1780381137.5845792
92969,Episode_Reward/track_lin_vel_xy,1.9659013748168945,1780381161.7605867
92974,Episode_Reward/track_lin_vel_xy,1.9731636047363281,1780381185.2912722
92979,Episode_Reward/track_lin_vel_xy,1.9749693870544434,1780381206.0635135
92984,Episode_Reward/track_lin_vel_xy,1.9742274284362793,1780381226.8873708
92989,Episode_Reward/track_lin_vel_xy,1.9748448133468628,1780381247.564858
92994,Episode_Reward/track_lin_vel_xy,1.9751137495040894,1780381267.7647362
92999,Episode_Reward/track_lin_vel_xy,1.9755067825317383,1780381288.5442119
93004,Episode_Reward/track_lin_vel_xy,1.9764765501022339,1780381308.832442
93009,Episode_Reward/track_lin_vel_xy,1.9763340950012207,1780381329.4013295
93014,Episode_Reward/track_lin_vel_xy,1.9660824537277222,1780381349.488567
93019,Episode_Reward/track_lin_vel_xy,1.9690051078796387,1780381370.9939852
93024,Episode_Reward/track_lin_vel_xy,1.9773234128952026,1780381391.929721
93029,Episode_Reward/track_lin_vel_xy,1.9772285223007202,1780381412.504388
93034,Episode_Reward/track_lin_vel_xy,1.9684547185897827,1780381433.1573312
93039,Episode_Reward/track_lin_vel_xy,1.9769628047943115,1780381453.7659838
93044,Episode_Reward/track_lin_vel_xy,1.976088285446167,1780381474.9820387
93049,Episode_Reward/track_lin_vel_xy,1.9784501791000366,1780381496.8005476
93054,Episode_Reward/track_lin_vel_xy,1.9737956523895264,1780381521.510922
93059,Episode_Reward/track_lin_vel_xy,1.975519061088562,1780381545.8927732
93064,Episode_Reward/track_lin_vel_xy,1.9783978462219238,1780381570.0967174
93069,Episode_Reward/track_lin_vel_xy,1.9789799451828003,1780381594.595446
93074,Episode_Reward/track_lin_vel_xy,1.9786109924316406,1780381619.6651886
93079,Episode_Reward/track_lin_vel_xy,1.9788730144500732,1780381645.2150524
93084,Episode_Reward/track_lin_vel_xy,1.9789698123931885,1780381669.5468652
93089,Episode_Reward/track_lin_vel_xy,1.9747602939605713,1780381691.887754
93094,Episode_Reward/track_lin_vel_xy,1.9794974327087402,1780381712.502495
93099,Episode_Reward/track_lin_vel_xy,1.9795197248458862,1780381733.0859694
93104,Episode_Reward/track_lin_vel_xy,1.9803285598754883,1780381753.5820541
93109,Episode_Reward/track_lin_vel_xy,1.9797546863555908,1780381775.0642123
93114,Episode_Reward/track_lin_vel_xy,1.9802885055541992,1780381798.7967982
93119,Episode_Reward/track_lin_vel_xy,1.979850172996521,1780381823.3911426
93124,Episode_Reward/track_lin_vel_xy,1.9794381856918335,1780381847.6678767
93129,Episode_Reward/track_lin_vel_xy,1.9793657064437866,1780381868.7174473
93134,Episode_Reward/track_lin_vel_xy,1.9802532196044922,1780381889.3254154
93139,Episode_Reward/track_lin_vel_xy,1.9800748825073242,1780381910.0011458
93144,Episode_Reward/track_lin_vel_xy,1.9800324440002441,1780381930.1699877
93149,Episode_Reward/track_lin_vel_xy,1.9795057773590088,1780381950.527912
93154,Episode_Reward/track_lin_vel_xy,1.980231761932373,1780381970.7151687
93159,Episode_Reward/track_lin_vel_xy,1.9804658889770508,1780381991.2560875
93164,Episode_Reward/track_lin_vel_xy,1.9808318614959717,1780382012.1125956
93169,Episode_Reward/track_lin_vel_xy,1.9800738096237183,1780382032.870313
93174,Episode_Reward/track_lin_vel_xy,1.9809517860412598,1780382053.388428
93179,Episode_Reward/track_lin_vel_xy,1.980412483215332,1780382077.4066677
93184,Episode_Reward/track_lin_vel_xy,1.981231451034546,1780382101.7744918
93189,Episode_Reward/track_lin_vel_xy,1.9810794591903687,1780382125.9155967
93194,Episode_Reward/track_lin_vel_xy,1.9810346364974976,1780382150.2339063
93199,Episode_Reward/track_lin_vel_xy,1.978935956954956,1780382175.0807016
93204,Episode_Reward/track_lin_vel_xy,1.980750322341919,1780382200.6281402
93209,Episode_Reward/track_lin_vel_xy,1.9810330867767334,1780382225.1596787
93214,Episode_Reward/track_lin_vel_xy,1.980952262878418,1780382246.8601615
93219,Episode_Reward/track_lin_vel_xy,1.9815764427185059,1780382267.9880166
93224,Episode_Reward/track_lin_vel_xy,1.9780144691467285,1780382290.6773906
93229,Episode_Reward/track_lin_vel_xy,1.9809430837631226,1780382315.3388665
93234,Episode_Reward/track_lin_vel_xy,1.9814589023590088,1780382336.4954295
93239,Episode_Reward/track_lin_vel_xy,1.9813227653503418,1780382361.3932765
93244,Episode_Reward/track_lin_vel_xy,1.9815661907196045,1780382384.2029676
93249,Episode_Reward/track_lin_vel_xy,1.9814786911010742,1780382409.4253216
93254,Episode_Reward/track_lin_vel_xy,1.9812301397323608,1780382434.4857202
93259,Episode_Reward/track_lin_vel_xy,1.9816592931747437,1780382458.1317885
93264,Episode_Reward/track_lin_vel_xy,1.9776339530944824,1780382479.848961
93269,Episode_Reward/track_lin_vel_xy,1.9794490337371826,1780382501.0383658
93274,Episode_Reward/track_lin_vel_xy,1.9816311597824097,1780382521.7786736
93279,Episode_Reward/track_lin_vel_xy,1.9816207885742188,1780382542.9242597
93284,Episode_Reward/track_lin_vel_xy,1.9820992946624756,1780382566.591558
93289,Episode_Reward/track_lin_vel_xy,1.9818567037582397,1780382590.9907393
93294,Episode_Reward/track_lin_vel_xy,1.9804532527923584,1780382613.183864
93299,Episode_Reward/track_lin_vel_xy,1.9822041988372803,1780382633.7217302
93304,Episode_Reward/track_lin_vel_xy,1.9803452491760254,1780382654.793828
93309,Episode_Reward/track_lin_vel_xy,1.9823739528656006,1780382675.8876987
93314,Episode_Reward/track_lin_vel_xy,1.9792754650115967,1780382697.2850382
93319,Episode_Reward/track_lin_vel_xy,1.9786291122436523,1780382718.2538376
93324,Episode_Reward/track_lin_vel_xy,1.9828755855560303,1780382739.5228887
93329,Episode_Reward/track_lin_vel_xy,1.9821370840072632,1780382760.843013
93334,Episode_Reward/track_lin_vel_xy,1.98264479637146,1780382786.0552628
93339,Episode_Reward/track_lin_vel_xy,1.9822925329208374,1780382811.503804
93344,Episode_Reward/track_lin_vel_xy,1.9786224365234375,1780382836.9007
93349,Episode_Reward/track_lin_vel_xy,1.9827680587768555,1780382861.7676542
93354,Episode_Reward/track_lin_vel_xy,1.9825276136398315,1780382887.2031589
93359,Episode_Reward/track_lin_vel_xy,1.9829883575439453,1780382908.738866
93364,Episode_Reward/track_lin_vel_xy,1.9819879531860352,1780382931.5443234
93369,Episode_Reward/track_lin_vel_xy,1.9826464653015137,1780382956.4686713
93374,Episode_Reward/track_lin_vel_xy,1.9827518463134766,1780382981.1442401
93379,Episode_Reward/track_lin_vel_xy,1.980787754058838,1780383006.059827
93384,Episode_Reward/track_lin_vel_xy,1.9789750576019287,1780383031.2287061
93389,Episode_Reward/track_lin_vel_xy,1.9770493507385254,1780383056.2574475
93394,Episode_Reward/track_lin_vel_xy,1.9829537868499756,1780383080.703758
93399,Episode_Reward/track_lin_vel_xy,1.9773163795471191,1780383102.0088491
93404,Episode_Reward/track_lin_vel_xy,1.9804534912109375,1780383123.028522
93409,Episode_Reward/track_lin_vel_xy,1.9830211400985718,1780383144.1291187
93414,Episode_Reward/track_lin_vel_xy,1.9828284978866577,1780383165.1967857
93419,Episode_Reward/track_lin_vel_xy,1.9805114269256592,1780383185.9769845
93424,Episode_Reward/track_lin_vel_xy,1.9829130172729492,1780383211.6650205
93429,Episode_Reward/track_lin_vel_xy,1.979932188987732,1780383237.0596762
93434,Episode_Reward/track_lin_vel_xy,1.977887511253357,1780383262.37794
93439,Episode_Reward/track_lin_vel_xy,1.9817101955413818,1780383287.6051042
93444,Episode_Reward/track_lin_vel_xy,1.9801416397094727,1780383313.0838728
93449,Episode_Reward/track_lin_vel_xy,1.982094168663025,1780383337.9501972
93454,Episode_Reward/track_lin_vel_xy,1.9816559553146362,1780383362.7777696
93459,Episode_Reward/track_lin_vel_xy,1.9766548871994019,1780383386.7811894
93464,Episode_Reward/track_lin_vel_xy,1.971718192100525,1780383408.2968738
93469,Episode_Reward/track_lin_vel_xy,1.972906470298767,1780383429.9054303
93474,Episode_Reward/track_lin_vel_xy,1.9570244550704956,1780383453.2490337
93479,Episode_Reward/track_lin_vel_xy,1.9534318447113037,1780383478.3534489
93484,Episode_Reward/track_lin_vel_xy,1.9519981145858765,1780383503.160018
93489,Episode_Reward/track_lin_vel_xy,1.941660761833191,1780383527.2903786
93494,Episode_Reward/track_lin_vel_xy,1.9418971538543701,1780383548.7097635
93499,Episode_Reward/track_lin_vel_xy,1.93614661693573,1780383569.3656323
93504,Episode_Reward/track_lin_vel_xy,1.9136607646942139,1780383590.76593
93509,Episode_Reward/track_lin_vel_xy,1.8979886770248413,1780383611.9134426
93514,Episode_Reward/track_lin_vel_xy,1.8310121297836304,1780383632.6286736
93519,Episode_Reward/track_lin_vel_xy,1.8448346853256226,1780383657.5359628
93524,Episode_Reward/track_lin_vel_xy,1.7982134819030762,1780383682.93965
93529,Episode_Reward/track_lin_vel_xy,1.812436819076538,1780383707.944816
93534,Episode_Reward/track_lin_vel_xy,1.8113651275634766,1780383733.1018476
93539,Episode_Reward/track_lin_vel_xy,1.7798511981964111,1780383758.3489482
93544,Episode_Reward/track_lin_vel_xy,1.7644009590148926,1780383783.0833583
93549,Episode_Reward/track_lin_vel_xy,1.7458264827728271,1780383807.6756117
93554,Episode_Reward/track_lin_vel_xy,1.7152936458587646,1780383828.8943973
93559,Episode_Reward/track_lin_vel_xy,1.7128008604049683,1780383852.2841632
93564,Episode_Reward/track_lin_vel_xy,1.6828817129135132,1780383874.4016118
93569,Episode_Reward/track_lin_vel_xy,1.6663539409637451,1780383895.853326
93574,Episode_Reward/track_lin_vel_xy,1.6735341548919678,1780383919.2257354
93579,Episode_Reward/track_lin_vel_xy,1.6800850629806519,1780383941.1874855
93584,Episode_Reward/track_lin_vel_xy,1.650470495223999,1780383965.6866982
93589,Episode_Reward/track_lin_vel_xy,1.6543006896972656,1780383990.359666
93594,Episode_Reward/track_lin_vel_xy,1.6510064601898193,1780384014.8806813
93599,Episode_Reward/track_lin_vel_xy,1.619793176651001,1780384037.9807234
93604,Episode_Reward/track_lin_vel_xy,1.6672203540802002,1780384059.2744946
93609,Episode_Reward/track_lin_vel_xy,1.6229312419891357,1780384080.304287
93614,Episode_Reward/track_lin_vel_xy,1.637953519821167,1780384101.114839
93619,Episode_Reward/track_lin_vel_xy,1.6455926895141602,1780384121.7033548
93624,Episode_Reward/track_lin_vel_xy,1.6444228887557983,1780384141.7305207
93629,Episode_Reward/track_lin_vel_xy,1.6391949653625488,1780384164.1729934
93634,Episode_Reward/track_lin_vel_xy,1.6410845518112183,1780384188.0829694
93639,Episode_Reward/track_lin_vel_xy,1.6285533905029297,1780384211.9987874
93644,Episode_Reward/track_lin_vel_xy,1.6460833549499512,1780384234.1030884
93649,Episode_Reward/track_lin_vel_xy,1.625985860824585,1780384253.9019217
93654,Episode_Reward/track_lin_vel_xy,1.640991449356079,1780384274.4276261
93659,Episode_Reward/track_lin_vel_xy,1.6370047330856323,1780384294.6079004
93664,Episode_Reward/track_lin_vel_xy,1.6426184177398682,1780384314.7646196
93669,Episode_Reward/track_lin_vel_xy,1.6454870700836182,1780384334.524488
93674,Episode_Reward/track_lin_vel_xy,1.6256450414657593,1780384354.391127
93679,Episode_Reward/track_lin_vel_xy,1.6415027379989624,1780384374.4695048
93684,Episode_Reward/track_lin_vel_xy,1.6260483264923096,1780384394.1109607
93689,Episode_Reward/track_lin_vel_xy,1.6244943141937256,1780384413.8706045
93694,Episode_Reward/track_lin_vel_xy,1.621922254562378,1780384432.8207335
93699,Episode_Reward/track_lin_vel_xy,1.6158479452133179,1780384452.209806
93704,Episode_Reward/track_lin_vel_xy,1.6420958042144775,1780384471.8433843
93709,Episode_Reward/track_lin_vel_xy,1.6451797485351562,1780384492.8513293
93714,Episode_Reward/track_lin_vel_xy,1.6524518728256226,1780384517.0807714
93719,Episode_Reward/track_lin_vel_xy,1.6445974111557007,1780384537.8821352
93724,Episode_Reward/track_lin_vel_xy,1.6140546798706055,1780384558.1607323
93729,Episode_Reward/track_lin_vel_xy,1.6467363834381104,1780384577.7026277
93734,Episode_Reward/track_lin_vel_xy,1.609325885772705,1780384597.577264
93739,Episode_Reward/track_lin_vel_xy,1.6131219863891602,1780384617.490956
93744,Episode_Reward/track_lin_vel_xy,1.6332042217254639,1780384637.4932015
93749,Episode_Reward/track_lin_vel_xy,1.6368322372436523,1780384657.6399908
93754,Episode_Reward/track_lin_vel_xy,1.596178412437439,1780384678.176653
93759,Episode_Reward/track_lin_vel_xy,1.604468822479248,1780384698.474158
93764,Episode_Reward/track_lin_vel_xy,1.6165345907211304,1780384718.698574
93769,Episode_Reward/track_lin_vel_xy,1.614139437675476,1780384742.348751
93774,Episode_Reward/track_lin_vel_xy,1.594139575958252,1780384765.8429737
93779,Episode_Reward/track_lin_vel_xy,1.6086359024047852,1780384790.588196
93784,Episode_Reward/track_lin_vel_xy,1.6017460823059082,1780384814.9659579
93789,Episode_Reward/track_lin_vel_xy,1.6144556999206543,1780384839.2554245
93794,Episode_Reward/track_lin_vel_xy,1.6112446784973145,1780384863.4130871
93799,Episode_Reward/track_lin_vel_xy,1.6414239406585693,1780384887.6724439
93804,Episode_Reward/track_lin_vel_xy,1.6412992477416992,1780384911.6518965
93809,Episode_Reward/track_lin_vel_xy,1.6210381984710693,1780384936.5706985
93814,Episode_Reward/track_lin_vel_xy,1.6243189573287964,1780384958.1539586
93819,Episode_Reward/track_lin_vel_xy,1.6504716873168945,1780384978.6882162
93824,Episode_Reward/track_lin_vel_xy,1.5916526317596436,1780385000.2120192
93829,Episode_Reward/track_lin_vel_xy,1.6083335876464844,1780385021.094151
93834,Episode_Reward/track_lin_vel_xy,1.6085247993469238,1780385041.6556003
93839,Episode_Reward/track_lin_vel_xy,1.6115705966949463,1780385063.1586244
93844,Episode_Reward/track_lin_vel_xy,1.622171401977539,1780385087.6111124
93849,Episode_Reward/track_lin_vel_xy,1.6274573802947998,1780385112.8890324
93854,Episode_Reward/track_lin_vel_xy,1.5971496105194092,1780385137.7513785
93859,Episode_Reward/track_lin_vel_xy,1.607102870941162,1780385161.8957732
93864,Episode_Reward/track_lin_vel_xy,1.6226810216903687,1780385186.2473109
93869,Episode_Reward/track_lin_vel_xy,1.6248525381088257,1780385210.5082376
93874,Episode_Reward/track_lin_vel_xy,1.6253942251205444,1780385234.5156822
93879,Episode_Reward/track_lin_vel_xy,1.623086929321289,1780385257.2674043
93884,Episode_Reward/track_lin_vel_xy,1.6072829961776733,1780385277.930603
93889,Episode_Reward/track_lin_vel_xy,1.614505648612976,1780385298.4837224
93894,Episode_Reward/track_lin_vel_xy,1.6199296712875366,1780385319.0207958
93899,Episode_Reward/track_lin_vel_xy,1.6007559299468994,1780385339.4200006
93904,Episode_Reward/track_lin_vel_xy,1.6116117238998413,1780385362.9752328
93909,Episode_Reward/track_lin_vel_xy,1.628234624862671,1780385387.4874597
93914,Episode_Reward/track_lin_vel_xy,1.62297523021698,1780385411.5183551
93919,Episode_Reward/track_lin_vel_xy,1.604606032371521,1780385434.2224078
93924,Episode_Reward/track_lin_vel_xy,1.6079931259155273,1780385457.462499
93929,Episode_Reward/track_lin_vel_xy,1.619368314743042,1780385481.5019484
93934,Episode_Reward/track_lin_vel_xy,1.6078623533248901,1780385505.8285863
93939,Episode_Reward/track_lin_vel_xy,1.6354196071624756,1780385530.005771
93944,Episode_Reward/track_lin_vel_xy,1.6324018239974976,1780385554.7039933
93949,Episode_Reward/track_lin_vel_xy,1.583409070968628,1780385579.3269987
93954,Episode_Reward/track_lin_vel_xy,1.6046855449676514,1780385603.5963235
93959,Episode_Reward/track_lin_vel_xy,1.6100839376449585,1780385627.7716746
93964,Episode_Reward/track_lin_vel_xy,1.6355094909667969,1780385652.0200036
93969,Episode_Reward/track_lin_vel_xy,1.627433180809021,1780385675.1283934
93974,Episode_Reward/track_lin_vel_xy,1.6122715473175049,1780385699.5349839
93979,Episode_Reward/track_lin_vel_xy,1.6442493200302124,1780385724.1480513
93984,Episode_Reward/track_lin_vel_xy,1.5945775508880615,1780385748.8363678
93989,Episode_Reward/track_lin_vel_xy,1.6177830696105957,1780385772.901966
93994,Episode_Reward/track_lin_vel_xy,1.6427905559539795,1780385797.0922463
93999,Episode_Reward/track_lin_vel_xy,1.6057069301605225,1780385820.8690183
94004,Episode_Reward/track_lin_vel_xy,1.6275043487548828,1780385845.0039709
94009,Episode_Reward/track_lin_vel_xy,1.639392375946045,1780385869.0246975
94014,Episode_Reward/track_lin_vel_xy,1.6130156517028809,1780385893.214528
94019,Episode_Reward/track_lin_vel_xy,1.6455978155136108,1780385917.3445723
94024,Episode_Reward/track_lin_vel_xy,1.6157759428024292,1780385941.583982
94029,Episode_Reward/track_lin_vel_xy,1.6106723546981812,1780385966.0835118
94034,Episode_Reward/track_lin_vel_xy,1.6349830627441406,1780385989.2900488
94039,Episode_Reward/track_lin_vel_xy,1.5917999744415283,1780386011.4326832
94044,Episode_Reward/track_lin_vel_xy,1.6256933212280273,1780386031.6201499
94049,Episode_Reward/track_lin_vel_xy,1.6289308071136475,1780386051.7524538
94054,Episode_Reward/track_lin_vel_xy,1.6348270177841187,1780386072.2337441
94059,Episode_Reward/track_lin_vel_xy,1.6166934967041016,1780386092.0424762
94064,Episode_Reward/track_lin_vel_xy,1.621466040611267,1780386112.087821
94069,Episode_Reward/track_lin_vel_xy,1.6363887786865234,1780386132.170655
94074,Episode_Reward/track_lin_vel_xy,1.6166242361068726,1780386155.4086916
94079,Episode_Reward/track_lin_vel_xy,1.6420153379440308,1780386180.059448
94084,Episode_Reward/track_lin_vel_xy,1.632947325706482,1780386204.385875
94089,Episode_Reward/track_lin_vel_xy,1.6375484466552734,1780386228.4618757
94094,Episode_Reward/track_lin_vel_xy,1.6322311162948608,1780386251.456475
94099,Episode_Reward/track_lin_vel_xy,1.6349570751190186,1780386272.1032865
94104,Episode_Reward/track_lin_vel_xy,1.6374677419662476,1780386292.86014
94109,Episode_Reward/track_lin_vel_xy,1.6094683408737183,1780386313.4799654
94114,Episode_Reward/track_lin_vel_xy,1.6155469417572021,1780386336.44946
94119,Episode_Reward/track_lin_vel_xy,1.6406655311584473,1780386360.5773244
94124,Episode_Reward/track_lin_vel_xy,1.6127078533172607,1780386385.2819512
94129,Episode_Reward/track_lin_vel_xy,1.6378288269042969,1780386409.4001284
94134,Episode_Reward/track_lin_vel_xy,1.6463178396224976,1780386433.3865745
94139,Episode_Reward/track_lin_vel_xy,1.6386258602142334,1780386457.548574
94144,Episode_Reward/track_lin_vel_xy,1.6183490753173828,1780386482.262135
94149,Episode_Reward/track_lin_vel_xy,1.6128228902816772,1780386506.634852
94154,Episode_Reward/track_lin_vel_xy,1.6141576766967773,1780386531.276208
94159,Episode_Reward/track_lin_vel_xy,1.625227928161621,1780386555.3756225
94164,Episode_Reward/track_lin_vel_xy,1.6135194301605225,1780386579.653293
94169,Episode_Reward/track_lin_vel_xy,1.6208552122116089,1780386604.124942
94174,Episode_Reward/track_lin_vel_xy,1.6268196105957031,1780386628.7001996
94179,Episode_Reward/track_lin_vel_xy,1.6222634315490723,1780386652.5771914
94184,Episode_Reward/track_lin_vel_xy,1.6260547637939453,1780386676.993993
94189,Episode_Reward/track_lin_vel_xy,1.6072094440460205,1780386701.469239
94194,Episode_Reward/track_lin_vel_xy,1.6073353290557861,1780386725.5409412
94199,Episode_Reward/track_lin_vel_xy,1.6341255903244019,1780386749.8758829
94204,Episode_Reward/track_lin_vel_xy,1.6230146884918213,1780386774.2160206
94209,Episode_Reward/track_lin_vel_xy,1.6430082321166992,1780386798.2939436
94214,Episode_Reward/track_lin_vel_xy,1.625746250152588,1780386823.153741
94219,Episode_Reward/track_lin_vel_xy,1.6262849569320679,1780386847.4153628
94224,Episode_Reward/track_lin_vel_xy,1.6122465133666992,1780386872.097998
94229,Episode_Reward/track_lin_vel_xy,1.6319793462753296,1780386896.2150877
94234,Episode_Reward/track_lin_vel_xy,1.6124480962753296,1780386920.4224076
94239,Episode_Reward/track_lin_vel_xy,1.6499087810516357,1780386944.7402244
94244,Episode_Reward/track_lin_vel_xy,1.611539602279663,1780386969.0025377
94249,Episode_Reward/track_lin_vel_xy,1.6322864294052124,1780386993.3959644
94254,Episode_Reward/track_lin_vel_xy,1.6239961385726929,1780387017.8616996
94259,Episode_Reward/track_lin_vel_xy,1.618802785873413,1780387041.6045067
94264,Episode_Reward/track_lin_vel_xy,1.6250200271606445,1780387065.7382474
94269,Episode_Reward/track_lin_vel_xy,1.6169664859771729,1780387089.9756114
94274,Episode_Reward/track_lin_vel_xy,1.6202197074890137,1780387113.6796122
94279,Episode_Reward/track_lin_vel_xy,1.6261317729949951,1780387137.631891
94284,Episode_Reward/track_lin_vel_xy,1.6408971548080444,1780387162.571463
94289,Episode_Reward/track_lin_vel_xy,1.629638433456421,1780387186.548637
94294,Episode_Reward/track_lin_vel_xy,1.6169722080230713,1780387210.5853813
94299,Episode_Reward/track_lin_vel_xy,1.620530128479004,1780387234.9807358
94304,Episode_Reward/track_lin_vel_xy,1.6070903539657593,1780387259.0323575
94309,Episode_Reward/track_lin_vel_xy,1.6152048110961914,1780387282.4076138
94314,Episode_Reward/track_lin_vel_xy,1.630707025527954,1780387306.2281435
94319,Episode_Reward/track_lin_vel_xy,1.6332614421844482,1780387330.3641927
94324,Episode_Reward/track_lin_vel_xy,1.6293830871582031,1780387353.7673612
94329,Episode_Reward/track_lin_vel_xy,1.6481876373291016,1780387377.3552098
94334,Episode_Reward/track_lin_vel_xy,1.6266963481903076,1780387400.8010824
94339,Episode_Reward/track_lin_vel_xy,1.6277669668197632,1780387424.6045196
94344,Episode_Reward/track_lin_vel_xy,1.6342805624008179,1780387448.1052732
94349,Episode_Reward/track_lin_vel_xy,1.6475070714950562,1780387472.101053
94354,Episode_Reward/track_lin_vel_xy,1.6355456113815308,1780387495.5413194
94359,Episode_Reward/track_lin_vel_xy,1.6120963096618652,1780387519.1286578
94364,Episode_Reward/track_lin_vel_xy,1.6414904594421387,1780387542.8287504
94369,Episode_Reward/track_lin_vel_xy,1.6171331405639648,1780387566.3954933
94374,Episode_Reward/track_lin_vel_xy,1.622829794883728,1780387590.2602725
94379,Episode_Reward/track_lin_vel_xy,1.6311283111572266,1780387613.8743348
94384,Episode_Reward/track_lin_vel_xy,1.6347219944000244,1780387637.4537382
94389,Episode_Reward/track_lin_vel_xy,1.6405366659164429,1780387660.939879
94394,Episode_Reward/track_lin_vel_xy,1.629399299621582,1780387684.6962252
94399,Episode_Reward/track_lin_vel_xy,1.6387989521026611,1780387708.47407
94404,Episode_Reward/track_lin_vel_xy,1.6046255826950073,1780387731.8539896
94409,Episode_Reward/track_lin_vel_xy,1.6354182958602905,1780387755.2967036
94414,Episode_Reward/track_lin_vel_xy,1.6283191442489624,1780387778.821512
94419,Episode_Reward/track_lin_vel_xy,1.6195650100708008,1780387802.7086143
94424,Episode_Reward/track_lin_vel_xy,1.6282609701156616,1780387826.5033023
94429,Episode_Reward/track_lin_vel_xy,1.644516944885254,1780387850.078111
94434,Episode_Reward/track_lin_vel_xy,1.6254997253417969,1780387873.2257173
94439,Episode_Reward/track_lin_vel_xy,1.6394202709197998,1780387895.3170228
94444,Episode_Reward/track_lin_vel_xy,1.6126666069030762,1780387916.2498815
94449,Episode_Reward/track_lin_vel_xy,1.6272081136703491,1780387937.301358
94454,Episode_Reward/track_lin_vel_xy,1.6354618072509766,1780387957.693815
94459,Episode_Reward/track_lin_vel_xy,1.6000127792358398,1780387977.9121683
94464,Episode_Reward/track_lin_vel_xy,1.6326512098312378,1780387997.7868104
94469,Episode_Reward/track_lin_vel_xy,1.6206343173980713,1780388017.8997874
94474,Episode_Reward/track_lin_vel_xy,1.6390788555145264,1780388037.0667474
94479,Episode_Reward/track_lin_vel_xy,1.647688388824463,1780388056.4750643
94484,Episode_Reward/track_lin_vel_xy,1.62100350856781,1780388076.665422
94489,Episode_Reward/track_lin_vel_xy,1.6255042552947998,1780388096.4862902
94494,Episode_Reward/track_lin_vel_xy,1.6323261260986328,1780388116.7766023
94499,Episode_Reward/track_lin_vel_xy,1.630155324935913,1780388139.2492611
94504,Episode_Reward/track_lin_vel_xy,1.6315362453460693,1780388163.1829576
94509,Episode_Reward/track_lin_vel_xy,1.6252665519714355,1780388186.9988406
94514,Episode_Reward/track_lin_vel_xy,1.622972846031189,1780388210.6809857
94519,Episode_Reward/track_lin_vel_xy,1.6510083675384521,1780388234.1740358
94524,Episode_Reward/track_lin_vel_xy,1.6360554695129395,1780388257.6967633
94529,Episode_Reward/track_lin_vel_xy,1.654515027999878,1780388278.0756931
94534,Episode_Reward/track_lin_vel_xy,1.6466959714889526,1780388297.9760857
94539,Episode_Reward/track_lin_vel_xy,1.6454598903656006,1780388318.7098851
94544,Episode_Reward/track_lin_vel_xy,1.6354360580444336,1780388342.1059566
94549,Episode_Reward/track_lin_vel_xy,1.6259243488311768,1780388365.6942747
94554,Episode_Reward/track_lin_vel_xy,1.6463978290557861,1780388389.4780586
94559,Episode_Reward/track_lin_vel_xy,1.6204109191894531,1780388413.0175273
94564,Episode_Reward/track_lin_vel_xy,1.6151161193847656,1780388437.1137283
94569,Episode_Reward/track_lin_vel_xy,1.6224464178085327,1780388461.2623074
94574,Episode_Reward/track_lin_vel_xy,1.6484713554382324,1780388485.053995
94579,Episode_Reward/track_lin_vel_xy,1.6285316944122314,1780388508.8478086
94584,Episode_Reward/track_lin_vel_xy,1.6314363479614258,1780388532.5809433
94589,Episode_Reward/track_lin_vel_xy,1.6388235092163086,1780388556.1772988
94594,Episode_Reward/track_lin_vel_xy,1.627439260482788,1780388580.0170135
94599,Episode_Reward/track_lin_vel_xy,1.6255426406860352,1780388603.670451
94604,Episode_Reward/track_lin_vel_xy,1.6227381229400635,1780388627.2803833
94609,Episode_Reward/track_lin_vel_xy,1.6064515113830566,1780388651.011032
94614,Episode_Reward/track_lin_vel_xy,1.6100661754608154,1780388674.5661485
94619,Episode_Reward/track_lin_vel_xy,1.6363829374313354,1780388698.0196517
94624,Episode_Reward/track_lin_vel_xy,1.6279819011688232,1780388721.8961205
94629,Episode_Reward/track_lin_vel_xy,1.6287925243377686,1780388746.1531005
94634,Episode_Reward/track_lin_vel_xy,1.6131312847137451,1780388769.6863954
94639,Episode_Reward/track_lin_vel_xy,1.6157182455062866,1780388793.3182743
94644,Episode_Reward/track_lin_vel_xy,1.64828622341156,1780388817.3057163
94649,Episode_Reward/track_lin_vel_xy,1.6344873905181885,1780388840.8780808
94654,Episode_Reward/track_lin_vel_xy,1.6435045003890991,1780388864.5888753
94659,Episode_Reward/track_lin_vel_xy,1.6428908109664917,1780388888.2782824
94664,Episode_Reward/track_lin_vel_xy,1.6261205673217773,1780388911.6989036
94669,Episode_Reward/track_lin_vel_xy,1.6066794395446777,1780388935.5780942
94674,Episode_Reward/track_lin_vel_xy,1.602848768234253,1780388959.5695236
94679,Episode_Reward/track_lin_vel_xy,1.6275275945663452,1780388983.2841969
94684,Episode_Reward/track_lin_vel_xy,1.635627031326294,1780389007.0665612
94689,Episode_Reward/track_lin_vel_xy,1.6193965673446655,1780389031.1194644
94694,Episode_Reward/track_lin_vel_xy,1.6379575729370117,1780389054.9519925
94699,Episode_Reward/track_lin_vel_xy,1.6395728588104248,1780389079.1897411
94704,Episode_Reward/track_lin_vel_xy,1.6111819744110107,1780389102.9277003
94709,Episode_Reward/track_lin_vel_xy,1.6345933675765991,1780389127.19303
94714,Episode_Reward/track_lin_vel_xy,1.6247327327728271,1780389151.2305586
94719,Episode_Reward/track_lin_vel_xy,1.615572452545166,1780389175.5134735
94724,Episode_Reward/track_lin_vel_xy,1.6384881734848022,1780389199.485829
94729,Episode_Reward/track_lin_vel_xy,1.6243162155151367,1780389223.359312
94734,Episode_Reward/track_lin_vel_xy,1.6268181800842285,1780389247.466623
94739,Episode_Reward/track_lin_vel_xy,1.6337674856185913,1780389271.6453998
94744,Episode_Reward/track_lin_vel_xy,1.625930666923523,1780389295.719362
94749,Episode_Reward/track_lin_vel_xy,1.6264108419418335,1780389319.9650235
94754,Episode_Reward/track_lin_vel_xy,1.626328706741333,1780389344.132379
94759,Episode_Reward/track_lin_vel_xy,1.6248092651367188,1780389367.9378817
94764,Episode_Reward/track_lin_vel_xy,1.623769760131836,1780389392.1446729
94769,Episode_Reward/track_lin_vel_xy,1.6256121397018433,1780389416.7156978
94774,Episode_Reward/track_lin_vel_xy,1.5861198902130127,1780389437.6532445
94779,Episode_Reward/track_lin_vel_xy,1.6261155605316162,1780389460.7882807
94784,Episode_Reward/track_lin_vel_xy,1.624574065208435,1780389485.2698076
94789,Episode_Reward/track_lin_vel_xy,1.6271131038665771,1780389509.6212633
94794,Episode_Reward/track_lin_vel_xy,1.6244447231292725,1780389534.3493645
94799,Episode_Reward/track_lin_vel_xy,1.6230545043945312,1780389558.6209893
94804,Episode_Reward/track_lin_vel_xy,1.6003997325897217,1780389583.5105975
94809,Episode_Reward/track_lin_vel_xy,1.5942459106445312,1780389607.3711345
94814,Episode_Reward/track_lin_vel_xy,1.6106796264648438,1780389631.4948761
94819,Episode_Reward/track_lin_vel_xy,1.6120579242706299,1780389655.4831722
94824,Episode_Reward/track_lin_vel_xy,1.6545490026474,1780389679.2224145
94829,Episode_Reward/track_lin_vel_xy,1.6271655559539795,1780389703.3363814
94834,Episode_Reward/track_lin_vel_xy,1.6352256536483765,1780389727.557816
94839,Episode_Reward/track_lin_vel_xy,1.6422351598739624,1780389750.0845401
94844,Episode_Reward/track_lin_vel_xy,1.6591947078704834,1780389773.719647
94849,Episode_Reward/track_lin_vel_xy,1.6261320114135742,1780389795.830837
94854,Episode_Reward/track_lin_vel_xy,1.6400377750396729,1780389820.251469
94859,Episode_Reward/track_lin_vel_xy,1.6425861120224,1780389844.8053827
94864,Episode_Reward/track_lin_vel_xy,1.6447181701660156,1780389868.8111966
94869,Episode_Reward/track_lin_vel_xy,1.6530685424804688,1780389889.6130035
94874,Episode_Reward/track_lin_vel_xy,1.6372159719467163,1780389911.5618813
94879,Episode_Reward/track_lin_vel_xy,1.6339645385742188,1780389935.8769212
94884,Episode_Reward/track_lin_vel_xy,1.621913194656372,1780389960.707411
94889,Episode_Reward/track_lin_vel_xy,1.6348495483398438,1780389985.692053
94894,Episode_Reward/track_lin_vel_xy,1.6494777202606201,1780390010.2698684
94899,Episode_Reward/track_lin_vel_xy,1.63383150100708,1780390033.9631455
94904,Episode_Reward/track_lin_vel_xy,1.6371244192123413,1780390056.2102551
94909,Episode_Reward/track_lin_vel_xy,1.6526570320129395,1780390081.24467
94914,Episode_Reward/track_lin_vel_xy,1.6373510360717773,1780390105.7788813
94919,Episode_Reward/track_lin_vel_xy,1.6496927738189697,1780390130.1349304
94924,Episode_Reward/track_lin_vel_xy,1.6175659894943237,1780390154.452549
94929,Episode_Reward/track_lin_vel_xy,1.6271414756774902,1780390174.615771
94934,Episode_Reward/track_lin_vel_xy,1.603538990020752,1780390197.171728
94939,Episode_Reward/track_lin_vel_xy,1.6397578716278076,1780390220.956325
94944,Episode_Reward/track_lin_vel_xy,1.6375807523727417,1780390244.8232734
94949,Episode_Reward/track_lin_vel_xy,1.6349977254867554,1780390269.156692
94954,Episode_Reward/track_lin_vel_xy,1.6280925273895264,1780390293.570077
94959,Episode_Reward/track_lin_vel_xy,1.6370534896850586,1780390314.962592
94964,Episode_Reward/track_lin_vel_xy,1.6428683996200562,1780390336.6078005
94969,Episode_Reward/track_lin_vel_xy,1.605048418045044,1780390359.6735477
94974,Episode_Reward/track_lin_vel_xy,1.624382734298706,1780390379.812143
94979,Episode_Reward/track_lin_vel_xy,1.6276347637176514,1780390399.9543028
94984,Episode_Reward/track_lin_vel_xy,1.6102946996688843,1780390420.8726513
94989,Episode_Reward/track_lin_vel_xy,1.644629716873169,1780390441.9293244
94994,Episode_Reward/track_lin_vel_xy,1.6499608755111694,1780390462.9435086
94999,Episode_Reward/track_lin_vel_xy,1.6237958669662476,1780390486.2690756
95004,Episode_Reward/track_lin_vel_xy,1.6191928386688232,1780390510.0297523
95009,Episode_Reward/track_lin_vel_xy,1.6075856685638428,1780390534.1428533
95014,Episode_Reward/track_lin_vel_xy,1.6289838552474976,1780390557.963757
95019,Episode_Reward/track_lin_vel_xy,1.6245836019515991,1780390581.8014212
95024,Episode_Reward/track_lin_vel_xy,1.6366207599639893,1780390605.8144488
95029,Episode_Reward/track_lin_vel_xy,1.60696542263031,1780390629.4735146
95034,Episode_Reward/track_lin_vel_xy,1.6332242488861084,1780390653.30265
95039,Episode_Reward/track_lin_vel_xy,1.640700340270996,1780390676.9157116
95044,Episode_Reward/track_lin_vel_xy,1.6530301570892334,1780390700.2061656
95049,Episode_Reward/track_lin_vel_xy,1.6485700607299805,1780390723.929399
95054,Episode_Reward/track_lin_vel_xy,1.6212934255599976,1780390747.6017685
95059,Episode_Reward/track_lin_vel_xy,1.645735263824463,1780390771.100442
95064,Episode_Reward/track_lin_vel_xy,1.6215765476226807,1780390794.7386222
95069,Episode_Reward/track_lin_vel_xy,1.621755838394165,1780390818.620131
95074,Episode_Reward/track_lin_vel_xy,1.635883092880249,1780390842.2496583
95079,Episode_Reward/track_lin_vel_xy,1.6133946180343628,1780390866.0649285
95084,Episode_Reward/track_lin_vel_xy,1.6347615718841553,1780390890.1878815
95089,Episode_Reward/track_lin_vel_xy,1.63736891746521,1780390913.9639919
95094,Episode_Reward/track_lin_vel_xy,1.6156206130981445,1780390937.519511
95099,Episode_Reward/track_lin_vel_xy,1.621085524559021,1780390961.2272696
95104,Episode_Reward/track_lin_vel_xy,1.6480697393417358,1780390985.1096797
95109,Episode_Reward/track_lin_vel_xy,1.6121790409088135,1780391008.6986506
95114,Episode_Reward/track_lin_vel_xy,1.6492853164672852,1780391032.3523743
95119,Episode_Reward/track_lin_vel_xy,1.634774923324585,1780391056.092721
95124,Episode_Reward/track_lin_vel_xy,1.6386373043060303,1780391079.5451636
95129,Episode_Reward/track_lin_vel_xy,1.6516001224517822,1780391103.1941588
95134,Episode_Reward/track_lin_vel_xy,1.6213881969451904,1780391126.9803321
95139,Episode_Reward/track_lin_vel_xy,1.641815423965454,1780391150.2722018
95144,Episode_Reward/track_lin_vel_xy,1.6455984115600586,1780391173.6627445
95149,Episode_Reward/track_lin_vel_xy,1.6221718788146973,1780391197.1853688
95154,Episode_Reward/track_lin_vel_xy,1.6448876857757568,1780391221.1739073
95159,Episode_Reward/track_lin_vel_xy,1.6231622695922852,1780391245.7303495
95164,Episode_Reward/track_lin_vel_xy,1.6430847644805908,1780391269.6419246
95169,Episode_Reward/track_lin_vel_xy,1.632695198059082,1780391293.3470154
95174,Episode_Reward/track_lin_vel_xy,1.6372840404510498,1780391317.287683
95179,Episode_Reward/track_lin_vel_xy,1.6343234777450562,1780391341.4230072
95184,Episode_Reward/track_lin_vel_xy,1.6032686233520508,1780391365.3295193
95189,Episode_Reward/track_lin_vel_xy,1.636045217514038,1780391389.4453616
95194,Episode_Reward/track_lin_vel_xy,1.647006869316101,1780391413.2058647
95199,Episode_Reward/track_lin_vel_xy,1.6418765783309937,1780391436.6989665
95204,Episode_Reward/track_lin_vel_xy,1.6432344913482666,1780391460.5616195
95209,Episode_Reward/track_lin_vel_xy,1.6478347778320312,1780391484.555001
95214,Episode_Reward/track_lin_vel_xy,1.6404342651367188,1780391508.306817
95219,Episode_Reward/track_lin_vel_xy,1.6119863986968994,1780391531.697737
95224,Episode_Reward/track_lin_vel_xy,1.6256017684936523,1780391555.5041847
95229,Episode_Reward/track_lin_vel_xy,1.6374448537826538,1780391579.3880043
95234,Episode_Reward/track_lin_vel_xy,1.6146596670150757,1780391602.6650095
95239,Episode_Reward/track_lin_vel_xy,1.6249583959579468,1780391626.3628418
95244,Episode_Reward/track_lin_vel_xy,1.636349081993103,1780391650.2582674
95249,Episode_Reward/track_lin_vel_xy,1.6436676979064941,1780391673.7313962
95254,Episode_Reward/track_lin_vel_xy,1.631521224975586,1780391697.3092062
95259,Episode_Reward/track_lin_vel_xy,1.6281476020812988,1780391720.926784
95264,Episode_Reward/track_lin_vel_xy,1.6369905471801758,1780391745.2661932
95269,Episode_Reward/track_lin_vel_xy,1.6154286861419678,1780391769.1646004
95274,Episode_Reward/track_lin_vel_xy,1.6351652145385742,1780391793.1237583
95279,Episode_Reward/track_lin_vel_xy,1.655381202697754,1780391816.5377707
95284,Episode_Reward/track_lin_vel_xy,1.6233938932418823,1780391840.685947
95289,Episode_Reward/track_lin_vel_xy,1.647698163986206,1780391864.697119
95294,Episode_Reward/track_lin_vel_xy,1.6325249671936035,1780391888.8109674
95299,Episode_Reward/track_lin_vel_xy,1.6393264532089233,1780391912.914537
95304,Episode_Reward/track_lin_vel_xy,1.6273880004882812,1780391936.6889443
95309,Episode_Reward/track_lin_vel_xy,1.6217554807662964,1780391960.3965955
95314,Episode_Reward/track_lin_vel_xy,1.632520079612732,1780391984.1740434
95319,Episode_Reward/track_lin_vel_xy,1.642045259475708,1780392008.177175
95324,Episode_Reward/track_lin_vel_xy,1.6426914930343628,1780392032.0499494
95329,Episode_Reward/track_lin_vel_xy,1.6304453611373901,1780392055.636528
95334,Episode_Reward/track_lin_vel_xy,1.6366968154907227,1780392079.9448829
95339,Episode_Reward/track_lin_vel_xy,1.618212103843689,1780392103.9925785
95344,Episode_Reward/track_lin_vel_xy,1.6357951164245605,1780392126.7906218
95349,Episode_Reward/track_lin_vel_xy,1.6300678253173828,1780392147.0439498
95354,Episode_Reward/track_lin_vel_xy,1.6438745260238647,1780392166.953053
95359,Episode_Reward/track_lin_vel_xy,1.674656629562378,1780392188.699836
95364,Episode_Reward/track_lin_vel_xy,1.6377649307250977,1780392209.2713976
95369,Episode_Reward/track_lin_vel_xy,1.6243270635604858,1780392229.1765761
95374,Episode_Reward/track_lin_vel_xy,1.6376594305038452,1780392252.0080893
95379,Episode_Reward/track_lin_vel_xy,1.6493791341781616,1780392275.9949732
95384,Episode_Reward/track_lin_vel_xy,1.625899314880371,1780392300.051251
95389,Episode_Reward/track_lin_vel_xy,1.6447646617889404,1780392324.3489308
95394,Episode_Reward/track_lin_vel_xy,1.6243035793304443,1780392348.0924134
95399,Episode_Reward/track_lin_vel_xy,1.6162304878234863,1780392371.4210832
95404,Episode_Reward/track_lin_vel_xy,1.6425174474716187,1780392395.0229266
95409,Episode_Reward/track_lin_vel_xy,1.6218137741088867,1780392418.6751091
95414,Episode_Reward/track_lin_vel_xy,1.641455888748169,1780392442.4326396
95419,Episode_Reward/track_lin_vel_xy,1.6312631368637085,1780392466.316972
95424,Episode_Reward/track_lin_vel_xy,1.6264262199401855,1780392490.5211673
95429,Episode_Reward/track_lin_vel_xy,1.6511725187301636,1780392514.0619638
95434,Episode_Reward/track_lin_vel_xy,1.6342837810516357,1780392537.668935
95439,Episode_Reward/track_lin_vel_xy,1.6375751495361328,1780392561.0220397
95444,Episode_Reward/track_lin_vel_xy,1.6089868545532227,1780392584.4899514
95449,Episode_Reward/track_lin_vel_xy,1.6264407634735107,1780392608.444772
95454,Episode_Reward/track_lin_vel_xy,1.6402904987335205,1780392632.0522726
95459,Episode_Reward/track_lin_vel_xy,1.638348937034607,1780392655.462138
95464,Episode_Reward/track_lin_vel_xy,1.6351070404052734,1780392679.2549381
95469,Episode_Reward/track_lin_vel_xy,1.6425302028656006,1780392702.9031565
95474,Episode_Reward/track_lin_vel_xy,1.634878158569336,1780392726.3148127
95479,Episode_Reward/track_lin_vel_xy,1.6337270736694336,1780392749.8949106
95484,Episode_Reward/track_lin_vel_xy,1.6549079418182373,1780392773.6149597
95489,Episode_Reward/track_lin_vel_xy,1.6156408786773682,1780392797.0943654
95494,Episode_Reward/track_lin_vel_xy,1.632768988609314,1780392820.806807
95499,Episode_Reward/track_lin_vel_xy,1.6395263671875,1780392844.3981743
95504,Episode_Reward/track_lin_vel_xy,1.6399860382080078,1780392868.2195907
95509,Episode_Reward/track_lin_vel_xy,1.631811499595642,1780392891.7518756
95514,Episode_Reward/track_lin_vel_xy,1.6581928730010986,1780392915.574649
95519,Episode_Reward/track_lin_vel_xy,1.6250388622283936,1780392936.9142475
95524,Episode_Reward/track_lin_vel_xy,1.6529834270477295,1780392957.776375
95529,Episode_Reward/track_lin_vel_xy,1.6139476299285889,1780392979.9727535
95534,Episode_Reward/track_lin_vel_xy,1.6571853160858154,1780393004.0193017
95539,Episode_Reward/track_lin_vel_xy,1.641142725944519,1780393028.0131733
95544,Episode_Reward/track_lin_vel_xy,1.6408021450042725,1780393051.9202676
95549,Episode_Reward/track_lin_vel_xy,1.6275122165679932,1780393075.556165
95554,Episode_Reward/track_lin_vel_xy,1.6296970844268799,1780393099.7602713
95559,Episode_Reward/track_lin_vel_xy,1.6194289922714233,1780393123.8241887
95564,Episode_Reward/track_lin_vel_xy,1.6381843090057373,1780393147.8626285
95569,Episode_Reward/track_lin_vel_xy,1.6268457174301147,1780393172.0574853
95574,Episode_Reward/track_lin_vel_xy,1.6388877630233765,1780393196.1743324
95579,Episode_Reward/track_lin_vel_xy,1.6343082189559937,1780393220.2737403
95584,Episode_Reward/track_lin_vel_xy,1.6355812549591064,1780393243.1436906
95589,Episode_Reward/track_lin_vel_xy,1.6304965019226074,1780393264.8167126
95594,Episode_Reward/track_lin_vel_xy,1.6374475955963135,1780393289.2514005
95599,Episode_Reward/track_lin_vel_xy,1.639344573020935,1780393313.419912
95604,Episode_Reward/track_lin_vel_xy,1.6446635723114014,1780393335.1584575
95609,Episode_Reward/track_lin_vel_xy,1.657155990600586,1780393358.4623172
95614,Episode_Reward/track_lin_vel_xy,1.6325563192367554,1780393382.7430265
95619,Episode_Reward/track_lin_vel_xy,1.6278014183044434,1780393406.9964964
95624,Episode_Reward/track_lin_vel_xy,1.639922857284546,1780393431.010126
95629,Episode_Reward/track_lin_vel_xy,1.6287117004394531,1780393455.5484722
95634,Episode_Reward/track_lin_vel_xy,1.6376208066940308,1780393479.095534
95639,Episode_Reward/track_lin_vel_xy,1.6339114904403687,1780393499.738348
95644,Episode_Reward/track_lin_vel_xy,1.6216180324554443,1780393520.0365314
95649,Episode_Reward/track_lin_vel_xy,1.6544761657714844,1780393541.3264143
95654,Episode_Reward/track_lin_vel_xy,1.6164700984954834,1780393561.7809954
95659,Episode_Reward/track_lin_vel_xy,1.6436526775360107,1780393582.8593783
95664,Episode_Reward/track_lin_vel_xy,1.6415308713912964,1780393605.5572164
95669,Episode_Reward/track_lin_vel_xy,1.6446322202682495,1780393626.5813782
95674,Episode_Reward/track_lin_vel_xy,1.6508684158325195,1780393647.4604473
95679,Episode_Reward/track_lin_vel_xy,1.6205328702926636,1780393667.4962804
95684,Episode_Reward/track_lin_vel_xy,1.6281166076660156,1780393690.9872954
95689,Episode_Reward/track_lin_vel_xy,1.637242078781128,1780393715.3442173
95694,Episode_Reward/track_lin_vel_xy,1.6520541906356812,1780393739.233764
95699,Episode_Reward/track_lin_vel_xy,1.642347812652588,1780393763.5499973
95704,Episode_Reward/track_lin_vel_xy,1.6301937103271484,1780393788.057613
95709,Episode_Reward/track_lin_vel_xy,1.655107855796814,1780393812.6964765
95714,Episode_Reward/track_lin_vel_xy,1.6481916904449463,1780393834.339716
95719,Episode_Reward/track_lin_vel_xy,1.6276811361312866,1780393857.0532994
95724,Episode_Reward/track_lin_vel_xy,1.640554428100586,1780393880.8830671
95729,Episode_Reward/track_lin_vel_xy,1.657981276512146,1780393905.2747355
95734,Episode_Reward/track_lin_vel_xy,1.6256873607635498,1780393929.2788503
95739,Episode_Reward/track_lin_vel_xy,1.611607313156128,1780393952.9035676
95744,Episode_Reward/track_lin_vel_xy,1.641026496887207,1780393976.5594728
95749,Episode_Reward/track_lin_vel_xy,1.6519379615783691,1780394000.6089525
95754,Episode_Reward/track_lin_vel_xy,1.6353124380111694,1780394024.61611
95759,Episode_Reward/track_lin_vel_xy,1.623652458190918,1780394048.712547
95764,Episode_Reward/track_lin_vel_xy,1.6217639446258545,1780394072.4710364
95769,Episode_Reward/track_lin_vel_xy,1.6302461624145508,1780394095.9426255
95774,Episode_Reward/track_lin_vel_xy,1.6279881000518799,1780394117.5188708
95779,Episode_Reward/track_lin_vel_xy,1.6522659063339233,1780394140.720371
95784,Episode_Reward/track_lin_vel_xy,1.6222165822982788,1780394165.0074732
95789,Episode_Reward/track_lin_vel_xy,1.655113935470581,1780394189.2087066
95794,Episode_Reward/track_lin_vel_xy,1.6389763355255127,1780394212.8825262
95799,Episode_Reward/track_lin_vel_xy,1.639158010482788,1780394236.4253428
95804,Episode_Reward/track_lin_vel_xy,1.6345949172973633,1780394260.2973013
95809,Episode_Reward/track_lin_vel_xy,1.6441758871078491,1780394283.483495
95814,Episode_Reward/track_lin_vel_xy,1.6330255270004272,1780394303.5992744
95819,Episode_Reward/track_lin_vel_xy,1.6518163681030273,1780394323.2303193
95824,Episode_Reward/track_lin_vel_xy,1.6491830348968506,1780394343.0220554
95829,Episode_Reward/track_lin_vel_xy,1.6520975828170776,1780394363.0341365
95834,Episode_Reward/track_lin_vel_xy,1.6397771835327148,1780394383.263279
95839,Episode_Reward/track_lin_vel_xy,1.6384451389312744,1780394403.210135
95844,Episode_Reward/track_lin_vel_xy,1.6240981817245483,1780394423.1399279
95849,Episode_Reward/track_lin_vel_xy,1.625152826309204,1780394446.119214
95854,Episode_Reward/track_lin_vel_xy,1.6261438131332397,1780394469.839547
95859,Episode_Reward/track_lin_vel_xy,1.6326050758361816,1780394493.6078146
95864,Episode_Reward/track_lin_vel_xy,1.6428709030151367,1780394517.5029876
95869,Episode_Reward/track_lin_vel_xy,1.6255741119384766,1780394541.2843816
95874,Episode_Reward/track_lin_vel_xy,1.6448115110397339,1780394565.3837428
95879,Episode_Reward/track_lin_vel_xy,1.6233458518981934,1780394585.9386315
95884,Episode_Reward/track_lin_vel_xy,1.623151183128357,1780394610.5028503
95889,Episode_Reward/track_lin_vel_xy,1.6542896032333374,1780394634.6620188
95894,Episode_Reward/track_lin_vel_xy,1.6274728775024414,1780394658.9114702
95899,Episode_Reward/track_lin_vel_xy,1.6373180150985718,1780394682.8904738
95904,Episode_Reward/track_lin_vel_xy,1.6410512924194336,1780394706.7885342
95909,Episode_Reward/track_lin_vel_xy,1.6427053213119507,1780394730.4200199
95914,Episode_Reward/track_lin_vel_xy,1.6476595401763916,1780394754.538892
95919,Episode_Reward/track_lin_vel_xy,1.6637382507324219,1780394778.7472005
95924,Episode_Reward/track_lin_vel_xy,1.6391537189483643,1780394802.501737
95929,Episode_Reward/track_lin_vel_xy,1.640916109085083,1780394826.487987
95934,Episode_Reward/track_lin_vel_xy,1.6453585624694824,1780394850.7605548
95939,Episode_Reward/track_lin_vel_xy,1.6281516551971436,1780394874.3810365
95944,Episode_Reward/track_lin_vel_xy,1.6490472555160522,1780394898.2100747
95949,Episode_Reward/track_lin_vel_xy,1.6343741416931152,1780394922.665261
95954,Episode_Reward/track_lin_vel_xy,1.6261041164398193,1780394947.0283356
95959,Episode_Reward/track_lin_vel_xy,1.6598131656646729,1780394967.3380375
95964,Episode_Reward/track_lin_vel_xy,1.6413679122924805,1780394989.7575092
95969,Episode_Reward/track_lin_vel_xy,1.6428970098495483,1780395010.2341833
95974,Episode_Reward/track_lin_vel_xy,1.643384337425232,1780395034.638761
95979,Episode_Reward/track_lin_vel_xy,1.6351597309112549,1780395058.853946
95984,Episode_Reward/track_lin_vel_xy,1.6533851623535156,1780395082.7802289
95989,Episode_Reward/track_lin_vel_xy,1.64944589138031,1780395106.4196444
95994,Episode_Reward/track_lin_vel_xy,1.6598231792449951,1780395130.8322515
95999,Episode_Reward/track_lin_vel_xy,1.6475424766540527,1780395153.3415158
96004,Episode_Reward/track_lin_vel_xy,1.6336259841918945,1780395177.589781
96009,Episode_Reward/track_lin_vel_xy,1.6417955160140991,1780395199.0749388
96014,Episode_Reward/track_lin_vel_xy,1.6303482055664062,1780395223.4432132
96019,Episode_Reward/track_lin_vel_xy,1.6244138479232788,1780395245.7515485
96024,Episode_Reward/track_lin_vel_xy,1.6267931461334229,1780395269.9163852
96029,Episode_Reward/track_lin_vel_xy,1.6439695358276367,1780395293.9618697
96034,Episode_Reward/track_lin_vel_xy,1.647955298423767,1780395317.9212391
96039,Episode_Reward/track_lin_vel_xy,1.6379374265670776,1780395341.9613748
96044,Episode_Reward/track_lin_vel_xy,1.6473182439804077,1780395366.039166
96049,Episode_Reward/track_lin_vel_xy,1.6378759145736694,1780395390.3774555
96054,Episode_Reward/track_lin_vel_xy,1.63181471824646,1780395414.166813
96059,Episode_Reward/track_lin_vel_xy,1.6408460140228271,1780395437.9659925
96064,Episode_Reward/track_lin_vel_xy,1.64011549949646,1780395462.0866845
96069,Episode_Reward/track_lin_vel_xy,1.6597208976745605,1780395486.2307832
96074,Episode_Reward/track_lin_vel_xy,1.6409566402435303,1780395510.041231
96079,Episode_Reward/track_lin_vel_xy,1.6439168453216553,1780395534.143616
96084,Episode_Reward/track_lin_vel_xy,1.6554383039474487,1780395558.1382685
96089,Episode_Reward/track_lin_vel_xy,1.6477735042572021,1780395581.9447377
96094,Episode_Reward/track_lin_vel_xy,1.6336654424667358,1780395606.2740595
96099,Episode_Reward/track_lin_vel_xy,1.6430377960205078,1780395630.6709652
96104,Episode_Reward/track_lin_vel_xy,1.6419023275375366,1780395654.7552164
96109,Episode_Reward/track_lin_vel_xy,1.6360825300216675,1780395679.2515714
96114,Episode_Reward/track_lin_vel_xy,1.6420669555664062,1780395703.265424
96119,Episode_Reward/track_lin_vel_xy,1.6484498977661133,1780395727.423505
96124,Episode_Reward/track_lin_vel_xy,1.6483896970748901,1780395751.5327053
96129,Episode_Reward/track_lin_vel_xy,1.6543641090393066,1780395775.643769
96134,Episode_Reward/track_lin_vel_xy,1.650484323501587,1780395799.974884
96139,Episode_Reward/track_lin_vel_xy,1.622211217880249,1780395824.7599869
96144,Episode_Reward/track_lin_vel_xy,1.616523027420044,1780395849.4680648
96149,Episode_Reward/track_lin_vel_xy,1.6441315412521362,1780395874.3128898
96154,Episode_Reward/track_lin_vel_xy,1.6428941488265991,1780395899.2945251
96159,Episode_Reward/track_lin_vel_xy,1.6446880102157593,1780395924.2031012
96164,Episode_Reward/track_lin_vel_xy,1.6369991302490234,1780395949.0556877
96169,Episode_Reward/track_lin_vel_xy,1.6376041173934937,1780395973.7412224
96174,Episode_Reward/track_lin_vel_xy,1.6463427543640137,1780395996.94497
96179,Episode_Reward/track_lin_vel_xy,1.6403807401657104,1780396017.992194
96184,Episode_Reward/track_lin_vel_xy,1.6488382816314697,1780396038.534936
96189,Episode_Reward/track_lin_vel_xy,1.640385389328003,1780396058.8639288
96194,Episode_Reward/track_lin_vel_xy,1.6415014266967773,1780396079.240103
96199,Episode_Reward/track_lin_vel_xy,1.6308324337005615,1780396099.452561
96204,Episode_Reward/track_lin_vel_xy,1.6472200155258179,1780396120.4901316
96209,Episode_Reward/track_lin_vel_xy,1.6509466171264648,1780396140.8587086
96214,Episode_Reward/track_lin_vel_xy,1.625892996788025,1780396164.8001778
96219,Episode_Reward/track_lin_vel_xy,1.6230911016464233,1780396189.2338479
96224,Episode_Reward/track_lin_vel_xy,1.6376361846923828,1780396213.508623
96229,Episode_Reward/track_lin_vel_xy,1.638777494430542,1780396237.8832152
96234,Episode_Reward/track_lin_vel_xy,1.637839674949646,1780396261.9554265
96239,Episode_Reward/track_lin_vel_xy,1.643275499343872,1780396285.951781
96244,Episode_Reward/track_lin_vel_xy,1.6497571468353271,1780396310.607881
96249,Episode_Reward/track_lin_vel_xy,1.6362665891647339,1780396334.078662
96254,Episode_Reward/track_lin_vel_xy,1.659231424331665,1780396358.622908
96259,Episode_Reward/track_lin_vel_xy,1.649139165878296,1780396383.3610752
96264,Episode_Reward/track_lin_vel_xy,1.6198887825012207,1780396407.981924
96269,Episode_Reward/track_lin_vel_xy,1.634129285812378,1780396432.2084208
96274,Episode_Reward/track_lin_vel_xy,1.6231917142868042,1780396456.4970617
96279,Episode_Reward/track_lin_vel_xy,1.6355562210083008,1780396481.2352746
96284,Episode_Reward/track_lin_vel_xy,1.6282873153686523,1780396505.9118705
96289,Episode_Reward/track_lin_vel_xy,1.6344279050827026,1780396530.1085835
96294,Episode_Reward/track_lin_vel_xy,1.6489055156707764,1780396554.3297007
96299,Episode_Reward/track_lin_vel_xy,1.639592170715332,1780396575.4668288
96304,Episode_Reward/track_lin_vel_xy,1.62630033493042,1780396596.1347926
96309,Episode_Reward/track_lin_vel_xy,1.6501126289367676,1780396619.8780959
96314,Episode_Reward/track_lin_vel_xy,1.6449408531188965,1780396642.9708292
96319,Episode_Reward/track_lin_vel_xy,1.6276023387908936,1780396667.9049737
96324,Episode_Reward/track_lin_vel_xy,1.649460792541504,1780396692.2193308
96329,Episode_Reward/track_lin_vel_xy,1.6480426788330078,1780396717.0677736
96334,Episode_Reward/track_lin_vel_xy,1.650106430053711,1780396741.5246232
96339,Episode_Reward/track_lin_vel_xy,1.6516178846359253,1780396766.2357435
96344,Episode_Reward/track_lin_vel_xy,1.6441965103149414,1780396791.4491243
96349,Episode_Reward/track_lin_vel_xy,1.6429908275604248,1780396816.6935546
96354,Episode_Reward/track_lin_vel_xy,1.630156397819519,1780396841.7323248
96359,Episode_Reward/track_lin_vel_xy,1.630258321762085,1780396865.5710464
96364,Episode_Reward/track_lin_vel_xy,1.6514580249786377,1780396889.6271389
96369,Episode_Reward/track_lin_vel_xy,1.647141456604004,1780396913.4451866
96374,Episode_Reward/track_lin_vel_xy,1.6394639015197754,1780396937.0154533
96379,Episode_Reward/track_lin_vel_xy,1.6539667844772339,1780396960.9762983
96384,Episode_Reward/track_lin_vel_xy,1.6640403270721436,1780396984.938602
96389,Episode_Reward/track_lin_vel_xy,1.636641263961792,1780397005.753193
96394,Episode_Reward/track_lin_vel_xy,1.6352176666259766,1780397028.681922
96399,Episode_Reward/track_lin_vel_xy,1.6319029331207275,1780397053.3125348
96404,Episode_Reward/track_lin_vel_xy,1.6648411750793457,1780397077.4213865
96409,Episode_Reward/track_lin_vel_xy,1.6578562259674072,1780397101.9099617
96414,Episode_Reward/track_lin_vel_xy,1.6310927867889404,1780397125.6799924
96419,Episode_Reward/track_lin_vel_xy,1.6508989334106445,1780397149.3253715
96424,Episode_Reward/track_lin_vel_xy,1.6445729732513428,1780397173.3440154
96429,Episode_Reward/track_lin_vel_xy,1.6522560119628906,1780397197.4362495
96434,Episode_Reward/track_lin_vel_xy,1.6475629806518555,1780397221.0633333
96439,Episode_Reward/track_lin_vel_xy,1.6426825523376465,1780397245.0402813
96444,Episode_Reward/track_lin_vel_xy,1.6451451778411865,1780397268.9560187
96449,Episode_Reward/track_lin_vel_xy,1.6400890350341797,1780397292.696223
96454,Episode_Reward/track_lin_vel_xy,1.6361111402511597,1780397315.773303
96459,Episode_Reward/track_lin_vel_xy,1.6470239162445068,1780397336.6598802
96464,Episode_Reward/track_lin_vel_xy,1.640345573425293,1780397361.0392787
96469,Episode_Reward/track_lin_vel_xy,1.654517650604248,1780397384.9762545
96474,Episode_Reward/track_lin_vel_xy,1.6595211029052734,1780397408.738036
96479,Episode_Reward/track_lin_vel_xy,1.6645467281341553,1780397432.5156987
96484,Episode_Reward/track_lin_vel_xy,1.6467196941375732,1780397456.6737497
96489,Episode_Reward/track_lin_vel_xy,1.6376399993896484,1780397480.4151464
96494,Episode_Reward/track_lin_vel_xy,1.6621675491333008,1780397504.2594528
96499,Episode_Reward/track_lin_vel_xy,1.6506929397583008,1780397528.1405575
96504,Episode_Reward/track_lin_vel_xy,1.6415817737579346,1780397551.6701398
96509,Episode_Reward/track_lin_vel_xy,1.6771459579467773,1780397575.5831723
96514,Episode_Reward/track_lin_vel_xy,1.6349939107894897,1780397599.2497633
96519,Episode_Reward/track_lin_vel_xy,1.6591567993164062,1780397622.7430184
96524,Episode_Reward/track_lin_vel_xy,1.668103575706482,1780397646.3700259
96529,Episode_Reward/track_lin_vel_xy,1.6335382461547852,1780397670.145949
96534,Episode_Reward/track_lin_vel_xy,1.6552608013153076,1780397693.8216677
96539,Episode_Reward/track_lin_vel_xy,1.6264801025390625,1780397718.1841984
96544,Episode_Reward/track_lin_vel_xy,1.6452058553695679,1780397742.542096
96549,Episode_Reward/track_lin_vel_xy,1.636780023574829,1780397766.7593935
96554,Episode_Reward/track_lin_vel_xy,1.6372783184051514,1780397791.1958034
96559,Episode_Reward/track_lin_vel_xy,1.6576902866363525,1780397815.4539468
96564,Episode_Reward/track_lin_vel_xy,1.626988410949707,1780397839.0825582
96569,Episode_Reward/track_lin_vel_xy,1.6353323459625244,1780397862.8852422
96574,Episode_Reward/track_lin_vel_xy,1.6482205390930176,1780397886.8597171
96579,Episode_Reward/track_lin_vel_xy,1.6445374488830566,1780397910.6826644
96584,Episode_Reward/track_lin_vel_xy,1.656231164932251,1780397934.3796768
96589,Episode_Reward/track_lin_vel_xy,1.6474026441574097,1780397958.2006648
96594,Episode_Reward/track_lin_vel_xy,1.6567456722259521,1780397982.5792155
96599,Episode_Reward/track_lin_vel_xy,1.6656396389007568,1780398007.0227222
96604,Episode_Reward/track_lin_vel_xy,1.6696622371673584,1780398031.6718304
96609,Episode_Reward/track_lin_vel_xy,1.6437413692474365,1780398055.6776164
96614,Episode_Reward/track_lin_vel_xy,1.6362066268920898,1780398079.514699
96619,Episode_Reward/track_lin_vel_xy,1.6275482177734375,1780398103.6495903
96624,Episode_Reward/track_lin_vel_xy,1.6527780294418335,1780398127.409687
96629,Episode_Reward/track_lin_vel_xy,1.6369231939315796,1780398151.2796571
96634,Episode_Reward/track_lin_vel_xy,1.630799651145935,1780398175.2865827
96639,Episode_Reward/track_lin_vel_xy,1.6480602025985718,1780398199.1197166
96644,Episode_Reward/track_lin_vel_xy,1.6555659770965576,1780398223.038497
96649,Episode_Reward/track_lin_vel_xy,1.646715521812439,1780398247.4670126
96654,Episode_Reward/track_lin_vel_xy,1.635338544845581,1780398271.179
96659,Episode_Reward/track_lin_vel_xy,1.6421692371368408,1780398295.1649127
96664,Episode_Reward/track_lin_vel_xy,1.6458709239959717,1780398319.0755618
96669,Episode_Reward/track_lin_vel_xy,1.6421740055084229,1780398342.9119618
96674,Episode_Reward/track_lin_vel_xy,1.6508588790893555,1780398366.8628252
96679,Episode_Reward/track_lin_vel_xy,1.634789228439331,1780398391.1208606
96684,Episode_Reward/track_lin_vel_xy,1.655852198600769,1780398415.0300953
96689,Episode_Reward/track_lin_vel_xy,1.6345809698104858,1780398438.6219513
96694,Episode_Reward/track_lin_vel_xy,1.6331456899642944,1780398462.509054
96699,Episode_Reward/track_lin_vel_xy,1.6449060440063477,1780398486.3193223
96704,Episode_Reward/track_lin_vel_xy,1.6446075439453125,1780398511.001642
96709,Episode_Reward/track_lin_vel_xy,1.6481821537017822,1780398533.2770002
96714,Episode_Reward/track_lin_vel_xy,1.634456992149353,1780398554.444138
96719,Episode_Reward/track_lin_vel_xy,1.6189944744110107,1780398578.2504492
96724,Episode_Reward/track_lin_vel_xy,1.6312665939331055,1780398602.6794171
96729,Episode_Reward/track_lin_vel_xy,1.6547397375106812,1780398626.5359142
96734,Episode_Reward/track_lin_vel_xy,1.6176156997680664,1780398647.2489514
96739,Episode_Reward/track_lin_vel_xy,1.6540268659591675,1780398668.9166985
96744,Episode_Reward/track_lin_vel_xy,1.659044623374939,1780398693.3716
96749,Episode_Reward/track_lin_vel_xy,1.643692970275879,1780398717.6962006
96754,Episode_Reward/track_lin_vel_xy,1.6325124502182007,1780398742.0811744
96759,Episode_Reward/track_lin_vel_xy,1.6456273794174194,1780398766.3918607
96764,Episode_Reward/track_lin_vel_xy,1.6409547328948975,1780398790.3948464
96769,Episode_Reward/track_lin_vel_xy,1.6493314504623413,1780398814.4009922
96774,Episode_Reward/track_lin_vel_xy,1.6353076696395874,1780398838.49928
96779,Episode_Reward/track_lin_vel_xy,1.6354707479476929,1780398860.5035057
96784,Episode_Reward/track_lin_vel_xy,1.639005422592163,1780398885.5585349
96789,Episode_Reward/track_lin_vel_xy,1.6416809558868408,1780398909.9479163
96794,Episode_Reward/track_lin_vel_xy,1.6431711912155151,1780398930.7493117
96799,Episode_Reward/track_lin_vel_xy,1.6358098983764648,1780398952.1027632
96804,Episode_Reward/track_lin_vel_xy,1.6468315124511719,1780398976.2346053
96809,Episode_Reward/track_lin_vel_xy,1.6508033275604248,1780399000.326099
96814,Episode_Reward/track_lin_vel_xy,1.6246771812438965,1780399024.346474
96819,Episode_Reward/track_lin_vel_xy,1.6440948247909546,1780399048.448578
96824,Episode_Reward/track_lin_vel_xy,1.6488409042358398,1780399072.4634354
96829,Episode_Reward/track_lin_vel_xy,1.6217551231384277,1780399096.10531
96834,Episode_Reward/track_lin_vel_xy,1.6391099691390991,1780399120.095555
96839,Episode_Reward/track_lin_vel_xy,1.6409056186676025,1780399144.0855758
96844,Episode_Reward/track_lin_vel_xy,1.633066177368164,1780399168.2495055
96849,Episode_Reward/track_lin_vel_xy,1.642770767211914,1780399192.6316187
96854,Episode_Reward/track_lin_vel_xy,1.6343554258346558,1780399216.4610593
96859,Episode_Reward/track_lin_vel_xy,1.6560418605804443,1780399240.5831814
96864,Episode_Reward/track_lin_vel_xy,1.6701948642730713,1780399265.0280077
96869,Episode_Reward/track_lin_vel_xy,1.655167818069458,1780399288.884486
96874,Episode_Reward/track_lin_vel_xy,1.6729545593261719,1780399313.9669218
96879,Episode_Reward/track_lin_vel_xy,1.6534571647644043,1780399334.9111624
96884,Episode_Reward/track_lin_vel_xy,1.643430471420288,1780399358.6446846
96889,Episode_Reward/track_lin_vel_xy,1.6363919973373413,1780399383.8082595
96894,Episode_Reward/track_lin_vel_xy,1.622950553894043,1780399408.0071626
96899,Episode_Reward/track_lin_vel_xy,1.6543028354644775,1780399432.1327846
96904,Episode_Reward/track_lin_vel_xy,1.6632951498031616,1780399456.8600986
96909,Episode_Reward/track_lin_vel_xy,1.6258167028427124,1780399480.739539
96914,Episode_Reward/track_lin_vel_xy,1.6599019765853882,1780399505.4446075
96919,Episode_Reward/track_lin_vel_xy,1.6303822994232178,1780399530.1299853
96924,Episode_Reward/track_lin_vel_xy,1.6519241333007812,1780399554.3707514
96929,Episode_Reward/track_lin_vel_xy,1.6235394477844238,1780399578.7089388
96934,Episode_Reward/track_lin_vel_xy,1.661010503768921,1780399602.9353554
96939,Episode_Reward/track_lin_vel_xy,1.6575950384140015,1780399626.8614085
96944,Episode_Reward/track_lin_vel_xy,1.640093207359314,1780399650.8815
96949,Episode_Reward/track_lin_vel_xy,1.6470574140548706,1780399674.986273
96954,Episode_Reward/track_lin_vel_xy,1.653862476348877,1780399698.7472801
96959,Episode_Reward/track_lin_vel_xy,1.6561384201049805,1780399722.9455853
96964,Episode_Reward/track_lin_vel_xy,1.6428321599960327,1780399747.1339743
96969,Episode_Reward/track_lin_vel_xy,1.6268529891967773,1780399771.2429109
96974,Episode_Reward/track_lin_vel_xy,1.6361349821090698,1780399795.6065242
96979,Episode_Reward/track_lin_vel_xy,1.6442245244979858,1780399819.48631
96984,Episode_Reward/track_lin_vel_xy,1.64212167263031,1780399843.7824438
96989,Episode_Reward/track_lin_vel_xy,1.6410659551620483,1780399868.2560456
96994,Episode_Reward/track_lin_vel_xy,1.6562613248825073,1780399892.763283
96999,Episode_Reward/track_lin_vel_xy,1.6504278182983398,1780399917.020653
97004,Episode_Reward/track_lin_vel_xy,1.6269853115081787,1780399941.3576972
97009,Episode_Reward/track_lin_vel_xy,1.6352720260620117,1780399965.7052414
97014,Episode_Reward/track_lin_vel_xy,1.648310661315918,1780399989.9175124
97019,Episode_Reward/track_lin_vel_xy,1.6483266353607178,1780400013.8482563
97024,Episode_Reward/track_lin_vel_xy,1.6431587934494019,1780400034.4869592
97029,Episode_Reward/track_lin_vel_xy,1.6452491283416748,1780400058.9501772
97034,Episode_Reward/track_lin_vel_xy,1.6537504196166992,1780400082.7367764
97039,Episode_Reward/track_lin_vel_xy,1.649561882019043,1780400106.7305057
97044,Episode_Reward/track_lin_vel_xy,1.645409345626831,1780400131.0814757
97049,Episode_Reward/track_lin_vel_xy,1.6241968870162964,1780400155.1960533
97054,Episode_Reward/track_lin_vel_xy,1.6357226371765137,1780400179.3502429
97059,Episode_Reward/track_lin_vel_xy,1.6593406200408936,1780400203.3370624
97064,Episode_Reward/track_lin_vel_xy,1.6397490501403809,1780400227.0549634
97069,Episode_Reward/track_lin_vel_xy,1.624485731124878,1780400251.3994086
97074,Episode_Reward/track_lin_vel_xy,1.6361839771270752,1780400272.978283
97079,Episode_Reward/track_lin_vel_xy,1.6380844116210938,1780400296.6795814
97084,Episode_Reward/track_lin_vel_xy,1.638837218284607,1780400320.764094
97089,Episode_Reward/track_lin_vel_xy,1.6528480052947998,1780400344.4793055
97094,Episode_Reward/track_lin_vel_xy,1.6621644496917725,1780400368.6593208
97099,Episode_Reward/track_lin_vel_xy,1.6502063274383545,1780400392.9090574
97104,Episode_Reward/track_lin_vel_xy,1.6242656707763672,1780400417.3187456
97109,Episode_Reward/track_lin_vel_xy,1.6340564489364624,1780400441.8735251
97114,Episode_Reward/track_lin_vel_xy,1.6538875102996826,1780400466.405521
97119,Episode_Reward/track_lin_vel_xy,1.6580121517181396,1780400490.5895045
97124,Episode_Reward/track_lin_vel_xy,1.6535131931304932,1780400514.7062247
97129,Episode_Reward/track_lin_vel_xy,1.6457726955413818,1780400539.0339625
97134,Episode_Reward/track_lin_vel_xy,1.6592121124267578,1780400563.2195835
97139,Episode_Reward/track_lin_vel_xy,1.6434611082077026,1780400587.7189221
97144,Episode_Reward/track_lin_vel_xy,1.642324447631836,1780400611.8708055
97149,Episode_Reward/track_lin_vel_xy,1.6409413814544678,1780400636.080859
97154,Episode_Reward/track_lin_vel_xy,1.6263126134872437,1780400660.3481755
97159,Episode_Reward/track_lin_vel_xy,1.652240514755249,1780400684.9959667
97164,Episode_Reward/track_lin_vel_xy,1.6390712261199951,1780400709.3921776
97169,Episode_Reward/track_lin_vel_xy,1.645367980003357,1780400733.6728716
97174,Episode_Reward/track_lin_vel_xy,1.6598142385482788,1780400758.444287
97179,Episode_Reward/track_lin_vel_xy,1.645124912261963,1780400783.3906178
97184,Episode_Reward/track_lin_vel_xy,1.6492390632629395,1780400807.670727
97189,Episode_Reward/track_lin_vel_xy,1.6439818143844604,1780400831.8958397
97194,Episode_Reward/track_lin_vel_xy,1.6495479345321655,1780400856.2253478
97199,Episode_Reward/track_lin_vel_xy,1.651535987854004,1780400880.344137
97204,Episode_Reward/track_lin_vel_xy,1.6485170125961304,1780400904.4305227
97209,Episode_Reward/track_lin_vel_xy,1.635896921157837,1780400928.6281335
97214,Episode_Reward/track_lin_vel_xy,1.6500194072723389,1780400952.5434062
97219,Episode_Reward/track_lin_vel_xy,1.6418421268463135,1780400976.630069
97224,Episode_Reward/track_lin_vel_xy,1.6493595838546753,1780401000.9693797
97229,Episode_Reward/track_lin_vel_xy,1.642380952835083,1780401025.1828034
97234,Episode_Reward/track_lin_vel_xy,1.640926718711853,1780401049.3897946
97239,Episode_Reward/track_lin_vel_xy,1.6437547206878662,1780401073.5674055
97244,Episode_Reward/track_lin_vel_xy,1.6353354454040527,1780401097.5477026
97249,Episode_Reward/track_lin_vel_xy,1.6584481000900269,1780401122.073021
97254,Episode_Reward/track_lin_vel_xy,1.6379674673080444,1780401144.0819626
97259,Episode_Reward/track_lin_vel_xy,1.6291215419769287,1780401166.1937232
97264,Episode_Reward/track_lin_vel_xy,1.629404067993164,1780401191.4419944
97269,Episode_Reward/track_lin_vel_xy,1.6278280019760132,1780401215.8729663
97274,Episode_Reward/track_lin_vel_xy,1.644063949584961,1780401239.9911532
97279,Episode_Reward/track_lin_vel_xy,1.6398286819458008,1780401261.8338952
97284,Episode_Reward/track_lin_vel_xy,1.6470378637313843,1780401285.5729868
97289,Episode_Reward/track_lin_vel_xy,1.651926040649414,1780401308.8520927
97294,Episode_Reward/track_lin_vel_xy,1.645443320274353,1780401329.5685184
97299,Episode_Reward/track_lin_vel_xy,1.6455034017562866,1780401349.6616855
97304,Episode_Reward/track_lin_vel_xy,1.654139518737793,1780401370.887168
97309,Episode_Reward/track_lin_vel_xy,1.639976978302002,1780401393.8344631
97314,Episode_Reward/track_lin_vel_xy,1.6353305578231812,1780401414.096419
97319,Episode_Reward/track_lin_vel_xy,1.6500012874603271,1780401434.3388593
97324,Episode_Reward/track_lin_vel_xy,1.6350409984588623,1780401454.3080258
97329,Episode_Reward/track_lin_vel_xy,1.6588964462280273,1780401474.3284383
97334,Episode_Reward/track_lin_vel_xy,1.6555633544921875,1780401494.036017
97339,Episode_Reward/track_lin_vel_xy,1.6507110595703125,1780401513.964496
97344,Episode_Reward/track_lin_vel_xy,1.6519429683685303,1780401533.8418968
97349,Episode_Reward/track_lin_vel_xy,1.6504992246627808,1780401554.0299797
97354,Episode_Reward/track_lin_vel_xy,1.6685293912887573,1780401575.5624156
97359,Episode_Reward/track_lin_vel_xy,1.6508092880249023,1780401599.6643283
97364,Episode_Reward/track_lin_vel_xy,1.6472896337509155,1780401623.6320934
97369,Episode_Reward/track_lin_vel_xy,1.650700330734253,1780401647.088615
97374,Episode_Reward/track_lin_vel_xy,1.6394054889678955,1780401671.319961
97379,Episode_Reward/track_lin_vel_xy,1.650913953781128,1780401693.8371043
97384,Episode_Reward/track_lin_vel_xy,1.6497249603271484,1780401713.7806292
97389,Episode_Reward/track_lin_vel_xy,1.629826307296753,1780401736.0079694
97394,Episode_Reward/track_lin_vel_xy,1.622322916984558,1780401759.71129
97399,Episode_Reward/track_lin_vel_xy,1.6605981588363647,1780401782.3083935
97404,Episode_Reward/track_lin_vel_xy,1.6345195770263672,1780401806.772788
97409,Episode_Reward/track_lin_vel_xy,1.6462466716766357,1780401827.623178
97414,Episode_Reward/track_lin_vel_xy,1.6514806747436523,1780401848.4561715
97419,Episode_Reward/track_lin_vel_xy,1.6450831890106201,1780401868.54375
97424,Episode_Reward/track_lin_vel_xy,1.6393746137619019,1780401888.9966505
97429,Episode_Reward/track_lin_vel_xy,1.6644481420516968,1780401908.99342
97434,Episode_Reward/track_lin_vel_xy,1.6576120853424072,1780401932.2384527
97439,Episode_Reward/track_lin_vel_xy,1.6467283964157104,1780401956.2196076
97444,Episode_Reward/track_lin_vel_xy,1.6703145503997803,1780401979.8226783
97449,Episode_Reward/track_lin_vel_xy,1.643167495727539,1780402003.6899712
97454,Episode_Reward/track_lin_vel_xy,1.6499853134155273,1780402027.8386176
97459,Episode_Reward/track_lin_vel_xy,1.6388564109802246,1780402051.6701925
97464,Episode_Reward/track_lin_vel_xy,1.6371545791625977,1780402075.667639
97469,Episode_Reward/track_lin_vel_xy,1.6589616537094116,1780402098.608511
97474,Episode_Reward/track_lin_vel_xy,1.6311101913452148,1780402119.0597477
97479,Episode_Reward/track_lin_vel_xy,1.6553897857666016,1780402142.6076734
97484,Episode_Reward/track_lin_vel_xy,1.6458476781845093,1780402166.5762217
97489,Episode_Reward/track_lin_vel_xy,1.6439239978790283,1780402191.0574555
97494,Episode_Reward/track_lin_vel_xy,1.632460594177246,1780402215.2119513
97499,Episode_Reward/track_lin_vel_xy,1.6547292470932007,1780402239.1277466
97504,Episode_Reward/track_lin_vel_xy,1.6358416080474854,1780402263.3019323
97509,Episode_Reward/track_lin_vel_xy,1.656402826309204,1780402287.1131613
97514,Episode_Reward/track_lin_vel_xy,1.6405833959579468,1780402311.2318265
97519,Episode_Reward/track_lin_vel_xy,1.6472258567810059,1780402335.305728
97524,Episode_Reward/track_lin_vel_xy,1.6382229328155518,1780402358.9063892
97529,Episode_Reward/track_lin_vel_xy,1.6478118896484375,1780402383.0671208
97534,Episode_Reward/track_lin_vel_xy,1.6380336284637451,1780402406.9979806
97539,Episode_Reward/track_lin_vel_xy,1.6457529067993164,1780402430.631733
97544,Episode_Reward/track_lin_vel_xy,1.6574549674987793,1780402454.800984
97549,Episode_Reward/track_lin_vel_xy,1.644049048423767,1780402479.1920278
97554,Episode_Reward/track_lin_vel_xy,1.6392414569854736,1780402503.2142994
97559,Episode_Reward/track_lin_vel_xy,1.6335816383361816,1780402527.469527
97564,Episode_Reward/track_lin_vel_xy,1.6515997648239136,1780402551.4794624
97569,Episode_Reward/track_lin_vel_xy,1.64072585105896,1780402575.235633
97574,Episode_Reward/track_lin_vel_xy,1.6564582586288452,1780402599.4007134
97579,Episode_Reward/track_lin_vel_xy,1.639272689819336,1780402623.313614
97584,Episode_Reward/track_lin_vel_xy,1.638257384300232,1780402647.599972
97589,Episode_Reward/track_lin_vel_xy,1.638382911682129,1780402671.8363292
97594,Episode_Reward/track_lin_vel_xy,1.652216911315918,1780402696.05837
97598,Episode_Reward/track_lin_vel_xy,1.6413285732269287,1780402715.772856
92599,Episode_Reward/hand_payload_pose,3.3508835151616935e-17,1780379380.680607
92604,Episode_Reward/hand_payload_pose,2.198031166800174e-11,1780379401.1440046
92609,Episode_Reward/hand_payload_pose,7.41638195300709e-10,1780379425.7670748
92614,Episode_Reward/hand_payload_pose,1.4853077656695746e-09,1780379449.309061
92619,Episode_Reward/hand_payload_pose,1.4654130131575016e-09,1780379471.716479
92624,Episode_Reward/hand_payload_pose,1.277255523568499e-09,1780379493.9443047
92629,Episode_Reward/hand_payload_pose,1.1880105788009132e-09,1780379516.6608279
92634,Episode_Reward/hand_payload_pose,1.1210099515324146e-09,1780379542.382693
92639,Episode_Reward/hand_payload_pose,1.0815457418544838e-09,1780379568.1194663
92644,Episode_Reward/hand_payload_pose,1.0548628637252477e-09,1780379593.7703683
92649,Episode_Reward/hand_payload_pose,7.894574993727588e-10,1780379618.8558097
92654,Episode_Reward/hand_payload_pose,6.259283646947722e-10,1780379644.0104423
92659,Episode_Reward/hand_payload_pose,5.35320621164459e-10,1780379669.6570737
92664,Episode_Reward/hand_payload_pose,4.6063505787508063e-10,1780379695.3691287
92669,Episode_Reward/hand_payload_pose,3.79416137397115e-10,1780379720.5702543
92674,Episode_Reward/hand_payload_pose,3.5265909636983395e-10,1780379745.436588
92679,Episode_Reward/hand_payload_pose,3.476136045676981e-10,1780379767.9859505
92684,Episode_Reward/hand_payload_pose,3.15556109020676e-10,1780379789.4864254
92689,Episode_Reward/hand_payload_pose,2.717680247510401e-10,1780379814.447561
92694,Episode_Reward/hand_payload_pose,2.369112683808794e-10,1780379837.4305046
92699,Episode_Reward/hand_payload_pose,2.0782692233822786e-10,1780379860.9443052
92704,Episode_Reward/hand_payload_pose,1.7500825788552277e-10,1780379884.9358885
92709,Episode_Reward/hand_payload_pose,1.5424331256674861e-10,1780379910.7225502
92714,Episode_Reward/hand_payload_pose,1.533303067846603e-10,1780379934.425222
92719,Episode_Reward/hand_payload_pose,1.370162316938206e-10,1780379956.3534005
92724,Episode_Reward/hand_payload_pose,1.1472812977419977e-10,1780379978.1577513
92729,Episode_Reward/hand_payload_pose,1.1967218882524833e-10,1780379999.5683758
92734,Episode_Reward/hand_payload_pose,1.0709021169841293e-10,1780380024.876494
92739,Episode_Reward/hand_payload_pose,1.1766754237640953e-10,1780380049.980088
92744,Episode_Reward/hand_payload_pose,1.0150929402596987e-10,1780380074.4828494
92749,Episode_Reward/hand_payload_pose,1.020252632377705e-10,1780380099.0083137
92754,Episode_Reward/hand_payload_pose,9.481017360091215e-11,1780380123.0193758
92759,Episode_Reward/hand_payload_pose,7.090723841418622e-11,1780380143.8342092
92764,Episode_Reward/hand_payload_pose,9.953611546098529e-11,1780380164.3312995
92769,Episode_Reward/hand_payload_pose,1.2394450743524743e-10,1780380185.0226488
92774,Episode_Reward/hand_payload_pose,1.0893327906380534e-10,1780380205.8868659
92779,Episode_Reward/hand_payload_pose,8.975072768313552e-11,1780380233.679474
92784,Episode_Reward/hand_payload_pose,1.0073214484762616e-10,1780380260.1192079
92789,Episode_Reward/hand_payload_pose,1.5389292618017691e-10,1780380284.6481333
92794,Episode_Reward/hand_payload_pose,1.2040916874678231e-10,1780380308.9584439
92799,Episode_Reward/hand_payload_pose,1.376083136328532e-10,1780380333.3071394
92804,Episode_Reward/hand_payload_pose,1.824246864678969e-10,1780380357.2849212
92809,Episode_Reward/hand_payload_pose,1.5588219604012465e-10,1780380381.6391737
92814,Episode_Reward/hand_payload_pose,1.9420437480377473e-10,1780380405.959185
92819,Episode_Reward/hand_payload_pose,1.822985928878751e-10,1780380430.1121097
92824,Episode_Reward/hand_payload_pose,2.14808282272827e-10,1780380454.7687407
92829,Episode_Reward/hand_payload_pose,2.6080376747117384e-10,1780380479.4149044
92834,Episode_Reward/hand_payload_pose,4.16637835343181e-10,1780380503.3297405
92839,Episode_Reward/hand_payload_pose,5.393026025757308e-10,1780380527.6150887
92844,Episode_Reward/hand_payload_pose,1.1501577468209234e-09,1780380551.940151
92849,Episode_Reward/hand_payload_pose,1.5149649312817814e-09,1780380576.2301667
92854,Episode_Reward/hand_payload_pose,3.0865319189388174e-09,1780380600.9086401
92859,Episode_Reward/hand_payload_pose,2.919974262383107e-09,1780380625.3706477
92864,Episode_Reward/hand_payload_pose,5.769449806791727e-09,1780380649.8059344
92869,Episode_Reward/hand_payload_pose,7.019074654834867e-09,1780380674.529645
92874,Episode_Reward/hand_payload_pose,9.095655784108203e-09,1780380699.4962225
92879,Episode_Reward/hand_payload_pose,1.2648627034650417e-08,1780380723.6219983
92884,Episode_Reward/hand_payload_pose,2.1809835715203008e-08,1780380748.4188454
92889,Episode_Reward/hand_payload_pose,2.1016330009615558e-08,1780380773.3439472
92894,Episode_Reward/hand_payload_pose,2.6063645464091678e-08,1780380797.9417226
92899,Episode_Reward/hand_payload_pose,5.4142525129918795e-08,1780380822.4261363
92904,Episode_Reward/hand_payload_pose,4.0630474984482134e-08,1780380847.0427356
92909,Episode_Reward/hand_payload_pose,6.207669400737359e-08,1780380871.119461
92914,Episode_Reward/hand_payload_pose,9.671267520161564e-08,1780380895.5976112
92919,Episode_Reward/hand_payload_pose,1.0925610638423677e-07,1780380920.3374758
92924,Episode_Reward/hand_payload_pose,1.5964926092237874e-07,1780380944.4553244
92929,Episode_Reward/hand_payload_pose,1.439012748960522e-07,1780380969.3919713
92934,Episode_Reward/hand_payload_pose,1.521775487844934e-07,1780380993.8522937
92939,Episode_Reward/hand_payload_pose,9.969089376227203e-08,1780381017.8693507
92944,Episode_Reward/hand_payload_pose,1.985216329103423e-07,1780381042.2419672
92949,Episode_Reward/hand_payload_pose,1.7607325730750745e-07,1780381066.7051408
92954,Episode_Reward/hand_payload_pose,1.4515028112782602e-07,1780381090.6364696
92959,Episode_Reward/hand_payload_pose,1.544835157574198e-07,1780381115.0855699
92964,Episode_Reward/hand_payload_pose,1.728330971673131e-07,1780381137.5896597
92969,Episode_Reward/hand_payload_pose,1.595327461245688e-07,1780381161.7666261
92974,Episode_Reward/hand_payload_pose,1.5282967069651932e-07,1780381185.2954812
92979,Episode_Reward/hand_payload_pose,2.823892941705708e-07,1780381206.0687108
92984,Episode_Reward/hand_payload_pose,1.9224056302391546e-07,1780381226.8915408
92989,Episode_Reward/hand_payload_pose,2.907821112785314e-07,1780381247.5699646
92994,Episode_Reward/hand_payload_pose,4.028630655739107e-07,1780381267.7690628
92999,Episode_Reward/hand_payload_pose,3.89093145258812e-07,1780381288.5490534
93004,Episode_Reward/hand_payload_pose,5.023810558668629e-07,1780381308.8374915
93009,Episode_Reward/hand_payload_pose,5.169131327420473e-07,1780381329.406372
93014,Episode_Reward/hand_payload_pose,6.402235612767981e-07,1780381349.4935942
93019,Episode_Reward/hand_payload_pose,6.38158041965653e-07,1780381370.9987004
93024,Episode_Reward/hand_payload_pose,4.6871329573150433e-07,1780381391.9347453
93029,Episode_Reward/hand_payload_pose,5.18949434535898e-07,1780381412.509387
93034,Episode_Reward/hand_payload_pose,6.01170086156344e-07,1780381433.162082
93039,Episode_Reward/hand_payload_pose,5.610522180177213e-07,1780381453.7710335
93044,Episode_Reward/hand_payload_pose,5.916366490055225e-07,1780381474.9869223
93049,Episode_Reward/hand_payload_pose,5.482585265781381e-07,1780381496.8063588
93054,Episode_Reward/hand_payload_pose,7.949018936415087e-07,1780381521.5164733
93059,Episode_Reward/hand_payload_pose,8.988941999632516e-07,1780381545.8981733
93064,Episode_Reward/hand_payload_pose,9.46591342199099e-07,1780381570.10253
93069,Episode_Reward/hand_payload_pose,6.254096547309018e-07,1780381594.6013954
93074,Episode_Reward/hand_payload_pose,9.440865937904164e-07,1780381619.670739
93079,Episode_Reward/hand_payload_pose,1.1053134585381486e-06,1780381645.2207596
93084,Episode_Reward/hand_payload_pose,1.038632717609289e-06,1780381669.552881
93089,Episode_Reward/hand_payload_pose,1.8869631048801239e-06,1780381691.8923287
93094,Episode_Reward/hand_payload_pose,2.465583065713872e-06,1780381712.5073195
93099,Episode_Reward/hand_payload_pose,2.5020290195243433e-06,1780381733.0907133
93104,Episode_Reward/hand_payload_pose,3.321550593682332e-06,1780381753.5875776
93109,Episode_Reward/hand_payload_pose,3.240452087993617e-06,1780381775.0691314
93114,Episode_Reward/hand_payload_pose,3.5826401472149882e-06,1780381798.80322
93119,Episode_Reward/hand_payload_pose,3.371404545760015e-06,1780381823.397685
93124,Episode_Reward/hand_payload_pose,3.98477413909859e-06,1780381847.6728623
93129,Episode_Reward/hand_payload_pose,4.772329702973366e-06,1780381868.7327745
93134,Episode_Reward/hand_payload_pose,3.954527073801728e-06,1780381889.3303342
93139,Episode_Reward/hand_payload_pose,4.208651262160856e-06,1780381910.007276
93144,Episode_Reward/hand_payload_pose,4.2672922972997185e-06,1780381930.1746724
93149,Episode_Reward/hand_payload_pose,4.684115083364304e-06,1780381950.532844
93154,Episode_Reward/hand_payload_pose,3.492578343866626e-06,1780381970.7220888
93159,Episode_Reward/hand_payload_pose,5.457401130115613e-06,1780381991.2604597
93164,Episode_Reward/hand_payload_pose,4.927498594042845e-06,1780382012.118044
93169,Episode_Reward/hand_payload_pose,5.084803888166789e-06,1780382032.875084
93174,Episode_Reward/hand_payload_pose,6.503476470243186e-06,1780382053.393094
93179,Episode_Reward/hand_payload_pose,8.12518374004867e-06,1780382077.4140687
93184,Episode_Reward/hand_payload_pose,7.28157192497747e-06,1780382101.779925
93189,Episode_Reward/hand_payload_pose,5.203080490900902e-06,1780382125.92129
93194,Episode_Reward/hand_payload_pose,6.925410161784384e-06,1780382150.2413828
93199,Episode_Reward/hand_payload_pose,6.931063580850605e-06,1780382175.0858457
93204,Episode_Reward/hand_payload_pose,6.1700388869212475e-06,1780382200.634224
93209,Episode_Reward/hand_payload_pose,8.525535122316796e-06,1780382225.1647873
93214,Episode_Reward/hand_payload_pose,7.304862265300471e-06,1780382246.8647873
93219,Episode_Reward/hand_payload_pose,1.0792529792524874e-05,1780382267.992488
93224,Episode_Reward/hand_payload_pose,1.1875812560901977e-05,1780382290.6826026
93229,Episode_Reward/hand_payload_pose,1.2100674211978912e-05,1780382315.3441834
93234,Episode_Reward/hand_payload_pose,1.4115414160187356e-05,1780382336.50037
93239,Episode_Reward/hand_payload_pose,2.0270457753213122e-05,1780382361.3989105
93244,Episode_Reward/hand_payload_pose,2.111386856995523e-05,1780382384.2089283
93249,Episode_Reward/hand_payload_pose,2.0931596736772917e-05,1780382409.4308822
93254,Episode_Reward/hand_payload_pose,2.560111170168966e-05,1780382434.4917233
93259,Episode_Reward/hand_payload_pose,2.3672231691307388e-05,1780382458.136871
93264,Episode_Reward/hand_payload_pose,3.1044201023178175e-05,1780382479.8542051
93269,Episode_Reward/hand_payload_pose,4.061497384100221e-05,1780382501.0428598
93274,Episode_Reward/hand_payload_pose,3.8321155443554744e-05,1780382521.7837925
93279,Episode_Reward/hand_payload_pose,3.8560800021514297e-05,1780382542.9290767
93284,Episode_Reward/hand_payload_pose,4.788289516000077e-05,1780382566.6004567
93289,Episode_Reward/hand_payload_pose,4.2664905777201056e-05,1780382590.9969447
93294,Episode_Reward/hand_payload_pose,4.569856537273154e-05,1780382613.1887896
93299,Episode_Reward/hand_payload_pose,5.9192898334003985e-05,1780382633.7268076
93304,Episode_Reward/hand_payload_pose,7.915871537989005e-05,1780382654.7990062
93309,Episode_Reward/hand_payload_pose,9.04359549167566e-05,1780382675.8924754
93314,Episode_Reward/hand_payload_pose,7.900206401245669e-05,1780382697.290993
93319,Episode_Reward/hand_payload_pose,0.0001016699243336916,1780382718.2599902
93324,Episode_Reward/hand_payload_pose,0.00010769883374450728,1780382739.52757
93329,Episode_Reward/hand_payload_pose,0.00011773529695346951,1780382760.8483746
93334,Episode_Reward/hand_payload_pose,0.00013788146316073835,1780382786.0616894
93339,Episode_Reward/hand_payload_pose,0.00015194596198853105,1780382811.5110524
93344,Episode_Reward/hand_payload_pose,0.0001698677078820765,1780382836.9065623
93349,Episode_Reward/hand_payload_pose,0.00021168452803976834,1780382861.7738988
93354,Episode_Reward/hand_payload_pose,0.00021317880600690842,1780382887.208359
93359,Episode_Reward/hand_payload_pose,0.00022032958804629743,1780382908.747371
93364,Episode_Reward/hand_payload_pose,0.00031112859142012894,1780382931.5517845
93369,Episode_Reward/hand_payload_pose,0.00034319941187277436,1780382956.4747174
93374,Episode_Reward/hand_payload_pose,0.00040011884993873537,1780382981.1502206
93379,Episode_Reward/hand_payload_pose,0.0005012548062950373,1780383006.0685985
93384,Episode_Reward/hand_payload_pose,0.0007423994829878211,1780383031.234316
93389,Episode_Reward/hand_payload_pose,0.0008613262325525284,1780383056.2632189
93394,Episode_Reward/hand_payload_pose,0.001484737149439752,1780383080.7086694
93399,Episode_Reward/hand_payload_pose,0.0025971163995563984,1780383102.015782
93404,Episode_Reward/hand_payload_pose,0.003168027615174651,1780383123.0334585
93409,Episode_Reward/hand_payload_pose,0.005300974007695913,1780383144.1343892
93414,Episode_Reward/hand_payload_pose,0.007877545431256294,1780383165.2016149
93419,Episode_Reward/hand_payload_pose,0.01161038875579834,1780383185.981874
93424,Episode_Reward/hand_payload_pose,0.017830677330493927,1780383211.6711833
93429,Episode_Reward/hand_payload_pose,0.026092704385519028,1780383237.0669749
93434,Episode_Reward/hand_payload_pose,0.03484654799103737,1780383262.3840382
93439,Episode_Reward/hand_payload_pose,0.043161433190107346,1780383287.611982
93444,Episode_Reward/hand_payload_pose,0.05821581929922104,1780383313.089889
93449,Episode_Reward/hand_payload_pose,0.08001188933849335,1780383337.954896
93454,Episode_Reward/hand_payload_pose,0.12174850702285767,1780383362.782654
93459,Episode_Reward/hand_payload_pose,0.1948162317276001,1780383386.7865586
93464,Episode_Reward/hand_payload_pose,0.3468027114868164,1780383408.3014991
93469,Episode_Reward/hand_payload_pose,0.5917556285858154,1780383429.910291
93474,Episode_Reward/hand_payload_pose,0.9189130067825317,1780383453.255029
93479,Episode_Reward/hand_payload_pose,1.3143055438995361,1780383478.359309
93484,Episode_Reward/hand_payload_pose,1.9430756568908691,1780383503.1658487
93489,Episode_Reward/hand_payload_pose,2.6060373783111572,1780383527.2953749
93494,Episode_Reward/hand_payload_pose,3.2357654571533203,1780383548.714191
93499,Episode_Reward/hand_payload_pose,4.04844856262207,1780383569.3704665
93504,Episode_Reward/hand_payload_pose,4.66281270980835,1780383590.7739723
93509,Episode_Reward/hand_payload_pose,5.3000102043151855,1780383611.9195156
93514,Episode_Reward/hand_payload_pose,5.810971260070801,1780383632.63396
93519,Episode_Reward/hand_payload_pose,6.474730968475342,1780383657.542003
93524,Episode_Reward/hand_payload_pose,6.848971366882324,1780383682.9458652
93529,Episode_Reward/hand_payload_pose,7.543231964111328,1780383707.9508774
93534,Episode_Reward/hand_payload_pose,8.015953063964844,1780383733.1072083
93539,Episode_Reward/hand_payload_pose,8.400800704956055,1780383758.3545928
93544,Episode_Reward/hand_payload_pose,8.748933792114258,1780383783.089201
93549,Episode_Reward/hand_payload_pose,9.020242691040039,1780383807.6803973
93554,Episode_Reward/hand_payload_pose,9.144702911376953,1780383828.899227
93559,Episode_Reward/hand_payload_pose,9.399033546447754,1780383852.289159
93564,Episode_Reward/hand_payload_pose,9.44138240814209,1780383874.407444
93569,Episode_Reward/hand_payload_pose,9.55753231048584,1780383895.8584783
93574,Episode_Reward/hand_payload_pose,9.691821098327637,1780383919.2334497
93579,Episode_Reward/hand_payload_pose,9.80684757232666,1780383941.1941342
93584,Episode_Reward/hand_payload_pose,9.825109481811523,1780383965.6926653
93589,Episode_Reward/hand_payload_pose,9.976659774780273,1780383990.3651223
93594,Episode_Reward/hand_payload_pose,9.916909217834473,1780384014.8857377
93599,Episode_Reward/hand_payload_pose,9.970805168151855,1780384037.9853137
93604,Episode_Reward/hand_payload_pose,10.185750961303711,1780384059.2795367
93609,Episode_Reward/hand_payload_pose,10.133150100708008,1780384080.30941
93614,Episode_Reward/hand_payload_pose,10.315033912658691,1780384101.1199954
93619,Episode_Reward/hand_payload_pose,10.346382141113281,1780384121.7075636
93624,Episode_Reward/hand_payload_pose,10.465967178344727,1780384141.7356586
93629,Episode_Reward/hand_payload_pose,10.514945983886719,1780384164.1777413
93634,Episode_Reward/hand_payload_pose,10.64188003540039,1780384188.08897
93639,Episode_Reward/hand_payload_pose,10.652563095092773,1780384212.0047536
93644,Episode_Reward/hand_payload_pose,10.757759094238281,1780384234.1078095
93649,Episode_Reward/hand_payload_pose,10.789499282836914,1780384253.9064853
93654,Episode_Reward/hand_payload_pose,10.788973808288574,1780384274.4326434
93659,Episode_Reward/hand_payload_pose,10.988322257995605,1780384294.612657
93664,Episode_Reward/hand_payload_pose,11.046302795410156,1780384314.769324
93669,Episode_Reward/hand_payload_pose,11.102877616882324,1780384334.5289211
93674,Episode_Reward/hand_payload_pose,11.178278923034668,1780384354.3961327
93679,Episode_Reward/hand_payload_pose,11.2550687789917,1780384374.474788
93684,Episode_Reward/hand_payload_pose,11.296359062194824,1780384394.1158352
93689,Episode_Reward/hand_payload_pose,11.373114585876465,1780384413.8757653
93694,Episode_Reward/hand_payload_pose,11.349570274353027,1780384432.8258166
93699,Episode_Reward/hand_payload_pose,11.459907531738281,1780384452.214973
93704,Episode_Reward/hand_payload_pose,11.490049362182617,1780384471.8486078
93709,Episode_Reward/hand_payload_pose,11.536659240722656,1780384492.8570895
93714,Episode_Reward/hand_payload_pose,11.59653091430664,1780384517.0870824
93719,Episode_Reward/hand_payload_pose,11.629450798034668,1780384537.8865385
93724,Episode_Reward/hand_payload_pose,11.608415603637695,1780384558.1652567
93729,Episode_Reward/hand_payload_pose,11.711089134216309,1780384577.7070794
93734,Episode_Reward/hand_payload_pose,11.635854721069336,1780384597.5821037
93739,Episode_Reward/hand_payload_pose,11.708102226257324,1780384617.4955463
93744,Episode_Reward/hand_payload_pose,11.692893981933594,1780384637.498463
93749,Episode_Reward/hand_payload_pose,11.734454154968262,1780384657.6448512
93754,Episode_Reward/hand_payload_pose,11.557771682739258,1780384678.1817021
93759,Episode_Reward/hand_payload_pose,11.614448547363281,1780384698.4796007
93764,Episode_Reward/hand_payload_pose,11.69778823852539,1780384718.7040308
93769,Episode_Reward/hand_payload_pose,11.666893005371094,1780384742.3544514
93774,Episode_Reward/hand_payload_pose,11.527473449707031,1780384765.8483202
93779,Episode_Reward/hand_payload_pose,11.755949020385742,1780384790.594855
93784,Episode_Reward/hand_payload_pose,11.763952255249023,1780384814.9715004
93789,Episode_Reward/hand_payload_pose,11.798429489135742,1780384839.2607727
93794,Episode_Reward/hand_payload_pose,11.777238845825195,1780384863.4187107
93799,Episode_Reward/hand_payload_pose,11.828216552734375,1780384887.6769896
93804,Episode_Reward/hand_payload_pose,11.860763549804688,1780384911.6581328
93809,Episode_Reward/hand_payload_pose,11.832110404968262,1780384936.5774329
93814,Episode_Reward/hand_payload_pose,11.823934555053711,1780384958.1590633
93819,Episode_Reward/hand_payload_pose,11.877276420593262,1780384978.694404
93824,Episode_Reward/hand_payload_pose,11.685836791992188,1780385000.217102
93829,Episode_Reward/hand_payload_pose,11.792356491088867,1780385021.09898
93834,Episode_Reward/hand_payload_pose,11.664573669433594,1780385041.6606286
93839,Episode_Reward/hand_payload_pose,11.819426536560059,1780385063.165036
93844,Episode_Reward/hand_payload_pose,11.810882568359375,1780385087.6164355
93849,Episode_Reward/hand_payload_pose,11.872729301452637,1780385112.8954313
93854,Episode_Reward/hand_payload_pose,11.719805717468262,1780385137.7573016
93859,Episode_Reward/hand_payload_pose,11.756938934326172,1780385161.9026537
93864,Episode_Reward/hand_payload_pose,11.810386657714844,1780385186.2520664
93869,Episode_Reward/hand_payload_pose,11.90070629119873,1780385210.5144415
93874,Episode_Reward/hand_payload_pose,11.861639976501465,1780385234.5209982
93879,Episode_Reward/hand_payload_pose,11.937889099121094,1780385257.272062
93884,Episode_Reward/hand_payload_pose,11.836165428161621,1780385277.9354393
93889,Episode_Reward/hand_payload_pose,11.848265647888184,1780385298.4881027
93894,Episode_Reward/hand_payload_pose,11.871236801147461,1780385319.0254304
93899,Episode_Reward/hand_payload_pose,11.688437461853027,1780385339.424164
93904,Episode_Reward/hand_payload_pose,11.84880256652832,1780385362.9802163
93909,Episode_Reward/hand_payload_pose,11.919782638549805,1780385387.4928823
93914,Episode_Reward/hand_payload_pose,11.931586265563965,1780385411.5251656
93919,Episode_Reward/hand_payload_pose,11.831794738769531,1780385434.2310324
93924,Episode_Reward/hand_payload_pose,11.772677421569824,1780385457.4685924
93929,Episode_Reward/hand_payload_pose,11.80451488494873,1780385481.508119
93934,Episode_Reward/hand_payload_pose,11.777313232421875,1780385505.8344517
93939,Episode_Reward/hand_payload_pose,11.854865074157715,1780385530.0122678
93944,Episode_Reward/hand_payload_pose,11.783935546875,1780385554.7095997
93949,Episode_Reward/hand_payload_pose,11.755450248718262,1780385579.3330014
93954,Episode_Reward/hand_payload_pose,11.78754711151123,1780385603.601899
93959,Episode_Reward/hand_payload_pose,11.889281272888184,1780385627.7769763
93964,Episode_Reward/hand_payload_pose,11.893160820007324,1780385652.025746
93969,Episode_Reward/hand_payload_pose,11.89932918548584,1780385675.133373
93974,Episode_Reward/hand_payload_pose,11.867378234863281,1780385699.5408874
93979,Episode_Reward/hand_payload_pose,11.910704612731934,1780385724.1534843
93984,Episode_Reward/hand_payload_pose,11.853448867797852,1780385748.8421466
93989,Episode_Reward/hand_payload_pose,11.808706283569336,1780385772.9074223
93994,Episode_Reward/hand_payload_pose,11.999322891235352,1780385797.0975919
93999,Episode_Reward/hand_payload_pose,11.91578197479248,1780385820.8748007
94004,Episode_Reward/hand_payload_pose,11.99487590789795,1780385845.0103688
94009,Episode_Reward/hand_payload_pose,11.908035278320312,1780385869.0303848
94014,Episode_Reward/hand_payload_pose,11.911543846130371,1780385893.2200038
94019,Episode_Reward/hand_payload_pose,11.978662490844727,1780385917.3503602
94024,Episode_Reward/hand_payload_pose,11.845495223999023,1780385941.5896263
94029,Episode_Reward/hand_payload_pose,11.864416122436523,1780385966.089025
94034,Episode_Reward/hand_payload_pose,11.965238571166992,1780385989.295053
94039,Episode_Reward/hand_payload_pose,11.782011032104492,1780386011.436893
94044,Episode_Reward/hand_payload_pose,11.901586532592773,1780386031.6259184
94049,Episode_Reward/hand_payload_pose,11.988195419311523,1780386051.757552
94054,Episode_Reward/hand_payload_pose,11.893415451049805,1780386072.23887
94059,Episode_Reward/hand_payload_pose,11.929892539978027,1780386092.0467663
94064,Episode_Reward/hand_payload_pose,11.944244384765625,1780386112.0927303
94069,Episode_Reward/hand_payload_pose,11.986337661743164,1780386132.1754644
94074,Episode_Reward/hand_payload_pose,11.954058647155762,1780386155.4149017
94079,Episode_Reward/hand_payload_pose,11.95326042175293,1780386180.0664575
94084,Episode_Reward/hand_payload_pose,11.923532485961914,1780386204.3916717
94089,Episode_Reward/hand_payload_pose,12.003643035888672,1780386228.4676178
94094,Episode_Reward/hand_payload_pose,11.94135856628418,1780386251.4614058
94099,Episode_Reward/hand_payload_pose,11.965139389038086,1780386272.1088448
94104,Episode_Reward/hand_payload_pose,11.947446823120117,1780386292.865708
94109,Episode_Reward/hand_payload_pose,11.828102111816406,1780386313.48443
94114,Episode_Reward/hand_payload_pose,11.850034713745117,1780386336.4723165
94119,Episode_Reward/hand_payload_pose,11.985014915466309,1780386360.5833633
94124,Episode_Reward/hand_payload_pose,11.981905937194824,1780386385.2885516
94129,Episode_Reward/hand_payload_pose,11.932929039001465,1780386409.4062052
94134,Episode_Reward/hand_payload_pose,12.02289867401123,1780386433.393779
94139,Episode_Reward/hand_payload_pose,11.94708251953125,1780386457.5538707
94144,Episode_Reward/hand_payload_pose,11.926177978515625,1780386482.267957
94149,Episode_Reward/hand_payload_pose,11.906288146972656,1780386506.6396046
94154,Episode_Reward/hand_payload_pose,11.87681770324707,1780386531.2811222
94159,Episode_Reward/hand_payload_pose,11.986682891845703,1780386555.3802526
94164,Episode_Reward/hand_payload_pose,11.880292892456055,1780386579.65974
94169,Episode_Reward/hand_payload_pose,11.96554183959961,1780386604.131206
94174,Episode_Reward/hand_payload_pose,11.945330619812012,1780386628.7056978
94179,Episode_Reward/hand_payload_pose,11.908180236816406,1780386652.5836022
94184,Episode_Reward/hand_payload_pose,11.942481994628906,1780386676.999293
94189,Episode_Reward/hand_payload_pose,11.90738296508789,1780386701.4746976
94194,Episode_Reward/hand_payload_pose,11.889493942260742,1780386725.5466602
94199,Episode_Reward/hand_payload_pose,11.997035026550293,1780386749.881899
94204,Episode_Reward/hand_payload_pose,12.003073692321777,1780386774.2210088
94209,Episode_Reward/hand_payload_pose,12.007498741149902,1780386798.298622
94214,Episode_Reward/hand_payload_pose,11.99032211303711,1780386823.158412
94219,Episode_Reward/hand_payload_pose,11.930389404296875,1780386847.4202073
94224,Episode_Reward/hand_payload_pose,11.968523979187012,1780386872.1034281
94229,Episode_Reward/hand_payload_pose,12.068416595458984,1780386896.2216787
94234,Episode_Reward/hand_payload_pose,12.023456573486328,1780386920.428627
94239,Episode_Reward/hand_payload_pose,12.04279613494873,1780386944.7464852
94244,Episode_Reward/hand_payload_pose,12.036642074584961,1780386969.008358
94249,Episode_Reward/hand_payload_pose,11.990531921386719,1780386993.4008448
94254,Episode_Reward/hand_payload_pose,11.986651420593262,1780387017.8665373
94259,Episode_Reward/hand_payload_pose,12.006813049316406,1780387041.610119
94264,Episode_Reward/hand_payload_pose,11.924189567565918,1780387065.744112
94269,Episode_Reward/hand_payload_pose,12.068536758422852,1780387089.9816203
94274,Episode_Reward/hand_payload_pose,12.008596420288086,1780387113.685145
94279,Episode_Reward/hand_payload_pose,12.022085189819336,1780387137.6375358
94284,Episode_Reward/hand_payload_pose,12.065081596374512,1780387162.5766375
94289,Episode_Reward/hand_payload_pose,12.052558898925781,1780387186.5568128
94294,Episode_Reward/hand_payload_pose,12.00184440612793,1780387210.5919702
94299,Episode_Reward/hand_payload_pose,11.983774185180664,1780387234.986704
94304,Episode_Reward/hand_payload_pose,12.032552719116211,1780387259.0379596
94309,Episode_Reward/hand_payload_pose,12.029125213623047,1780387282.4122574
94314,Episode_Reward/hand_payload_pose,12.034383773803711,1780387306.2335787
94319,Episode_Reward/hand_payload_pose,12.013280868530273,1780387330.3694408
94324,Episode_Reward/hand_payload_pose,12.110254287719727,1780387353.7722359
94329,Episode_Reward/hand_payload_pose,12.100563049316406,1780387377.360557
94334,Episode_Reward/hand_payload_pose,12.044123649597168,1780387400.8060524
94339,Episode_Reward/hand_payload_pose,12.035022735595703,1780387424.6093104
94344,Episode_Reward/hand_payload_pose,12.006103515625,1780387448.1101148
94349,Episode_Reward/hand_payload_pose,12.128283500671387,1780387472.1064374
94354,Episode_Reward/hand_payload_pose,12.130561828613281,1780387495.5470123
94359,Episode_Reward/hand_payload_pose,11.983614921569824,1780387519.1344247
94364,Episode_Reward/hand_payload_pose,12.056123733520508,1780387542.834428
94369,Episode_Reward/hand_payload_pose,11.992938995361328,1780387566.4010053
94374,Episode_Reward/hand_payload_pose,12.084552764892578,1780387590.266239
94379,Episode_Reward/hand_payload_pose,12.072465896606445,1780387613.879591
94384,Episode_Reward/hand_payload_pose,12.068888664245605,1780387637.4583158
94389,Episode_Reward/hand_payload_pose,12.078069686889648,1780387660.9455197
94394,Episode_Reward/hand_payload_pose,12.10556411743164,1780387684.70165
94399,Episode_Reward/hand_payload_pose,12.044501304626465,1780387708.4786217
94404,Episode_Reward/hand_payload_pose,12.079521179199219,1780387731.8585887
94409,Episode_Reward/hand_payload_pose,12.128336906433105,1780387755.3024476
94414,Episode_Reward/hand_payload_pose,12.102163314819336,1780387778.827406
94419,Episode_Reward/hand_payload_pose,12.074882507324219,1780387802.7143822
94424,Episode_Reward/hand_payload_pose,12.014132499694824,1780387826.5090978
94429,Episode_Reward/hand_payload_pose,12.134790420532227,1780387850.083644
94434,Episode_Reward/hand_payload_pose,12.123311996459961,1780387873.229948
94439,Episode_Reward/hand_payload_pose,12.068975448608398,1780387895.3227139
94444,Episode_Reward/hand_payload_pose,12.065895080566406,1780387916.2542675
94449,Episode_Reward/hand_payload_pose,12.051051139831543,1780387937.3069868
94454,Episode_Reward/hand_payload_pose,12.083761215209961,1780387957.6985285
94459,Episode_Reward/hand_payload_pose,11.855955123901367,1780387977.9174552
94464,Episode_Reward/hand_payload_pose,12.135358810424805,1780387997.7912533
94469,Episode_Reward/hand_payload_pose,12.100173950195312,1780388017.9048438
94474,Episode_Reward/hand_payload_pose,12.100807189941406,1780388037.0715597
94479,Episode_Reward/hand_payload_pose,12.080816268920898,1780388056.4797578
94484,Episode_Reward/hand_payload_pose,12.062617301940918,1780388076.6703749
94489,Episode_Reward/hand_payload_pose,12.058624267578125,1780388096.4907875
94494,Episode_Reward/hand_payload_pose,12.151713371276855,1780388116.7814937
94499,Episode_Reward/hand_payload_pose,12.074377059936523,1780388139.254842
94504,Episode_Reward/hand_payload_pose,12.152682304382324,1780388163.1884646
94509,Episode_Reward/hand_payload_pose,12.124250411987305,1780388187.0045984
94514,Episode_Reward/hand_payload_pose,12.059514999389648,1780388210.6888537
94519,Episode_Reward/hand_payload_pose,12.1377592086792,1780388234.1798127
94524,Episode_Reward/hand_payload_pose,12.126860618591309,1780388257.702572
94529,Episode_Reward/hand_payload_pose,12.159996032714844,1780388278.0806932
94534,Episode_Reward/hand_payload_pose,12.060613632202148,1780388297.980791
94539,Episode_Reward/hand_payload_pose,12.151241302490234,1780388318.7152364
94544,Episode_Reward/hand_payload_pose,12.0769681930542,1780388342.11153
94549,Episode_Reward/hand_payload_pose,12.121322631835938,1780388365.699451
94554,Episode_Reward/hand_payload_pose,12.134790420532227,1780388389.484022
94559,Episode_Reward/hand_payload_pose,12.104402542114258,1780388413.0233138
94564,Episode_Reward/hand_payload_pose,12.124126434326172,1780388437.1195369
94569,Episode_Reward/hand_payload_pose,12.080574035644531,1780388461.2673676
94574,Episode_Reward/hand_payload_pose,12.147762298583984,1780388485.0597582
94579,Episode_Reward/hand_payload_pose,12.09218978881836,1780388508.8542473
94584,Episode_Reward/hand_payload_pose,12.104482650756836,1780388532.586741
94589,Episode_Reward/hand_payload_pose,12.111236572265625,1780388556.1829593
94594,Episode_Reward/hand_payload_pose,12.09379768371582,1780388580.0223234
94599,Episode_Reward/hand_payload_pose,12.082514762878418,1780388603.6771493
94604,Episode_Reward/hand_payload_pose,12.081542015075684,1780388627.2863762
94609,Episode_Reward/hand_payload_pose,12.0271635055542,1780388651.0163245
94614,Episode_Reward/hand_payload_pose,11.994738578796387,1780388674.5714173
94619,Episode_Reward/hand_payload_pose,12.122947692871094,1780388698.0249124
94624,Episode_Reward/hand_payload_pose,12.137274742126465,1780388721.9018757
94629,Episode_Reward/hand_payload_pose,12.020670890808105,1780388746.1581576
94634,Episode_Reward/hand_payload_pose,12.057729721069336,1780388769.6918125
94639,Episode_Reward/hand_payload_pose,12.090490341186523,1780388793.323517
94644,Episode_Reward/hand_payload_pose,12.165555953979492,1780388817.3113976
94649,Episode_Reward/hand_payload_pose,12.1541166305542,1780388840.883587
94654,Episode_Reward/hand_payload_pose,12.129327774047852,1780388864.594947
94659,Episode_Reward/hand_payload_pose,12.125739097595215,1780388888.2836344
94664,Episode_Reward/hand_payload_pose,12.103130340576172,1780388911.7041368
94669,Episode_Reward/hand_payload_pose,12.072074890136719,1780388935.583891
94674,Episode_Reward/hand_payload_pose,12.04991340637207,1780388959.5753734
94679,Episode_Reward/hand_payload_pose,12.1517972946167,1780388983.2895212
94684,Episode_Reward/hand_payload_pose,12.085599899291992,1780389007.0723336
94689,Episode_Reward/hand_payload_pose,12.087865829467773,1780389031.1263907
94694,Episode_Reward/hand_payload_pose,12.077964782714844,1780389054.9577267
94699,Episode_Reward/hand_payload_pose,12.102057456970215,1780389079.19538
94704,Episode_Reward/hand_payload_pose,12.067937850952148,1780389102.9335165
94709,Episode_Reward/hand_payload_pose,12.122533798217773,1780389127.2004158
94714,Episode_Reward/hand_payload_pose,12.001856803894043,1780389151.2365105
94719,Episode_Reward/hand_payload_pose,12.128336906433105,1780389175.5189676
94724,Episode_Reward/hand_payload_pose,12.104690551757812,1780389199.4917219
94729,Episode_Reward/hand_payload_pose,12.089784622192383,1780389223.364805
94734,Episode_Reward/hand_payload_pose,12.008296012878418,1780389247.4721384
94739,Episode_Reward/hand_payload_pose,12.068992614746094,1780389271.6506865
94744,Episode_Reward/hand_payload_pose,12.092997550964355,1780389295.7248547
94749,Episode_Reward/hand_payload_pose,12.112318992614746,1780389319.9697235
94754,Episode_Reward/hand_payload_pose,12.0481595993042,1780389344.1380534
94759,Episode_Reward/hand_payload_pose,12.139122009277344,1780389367.9434
94764,Episode_Reward/hand_payload_pose,12.015081405639648,1780389392.1501312
94769,Episode_Reward/hand_payload_pose,12.023738861083984,1780389416.7208016
94774,Episode_Reward/hand_payload_pose,11.891539573669434,1780389437.6576772
94779,Episode_Reward/hand_payload_pose,12.085307121276855,1780389460.7944531
94784,Episode_Reward/hand_payload_pose,12.05545711517334,1780389485.275412
94789,Episode_Reward/hand_payload_pose,12.1083402633667,1780389509.626924
94794,Episode_Reward/hand_payload_pose,12.091987609863281,1780389534.3539724
94799,Episode_Reward/hand_payload_pose,11.999006271362305,1780389558.6308122
94804,Episode_Reward/hand_payload_pose,12.03187084197998,1780389583.5158658
94809,Episode_Reward/hand_payload_pose,12.068187713623047,1780389607.375772
94814,Episode_Reward/hand_payload_pose,12.008524894714355,1780389631.5007029
94819,Episode_Reward/hand_payload_pose,11.988899230957031,1780389655.4891553
94824,Episode_Reward/hand_payload_pose,12.108219146728516,1780389679.2285483
94829,Episode_Reward/hand_payload_pose,12.140226364135742,1780389703.3409626
94834,Episode_Reward/hand_payload_pose,12.143196105957031,1780389727.562638
94839,Episode_Reward/hand_payload_pose,12.166705131530762,1780389750.091735
94844,Episode_Reward/hand_payload_pose,12.123254776000977,1780389773.724553
94849,Episode_Reward/hand_payload_pose,12.15872859954834,1780389795.8371394
94854,Episode_Reward/hand_payload_pose,12.045804977416992,1780389820.2571492
94859,Episode_Reward/hand_payload_pose,12.105489730834961,1780389844.810068
94864,Episode_Reward/hand_payload_pose,12.132619857788086,1780389868.8160512
94869,Episode_Reward/hand_payload_pose,12.127612113952637,1780389889.6177337
94874,Episode_Reward/hand_payload_pose,12.118067741394043,1780389911.5679746
94879,Episode_Reward/hand_payload_pose,12.142942428588867,1780389935.8825154
94884,Episode_Reward/hand_payload_pose,12.101133346557617,1780389960.713517
94889,Episode_Reward/hand_payload_pose,12.161688804626465,1780389985.6977358
94894,Episode_Reward/hand_payload_pose,12.057554244995117,1780390010.276229
94899,Episode_Reward/hand_payload_pose,12.132067680358887,1780390033.969153
94904,Episode_Reward/hand_payload_pose,12.13079833984375,1780390056.2169337
94909,Episode_Reward/hand_payload_pose,12.140020370483398,1780390081.2504623
94914,Episode_Reward/hand_payload_pose,12.162956237792969,1780390105.7846556
94919,Episode_Reward/hand_payload_pose,12.099800109863281,1780390130.1405847
94924,Episode_Reward/hand_payload_pose,12.01093578338623,1780390154.4578276
94929,Episode_Reward/hand_payload_pose,12.158987045288086,1780390174.6207078
94934,Episode_Reward/hand_payload_pose,12.119794845581055,1780390197.1774933
94939,Episode_Reward/hand_payload_pose,12.105194091796875,1780390220.962159
94944,Episode_Reward/hand_payload_pose,12.129591941833496,1780390244.8291967
94949,Episode_Reward/hand_payload_pose,12.143131256103516,1780390269.1620948
94954,Episode_Reward/hand_payload_pose,12.159767150878906,1780390293.575878
94959,Episode_Reward/hand_payload_pose,12.166705131530762,1780390314.9680612
94964,Episode_Reward/hand_payload_pose,12.113445281982422,1780390336.6140795
94969,Episode_Reward/hand_payload_pose,12.088056564331055,1780390359.6778922
94974,Episode_Reward/hand_payload_pose,12.109553337097168,1780390379.816799
94979,Episode_Reward/hand_payload_pose,12.144850730895996,1780390399.9587975
94984,Episode_Reward/hand_payload_pose,12.144179344177246,1780390420.8780863
94989,Episode_Reward/hand_payload_pose,12.125544548034668,1780390441.9343598
94994,Episode_Reward/hand_payload_pose,12.186320304870605,1780390462.9487877
94999,Episode_Reward/hand_payload_pose,12.110133171081543,1780390486.2745905
95004,Episode_Reward/hand_payload_pose,12.0888671875,1780390510.0355775
95009,Episode_Reward/hand_payload_pose,11.97397518157959,1780390534.148484
95014,Episode_Reward/hand_payload_pose,12.040694236755371,1780390557.9698384
95019,Episode_Reward/hand_payload_pose,12.158321380615234,1780390581.8074076
95024,Episode_Reward/hand_payload_pose,12.180641174316406,1780390605.8194675
95029,Episode_Reward/hand_payload_pose,11.993670463562012,1780390629.4788525
95034,Episode_Reward/hand_payload_pose,12.168678283691406,1780390653.3073113
95039,Episode_Reward/hand_payload_pose,12.128718376159668,1780390676.9214056
95044,Episode_Reward/hand_payload_pose,12.199183464050293,1780390700.2121496
95049,Episode_Reward/hand_payload_pose,12.166431427001953,1780390723.9347775
95054,Episode_Reward/hand_payload_pose,12.139570236206055,1780390747.6076987
95059,Episode_Reward/hand_payload_pose,12.160320281982422,1780390771.106058
95064,Episode_Reward/hand_payload_pose,12.073799133300781,1780390794.7438283
95069,Episode_Reward/hand_payload_pose,11.995097160339355,1780390818.626161
95074,Episode_Reward/hand_payload_pose,12.125038146972656,1780390842.255764
95079,Episode_Reward/hand_payload_pose,12.144137382507324,1780390866.0710208
95084,Episode_Reward/hand_payload_pose,12.207794189453125,1780390890.1935346
95089,Episode_Reward/hand_payload_pose,12.11588191986084,1780390913.9696002
95094,Episode_Reward/hand_payload_pose,12.112650871276855,1780390937.5242088
95099,Episode_Reward/hand_payload_pose,12.165746688842773,1780390961.2329915
95104,Episode_Reward/hand_payload_pose,12.196479797363281,1780390985.1165483
95109,Episode_Reward/hand_payload_pose,12.101408958435059,1780391008.7042706
95114,Episode_Reward/hand_payload_pose,12.159994125366211,1780391032.3587043
95119,Episode_Reward/hand_payload_pose,12.108718872070312,1780391056.0984237
95124,Episode_Reward/hand_payload_pose,12.192543029785156,1780391079.5500398
95129,Episode_Reward/hand_payload_pose,12.164972305297852,1780391103.200113
95134,Episode_Reward/hand_payload_pose,12.16511058807373,1780391126.9861526
95139,Episode_Reward/hand_payload_pose,12.185538291931152,1780391150.2769034
95144,Episode_Reward/hand_payload_pose,12.140085220336914,1780391173.668125
95149,Episode_Reward/hand_payload_pose,12.128046989440918,1780391197.1912227
95154,Episode_Reward/hand_payload_pose,12.134775161743164,1780391221.1799579
95159,Episode_Reward/hand_payload_pose,12.151649475097656,1780391245.736129
95164,Episode_Reward/hand_payload_pose,12.225040435791016,1780391269.6472862
95169,Episode_Reward/hand_payload_pose,12.172694206237793,1780391293.3518116
95174,Episode_Reward/hand_payload_pose,12.209882736206055,1780391317.2937622
95179,Episode_Reward/hand_payload_pose,12.154197692871094,1780391341.4288766
95184,Episode_Reward/hand_payload_pose,12.003829002380371,1780391365.3360376
95189,Episode_Reward/hand_payload_pose,12.09411907196045,1780391389.4504712
95194,Episode_Reward/hand_payload_pose,12.197413444519043,1780391413.211788
95199,Episode_Reward/hand_payload_pose,12.215400695800781,1780391436.706557
95204,Episode_Reward/hand_payload_pose,12.2223539352417,1780391460.567439
95209,Episode_Reward/hand_payload_pose,12.200210571289062,1780391484.560507
95214,Episode_Reward/hand_payload_pose,12.178220748901367,1780391508.3124945
95219,Episode_Reward/hand_payload_pose,12.081714630126953,1780391531.7035081
95224,Episode_Reward/hand_payload_pose,12.184837341308594,1780391555.5099123
95229,Episode_Reward/hand_payload_pose,12.201167106628418,1780391579.3942134
95234,Episode_Reward/hand_payload_pose,12.082054138183594,1780391602.6707401
95239,Episode_Reward/hand_payload_pose,12.15274429321289,1780391626.3690648
95244,Episode_Reward/hand_payload_pose,12.19650936126709,1780391650.2638443
95249,Episode_Reward/hand_payload_pose,12.21571159362793,1780391673.737261
95254,Episode_Reward/hand_payload_pose,12.206327438354492,1780391697.3148077
95259,Episode_Reward/hand_payload_pose,12.195887565612793,1780391720.932786
95264,Episode_Reward/hand_payload_pose,12.226676940917969,1780391745.2713802
95269,Episode_Reward/hand_payload_pose,12.144286155700684,1780391769.1700866
95274,Episode_Reward/hand_payload_pose,12.129278182983398,1780391793.1297526
95279,Episode_Reward/hand_payload_pose,12.176633834838867,1780391816.5438213
95284,Episode_Reward/hand_payload_pose,12.188085556030273,1780391840.6913123
95289,Episode_Reward/hand_payload_pose,12.203822135925293,1780391864.7028866
95294,Episode_Reward/hand_payload_pose,12.201876640319824,1780391888.816706
95299,Episode_Reward/hand_payload_pose,12.233489990234375,1780391912.9198852
95304,Episode_Reward/hand_payload_pose,12.179609298706055,1780391936.6946325
95309,Episode_Reward/hand_payload_pose,12.145625114440918,1780391960.4043221
95314,Episode_Reward/hand_payload_pose,12.178842544555664,1780391984.1799335
95319,Episode_Reward/hand_payload_pose,12.173701286315918,1780392008.183394
95324,Episode_Reward/hand_payload_pose,12.20473861694336,1780392032.0551658
95329,Episode_Reward/hand_payload_pose,12.216052055358887,1780392055.641806
95334,Episode_Reward/hand_payload_pose,12.19205379486084,1780392079.9497645
95339,Episode_Reward/hand_payload_pose,12.212528228759766,1780392103.998607
95344,Episode_Reward/hand_payload_pose,12.211771965026855,1780392126.796393
95349,Episode_Reward/hand_payload_pose,12.142646789550781,1780392147.0493174
95354,Episode_Reward/hand_payload_pose,12.19940185546875,1780392166.9583247
95359,Episode_Reward/hand_payload_pose,12.208091735839844,1780392188.7045054
95364,Episode_Reward/hand_payload_pose,12.241691589355469,1780392209.2757852
95369,Episode_Reward/hand_payload_pose,12.216425895690918,1780392229.1809797
95374,Episode_Reward/hand_payload_pose,12.210188865661621,1780392252.0139933
95379,Episode_Reward/hand_payload_pose,12.214628219604492,1780392276.0009797
95384,Episode_Reward/hand_payload_pose,12.174934387207031,1780392300.0568614
95389,Episode_Reward/hand_payload_pose,12.212276458740234,1780392324.3545876
95394,Episode_Reward/hand_payload_pose,12.182012557983398,1780392348.0977683
95399,Episode_Reward/hand_payload_pose,12.21973705291748,1780392371.4279912
95404,Episode_Reward/hand_payload_pose,12.234725952148438,1780392395.0275846
95409,Episode_Reward/hand_payload_pose,12.17848014831543,1780392418.6810648
95414,Episode_Reward/hand_payload_pose,12.240267753601074,1780392442.4380128
95419,Episode_Reward/hand_payload_pose,12.23630142211914,1780392466.322645
95424,Episode_Reward/hand_payload_pose,12.203985214233398,1780392490.5269537
95429,Episode_Reward/hand_payload_pose,12.230886459350586,1780392514.0672102
95434,Episode_Reward/hand_payload_pose,12.220008850097656,1780392537.6746597
95439,Episode_Reward/hand_payload_pose,12.207124710083008,1780392561.0273721
95444,Episode_Reward/hand_payload_pose,12.16329574584961,1780392584.4962611
95449,Episode_Reward/hand_payload_pose,12.200597763061523,1780392608.4498436
95454,Episode_Reward/hand_payload_pose,12.254261016845703,1780392632.0581937
95459,Episode_Reward/hand_payload_pose,12.236979484558105,1780392655.4682803
95464,Episode_Reward/hand_payload_pose,12.256430625915527,1780392679.25973
95469,Episode_Reward/hand_payload_pose,12.132380485534668,1780392702.9082448
95474,Episode_Reward/hand_payload_pose,12.239229202270508,1780392726.3218288
95479,Episode_Reward/hand_payload_pose,12.204638481140137,1780392749.9002116
95484,Episode_Reward/hand_payload_pose,12.224628448486328,1780392773.6209493
95489,Episode_Reward/hand_payload_pose,12.181203842163086,1780392797.1003098
95494,Episode_Reward/hand_payload_pose,12.24781608581543,1780392820.81195
95499,Episode_Reward/hand_payload_pose,12.226110458374023,1780392844.403568
95504,Episode_Reward/hand_payload_pose,12.244617462158203,1780392868.2258072
95509,Episode_Reward/hand_payload_pose,12.171557426452637,1780392891.7568743
95514,Episode_Reward/hand_payload_pose,12.22339153289795,1780392915.5803034
95519,Episode_Reward/hand_payload_pose,12.208316802978516,1780392936.9193017
95524,Episode_Reward/hand_payload_pose,12.237739562988281,1780392957.781389
95529,Episode_Reward/hand_payload_pose,12.1741943359375,1780392979.9784775
95534,Episode_Reward/hand_payload_pose,12.234127044677734,1780393004.0247257
95539,Episode_Reward/hand_payload_pose,12.246588706970215,1780393028.0177395
95544,Episode_Reward/hand_payload_pose,12.220762252807617,1780393051.9260547
95549,Episode_Reward/hand_payload_pose,12.146713256835938,1780393075.561913
95554,Episode_Reward/hand_payload_pose,12.201309204101562,1780393099.765984
95559,Episode_Reward/hand_payload_pose,12.215904235839844,1780393123.829802
95564,Episode_Reward/hand_payload_pose,12.228933334350586,1780393147.86868
95569,Episode_Reward/hand_payload_pose,12.216344833374023,1780393172.062956
95574,Episode_Reward/hand_payload_pose,12.175115585327148,1780393196.180683
95579,Episode_Reward/hand_payload_pose,12.202177047729492,1780393220.2790656
95584,Episode_Reward/hand_payload_pose,12.240409851074219,1780393243.1518583
95589,Episode_Reward/hand_payload_pose,12.209586143493652,1780393264.8225093
95594,Episode_Reward/hand_payload_pose,12.214418411254883,1780393289.2567673
95599,Episode_Reward/hand_payload_pose,12.197253227233887,1780393313.4255373
95604,Episode_Reward/hand_payload_pose,12.245162963867188,1780393335.163022
95609,Episode_Reward/hand_payload_pose,12.22709846496582,1780393358.4685192
95614,Episode_Reward/hand_payload_pose,12.225692749023438,1780393382.7489789
95619,Episode_Reward/hand_payload_pose,12.151313781738281,1780393407.0020738
95624,Episode_Reward/hand_payload_pose,12.243818283081055,1780393431.0165362
95629,Episode_Reward/hand_payload_pose,12.252397537231445,1780393455.5718644
95634,Episode_Reward/hand_payload_pose,12.21815299987793,1780393479.0998602
95639,Episode_Reward/hand_payload_pose,12.179045677185059,1780393499.7433202
95644,Episode_Reward/hand_payload_pose,12.204463958740234,1780393520.0413072
95649,Episode_Reward/hand_payload_pose,12.239564895629883,1780393541.3377616
95654,Episode_Reward/hand_payload_pose,12.220283508300781,1780393561.785558
95659,Episode_Reward/hand_payload_pose,12.255533218383789,1780393582.8649817
95664,Episode_Reward/hand_payload_pose,12.253301620483398,1780393605.562835
95669,Episode_Reward/hand_payload_pose,12.235284805297852,1780393626.586019
95674,Episode_Reward/hand_payload_pose,12.239362716674805,1780393647.4658272
95679,Episode_Reward/hand_payload_pose,12.163854598999023,1780393667.501331
95684,Episode_Reward/hand_payload_pose,12.172953605651855,1780393690.9947054
95689,Episode_Reward/hand_payload_pose,12.198225021362305,1780393715.3510604
95694,Episode_Reward/hand_payload_pose,12.25665283203125,1780393739.2392864
95699,Episode_Reward/hand_payload_pose,12.260353088378906,1780393763.554552
95704,Episode_Reward/hand_payload_pose,12.245929718017578,1780393788.0624063
95709,Episode_Reward/hand_payload_pose,12.23222541809082,1780393812.7026942
95714,Episode_Reward/hand_payload_pose,12.247827529907227,1780393834.344877
95719,Episode_Reward/hand_payload_pose,12.270713806152344,1780393857.0589533
95724,Episode_Reward/hand_payload_pose,12.271560668945312,1780393880.8883243
95729,Episode_Reward/hand_payload_pose,12.175832748413086,1780393905.2807944
95734,Episode_Reward/hand_payload_pose,12.212512969970703,1780393929.2846117
95739,Episode_Reward/hand_payload_pose,12.264768600463867,1780393952.9091487
95744,Episode_Reward/hand_payload_pose,12.256719589233398,1780393976.565876
95749,Episode_Reward/hand_payload_pose,12.274219512939453,1780394000.6150076
95754,Episode_Reward/hand_payload_pose,12.247427940368652,1780394024.6215541
95759,Episode_Reward/hand_payload_pose,12.252927780151367,1780394048.718731
95764,Episode_Reward/hand_payload_pose,12.276124954223633,1780394072.4765794
95769,Episode_Reward/hand_payload_pose,12.239372253417969,1780394095.9481344
95774,Episode_Reward/hand_payload_pose,12.273672103881836,1780394117.524021
95779,Episode_Reward/hand_payload_pose,12.239368438720703,1780394140.7257757
95784,Episode_Reward/hand_payload_pose,12.261988639831543,1780394165.0121126
95789,Episode_Reward/hand_payload_pose,12.281906127929688,1780394189.2145271
95794,Episode_Reward/hand_payload_pose,12.25008773803711,1780394212.8879087
95799,Episode_Reward/hand_payload_pose,12.272016525268555,1780394236.431364
95804,Episode_Reward/hand_payload_pose,12.195816040039062,1780394260.3027906
95809,Episode_Reward/hand_payload_pose,12.268911361694336,1780394283.4902306
95814,Episode_Reward/hand_payload_pose,12.254667282104492,1780394303.6048527
95819,Episode_Reward/hand_payload_pose,12.275053024291992,1780394323.2362273
95824,Episode_Reward/hand_payload_pose,12.242544174194336,1780394343.0266373
95829,Episode_Reward/hand_payload_pose,12.280455589294434,1780394363.0386128
95834,Episode_Reward/hand_payload_pose,12.263395309448242,1780394383.2679772
95839,Episode_Reward/hand_payload_pose,12.266070365905762,1780394403.2153876
95844,Episode_Reward/hand_payload_pose,12.185863494873047,1780394423.1455686
95849,Episode_Reward/hand_payload_pose,12.259824752807617,1780394446.1247432
95854,Episode_Reward/hand_payload_pose,12.224127769470215,1780394469.844624
95859,Episode_Reward/hand_payload_pose,12.167017936706543,1780394493.6139395
95864,Episode_Reward/hand_payload_pose,12.234306335449219,1780394517.5089772
95869,Episode_Reward/hand_payload_pose,12.22681713104248,1780394541.289512
95874,Episode_Reward/hand_payload_pose,12.242582321166992,1780394565.3900242
95879,Episode_Reward/hand_payload_pose,12.252500534057617,1780394585.944037
95884,Episode_Reward/hand_payload_pose,12.232195854187012,1780394610.5087242
95889,Episode_Reward/hand_payload_pose,12.276683807373047,1780394634.6681206
95894,Episode_Reward/hand_payload_pose,12.117900848388672,1780394658.9169083
95899,Episode_Reward/hand_payload_pose,12.204841613769531,1780394682.8964705
95904,Episode_Reward/hand_payload_pose,12.154182434082031,1780394706.79463
95909,Episode_Reward/hand_payload_pose,12.234708786010742,1780394730.4255204
95914,Episode_Reward/hand_payload_pose,12.254164695739746,1780394754.544753
95919,Episode_Reward/hand_payload_pose,12.262100219726562,1780394778.7536185
95924,Episode_Reward/hand_payload_pose,12.22754192352295,1780394802.5076537
95929,Episode_Reward/hand_payload_pose,12.233793258666992,1780394826.4937367
95934,Episode_Reward/hand_payload_pose,12.245599746704102,1780394850.7665381
95939,Episode_Reward/hand_payload_pose,12.239255905151367,1780394874.386571
95944,Episode_Reward/hand_payload_pose,12.258472442626953,1780394898.216301
95949,Episode_Reward/hand_payload_pose,12.243423461914062,1780394922.670859
95954,Episode_Reward/hand_payload_pose,12.232772827148438,1780394947.0332453
95959,Episode_Reward/hand_payload_pose,12.276809692382812,1780394967.34308
95964,Episode_Reward/hand_payload_pose,12.21141242980957,1780394989.7620099
95969,Episode_Reward/hand_payload_pose,12.248703002929688,1780395010.2393894
95974,Episode_Reward/hand_payload_pose,12.216825485229492,1780395034.6448157
95979,Episode_Reward/hand_payload_pose,12.258852005004883,1780395058.8594935
95984,Episode_Reward/hand_payload_pose,12.218278884887695,1780395082.7856646
95989,Episode_Reward/hand_payload_pose,12.183635711669922,1780395106.42523
95994,Episode_Reward/hand_payload_pose,12.259077072143555,1780395130.8382282
95999,Episode_Reward/hand_payload_pose,12.260433197021484,1780395153.3486662
96004,Episode_Reward/hand_payload_pose,12.219805717468262,1780395177.5951893
96009,Episode_Reward/hand_payload_pose,12.273573875427246,1780395199.0804565
96014,Episode_Reward/hand_payload_pose,12.193227767944336,1780395223.4488556
96019,Episode_Reward/hand_payload_pose,12.129576683044434,1780395245.7566574
96024,Episode_Reward/hand_payload_pose,12.156070709228516,1780395269.9214303
96029,Episode_Reward/hand_payload_pose,12.254474639892578,1780395293.967377
96034,Episode_Reward/hand_payload_pose,12.23941421508789,1780395317.9271996
96039,Episode_Reward/hand_payload_pose,12.241931915283203,1780395341.9671104
96044,Episode_Reward/hand_payload_pose,12.254308700561523,1780395366.0442693
96049,Episode_Reward/hand_payload_pose,12.262762069702148,1780395390.3829477
96054,Episode_Reward/hand_payload_pose,12.25373649597168,1780395414.1724534
96059,Episode_Reward/hand_payload_pose,12.277297019958496,1780395437.9707446
96064,Episode_Reward/hand_payload_pose,12.247050285339355,1780395462.0920427
96069,Episode_Reward/hand_payload_pose,12.279516220092773,1780395486.2364306
96074,Episode_Reward/hand_payload_pose,12.254217147827148,1780395510.0472853
96079,Episode_Reward/hand_payload_pose,12.233038902282715,1780395534.151689
96084,Episode_Reward/hand_payload_pose,12.269160270690918,1780395558.143656
96089,Episode_Reward/hand_payload_pose,12.257431030273438,1780395581.9503899
96094,Episode_Reward/hand_payload_pose,12.23489761352539,1780395606.2797647
96099,Episode_Reward/hand_payload_pose,12.264806747436523,1780395630.6762884
96104,Episode_Reward/hand_payload_pose,12.256078720092773,1780395654.760397
96109,Episode_Reward/hand_payload_pose,12.232427597045898,1780395679.256897
96114,Episode_Reward/hand_payload_pose,12.277471542358398,1780395703.270839
96119,Episode_Reward/hand_payload_pose,12.239798545837402,1780395727.4289196
96124,Episode_Reward/hand_payload_pose,12.267451286315918,1780395751.5395763
96129,Episode_Reward/hand_payload_pose,12.266481399536133,1780395775.6492712
96134,Episode_Reward/hand_payload_pose,12.273165702819824,1780395799.9821687
96139,Episode_Reward/hand_payload_pose,12.190841674804688,1780395824.7655146
96144,Episode_Reward/hand_payload_pose,12.163005828857422,1780395849.4735148
96149,Episode_Reward/hand_payload_pose,12.139240264892578,1780395874.3193316
96154,Episode_Reward/hand_payload_pose,12.212383270263672,1780395899.2993255
96159,Episode_Reward/hand_payload_pose,12.231664657592773,1780395924.2085
96164,Episode_Reward/hand_payload_pose,12.242149353027344,1780395949.061538
96169,Episode_Reward/hand_payload_pose,12.258703231811523,1780395973.7477446
96174,Episode_Reward/hand_payload_pose,12.215858459472656,1780395996.9497838
96179,Episode_Reward/hand_payload_pose,12.266965866088867,1780396017.997206
96184,Episode_Reward/hand_payload_pose,12.285482406616211,1780396038.5396106
96189,Episode_Reward/hand_payload_pose,12.262415885925293,1780396058.8686683
96194,Episode_Reward/hand_payload_pose,12.219430923461914,1780396079.245916
96199,Episode_Reward/hand_payload_pose,12.25820541381836,1780396099.4581127
96204,Episode_Reward/hand_payload_pose,12.280871391296387,1780396120.495051
96209,Episode_Reward/hand_payload_pose,12.265018463134766,1780396140.8645508
96214,Episode_Reward/hand_payload_pose,12.251856803894043,1780396164.8064783
96219,Episode_Reward/hand_payload_pose,12.248960494995117,1780396189.2402093
96224,Episode_Reward/hand_payload_pose,12.252280235290527,1780396213.5145864
96229,Episode_Reward/hand_payload_pose,12.28088665008545,1780396237.8884337
96234,Episode_Reward/hand_payload_pose,12.23633861541748,1780396261.9612749
96239,Episode_Reward/hand_payload_pose,12.289473533630371,1780396285.9592865
96244,Episode_Reward/hand_payload_pose,12.249120712280273,1780396310.612582
96249,Episode_Reward/hand_payload_pose,12.2861328125,1780396334.085054
96254,Episode_Reward/hand_payload_pose,12.2739896774292,1780396358.6289716
96259,Episode_Reward/hand_payload_pose,12.268022537231445,1780396383.366934
96264,Episode_Reward/hand_payload_pose,12.206438064575195,1780396407.9878533
96269,Episode_Reward/hand_payload_pose,12.22482967376709,1780396432.214181
96274,Episode_Reward/hand_payload_pose,12.242446899414062,1780396456.5029917
96279,Episode_Reward/hand_payload_pose,12.27094841003418,1780396481.2408342
96284,Episode_Reward/hand_payload_pose,12.279508590698242,1780396505.9182608
96289,Episode_Reward/hand_payload_pose,12.288183212280273,1780396530.1142764
96294,Episode_Reward/hand_payload_pose,12.289557456970215,1780396554.3355997
96299,Episode_Reward/hand_payload_pose,12.277902603149414,1780396575.4723303
96304,Episode_Reward/hand_payload_pose,12.251147270202637,1780396596.1397681
96309,Episode_Reward/hand_payload_pose,12.224853515625,1780396619.883487
96314,Episode_Reward/hand_payload_pose,12.270812034606934,1780396642.9765434
96319,Episode_Reward/hand_payload_pose,12.195261001586914,1780396667.9134953
96324,Episode_Reward/hand_payload_pose,12.258951187133789,1780396692.225113
96329,Episode_Reward/hand_payload_pose,12.235819816589355,1780396717.0756311
96334,Episode_Reward/hand_payload_pose,12.286983489990234,1780396741.531013
96339,Episode_Reward/hand_payload_pose,12.240756034851074,1780396766.2419174
96344,Episode_Reward/hand_payload_pose,12.271659851074219,1780396791.455148
96349,Episode_Reward/hand_payload_pose,12.264742851257324,1780396816.6995535
96354,Episode_Reward/hand_payload_pose,12.283172607421875,1780396841.7379162
96359,Episode_Reward/hand_payload_pose,12.255203247070312,1780396865.577111
96364,Episode_Reward/hand_payload_pose,12.2247953414917,1780396889.6338332
96369,Episode_Reward/hand_payload_pose,12.280988693237305,1780396913.4514005
96374,Episode_Reward/hand_payload_pose,12.299166679382324,1780396937.021487
96379,Episode_Reward/hand_payload_pose,12.288694381713867,1780396960.9820786
96384,Episode_Reward/hand_payload_pose,12.298934936523438,1780396984.943874
96389,Episode_Reward/hand_payload_pose,12.246633529663086,1780397005.7584853
96394,Episode_Reward/hand_payload_pose,12.2943115234375,1780397028.6877437
96399,Episode_Reward/hand_payload_pose,12.246419906616211,1780397053.3182917
96404,Episode_Reward/hand_payload_pose,12.29944896697998,1780397077.4272823
96409,Episode_Reward/hand_payload_pose,12.283493041992188,1780397101.9152403
96414,Episode_Reward/hand_payload_pose,12.282341003417969,1780397125.68568
96419,Episode_Reward/hand_payload_pose,12.285642623901367,1780397149.33102
96424,Episode_Reward/hand_payload_pose,12.299593925476074,1780397173.3495145
96429,Episode_Reward/hand_payload_pose,12.299723625183105,1780397197.4417362
96434,Episode_Reward/hand_payload_pose,12.267393112182617,1780397221.0696526
96439,Episode_Reward/hand_payload_pose,12.272192001342773,1780397245.0457096
96444,Episode_Reward/hand_payload_pose,12.268247604370117,1780397268.9622724
96449,Episode_Reward/hand_payload_pose,12.281091690063477,1780397292.7021809
96454,Episode_Reward/hand_payload_pose,12.300859451293945,1780397315.7792182
96459,Episode_Reward/hand_payload_pose,12.260784149169922,1780397336.6680844
96464,Episode_Reward/hand_payload_pose,12.292058944702148,1780397361.0463898
96469,Episode_Reward/hand_payload_pose,12.274255752563477,1780397384.9816365
96474,Episode_Reward/hand_payload_pose,12.292506217956543,1780397408.7442503
96479,Episode_Reward/hand_payload_pose,12.27308464050293,1780397432.5219574
96484,Episode_Reward/hand_payload_pose,12.269740104675293,1780397456.6782832
96489,Episode_Reward/hand_payload_pose,12.252388000488281,1780397480.4222672
96494,Episode_Reward/hand_payload_pose,12.268196105957031,1780397504.2648923
96499,Episode_Reward/hand_payload_pose,12.289451599121094,1780397528.1460571
96504,Episode_Reward/hand_payload_pose,12.293017387390137,1780397551.676996
96509,Episode_Reward/hand_payload_pose,12.284647941589355,1780397575.589266
96514,Episode_Reward/hand_payload_pose,12.257701873779297,1780397599.2543664
96519,Episode_Reward/hand_payload_pose,12.292472839355469,1780397622.7498367
96524,Episode_Reward/hand_payload_pose,12.29515266418457,1780397646.3745759
96529,Episode_Reward/hand_payload_pose,12.289289474487305,1780397670.1517925
96534,Episode_Reward/hand_payload_pose,12.286088943481445,1780397693.8263102
96539,Episode_Reward/hand_payload_pose,12.267462730407715,1780397718.1900046
96544,Episode_Reward/hand_payload_pose,12.28908920288086,1780397742.5475814
96549,Episode_Reward/hand_payload_pose,12.2147216796875,1780397766.7668421
96554,Episode_Reward/hand_payload_pose,12.252487182617188,1780397791.2018013
96559,Episode_Reward/hand_payload_pose,12.295677185058594,1780397815.4598265
96564,Episode_Reward/hand_payload_pose,12.247930526733398,1780397839.0910625
96569,Episode_Reward/hand_payload_pose,12.224599838256836,1780397862.891165
96574,Episode_Reward/hand_payload_pose,12.303346633911133,1780397886.86458
96579,Episode_Reward/hand_payload_pose,12.28705883026123,1780397910.690976
96584,Episode_Reward/hand_payload_pose,12.299293518066406,1780397934.3865674
96589,Episode_Reward/hand_payload_pose,12.255912780761719,1780397958.206682
96594,Episode_Reward/hand_payload_pose,12.272318840026855,1780397982.5867336
96599,Episode_Reward/hand_payload_pose,12.303343772888184,1780398007.0303855
96604,Episode_Reward/hand_payload_pose,12.303638458251953,1780398031.677675
96609,Episode_Reward/hand_payload_pose,12.27649974822998,1780398055.6863596
96614,Episode_Reward/hand_payload_pose,12.267499923706055,1780398079.537798
96619,Episode_Reward/hand_payload_pose,12.25144100189209,1780398103.6559408
96624,Episode_Reward/hand_payload_pose,12.284430503845215,1780398127.4172723
96629,Episode_Reward/hand_payload_pose,12.289642333984375,1780398151.2847805
96634,Episode_Reward/hand_payload_pose,12.269007682800293,1780398175.2924824
96639,Episode_Reward/hand_payload_pose,12.285032272338867,1780398199.126549
96644,Episode_Reward/hand_payload_pose,12.249626159667969,1780398223.0442832
96649,Episode_Reward/hand_payload_pose,12.263534545898438,1780398247.4718566
96654,Episode_Reward/hand_payload_pose,12.304823875427246,1780398271.184587
96659,Episode_Reward/hand_payload_pose,12.296531677246094,1780398295.170643
96664,Episode_Reward/hand_payload_pose,12.294036865234375,1780398319.0824795
96669,Episode_Reward/hand_payload_pose,12.287933349609375,1780398342.9177172
96674,Episode_Reward/hand_payload_pose,12.306818962097168,1780398366.8686125
96679,Episode_Reward/hand_payload_pose,12.299761772155762,1780398391.126435
96684,Episode_Reward/hand_payload_pose,12.21041488647461,1780398415.0348105
96689,Episode_Reward/hand_payload_pose,12.201006889343262,1780398438.6283221
96694,Episode_Reward/hand_payload_pose,12.284860610961914,1780398462.5149155
96699,Episode_Reward/hand_payload_pose,12.275733947753906,1780398486.3247175
96704,Episode_Reward/hand_payload_pose,12.279948234558105,1780398511.0076334
96709,Episode_Reward/hand_payload_pose,12.281839370727539,1780398533.2816322
96714,Episode_Reward/hand_payload_pose,12.260660171508789,1780398554.450085
96719,Episode_Reward/hand_payload_pose,12.220911979675293,1780398578.2555048
96724,Episode_Reward/hand_payload_pose,12.269994735717773,1780398602.6850586
96729,Episode_Reward/hand_payload_pose,12.296577453613281,1780398626.5417974
96734,Episode_Reward/hand_payload_pose,12.180872917175293,1780398647.2541919
96739,Episode_Reward/hand_payload_pose,12.256564140319824,1780398668.923121
96744,Episode_Reward/hand_payload_pose,12.306304931640625,1780398693.3775284
96749,Episode_Reward/hand_payload_pose,12.277263641357422,1780398717.7016606
96754,Episode_Reward/hand_payload_pose,12.273992538452148,1780398742.0897474
96759,Episode_Reward/hand_payload_pose,12.284589767456055,1780398766.3976777
96764,Episode_Reward/hand_payload_pose,12.28961181640625,1780398790.4005647
96769,Episode_Reward/hand_payload_pose,12.293185234069824,1780398814.4069002
96774,Episode_Reward/hand_payload_pose,12.292945861816406,1780398838.5060081
96779,Episode_Reward/hand_payload_pose,12.292119979858398,1780398860.508468
96784,Episode_Reward/hand_payload_pose,12.251827239990234,1780398885.5630057
96789,Episode_Reward/hand_payload_pose,12.297605514526367,1780398909.9525917
96794,Episode_Reward/hand_payload_pose,12.285723686218262,1780398930.7544284
96799,Episode_Reward/hand_payload_pose,12.289347648620605,1780398952.1085167
96804,Episode_Reward/hand_payload_pose,12.291563034057617,1780398976.2406864
96809,Episode_Reward/hand_payload_pose,12.306231498718262,1780399000.3318856
96814,Episode_Reward/hand_payload_pose,12.245855331420898,1780399024.351855
96819,Episode_Reward/hand_payload_pose,12.270480155944824,1780399048.4535081
96824,Episode_Reward/hand_payload_pose,12.243858337402344,1780399072.468168
96829,Episode_Reward/hand_payload_pose,12.24891185760498,1780399096.1116018
96834,Episode_Reward/hand_payload_pose,12.291614532470703,1780399120.1014135
96839,Episode_Reward/hand_payload_pose,12.269476890563965,1780399144.0911891
96844,Episode_Reward/hand_payload_pose,12.272346496582031,1780399168.255101
96849,Episode_Reward/hand_payload_pose,12.310539245605469,1780399192.6373165
96854,Episode_Reward/hand_payload_pose,12.298131942749023,1780399216.4658377
96859,Episode_Reward/hand_payload_pose,12.265953063964844,1780399240.5893724
96864,Episode_Reward/hand_payload_pose,12.299863815307617,1780399265.03392
96869,Episode_Reward/hand_payload_pose,12.292826652526855,1780399288.8903933
96874,Episode_Reward/hand_payload_pose,12.305381774902344,1780399313.9736564
96879,Episode_Reward/hand_payload_pose,12.302656173706055,1780399334.91812
96884,Episode_Reward/hand_payload_pose,12.230047225952148,1780399358.6506457
96889,Episode_Reward/hand_payload_pose,12.31008529663086,1780399383.8141594
96894,Episode_Reward/hand_payload_pose,12.3108549118042,1780399408.0132575
96899,Episode_Reward/hand_payload_pose,12.269842147827148,1780399432.1386359
96904,Episode_Reward/hand_payload_pose,12.284765243530273,1780399456.865826
96909,Episode_Reward/hand_payload_pose,12.296015739440918,1780399480.74521
96914,Episode_Reward/hand_payload_pose,12.306246757507324,1780399505.450763
96919,Episode_Reward/hand_payload_pose,12.296112060546875,1780399530.1368742
96924,Episode_Reward/hand_payload_pose,12.310300827026367,1780399554.3757148
96929,Episode_Reward/hand_payload_pose,12.230058670043945,1780399578.714307
96934,Episode_Reward/hand_payload_pose,12.30103588104248,1780399602.9414337
96939,Episode_Reward/hand_payload_pose,12.312488555908203,1780399626.8672152
96944,Episode_Reward/hand_payload_pose,12.30949592590332,1780399650.887434
96949,Episode_Reward/hand_payload_pose,12.29768180847168,1780399674.9921184
96954,Episode_Reward/hand_payload_pose,12.276156425476074,1780399698.7529776
96959,Episode_Reward/hand_payload_pose,12.31295394897461,1780399722.9514198
96964,Episode_Reward/hand_payload_pose,12.285602569580078,1780399747.1396434
96969,Episode_Reward/hand_payload_pose,12.29865837097168,1780399771.2483134
96974,Episode_Reward/hand_payload_pose,12.263153076171875,1780399795.6120806
96979,Episode_Reward/hand_payload_pose,12.294546127319336,1780399819.4918895
96984,Episode_Reward/hand_payload_pose,12.28724193572998,1780399843.7878861
96989,Episode_Reward/hand_payload_pose,12.291609764099121,1780399868.2611213
96994,Episode_Reward/hand_payload_pose,12.307897567749023,1780399892.7690995
96999,Episode_Reward/hand_payload_pose,12.28494930267334,1780399917.0259778
97004,Episode_Reward/hand_payload_pose,12.239387512207031,1780399941.363637
97009,Episode_Reward/hand_payload_pose,12.286188125610352,1780399965.7110238
97014,Episode_Reward/hand_payload_pose,12.269180297851562,1780399989.9242575
97019,Episode_Reward/hand_payload_pose,12.302511215209961,1780400013.8533752
97024,Episode_Reward/hand_payload_pose,12.2903470993042,1780400034.491716
97029,Episode_Reward/hand_payload_pose,12.27448558807373,1780400058.9557986
97034,Episode_Reward/hand_payload_pose,12.313482284545898,1780400082.7438369
97039,Episode_Reward/hand_payload_pose,12.272624015808105,1780400106.7367163
97044,Episode_Reward/hand_payload_pose,12.288572311401367,1780400131.0874152
97049,Episode_Reward/hand_payload_pose,12.27695369720459,1780400155.202973
97054,Episode_Reward/hand_payload_pose,12.28470516204834,1780400179.355624
97059,Episode_Reward/hand_payload_pose,12.297159194946289,1780400203.3421462
97064,Episode_Reward/hand_payload_pose,12.279411315917969,1780400227.0609095
97069,Episode_Reward/hand_payload_pose,12.266222953796387,1780400251.404364
97074,Episode_Reward/hand_payload_pose,12.290884017944336,1780400272.9841475
97079,Episode_Reward/hand_payload_pose,12.280500411987305,1780400296.6853104
97084,Episode_Reward/hand_payload_pose,12.285181045532227,1780400320.7703278
97089,Episode_Reward/hand_payload_pose,12.297022819519043,1780400344.485668
97094,Episode_Reward/hand_payload_pose,12.290647506713867,1780400368.6650398
97099,Episode_Reward/hand_payload_pose,12.308150291442871,1780400392.9146512
97104,Episode_Reward/hand_payload_pose,12.290312767028809,1780400417.3241363
97109,Episode_Reward/hand_payload_pose,12.279513359069824,1780400441.878895
97114,Episode_Reward/hand_payload_pose,12.302714347839355,1780400466.4111793
97119,Episode_Reward/hand_payload_pose,12.272687911987305,1780400490.5941281
97124,Episode_Reward/hand_payload_pose,12.301237106323242,1780400514.7120147
97129,Episode_Reward/hand_payload_pose,12.28873062133789,1780400539.0403292
97134,Episode_Reward/hand_payload_pose,12.314703941345215,1780400563.2262664
97139,Episode_Reward/hand_payload_pose,12.309531211853027,1780400587.7252176
97144,Episode_Reward/hand_payload_pose,12.270841598510742,1780400611.8760357
97149,Episode_Reward/hand_payload_pose,12.29748821258545,1780400636.085577
97154,Episode_Reward/hand_payload_pose,12.2432279586792,1780400660.354789
97159,Episode_Reward/hand_payload_pose,12.309690475463867,1780400685.0014348
97164,Episode_Reward/hand_payload_pose,12.307730674743652,1780400709.3976624
97169,Episode_Reward/hand_payload_pose,12.276176452636719,1780400733.6818352
97174,Episode_Reward/hand_payload_pose,12.284708023071289,1780400758.451381
97179,Episode_Reward/hand_payload_pose,12.298873901367188,1780400783.3965762
97184,Episode_Reward/hand_payload_pose,12.313451766967773,1780400807.6757011
97189,Episode_Reward/hand_payload_pose,12.306506156921387,1780400831.9016428
97194,Episode_Reward/hand_payload_pose,12.273733139038086,1780400856.2311275
97199,Episode_Reward/hand_payload_pose,12.299276351928711,1780400880.3501463
97204,Episode_Reward/hand_payload_pose,12.246172904968262,1780400904.436762
97209,Episode_Reward/hand_payload_pose,12.282598495483398,1780400928.633209
97214,Episode_Reward/hand_payload_pose,12.260294914245605,1780400952.5495486
97219,Episode_Reward/hand_payload_pose,12.2908353805542,1780400976.6355479
97224,Episode_Reward/hand_payload_pose,12.293682098388672,1780401000.9742112
97229,Episode_Reward/hand_payload_pose,12.205686569213867,1780401025.1885161
97234,Episode_Reward/hand_payload_pose,12.26301097869873,1780401049.3953989
97239,Episode_Reward/hand_payload_pose,12.311016082763672,1780401073.5731273
97244,Episode_Reward/hand_payload_pose,12.312511444091797,1780401097.5535312
97249,Episode_Reward/hand_payload_pose,12.306307792663574,1780401122.0791724
97254,Episode_Reward/hand_payload_pose,12.218521118164062,1780401144.0863092
97259,Episode_Reward/hand_payload_pose,12.257360458374023,1780401166.1995053
97264,Episode_Reward/hand_payload_pose,12.238880157470703,1780401191.4477737
97269,Episode_Reward/hand_payload_pose,12.231355667114258,1780401215.8804107
97274,Episode_Reward/hand_payload_pose,12.297887802124023,1780401239.9958646
97279,Episode_Reward/hand_payload_pose,12.306574821472168,1780401261.839762
97284,Episode_Reward/hand_payload_pose,12.303912162780762,1780401285.5794592
97289,Episode_Reward/hand_payload_pose,12.29334831237793,1780401308.8575706
97294,Episode_Reward/hand_payload_pose,12.308942794799805,1780401329.574169
97299,Episode_Reward/hand_payload_pose,12.30781364440918,1780401349.667399
97304,Episode_Reward/hand_payload_pose,12.30911636352539,1780401370.8925486
97309,Episode_Reward/hand_payload_pose,12.198980331420898,1780401393.8391705
97314,Episode_Reward/hand_payload_pose,12.282626152038574,1780401414.1014357
97319,Episode_Reward/hand_payload_pose,12.313652038574219,1780401434.3438575
97324,Episode_Reward/hand_payload_pose,12.273409843444824,1780401454.3128679
97329,Episode_Reward/hand_payload_pose,12.286616325378418,1780401474.3332047
97334,Episode_Reward/hand_payload_pose,12.303768157958984,1780401494.0409155
97339,Episode_Reward/hand_payload_pose,12.31654167175293,1780401513.9689684
97344,Episode_Reward/hand_payload_pose,12.316225051879883,1780401533.846774
97349,Episode_Reward/hand_payload_pose,12.29979133605957,1780401554.0350227
97354,Episode_Reward/hand_payload_pose,12.317602157592773,1780401575.568386
97359,Episode_Reward/hand_payload_pose,12.317179679870605,1780401599.6701827
97364,Episode_Reward/hand_payload_pose,12.317468643188477,1780401623.6382241
97369,Episode_Reward/hand_payload_pose,12.254484176635742,1780401647.0945036
97374,Episode_Reward/hand_payload_pose,12.295829772949219,1780401671.3248165
97379,Episode_Reward/hand_payload_pose,12.311441421508789,1780401693.8415575
97384,Episode_Reward/hand_payload_pose,12.310623168945312,1780401713.7849474
97389,Episode_Reward/hand_payload_pose,12.242762565612793,1780401736.013388
97394,Episode_Reward/hand_payload_pose,12.24464225769043,1780401759.716684
97399,Episode_Reward/hand_payload_pose,12.273276329040527,1780401782.3140516
97404,Episode_Reward/hand_payload_pose,12.252429962158203,1780401806.7781172
97409,Episode_Reward/hand_payload_pose,12.297927856445312,1780401827.6285307
97414,Episode_Reward/hand_payload_pose,12.305819511413574,1780401848.4612432
97419,Episode_Reward/hand_payload_pose,12.28956413269043,1780401868.5489035
97424,Episode_Reward/hand_payload_pose,12.30428695678711,1780401889.0017724
97429,Episode_Reward/hand_payload_pose,12.312686920166016,1780401908.9978883
97434,Episode_Reward/hand_payload_pose,12.31528091430664,1780401932.2440932
97439,Episode_Reward/hand_payload_pose,12.247274398803711,1780401956.2251925
97444,Episode_Reward/hand_payload_pose,12.297517776489258,1780401979.828658
97449,Episode_Reward/hand_payload_pose,12.316496849060059,1780402003.6953325
97454,Episode_Reward/hand_payload_pose,12.28866195678711,1780402027.8447318
97459,Episode_Reward/hand_payload_pose,12.259355545043945,1780402051.676185
97464,Episode_Reward/hand_payload_pose,12.285947799682617,1780402075.6734347
97469,Episode_Reward/hand_payload_pose,12.309431076049805,1780402098.6166334
97474,Episode_Reward/hand_payload_pose,12.285029411315918,1780402119.06556
97479,Episode_Reward/hand_payload_pose,12.30677318572998,1780402142.6123698
97484,Episode_Reward/hand_payload_pose,12.304695129394531,1780402166.5822306
97489,Episode_Reward/hand_payload_pose,12.268400192260742,1780402191.0634763
97494,Episode_Reward/hand_payload_pose,12.308250427246094,1780402215.2177153
97499,Episode_Reward/hand_payload_pose,12.3193359375,1780402239.133316
97504,Episode_Reward/hand_payload_pose,12.29651165008545,1780402263.3091865
97509,Episode_Reward/hand_payload_pose,12.320737838745117,1780402287.1205776
97514,Episode_Reward/hand_payload_pose,12.272475242614746,1780402311.2364163
97519,Episode_Reward/hand_payload_pose,12.29356575012207,1780402335.3108027
97524,Episode_Reward/hand_payload_pose,12.294368743896484,1780402358.9119465
97529,Episode_Reward/hand_payload_pose,12.305459976196289,1780402383.0727112
97534,Episode_Reward/hand_payload_pose,12.307772636413574,1780402407.0025752
97539,Episode_Reward/hand_payload_pose,12.28797435760498,1780402430.6375165
97544,Episode_Reward/hand_payload_pose,12.321990966796875,1780402454.8055706
97549,Episode_Reward/hand_payload_pose,12.2814359664917,1780402479.1978297
97554,Episode_Reward/hand_payload_pose,12.31067943572998,1780402503.2196887
97559,Episode_Reward/hand_payload_pose,12.283035278320312,1780402527.4751656
97564,Episode_Reward/hand_payload_pose,12.295390129089355,1780402551.4884663
97569,Episode_Reward/hand_payload_pose,12.279425621032715,1780402575.2401693
97574,Episode_Reward/hand_payload_pose,12.2972412109375,1780402599.4067557
97579,Episode_Reward/hand_payload_pose,12.272456169128418,1780402623.3197846
97584,Episode_Reward/hand_payload_pose,12.301082611083984,1780402647.6068885
97589,Episode_Reward/hand_payload_pose,12.296262741088867,1780402671.841957
97594,Episode_Reward/hand_payload_pose,12.310373306274414,1780402696.064192
97598,Episode_Reward/hand_payload_pose,12.320528030395508,1780402715.7788215
92599,Train/mean_reward,2.5468556880950928,1780379380.6853
92604,Train/mean_reward,12.56010627746582,1780379401.1488411
92609,Train/mean_reward,8.208539962768555,1780379425.7720416
92614,Train/mean_reward,6.7972025871276855,1780379449.3139172
92619,Train/mean_reward,7.679986953735352,1780379471.7210264
92624,Train/mean_reward,8.170635223388672,1780379493.9489498
92629,Train/mean_reward,7.039125919342041,1780379516.6671498
92634,Train/mean_reward,8.073325157165527,1780379542.387748
92639,Train/mean_reward,9.500669479370117,1780379568.1248486
92644,Train/mean_reward,9.913869857788086,1780379593.7751937
92649,Train/mean_reward,9.09217643737793,1780379618.8607345
92654,Train/mean_reward,13.381711959838867,1780379644.014759
92659,Train/mean_reward,10.35258674621582,1780379669.6620848
92664,Train/mean_reward,10.821889877319336,1780379695.3744428
92669,Train/mean_reward,9.80431842803955,1780379720.574604
92674,Train/mean_reward,11.1035737991333,1780379745.5462105
92679,Train/mean_reward,10.640752792358398,1780379767.9907684
92684,Train/mean_reward,10.605937957763672,1780379789.4908352
92689,Train/mean_reward,11.426426887512207,1780379814.452439
92694,Train/mean_reward,11.296956062316895,1780379837.4349425
92699,Train/mean_reward,11.096817016601562,1780379860.9489396
92704,Train/mean_reward,11.668868064880371,1780379884.9404635
92709,Train/mean_reward,12.449851989746094,1780379910.7289405
92714,Train/mean_reward,12.717605590820312,1780379934.4298544
92719,Train/mean_reward,12.901345252990723,1780379956.3578675
92724,Train/mean_reward,13.60140609741211,1780379978.162382
92729,Train/mean_reward,14.614898681640625,1780379999.5735924
92734,Train/mean_reward,15.281341552734375,1780380024.881521
92739,Train/mean_reward,17.590347290039062,1780380049.9853995
92744,Train/mean_reward,20.81559181213379,1780380074.487478
92749,Train/mean_reward,25.00473403930664,1780380099.0132046
92754,Train/mean_reward,28.594039916992188,1780380123.0246575
92759,Train/mean_reward,33.096824645996094,1780380143.8389366
92764,Train/mean_reward,40.5934944152832,1780380164.3358202
92769,Train/mean_reward,67.04671478271484,1780380185.027051
92774,Train/mean_reward,88.49452209472656,1780380205.8914976
92779,Train/mean_reward,99.16195678710938,1780380233.6848671
92784,Train/mean_reward,114.01920318603516,1780380260.1242008
92789,Train/mean_reward,115.47416687011719,1780380284.6537797
92794,Train/mean_reward,115.52960968017578,1780380308.9633167
92799,Train/mean_reward,115.45742797851562,1780380333.3119864
92804,Train/mean_reward,115.3225326538086,1780380357.289404
92809,Train/mean_reward,114.68653106689453,1780380381.644021
92814,Train/mean_reward,114.34422302246094,1780380405.9658751
92819,Train/mean_reward,114.81844329833984,1780380430.1165028
92824,Train/mean_reward,114.52558898925781,1780380454.774154
92829,Train/mean_reward,114.54082489013672,1780380479.4200172
92834,Train/mean_reward,113.5385513305664,1780380503.334853
92839,Train/mean_reward,113.1341323852539,1780380527.6199934
92844,Train/mean_reward,113.45121765136719,1780380551.9473162
92849,Train/mean_reward,112.5449447631836,1780380576.2348473
92854,Train/mean_reward,112.43193817138672,1780380600.9135327
92859,Train/mean_reward,113.49615478515625,1780380625.3777301
92864,Train/mean_reward,113.70809173583984,1780380649.8104255
92869,Train/mean_reward,114.07024383544922,1780380674.5336118
92874,Train/mean_reward,113.91458892822266,1780380699.5011225
92879,Train/mean_reward,114.19835662841797,1780380723.6273336
92884,Train/mean_reward,114.02471923828125,1780380748.423838
92889,Train/mean_reward,112.96446228027344,1780380773.3489783
92894,Train/mean_reward,114.47479248046875,1780380797.946024
92899,Train/mean_reward,114.38311004638672,1780380822.430653
92904,Train/mean_reward,115.60310363769531,1780380847.047476
92909,Train/mean_reward,115.66117095947266,1780380871.1243837
92914,Train/mean_reward,115.12633514404297,1780380895.6026084
92919,Train/mean_reward,115.7210464477539,1780380920.3422298
92924,Train/mean_reward,115.79163360595703,1780380944.460217
92929,Train/mean_reward,116.79698944091797,1780380969.3972025
92934,Train/mean_reward,117.01469421386719,1780380993.8571584
92939,Train/mean_reward,117.40177917480469,1780381017.873586
92944,Train/mean_reward,117.57474517822266,1780381042.2473516
92949,Train/mean_reward,117.70806884765625,1780381066.7105103
92954,Train/mean_reward,118.30455017089844,1780381090.6407168
92959,Train/mean_reward,118.2417221069336,1780381115.0903778
92964,Train/mean_reward,118.57926940917969,1780381137.5942876
92969,Train/mean_reward,119.03421020507812,1780381161.7719693
92974,Train/mean_reward,119.19505310058594,1780381185.2996466
92979,Train/mean_reward,119.64632415771484,1780381206.0731416
92984,Train/mean_reward,119.73816680908203,1780381226.895552
92989,Train/mean_reward,120.11083984375,1780381247.5745103
92994,Train/mean_reward,120.1224594116211,1780381267.7739506
92999,Train/mean_reward,120.42434692382812,1780381288.5535567
93004,Train/mean_reward,120.51953125,1780381308.8419344
93009,Train/mean_reward,120.736328125,1780381329.410792
93014,Train/mean_reward,120.0862045288086,1780381349.4980662
93019,Train/mean_reward,120.08915710449219,1780381371.0032325
93024,Train/mean_reward,120.98519134521484,1780381391.9392078
93029,Train/mean_reward,121.1346435546875,1780381412.5140545
93034,Train/mean_reward,121.10838317871094,1780381433.1665094
93039,Train/mean_reward,121.44955444335938,1780381453.7758148
93044,Train/mean_reward,121.41165161132812,1780381474.991581
93049,Train/mean_reward,121.55618286132812,1780381496.8118553
93054,Train/mean_reward,120.79291534423828,1780381521.521412
93059,Train/mean_reward,121.78987121582031,1780381545.903123
93064,Train/mean_reward,121.80518341064453,1780381570.10782
93069,Train/mean_reward,122.23966979980469,1780381594.6067743
93074,Train/mean_reward,122.4308853149414,1780381619.6755977
93079,Train/mean_reward,122.2658920288086,1780381645.225656
93084,Train/mean_reward,122.51783752441406,1780381669.5580382
93089,Train/mean_reward,122.7150650024414,1780381691.89658
93094,Train/mean_reward,122.66875457763672,1780381712.511737
93099,Train/mean_reward,122.75416564941406,1780381733.09524
93104,Train/mean_reward,123.02115631103516,1780381753.592161
93109,Train/mean_reward,122.95486450195312,1780381775.0739574
93114,Train/mean_reward,123.09004211425781,1780381798.8087556
93119,Train/mean_reward,123.20286560058594,1780381823.4030921
93124,Train/mean_reward,123.16831970214844,1780381847.677436
93129,Train/mean_reward,123.54561614990234,1780381868.7374241
93134,Train/mean_reward,123.49205017089844,1780381889.334952
93139,Train/mean_reward,123.5613021850586,1780381910.0129788
93144,Train/mean_reward,123.69161224365234,1780381930.1788673
93149,Train/mean_reward,123.68966674804688,1780381950.5375206
93154,Train/mean_reward,123.81600952148438,1780381970.728014
93159,Train/mean_reward,123.84710693359375,1780381991.2647047
93164,Train/mean_reward,124.11740112304688,1780382012.122665
93169,Train/mean_reward,124.07305145263672,1780382032.8798573
93174,Train/mean_reward,124.28191375732422,1780382053.397492
93179,Train/mean_reward,124.22327423095703,1780382077.421509
93184,Train/mean_reward,124.4247055053711,1780382101.784823
93189,Train/mean_reward,124.54235076904297,1780382125.92649
93194,Train/mean_reward,124.51362609863281,1780382150.2478404
93199,Train/mean_reward,124.07273864746094,1780382175.0910358
93204,Train/mean_reward,124.70677185058594,1780382200.6391964
93209,Train/mean_reward,124.64495086669922,1780382225.1691294
93214,Train/mean_reward,124.71556854248047,1780382246.8693588
93219,Train/mean_reward,124.97607421875,1780382267.9967263
93224,Train/mean_reward,124.38571166992188,1780382290.686885
93229,Train/mean_reward,124.92166137695312,1780382315.3490152
93234,Train/mean_reward,125.13253021240234,1780382336.5051005
93239,Train/mean_reward,125.33916473388672,1780382361.405097
93244,Train/mean_reward,125.27776336669922,1780382384.214457
93249,Train/mean_reward,125.43191528320312,1780382409.4358602
93254,Train/mean_reward,125.34290313720703,1780382434.4967482
93259,Train/mean_reward,125.54139709472656,1780382458.1419945
93264,Train/mean_reward,124.9848861694336,1780382479.859206
93269,Train/mean_reward,125.71646881103516,1780382501.0473354
93274,Train/mean_reward,125.58197021484375,1780382521.788922
93279,Train/mean_reward,125.68587493896484,1780382542.9336128
93284,Train/mean_reward,125.82990264892578,1780382566.6055133
93289,Train/mean_reward,125.86546325683594,1780382591.002289
93294,Train/mean_reward,125.9241714477539,1780382613.193241
93299,Train/mean_reward,126.07609558105469,1780382633.7312467
93304,Train/mean_reward,126.0995864868164,1780382654.8036206
93309,Train/mean_reward,126.1964111328125,1780382675.8971145
93314,Train/mean_reward,126.12588500976562,1780382697.296289
93319,Train/mean_reward,126.19622802734375,1780382718.265408
93324,Train/mean_reward,126.38648223876953,1780382739.5320942
93329,Train/mean_reward,126.39801788330078,1780382760.853379
93334,Train/mean_reward,126.58837890625,1780382786.0677915
93339,Train/mean_reward,126.62232971191406,1780382811.5164886
93344,Train/mean_reward,126.75592803955078,1780382836.91235
93349,Train/mean_reward,126.81292724609375,1780382861.7789314
93354,Train/mean_reward,126.91541290283203,1780382887.2129512
93359,Train/mean_reward,126.92108917236328,1780382908.7528434
93364,Train/mean_reward,127.02608489990234,1780382931.5584552
93369,Train/mean_reward,127.25181579589844,1780382956.4799788
93374,Train/mean_reward,127.16136932373047,1780382981.1558478
93379,Train/mean_reward,127.21619415283203,1780383006.0771484
93384,Train/mean_reward,127.2925033569336,1780383031.2390347
93389,Train/mean_reward,127.4735336303711,1780383056.2684054
93394,Train/mean_reward,127.55261993408203,1780383080.7130022
93399,Train/mean_reward,127.2605209350586,1780383102.0201626
93404,Train/mean_reward,127.66956329345703,1780383123.0433424
93409,Train/mean_reward,127.72305297851562,1780383144.1391084
93414,Train/mean_reward,127.78175354003906,1780383165.20596
93419,Train/mean_reward,128.13272094726562,1780383185.9863155
93424,Train/mean_reward,128.33889770507812,1780383211.6763508
93429,Train/mean_reward,128.36685180664062,1780383237.0736134
93434,Train/mean_reward,128.18214416503906,1780383262.3893952
93439,Train/mean_reward,128.5738525390625,1780383287.6172981
93444,Train/mean_reward,128.700927734375,1780383313.0948884
93449,Train/mean_reward,129.57211303710938,1780383337.9673018
93454,Train/mean_reward,130.5098876953125,1780383362.78771
93459,Train/mean_reward,132.00010681152344,1780383386.7911737
93464,Train/mean_reward,135.67262268066406,1780383408.3058531
93469,Train/mean_reward,138.76536560058594,1780383429.9148948
93474,Train/mean_reward,144.6952362060547,1780383453.2603962
93479,Train/mean_reward,153.78721618652344,1780383478.3643742
93484,Train/mean_reward,165.28944396972656,1780383503.1710708
93489,Train/mean_reward,177.9472198486328,1780383527.300012
93494,Train/mean_reward,190.8222198486328,1780383548.7187636
93499,Train/mean_reward,205.40298461914062,1780383569.3747852
93504,Train/mean_reward,217.23538208007812,1780383590.7785242
93509,Train/mean_reward,228.2333984375,1780383611.9253302
93514,Train/mean_reward,236.90277099609375,1780383632.6387584
93519,Train/mean_reward,251.3585662841797,1780383657.547732
93524,Train/mean_reward,260.6588134765625,1780383682.9511588
93529,Train/mean_reward,274.4484558105469,1780383707.9573753
93534,Train/mean_reward,279.3539733886719,1780383733.1134725
93539,Train/mean_reward,289.9369812011719,1780383758.3600144
93544,Train/mean_reward,298.5687561035156,1780383783.0945573
93549,Train/mean_reward,298.06591796875,1780383807.6848314
93554,Train/mean_reward,298.594970703125,1780383828.9042292
93559,Train/mean_reward,308.8558044433594,1780383852.2941282
93564,Train/mean_reward,306.4791564941406,1780383874.4126127
93569,Train/mean_reward,308.11248779296875,1780383895.863288
93574,Train/mean_reward,309.3081359863281,1780383919.2391198
93579,Train/mean_reward,312.9090881347656,1780383941.2002273
93584,Train/mean_reward,312.86590576171875,1780383965.6977437
93589,Train/mean_reward,314.33154296875,1780383990.370067
93594,Train/mean_reward,304.7113342285156,1780384014.8907866
93599,Train/mean_reward,311.54840087890625,1780384037.9898396
93604,Train/mean_reward,318.9775695800781,1780384059.2845485
93609,Train/mean_reward,311.7644958496094,1780384080.3143861
93614,Train/mean_reward,316.86541748046875,1780384101.124665
93619,Train/mean_reward,321.96636962890625,1780384121.7121065
93624,Train/mean_reward,323.4304504394531,1780384141.7401156
93629,Train/mean_reward,320.3572082519531,1780384164.1821449
93634,Train/mean_reward,324.55450439453125,1780384188.0945928
93639,Train/mean_reward,322.8763427734375,1780384212.0099087
93644,Train/mean_reward,325.8011474609375,1780384234.1120138
93649,Train/mean_reward,326.6111755371094,1780384253.9107003
93654,Train/mean_reward,323.0787353515625,1780384274.437476
93659,Train/mean_reward,329.61956787109375,1780384294.6281059
93664,Train/mean_reward,328.99847412109375,1780384314.7735791
93669,Train/mean_reward,331.8736267089844,1780384334.5330617
93674,Train/mean_reward,330.8135681152344,1780384354.40086
93679,Train/mean_reward,332.10821533203125,1780384374.4796019
93684,Train/mean_reward,333.4564514160156,1780384394.1204946
93689,Train/mean_reward,334.65386962890625,1780384413.880205
93694,Train/mean_reward,334.4669494628906,1780384432.8303106
93699,Train/mean_reward,335.0566101074219,1780384452.2196944
93704,Train/mean_reward,336.1888732910156,1780384471.853131
93709,Train/mean_reward,337.1904296875,1780384492.862073
93714,Train/mean_reward,335.13262939453125,1780384517.0933588
93719,Train/mean_reward,339.02813720703125,1780384537.890823
93724,Train/mean_reward,336.00384521484375,1780384558.169945
93729,Train/mean_reward,339.0672912597656,1780384577.7115664
93734,Train/mean_reward,337.98577880859375,1780384597.5866916
93739,Train/mean_reward,338.9256286621094,1780384617.499969
93744,Train/mean_reward,340.3651123046875,1780384637.5030534
93749,Train/mean_reward,340.0923156738281,1780384657.649465
93754,Train/mean_reward,330.5580749511719,1780384678.1863785
93759,Train/mean_reward,331.5686340332031,1780384698.4843287
93764,Train/mean_reward,336.4794616699219,1780384718.708525
93769,Train/mean_reward,333.6712341308594,1780384742.3593688
93774,Train/mean_reward,333.3336181640625,1780384765.853001
93779,Train/mean_reward,334.93438720703125,1780384790.6005125
93784,Train/mean_reward,339.7710266113281,1780384814.9762406
93789,Train/mean_reward,335.03997802734375,1780384839.2655904
93794,Train/mean_reward,334.7137756347656,1780384863.4237947
93799,Train/mean_reward,334.8531188964844,1780384887.681223
93804,Train/mean_reward,336.6661376953125,1780384911.6644275
93809,Train/mean_reward,332.80401611328125,1780384936.5831192
93814,Train/mean_reward,337.62200927734375,1780384958.1636825
93819,Train/mean_reward,336.423828125,1780384978.7000551
93824,Train/mean_reward,330.5382080078125,1780385000.2217586
93829,Train/mean_reward,335.94036865234375,1780385021.1038716
93834,Train/mean_reward,336.4040832519531,1780385041.665203
93839,Train/mean_reward,339.83111572265625,1780385063.1707015
93844,Train/mean_reward,341.3441162109375,1780385087.6216562
93849,Train/mean_reward,335.6660461425781,1780385112.9009845
93854,Train/mean_reward,331.4630126953125,1780385137.7626672
93859,Train/mean_reward,334.327880859375,1780385161.9090307
93864,Train/mean_reward,337.32550048828125,1780385186.256879
93869,Train/mean_reward,340.0714416503906,1780385210.5195246
93874,Train/mean_reward,336.46484375,1780385234.5258055
93879,Train/mean_reward,339.2228088378906,1780385257.276371
93884,Train/mean_reward,333.72528076171875,1780385277.9399111
93889,Train/mean_reward,333.7632141113281,1780385298.4924932
93894,Train/mean_reward,340.1615295410156,1780385319.0297468
93899,Train/mean_reward,336.1939392089844,1780385339.4281554
93904,Train/mean_reward,340.3888244628906,1780385362.9851706
93909,Train/mean_reward,340.0125732421875,1780385387.497454
93914,Train/mean_reward,337.74462890625,1780385411.5307527
93919,Train/mean_reward,338.4883728027344,1780385434.240352
93924,Train/mean_reward,333.13116455078125,1780385457.4739347
93929,Train/mean_reward,335.77166748046875,1780385481.5137014
93934,Train/mean_reward,338.5042419433594,1780385505.8395443
93939,Train/mean_reward,335.01031494140625,1780385530.0174901
93944,Train/mean_reward,341.62457275390625,1780385554.7146742
93949,Train/mean_reward,340.6251220703125,1780385579.3380804
93954,Train/mean_reward,333.2778625488281,1780385603.6068506
93959,Train/mean_reward,341.6838684082031,1780385627.7818992
93964,Train/mean_reward,338.1102294921875,1780385652.0308166
93969,Train/mean_reward,341.8310241699219,1780385675.1385221
93974,Train/mean_reward,339.9512939453125,1780385699.5459142
93979,Train/mean_reward,340.37060546875,1780385724.1584063
93984,Train/mean_reward,335.41595458984375,1780385748.8477387
93989,Train/mean_reward,341.28045654296875,1780385772.912821
93994,Train/mean_reward,342.9879150390625,1780385797.1027126
93999,Train/mean_reward,340.3792419433594,1780385820.8797567
94004,Train/mean_reward,343.8604431152344,1780385845.0153813
94009,Train/mean_reward,339.1294860839844,1780385869.0361326
94014,Train/mean_reward,340.6396789550781,1780385893.2247632
94019,Train/mean_reward,344.4837951660156,1780385917.3555334
94024,Train/mean_reward,341.010986328125,1780385941.594583
94029,Train/mean_reward,336.23370361328125,1780385966.0940566
94034,Train/mean_reward,344.7291259765625,1780385989.2995698
94039,Train/mean_reward,338.0464782714844,1780386011.4413571
94044,Train/mean_reward,343.0487060546875,1780386031.6312335
94049,Train/mean_reward,342.62066650390625,1780386051.762154
94054,Train/mean_reward,346.4804382324219,1780386072.243557
94059,Train/mean_reward,341.7757263183594,1780386092.0513067
94064,Train/mean_reward,343.13946533203125,1780386112.0971978
94069,Train/mean_reward,344.71722412109375,1780386132.1800137
94074,Train/mean_reward,346.735595703125,1780386155.4207652
94079,Train/mean_reward,347.4866638183594,1780386180.0736833
94084,Train/mean_reward,344.3190612792969,1780386204.396628
94089,Train/mean_reward,346.8307189941406,1780386228.472515
94094,Train/mean_reward,344.1123352050781,1780386251.4658616
94099,Train/mean_reward,341.8365173339844,1780386272.114283
94104,Train/mean_reward,347.40399169921875,1780386292.870752
94109,Train/mean_reward,344.3326721191406,1780386313.4888465
94114,Train/mean_reward,342.46710205078125,1780386336.4772227
94119,Train/mean_reward,347.9224548339844,1780386360.588559
94124,Train/mean_reward,346.0577087402344,1780386385.2946212
94129,Train/mean_reward,344.64410400390625,1780386409.411104
94134,Train/mean_reward,347.89666748046875,1780386433.4004402
94139,Train/mean_reward,343.9756164550781,1780386457.55875
94144,Train/mean_reward,347.475830078125,1780386482.2733986
94149,Train/mean_reward,342.382080078125,1780386506.6444342
94154,Train/mean_reward,346.16552734375,1780386531.2857487
94159,Train/mean_reward,347.0848083496094,1780386555.384475
94164,Train/mean_reward,344.5948486328125,1780386579.6659715
94169,Train/mean_reward,345.8135681152344,1780386604.1361027
94174,Train/mean_reward,345.5346374511719,1780386628.7108161
94179,Train/mean_reward,349.61676025390625,1780386652.589736
94184,Train/mean_reward,340.6135559082031,1780386677.0040233
94189,Train/mean_reward,341.1519470214844,1780386701.4968534
94194,Train/mean_reward,345.0738830566406,1780386725.552076
94199,Train/mean_reward,348.1617431640625,1780386749.8870158
94204,Train/mean_reward,345.3026428222656,1780386774.2258976
94209,Train/mean_reward,346.4170227050781,1780386798.3029697
94214,Train/mean_reward,343.4126892089844,1780386823.1628108
94219,Train/mean_reward,342.9966125488281,1780386847.4255927
94224,Train/mean_reward,348.96600341796875,1780386872.1081636
94229,Train/mean_reward,347.8835144042969,1780386896.227379
94234,Train/mean_reward,348.4673156738281,1780386920.4336793
94239,Train/mean_reward,349.6972961425781,1780386944.75133
94244,Train/mean_reward,348.1399230957031,1780386969.013429
94249,Train/mean_reward,347.5849914550781,1780386993.4056013
94254,Train/mean_reward,348.7760925292969,1780387017.8710132
94259,Train/mean_reward,349.8151550292969,1780387041.6149945
94264,Train/mean_reward,345.5015563964844,1780387065.7489922
94269,Train/mean_reward,349.549560546875,1780387089.9867911
94274,Train/mean_reward,348.886962890625,1780387113.6899061
94279,Train/mean_reward,344.0428161621094,1780387137.642431
94284,Train/mean_reward,350.8720703125,1780387162.5814068
94289,Train/mean_reward,350.35418701171875,1780387186.5634007
94294,Train/mean_reward,347.3630676269531,1780387210.597733
94299,Train/mean_reward,346.450927734375,1780387234.9916613
94304,Train/mean_reward,348.2891845703125,1780387259.0430954
94309,Train/mean_reward,349.57843017578125,1780387282.4166236
94314,Train/mean_reward,346.32061767578125,1780387306.2382424
94319,Train/mean_reward,345.18963623046875,1780387330.3741953
94324,Train/mean_reward,349.63824462890625,1780387353.7768836
94329,Train/mean_reward,351.6273193359375,1780387377.3647263
94334,Train/mean_reward,344.0740661621094,1780387400.8102584
94339,Train/mean_reward,346.2308349609375,1780387424.6137698
94344,Train/mean_reward,351.1488037109375,1780387448.1144772
94349,Train/mean_reward,352.25885009765625,1780387472.1115944
94354,Train/mean_reward,351.54541015625,1780387495.551884
94359,Train/mean_reward,344.5201721191406,1780387519.1391928
94364,Train/mean_reward,350.4505310058594,1780387542.8396447
94369,Train/mean_reward,348.07232666015625,1780387566.406115
94374,Train/mean_reward,348.95123291015625,1780387590.2725246
94379,Train/mean_reward,351.979248046875,1780387613.8842173
94384,Train/mean_reward,347.0119323730469,1780387637.4626045
94389,Train/mean_reward,351.8341064453125,1780387660.9504385
94394,Train/mean_reward,351.42108154296875,1780387684.7068508
94399,Train/mean_reward,352.2051086425781,1780387708.4829783
94404,Train/mean_reward,352.0234069824219,1780387731.8628354
94409,Train/mean_reward,351.08258056640625,1780387755.3077958
94414,Train/mean_reward,352.9551696777344,1780387778.8323617
94419,Train/mean_reward,349.0368347167969,1780387802.719622
94424,Train/mean_reward,353.7965087890625,1780387826.5139523
94429,Train/mean_reward,353.1693115234375,1780387850.0894103
94434,Train/mean_reward,352.13922119140625,1780387873.2339067
94439,Train/mean_reward,353.96588134765625,1780387895.327929
94444,Train/mean_reward,352.6844787597656,1780387916.258761
94449,Train/mean_reward,350.6410827636719,1780387937.3121164
94454,Train/mean_reward,354.3919372558594,1780387957.7030632
94459,Train/mean_reward,336.644287109375,1780387977.921948
94464,Train/mean_reward,354.2256164550781,1780387997.7954912
94469,Train/mean_reward,351.2834777832031,1780388017.909608
94474,Train/mean_reward,349.511474609375,1780388037.075979
94479,Train/mean_reward,352.9200439453125,1780388056.484396
94484,Train/mean_reward,354.223876953125,1780388076.6748388
94489,Train/mean_reward,351.4994812011719,1780388096.49505
94494,Train/mean_reward,354.6513671875,1780388116.7863247
94499,Train/mean_reward,346.073486328125,1780388139.2607412
94504,Train/mean_reward,354.3777160644531,1780388163.1933696
94509,Train/mean_reward,353.4825134277344,1780388187.009577
94514,Train/mean_reward,353.1413269042969,1780388210.6951602
94519,Train/mean_reward,355.2644958496094,1780388234.184765
94524,Train/mean_reward,355.53857421875,1780388257.707439
94529,Train/mean_reward,355.57720947265625,1780388278.0852966
94534,Train/mean_reward,356.0352783203125,1780388297.9855042
94539,Train/mean_reward,355.63421630859375,1780388318.7198968
94544,Train/mean_reward,351.4400634765625,1780388342.1164675
94549,Train/mean_reward,355.6939392089844,1780388365.7044125
94554,Train/mean_reward,355.7632751464844,1780388389.4887602
94559,Train/mean_reward,354.80389404296875,1780388413.0284312
94564,Train/mean_reward,352.9459228515625,1780388437.1246111
94569,Train/mean_reward,353.1452941894531,1780388461.2723544
94574,Train/mean_reward,355.6270751953125,1780388485.064942
94579,Train/mean_reward,353.19000244140625,1780388508.85911
94584,Train/mean_reward,356.49542236328125,1780388532.5917666
94589,Train/mean_reward,356.5660705566406,1780388556.188288
94594,Train/mean_reward,356.3507385253906,1780388580.0269613
94599,Train/mean_reward,356.0019836425781,1780388603.6831603
94604,Train/mean_reward,355.212158203125,1780388627.2914186
94609,Train/mean_reward,350.8398742675781,1780388651.021024
94614,Train/mean_reward,347.5818176269531,1780388674.5761392
94619,Train/mean_reward,357.158447265625,1780388698.029836
94624,Train/mean_reward,356.0086364746094,1780388721.9070253
94629,Train/mean_reward,349.5871276855469,1780388746.1629426
94634,Train/mean_reward,354.9018249511719,1780388769.6964073
94639,Train/mean_reward,355.277587890625,1780388793.3281124
94644,Train/mean_reward,357.731689453125,1780388817.3342183
94649,Train/mean_reward,355.8825378417969,1780388840.8884995
94654,Train/mean_reward,355.7052307128906,1780388864.5999625
94659,Train/mean_reward,354.1218566894531,1780388888.288239
94664,Train/mean_reward,354.1822814941406,1780388911.7088122
94669,Train/mean_reward,356.3442077636719,1780388935.588728
94674,Train/mean_reward,356.94085693359375,1780388959.580247
94679,Train/mean_reward,356.2539978027344,1780388983.294321
94684,Train/mean_reward,355.05792236328125,1780389007.0775363
94689,Train/mean_reward,355.82342529296875,1780389031.1316843
94694,Train/mean_reward,350.7864685058594,1780389054.9626884
94699,Train/mean_reward,355.632080078125,1780389079.2004948
94704,Train/mean_reward,354.21234130859375,1780389102.9383757
94709,Train/mean_reward,357.78564453125,1780389127.2072566
94714,Train/mean_reward,346.1831970214844,1780389151.2418032
94719,Train/mean_reward,356.6069641113281,1780389175.523755
94724,Train/mean_reward,355.6872863769531,1780389199.4968143
94729,Train/mean_reward,353.7647705078125,1780389223.3695061
94734,Train/mean_reward,355.6155090332031,1780389247.4774833
94739,Train/mean_reward,354.2881774902344,1780389271.6563349
94744,Train/mean_reward,357.9450378417969,1780389295.7297645
94749,Train/mean_reward,357.9926452636719,1780389319.974059
94754,Train/mean_reward,348.9627990722656,1780389344.1434565
94759,Train/mean_reward,356.907470703125,1780389367.9483278
94764,Train/mean_reward,357.8416442871094,1780389392.1551259
94769,Train/mean_reward,354.53302001953125,1780389416.725714
94774,Train/mean_reward,351.40869140625,1780389437.661904
94779,Train/mean_reward,347.52264404296875,1780389460.799446
94784,Train/mean_reward,355.26434326171875,1780389485.2805722
94789,Train/mean_reward,353.38983154296875,1780389509.632151
94794,Train/mean_reward,355.6661071777344,1780389534.3583207
94799,Train/mean_reward,350.026611328125,1780389558.6376026
94804,Train/mean_reward,350.5987548828125,1780389583.5207152
94809,Train/mean_reward,353.2135314941406,1780389607.379974
94814,Train/mean_reward,353.2008361816406,1780389631.5058496
94819,Train/mean_reward,354.6234436035156,1780389655.4948108
94824,Train/mean_reward,354.03570556640625,1780389679.233514
94829,Train/mean_reward,356.9130859375,1780389703.3455937
94834,Train/mean_reward,358.1562194824219,1780389727.5669127
94839,Train/mean_reward,358.37762451171875,1780389750.097641
94844,Train/mean_reward,357.67791748046875,1780389773.7292254
94849,Train/mean_reward,356.19561767578125,1780389795.8421402
94854,Train/mean_reward,350.14605712890625,1780389820.2626362
94859,Train/mean_reward,358.44952392578125,1780389844.8146112
94864,Train/mean_reward,358.56793212890625,1780389868.8203962
94869,Train/mean_reward,357.940185546875,1780389889.6224017
94874,Train/mean_reward,357.7594299316406,1780389911.5729969
94879,Train/mean_reward,357.0449523925781,1780389935.8876948
94884,Train/mean_reward,355.5779724121094,1780389960.7187636
94889,Train/mean_reward,356.98974609375,1780389985.7036288
94894,Train/mean_reward,355.8338928222656,1780390010.2814603
94899,Train/mean_reward,355.67535400390625,1780390033.9751122
94904,Train/mean_reward,357.7115478515625,1780390056.2219725
94909,Train/mean_reward,354.9703369140625,1780390081.2587245
94914,Train/mean_reward,357.7257385253906,1780390105.7898617
94919,Train/mean_reward,356.4485778808594,1780390130.1455393
94924,Train/mean_reward,349.2247314453125,1780390154.4626765
94929,Train/mean_reward,357.98150634765625,1780390174.6254349
94934,Train/mean_reward,357.14404296875,1780390197.1828187
94939,Train/mean_reward,354.1905517578125,1780390220.9672074
94944,Train/mean_reward,354.736572265625,1780390244.8342056
94949,Train/mean_reward,357.9112243652344,1780390269.1671686
94954,Train/mean_reward,354.8090515136719,1780390293.5811687
94959,Train/mean_reward,358.6128234863281,1780390314.972921
94964,Train/mean_reward,356.6214294433594,1780390336.6199646
94969,Train/mean_reward,354.2900390625,1780390359.6821985
94974,Train/mean_reward,355.2778015136719,1780390379.8209596
94979,Train/mean_reward,357.0072937011719,1780390399.9632986
94984,Train/mean_reward,356.32647705078125,1780390420.8829412
94989,Train/mean_reward,358.48919677734375,1780390441.9389722
94994,Train/mean_reward,358.67266845703125,1780390462.9537702
94999,Train/mean_reward,351.8360595703125,1780390486.2792532
95004,Train/mean_reward,353.233642578125,1780390510.040649
95009,Train/mean_reward,345.179443359375,1780390534.153242
95014,Train/mean_reward,353.5534973144531,1780390557.975102
95019,Train/mean_reward,358.67254638671875,1780390581.8124516
95024,Train/mean_reward,358.56878662109375,1780390605.82431
95029,Train/mean_reward,357.4053649902344,1780390629.4838095
95034,Train/mean_reward,355.6959533691406,1780390653.3116457
95039,Train/mean_reward,358.0380859375,1780390676.926359
95044,Train/mean_reward,358.9466247558594,1780390700.21717
95049,Train/mean_reward,358.4754333496094,1780390723.9390285
95054,Train/mean_reward,355.6194763183594,1780390747.6127803
95059,Train/mean_reward,355.12371826171875,1780390771.1111057
95064,Train/mean_reward,352.219482421875,1780390794.7486353
95069,Train/mean_reward,354.3081970214844,1780390818.6312234
95074,Train/mean_reward,356.0790100097656,1780390842.2609878
95079,Train/mean_reward,355.96917724609375,1780390866.0760365
95084,Train/mean_reward,358.41790771484375,1780390890.1986477
95089,Train/mean_reward,358.199462890625,1780390913.9740932
95094,Train/mean_reward,357.87646484375,1780390937.528564
95099,Train/mean_reward,355.2214660644531,1780390961.2380433
95104,Train/mean_reward,359.08013916015625,1780390985.121983
95109,Train/mean_reward,353.87921142578125,1780391008.7090204
95114,Train/mean_reward,359.76708984375,1780391032.3635764
95119,Train/mean_reward,356.7820129394531,1780391056.1032481
95124,Train/mean_reward,354.135498046875,1780391079.5542707
95129,Train/mean_reward,359.60076904296875,1780391103.2051105
95134,Train/mean_reward,358.4717102050781,1780391126.991162
95139,Train/mean_reward,356.3953552246094,1780391150.2810717
95144,Train/mean_reward,356.72930908203125,1780391173.67289
95149,Train/mean_reward,356.8692321777344,1780391197.1966028
95154,Train/mean_reward,351.999755859375,1780391221.1851134
95159,Train/mean_reward,357.6888122558594,1780391245.7415202
95164,Train/mean_reward,359.9486999511719,1780391269.652081
95169,Train/mean_reward,356.1278991699219,1780391293.3561692
95174,Train/mean_reward,359.9736022949219,1780391317.3159378
95179,Train/mean_reward,358.72674560546875,1780391341.4338667
95184,Train/mean_reward,353.15582275390625,1780391365.3413646
95189,Train/mean_reward,360.1836242675781,1780391389.455065
95194,Train/mean_reward,359.7124938964844,1780391413.2166896
95199,Train/mean_reward,360.10333251953125,1780391436.7131104
95204,Train/mean_reward,358.63458251953125,1780391460.5726516
95209,Train/mean_reward,356.9247131347656,1780391484.5661507
95214,Train/mean_reward,360.28662109375,1780391508.317418
95219,Train/mean_reward,358.6226806640625,1780391531.7087183
95224,Train/mean_reward,358.04315185546875,1780391555.5152266
95229,Train/mean_reward,359.1722717285156,1780391579.3991096
95234,Train/mean_reward,356.6562805175781,1780391602.6756532
95239,Train/mean_reward,352.89788818359375,1780391626.3743215
95244,Train/mean_reward,358.532958984375,1780391650.2686865
95249,Train/mean_reward,360.07574462890625,1780391673.7424567
95254,Train/mean_reward,359.5470886230469,1780391697.3195407
95259,Train/mean_reward,359.8908386230469,1780391720.9378915
95264,Train/mean_reward,359.9383850097656,1780391745.2765024
95269,Train/mean_reward,356.2306213378906,1780391769.1748726
95274,Train/mean_reward,358.4093933105469,1780391793.1348493
95279,Train/mean_reward,359.9524230957031,1780391816.5486987
95284,Train/mean_reward,359.4938049316406,1780391840.696439
95289,Train/mean_reward,359.56390380859375,1780391864.7079718
95294,Train/mean_reward,355.8381042480469,1780391888.82176
95299,Train/mean_reward,359.8446960449219,1780391912.9248235
95304,Train/mean_reward,353.60821533203125,1780391936.6995955
95309,Train/mean_reward,357.3271484375,1780391960.410849
95314,Train/mean_reward,357.84100341796875,1780391984.1847463
95319,Train/mean_reward,356.6712341308594,1780392008.1888506
95324,Train/mean_reward,359.55975341796875,1780392032.0605233
95329,Train/mean_reward,357.550537109375,1780392055.6467807
95334,Train/mean_reward,360.30816650390625,1780392079.9542665
95339,Train/mean_reward,358.2745666503906,1780392104.0037687
95344,Train/mean_reward,358.6376037597656,1780392126.8012142
95349,Train/mean_reward,354.1665954589844,1780392147.0543625
95354,Train/mean_reward,358.84295654296875,1780392166.9629328
95359,Train/mean_reward,359.38482666015625,1780392188.709069
95364,Train/mean_reward,359.7978515625,1780392209.2800329
95369,Train/mean_reward,359.1742248535156,1780392229.1852138
95374,Train/mean_reward,360.1694641113281,1780392252.0192177
95379,Train/mean_reward,359.6862487792969,1780392276.0062544
95384,Train/mean_reward,360.9430847167969,1780392300.0618155
95389,Train/mean_reward,360.7325134277344,1780392324.3602912
95394,Train/mean_reward,356.9088439941406,1780392348.1025226
95399,Train/mean_reward,360.5560302734375,1780392371.4325058
95404,Train/mean_reward,360.66790771484375,1780392395.031938
95409,Train/mean_reward,360.1747741699219,1780392418.6860366
95414,Train/mean_reward,360.2311096191406,1780392442.4430895
95419,Train/mean_reward,360.603759765625,1780392466.3274946
95424,Train/mean_reward,359.8858947753906,1780392490.532069
95429,Train/mean_reward,360.6504821777344,1780392514.0718517
95434,Train/mean_reward,360.74664306640625,1780392537.6795318
95439,Train/mean_reward,360.40045166015625,1780392561.0321386
95444,Train/mean_reward,360.4613952636719,1780392584.5018053
95449,Train/mean_reward,356.4984436035156,1780392608.4540708
95454,Train/mean_reward,361.00823974609375,1780392632.0630333
95459,Train/mean_reward,362.13079833984375,1780392655.47448
95464,Train/mean_reward,360.88629150390625,1780392679.2640343
95469,Train/mean_reward,359.6792907714844,1780392702.9127915
95474,Train/mean_reward,360.69537353515625,1780392726.3281615
95479,Train/mean_reward,360.6154479980469,1780392749.9050114
95484,Train/mean_reward,359.09429931640625,1780392773.6260376
95489,Train/mean_reward,359.55908203125,1780392797.10523
95494,Train/mean_reward,360.9637756347656,1780392820.8161812
95499,Train/mean_reward,360.8841857910156,1780392844.4085777
95504,Train/mean_reward,360.9883117675781,1780392868.2315948
95509,Train/mean_reward,354.0990295410156,1780392891.7611065
95514,Train/mean_reward,360.17657470703125,1780392915.5852776
95519,Train/mean_reward,358.7540283203125,1780392936.9267595
95524,Train/mean_reward,360.5298156738281,1780392957.7860706
95529,Train/mean_reward,357.64971923828125,1780392979.9842587
95534,Train/mean_reward,358.8375244140625,1780393004.0298421
95539,Train/mean_reward,359.80645751953125,1780393028.0219967
95544,Train/mean_reward,355.7604675292969,1780393051.9308386
95549,Train/mean_reward,357.78680419921875,1780393075.5670953
95554,Train/mean_reward,360.8138122558594,1780393099.7709148
95559,Train/mean_reward,357.5892639160156,1780393123.8345623
95564,Train/mean_reward,361.1687927246094,1780393147.8736446
95569,Train/mean_reward,358.96697998046875,1780393172.0678282
95574,Train/mean_reward,358.44818115234375,1780393196.1860435
95579,Train/mean_reward,358.61688232421875,1780393220.2839713
95584,Train/mean_reward,360.8016357421875,1780393243.1566465
95589,Train/mean_reward,359.69317626953125,1780393264.827717
95594,Train/mean_reward,359.1038513183594,1780393289.2618558
95599,Train/mean_reward,356.5166320800781,1780393313.4305234
95604,Train/mean_reward,360.5403747558594,1780393335.1674457
95609,Train/mean_reward,357.6614074707031,1780393358.4787416
95614,Train/mean_reward,358.9345397949219,1780393382.754609
95619,Train/mean_reward,360.4306335449219,1780393407.0072906
95624,Train/mean_reward,359.2510681152344,1780393431.0217304
95629,Train/mean_reward,359.73876953125,1780393455.5787134
95634,Train/mean_reward,359.5864562988281,1780393479.1039412
95639,Train/mean_reward,360.0919494628906,1780393499.7481728
95644,Train/mean_reward,359.90289306640625,1780393520.0457263
95649,Train/mean_reward,360.0133972167969,1780393541.34429
95654,Train/mean_reward,358.90509033203125,1780393561.78986
95659,Train/mean_reward,361.2957763671875,1780393582.8696835
95664,Train/mean_reward,360.2122802734375,1780393605.567961
95669,Train/mean_reward,361.33514404296875,1780393626.5904238
95674,Train/mean_reward,361.5018310546875,1780393647.4716115
95679,Train/mean_reward,358.2977294921875,1780393667.506008
95684,Train/mean_reward,358.908447265625,1780393691.0017018
95689,Train/mean_reward,360.3076477050781,1780393715.3565812
95694,Train/mean_reward,361.9039001464844,1780393739.2442806
95699,Train/mean_reward,361.3568115234375,1780393763.5588832
95704,Train/mean_reward,359.9043884277344,1780393788.0667398
95709,Train/mean_reward,360.848388671875,1780393812.7081614
95714,Train/mean_reward,361.722900390625,1780393834.34941
95719,Train/mean_reward,361.2160339355469,1780393857.06399
95724,Train/mean_reward,361.4080810546875,1780393880.8938768
95729,Train/mean_reward,357.3121643066406,1780393905.2859225
95734,Train/mean_reward,358.17974853515625,1780393929.2898464
95739,Train/mean_reward,360.8219909667969,1780393952.9140306
95744,Train/mean_reward,361.82806396484375,1780393976.5713534
95749,Train/mean_reward,361.484130859375,1780394000.619939
95754,Train/mean_reward,361.52978515625,1780394024.6264234
95759,Train/mean_reward,362.00323486328125,1780394048.7240338
95764,Train/mean_reward,361.1506042480469,1780394072.4814374
95769,Train/mean_reward,358.6160888671875,1780394095.952895
95774,Train/mean_reward,360.7707824707031,1780394117.5287461
95779,Train/mean_reward,360.66510009765625,1780394140.7308242
95784,Train/mean_reward,361.73980712890625,1780394165.0168762
95789,Train/mean_reward,362.5408020019531,1780394189.2192461
95794,Train/mean_reward,359.60101318359375,1780394212.8927681
95799,Train/mean_reward,362.5508728027344,1780394236.4365737
95804,Train/mean_reward,356.16510009765625,1780394260.307894
95809,Train/mean_reward,361.1827392578125,1780394283.496258
95814,Train/mean_reward,358.9937438964844,1780394303.609804
95819,Train/mean_reward,362.0376281738281,1780394323.2412293
95824,Train/mean_reward,362.9695739746094,1780394343.030684
95829,Train/mean_reward,362.98101806640625,1780394363.0427608
95834,Train/mean_reward,360.5489196777344,1780394383.2728858
95839,Train/mean_reward,360.25543212890625,1780394403.2200737
95844,Train/mean_reward,360.67254638671875,1780394423.1505234
95849,Train/mean_reward,360.90252685546875,1780394446.1297789
95854,Train/mean_reward,361.049560546875,1780394469.8494284
95859,Train/mean_reward,358.9366760253906,1780394493.6190085
95864,Train/mean_reward,360.1522216796875,1780394517.5139275
95869,Train/mean_reward,359.2440185546875,1780394541.2939827
95874,Train/mean_reward,361.9528503417969,1780394565.3947983
95879,Train/mean_reward,362.1037902832031,1780394585.9488869
95884,Train/mean_reward,359.53466796875,1780394610.513898
95889,Train/mean_reward,362.5657043457031,1780394634.6735585
95894,Train/mean_reward,359.5904235839844,1780394658.9219046
95899,Train/mean_reward,360.6765441894531,1780394682.901634
95904,Train/mean_reward,362.0279541015625,1780394706.7994795
95909,Train/mean_reward,362.2086181640625,1780394730.430423
95914,Train/mean_reward,360.2303466796875,1780394754.5498354
95919,Train/mean_reward,362.72784423828125,1780394778.7585795
95924,Train/mean_reward,362.3069152832031,1780394802.5126607
95929,Train/mean_reward,361.95391845703125,1780394826.4985702
95934,Train/mean_reward,361.7966613769531,1780394850.771668
95939,Train/mean_reward,360.2777099609375,1780394874.3915095
95944,Train/mean_reward,362.6497497558594,1780394898.2222927
95949,Train/mean_reward,360.16766357421875,1780394922.6755219
95954,Train/mean_reward,358.6073913574219,1780394947.038274
95959,Train/mean_reward,362.4862976074219,1780394967.3476536
95964,Train/mean_reward,359.3265380859375,1780394989.7662928
95969,Train/mean_reward,358.8316955566406,1780395010.2439969
95974,Train/mean_reward,362.2044677734375,1780395034.650056
95979,Train/mean_reward,360.80474853515625,1780395058.8644288
95984,Train/mean_reward,357.7605285644531,1780395082.7904718
95989,Train/mean_reward,358.4964904785156,1780395106.4300108
95994,Train/mean_reward,362.5185852050781,1780395130.843469
95999,Train/mean_reward,361.4031066894531,1780395153.3542712
96004,Train/mean_reward,360.8898010253906,1780395177.6001606
96009,Train/mean_reward,361.3774108886719,1780395199.0858
96014,Train/mean_reward,358.61895751953125,1780395223.4538474
96019,Train/mean_reward,357.7211608886719,1780395245.761488
96024,Train/mean_reward,361.1639404296875,1780395269.9261105
96029,Train/mean_reward,361.9996643066406,1780395293.971957
96034,Train/mean_reward,361.9380798339844,1780395317.9320836
96039,Train/mean_reward,361.1220703125,1780395341.9722626
96044,Train/mean_reward,360.0058898925781,1780395366.0492938
96049,Train/mean_reward,361.4009704589844,1780395390.388118
96054,Train/mean_reward,361.26641845703125,1780395414.177238
96059,Train/mean_reward,361.45208740234375,1780395437.9751618
96064,Train/mean_reward,360.2239685058594,1780395462.0967193
96069,Train/mean_reward,362.0322265625,1780395486.241199
96074,Train/mean_reward,359.7543029785156,1780395510.0525951
96079,Train/mean_reward,356.94775390625,1780395534.1578274
96084,Train/mean_reward,360.0979309082031,1780395558.1485686
96089,Train/mean_reward,358.4296875,1780395581.9553616
96094,Train/mean_reward,360.5151672363281,1780395606.2847416
96099,Train/mean_reward,361.5687561035156,1780395630.6812432
96104,Train/mean_reward,362.53314208984375,1780395654.765621
96109,Train/mean_reward,358.5428161621094,1780395679.2619567
96114,Train/mean_reward,361.5378112792969,1780395703.2755742
96119,Train/mean_reward,359.0436096191406,1780395727.4336638
96124,Train/mean_reward,362.33160400390625,1780395751.5444837
96129,Train/mean_reward,361.7870178222656,1780395775.6542087
96134,Train/mean_reward,360.8541564941406,1780395799.9878957
96139,Train/mean_reward,358.6854553222656,1780395824.7715323
96144,Train/mean_reward,361.4524841308594,1780395849.4783227
96149,Train/mean_reward,356.88836669921875,1780395874.3255723
96154,Train/mean_reward,360.9836730957031,1780395899.304027
96159,Train/mean_reward,358.8643798828125,1780395924.2307127
96164,Train/mean_reward,359.09515380859375,1780395949.0665276
96169,Train/mean_reward,360.745849609375,1780395973.7529435
96174,Train/mean_reward,362.59423828125,1780395996.9540682
96179,Train/mean_reward,361.6539306640625,1780396018.0012255
96184,Train/mean_reward,361.8746337890625,1780396038.5439703
96189,Train/mean_reward,361.0899353027344,1780396058.8731863
96194,Train/mean_reward,359.8370666503906,1780396079.251668
96199,Train/mean_reward,360.98724365234375,1780396099.4636085
96204,Train/mean_reward,361.89935302734375,1780396120.4998035
96209,Train/mean_reward,362.26568603515625,1780396140.8692024
96214,Train/mean_reward,361.177490234375,1780396164.8122969
96219,Train/mean_reward,360.8695068359375,1780396189.2456043
96224,Train/mean_reward,360.7792053222656,1780396213.519785
96229,Train/mean_reward,362.33758544921875,1780396237.893235
96234,Train/mean_reward,361.3283996582031,1780396261.9664147
96239,Train/mean_reward,361.78057861328125,1780396285.9658475
96244,Train/mean_reward,362.796142578125,1780396310.6178842
96249,Train/mean_reward,361.38079833984375,1780396334.0898943
96254,Train/mean_reward,361.8287658691406,1780396358.6343253
96259,Train/mean_reward,362.5074157714844,1780396383.3720026
96264,Train/mean_reward,359.64898681640625,1780396407.9930165
96269,Train/mean_reward,361.097412109375,1780396432.2190642
96274,Train/mean_reward,362.867431640625,1780396456.5087717
96279,Train/mean_reward,361.04302978515625,1780396481.245667
96284,Train/mean_reward,361.0536804199219,1780396505.9241624
96289,Train/mean_reward,361.7837219238281,1780396530.1189997
96294,Train/mean_reward,362.60491943359375,1780396554.3410945
96299,Train/mean_reward,362.4634704589844,1780396575.4768238
96304,Train/mean_reward,362.5620422363281,1780396596.1443644
96309,Train/mean_reward,362.906005859375,1780396619.888188
96314,Train/mean_reward,362.52490234375,1780396642.981744
96319,Train/mean_reward,361.1503601074219,1780396667.9187076
96324,Train/mean_reward,362.8188171386719,1780396692.2304323
96329,Train/mean_reward,361.8130187988281,1780396717.082572
96334,Train/mean_reward,362.5469665527344,1780396741.5366826
96339,Train/mean_reward,362.41986083984375,1780396766.247855
96344,Train/mean_reward,363.1745300292969,1780396791.4602225
96349,Train/mean_reward,361.193115234375,1780396816.7045736
96354,Train/mean_reward,360.8368835449219,1780396841.7430518
96359,Train/mean_reward,361.0209655761719,1780396865.582483
96364,Train/mean_reward,360.36651611328125,1780396889.6388092
96369,Train/mean_reward,362.63916015625,1780396913.4563608
96374,Train/mean_reward,363.3017272949219,1780396937.0264199
96379,Train/mean_reward,361.2168884277344,1780396960.9869301
96384,Train/mean_reward,363.326416015625,1780396984.9488244
96389,Train/mean_reward,360.47747802734375,1780397005.7635915
96394,Train/mean_reward,363.4338684082031,1780397028.692965
96399,Train/mean_reward,361.6169738769531,1780397053.3232207
96404,Train/mean_reward,363.2680358886719,1780397077.4325254
96409,Train/mean_reward,362.41473388671875,1780397101.9200447
96414,Train/mean_reward,362.8111267089844,1780397125.6906393
96419,Train/mean_reward,362.83477783203125,1780397149.335895
96424,Train/mean_reward,363.09490966796875,1780397173.3542843
96429,Train/mean_reward,363.33917236328125,1780397197.4469035
96434,Train/mean_reward,361.47650146484375,1780397221.076658
96439,Train/mean_reward,362.9012145996094,1780397245.050458
96444,Train/mean_reward,363.24786376953125,1780397268.9665263
96449,Train/mean_reward,362.6992492675781,1780397292.707294
96454,Train/mean_reward,362.67498779296875,1780397315.7843454
96459,Train/mean_reward,363.47271728515625,1780397336.6752462
96464,Train/mean_reward,363.1518859863281,1780397361.0526996
96469,Train/mean_reward,363.230224609375,1780397384.9864438
96474,Train/mean_reward,363.52630615234375,1780397408.751392
96479,Train/mean_reward,360.6464538574219,1780397432.527011
96484,Train/mean_reward,360.530517578125,1780397456.6825309
96489,Train/mean_reward,361.17608642578125,1780397480.4291081
96494,Train/mean_reward,361.1209716796875,1780397504.269662
96499,Train/mean_reward,363.859619140625,1780397528.1508982
96504,Train/mean_reward,363.1480407714844,1780397551.6831532
96509,Train/mean_reward,362.3679504394531,1780397575.5941298
96514,Train/mean_reward,362.8354187011719,1780397599.2585294
96519,Train/mean_reward,362.1476135253906,1780397622.7560833
96524,Train/mean_reward,363.8096618652344,1780397646.3787444
96529,Train/mean_reward,361.5160217285156,1780397670.1569304
96534,Train/mean_reward,363.6082458496094,1780397693.830691
96539,Train/mean_reward,362.7060546875,1780397718.1951487
96544,Train/mean_reward,363.4299621582031,1780397742.552678
96549,Train/mean_reward,363.3893737792969,1780397766.7729032
96554,Train/mean_reward,361.928466796875,1780397791.2074392
96559,Train/mean_reward,363.12298583984375,1780397815.4648867
96564,Train/mean_reward,362.8227233886719,1780397839.0987027
96569,Train/mean_reward,357.6505432128906,1780397862.8961902
96574,Train/mean_reward,363.8236999511719,1780397886.8688626
96579,Train/mean_reward,363.5448303222656,1780397910.6968565
96584,Train/mean_reward,363.7061462402344,1780397934.3915977
96589,Train/mean_reward,360.5242004394531,1780397958.211823
96594,Train/mean_reward,362.55511474609375,1780397982.5939982
96599,Train/mean_reward,363.84661865234375,1780398007.0351765
96604,Train/mean_reward,363.6217346191406,1780398031.6828127
96609,Train/mean_reward,359.7099304199219,1780398055.6929271
96614,Train/mean_reward,363.92559814453125,1780398079.543134
96619,Train/mean_reward,357.298583984375,1780398103.6611962
96624,Train/mean_reward,363.62017822265625,1780398127.423635
96629,Train/mean_reward,360.97576904296875,1780398151.289638
96634,Train/mean_reward,362.4520263671875,1780398175.2975214
96639,Train/mean_reward,362.8760681152344,1780398199.132903
96644,Train/mean_reward,361.8367004394531,1780398223.049858
96649,Train/mean_reward,362.0137634277344,1780398247.476244
96654,Train/mean_reward,363.34326171875,1780398271.1894128
96659,Train/mean_reward,362.78802490234375,1780398295.1754467
96664,Train/mean_reward,363.50830078125,1780398319.0879858
96669,Train/mean_reward,362.2481994628906,1780398342.9226303
96674,Train/mean_reward,363.8761901855469,1780398366.8751588
96679,Train/mean_reward,363.24652099609375,1780398391.1313536
96684,Train/mean_reward,364.00323486328125,1780398415.039538
96689,Train/mean_reward,358.9605407714844,1780398438.6502025
96694,Train/mean_reward,363.3753967285156,1780398462.5198882
96699,Train/mean_reward,362.1376037597656,1780398486.3300693
96704,Train/mean_reward,363.28790283203125,1780398511.0133543
96709,Train/mean_reward,363.4627990722656,1780398533.285953
96714,Train/mean_reward,363.57635498046875,1780398554.4552891
96719,Train/mean_reward,363.70794677734375,1780398578.2601986
96724,Train/mean_reward,359.5520324707031,1780398602.6901689
96729,Train/mean_reward,363.8081970214844,1780398626.5471833
96734,Train/mean_reward,360.4998779296875,1780398647.259288
96739,Train/mean_reward,364.0550842285156,1780398668.9292326
96744,Train/mean_reward,363.1739807128906,1780398693.382897
96749,Train/mean_reward,363.5267639160156,1780398717.7067034
96754,Train/mean_reward,363.5156555175781,1780398742.0959442
96759,Train/mean_reward,362.47064208984375,1780398766.4027622
96764,Train/mean_reward,362.8793640136719,1780398790.4060493
96769,Train/mean_reward,362.11029052734375,1780398814.4123893
96774,Train/mean_reward,362.5448913574219,1780398838.5120363
96779,Train/mean_reward,362.5881652832031,1780398860.5133893
96784,Train/mean_reward,361.6496276855469,1780398885.5674572
96789,Train/mean_reward,362.7997131347656,1780398909.9568799
96794,Train/mean_reward,363.4796142578125,1780398930.7591007
96799,Train/mean_reward,362.89453125,1780398952.1136699
96804,Train/mean_reward,362.498779296875,1780398976.2460449
96809,Train/mean_reward,362.88165283203125,1780399000.336919
96814,Train/mean_reward,362.0252685546875,1780399024.3565626
96819,Train/mean_reward,363.21636962890625,1780399048.4577672
96824,Train/mean_reward,356.1312561035156,1780399072.472356
96829,Train/mean_reward,360.06500244140625,1780399096.1168523
96834,Train/mean_reward,362.32720947265625,1780399120.1066566
96839,Train/mean_reward,362.0451354980469,1780399144.0976036
96844,Train/mean_reward,362.8041076660156,1780399168.2598863
96849,Train/mean_reward,363.3843078613281,1780399192.6422822
96854,Train/mean_reward,361.42254638671875,1780399216.4700587
96859,Train/mean_reward,363.5048522949219,1780399240.5946376
96864,Train/mean_reward,362.0132751464844,1780399265.038868
96869,Train/mean_reward,361.7200927734375,1780399288.895736
96874,Train/mean_reward,364.0814208984375,1780399313.9788733
96879,Train/mean_reward,362.36431884765625,1780399334.9242988
96884,Train/mean_reward,361.2908020019531,1780399358.6561573
96889,Train/mean_reward,363.04962158203125,1780399383.8190625
96894,Train/mean_reward,363.0495910644531,1780399408.0181744
96899,Train/mean_reward,363.4810791015625,1780399432.1438375
96904,Train/mean_reward,360.60736083984375,1780399456.871087
96909,Train/mean_reward,362.5416259765625,1780399480.7501209
96914,Train/mean_reward,362.51776123046875,1780399505.4560611
96919,Train/mean_reward,363.7372741699219,1780399530.143439
96924,Train/mean_reward,363.4893798828125,1780399554.3804138
96929,Train/mean_reward,363.8056640625,1780399578.7193005
96934,Train/mean_reward,363.8109130859375,1780399602.9467206
96939,Train/mean_reward,363.8351135253906,1780399626.8724885
96944,Train/mean_reward,363.236328125,1780399650.892432
96949,Train/mean_reward,363.36004638671875,1780399674.9970477
96954,Train/mean_reward,362.8101806640625,1780399698.7579997
96959,Train/mean_reward,364.2524108886719,1780399722.9562936
96964,Train/mean_reward,360.85406494140625,1780399747.145043
96969,Train/mean_reward,363.3064270019531,1780399771.2531781
96974,Train/mean_reward,359.1766357421875,1780399795.616925
96979,Train/mean_reward,363.4355773925781,1780399819.496719
96984,Train/mean_reward,362.14862060546875,1780399843.792662
96989,Train/mean_reward,362.3866271972656,1780399868.2660093
96994,Train/mean_reward,364.00152587890625,1780399892.7744076
96999,Train/mean_reward,362.2567138671875,1780399917.0306137
97004,Train/mean_reward,362.7583923339844,1780399941.3708055
97009,Train/mean_reward,361.6785583496094,1780399965.716432
97014,Train/mean_reward,363.7996826171875,1780399989.9301138
97019,Train/mean_reward,363.21966552734375,1780400013.8578866
97024,Train/mean_reward,361.45416259765625,1780400034.4973497
97029,Train/mean_reward,363.9915466308594,1780400058.9606218
97034,Train/mean_reward,363.50189208984375,1780400082.7491825
97039,Train/mean_reward,360.3971252441406,1780400106.7426286
97044,Train/mean_reward,363.5040588378906,1780400131.0927856
97049,Train/mean_reward,362.90350341796875,1780400155.2087743
97054,Train/mean_reward,361.5209045410156,1780400179.3603852
97059,Train/mean_reward,364.2025146484375,1780400203.3468635
97064,Train/mean_reward,362.7900085449219,1780400227.0660713
97069,Train/mean_reward,360.57830810546875,1780400251.408929
97074,Train/mean_reward,362.2705078125,1780400272.9891832
97079,Train/mean_reward,359.4469909667969,1780400296.69033
97084,Train/mean_reward,359.074462890625,1780400320.7759652
97089,Train/mean_reward,363.88995361328125,1780400344.492133
97094,Train/mean_reward,363.46795654296875,1780400368.670434
97099,Train/mean_reward,362.96142578125,1780400392.9194603
97104,Train/mean_reward,362.94140625,1780400417.3289218
97109,Train/mean_reward,360.41912841796875,1780400441.8840425
97114,Train/mean_reward,363.44818115234375,1780400466.4161348
97119,Train/mean_reward,363.12237548828125,1780400490.5991764
97124,Train/mean_reward,363.4972229003906,1780400514.717351
97129,Train/mean_reward,360.672119140625,1780400539.0457125
97134,Train/mean_reward,363.619140625,1780400563.232047
97139,Train/mean_reward,363.8288879394531,1780400587.7301238
97144,Train/mean_reward,362.2708740234375,1780400611.8980317
97149,Train/mean_reward,363.12286376953125,1780400636.0900488
97154,Train/mean_reward,360.7046203613281,1780400660.3599463
97159,Train/mean_reward,362.97955322265625,1780400685.0063667
97164,Train/mean_reward,363.57867431640625,1780400709.402321
97169,Train/mean_reward,361.8310852050781,1780400733.688011
97174,Train/mean_reward,363.5538330078125,1780400758.457035
97179,Train/mean_reward,363.0753479003906,1780400783.4022288
97184,Train/mean_reward,362.9588623046875,1780400807.6804094
97189,Train/mean_reward,363.70147705078125,1780400831.9065878
97194,Train/mean_reward,363.5414733886719,1780400856.2363024
97199,Train/mean_reward,363.8558654785156,1780400880.3556387
97204,Train/mean_reward,362.2677307128906,1780400904.441919
97209,Train/mean_reward,360.49041748046875,1780400928.6375482
97214,Train/mean_reward,363.41680908203125,1780400952.5545733
97219,Train/mean_reward,362.9993591308594,1780400976.6403003
97224,Train/mean_reward,362.86407470703125,1780401000.9786193
97229,Train/mean_reward,359.36077880859375,1780401025.193738
97234,Train/mean_reward,362.508544921875,1780401049.401391
97239,Train/mean_reward,363.95819091796875,1780401073.5782
97244,Train/mean_reward,362.96893310546875,1780401097.5586135
97249,Train/mean_reward,363.3726501464844,1780401122.0846305
97254,Train/mean_reward,362.4932556152344,1780401144.090446
97259,Train/mean_reward,361.75885009765625,1780401166.2047298
97264,Train/mean_reward,358.5628967285156,1780401191.4527054
97269,Train/mean_reward,358.8130798339844,1780401215.8869042
97274,Train/mean_reward,363.1192932128906,1780401240.0004377
97279,Train/mean_reward,363.3831787109375,1780401261.845089
97284,Train/mean_reward,362.9985046386719,1780401285.5845044
97289,Train/mean_reward,360.9657287597656,1780401308.862607
97294,Train/mean_reward,363.3269348144531,1780401329.5792637
97299,Train/mean_reward,362.69512939453125,1780401349.6720543
97304,Train/mean_reward,363.6072082519531,1780401370.8974283
97309,Train/mean_reward,359.85235595703125,1780401393.8437989
97314,Train/mean_reward,362.19940185546875,1780401414.106181
97319,Train/mean_reward,363.7725524902344,1780401434.3487911
97324,Train/mean_reward,363.0082092285156,1780401454.3170266
97329,Train/mean_reward,363.2212829589844,1780401474.3376672
97334,Train/mean_reward,364.0510559082031,1780401494.0456104
97339,Train/mean_reward,364.5476989746094,1780401513.973098
97344,Train/mean_reward,363.4830627441406,1780401533.8510833
97349,Train/mean_reward,363.4830322265625,1780401554.0395362
97354,Train/mean_reward,364.306884765625,1780401575.573358
97359,Train/mean_reward,363.5283508300781,1780401599.6751535
97364,Train/mean_reward,363.3793640136719,1780401623.6432464
97369,Train/mean_reward,363.4247741699219,1780401647.099433
97374,Train/mean_reward,361.23822021484375,1780401671.329616
97379,Train/mean_reward,363.467041015625,1780401693.8456595
97384,Train/mean_reward,363.3465576171875,1780401713.7892067
97389,Train/mean_reward,361.7174377441406,1780401736.0181575
97394,Train/mean_reward,358.8843078613281,1780401759.721512
97399,Train/mean_reward,363.8938903808594,1780401782.3188891
97404,Train/mean_reward,362.659423828125,1780401806.7831173
97409,Train/mean_reward,363.0816345214844,1780401827.6331077
97414,Train/mean_reward,363.6697998046875,1780401848.4656448
97419,Train/mean_reward,363.98895263671875,1780401868.5534413
97424,Train/mean_reward,362.0915222167969,1780401889.006548
97429,Train/mean_reward,364.1670837402344,1780401909.0020838
97434,Train/mean_reward,363.54296875,1780401932.2493572
97439,Train/mean_reward,360.87042236328125,1780401956.2300332
97444,Train/mean_reward,360.33282470703125,1780401979.8336394
97449,Train/mean_reward,363.1817626953125,1780402003.7000666
97454,Train/mean_reward,363.5387878417969,1780402027.850447
97459,Train/mean_reward,363.9800720214844,1780402051.6811364
97464,Train/mean_reward,363.9349060058594,1780402075.678006
97469,Train/mean_reward,363.17523193359375,1780402098.6230025
97474,Train/mean_reward,360.87786865234375,1780402119.070918
97479,Train/mean_reward,363.8525390625,1780402142.6167674
97484,Train/mean_reward,363.35235595703125,1780402166.5872135
97489,Train/mean_reward,360.45672607421875,1780402191.0690706
97494,Train/mean_reward,363.70849609375,1780402215.2229416
97499,Train/mean_reward,363.91845703125,1780402239.1380832
97504,Train/mean_reward,363.6348571777344,1780402263.3156414
97509,Train/mean_reward,364.5356750488281,1780402287.1272337
97514,Train/mean_reward,361.1650085449219,1780402311.2408946
97519,Train/mean_reward,362.16998291015625,1780402335.3153808
97524,Train/mean_reward,360.5179748535156,1780402358.9168508
97529,Train/mean_reward,362.4579162597656,1780402383.0775495
97534,Train/mean_reward,361.8206787109375,1780402407.0069325
97539,Train/mean_reward,361.7403564453125,1780402430.642517
97544,Train/mean_reward,364.05560302734375,1780402454.8097656
97549,Train/mean_reward,360.5360107421875,1780402479.2028499
97554,Train/mean_reward,363.55413818359375,1780402503.2246087
97559,Train/mean_reward,363.24005126953125,1780402527.480121
97564,Train/mean_reward,360.87628173828125,1780402551.496627
97569,Train/mean_reward,359.13519287109375,1780402575.244413
97574,Train/mean_reward,364.38720703125,1780402599.4116945
97579,Train/mean_reward,362.01055908203125,1780402623.325912
97584,Train/mean_reward,363.4248352050781,1780402647.6118183
97589,Train/mean_reward,363.9150695800781,1780402671.8472757
97594,Train/mean_reward,363.339111328125,1780402696.068989
97598,Train/mean_reward,363.76300048828125,1780402715.7841096
92599,Train/mean_episode_length,21.610000610351562,1780379380.6853642
92604,Train/mean_episode_length,124.9800033569336,1780379401.1488953
92609,Train/mean_episode_length,94.48999786376953,1780379425.7721038
92614,Train/mean_episode_length,83.04000091552734,1780379449.3139768
92619,Train/mean_episode_length,91.44999694824219,1780379471.721083
92624,Train/mean_episode_length,95.01000213623047,1780379493.9490047
92629,Train/mean_episode_length,86.20999908447266,1780379516.6672091
92634,Train/mean_episode_length,95.37999725341797,1780379542.3878095
92639,Train/mean_episode_length,108.0,1780379568.1249108
92644,Train/mean_episode_length,111.26000213623047,1780379593.7752616
92649,Train/mean_episode_length,105.31999969482422,1780379618.8607976
92654,Train/mean_episode_length,141.4600067138672,1780379644.0148141
92659,Train/mean_episode_length,115.5999984741211,1780379669.6621473
92664,Train/mean_episode_length,118.91999816894531,1780379695.3745036
92669,Train/mean_episode_length,110.62000274658203,1780379720.574661
92674,Train/mean_episode_length,121.69999694824219,1780379745.5462704
92679,Train/mean_episode_length,117.8499984741211,1780379767.9908276
92684,Train/mean_episode_length,118.69999694824219,1780379789.490891
92689,Train/mean_episode_length,125.5999984741211,1780379814.4524992
92694,Train/mean_episode_length,125.01000213623047,1780379837.4349968
92699,Train/mean_episode_length,122.94000244140625,1780379860.9489946
92704,Train/mean_episode_length,128.7899932861328,1780379884.940521
92709,Train/mean_episode_length,135.13999938964844,1780379910.7290025
92714,Train/mean_episode_length,137.75999450683594,1780379934.4299095
92719,Train/mean_episode_length,139.4199981689453,1780379956.357922
92724,Train/mean_episode_length,144.88999938964844,1780379978.162438
92729,Train/mean_episode_length,153.6999969482422,1780379999.5736527
92734,Train/mean_episode_length,159.44000244140625,1780380024.881585
92739,Train/mean_episode_length,178.9499969482422,1780380049.9854598
92744,Train/mean_episode_length,206.6699981689453,1780380074.4875424
92749,Train/mean_episode_length,242.8800048828125,1780380099.0132673
92754,Train/mean_episode_length,274.4599914550781,1780380123.0247185
92759,Train/mean_episode_length,315.5400085449219,1780380143.8389983
92764,Train/mean_episode_length,378.4800109863281,1780380164.3358805
92769,Train/mean_episode_length,602.1900024414062,1780380185.0271068
92774,Train/mean_episode_length,782.1799926757812,1780380205.8915577
92779,Train/mean_episode_length,870.72998046875,1780380233.684935
92784,Train/mean_episode_length,987.5399780273438,1780380260.1242576
92789,Train/mean_episode_length,996.2899780273438,1780380284.653837
92794,Train/mean_episode_length,997.8699951171875,1780380308.9633815
92799,Train/mean_episode_length,1000.0,1780380333.3120437
92804,Train/mean_episode_length,1000.0,1780380357.289457
92809,Train/mean_episode_length,1000.0,1780380381.6440794
92814,Train/mean_episode_length,997.27001953125,1780380405.965932
92819,Train/mean_episode_length,1000.0,1780380430.1165564
92824,Train/mean_episode_length,1000.0,1780380454.7742112
92829,Train/mean_episode_length,1000.0,1780380479.4200726
92834,Train/mean_episode_length,993.97998046875,1780380503.3349109
92839,Train/mean_episode_length,992.9500122070312,1780380527.6200502
92844,Train/mean_episode_length,991.6500244140625,1780380551.9474325
92849,Train/mean_episode_length,989.6300048828125,1780380576.2349043
92854,Train/mean_episode_length,984.77001953125,1780380600.9135914
92859,Train/mean_episode_length,996.0999755859375,1780380625.3777883
92864,Train/mean_episode_length,993.0599975585938,1780380649.810484
92869,Train/mean_episode_length,1000.0,1780380674.5336647
92874,Train/mean_episode_length,997.9199829101562,1780380699.5011828
92879,Train/mean_episode_length,1000.0,1780380723.6274
92884,Train/mean_episode_length,995.9600219726562,1780380748.4238935
92889,Train/mean_episode_length,984.02001953125,1780380773.3490365
92894,Train/mean_episode_length,996.0399780273438,1780380797.9460769
92899,Train/mean_episode_length,992.1900024414062,1780380822.4307072
92904,Train/mean_episode_length,1000.0,1780380847.0475302
92909,Train/mean_episode_length,1000.0,1780380871.124456
92914,Train/mean_episode_length,995.7000122070312,1780380895.6026661
92919,Train/mean_episode_length,996.239990234375,1780380920.3422859
92924,Train/mean_episode_length,994.8599853515625,1780380944.4602747
92929,Train/mean_episode_length,1000.0,1780380969.3972611
92934,Train/mean_episode_length,1000.0,1780380993.8572145
92939,Train/mean_episode_length,1000.0,1780381017.8736389
92944,Train/mean_episode_length,1000.0,1780381042.2474124
92949,Train/mean_episode_length,1000.0,1780381066.710611
92954,Train/mean_episode_length,1000.0,1780381090.6407685
92959,Train/mean_episode_length,998.3099975585938,1780381115.0904334
92964,Train/mean_episode_length,1000.0,1780381137.594348
92969,Train/mean_episode_length,1000.0,1780381161.772032
92974,Train/mean_episode_length,1000.0,1780381185.2997
92979,Train/mean_episode_length,1000.0,1780381206.0731976
92984,Train/mean_episode_length,1000.0,1780381226.895604
92989,Train/mean_episode_length,1000.0,1780381247.5745647
92994,Train/mean_episode_length,1000.0,1780381267.7740068
92999,Train/mean_episode_length,1000.0,1780381288.5536103
93004,Train/mean_episode_length,1000.0,1780381308.8419883
93009,Train/mean_episode_length,1000.0,1780381329.4108465
93014,Train/mean_episode_length,994.1300048828125,1780381349.4981213
93019,Train/mean_episode_length,993.4099731445312,1780381371.0032861
93024,Train/mean_episode_length,1000.0,1780381391.9392624
93029,Train/mean_episode_length,1000.0,1780381412.5141084
93034,Train/mean_episode_length,1000.0,1780381433.166564
93039,Train/mean_episode_length,1000.0,1780381453.7758763
93044,Train/mean_episode_length,1000.0,1780381474.9916358
93049,Train/mean_episode_length,1000.0,1780381496.8119116
93054,Train/mean_episode_length,991.969970703125,1780381521.5214696
93059,Train/mean_episode_length,1000.0,1780381545.9031804
93064,Train/mean_episode_length,1000.0,1780381570.1078753
93069,Train/mean_episode_length,1000.0,1780381594.6068377
93074,Train/mean_episode_length,1000.0,1780381619.6756535
93079,Train/mean_episode_length,1000.0,1780381645.225712
93084,Train/mean_episode_length,1000.0,1780381669.5580935
93089,Train/mean_episode_length,1000.0,1780381691.8966327
93094,Train/mean_episode_length,1000.0,1780381712.5117905
93099,Train/mean_episode_length,1000.0,1780381733.0952969
93104,Train/mean_episode_length,1000.0,1780381753.5922318
93109,Train/mean_episode_length,1000.0,1780381775.0740108
93114,Train/mean_episode_length,1000.0,1780381798.8088133
93119,Train/mean_episode_length,1000.0,1780381823.4031463
93124,Train/mean_episode_length,1000.0,1780381847.6774926
93129,Train/mean_episode_length,1000.0,1780381868.737487
93134,Train/mean_episode_length,1000.0,1780381889.3350058
93139,Train/mean_episode_length,1000.0,1780381910.0130615
93144,Train/mean_episode_length,1000.0,1780381930.1789188
93149,Train/mean_episode_length,1000.0,1780381950.537577
93154,Train/mean_episode_length,1000.0,1780381970.7280984
93159,Train/mean_episode_length,1000.0,1780381991.2647605
93164,Train/mean_episode_length,1000.0,1780382012.1227198
93169,Train/mean_episode_length,1000.0,1780382032.8799114
93174,Train/mean_episode_length,1000.0,1780382053.397546
93179,Train/mean_episode_length,1000.0,1780382077.4216115
93184,Train/mean_episode_length,1000.0,1780382101.7848783
93189,Train/mean_episode_length,1000.0,1780382125.9265506
93194,Train/mean_episode_length,1000.0,1780382150.2479036
93199,Train/mean_episode_length,996.1599731445312,1780382175.0910933
93204,Train/mean_episode_length,1000.0,1780382200.6392524
93209,Train/mean_episode_length,1000.0,1780382225.1691883
93214,Train/mean_episode_length,1000.0,1780382246.8694127
93219,Train/mean_episode_length,1000.0,1780382267.9967792
93224,Train/mean_episode_length,996.0599975585938,1780382290.6869397
93229,Train/mean_episode_length,1000.0,1780382315.3490713
93234,Train/mean_episode_length,1000.0,1780382336.505156
93239,Train/mean_episode_length,1000.0,1780382361.4051542
93244,Train/mean_episode_length,1000.0,1780382384.2145138
93249,Train/mean_episode_length,1000.0,1780382409.4359155
93254,Train/mean_episode_length,1000.0,1780382434.4968054
93259,Train/mean_episode_length,1000.0,1780382458.1420493
93264,Train/mean_episode_length,996.6599731445312,1780382479.8592646
93269,Train/mean_episode_length,1000.0,1780382501.0473964
93274,Train/mean_episode_length,1000.0,1780382521.7889764
93279,Train/mean_episode_length,1000.0,1780382542.9336677
93284,Train/mean_episode_length,1000.0,1780382566.6055696
93289,Train/mean_episode_length,1000.0,1780382591.0023568
93294,Train/mean_episode_length,1000.0,1780382613.193294
93299,Train/mean_episode_length,1000.0,1780382633.7313004
93304,Train/mean_episode_length,1000.0,1780382654.8036742
93309,Train/mean_episode_length,1000.0,1780382675.8971689
93314,Train/mean_episode_length,1000.0,1780382697.2963614
93319,Train/mean_episode_length,1000.0,1780382718.2654634
93324,Train/mean_episode_length,1000.0,1780382739.5321476
93329,Train/mean_episode_length,1000.0,1780382760.853437
93334,Train/mean_episode_length,1000.0,1780382786.0678506
93339,Train/mean_episode_length,1000.0,1780382811.516549
93344,Train/mean_episode_length,1000.0,1780382836.9124317
93349,Train/mean_episode_length,1000.0,1780382861.7789903
93354,Train/mean_episode_length,1000.0,1780382887.2130075
93359,Train/mean_episode_length,1000.0,1780382908.7529027
93364,Train/mean_episode_length,1000.0,1780382931.5585105
93369,Train/mean_episode_length,1000.0,1780382956.4800348
93374,Train/mean_episode_length,1000.0,1780382981.1559043
93379,Train/mean_episode_length,1000.0,1780383006.0772548
93384,Train/mean_episode_length,1000.0,1780383031.239093
93389,Train/mean_episode_length,1000.0,1780383056.2684658
93394,Train/mean_episode_length,1000.0,1780383080.7130623
93399,Train/mean_episode_length,996.6300048828125,1780383102.0202184
93404,Train/mean_episode_length,1000.0,1780383123.0433974
93409,Train/mean_episode_length,1000.0,1780383144.1391609
93414,Train/mean_episode_length,1000.0,1780383165.2060142
93419,Train/mean_episode_length,1000.0,1780383185.9863784
93424,Train/mean_episode_length,1000.0,1780383211.6764073
93429,Train/mean_episode_length,1000.0,1780383237.0736992
93434,Train/mean_episode_length,996.530029296875,1780383262.389458
93439,Train/mean_episode_length,1000.0,1780383287.61738
93444,Train/mean_episode_length,996.7000122070312,1780383313.0949502
93449,Train/mean_episode_length,1000.0,1780383337.967367
93454,Train/mean_episode_length,1000.0,1780383362.7877743
93459,Train/mean_episode_length,1000.0,1780383386.791231
93464,Train/mean_episode_length,1000.0,1780383408.3059075
93469,Train/mean_episode_length,1000.0,1780383429.9149485
93474,Train/mean_episode_length,980.0900268554688,1780383453.2604673
93479,Train/mean_episode_length,996.1699829101562,1780383478.364431
93484,Train/mean_episode_length,989.1400146484375,1780383503.171129
93489,Train/mean_episode_length,996.3499755859375,1780383527.300072
93494,Train/mean_episode_length,1000.0,1780383548.7188146
93499,Train/mean_episode_length,1000.0,1780383569.3748386
93504,Train/mean_episode_length,991.8300170898438,1780383590.7785804
93509,Train/mean_episode_length,989.9099731445312,1780383611.925392
93514,Train/mean_episode_length,978.0,1780383632.6388152
93519,Train/mean_episode_length,987.219970703125,1780383657.5477898
93524,Train/mean_episode_length,973.3599853515625,1780383682.9512162
93529,Train/mean_episode_length,990.3699951171875,1780383707.9574564
93534,Train/mean_episode_length,993.0499877929688,1780383733.1135309
93539,Train/mean_episode_length,992.27001953125,1780383758.3600724
93544,Train/mean_episode_length,1000.0,1780383783.094635
93549,Train/mean_episode_length,990.6300048828125,1780383807.6848874
93554,Train/mean_episode_length,984.3300170898438,1780383828.9042847
93559,Train/mean_episode_length,995.1699829101562,1780383852.2941847
93564,Train/mean_episode_length,988.6799926757812,1780383874.4126706
93569,Train/mean_episode_length,980.6599731445312,1780383895.8633478
93574,Train/mean_episode_length,988.1400146484375,1780383919.2391768
93579,Train/mean_episode_length,987.3300170898438,1780383941.2003098
93584,Train/mean_episode_length,986.8800048828125,1780383965.6978009
93589,Train/mean_episode_length,989.0900268554688,1780383990.3701227
93594,Train/mean_episode_length,958.8200073242188,1780384014.8908453
93599,Train/mean_episode_length,979.25,1780384037.9898937
93604,Train/mean_episode_length,994.9199829101562,1780384059.2846034
93609,Train/mean_episode_length,979.1099853515625,1780384080.31444
93614,Train/mean_episode_length,991.5499877929688,1780384101.1247237
93619,Train/mean_episode_length,1000.0,1780384121.7121582
93624,Train/mean_episode_length,1000.0,1780384141.7401717
93629,Train/mean_episode_length,989.22998046875,1780384164.1822023
93634,Train/mean_episode_length,1000.0,1780384188.0946772
93639,Train/mean_episode_length,990.5599975585938,1780384212.009967
93644,Train/mean_episode_length,1000.0,1780384234.112067
93649,Train/mean_episode_length,998.8499755859375,1780384253.9107544
93654,Train/mean_episode_length,980.9299926757812,1780384274.437533
93659,Train/mean_episode_length,1000.0,1780384294.628163
93664,Train/mean_episode_length,993.1599731445312,1780384314.773632
93669,Train/mean_episode_length,1000.0,1780384334.533115
93674,Train/mean_episode_length,1000.0,1780384354.4009144
93679,Train/mean_episode_length,1000.0,1780384374.4796655
93684,Train/mean_episode_length,1000.0,1780384394.120551
93689,Train/mean_episode_length,1000.0,1780384413.880258
93694,Train/mean_episode_length,996.5599975585938,1780384432.8303726
93699,Train/mean_episode_length,1000.0,1780384452.219747
93704,Train/mean_episode_length,1000.0,1780384471.8531861
93709,Train/mean_episode_length,1000.0,1780384492.8621306
93714,Train/mean_episode_length,993.2899780273438,1780384517.0934188
93719,Train/mean_episode_length,1000.0,1780384537.890878
93724,Train/mean_episode_length,992.5499877929688,1780384558.169999
93729,Train/mean_episode_length,1000.0,1780384577.7116187
93734,Train/mean_episode_length,1000.0,1780384597.586749
93739,Train/mean_episode_length,1000.0,1780384617.5000234
93744,Train/mean_episode_length,1000.0,1780384637.5031068
93749,Train/mean_episode_length,1000.0,1780384657.6495206
93754,Train/mean_episode_length,971.02001953125,1780384678.1864338
93759,Train/mean_episode_length,976.010009765625,1780384698.4843903
93764,Train/mean_episode_length,986.510009765625,1780384718.7085805
93769,Train/mean_episode_length,980.4400024414062,1780384742.3594294
93774,Train/mean_episode_length,979.2100219726562,1780384765.8530564
93779,Train/mean_episode_length,984.5599975585938,1780384790.6005712
93784,Train/mean_episode_length,997.4400024414062,1780384814.9762974
93789,Train/mean_episode_length,984.2999877929688,1780384839.2656481
93794,Train/mean_episode_length,982.9000244140625,1780384863.423851
93799,Train/mean_episode_length,985.2100219726562,1780384887.6812785
93804,Train/mean_episode_length,987.7100219726562,1780384911.6644833
93809,Train/mean_episode_length,980.0599975585938,1780384936.5831788
93814,Train/mean_episode_length,991.9500122070312,1780384958.1637383
93819,Train/mean_episode_length,987.5599975585938,1780384978.7001371
93824,Train/mean_episode_length,969.8599853515625,1780385000.2218125
93829,Train/mean_episode_length,985.719970703125,1780385021.1039264
93834,Train/mean_episode_length,985.219970703125,1780385041.6652572
93839,Train/mean_episode_length,997.8900146484375,1780385063.1707969
93844,Train/mean_episode_length,1000.0,1780385087.6217167
93849,Train/mean_episode_length,985.8400268554688,1780385112.901043
93854,Train/mean_episode_length,974.6900024414062,1780385137.7627258
93859,Train/mean_episode_length,982.9099731445312,1780385161.9091313
93864,Train/mean_episode_length,991.8300170898438,1780385186.256937
93869,Train/mean_episode_length,999.5900268554688,1780385210.5195806
93874,Train/mean_episode_length,991.0399780273438,1780385234.5258632
93879,Train/mean_episode_length,999.4199829101562,1780385257.276425
93884,Train/mean_episode_length,982.6599731445312,1780385277.9399655
93889,Train/mean_episode_length,983.3800048828125,1780385298.4925466
93894,Train/mean_episode_length,1000.0,1780385319.029799
93899,Train/mean_episode_length,986.9600219726562,1780385339.428209
93904,Train/mean_episode_length,1000.0,1780385362.985226
93909,Train/mean_episode_length,995.9400024414062,1780385387.4975116
93914,Train/mean_episode_length,991.739990234375,1780385411.5308156
93919,Train/mean_episode_length,992.3800048828125,1780385434.2404625
93924,Train/mean_episode_length,978.489990234375,1780385457.4739912
93929,Train/mean_episode_length,984.0700073242188,1780385481.5137594
93934,Train/mean_episode_length,992.2100219726562,1780385505.839603
93939,Train/mean_episode_length,979.4199829101562,1780385530.0175498
93944,Train/mean_episode_length,1000.0,1780385554.7147315
93949,Train/mean_episode_length,1000.0,1780385579.3381402
93954,Train/mean_episode_length,976.3200073242188,1780385603.6069102
93959,Train/mean_episode_length,997.7100219726562,1780385627.7819562
93964,Train/mean_episode_length,986.77001953125,1780385652.0308757
93969,Train/mean_episode_length,1000.0,1780385675.1386166
93974,Train/mean_episode_length,994.6400146484375,1780385699.5459738
93979,Train/mean_episode_length,994.3400268554688,1780385724.1584647
93984,Train/mean_episode_length,981.4600219726562,1780385748.8478026
93989,Train/mean_episode_length,994.9099731445312,1780385772.9128928
93994,Train/mean_episode_length,1000.0,1780385797.102771
93999,Train/mean_episode_length,991.8800048828125,1780385820.879819
94004,Train/mean_episode_length,1000.0,1780385845.0154374
94009,Train/mean_episode_length,987.2899780273438,1780385869.0361907
94014,Train/mean_episode_length,992.3400268554688,1780385893.2248228
94019,Train/mean_episode_length,1000.0,1780385917.3555927
94024,Train/mean_episode_length,990.989990234375,1780385941.5946405
94029,Train/mean_episode_length,977.530029296875,1780385966.0941122
94034,Train/mean_episode_length,996.3099975585938,1780385989.2996259
94039,Train/mean_episode_length,983.4099731445312,1780386011.4414148
94044,Train/mean_episode_length,992.25,1780386031.6312864
94049,Train/mean_episode_length,993.0900268554688,1780386051.7622097
94054,Train/mean_episode_length,1000.0,1780386072.2436163
94059,Train/mean_episode_length,987.9500122070312,1780386092.0513818
94064,Train/mean_episode_length,991.2999877929688,1780386112.0972564
94069,Train/mean_episode_length,996.6099853515625,1780386132.1800663
94074,Train/mean_episode_length,1000.0,1780386155.4208207
94079,Train/mean_episode_length,997.239990234375,1780386180.0737844
94084,Train/mean_episode_length,991.75,1780386204.3966837
94089,Train/mean_episode_length,1000.0,1780386228.4725718
94094,Train/mean_episode_length,989.5700073242188,1780386251.4659162
94099,Train/mean_episode_length,984.4500122070312,1780386272.114349
94104,Train/mean_episode_length,1000.0,1780386292.8708081
94109,Train/mean_episode_length,991.489990234375,1780386313.4889007
94114,Train/mean_episode_length,986.5700073242188,1780386336.4772825
94119,Train/mean_episode_length,1000.0,1780386360.5886166
94124,Train/mean_episode_length,997.0399780273438,1780386385.294702
94129,Train/mean_episode_length,991.469970703125,1780386409.411163
94134,Train/mean_episode_length,1000.0,1780386433.4005783
94139,Train/mean_episode_length,988.52001953125,1780386457.5588052
94144,Train/mean_episode_length,999.719970703125,1780386482.273474
94149,Train/mean_episode_length,983.27001953125,1780386506.644509
94154,Train/mean_episode_length,994.72998046875,1780386531.285803
94159,Train/mean_episode_length,995.4000244140625,1780386555.3845286
94164,Train/mean_episode_length,987.9400024414062,1780386579.666051
94169,Train/mean_episode_length,991.9099731445312,1780386604.136161
94174,Train/mean_episode_length,991.8699951171875,1780386628.7108793
94179,Train/mean_episode_length,1000.0,1780386652.5898192
94184,Train/mean_episode_length,979.8099975585938,1780386677.0040824
94189,Train/mean_episode_length,978.9500122070312,1780386701.4969816
94194,Train/mean_episode_length,991.3599853515625,1780386725.552133
94199,Train/mean_episode_length,1000.0,1780386749.8870752
94204,Train/mean_episode_length,992.1699829101562,1780386774.225954
94209,Train/mean_episode_length,991.4199829101562,1780386798.303025
94214,Train/mean_episode_length,983.6300048828125,1780386823.1628647
94219,Train/mean_episode_length,983.4199829101562,1780386847.4256496
94224,Train/mean_episode_length,1000.0,1780386872.1082203
94229,Train/mean_episode_length,996.4199829101562,1780386896.22744
94234,Train/mean_episode_length,1000.0,1780386920.4337375
94239,Train/mean_episode_length,1000.0,1780386944.7513976
94244,Train/mean_episode_length,997.9199829101562,1780386969.01349
94249,Train/mean_episode_length,992.97998046875,1780386993.4056537
94254,Train/mean_episode_length,998.47998046875,1780387017.8710704
94259,Train/mean_episode_length,1000.0,1780387041.6150491
94264,Train/mean_episode_length,988.4400024414062,1780387065.7490513
94269,Train/mean_episode_length,1000.0,1780387089.9868522
94274,Train/mean_episode_length,996.52001953125,1780387113.6899815
94279,Train/mean_episode_length,984.8800048828125,1780387137.6424894
94284,Train/mean_episode_length,1000.0,1780387162.58147
94289,Train/mean_episode_length,1000.0,1780387186.5634632
94294,Train/mean_episode_length,991.6099853515625,1780387210.5977967
94299,Train/mean_episode_length,989.510009765625,1780387234.9917183
94304,Train/mean_episode_length,992.780029296875,1780387259.0431535
94309,Train/mean_episode_length,996.760009765625,1780387282.4166949
94314,Train/mean_episode_length,987.3099975585938,1780387306.2382987
94319,Train/mean_episode_length,985.6599731445312,1780387330.3742533
94324,Train/mean_episode_length,996.8699951171875,1780387353.7769377
94329,Train/mean_episode_length,1000.0,1780387377.3647802
94334,Train/mean_episode_length,980.469970703125,1780387400.8103108
94339,Train/mean_episode_length,987.4099731445312,1780387424.6138225
94344,Train/mean_episode_length,996.3900146484375,1780387448.1145346
94349,Train/mean_episode_length,999.2899780273438,1780387472.1116502
94354,Train/mean_episode_length,1000.0,1780387495.5519407
94359,Train/mean_episode_length,980.0800170898438,1780387519.1392503
94364,Train/mean_episode_length,995.719970703125,1780387542.8396997
94369,Train/mean_episode_length,987.9000244140625,1780387566.4061728
94374,Train/mean_episode_length,992.8800048828125,1780387590.272585
94379,Train/mean_episode_length,999.52001953125,1780387613.884273
94384,Train/mean_episode_length,983.8099975585938,1780387637.4626608
94389,Train/mean_episode_length,996.47998046875,1780387660.9505012
94394,Train/mean_episode_length,997.989990234375,1780387684.7069056
94399,Train/mean_episode_length,997.8699951171875,1780387708.4830317
94404,Train/mean_episode_length,998.260009765625,1780387731.8628893
94409,Train/mean_episode_length,996.2999877929688,1780387755.3078506
94414,Train/mean_episode_length,1000.0,1780387778.8324192
94419,Train/mean_episode_length,989.5999755859375,1780387802.719678
94424,Train/mean_episode_length,1000.0,1780387826.5140085
94429,Train/mean_episode_length,1000.0,1780387850.0894904
94434,Train/mean_episode_length,996.739990234375,1780387873.2339597
94439,Train/mean_episode_length,998.3900146484375,1780387895.3279908
94444,Train/mean_episode_length,996.780029296875,1780387916.258814
94449,Train/mean_episode_length,991.2899780273438,1780387937.3121715
94454,Train/mean_episode_length,1000.0,1780387957.703118
94459,Train/mean_episode_length,951.6900024414062,1780387977.922002
94464,Train/mean_episode_length,1000.0,1780387997.7955444
94469,Train/mean_episode_length,992.1300048828125,1780388017.9096646
94474,Train/mean_episode_length,987.010009765625,1780388037.0760329
94479,Train/mean_episode_length,995.8699951171875,1780388056.4844515
94484,Train/mean_episode_length,1000.0,1780388076.674893
94489,Train/mean_episode_length,993.5900268554688,1780388096.4951036
94494,Train/mean_episode_length,1000.0,1780388116.7864134
94499,Train/mean_episode_length,977.780029296875,1780388139.2607982
94504,Train/mean_episode_length,1000.0,1780388163.1934278
94509,Train/mean_episode_length,997.7100219726562,1780388187.0096335
94514,Train/mean_episode_length,994.6799926757812,1780388210.6952329
94519,Train/mean_episode_length,1000.0,1780388234.18482
94524,Train/mean_episode_length,1000.0,1780388257.7074971
94529,Train/mean_episode_length,1000.0,1780388278.0853598
94534,Train/mean_episode_length,1000.0,1780388297.9855587
94539,Train/mean_episode_length,1000.0,1780388318.7199538
94544,Train/mean_episode_length,988.1699829101562,1780388342.1165218
94549,Train/mean_episode_length,1000.0,1780388365.70447
94554,Train/mean_episode_length,999.0900268554688,1780388389.4888127
94559,Train/mean_episode_length,998.3800048828125,1780388413.0284896
94564,Train/mean_episode_length,991.77001953125,1780388437.1246696
94569,Train/mean_episode_length,991.5800170898438,1780388461.2724109
94574,Train/mean_episode_length,1000.0,1780388485.0649989
94579,Train/mean_episode_length,992.010009765625,1780388508.8591697
94584,Train/mean_episode_length,1000.0,1780388532.591821
94589,Train/mean_episode_length,1000.0,1780388556.1883533
94594,Train/mean_episode_length,1000.0,1780388580.0270183
94599,Train/mean_episode_length,1000.0,1780388603.6832404
94604,Train/mean_episode_length,996.1500244140625,1780388627.2914765
94609,Train/mean_episode_length,986.0599975585938,1780388651.0210805
94614,Train/mean_episode_length,976.719970703125,1780388674.5762048
94619,Train/mean_episode_length,1000.0,1780388698.029895
94624,Train/mean_episode_length,1000.0,1780388721.9070823
94629,Train/mean_episode_length,981.02001953125,1780388746.162998
94634,Train/mean_episode_length,996.1300048828125,1780388769.696466
94639,Train/mean_episode_length,995.8099975585938,1780388793.3281674
94644,Train/mean_episode_length,1000.0,1780388817.334289
94649,Train/mean_episode_length,996.47998046875,1780388840.8885589
94654,Train/mean_episode_length,996.1500244140625,1780388864.6000195
94659,Train/mean_episode_length,992.1900024414062,1780388888.2882967
94664,Train/mean_episode_length,993.0700073242188,1780388911.7088685
94669,Train/mean_episode_length,1000.0,1780388935.5887864
94674,Train/mean_episode_length,1000.0,1780388959.5803044
94679,Train/mean_episode_length,1000.0,1780388983.2943885
94684,Train/mean_episode_length,995.25,1780389007.0775974
94689,Train/mean_episode_length,995.2899780273438,1780389031.131746
94694,Train/mean_episode_length,981.280029296875,1780389054.9627464
94699,Train/mean_episode_length,993.6799926757812,1780389079.2005513
94704,Train/mean_episode_length,992.3800048828125,1780389102.938433
94709,Train/mean_episode_length,1000.0,1780389127.2073233
94714,Train/mean_episode_length,968.6799926757812,1780389151.2418633
94719,Train/mean_episode_length,999.5599975585938,1780389175.5238116
94724,Train/mean_episode_length,992.4000244140625,1780389199.496872
94729,Train/mean_episode_length,991.8499755859375,1780389223.3695629
94734,Train/mean_episode_length,993.3800048828125,1780389247.4775405
94739,Train/mean_episode_length,991.7899780273438,1780389271.6563997
94744,Train/mean_episode_length,1000.0,1780389295.7298222
94749,Train/mean_episode_length,1000.0,1780389319.9741147
94754,Train/mean_episode_length,977.489990234375,1780389344.1435153
94759,Train/mean_episode_length,1000.0,1780389367.9483972
94764,Train/mean_episode_length,1000.0,1780389392.1551812
94769,Train/mean_episode_length,991.989990234375,1780389416.725774
94774,Train/mean_episode_length,984.22998046875,1780389437.6619601
94779,Train/mean_episode_length,974.5,1780389460.799503
94784,Train/mean_episode_length,994.6799926757812,1780389485.2806265
94789,Train/mean_episode_length,989.8099975585938,1780389509.6322093
94794,Train/mean_episode_length,994.5499877929688,1780389534.3583822
94799,Train/mean_episode_length,979.219970703125,1780389558.6376598
94804,Train/mean_episode_length,981.9400024414062,1780389583.520773
94809,Train/mean_episode_length,991.0900268554688,1780389607.3800282
94814,Train/mean_episode_length,988.4199829101562,1780389631.5059066
94819,Train/mean_episode_length,990.989990234375,1780389655.4948702
94824,Train/mean_episode_length,989.6900024414062,1780389679.2335746
94829,Train/mean_episode_length,1000.0,1780389703.3456492
94834,Train/mean_episode_length,1000.0,1780389727.5669653
94839,Train/mean_episode_length,999.7100219726562,1780389750.097699
94844,Train/mean_episode_length,1000.0,1780389773.7292793
94849,Train/mean_episode_length,996.9500122070312,1780389795.842201
94854,Train/mean_episode_length,979.1199951171875,1780389820.262696
94859,Train/mean_episode_length,1000.0,1780389844.8146672
94864,Train/mean_episode_length,1000.0,1780389868.8204525
94869,Train/mean_episode_length,1000.0,1780389889.6224546
94874,Train/mean_episode_length,1000.0,1780389911.5730543
94879,Train/mean_episode_length,1000.0,1780389935.8877525
94884,Train/mean_episode_length,993.9400024414062,1780389960.7188208
94889,Train/mean_episode_length,998.219970703125,1780389985.703688
94894,Train/mean_episode_length,991.6199951171875,1780390010.2815194
94899,Train/mean_episode_length,995.3099975585938,1780390033.9751701
94904,Train/mean_episode_length,1000.0,1780390056.2220287
94909,Train/mean_episode_length,991.3900146484375,1780390081.2587838
94914,Train/mean_episode_length,1000.0,1780390105.7899172
94919,Train/mean_episode_length,994.2999877929688,1780390130.1455953
94924,Train/mean_episode_length,975.1900024414062,1780390154.4627333
94929,Train/mean_episode_length,1000.0,1780390174.6254907
94934,Train/mean_episode_length,1000.0,1780390197.182876
94939,Train/mean_episode_length,988.8099975585938,1780390220.9672663
94944,Train/mean_episode_length,991.780029296875,1780390244.8342636
94949,Train/mean_episode_length,1000.0,1780390269.1672235
94954,Train/mean_episode_length,991.5700073242188,1780390293.5812557
94959,Train/mean_episode_length,1000.0,1780390314.972975
94964,Train/mean_episode_length,994.989990234375,1780390336.6200256
94969,Train/mean_episode_length,991.489990234375,1780390359.682252
94974,Train/mean_episode_length,991.6599731445312,1780390379.821012
94979,Train/mean_episode_length,997.2899780273438,1780390399.963385
94984,Train/mean_episode_length,997.22998046875,1780390420.883004
94989,Train/mean_episode_length,1000.0,1780390441.939026
94994,Train/mean_episode_length,1000.0,1780390462.9538496
94999,Train/mean_episode_length,983.6500244140625,1780390486.2793078
95004,Train/mean_episode_length,983.8099975585938,1780390510.0407047
95009,Train/mean_episode_length,964.239990234375,1780390534.1533155
95014,Train/mean_episode_length,987.3699951171875,1780390557.9751577
95019,Train/mean_episode_length,1000.0,1780390581.8125093
95024,Train/mean_episode_length,1000.0,1780390605.8243768
95029,Train/mean_episode_length,996.72998046875,1780390629.4838748
95034,Train/mean_episode_length,992.1300048828125,1780390653.3117025
95039,Train/mean_episode_length,998.0800170898438,1780390676.9264157
95044,Train/mean_episode_length,1000.0,1780390700.2172315
95049,Train/mean_episode_length,998.5,1780390723.9390821
95054,Train/mean_episode_length,993.2000122070312,1780390747.6128376
95059,Train/mean_episode_length,989.8400268554688,1780390771.1111708
95064,Train/mean_episode_length,981.2899780273438,1780390794.748692
95069,Train/mean_episode_length,986.8699951171875,1780390818.6312819
95074,Train/mean_episode_length,991.719970703125,1780390842.261051
95079,Train/mean_episode_length,991.6799926757812,1780390866.0760934
95084,Train/mean_episode_length,1000.0,1780390890.1987038
95089,Train/mean_episode_length,996.1500244140625,1780390913.9741466
95094,Train/mean_episode_length,996.1099853515625,1780390937.5286186
95099,Train/mean_episode_length,990.8900146484375,1780390961.2381
95104,Train/mean_episode_length,1000.0,1780390985.12204
95109,Train/mean_episode_length,985.8800048828125,1780391008.7090786
95114,Train/mean_episode_length,1000.0,1780391032.363634
95119,Train/mean_episode_length,993.4000244140625,1780391056.1033065
95124,Train/mean_episode_length,986.9099731445312,1780391079.5543244
95129,Train/mean_episode_length,1000.0,1780391103.2051675
95134,Train/mean_episode_length,996.7899780273438,1780391126.9912262
95139,Train/mean_episode_length,992.1400146484375,1780391150.2811272
95144,Train/mean_episode_length,991.8200073242188,1780391173.672949
95149,Train/mean_episode_length,991.5499877929688,1780391197.1966624
95154,Train/mean_episode_length,979.22998046875,1780391221.1851704
95159,Train/mean_episode_length,996.5499877929688,1780391245.7415771
95164,Train/mean_episode_length,1000.0,1780391269.6521392
95169,Train/mean_episode_length,990.8900146484375,1780391293.3562229
95174,Train/mean_episode_length,1000.0,1780391317.3159964
95179,Train/mean_episode_length,997.0,1780391341.433928
95184,Train/mean_episode_length,984.280029296875,1780391365.341423
95189,Train/mean_episode_length,1000.0,1780391389.4551218
95194,Train/mean_episode_length,999.0399780273438,1780391413.21675
95199,Train/mean_episode_length,1000.0,1780391436.7131765
95204,Train/mean_episode_length,1000.0,1780391460.5727077
95209,Train/mean_episode_length,991.4099731445312,1780391484.5662243
95214,Train/mean_episode_length,1000.0,1780391508.3174725
95219,Train/mean_episode_length,997.6799926757812,1780391531.708778
95224,Train/mean_episode_length,996.5499877929688,1780391555.515283
95229,Train/mean_episode_length,997.4299926757812,1780391579.3991704
95234,Train/mean_episode_length,990.9600219726562,1780391602.6757116
95239,Train/mean_episode_length,980.3099975585938,1780391626.3743925
95244,Train/mean_episode_length,996.7999877929688,1780391650.2687438
95249,Train/mean_episode_length,1000.0,1780391673.742515
95254,Train/mean_episode_length,1000.0,1780391697.319596
95259,Train/mean_episode_length,1000.0,1780391720.9379506
95264,Train/mean_episode_length,1000.0,1780391745.2765582
95269,Train/mean_episode_length,990.8900146484375,1780391769.1749306
95274,Train/mean_episode_length,995.6400146484375,1780391793.134912
95279,Train/mean_episode_length,999.9600219726562,1780391816.548759
95284,Train/mean_episode_length,1000.0,1780391840.6964955
95289,Train/mean_episode_length,1000.0,1780391864.7080276
95294,Train/mean_episode_length,990.0800170898438,1780391888.8218176
95299,Train/mean_episode_length,1000.0,1780391912.9248948
95304,Train/mean_episode_length,985.5,1780391936.6996531
95309,Train/mean_episode_length,993.6699829101562,1780391960.4109058
95314,Train/mean_episode_length,995.4500122070312,1780391984.184803
95319,Train/mean_episode_length,992.0,1780392008.188909
95324,Train/mean_episode_length,1000.0,1780392032.0605996
95329,Train/mean_episode_length,994.2999877929688,1780392055.6468415
95334,Train/mean_episode_length,1000.0,1780392079.954321
95339,Train/mean_episode_length,996.8800048828125,1780392104.0038283
95344,Train/mean_episode_length,996.4099731445312,1780392126.8012714
95349,Train/mean_episode_length,983.0999755859375,1780392147.054423
95354,Train/mean_episode_length,996.2899780273438,1780392166.9629946
95359,Train/mean_episode_length,996.97998046875,1780392188.7091243
95364,Train/mean_episode_length,1000.0,1780392209.280087
95369,Train/mean_episode_length,998.219970703125,1780392229.1852667
95374,Train/mean_episode_length,1000.0,1780392252.0192728
95379,Train/mean_episode_length,997.9199829101562,1780392276.0063114
95384,Train/mean_episode_length,1000.0,1780392300.0618737
95389,Train/mean_episode_length,1000.0,1780392324.3603566
95394,Train/mean_episode_length,989.8499755859375,1780392348.1025813
95399,Train/mean_episode_length,1000.0,1780392371.4325657
95404,Train/mean_episode_length,1000.0,1780392395.0319912
95409,Train/mean_episode_length,1000.0,1780392418.6860955
95414,Train/mean_episode_length,1000.0,1780392442.443145
95419,Train/mean_episode_length,1000.0,1780392466.3275516
95424,Train/mean_episode_length,998.219970703125,1780392490.5321274
95429,Train/mean_episode_length,1000.0,1780392514.0719094
95434,Train/mean_episode_length,1000.0,1780392537.6795871
95439,Train/mean_episode_length,997.6300048828125,1780392561.0321963
95444,Train/mean_episode_length,1000.0,1780392584.5018656
95449,Train/mean_episode_length,987.5499877929688,1780392608.4541264
95454,Train/mean_episode_length,1000.0,1780392632.0630894
95459,Train/mean_episode_length,1000.0,1780392655.4745803
95464,Train/mean_episode_length,1000.0,1780392679.2640917
95469,Train/mean_episode_length,995.1300048828125,1780392702.912846
95474,Train/mean_episode_length,1000.0,1780392726.328223
95479,Train/mean_episode_length,999.0900268554688,1780392749.905069
95484,Train/mean_episode_length,993.280029296875,1780392773.6261232
95489,Train/mean_episode_length,996.6400146484375,1780392797.105289
95494,Train/mean_episode_length,1000.0,1780392820.8162353
95499,Train/mean_episode_length,1000.0,1780392844.4086344
95504,Train/mean_episode_length,1000.0,1780392868.2316604
95509,Train/mean_episode_length,980.0700073242188,1780392891.7611606
95514,Train/mean_episode_length,997.47998046875,1780392915.5853446
95519,Train/mean_episode_length,995.5800170898438,1780392936.9268138
95524,Train/mean_episode_length,997.8099975585938,1780392957.7861261
95529,Train/mean_episode_length,991.75,1780392979.98432
95534,Train/mean_episode_length,995.97998046875,1780393004.0299034
95539,Train/mean_episode_length,997.4099731445312,1780393028.0220509
95544,Train/mean_episode_length,986.280029296875,1780393051.9308972
95549,Train/mean_episode_length,991.6300048828125,1780393075.5671546
95554,Train/mean_episode_length,1000.0,1780393099.7709706
95559,Train/mean_episode_length,992.780029296875,1780393123.8346174
95564,Train/mean_episode_length,1000.0,1780393147.8737004
95569,Train/mean_episode_length,996.510009765625,1780393172.0678847
95574,Train/mean_episode_length,992.1900024414062,1780393196.186103
95579,Train/mean_episode_length,994.5,1780393220.2840295
95584,Train/mean_episode_length,1000.0,1780393243.1567023
95589,Train/mean_episode_length,999.1799926757812,1780393264.8277748
95594,Train/mean_episode_length,994.3699951171875,1780393289.2619126
95599,Train/mean_episode_length,989.5399780273438,1780393313.4305787
95604,Train/mean_episode_length,1000.0,1780393335.1674995
95609,Train/mean_episode_length,991.1799926757812,1780393358.4788024
95614,Train/mean_episode_length,996.2100219726562,1780393382.7546697
95619,Train/mean_episode_length,998.8400268554688,1780393407.0073552
95624,Train/mean_episode_length,996.25,1780393431.0217946
95629,Train/mean_episode_length,998.8599853515625,1780393455.578778
95634,Train/mean_episode_length,995.9400024414062,1780393479.1039948
95639,Train/mean_episode_length,1000.0,1780393499.748229
95644,Train/mean_episode_length,1000.0,1780393520.0457819
95649,Train/mean_episode_length,996.6900024414062,1780393541.3443842
95654,Train/mean_episode_length,996.3699951171875,1780393561.7899144
95659,Train/mean_episode_length,1000.0,1780393582.8697407
95664,Train/mean_episode_length,999.3400268554688,1780393605.5680156
95669,Train/mean_episode_length,1000.0,1780393626.5904791
95674,Train/mean_episode_length,1000.0,1780393647.4716725
95679,Train/mean_episode_length,991.739990234375,1780393667.5060616
95684,Train/mean_episode_length,992.5900268554688,1780393691.001817
95689,Train/mean_episode_length,996.9299926757812,1780393715.3566382
95694,Train/mean_episode_length,1000.0,1780393739.244347
95699,Train/mean_episode_length,1000.0,1780393763.5589368
95704,Train/mean_episode_length,996.3400268554688,1780393788.0667956
95709,Train/mean_episode_length,997.5800170898438,1780393812.7082214
95714,Train/mean_episode_length,1000.0,1780393834.349465
95719,Train/mean_episode_length,1000.0,1780393857.064049
95724,Train/mean_episode_length,1000.0,1780393880.8939316
95729,Train/mean_episode_length,986.0599975585938,1780393905.285978
95734,Train/mean_episode_length,992.02001953125,1780393929.289904
95739,Train/mean_episode_length,1000.0,1780393952.9140868
95744,Train/mean_episode_length,1000.0,1780393976.5714161
95749,Train/mean_episode_length,1000.0,1780394000.619997
95754,Train/mean_episode_length,1000.0,1780394024.6264791
95759,Train/mean_episode_length,1000.0,1780394048.7240927
95764,Train/mean_episode_length,1000.0,1780394072.4814944
95769,Train/mean_episode_length,992.8699951171875,1780394095.9529536
95774,Train/mean_episode_length,997.9099731445312,1780394117.5288048
95779,Train/mean_episode_length,995.4199829101562,1780394140.7309008
95784,Train/mean_episode_length,1000.0,1780394165.0169296
95789,Train/mean_episode_length,1000.0,1780394189.2193017
95794,Train/mean_episode_length,993.8499755859375,1780394212.8928251
95799,Train/mean_episode_length,1000.0,1780394236.436631
95804,Train/mean_episode_length,983.3800048828125,1780394260.3079524
95809,Train/mean_episode_length,996.1699829101562,1780394283.496345
95814,Train/mean_episode_length,992.239990234375,1780394303.6098588
95819,Train/mean_episode_length,997.02001953125,1780394323.2412875
95824,Train/mean_episode_length,1000.0,1780394343.0307379
95829,Train/mean_episode_length,1000.0,1780394363.042819
95834,Train/mean_episode_length,993.8599853515625,1780394383.272942
95839,Train/mean_episode_length,993.6799926757812,1780394403.2201557
95844,Train/mean_episode_length,993.1599731445312,1780394423.1505775
95849,Train/mean_episode_length,996.2100219726562,1780394446.1298342
95854,Train/mean_episode_length,996.7100219726562,1780394469.849487
95859,Train/mean_episode_length,989.5499877929688,1780394493.6190827
95864,Train/mean_episode_length,993.1699829101562,1780394517.5139832
95869,Train/mean_episode_length,992.1500244140625,1780394541.2940392
95874,Train/mean_episode_length,1000.0,1780394565.3948572
95879,Train/mean_episode_length,1000.0,1780394585.9489427
95884,Train/mean_episode_length,991.6599731445312,1780394610.5139587
95889,Train/mean_episode_length,999.260009765625,1780394634.6736317
95894,Train/mean_episode_length,993.0999755859375,1780394658.9219615
95899,Train/mean_episode_length,996.510009765625,1780394682.9016907
95904,Train/mean_episode_length,997.5900268554688,1780394706.7995367
95909,Train/mean_episode_length,999.3900146484375,1780394730.4304826
95914,Train/mean_episode_length,992.489990234375,1780394754.5499074
95919,Train/mean_episode_length,1000.0,1780394778.7586393
95924,Train/mean_episode_length,1000.0,1780394802.5127196
95929,Train/mean_episode_length,1000.0,1780394826.4986289
95934,Train/mean_episode_length,1000.0,1780394850.7717288
95939,Train/mean_episode_length,997.1199951171875,1780394874.391568
95944,Train/mean_episode_length,1000.0,1780394898.222383
95949,Train/mean_episode_length,996.3699951171875,1780394922.6755836
95954,Train/mean_episode_length,991.3699951171875,1780394947.0383277
95959,Train/mean_episode_length,1000.0,1780394967.3477113
95964,Train/mean_episode_length,992.02001953125,1780394989.7663534
95969,Train/mean_episode_length,993.739990234375,1780395010.2440515
95974,Train/mean_episode_length,1000.0,1780395034.6501133
95979,Train/mean_episode_length,996.530029296875,1780395058.864486
95984,Train/mean_episode_length,989.0599975585938,1780395082.79053
95989,Train/mean_episode_length,989.0999755859375,1780395106.430066
95994,Train/mean_episode_length,1000.0,1780395130.8435261
95999,Train/mean_episode_length,1000.0,1780395153.354333
96004,Train/mean_episode_length,1000.0,1780395177.6002162
96009,Train/mean_episode_length,1000.0,1780395199.0858586
96014,Train/mean_episode_length,991.5999755859375,1780395223.4539034
96019,Train/mean_episode_length,989.5999755859375,1780395245.7615466
96024,Train/mean_episode_length,998.6599731445312,1780395269.9261696
96029,Train/mean_episode_length,1000.0,1780395293.9720147
96034,Train/mean_episode_length,1000.0,1780395317.9321427
96039,Train/mean_episode_length,996.6900024414062,1780395341.9723191
96044,Train/mean_episode_length,995.030029296875,1780395366.0493603
96049,Train/mean_episode_length,1000.0,1780395390.3881738
96054,Train/mean_episode_length,1000.0,1780395414.1772943
96059,Train/mean_episode_length,1000.0,1780395437.9752204
96064,Train/mean_episode_length,996.489990234375,1780395462.0967808
96069,Train/mean_episode_length,1000.0,1780395486.241258
96074,Train/mean_episode_length,996.1500244140625,1780395510.0526512
96079,Train/mean_episode_length,987.2100219726562,1780395534.1578987
96084,Train/mean_episode_length,995.9199829101562,1780395558.1486244
96089,Train/mean_episode_length,990.3300170898438,1780395581.9554222
96094,Train/mean_episode_length,995.3599853515625,1780395606.2847993
96099,Train/mean_episode_length,1000.0,1780395630.6813006
96104,Train/mean_episode_length,1000.0,1780395654.7656772
96109,Train/mean_episode_length,990.77001953125,1780395679.2620142
96114,Train/mean_episode_length,1000.0,1780395703.2756317
96119,Train/mean_episode_length,990.8300170898438,1780395727.4337206
96124,Train/mean_episode_length,1000.0,1780395751.5445418
96129,Train/mean_episode_length,1000.0,1780395775.6542678
96134,Train/mean_episode_length,996.4500122070312,1780395799.987958
96139,Train/mean_episode_length,991.72998046875,1780395824.7715895
96144,Train/mean_episode_length,1000.0,1780395849.4783897
96149,Train/mean_episode_length,985.6099853515625,1780395874.325663
96154,Train/mean_episode_length,996.9400024414062,1780395899.304082
96159,Train/mean_episode_length,992.1699829101562,1780395924.2307699
96164,Train/mean_episode_length,993.1500244140625,1780395949.0665889
96169,Train/mean_episode_length,996.4500122070312,1780395973.7530003
96174,Train/mean_episode_length,1000.0,1780395996.954121
96179,Train/mean_episode_length,1000.0,1780396018.0012796
96184,Train/mean_episode_length,1000.0,1780396038.5440235
96189,Train/mean_episode_length,999.469970703125,1780396058.8732412
96194,Train/mean_episode_length,994.510009765625,1780396079.2517538
96199,Train/mean_episode_length,999.1500244140625,1780396099.4636729
96204,Train/mean_episode_length,999.0,1780396120.4998598
96209,Train/mean_episode_length,1000.0,1780396140.8692596
96214,Train/mean_episode_length,998.260009765625,1780396164.8123832
96219,Train/mean_episode_length,1000.0,1780396189.2456653
96224,Train/mean_episode_length,996.1500244140625,1780396213.5198674
96229,Train/mean_episode_length,1000.0,1780396237.8932939
96234,Train/mean_episode_length,996.8599853515625,1780396261.9664736
96239,Train/mean_episode_length,1000.0,1780396285.965933
96244,Train/mean_episode_length,1000.0,1780396310.61794
96249,Train/mean_episode_length,998.9500122070312,1780396334.0899513
96254,Train/mean_episode_length,1000.0,1780396358.6343944
96259,Train/mean_episode_length,1000.0,1780396383.3720584
96264,Train/mean_episode_length,993.239990234375,1780396407.9930804
96269,Train/mean_episode_length,997.4000244140625,1780396432.2191212
96274,Train/mean_episode_length,1000.0,1780396456.5088563
96279,Train/mean_episode_length,996.3300170898438,1780396481.2457285
96284,Train/mean_episode_length,997.02001953125,1780396505.92422
96289,Train/mean_episode_length,1000.0,1780396530.1190553
96294,Train/mean_episode_length,1000.0,1780396554.341152
96299,Train/mean_episode_length,1000.0,1780396575.4768808
96304,Train/mean_episode_length,1000.0,1780396596.1444187
96309,Train/mean_episode_length,1000.0,1780396619.888244
96314,Train/mean_episode_length,998.530029296875,1780396642.9818034
96319,Train/mean_episode_length,996.0999755859375,1780396667.9187677
96324,Train/mean_episode_length,1000.0,1780396692.2304904
96329,Train/mean_episode_length,996.3400268554688,1780396717.0826645
96334,Train/mean_episode_length,1000.0,1780396741.5367606
96339,Train/mean_episode_length,1000.0,1780396766.2479203
96344,Train/mean_episode_length,1000.0,1780396791.4602811
96349,Train/mean_episode_length,996.3800048828125,1780396816.704633
96354,Train/mean_episode_length,996.4400024414062,1780396841.7431114
96359,Train/mean_episode_length,994.760009765625,1780396865.5825415
96364,Train/mean_episode_length,991.77001953125,1780396889.6388698
96369,Train/mean_episode_length,1000.0,1780396913.4564183
96374,Train/mean_episode_length,1000.0,1780396937.026477
96379,Train/mean_episode_length,995.510009765625,1780396960.9869866
96384,Train/mean_episode_length,1000.0,1780396984.9488804
96389,Train/mean_episode_length,995.0599975585938,1780397005.7636528
96394,Train/mean_episode_length,1000.0,1780397028.6930232
96399,Train/mean_episode_length,996.0900268554688,1780397053.3232777
96404,Train/mean_episode_length,1000.0,1780397077.4325836
96409,Train/mean_episode_length,997.0399780273438,1780397101.920098
96414,Train/mean_episode_length,1000.0,1780397125.6906993
96419,Train/mean_episode_length,997.030029296875,1780397149.3359506
96424,Train/mean_episode_length,1000.0,1780397173.3543532
96429,Train/mean_episode_length,1000.0,1780397197.4469626
96434,Train/mean_episode_length,995.989990234375,1780397221.0767517
96439,Train/mean_episode_length,1000.0,1780397245.0505164
96444,Train/mean_episode_length,1000.0,1780397268.9665816
96449,Train/mean_episode_length,1000.0,1780397292.7073581
96454,Train/mean_episode_length,1000.0,1780397315.7844281
96459,Train/mean_episode_length,1000.0,1780397336.675309
96464,Train/mean_episode_length,1000.0,1780397361.0527844
96469,Train/mean_episode_length,1000.0,1780397384.9865081
96474,Train/mean_episode_length,1000.0,1780397408.7514548
96479,Train/mean_episode_length,992.4299926757812,1780397432.5270665
96484,Train/mean_episode_length,992.72998046875,1780397456.682583
96489,Train/mean_episode_length,995.9400024414062,1780397480.4291825
96494,Train/mean_episode_length,992.0,1780397504.2697198
96499,Train/mean_episode_length,1000.0,1780397528.1509533
96504,Train/mean_episode_length,1000.0,1780397551.6832554
96509,Train/mean_episode_length,996.8099975585938,1780397575.594186
96514,Train/mean_episode_length,997.6500244140625,1780397599.258584
96519,Train/mean_episode_length,996.989990234375,1780397622.7561743
96524,Train/mean_episode_length,1000.0,1780397646.3787978
96529,Train/mean_episode_length,996.5499877929688,1780397670.156992
96534,Train/mean_episode_length,1000.0,1780397693.8307462
96539,Train/mean_episode_length,1000.0,1780397718.1952057
96544,Train/mean_episode_length,1000.0,1780397742.552735
96549,Train/mean_episode_length,998.3200073242188,1780397766.7729614
96554,Train/mean_episode_length,998.3499755859375,1780397791.2074966
96559,Train/mean_episode_length,997.52001953125,1780397815.4649456
96564,Train/mean_episode_length,1000.0,1780397839.098788
96569,Train/mean_episode_length,983.6799926757812,1780397862.8962474
96574,Train/mean_episode_length,1000.0,1780397886.8689177
96579,Train/mean_episode_length,1000.0,1780397910.6969135
96584,Train/mean_episode_length,999.969970703125,1780397934.3916543
96589,Train/mean_episode_length,991.5399780273438,1780397958.2118852
96594,Train/mean_episode_length,1000.0,1780397982.5940552
96599,Train/mean_episode_length,1000.0,1780398007.0352366
96604,Train/mean_episode_length,1000.0,1780398031.6828697
96609,Train/mean_episode_length,991.9000244140625,1780398055.6929903
96614,Train/mean_episode_length,1000.0,1780398079.5431912
96619,Train/mean_episode_length,984.6900024414062,1780398103.6612573
96624,Train/mean_episode_length,1000.0,1780398127.4237416
96629,Train/mean_episode_length,995.0,1780398151.289698
96634,Train/mean_episode_length,998.0800170898438,1780398175.2975776
96639,Train/mean_episode_length,996.6799926757812,1780398199.1329677
96644,Train/mean_episode_length,996.4199829101562,1780398223.0499165
96649,Train/mean_episode_length,996.5800170898438,1780398247.4763005
96654,Train/mean_episode_length,1000.0,1780398271.1894698
96659,Train/mean_episode_length,1000.0,1780398295.175502
96664,Train/mean_episode_length,1000.0,1780398319.0880456
96669,Train/mean_episode_length,998.2100219726562,1780398342.922686
96674,Train/mean_episode_length,1000.0,1780398366.8753197
96679,Train/mean_episode_length,1000.0,1780398391.1314173
96684,Train/mean_episode_length,1000.0,1780398415.0395942
96689,Train/mean_episode_length,988.7899780273438,1780398438.650399
96694,Train/mean_episode_length,1000.0,1780398462.5199456
96699,Train/mean_episode_length,995.4600219726562,1780398486.3301275
96704,Train/mean_episode_length,997.780029296875,1780398511.0134127
96709,Train/mean_episode_length,1000.0,1780398533.2860115
96714,Train/mean_episode_length,1000.0,1780398554.4553628
96719,Train/mean_episode_length,1000.0,1780398578.2602534
96724,Train/mean_episode_length,991.6099853515625,1780398602.6902273
96729,Train/mean_episode_length,1000.0,1780398626.5472379
96734,Train/mean_episode_length,991.780029296875,1780398647.2593546
96739,Train/mean_episode_length,1000.0,1780398668.9292896
96744,Train/mean_episode_length,1000.0,1780398693.382956
96749,Train/mean_episode_length,1000.0,1780398717.7067611
96754,Train/mean_episode_length,1000.0,1780398742.0960023
96759,Train/mean_episode_length,1000.0,1780398766.40282
96764,Train/mean_episode_length,999.72998046875,1780398790.4061055
96769,Train/mean_episode_length,996.1400146484375,1780398814.4124475
96774,Train/mean_episode_length,997.52001953125,1780398838.5121257
96779,Train/mean_episode_length,1000.0,1780398860.5134442
96784,Train/mean_episode_length,995.1400146484375,1780398885.5675142
96789,Train/mean_episode_length,1000.0,1780398909.9569347
96794,Train/mean_episode_length,1000.0,1780398930.7591581
96799,Train/mean_episode_length,1000.0,1780398952.1137257
96804,Train/mean_episode_length,997.3200073242188,1780398976.2461061
96809,Train/mean_episode_length,1000.0,1780399000.3369744
96814,Train/mean_episode_length,997.5800170898438,1780399024.3566206
96819,Train/mean_episode_length,998.8200073242188,1780399048.4578245
96824,Train/mean_episode_length,980.760009765625,1780399072.4724112
96829,Train/mean_episode_length,993.2899780273438,1780399096.1169107
96834,Train/mean_episode_length,996.8499755859375,1780399120.106738
96839,Train/mean_episode_length,997.760009765625,1780399144.0976968
96844,Train/mean_episode_length,998.4199829101562,1780399168.259942
96849,Train/mean_episode_length,1000.0,1780399192.6423526
96854,Train/mean_episode_length,996.22998046875,1780399216.4701118
96859,Train/mean_episode_length,1000.0,1780399240.5947
96864,Train/mean_episode_length,996.3599853515625,1780399265.0389242
96869,Train/mean_episode_length,996.4000244140625,1780399288.8957965
96874,Train/mean_episode_length,1000.0,1780399313.978934
96879,Train/mean_episode_length,997.3400268554688,1780399334.924365
96884,Train/mean_episode_length,994.1900024414062,1780399358.6562169
96889,Train/mean_episode_length,1000.0,1780399383.8191223
96894,Train/mean_episode_length,1000.0,1780399408.018229
96899,Train/mean_episode_length,1000.0,1780399432.1438954
96904,Train/mean_episode_length,991.3800048828125,1780399456.8711443
96909,Train/mean_episode_length,1000.0,1780399480.7501764
96914,Train/mean_episode_length,997.8400268554688,1780399505.4561262
96919,Train/mean_episode_length,1000.0,1780399530.143521
96924,Train/mean_episode_length,1000.0,1780399554.38048
96929,Train/mean_episode_length,1000.0,1780399578.7193923
96934,Train/mean_episode_length,999.9199829101562,1780399602.9467843
96939,Train/mean_episode_length,1000.0,1780399626.8725507
96944,Train/mean_episode_length,1000.0,1780399650.892487
96949,Train/mean_episode_length,999.8400268554688,1780399674.997135
96954,Train/mean_episode_length,996.8900146484375,1780399698.7580569
96959,Train/mean_episode_length,1000.0,1780399722.956358
96964,Train/mean_episode_length,994.4199829101562,1780399747.1450987
96969,Train/mean_episode_length,1000.0,1780399771.2532334
96974,Train/mean_episode_length,990.0999755859375,1780399795.6169808
96979,Train/mean_episode_length,1000.0,1780399819.496777
96984,Train/mean_episode_length,996.25,1780399843.7927194
96989,Train/mean_episode_length,996.1799926757812,1780399868.2661064
96994,Train/mean_episode_length,1000.0,1780399892.7744646
96999,Train/mean_episode_length,996.6300048828125,1780399917.0306704
97004,Train/mean_episode_length,1000.0,1780399941.3708682
97009,Train/mean_episode_length,996.75,1780399965.71649
97014,Train/mean_episode_length,1000.0,1780399989.930194
97019,Train/mean_episode_length,1000.0,1780400013.8579404
97024,Train/mean_episode_length,995.1799926757812,1780400034.497438
97029,Train/mean_episode_length,1000.0,1780400058.9606807
97034,Train/mean_episode_length,1000.0,1780400082.7492716
97039,Train/mean_episode_length,991.47998046875,1780400106.742712
97044,Train/mean_episode_length,1000.0,1780400131.0928414
97049,Train/mean_episode_length,1000.0,1780400155.208839
97054,Train/mean_episode_length,994.8800048828125,1780400179.3604434
97059,Train/mean_episode_length,1000.0,1780400203.3469205
97064,Train/mean_episode_length,997.8599853515625,1780400227.0661304
97069,Train/mean_episode_length,994.1699829101562,1780400251.4089844
97074,Train/mean_episode_length,997.8300170898438,1780400272.9892406
97079,Train/mean_episode_length,987.8900146484375,1780400296.6904075
97084,Train/mean_episode_length,988.47998046875,1780400320.776028
97089,Train/mean_episode_length,1000.0,1780400344.4922335
97094,Train/mean_episode_length,1000.0,1780400368.6704917
97099,Train/mean_episode_length,997.739990234375,1780400392.9195173
97104,Train/mean_episode_length,1000.0,1780400417.3289769
97109,Train/mean_episode_length,991.739990234375,1780400441.8841004
97114,Train/mean_episode_length,1000.0,1780400466.4161904
97119,Train/mean_episode_length,1000.0,1780400490.5992293
97124,Train/mean_episode_length,1000.0,1780400514.7174072
97129,Train/mean_episode_length,992.3200073242188,1780400539.0457683
97134,Train/mean_episode_length,1000.0,1780400563.2321084
97139,Train/mean_episode_length,1000.0,1780400587.730183
97144,Train/mean_episode_length,998.3900146484375,1780400611.8981128
97149,Train/mean_episode_length,1000.0,1780400636.0901043
97154,Train/mean_episode_length,992.780029296875,1780400660.3600063
97159,Train/mean_episode_length,999.4199829101562,1780400685.0064237
97164,Train/mean_episode_length,1000.0,1780400709.4023893
97169,Train/mean_episode_length,996.4400024414062,1780400733.6880682
97174,Train/mean_episode_length,1000.0,1780400758.457098
97179,Train/mean_episode_length,1000.0,1780400783.402286
97184,Train/mean_episode_length,1000.0,1780400807.6804807
97189,Train/mean_episode_length,1000.0,1780400831.9066446
97194,Train/mean_episode_length,1000.0,1780400856.2363667
97199,Train/mean_episode_length,1000.0,1780400880.3557281
97204,Train/mean_episode_length,996.1500244140625,1780400904.4419768
97209,Train/mean_episode_length,991.6500244140625,1780400928.6376023
97214,Train/mean_episode_length,1000.0,1780400952.5546298
97219,Train/mean_episode_length,1000.0,1780400976.640363
97224,Train/mean_episode_length,999.3200073242188,1780401000.9786806
97229,Train/mean_episode_length,988.2100219726562,1780401025.1938138
97234,Train/mean_episode_length,997.3499755859375,1780401049.4014845
97239,Train/mean_episode_length,1000.0,1780401073.578259
97244,Train/mean_episode_length,1000.0,1780401097.5586708
97249,Train/mean_episode_length,1000.0,1780401122.084685
97254,Train/mean_episode_length,997.0900268554688,1780401144.0904984
97259,Train/mean_episode_length,997.010009765625,1780401166.2048151
97264,Train/mean_episode_length,988.2899780273438,1780401191.452763
97269,Train/mean_episode_length,989.5800170898438,1780401215.886988
97274,Train/mean_episode_length,1000.0,1780401240.0004995
97279,Train/mean_episode_length,1000.0,1780401261.8451443
97284,Train/mean_episode_length,999.760009765625,1780401285.5845666
97289,Train/mean_episode_length,995.0,1780401308.862663
97294,Train/mean_episode_length,1000.0,1780401329.5793219
97299,Train/mean_episode_length,1000.0,1780401349.6721103
97304,Train/mean_episode_length,1000.0,1780401370.897486
97309,Train/mean_episode_length,991.22998046875,1780401393.8438542
97314,Train/mean_episode_length,997.4400024414062,1780401414.1062381
97319,Train/mean_episode_length,1000.0,1780401434.348845
97324,Train/mean_episode_length,999.530029296875,1780401454.317079
97329,Train/mean_episode_length,999.97998046875,1780401474.3377218
97334,Train/mean_episode_length,1000.0,1780401494.0456977
97339,Train/mean_episode_length,1000.0,1780401513.9731505
97344,Train/mean_episode_length,1000.0,1780401533.8511395
97349,Train/mean_episode_length,1000.0,1780401554.0395906
97354,Train/mean_episode_length,1000.0,1780401575.5734172
97359,Train/mean_episode_length,1000.0,1780401599.6752114
97364,Train/mean_episode_length,1000.0,1780401623.643305
97369,Train/mean_episode_length,996.760009765625,1780401647.0994902
97374,Train/mean_episode_length,994.27001953125,1780401671.3296716
97379,Train/mean_episode_length,1000.0,1780401693.8457115
97384,Train/mean_episode_length,1000.0,1780401713.7892587
97389,Train/mean_episode_length,995.0,1780401736.0182168
97394,Train/mean_episode_length,989.3699951171875,1780401759.7215662
97399,Train/mean_episode_length,999.2899780273438,1780401782.318947
97404,Train/mean_episode_length,997.989990234375,1780401806.7831728
97409,Train/mean_episode_length,1000.0,1780401827.6331623
97414,Train/mean_episode_length,1000.0,1780401848.4657016
97419,Train/mean_episode_length,1000.0,1780401868.5534956
97424,Train/mean_episode_length,997.0499877929688,1780401889.0066016
97429,Train/mean_episode_length,1000.0,1780401909.0021374
97434,Train/mean_episode_length,1000.0,1780401932.249414
97439,Train/mean_episode_length,991.8499755859375,1780401956.2300901
97444,Train/mean_episode_length,993.1799926757812,1780401979.8336985
97449,Train/mean_episode_length,1000.0,1780402003.7001228
97454,Train/mean_episode_length,1000.0,1780402027.8505015
97459,Train/mean_episode_length,1000.0,1780402051.6811929
97464,Train/mean_episode_length,1000.0,1780402075.6780617
97469,Train/mean_episode_length,997.780029296875,1780402098.6230924
97474,Train/mean_episode_length,993.1699829101562,1780402119.0709739
97479,Train/mean_episode_length,1000.0,1780402142.6168218
97484,Train/mean_episode_length,999.2000122070312,1780402166.587272
97489,Train/mean_episode_length,992.1400146484375,1780402191.069129
97494,Train/mean_episode_length,1000.0,1780402215.222999
97499,Train/mean_episode_length,1000.0,1780402239.1381392
97504,Train/mean_episode_length,1000.0,1780402263.315731
97509,Train/mean_episode_length,1000.0,1780402287.1273024
97514,Train/mean_episode_length,992.9500122070312,1780402311.2409492
97519,Train/mean_episode_length,995.27001953125,1780402335.3154354
97524,Train/mean_episode_length,991.6900024414062,1780402358.9169056
97529,Train/mean_episode_length,996.0700073242188,1780402383.0776057
97534,Train/mean_episode_length,995.7100219726562,1780402407.006985
97539,Train/mean_episode_length,993.77001953125,1780402430.6425753
97544,Train/mean_episode_length,1000.0,1780402454.8098195
97549,Train/mean_episode_length,990.4099731445312,1780402479.202907
97554,Train/mean_episode_length,999.0599975585938,1780402503.2246737
97559,Train/mean_episode_length,997.4099731445312,1780402527.4801745
97564,Train/mean_episode_length,993.739990234375,1780402551.4966881
97569,Train/mean_episode_length,987.3099975585938,1780402575.2444677
97574,Train/mean_episode_length,1000.0,1780402599.4117515
97579,Train/mean_episode_length,996.5700073242188,1780402623.325974
97584,Train/mean_episode_length,1000.0,1780402647.6118789
97589,Train/mean_episode_length,1000.0,1780402671.847333
97594,Train/mean_episode_length,1000.0,1780402696.0690439
97598,Train/mean_episode_length,1000.0,1780402715.7841659
92599,Policy/mean_noise_std,0.08228357881307602,1780379380.6851008
92604,Policy/mean_noise_std,0.08261901140213013,1780379401.1486917
92609,Policy/mean_noise_std,0.08280973881483078,1780379425.771872
92614,Policy/mean_noise_std,0.08307468891143799,1780379449.3137603
92619,Policy/mean_noise_std,0.08347561955451965,1780379471.720881
92624,Policy/mean_noise_std,0.08422444015741348,1780379493.9487977
92629,Policy/mean_noise_std,0.0850493460893631,1780379516.6669562
92634,Policy/mean_noise_std,0.08584549278020859,1780379542.3875732
92639,Policy/mean_noise_std,0.08661358803510666,1780379568.1246488
92644,Policy/mean_noise_std,0.08724909275770187,1780379593.7750113
92649,Policy/mean_noise_std,0.08772029727697372,1780379618.8605194
92654,Policy/mean_noise_std,0.08849213272333145,1780379644.0146034
92659,Policy/mean_noise_std,0.08899848163127899,1780379669.6619132
92664,Policy/mean_noise_std,0.08945679664611816,1780379695.3742595
92669,Policy/mean_noise_std,0.08996003121137619,1780379720.5744407
92674,Policy/mean_noise_std,0.09060925245285034,1780379745.5459807
92679,Policy/mean_noise_std,0.09110639989376068,1780379767.9906237
92684,Policy/mean_noise_std,0.09171419590711594,1780379789.490688
92689,Policy/mean_noise_std,0.09238791465759277,1780379814.452262
92694,Policy/mean_noise_std,0.09282591193914413,1780379837.4348123
92699,Policy/mean_noise_std,0.09325926005840302,1780379860.9487808
92704,Policy/mean_noise_std,0.09371776878833771,1780379884.9402947
92709,Policy/mean_noise_std,0.09435942769050598,1780379910.7287285
92714,Policy/mean_noise_std,0.09489771723747253,1780379934.4296968
92719,Policy/mean_noise_std,0.09564785659313202,1780379956.3577216
92724,Policy/mean_noise_std,0.09654449671506882,1780379978.1622298
92729,Policy/mean_noise_std,0.09738149493932724,1780379999.5734196
92734,Policy/mean_noise_std,0.09832623600959778,1780380024.8813572
92739,Policy/mean_noise_std,0.09964144974946976,1780380049.9852264
92744,Policy/mean_noise_std,0.10094849020242691,1780380074.4873095
92749,Policy/mean_noise_std,0.10257422924041748,1780380099.0130336
92754,Policy/mean_noise_std,0.10377254337072372,1780380123.0244935
92759,Policy/mean_noise_std,0.10524105280637741,1780380143.83878
92764,Policy/mean_noise_std,0.10663922876119614,1780380164.3356712
92769,Policy/mean_noise_std,0.10827020555734634,1780380185.0269146
92774,Policy/mean_noise_std,0.10991101711988449,1780380205.8913255
92779,Policy/mean_noise_std,0.11136997491121292,1780380233.6846726
92784,Policy/mean_noise_std,0.11288384348154068,1780380260.1240273
92789,Policy/mean_noise_std,0.11406341940164566,1780380284.653607
92794,Policy/mean_noise_std,0.11502857506275177,1780380308.9631467
92799,Policy/mean_noise_std,0.11630932241678238,1780380333.31181
92804,Policy/mean_noise_std,0.1172313541173935,1780380357.2892492
92809,Policy/mean_noise_std,0.11829424649477005,1780380381.6438193
92814,Policy/mean_noise_std,0.11911291629076004,1780380405.965676
92819,Policy/mean_noise_std,0.1199236661195755,1780380430.1163504
92824,Policy/mean_noise_std,0.12104886025190353,1780380454.7739618
92829,Policy/mean_noise_std,0.12212350219488144,1780380479.4198487
92834,Policy/mean_noise_std,0.12340115755796432,1780380503.3346784
92839,Policy/mean_noise_std,0.12469732016324997,1780380527.6198254
92844,Policy/mean_noise_std,0.12646888196468353,1780380551.947045
92849,Policy/mean_noise_std,0.12885499000549316,1780380576.234679
92854,Policy/mean_noise_std,0.1303049474954605,1780380600.913364
92859,Policy/mean_noise_std,0.13219702243804932,1780380625.3775291
92864,Policy/mean_noise_std,0.1343190222978592,1780380649.8102467
92869,Policy/mean_noise_std,0.13566824793815613,1780380674.5334558
92874,Policy/mean_noise_std,0.13763338327407837,1780380699.5009604
92879,Policy/mean_noise_std,0.1392727941274643,1780380723.62716
92884,Policy/mean_noise_std,0.14087438583374023,1780380748.4236655
92889,Policy/mean_noise_std,0.14197437465190887,1780380773.3488126
92894,Policy/mean_noise_std,0.14284615218639374,1780380797.9458747
92899,Policy/mean_noise_std,0.14384835958480835,1780380822.4304965
92904,Policy/mean_noise_std,0.14467325806617737,1780380847.0473068
92909,Policy/mean_noise_std,0.14507530629634857,1780380871.1241817
92914,Policy/mean_noise_std,0.14629346132278442,1780380895.6024525
92919,Policy/mean_noise_std,0.14750881493091583,1780380920.3420644
92924,Policy/mean_noise_std,0.14784157276153564,1780380944.4600542
92929,Policy/mean_noise_std,0.1479647010564804,1780380969.3970296
92934,Policy/mean_noise_std,0.1476907879114151,1780380993.8569908
92939,Policy/mean_noise_std,0.14753521978855133,1780381017.8734372
92944,Policy/mean_noise_std,0.1471511423587799,1780381042.2471645
92949,Policy/mean_noise_std,0.14659026265144348,1780381066.7101626
92954,Policy/mean_noise_std,0.1461789608001709,1780381090.640561
92959,Policy/mean_noise_std,0.14569054543972015,1780381115.0901992
92964,Policy/mean_noise_std,0.14513403177261353,1780381137.5941496
92969,Policy/mean_noise_std,0.1447112262248993,1780381161.7717984
92974,Policy/mean_noise_std,0.14426226913928986,1780381185.2995148
92979,Policy/mean_noise_std,0.14385256171226501,1780381206.0729923
92984,Policy/mean_noise_std,0.14364144206047058,1780381226.8954263
92989,Policy/mean_noise_std,0.1432873159646988,1780381247.5743654
92994,Policy/mean_noise_std,0.14290320873260498,1780381267.7737918
92999,Policy/mean_noise_std,0.1427566111087799,1780381288.5534232
93004,Policy/mean_noise_std,0.14236114919185638,1780381308.841791
93009,Policy/mean_noise_std,0.141851007938385,1780381329.4106605
93014,Policy/mean_noise_std,0.1425284445285797,1780381349.4979155
93019,Policy/mean_noise_std,0.14328226447105408,1780381371.0030878
93024,Policy/mean_noise_std,0.14344756305217743,1780381391.9390738
93029,Policy/mean_noise_std,0.14285501837730408,1780381412.5139165
93034,Policy/mean_noise_std,0.14263613522052765,1780381433.1663651
93039,Policy/mean_noise_std,0.14283961057662964,1780381453.7756617
93044,Policy/mean_noise_std,0.14260995388031006,1780381474.99144
93049,Policy/mean_noise_std,0.14216521382331848,1780381496.8116767
93054,Policy/mean_noise_std,0.141778364777565,1780381521.5212343
93059,Policy/mean_noise_std,0.14155156910419464,1780381545.9029565
93064,Policy/mean_noise_std,0.14104746282100677,1780381570.1076634
93069,Policy/mean_noise_std,0.14040689170360565,1780381594.606568
93074,Policy/mean_noise_std,0.13951332867145538,1780381619.6754367
93079,Policy/mean_noise_std,0.1388842612504959,1780381645.2254925
93084,Policy/mean_noise_std,0.13802720606327057,1780381669.5578666
93089,Policy/mean_noise_std,0.13750280439853668,1780381691.896448
93094,Policy/mean_noise_std,0.13673125207424164,1780381712.511596
93099,Policy/mean_noise_std,0.13610342144966125,1780381733.0950942
93104,Policy/mean_noise_std,0.13585661351680756,1780381753.5919998
93109,Policy/mean_noise_std,0.1351674199104309,1780381775.0738187
93114,Policy/mean_noise_std,0.13454535603523254,1780381798.8085535
93119,Policy/mean_noise_std,0.13386018574237823,1780381823.4029386
93124,Policy/mean_noise_std,0.13343900442123413,1780381847.6772673
93129,Policy/mean_noise_std,0.1326652318239212,1780381868.7372408
93134,Policy/mean_noise_std,0.13223698735237122,1780381889.3348196
93139,Policy/mean_noise_std,0.13170452415943146,1780381910.0127857
93144,Policy/mean_noise_std,0.1312173455953598,1780381930.1787415
93149,Policy/mean_noise_std,0.1307053565979004,1780381950.5373237
93154,Policy/mean_noise_std,0.13004355132579803,1780381970.727804
93159,Policy/mean_noise_std,0.12950435280799866,1780381991.2645729
93164,Policy/mean_noise_std,0.1289156973361969,1780382012.1225083
93169,Policy/mean_noise_std,0.12841537594795227,1780382032.8797216
93174,Policy/mean_noise_std,0.12789125740528107,1780382053.3973536
93179,Policy/mean_noise_std,0.12723569571971893,1780382077.4212453
93184,Policy/mean_noise_std,0.1272052824497223,1780382101.7846467
93189,Policy/mean_noise_std,0.12680065631866455,1780382125.9263105
93194,Policy/mean_noise_std,0.12642621994018555,1780382150.2476277
93199,Policy/mean_noise_std,0.12636783719062805,1780382175.0908637
93204,Policy/mean_noise_std,0.12597358226776123,1780382200.6390338
93209,Policy/mean_noise_std,0.12552231550216675,1780382225.1689732
93214,Policy/mean_noise_std,0.1254221796989441,1780382246.869219
93219,Policy/mean_noise_std,0.12503628432750702,1780382267.9965918
93224,Policy/mean_noise_std,0.12476291507482529,1780382290.6867356
93229,Policy/mean_noise_std,0.12453658133745193,1780382315.3488593
93234,Policy/mean_noise_std,0.12441600859165192,1780382336.5049467
93239,Policy/mean_noise_std,0.12384054809808731,1780382361.404932
93244,Policy/mean_noise_std,0.12324528396129608,1780382384.2142782
93249,Policy/mean_noise_std,0.12276172637939453,1780382409.4357011
93254,Policy/mean_noise_std,0.12229496240615845,1780382434.4965782
93259,Policy/mean_noise_std,0.12147808820009232,1780382458.141856
93264,Policy/mean_noise_std,0.12135252356529236,1780382479.859038
93269,Policy/mean_noise_std,0.12159719318151474,1780382501.0471954
93274,Policy/mean_noise_std,0.12209990620613098,1780382521.7887838
93279,Policy/mean_noise_std,0.122113898396492,1780382542.9334774
93284,Policy/mean_noise_std,0.12155921012163162,1780382566.605333
93289,Policy/mean_noise_std,0.12136624753475189,1780382591.0021203
93294,Policy/mean_noise_std,0.12129881978034973,1780382613.1931036
93299,Policy/mean_noise_std,0.121073879301548,1780382633.7310917
93304,Policy/mean_noise_std,0.12066632509231567,1780382654.8034818
93309,Policy/mean_noise_std,0.12047320604324341,1780382675.8969796
93314,Policy/mean_noise_std,0.1209438145160675,1780382697.2960804
93319,Policy/mean_noise_std,0.12061835825443268,1780382718.2652612
93324,Policy/mean_noise_std,0.11997038871049881,1780382739.5319552
93329,Policy/mean_noise_std,0.11941307038068771,1780382760.8531992
93334,Policy/mean_noise_std,0.1190585196018219,1780382786.0675604
93339,Policy/mean_noise_std,0.118675097823143,1780382811.5163038
93344,Policy/mean_noise_std,0.11879951506853104,1780382836.9121227
93349,Policy/mean_noise_std,0.1187974363565445,1780382861.7787352
93354,Policy/mean_noise_std,0.11899162083864212,1780382887.2127988
93359,Policy/mean_noise_std,0.11879914253950119,1780382908.7526546
93364,Policy/mean_noise_std,0.11883535981178284,1780382931.5582857
93369,Policy/mean_noise_std,0.11871449649333954,1780382956.4797916
93374,Policy/mean_noise_std,0.11892735213041306,1780382981.155666
93379,Policy/mean_noise_std,0.11936744302511215,1780383006.0768569
93384,Policy/mean_noise_std,0.11968860030174255,1780383031.238855
93389,Policy/mean_noise_std,0.11996694654226303,1780383056.2682264
93394,Policy/mean_noise_std,0.12027992308139801,1780383080.7128494
93399,Policy/mean_noise_std,0.12085846811532974,1780383102.0200238
93404,Policy/mean_noise_std,0.12130343914031982,1780383123.0431938
93409,Policy/mean_noise_std,0.1218329444527626,1780383144.1389759
93414,Policy/mean_noise_std,0.12254910171031952,1780383165.2058163
93419,Policy/mean_noise_std,0.12320058047771454,1780383185.986173
93424,Policy/mean_noise_std,0.1237754374742508,1780383211.6761599
93429,Policy/mean_noise_std,0.12422092258930206,1780383237.073335
93434,Policy/mean_noise_std,0.12472575902938843,1780383262.3891883
93439,Policy/mean_noise_std,0.1252278983592987,1780383287.6170638
93444,Policy/mean_noise_std,0.12574200332164764,1780383313.094703
93449,Policy/mean_noise_std,0.12632440030574799,1780383337.9671276
93454,Policy/mean_noise_std,0.12699928879737854,1780383362.7875328
93459,Policy/mean_noise_std,0.12784020602703094,1780383386.791023
93464,Policy/mean_noise_std,0.1286904513835907,1780383408.3056998
93469,Policy/mean_noise_std,0.12944334745407104,1780383429.914757
93474,Policy/mean_noise_std,0.13057993352413177,1780383453.2602067
93479,Policy/mean_noise_std,0.13143390417099,1780383478.3641975
93484,Policy/mean_noise_std,0.13221754133701324,1780383503.1709006
93489,Policy/mean_noise_std,0.13327939808368683,1780383527.2998629
93494,Policy/mean_noise_std,0.1343015432357788,1780383548.7186322
93499,Policy/mean_noise_std,0.1350405067205429,1780383569.374634
93504,Policy/mean_noise_std,0.1359211653470993,1780383590.7783709
93509,Policy/mean_noise_std,0.13688258826732635,1780383611.9251246
93514,Policy/mean_noise_std,0.13795796036720276,1780383632.6385727
93519,Policy/mean_noise_std,0.13926714658737183,1780383657.5475492
93524,Policy/mean_noise_std,0.14040659368038177,1780383682.9509804
93529,Policy/mean_noise_std,0.1414598524570465,1780383707.9571323
93534,Policy/mean_noise_std,0.14232447743415833,1780383733.1132867
93539,Policy/mean_noise_std,0.14305411279201508,1780383758.3598533
93544,Policy/mean_noise_std,0.14383529126644135,1780383783.0943787
93549,Policy/mean_noise_std,0.14453357458114624,1780383807.6846728
93554,Policy/mean_noise_std,0.14528611302375793,1780383828.9040847
93559,Policy/mean_noise_std,0.146133691072464,1780383852.2939548
93564,Policy/mean_noise_std,0.14710310101509094,1780383874.412464
93569,Policy/mean_noise_std,0.1481049507856369,1780383895.8631513
93574,Policy/mean_noise_std,0.14900806546211243,1780383919.2389386
93579,Policy/mean_noise_std,0.15006759762763977,1780383941.199994
93584,Policy/mean_noise_std,0.150827094912529,1780383965.697568
93589,Policy/mean_noise_std,0.15170729160308838,1780383990.3698955
93594,Policy/mean_noise_std,0.1524578183889389,1780384014.8905919
93599,Policy/mean_noise_std,0.1532229483127594,1780384037.989702
93604,Policy/mean_noise_std,0.15396647155284882,1780384059.2843904
93609,Policy/mean_noise_std,0.15444062650203705,1780384080.3142424
93614,Policy/mean_noise_std,0.1548636108636856,1780384101.1245227
93619,Policy/mean_noise_std,0.15541261434555054,1780384121.7119787
93624,Policy/mean_noise_std,0.15596190094947815,1780384141.739973
93629,Policy/mean_noise_std,0.15632401406764984,1780384164.1819794
93634,Policy/mean_noise_std,0.1565946340560913,1780384188.0943213
93639,Policy/mean_noise_std,0.15698182582855225,1780384212.0097332
93644,Policy/mean_noise_std,0.15741652250289917,1780384234.1118784
93649,Policy/mean_noise_std,0.1579887419939041,1780384253.9105506
93654,Policy/mean_noise_std,0.15869048237800598,1780384274.4373186
93659,Policy/mean_noise_std,0.15900318324565887,1780384294.627947
93664,Policy/mean_noise_std,0.1594037115573883,1780384314.7734392
93669,Policy/mean_noise_std,0.15979249775409698,1780384334.5329108
93674,Policy/mean_noise_std,0.16009163856506348,1780384354.4007127
93679,Policy/mean_noise_std,0.16038626432418823,1780384374.4794505
93684,Policy/mean_noise_std,0.16069673001766205,1780384394.1203346
93689,Policy/mean_noise_std,0.16106894612312317,1780384413.8800604
93694,Policy/mean_noise_std,0.16154004633426666,1780384432.8301647
93699,Policy/mean_noise_std,0.16184626519680023,1780384452.219551
93704,Policy/mean_noise_std,0.1624402403831482,1780384471.8529894
93709,Policy/mean_noise_std,0.1629302203655243,1780384492.861904
93714,Policy/mean_noise_std,0.16346517205238342,1780384517.09317
93719,Policy/mean_noise_std,0.16396640241146088,1780384537.8906782
93724,Policy/mean_noise_std,0.1647210568189621,1780384558.1698022
93729,Policy/mean_noise_std,0.1651337742805481,1780384577.7114305
93734,Policy/mean_noise_std,0.16557419300079346,1780384597.586539
93739,Policy/mean_noise_std,0.16618357598781586,1780384617.4998326
93744,Policy/mean_noise_std,0.16704238951206207,1780384637.5029113
93749,Policy/mean_noise_std,0.16794759035110474,1780384657.649309
93754,Policy/mean_noise_std,0.16945454478263855,1780384678.1862144
93759,Policy/mean_noise_std,0.1708894670009613,1780384698.484193
93764,Policy/mean_noise_std,0.1721755862236023,1780384718.7083633
93769,Policy/mean_noise_std,0.1732657551765442,1780384742.359185
93774,Policy/mean_noise_std,0.17442767322063446,1780384765.8528404
93779,Policy/mean_noise_std,0.1752176433801651,1780384790.6003335
93784,Policy/mean_noise_std,0.17602652311325073,1780384814.9760761
93789,Policy/mean_noise_std,0.17659719288349152,1780384839.2654078
93794,Policy/mean_noise_std,0.17774534225463867,1780384863.4236186
93799,Policy/mean_noise_std,0.1786213368177414,1780384887.681054
93804,Policy/mean_noise_std,0.17940735816955566,1780384911.6642368
93809,Policy/mean_noise_std,0.1800946444272995,1780384936.5829456
93814,Policy/mean_noise_std,0.18077166378498077,1780384958.1635313
93819,Policy/mean_noise_std,0.18147042393684387,1780384978.6998343
93824,Policy/mean_noise_std,0.18239790201187134,1780385000.221592
93829,Policy/mean_noise_std,0.18343485891819,1780385021.103705
93834,Policy/mean_noise_std,0.18461568653583527,1780385041.6650639
93839,Policy/mean_noise_std,0.1856718808412552,1780385063.1704495
93844,Policy/mean_noise_std,0.1863577663898468,1780385087.6214797
93849,Policy/mean_noise_std,0.1873481720685959,1780385112.9008079
93854,Policy/mean_noise_std,0.18834778666496277,1780385137.7624822
93859,Policy/mean_noise_std,0.18926239013671875,1780385161.908772
93864,Policy/mean_noise_std,0.19007404148578644,1780385186.256706
93869,Policy/mean_noise_std,0.19104315340518951,1780385210.51935
93874,Policy/mean_noise_std,0.19183465838432312,1780385234.5256453
93879,Policy/mean_noise_std,0.19245891273021698,1780385257.2762249
93884,Policy/mean_noise_std,0.19306980073451996,1780385277.939757
93889,Policy/mean_noise_std,0.19369010627269745,1780385298.4923563
93894,Policy/mean_noise_std,0.19438223540782928,1780385319.0296185
93899,Policy/mean_noise_std,0.1956394612789154,1780385339.4280236
93904,Policy/mean_noise_std,0.19625814259052277,1780385362.9849987
93909,Policy/mean_noise_std,0.19696399569511414,1780385387.497281
93914,Policy/mean_noise_std,0.19765357673168182,1780385411.5305233
93919,Policy/mean_noise_std,0.19893299043178558,1780385434.2400825
93924,Policy/mean_noise_std,0.20018497109413147,1780385457.4737709
93929,Policy/mean_noise_std,0.20112143456935883,1780385481.5135212
93934,Policy/mean_noise_std,0.20213168859481812,1780385505.8393598
93939,Policy/mean_noise_std,0.20300382375717163,1780385530.0172954
93944,Policy/mean_noise_std,0.203879714012146,1780385554.7145147
93949,Policy/mean_noise_std,0.20521001517772675,1780385579.3379004
93954,Policy/mean_noise_std,0.2064131647348404,1780385603.6066678
93959,Policy/mean_noise_std,0.20715919137001038,1780385627.7817318
93964,Policy/mean_noise_std,0.20779936015605927,1780385652.0306516
93969,Policy/mean_noise_std,0.20831173658370972,1780385675.1382473
93974,Policy/mean_noise_std,0.20899620652198792,1780385699.5457091
93979,Policy/mean_noise_std,0.21023112535476685,1780385724.15823
93984,Policy/mean_noise_std,0.21135646104812622,1780385748.8475583
93989,Policy/mean_noise_std,0.21249333024024963,1780385772.912648
93994,Policy/mean_noise_std,0.2131427824497223,1780385797.1025367
93999,Policy/mean_noise_std,0.21379536390304565,1780385820.8795655
94004,Policy/mean_noise_std,0.2142454981803894,1780385845.0151703
94009,Policy/mean_noise_std,0.2150437831878662,1780385869.035962
94014,Policy/mean_noise_std,0.21558943390846252,1780385893.2245739
94019,Policy/mean_noise_std,0.21627412736415863,1780385917.3553228
94024,Policy/mean_noise_std,0.21721091866493225,1780385941.5944128
94029,Policy/mean_noise_std,0.2177073210477829,1780385966.0938778
94034,Policy/mean_noise_std,0.2184741497039795,1780385989.2994208
94039,Policy/mean_noise_std,0.21993409097194672,1780386011.4412005
94044,Policy/mean_noise_std,0.22056631743907928,1780386031.631104
94049,Policy/mean_noise_std,0.22093446552753448,1780386051.7620113
94054,Policy/mean_noise_std,0.22169740498065948,1780386072.2434082
94059,Policy/mean_noise_std,0.22240963578224182,1780386092.0511672
94064,Policy/mean_noise_std,0.22315272688865662,1780386112.097047
94069,Policy/mean_noise_std,0.2243529111146927,1780386132.1798635
94074,Policy/mean_noise_std,0.22491338849067688,1780386155.4206016
94079,Policy/mean_noise_std,0.22574211657047272,1780386180.0734446
94084,Policy/mean_noise_std,0.22657227516174316,1780386204.396464
94089,Policy/mean_noise_std,0.227238267660141,1780386228.472334
94094,Policy/mean_noise_std,0.22786523401737213,1780386251.4657154
94099,Policy/mean_noise_std,0.22874465584754944,1780386272.114111
94104,Policy/mean_noise_std,0.229495108127594,1780386292.8706079
94109,Policy/mean_noise_std,0.23025867342948914,1780386313.4887123
94114,Policy/mean_noise_std,0.23085430264472961,1780386336.477046
94119,Policy/mean_noise_std,0.23147174715995789,1780386360.5883787
94124,Policy/mean_noise_std,0.23195089399814606,1780386385.2943907
94129,Policy/mean_noise_std,0.2324327528476715,1780386409.4109366
94134,Policy/mean_noise_std,0.232268825173378,1780386433.4001517
94139,Policy/mean_noise_std,0.23281612992286682,1780386457.5585911
94144,Policy/mean_noise_std,0.2331991344690323,1780386482.2732165
94149,Policy/mean_noise_std,0.23412509262561798,1780386506.644221
94154,Policy/mean_noise_std,0.23461751639842987,1780386531.2855945
94159,Policy/mean_noise_std,0.2351537048816681,1780386555.384317
94164,Policy/mean_noise_std,0.23643507063388824,1780386579.6657474
94169,Policy/mean_noise_std,0.23714196681976318,1780386604.1359396
94174,Policy/mean_noise_std,0.23746682703495026,1780386628.71064
94179,Policy/mean_noise_std,0.23790158331394196,1780386652.5895221
94184,Policy/mean_noise_std,0.23858483135700226,1780386677.0038548
94189,Policy/mean_noise_std,0.23890703916549683,1780386701.4795702
94194,Policy/mean_noise_std,0.23888514935970306,1780386725.5518992
94199,Policy/mean_noise_std,0.2386890947818756,1780386749.8868313
94204,Policy/mean_noise_std,0.2387860119342804,1780386774.2257345
94209,Policy/mean_noise_std,0.23917272686958313,1780386798.3028002
94214,Policy/mean_noise_std,0.2398240566253662,1780386823.1626322
94219,Policy/mean_noise_std,0.24027764797210693,1780386847.42542
94224,Policy/mean_noise_std,0.24057605862617493,1780386872.1079898
94229,Policy/mean_noise_std,0.24084533751010895,1780386896.2271988
94234,Policy/mean_noise_std,0.2411174327135086,1780386920.4335167
94239,Policy/mean_noise_std,0.24145323038101196,1780386944.7511637
94244,Policy/mean_noise_std,0.2426317185163498,1780386969.0132365
94249,Policy/mean_noise_std,0.24374687671661377,1780386993.4054055
94254,Policy/mean_noise_std,0.24420174956321716,1780387017.8708448
94259,Policy/mean_noise_std,0.2441989779472351,1780387041.6148257
94264,Policy/mean_noise_std,0.24411512911319733,1780387065.7488146
94269,Policy/mean_noise_std,0.24449723958969116,1780387089.986615
94274,Policy/mean_noise_std,0.2445511668920517,1780387113.6897163
94279,Policy/mean_noise_std,0.24445000290870667,1780387137.642254
94284,Policy/mean_noise_std,0.2442011535167694,1780387162.5812254
94289,Policy/mean_noise_std,0.2447255700826645,1780387186.563189
94294,Policy/mean_noise_std,0.2451743185520172,1780387210.5975063
94299,Policy/mean_noise_std,0.24518032371997833,1780387234.9914994
94304,Policy/mean_noise_std,0.24482569098472595,1780387259.0429342
94309,Policy/mean_noise_std,0.24512766301631927,1780387282.4164555
94314,Policy/mean_noise_std,0.24536532163619995,1780387306.2380776
94319,Policy/mean_noise_std,0.24563153088092804,1780387330.3740225
94324,Policy/mean_noise_std,0.245626762509346,1780387353.776715
94329,Policy/mean_noise_std,0.24566598236560822,1780387377.364568
94334,Policy/mean_noise_std,0.24636147916316986,1780387400.8101072
94339,Policy/mean_noise_std,0.24648447334766388,1780387424.6136143
94344,Policy/mean_noise_std,0.24669218063354492,1780387448.1143079
94349,Policy/mean_noise_std,0.2467944622039795,1780387472.1114223
94354,Policy/mean_noise_std,0.2468969225883484,1780387495.5517154
94359,Policy/mean_noise_std,0.24763841927051544,1780387519.1390188
94364,Policy/mean_noise_std,0.2481982707977295,1780387542.8394792
94369,Policy/mean_noise_std,0.2488728165626526,1780387566.4059267
94374,Policy/mean_noise_std,0.24945028126239777,1780387590.2723527
94379,Policy/mean_noise_std,0.24969281256198883,1780387613.8840275
94384,Policy/mean_noise_std,0.25000014901161194,1780387637.4624422
94389,Policy/mean_noise_std,0.24997054040431976,1780387660.950218
94394,Policy/mean_noise_std,0.2500738799571991,1780387684.7066815
94399,Policy/mean_noise_std,0.2504899799823761,1780387708.4828212
94404,Policy/mean_noise_std,0.25060662627220154,1780387731.8626819
94409,Policy/mean_noise_std,0.2506270706653595,1780387755.307619
94414,Policy/mean_noise_std,0.250984787940979,1780387778.8321803
94419,Policy/mean_noise_std,0.2513345181941986,1780387802.7194486
94424,Policy/mean_noise_std,0.25161805748939514,1780387826.5137887
94429,Policy/mean_noise_std,0.25153863430023193,1780387850.0891836
94434,Policy/mean_noise_std,0.2516941726207733,1780387873.2337692
94439,Policy/mean_noise_std,0.2522084414958954,1780387895.3277676
94444,Policy/mean_noise_std,0.25235629081726074,1780387916.2586296
94449,Policy/mean_noise_std,0.25208839774131775,1780387937.311952
94454,Policy/mean_noise_std,0.25243061780929565,1780387957.7029214
94459,Policy/mean_noise_std,0.2535681426525116,1780387977.9218059
94464,Policy/mean_noise_std,0.2540043890476227,1780387997.7953336
94469,Policy/mean_noise_std,0.2541736364364624,1780388017.909467
94474,Policy/mean_noise_std,0.2545974850654602,1780388037.0758462
94479,Policy/mean_noise_std,0.25450757145881653,1780388056.48425
94484,Policy/mean_noise_std,0.25423815846443176,1780388076.6746953
94489,Policy/mean_noise_std,0.25435546040534973,1780388096.494913
94494,Policy/mean_noise_std,0.2543269097805023,1780388116.7861278
94499,Policy/mean_noise_std,0.25477904081344604,1780388139.2605627
94504,Policy/mean_noise_std,0.25507691502571106,1780388163.193187
94509,Policy/mean_noise_std,0.2552533745765686,1780388187.0094116
94514,Policy/mean_noise_std,0.25559312105178833,1780388210.6949615
94519,Policy/mean_noise_std,0.2556333541870117,1780388234.184598
94524,Policy/mean_noise_std,0.2556871473789215,1780388257.707263
94529,Policy/mean_noise_std,0.25576165318489075,1780388278.0850947
94534,Policy/mean_noise_std,0.2559233605861664,1780388297.9853635
94539,Policy/mean_noise_std,0.2562984228134155,1780388318.7197282
94544,Policy/mean_noise_std,0.25655004382133484,1780388342.116295
94549,Policy/mean_noise_std,0.2573241591453552,1780388365.7042372
94554,Policy/mean_noise_std,0.2578445076942444,1780388389.488595
94559,Policy/mean_noise_std,0.25819870829582214,1780388413.0282364
94564,Policy/mean_noise_std,0.2584172487258911,1780388437.1244066
94569,Policy/mean_noise_std,0.25901803374290466,1780388461.2721746
94574,Policy/mean_noise_std,0.25941869616508484,1780388485.0647728
94579,Policy/mean_noise_std,0.25946158170700073,1780388508.8589368
94584,Policy/mean_noise_std,0.25951266288757324,1780388532.5915985
94589,Policy/mean_noise_std,0.25970304012298584,1780388556.18812
94594,Policy/mean_noise_std,0.2595522403717041,1780388580.0267944
94599,Policy/mean_noise_std,0.25954705476760864,1780388603.6829429
94604,Policy/mean_noise_std,0.2599863111972809,1780388627.2912416
94609,Policy/mean_noise_std,0.2607988715171814,1780388651.020856
94614,Policy/mean_noise_std,0.26139992475509644,1780388674.5759408
94619,Policy/mean_noise_std,0.261711061000824,1780388698.0296679
94624,Policy/mean_noise_std,0.26209956407546997,1780388721.9068553
94629,Policy/mean_noise_std,0.2629942297935486,1780388746.1627817
94634,Policy/mean_noise_std,0.26326125860214233,1780388769.6962314
94639,Policy/mean_noise_std,0.26331934332847595,1780388793.3279357
94644,Policy/mean_noise_std,0.2633996605873108,1780388817.3340247
94649,Policy/mean_noise_std,0.26364222168922424,1780388840.8883274
94654,Policy/mean_noise_std,0.26362907886505127,1780388864.5997941
94659,Policy/mean_noise_std,0.26414525508880615,1780388888.2880735
94664,Policy/mean_noise_std,0.26483628153800964,1780388911.7086437
94669,Policy/mean_noise_std,0.2653440237045288,1780388935.588556
94674,Policy/mean_noise_std,0.2654939889907837,1780388959.580078
94679,Policy/mean_noise_std,0.2659078538417816,1780388983.2941453
94684,Policy/mean_noise_std,0.2663668692111969,1780389007.0773566
94689,Policy/mean_noise_std,0.2673580050468445,1780389031.1314967
94694,Policy/mean_noise_std,0.2678154408931732,1780389054.9625173
94699,Policy/mean_noise_std,0.2683623731136322,1780389079.2003167
94704,Policy/mean_noise_std,0.26873350143432617,1780389102.9382036
94709,Policy/mean_noise_std,0.2694556415081024,1780389127.2070694
94714,Policy/mean_noise_std,0.2706613540649414,1780389151.2416272
94719,Policy/mean_noise_std,0.27064427733421326,1780389175.5235887
94724,Policy/mean_noise_std,0.27112236618995667,1780389199.4966502
94729,Policy/mean_noise_std,0.2715780436992645,1780389223.3693483
94734,Policy/mean_noise_std,0.27264127135276794,1780389247.4773018
94739,Policy/mean_noise_std,0.2733420133590698,1780389271.6561708
94744,Policy/mean_noise_std,0.2739509046077728,1780389295.7295954
94749,Policy/mean_noise_std,0.2745380997657776,1780389319.9738936
94754,Policy/mean_noise_std,0.2749529480934143,1780389344.1432712
94759,Policy/mean_noise_std,0.27507537603378296,1780389367.948158
94764,Policy/mean_noise_std,0.2759803533554077,1780389392.1549604
94769,Policy/mean_noise_std,0.2773224413394928,1780389416.725569
94774,Policy/mean_noise_std,0.2781737446784973,1780389437.6617594
94779,Policy/mean_noise_std,0.278524249792099,1780389460.79926
94784,Policy/mean_noise_std,0.2785879671573639,1780389485.2803776
94789,Policy/mean_noise_std,0.2791123688220978,1780389509.631972
94794,Policy/mean_noise_std,0.27965450286865234,1780389534.3581693
94799,Policy/mean_noise_std,0.2802312970161438,1780389558.637425
94804,Policy/mean_noise_std,0.28111082315444946,1780389583.5205374
94809,Policy/mean_noise_std,0.2820519506931305,1780389607.379829
94814,Policy/mean_noise_std,0.2826392948627472,1780389631.5056791
94819,Policy/mean_noise_std,0.28263401985168457,1780389655.4946337
94824,Policy/mean_noise_std,0.28265589475631714,1780389679.233333
94829,Policy/mean_noise_std,0.2823549509048462,1780389703.345441
94834,Policy/mean_noise_std,0.28278622031211853,1780389727.5667648
94839,Policy/mean_noise_std,0.2827916145324707,1780389750.0974672
94844,Policy/mean_noise_std,0.2829015552997589,1780389773.7290747
94849,Policy/mean_noise_std,0.2832052707672119,1780389795.8419669
94854,Policy/mean_noise_std,0.28387653827667236,1780389820.2624555
94859,Policy/mean_noise_std,0.28445497155189514,1780389844.8144562
94864,Policy/mean_noise_std,0.28438401222229004,1780389868.820234
94869,Policy/mean_noise_std,0.2848026752471924,1780389889.622258
94874,Policy/mean_noise_std,0.2851877808570862,1780389911.5728183
94879,Policy/mean_noise_std,0.28471502661705017,1780389935.887519
94884,Policy/mean_noise_std,0.28458404541015625,1780389960.7185853
94889,Policy/mean_noise_std,0.2844710946083069,1780389985.7034194
94894,Policy/mean_noise_std,0.2844337821006775,1780390010.2812839
94899,Policy/mean_noise_std,0.28455811738967896,1780390033.9749398
94904,Policy/mean_noise_std,0.2844994068145752,1780390056.2218032
94909,Policy/mean_noise_std,0.2844982445240021,1780390081.258513
94914,Policy/mean_noise_std,0.2844545543193817,1780390105.789664
94919,Policy/mean_noise_std,0.2846422791481018,1780390130.1453645
94924,Policy/mean_noise_std,0.28504544496536255,1780390154.4625134
94929,Policy/mean_noise_std,0.2856113910675049,1780390174.625285
94934,Policy/mean_noise_std,0.2862764894962311,1780390197.1826396
94939,Policy/mean_noise_std,0.2870681583881378,1780390220.967015
94944,Policy/mean_noise_std,0.28720933198928833,1780390244.8340333
94949,Policy/mean_noise_std,0.2868410348892212,1780390269.1669805
94954,Policy/mean_noise_std,0.2864288091659546,1780390293.580988
94959,Policy/mean_noise_std,0.28614938259124756,1780390314.9727623
94964,Policy/mean_noise_std,0.2863157391548157,1780390336.6197395
94969,Policy/mean_noise_std,0.2861843705177307,1780390359.6820612
94974,Policy/mean_noise_std,0.2863089144229889,1780390379.8208036
94979,Policy/mean_noise_std,0.2860288918018341,1780390399.9631534
94984,Policy/mean_noise_std,0.28604498505592346,1780390420.8827288
94989,Policy/mean_noise_std,0.2858619689941406,1780390441.938838
94994,Policy/mean_noise_std,0.2851690948009491,1780390462.9535894
94999,Policy/mean_noise_std,0.28505536913871765,1780390486.2790945
95004,Policy/mean_noise_std,0.28578421473503113,1780390510.0404747
95009,Policy/mean_noise_std,0.2862391769886017,1780390534.1530375
95014,Policy/mean_noise_std,0.286488801240921,1780390557.9749393
95019,Policy/mean_noise_std,0.2864757776260376,1780390581.812274
95024,Policy/mean_noise_std,0.2856737971305847,1780390605.8241532
95029,Policy/mean_noise_std,0.28526002168655396,1780390629.4836204
95034,Policy/mean_noise_std,0.2857044041156769,1780390653.3114853
95039,Policy/mean_noise_std,0.2861696481704712,1780390676.9261847
95044,Policy/mean_noise_std,0.2859439253807068,1780390700.2169938
95049,Policy/mean_noise_std,0.2861413061618805,1780390723.9388773
95054,Policy/mean_noise_std,0.2859649062156677,1780390747.6126103
95059,Policy/mean_noise_std,0.2858443260192871,1780390771.1109245
95064,Policy/mean_noise_std,0.28609660267829895,1780390794.7484603
95069,Policy/mean_noise_std,0.2863195836544037,1780390818.6310434
95074,Policy/mean_noise_std,0.28604358434677124,1780390842.2608
95079,Policy/mean_noise_std,0.28525856137275696,1780390866.0758638
95084,Policy/mean_noise_std,0.28484633564949036,1780390890.1984606
95089,Policy/mean_noise_std,0.28516456484794617,1780390913.9739423
95094,Policy/mean_noise_std,0.28560173511505127,1780390937.528411
95099,Policy/mean_noise_std,0.28557637333869934,1780390961.2378643
95104,Policy/mean_noise_std,0.2853143513202667,1780390985.1218078
95109,Policy/mean_noise_std,0.2854122519493103,1780391008.7088506
95114,Policy/mean_noise_std,0.28459087014198303,1780391032.363401
95119,Policy/mean_noise_std,0.28448498249053955,1780391056.1030822
95124,Policy/mean_noise_std,0.2848833501338959,1780391079.5541134
95129,Policy/mean_noise_std,0.2845703959465027,1780391103.2049487
95134,Policy/mean_noise_std,0.28423649072647095,1780391126.9909701
95139,Policy/mean_noise_std,0.2837832272052765,1780391150.2809184
95144,Policy/mean_noise_std,0.283895879983902,1780391173.6727154
95149,Policy/mean_noise_std,0.28418582677841187,1780391197.1964304
95154,Policy/mean_noise_std,0.28485575318336487,1780391221.18494
95159,Policy/mean_noise_std,0.2851022183895111,1780391245.7413507
95164,Policy/mean_noise_std,0.2849310040473938,1780391269.651906
95169,Policy/mean_noise_std,0.28501930832862854,1780391293.3559985
95174,Policy/mean_noise_std,0.28474900126457214,1780391317.3157487
95179,Policy/mean_noise_std,0.28486382961273193,1780391341.433692
95184,Policy/mean_noise_std,0.2853112518787384,1780391365.3411822
95189,Policy/mean_noise_std,0.2858923673629761,1780391389.4548957
95194,Policy/mean_noise_std,0.28575950860977173,1780391413.2165213
95199,Policy/mean_noise_std,0.28498730063438416,1780391436.7129393
95204,Policy/mean_noise_std,0.2847170829772949,1780391460.572478
95209,Policy/mean_noise_std,0.28419139981269836,1780391484.5659187
95214,Policy/mean_noise_std,0.28439000248908997,1780391508.3172462
95219,Policy/mean_noise_std,0.28431886434555054,1780391531.7085474
95224,Policy/mean_noise_std,0.28408265113830566,1780391555.515045
95229,Policy/mean_noise_std,0.28386056423187256,1780391579.398941
95234,Policy/mean_noise_std,0.28394919633865356,1780391602.6754754
95239,Policy/mean_noise_std,0.2844606339931488,1780391626.3741448
95244,Policy/mean_noise_std,0.28481242060661316,1780391650.2685096
95249,Policy/mean_noise_std,0.28517651557922363,1780391673.742285
95254,Policy/mean_noise_std,0.28572675585746765,1780391697.319361
95259,Policy/mean_noise_std,0.2857694625854492,1780391720.9376996
95264,Policy/mean_noise_std,0.28614869713783264,1780391745.276322
95269,Policy/mean_noise_std,0.28675153851509094,1780391769.1747024
95274,Policy/mean_noise_std,0.2871285378932953,1780391793.134674
95279,Policy/mean_noise_std,0.2869914174079895,1780391816.548536
95284,Policy/mean_noise_std,0.2867177724838257,1780391840.6962557
95289,Policy/mean_noise_std,0.2864316701889038,1780391864.7077992
95294,Policy/mean_noise_std,0.2859114706516266,1780391888.8215866
95299,Policy/mean_noise_std,0.28525638580322266,1780391912.9246337
95304,Policy/mean_noise_std,0.28575369715690613,1780391936.6994212
95309,Policy/mean_noise_std,0.28576546907424927,1780391960.410632
95314,Policy/mean_noise_std,0.28550952672958374,1780391984.1845798
95319,Policy/mean_noise_std,0.28533774614334106,1780392008.1886647
95324,Policy/mean_noise_std,0.28483065962791443,1780392032.0603206
95329,Policy/mean_noise_std,0.28425803780555725,1780392055.646606
95334,Policy/mean_noise_std,0.2841731011867523,1780392079.9541135
95339,Policy/mean_noise_std,0.2841414511203766,1780392104.0035965
95344,Policy/mean_noise_std,0.2836175262928009,1780392126.8010638
95349,Policy/mean_noise_std,0.2835976183414459,1780392147.054208
95354,Policy/mean_noise_std,0.2837088108062744,1780392166.9627829
95359,Policy/mean_noise_std,0.28340646624565125,1780392188.7089367
95364,Policy/mean_noise_std,0.2829762101173401,1780392209.2799
95369,Policy/mean_noise_std,0.28286150097846985,1780392229.1850789
95374,Policy/mean_noise_std,0.2825319170951843,1780392252.0190442
95379,Policy/mean_noise_std,0.28207406401634216,1780392276.0060854
95384,Policy/mean_noise_std,0.2820289731025696,1780392300.0616422
95389,Policy/mean_noise_std,0.2822349965572357,1780392324.3601105
95394,Policy/mean_noise_std,0.28248655796051025,1780392348.1023543
95399,Policy/mean_noise_std,0.2822206914424896,1780392371.4323094
95404,Policy/mean_noise_std,0.2813808023929596,1780392395.0317786
95409,Policy/mean_noise_std,0.2810034155845642,1780392418.6858685
95414,Policy/mean_noise_std,0.28067633509635925,1780392442.44293
95419,Policy/mean_noise_std,0.28052541613578796,1780392466.3273263
95424,Policy/mean_noise_std,0.28021371364593506,1780392490.5319064
95429,Policy/mean_noise_std,0.27974367141723633,1780392514.071688
95434,Policy/mean_noise_std,0.27996572852134705,1780392537.6793544
95439,Policy/mean_noise_std,0.28039830923080444,1780392561.0319731
95444,Policy/mean_noise_std,0.2803490161895752,1780392584.501598
95449,Policy/mean_noise_std,0.27999550104141235,1780392608.4539123
95454,Policy/mean_noise_std,0.27946487069129944,1780392632.0628674
95459,Policy/mean_noise_std,0.27892252802848816,1780392655.474196
95464,Policy/mean_noise_std,0.2784271538257599,1780392679.2638743
95469,Policy/mean_noise_std,0.2783062756061554,1780392702.912622
95474,Policy/mean_noise_std,0.2784665524959564,1780392726.327928
95479,Policy/mean_noise_std,0.27906346321105957,1780392749.904844
95484,Policy/mean_noise_std,0.27968835830688477,1780392773.6258106
95489,Policy/mean_noise_std,0.27965810894966125,1780392797.1050541
95494,Policy/mean_noise_std,0.2797307074069977,1780392820.8160264
95499,Policy/mean_noise_std,0.2792844772338867,1780392844.4084003
95504,Policy/mean_noise_std,0.2795885503292084,1780392868.2314265
95509,Policy/mean_noise_std,0.2799404561519623,1780392891.760949
95514,Policy/mean_noise_std,0.2806365489959717,1780392915.5851102
95519,Policy/mean_noise_std,0.2809842526912689,1780392936.9266207
95524,Policy/mean_noise_std,0.28130748867988586,1780392957.7859304
95529,Policy/mean_noise_std,0.28132808208465576,1780392979.984082
95534,Policy/mean_noise_std,0.2811090350151062,1780393004.0296707
95539,Policy/mean_noise_std,0.281169593334198,1780393028.0218446
95544,Policy/mean_noise_std,0.28186070919036865,1780393051.9306722
95549,Policy/mean_noise_std,0.2822670340538025,1780393075.5669248
95554,Policy/mean_noise_std,0.28165265917778015,1780393099.7707493
95559,Policy/mean_noise_std,0.2816188931465149,1780393123.8343897
95564,Policy/mean_noise_std,0.2820037603378296,1780393147.8734782
95569,Policy/mean_noise_std,0.282402902841568,1780393172.0676575
95574,Policy/mean_noise_std,0.2829629182815552,1780393196.1858425
95579,Policy/mean_noise_std,0.28330129384994507,1780393220.283788
95584,Policy/mean_noise_std,0.2834526002407074,1780393243.1564999
95589,Policy/mean_noise_std,0.28398698568344116,1780393264.8275461
95594,Policy/mean_noise_std,0.28359511494636536,1780393289.2616878
95599,Policy/mean_noise_std,0.2835756540298462,1780393313.4303539
95604,Policy/mean_noise_std,0.28344762325286865,1780393335.1673045
95609,Policy/mean_noise_std,0.28338947892189026,1780393358.4785626
95614,Policy/mean_noise_std,0.28331226110458374,1780393382.7544043
95619,Policy/mean_noise_std,0.2837843894958496,1780393407.0071204
95624,Policy/mean_noise_std,0.2836984097957611,1780393431.0215163
95629,Policy/mean_noise_std,0.28350645303726196,1780393455.5785177
95634,Policy/mean_noise_std,0.2834142744541168,1780393479.1037986
95639,Policy/mean_noise_std,0.28308773040771484,1780393499.7480297
95644,Policy/mean_noise_std,0.2829294800758362,1780393520.045587
95649,Policy/mean_noise_std,0.28230422735214233,1780393541.3440318
95654,Policy/mean_noise_std,0.2816362977027893,1780393561.789721
95659,Policy/mean_noise_std,0.28127795457839966,1780393582.8695233
95664,Policy/mean_noise_std,0.28083041310310364,1780393605.5678248
95669,Policy/mean_noise_std,0.2800532281398773,1780393626.5902789
95674,Policy/mean_noise_std,0.279757022857666,1780393647.4714565
95679,Policy/mean_noise_std,0.27923041582107544,1780393667.5058637
95684,Policy/mean_noise_std,0.2790754437446594,1780393691.0014138
95689,Policy/mean_noise_std,0.2791265547275543,1780393715.3563461
95694,Policy/mean_noise_std,0.2788434624671936,1780393739.2441049
95699,Policy/mean_noise_std,0.2790565490722656,1780393763.5587296
95704,Policy/mean_noise_std,0.27902883291244507,1780393788.0665665
95709,Policy/mean_noise_std,0.27883780002593994,1780393812.707977
95714,Policy/mean_noise_std,0.27791059017181396,1780393834.3492656
95719,Policy/mean_noise_std,0.2773939073085785,1780393857.0638232
95724,Policy/mean_noise_std,0.27712443470954895,1780393880.8937116
95729,Policy/mean_noise_std,0.27733293175697327,1780393905.2857447
95734,Policy/mean_noise_std,0.27689245343208313,1780393929.2896724
95739,Policy/mean_noise_std,0.27634090185165405,1780393952.9138455
95744,Policy/mean_noise_std,0.2759106159210205,1780393976.5711465
95749,Policy/mean_noise_std,0.27545788884162903,1780394000.6197736
95754,Policy/mean_noise_std,0.27531129121780396,1780394024.6262457
95759,Policy/mean_noise_std,0.27491965889930725,1780394048.7238634
95764,Policy/mean_noise_std,0.2746603488922119,1780394072.4812665
95769,Policy/mean_noise_std,0.2745915949344635,1780394095.9527307
95774,Policy/mean_noise_std,0.2743276059627533,1780394117.5285974
95779,Policy/mean_noise_std,0.27430260181427,1780394140.7305963
95784,Policy/mean_noise_std,0.2738354206085205,1780394165.0167167
95789,Policy/mean_noise_std,0.27378687262535095,1780394189.2190807
95794,Policy/mean_noise_std,0.2737981081008911,1780394212.8926027
95799,Policy/mean_noise_std,0.27362385392189026,1780394236.4364133
95804,Policy/mean_noise_std,0.273095041513443,1780394260.3077228
95809,Policy/mean_noise_std,0.27281811833381653,1780394283.4960134
95814,Policy/mean_noise_std,0.27245619893074036,1780394303.609656
95819,Policy/mean_noise_std,0.2717699706554413,1780394323.2410765
95824,Policy/mean_noise_std,0.27163460850715637,1780394343.0305417
95829,Policy/mean_noise_std,0.27170804142951965,1780394363.042631
95834,Policy/mean_noise_std,0.271992951631546,1780394383.2727332
95839,Policy/mean_noise_std,0.2716977596282959,1780394403.219882
95844,Policy/mean_noise_std,0.2719840407371521,1780394423.1503773
95849,Policy/mean_noise_std,0.2722053825855255,1780394446.1296132
95854,Policy/mean_noise_std,0.27277034521102905,1780394469.849247
95859,Policy/mean_noise_std,0.2734230160713196,1780394493.618845
95864,Policy/mean_noise_std,0.27348241209983826,1780394517.5137584
95869,Policy/mean_noise_std,0.2735605835914612,1780394541.293828
95874,Policy/mean_noise_std,0.27399715781211853,1780394565.394618
95879,Policy/mean_noise_std,0.2745486795902252,1780394585.9487395
95884,Policy/mean_noise_std,0.27473169565200806,1780394610.5137289
95889,Policy/mean_noise_std,0.2744283676147461,1780394634.6733704
95894,Policy/mean_noise_std,0.2748694121837616,1780394658.921734
95899,Policy/mean_noise_std,0.27505728602409363,1780394682.901459
95904,Policy/mean_noise_std,0.2756008207798004,1780394706.799306
95909,Policy/mean_noise_std,0.27588823437690735,1780394730.4302497
95914,Policy/mean_noise_std,0.27628588676452637,1780394754.5496433
95919,Policy/mean_noise_std,0.2762143015861511,1780394778.758412
95924,Policy/mean_noise_std,0.2758237421512604,1780394802.5124867
95929,Policy/mean_noise_std,0.27596354484558105,1780394826.4983876
95934,Policy/mean_noise_std,0.27581822872161865,1780394850.7714906
95939,Policy/mean_noise_std,0.2760521471500397,1780394874.3913171
95944,Policy/mean_noise_std,0.2763069272041321,1780394898.2220783
95949,Policy/mean_noise_std,0.27670714259147644,1780394922.675312
95954,Policy/mean_noise_std,0.27706223726272583,1780394947.0381105
95959,Policy/mean_noise_std,0.2778882384300232,1780394967.3474808
95964,Policy/mean_noise_std,0.27859219908714294,1780394989.766146
95969,Policy/mean_noise_std,0.2788870334625244,1780395010.2438517
95974,Policy/mean_noise_std,0.27874743938446045,1780395034.6498811
95979,Policy/mean_noise_std,0.27909567952156067,1780395058.864251
95984,Policy/mean_noise_std,0.2797848582267761,1780395082.7902644
95989,Policy/mean_noise_std,0.28041163086891174,1780395106.4298477
95994,Policy/mean_noise_std,0.2806170880794525,1780395130.8432784
95999,Policy/mean_noise_std,0.2804945111274719,1780395153.354076
96004,Policy/mean_noise_std,0.28091078996658325,1780395177.5999703
96009,Policy/mean_noise_std,0.2806471884250641,1780395199.0856333
96014,Policy/mean_noise_std,0.2807005047798157,1780395223.4536817
96019,Policy/mean_noise_std,0.28096938133239746,1780395245.76133
96024,Policy/mean_noise_std,0.2817043960094452,1780395269.9259326
96029,Policy/mean_noise_std,0.2815023362636566,1780395293.971789
96034,Policy/mean_noise_std,0.28122764825820923,1780395317.931911
96039,Policy/mean_noise_std,0.281343013048172,1780395341.9720876
96044,Policy/mean_noise_std,0.2812587320804596,1780395366.0491326
96049,Policy/mean_noise_std,0.2814921736717224,1780395390.3879478
96054,Policy/mean_noise_std,0.28116562962532043,1780395414.1770763
96059,Policy/mean_noise_std,0.28034812211990356,1780395437.9750051
96064,Policy/mean_noise_std,0.27979233860969543,1780395462.0965526
96069,Policy/mean_noise_std,0.2794683575630188,1780395486.2410266
96074,Policy/mean_noise_std,0.27901217341423035,1780395510.0524192
96079,Policy/mean_noise_std,0.27931299805641174,1780395534.1575506
96084,Policy/mean_noise_std,0.27904465794563293,1780395558.1484015
96089,Policy/mean_noise_std,0.2789153456687927,1780395581.9551833
96094,Policy/mean_noise_std,0.2786102294921875,1780395606.284574
96099,Policy/mean_noise_std,0.2785574495792389,1780395630.6810687
96104,Policy/mean_noise_std,0.27820873260498047,1780395654.7654471
96109,Policy/mean_noise_std,0.278169184923172,1780395679.2617872
96114,Policy/mean_noise_std,0.27799856662750244,1780395703.2754054
96119,Policy/mean_noise_std,0.2784181237220764,1780395727.433498
96124,Policy/mean_noise_std,0.2787606716156006,1780395751.5443046
96129,Policy/mean_noise_std,0.27809712290763855,1780395775.6540027
96134,Policy/mean_noise_std,0.2779351770877838,1780395799.9877117
96139,Policy/mean_noise_std,0.2783123254776001,1780395824.771363
96144,Policy/mean_noise_std,0.27924656867980957,1780395849.478143
96149,Policy/mean_noise_std,0.2798113226890564,1780395874.3253171
96154,Policy/mean_noise_std,0.2799646556377411,1780395899.303862
96159,Policy/mean_noise_std,0.280188649892807,1780395924.2305474
96164,Policy/mean_noise_std,0.28029268980026245,1780395949.0663502
96169,Policy/mean_noise_std,0.2801622748374939,1780395973.7527745
96174,Policy/mean_noise_std,0.28034430742263794,1780395996.9539337
96179,Policy/mean_noise_std,0.28001561760902405,1780396018.0010977
96184,Policy/mean_noise_std,0.27890315651893616,1780396038.5438275
96189,Policy/mean_noise_std,0.27937084436416626,1780396058.8730505
96194,Policy/mean_noise_std,0.2797875702381134,1780396079.251452
96199,Policy/mean_noise_std,0.2798173725605011,1780396099.4633918
96204,Policy/mean_noise_std,0.27936989068984985,1780396120.499649
96209,Policy/mean_noise_std,0.27919748425483704,1780396140.869058
96214,Policy/mean_noise_std,0.2789563834667206,1780396164.8120854
96219,Policy/mean_noise_std,0.2787932753562927,1780396189.2454052
96224,Policy/mean_noise_std,0.27866512537002563,1780396213.5196033
96229,Policy/mean_noise_std,0.2779758870601654,1780396237.893076
96234,Policy/mean_noise_std,0.2778935432434082,1780396261.9662294
96239,Policy/mean_noise_std,0.2773340940475464,1780396285.9655972
96244,Policy/mean_noise_std,0.27671682834625244,1780396310.6177225
96249,Policy/mean_noise_std,0.27619415521621704,1780396334.0897253
96254,Policy/mean_noise_std,0.27549347281455994,1780396358.634138
96259,Policy/mean_noise_std,0.2754059135913849,1780396383.3718266
96264,Policy/mean_noise_std,0.275812029838562,1780396407.9928248
96269,Policy/mean_noise_std,0.2763550877571106,1780396432.2188966
96274,Policy/mean_noise_std,0.2763924300670624,1780396456.5085366
96279,Policy/mean_noise_std,0.27619343996047974,1780396481.245477
96284,Policy/mean_noise_std,0.2762797474861145,1780396505.9239523
96289,Policy/mean_noise_std,0.27600282430648804,1780396530.1188352
96294,Policy/mean_noise_std,0.2755385935306549,1780396554.3409166
96299,Policy/mean_noise_std,0.27517467737197876,1780396575.4766862
96304,Policy/mean_noise_std,0.2747408151626587,1780396596.1442149
96309,Policy/mean_noise_std,0.2751844525337219,1780396619.8880315
96314,Policy/mean_noise_std,0.2755478620529175,1780396642.9815555
96319,Policy/mean_noise_std,0.2761189639568329,1780396667.9185352
96324,Policy/mean_noise_std,0.27626699209213257,1780396692.2302413
96329,Policy/mean_noise_std,0.27609166502952576,1780396717.0823088
96334,Policy/mean_noise_std,0.27618008852005005,1780396741.5364566
96339,Policy/mean_noise_std,0.27612191438674927,1780396766.24768
96344,Policy/mean_noise_std,0.2756402790546417,1780396791.4600532
96349,Policy/mean_noise_std,0.27533286809921265,1780396816.7044058
96354,Policy/mean_noise_std,0.2753889560699463,1780396841.742869
96359,Policy/mean_noise_std,0.27521198987960815,1780396865.5822966
96364,Policy/mean_noise_std,0.27527469396591187,1780396889.6386235
96369,Policy/mean_noise_std,0.2749207615852356,1780396913.4561822
96374,Policy/mean_noise_std,0.2742850184440613,1780396937.0262403
96379,Policy/mean_noise_std,0.2739894986152649,1780396960.9867682
96384,Policy/mean_noise_std,0.27362126111984253,1780396984.9486659
96389,Policy/mean_noise_std,0.27369967103004456,1780397005.7634282
96394,Policy/mean_noise_std,0.27327364683151245,1780397028.6927986
96399,Policy/mean_noise_std,0.27315425872802734,1780397053.3230262
96404,Policy/mean_noise_std,0.2729363441467285,1780397077.4323516
96409,Policy/mean_noise_std,0.273286372423172,1780397101.9198809
96414,Policy/mean_noise_std,0.2733420729637146,1780397125.6904674
96419,Policy/mean_noise_std,0.27332866191864014,1780397149.3357275
96424,Policy/mean_noise_std,0.27322983741760254,1780397173.35412
96429,Policy/mean_noise_std,0.27282455563545227,1780397197.4467282
96434,Policy/mean_noise_std,0.2726660370826721,1780397221.0763915
96439,Policy/mean_noise_std,0.2728719115257263,1780397245.0502791
96444,Policy/mean_noise_std,0.2729025185108185,1780397268.9663653
96449,Policy/mean_noise_std,0.2723539173603058,1780397292.7071183
96454,Policy/mean_noise_std,0.2718687057495117,1780397315.7841876
96459,Policy/mean_noise_std,0.27252450585365295,1780397336.675002
96464,Policy/mean_noise_std,0.27299368381500244,1780397361.052479
96469,Policy/mean_noise_std,0.27287471294403076,1780397384.9862216
96474,Policy/mean_noise_std,0.27260270714759827,1780397408.7511687
96479,Policy/mean_noise_std,0.2727135419845581,1780397432.5268419
96484,Policy/mean_noise_std,0.2729922831058502,1780397456.682378
96489,Policy/mean_noise_std,0.2735944986343384,1780397480.4288604
96494,Policy/mean_noise_std,0.27392929792404175,1780397504.2694926
96499,Policy/mean_noise_std,0.27369824051856995,1780397528.150729
96504,Policy/mean_noise_std,0.2734689712524414,1780397551.6828642
96509,Policy/mean_noise_std,0.27351540327072144,1780397575.5939672
96514,Policy/mean_noise_std,0.2730734050273895,1780397599.2583745
96519,Policy/mean_noise_std,0.2730206549167633,1780397622.7558432
96524,Policy/mean_noise_std,0.2730311155319214,1780397646.3785963
96529,Policy/mean_noise_std,0.2730134129524231,1780397670.1567652
96534,Policy/mean_noise_std,0.27305829524993896,1780397693.8305323
96539,Policy/mean_noise_std,0.27330482006073,1780397718.1949656
96544,Policy/mean_noise_std,0.27310043573379517,1780397742.5525098
96549,Policy/mean_noise_std,0.27346310019493103,1780397766.7727385
96554,Policy/mean_noise_std,0.2738729417324066,1780397791.2072508
96559,Policy/mean_noise_std,0.2737358510494232,1780397815.464705
96564,Policy/mean_noise_std,0.27377793192863464,1780397839.098445
96569,Policy/mean_noise_std,0.2738889157772064,1780397862.8960128
96574,Policy/mean_noise_std,0.27372804284095764,1780397886.868712
96579,Policy/mean_noise_std,0.27407050132751465,1780397910.6966262
96584,Policy/mean_noise_std,0.27438440918922424,1780397934.3914378
96589,Policy/mean_noise_std,0.27476778626441956,1780397958.2116504
96594,Policy/mean_noise_std,0.274475634098053,1780397982.593812
96599,Policy/mean_noise_std,0.27404871582984924,1780398007.035006
96604,Policy/mean_noise_std,0.2739031910896301,1780398031.6826434
96609,Policy/mean_noise_std,0.2734815180301666,1780398055.6926718
96614,Policy/mean_noise_std,0.27377429604530334,1780398079.54295
96619,Policy/mean_noise_std,0.2746370732784271,1780398103.6610005
96624,Policy/mean_noise_std,0.2747507691383362,1780398127.423363
96629,Policy/mean_noise_std,0.27516689896583557,1780398151.2894714
96634,Policy/mean_noise_std,0.2751510739326477,1780398175.2973511
96639,Policy/mean_noise_std,0.2748091220855713,1780398199.1327257
96644,Policy/mean_noise_std,0.27467840909957886,1780398223.049689
96649,Policy/mean_noise_std,0.2746102213859558,1780398247.4760787
96654,Policy/mean_noise_std,0.274678498506546,1780398271.1892436
96659,Policy/mean_noise_std,0.2744244337081909,1780398295.1752594
96664,Policy/mean_noise_std,0.27425897121429443,1780398319.0877733
96669,Policy/mean_noise_std,0.2738121449947357,1780398342.9224558
96674,Policy/mean_noise_std,0.27337032556533813,1780398366.8747306
96679,Policy/mean_noise_std,0.2732574939727783,1780398391.1311805
96684,Policy/mean_noise_std,0.2731441259384155,1780398415.0393803
96689,Policy/mean_noise_std,0.27322229743003845,1780398438.6332307
96694,Policy/mean_noise_std,0.2737307846546173,1780398462.5197241
96699,Policy/mean_noise_std,0.2741427421569824,1780398486.3298998
96704,Policy/mean_noise_std,0.2745959758758545,1780398511.0131614
96709,Policy/mean_noise_std,0.27511727809906006,1780398533.285814
96714,Policy/mean_noise_std,0.2756224572658539,1780398554.4551096
96719,Policy/mean_noise_std,0.2756989002227783,1780398578.2600396
96724,Policy/mean_noise_std,0.2762634754180908,1780398602.6900022
96729,Policy/mean_noise_std,0.2763235569000244,1780398626.5470114
96734,Policy/mean_noise_std,0.27641502022743225,1780398647.259132
96739,Policy/mean_noise_std,0.27668654918670654,1780398668.9290686
96744,Policy/mean_noise_std,0.27649402618408203,1780398693.3827262
96749,Policy/mean_noise_std,0.2763935923576355,1780398717.7065384
96754,Policy/mean_noise_std,0.27650803327560425,1780398742.0957644
96759,Policy/mean_noise_std,0.27670589089393616,1780398766.4025939
96764,Policy/mean_noise_std,0.2766575217247009,1780398790.4058797
96769,Policy/mean_noise_std,0.2762526571750641,1780398814.4122138
96774,Policy/mean_noise_std,0.2756628394126892,1780398838.511763
96779,Policy/mean_noise_std,0.2756052315235138,1780398860.513228
96784,Policy/mean_noise_std,0.2759522497653961,1780398885.5672882
96789,Policy/mean_noise_std,0.27588674426078796,1780398909.9567266
96794,Policy/mean_noise_std,0.2756726145744324,1780398930.7589529
96799,Policy/mean_noise_std,0.27544158697128296,1780398952.1134946
96804,Policy/mean_noise_std,0.27504274249076843,1780398976.2458658
96809,Policy/mean_noise_std,0.27505719661712646,1780399000.3367493
96814,Policy/mean_noise_std,0.2753793001174927,1780399024.3563957
96819,Policy/mean_noise_std,0.2756613492965698,1780399048.4576116
96824,Policy/mean_noise_std,0.2759532630443573,1780399072.472193
96829,Policy/mean_noise_std,0.2765299379825592,1780399096.116683
96834,Policy/mean_noise_std,0.27683863043785095,1780399120.1064148
96839,Policy/mean_noise_std,0.2771802544593811,1780399144.097402
96844,Policy/mean_noise_std,0.27689966559410095,1780399168.2597263
96849,Policy/mean_noise_std,0.27664464712142944,1780399192.6421113
96854,Policy/mean_noise_std,0.27610650658607483,1780399216.4699106
96859,Policy/mean_noise_std,0.2757985293865204,1780399240.5944276
96864,Policy/mean_noise_std,0.276172012090683,1780399265.0386794
96869,Policy/mean_noise_std,0.27693334221839905,1780399288.895561
96874,Policy/mean_noise_std,0.2773457169532776,1780399313.9786944
96879,Policy/mean_noise_std,0.2770133316516876,1780399334.924117
96884,Policy/mean_noise_std,0.27663013339042664,1780399358.6559827
96889,Policy/mean_noise_std,0.27654585242271423,1780399383.8188882
96894,Policy/mean_noise_std,0.27635738253593445,1780399408.018017
96899,Policy/mean_noise_std,0.27615633606910706,1780399432.143674
96904,Policy/mean_noise_std,0.2759498953819275,1780399456.8709192
96909,Policy/mean_noise_std,0.2757321000099182,1780399480.7499518
96914,Policy/mean_noise_std,0.27589088678359985,1780399505.455872
96919,Policy/mean_noise_std,0.27570971846580505,1780399530.1431959
96924,Policy/mean_noise_std,0.2756147086620331,1780399554.3802292
96929,Policy/mean_noise_std,0.27603965997695923,1780399578.7190895
96934,Policy/mean_noise_std,0.2761020064353943,1780399602.9465322
96939,Policy/mean_noise_std,0.27579963207244873,1780399626.8722663
96944,Policy/mean_noise_std,0.27623116970062256,1780399650.8922558
96949,Policy/mean_noise_std,0.2764517366886139,1780399674.9968264
96954,Policy/mean_noise_std,0.2763362228870392,1780399698.7578185
96959,Policy/mean_noise_std,0.27619704604148865,1780399722.9561121
96964,Policy/mean_noise_std,0.2762468159198761,1780399747.1448874
96969,Policy/mean_noise_std,0.27562400698661804,1780399771.2530086
96974,Policy/mean_noise_std,0.276004433631897,1780399795.6167653
96979,Policy/mean_noise_std,0.27585241198539734,1780399819.496545
96984,Policy/mean_noise_std,0.27611225843429565,1780399843.7925014
96989,Policy/mean_noise_std,0.276383638381958,1780399868.2657626
96994,Policy/mean_noise_std,0.2762909233570099,1780399892.7742224
96999,Policy/mean_noise_std,0.27610740065574646,1780399917.0304549
97004,Policy/mean_noise_std,0.2761049270629883,1780399941.3706167
97009,Policy/mean_noise_std,0.27622973918914795,1780399965.716247
97014,Policy/mean_noise_std,0.27616825699806213,1780399989.9299383
97019,Policy/mean_noise_std,0.2761998176574707,1780400013.8577302
97024,Policy/mean_noise_std,0.2762463092803955,1780400034.4971147
97029,Policy/mean_noise_std,0.2759023606777191,1780400058.9604561
97034,Policy/mean_noise_std,0.27513208985328674,1780400082.7489507
97039,Policy/mean_noise_std,0.2746114134788513,1780400106.7424188
97044,Policy/mean_noise_std,0.2741175889968872,1780400131.0926178
97049,Policy/mean_noise_std,0.2739371657371521,1780400155.2085545
97054,Policy/mean_noise_std,0.27433377504348755,1780400179.3602064
97059,Policy/mean_noise_std,0.274339884519577,1780400203.3466969
97064,Policy/mean_noise_std,0.2745569050312042,1780400227.0659008
97069,Policy/mean_noise_std,0.2752009630203247,1780400251.4087582
97074,Policy/mean_noise_std,0.27575331926345825,1780400272.9890091
97079,Policy/mean_noise_std,0.2761501967906952,1780400296.6901248
97084,Policy/mean_noise_std,0.2765239477157593,1780400320.7757854
97089,Policy/mean_noise_std,0.2760351002216339,1780400344.491846
97094,Policy/mean_noise_std,0.27571386098861694,1780400368.6702495
97099,Policy/mean_noise_std,0.2756434977054596,1780400392.9192884
97104,Policy/mean_noise_std,0.27554798126220703,1780400417.3287468
97109,Policy/mean_noise_std,0.27544718980789185,1780400441.8838747
97114,Policy/mean_noise_std,0.27593380212783813,1780400466.4159713
97119,Policy/mean_noise_std,0.2762792706489563,1780400490.5990195
97124,Policy/mean_noise_std,0.27627918124198914,1780400514.717163
97129,Policy/mean_noise_std,0.2763824760913849,1780400539.0455086
97134,Policy/mean_noise_std,0.2760572135448456,1780400563.2318475
97139,Policy/mean_noise_std,0.2757512331008911,1780400587.7299528
97144,Policy/mean_noise_std,0.276043564081192,1780400611.897799
97149,Policy/mean_noise_std,0.27632102370262146,1780400636.0898755
97154,Policy/mean_noise_std,0.2770234942436218,1780400660.3597574
97159,Policy/mean_noise_std,0.2775321304798126,1780400685.0061836
97164,Policy/mean_noise_std,0.2773486077785492,1780400709.4021542
97169,Policy/mean_noise_std,0.27724966406822205,1780400733.6878371
97174,Policy/mean_noise_std,0.2774348556995392,1780400758.4568706
97179,Policy/mean_noise_std,0.27712154388427734,1780400783.4020631
97184,Policy/mean_noise_std,0.27692559361457825,1780400807.680235
97189,Policy/mean_noise_std,0.276808500289917,1780400831.906421
97194,Policy/mean_noise_std,0.2767791152000427,1780400856.2361443
97199,Policy/mean_noise_std,0.2766883671283722,1780400880.3553996
97204,Policy/mean_noise_std,0.27702417969703674,1780400904.4417517
97209,Policy/mean_noise_std,0.27756282687187195,1780400928.6373897
97214,Policy/mean_noise_std,0.2780495285987854,1780400952.5543966
97219,Policy/mean_noise_std,0.27822431921958923,1780400976.640134
97224,Policy/mean_noise_std,0.2788146734237671,1780401000.9784493
97229,Policy/mean_noise_std,0.2793918251991272,1780401025.1935167
97234,Policy/mean_noise_std,0.2795223295688629,1780401049.4011426
97239,Policy/mean_noise_std,0.2790072560310364,1780401073.578031
97244,Policy/mean_noise_std,0.2783084213733673,1780401097.5584307
97249,Policy/mean_noise_std,0.27871161699295044,1780401122.0844543
97254,Policy/mean_noise_std,0.27911296486854553,1780401144.0903091
97259,Policy/mean_noise_std,0.2789996862411499,1780401166.2044969
97264,Policy/mean_noise_std,0.2791697382926941,1780401191.4525216
97269,Policy/mean_noise_std,0.2789195477962494,1780401215.886668
97274,Policy/mean_noise_std,0.27859732508659363,1780401240.0002558
97279,Policy/mean_noise_std,0.27843502163887024,1780401261.84494
97284,Policy/mean_noise_std,0.27866873145103455,1780401285.584314
97289,Policy/mean_noise_std,0.27881717681884766,1780401308.8624392
97294,Policy/mean_noise_std,0.27850255370140076,1780401329.579108
97299,Policy/mean_noise_std,0.2778407037258148,1780401349.6719134
97304,Policy/mean_noise_std,0.27776339650154114,1780401370.8972585
97309,Policy/mean_noise_std,0.27807489037513733,1780401393.8436623
97314,Policy/mean_noise_std,0.2783045172691345,1780401414.106036
97319,Policy/mean_noise_std,0.27779144048690796,1780401434.3486538
97324,Policy/mean_noise_std,0.2780725061893463,1780401454.3168883
97329,Policy/mean_noise_std,0.27795401215553284,1780401474.3375325
97334,Policy/mean_noise_std,0.27778753638267517,1780401494.0454547
97339,Policy/mean_noise_std,0.27790215611457825,1780401513.9729674
97344,Policy/mean_noise_std,0.2771131098270416,1780401533.8509424
97349,Policy/mean_noise_std,0.2765763998031616,1780401554.0393958
97354,Policy/mean_noise_std,0.2762244939804077,1780401575.5731812
97359,Policy/mean_noise_std,0.27626970410346985,1780401599.6749756
97364,Policy/mean_noise_std,0.2762441337108612,1780401623.6430533
97369,Policy/mean_noise_std,0.2761515974998474,1780401647.099251
97374,Policy/mean_noise_std,0.27615252137184143,1780401671.3294413
97379,Policy/mean_noise_std,0.2759605050086975,1780401693.8455243
97384,Policy/mean_noise_std,0.2758139371871948,1780401713.7890809
97389,Policy/mean_noise_std,0.27667054533958435,1780401736.0179882
97394,Policy/mean_noise_std,0.2772243022918701,1780401759.7213514
97399,Policy/mean_noise_std,0.27835315465927124,1780401782.3187044
97404,Policy/mean_noise_std,0.2791043519973755,1780401806.782957
97409,Policy/mean_noise_std,0.27959105372428894,1780401827.632964
97414,Policy/mean_noise_std,0.27986133098602295,1780401848.4654925
97419,Policy/mean_noise_std,0.279950886964798,1780401868.5532978
97424,Policy/mean_noise_std,0.2796548306941986,1780401889.0063934
97429,Policy/mean_noise_std,0.2791597843170166,1780401909.001951
97434,Policy/mean_noise_std,0.27876245975494385,1780401932.2491782
97439,Policy/mean_noise_std,0.2784815728664398,1780401956.2298625
97444,Policy/mean_noise_std,0.27824264764785767,1780401979.8334734
97449,Policy/mean_noise_std,0.2780683636665344,1780402003.6998937
97454,Policy/mean_noise_std,0.2781684398651123,1780402027.8502195
97459,Policy/mean_noise_std,0.2784649133682251,1780402051.6809704
97464,Policy/mean_noise_std,0.2783123254776001,1780402075.6778417
97469,Policy/mean_noise_std,0.2780592441558838,1780402098.622711
97474,Policy/mean_noise_std,0.27744925022125244,1780402119.070767
97479,Policy/mean_noise_std,0.2771579623222351,1780402142.6166148
97484,Policy/mean_noise_std,0.2768096327781677,1780402166.587044
97489,Policy/mean_noise_std,0.2763211727142334,1780402191.0689085
97494,Policy/mean_noise_std,0.2761107385158539,1780402215.2227716
97499,Policy/mean_noise_std,0.27604395151138306,1780402239.1379158
97504,Policy/mean_noise_std,0.2758045494556427,1780402263.3154125
97509,Policy/mean_noise_std,0.27543890476226807,1780402287.126963
97514,Policy/mean_noise_std,0.2749478816986084,1780402311.2407007
97519,Policy/mean_noise_std,0.2745833694934845,1780402335.3152137
97524,Policy/mean_noise_std,0.27438753843307495,1780402358.9166849
97529,Policy/mean_noise_std,0.27416786551475525,1780402383.0773795
97534,Policy/mean_noise_std,0.2738959789276123,1780402407.0067785
97539,Policy/mean_noise_std,0.2741967439651489,1780402430.6423469
97544,Policy/mean_noise_std,0.27457454800605774,1780402454.8096123
97549,Policy/mean_noise_std,0.27518898248672485,1780402479.2026832
97554,Policy/mean_noise_std,0.27576956152915955,1780402503.2244055
97559,Policy/mean_noise_std,0.27633053064346313,1780402527.4799545
97564,Policy/mean_noise_std,0.2766832411289215,1780402551.4964495
97569,Policy/mean_noise_std,0.27696266770362854,1780402575.2442467
97574,Policy/mean_noise_std,0.2770754098892212,1780402599.4115236
97579,Policy/mean_noise_std,0.277352899312973,1780402623.3257291
97584,Policy/mean_noise_std,0.2772808372974396,1780402647.6116438
97589,Policy/mean_noise_std,0.27665746212005615,1780402671.847105
97594,Policy/mean_noise_std,0.27656421065330505,1780402696.0688207
97598,Policy/mean_noise_std,0.27675336599349976,1780402715.783933
92599,Loss/learning_rate,9.999999747378752e-06,1780379380.6850564
92604,Loss/learning_rate,9.999999747378752e-06,1780379401.1486173
92609,Loss/learning_rate,9.999999747378752e-06,1780379425.7718492
92614,Loss/learning_rate,9.999999747378752e-06,1780379449.3136744
92619,Loss/learning_rate,9.999999747378752e-06,1780379471.72083
92624,Loss/learning_rate,9.999999747378752e-06,1780379493.9487512
92629,Loss/learning_rate,9.999999747378752e-06,1780379516.6668708
92634,Loss/learning_rate,9.999999747378752e-06,1780379542.3875122
92639,Loss/learning_rate,9.999999747378752e-06,1780379568.1246212
92644,Loss/learning_rate,1.4999999621068127e-05,1780379593.7749355
92649,Loss/learning_rate,9.999999747378752e-06,1780379618.8604517
92654,Loss/learning_rate,1.4999999621068127e-05,1780379644.014561
92659,Loss/learning_rate,9.999999747378752e-06,1780379669.6618903
92664,Loss/learning_rate,1.4999999621068127e-05,1780379695.3741775
92669,Loss/learning_rate,9.999999747378752e-06,1780379720.5743945
92674,Loss/learning_rate,9.999999747378752e-06,1780379745.5457537
92679,Loss/learning_rate,9.999999747378752e-06,1780379767.9905987
92684,Loss/learning_rate,9.999999747378752e-06,1780379789.490637
92689,Loss/learning_rate,9.999999747378752e-06,1780379814.4521813
92694,Loss/learning_rate,9.999999747378752e-06,1780379837.434791
92699,Loss/learning_rate,9.999999747378752e-06,1780379860.9487295
92704,Loss/learning_rate,9.999999747378752e-06,1780379884.9402564
92709,Loss/learning_rate,1.4999999621068127e-05,1780379910.7286553
92714,Loss/learning_rate,3.3749998692655936e-05,1780379934.429676
92719,Loss/learning_rate,3.3749998692655936e-05,1780379956.357663
92724,Loss/learning_rate,2.2500000341096893e-05,1780379978.1621609
92729,Loss/learning_rate,9.999999747378752e-06,1780379999.5733452
92734,Loss/learning_rate,2.2500000341096893e-05,1780380024.8813274
92739,Loss/learning_rate,3.3749998692655936e-05,1780380049.9851522
92744,Loss/learning_rate,1.4999999621068127e-05,1780380074.4872642
92749,Loss/learning_rate,2.2500000341096893e-05,1780380099.0129578
92754,Loss/learning_rate,1.4999999621068127e-05,1780380123.0244203
92759,Loss/learning_rate,1.4999999621068127e-05,1780380143.8387206
92764,Loss/learning_rate,9.999999747378752e-06,1780380164.335615
92769,Loss/learning_rate,1.4999999621068127e-05,1780380185.026862
92774,Loss/learning_rate,2.2500000341096893e-05,1780380205.8912742
92779,Loss/learning_rate,9.999999747378752e-06,1780380233.6846113
92784,Loss/learning_rate,2.2500000341096893e-05,1780380260.1239707
92789,Loss/learning_rate,1.4999999621068127e-05,1780380284.6535246
92794,Loss/learning_rate,1.4999999621068127e-05,1780380308.963077
92799,Loss/learning_rate,2.2500000341096893e-05,1780380333.3117182
92804,Loss/learning_rate,2.2500000341096893e-05,1780380357.2892041
92809,Loss/learning_rate,1.4999999621068127e-05,1780380381.6437242
92814,Loss/learning_rate,9.999999747378752e-06,1780380405.9655905
92819,Loss/learning_rate,1.4999999621068127e-05,1780380430.1162999
92824,Loss/learning_rate,3.3749998692655936e-05,1780380454.773852
92829,Loss/learning_rate,2.2500000341096893e-05,1780380479.4197655
92834,Loss/learning_rate,3.3749998692655936e-05,1780380503.3346076
92839,Loss/learning_rate,9.999999747378752e-06,1780380527.619802
92844,Loss/learning_rate,3.3749998692655936e-05,1780380551.9469903
92849,Loss/learning_rate,2.2500000341096893e-05,1780380576.2346148
92854,Loss/learning_rate,9.999999747378752e-06,1780380600.9132795
92859,Loss/learning_rate,3.3749998692655936e-05,1780380625.3774889
92864,Loss/learning_rate,3.3749998692655936e-05,1780380649.8101974
92869,Loss/learning_rate,2.2500000341096893e-05,1780380674.533428
92874,Loss/learning_rate,3.3749998692655936e-05,1780380699.5009375
92879,Loss/learning_rate,3.3749998692655936e-05,1780380723.6270707
92884,Loss/learning_rate,3.3749998692655936e-05,1780380748.4235833
92889,Loss/learning_rate,1.4999999621068127e-05,1780380773.3487294
92894,Loss/learning_rate,3.3749998692655936e-05,1780380797.9458528
92899,Loss/learning_rate,2.2500000341096893e-05,1780380822.4304562
92904,Loss/learning_rate,3.3749998692655936e-05,1780380847.047283
92909,Loss/learning_rate,3.3749998692655936e-05,1780380871.1241252
92914,Loss/learning_rate,3.3749998692655936e-05,1780380895.6024284
92919,Loss/learning_rate,2.2500000341096893e-05,1780380920.3419874
92924,Loss/learning_rate,2.2500000341096893e-05,1780380944.4600308
92929,Loss/learning_rate,2.2500000341096893e-05,1780380969.3969471
92934,Loss/learning_rate,3.3749998692655936e-05,1780380993.8569121
92939,Loss/learning_rate,3.3749998692655936e-05,1780381017.8734162
92944,Loss/learning_rate,3.3749998692655936e-05,1780381042.247078
92949,Loss/learning_rate,2.2500000341096893e-05,1780381066.7100694
92954,Loss/learning_rate,3.3749998692655936e-05,1780381090.6405025
92959,Loss/learning_rate,3.3749998692655936e-05,1780381115.0901701
92964,Loss/learning_rate,1.4999999621068127e-05,1780381137.5940964
92969,Loss/learning_rate,3.3749998692655936e-05,1780381161.7717137
92974,Loss/learning_rate,1.4999999621068127e-05,1780381185.2994955
92979,Loss/learning_rate,3.3749998692655936e-05,1780381206.0729363
92984,Loss/learning_rate,3.3749998692655936e-05,1780381226.8953874
92989,Loss/learning_rate,3.3749998692655936e-05,1780381247.5742939
92994,Loss/learning_rate,2.2500000341096893e-05,1780381267.7737365
92999,Loss/learning_rate,3.3749998692655936e-05,1780381288.5533738
93004,Loss/learning_rate,1.4999999621068127e-05,1780381308.8417597
93009,Loss/learning_rate,1.4999999621068127e-05,1780381329.4106307
93014,Loss/learning_rate,3.3749998692655936e-05,1780381349.4978447
93019,Loss/learning_rate,3.3749998692655936e-05,1780381371.0030382
93024,Loss/learning_rate,2.2500000341096893e-05,1780381391.9390407
93029,Loss/learning_rate,2.2500000341096893e-05,1780381412.5138478
93034,Loss/learning_rate,1.4999999621068127e-05,1780381433.1662915
93039,Loss/learning_rate,2.2500000341096893e-05,1780381453.775609
93044,Loss/learning_rate,1.4999999621068127e-05,1780381474.9914176
93049,Loss/learning_rate,1.4999999621068127e-05,1780381496.8116155
93054,Loss/learning_rate,3.3749998692655936e-05,1780381521.521212
93059,Loss/learning_rate,2.2500000341096893e-05,1780381545.9028823
93064,Loss/learning_rate,2.2500000341096893e-05,1780381570.10764
93069,Loss/learning_rate,1.4999999621068127e-05,1780381594.6065004
93074,Loss/learning_rate,3.3749998692655936e-05,1780381619.6754084
93079,Loss/learning_rate,9.999999747378752e-06,1780381645.2254496
93084,Loss/learning_rate,2.2500000341096893e-05,1780381669.5577886
93089,Loss/learning_rate,2.2500000341096893e-05,1780381691.896391
93094,Loss/learning_rate,9.999999747378752e-06,1780381712.5115747
93099,Loss/learning_rate,1.4999999621068127e-05,1780381733.0950212
93104,Loss/learning_rate,9.999999747378752e-06,1780381753.591979
93109,Loss/learning_rate,2.2500000341096893e-05,1780381775.0737543
93114,Loss/learning_rate,1.4999999621068127e-05,1780381798.808484
93119,Loss/learning_rate,1.4999999621068127e-05,1780381823.4029179
93124,Loss/learning_rate,9.999999747378752e-06,1780381847.6772444
93129,Loss/learning_rate,9.999999747378752e-06,1780381868.7371976
93134,Loss/learning_rate,1.4999999621068127e-05,1780381889.3347921
93139,Loss/learning_rate,1.4999999621068127e-05,1780381910.0127585
93144,Loss/learning_rate,2.2500000341096893e-05,1780381930.1787
93149,Loss/learning_rate,9.999999747378752e-06,1780381950.537272
93154,Loss/learning_rate,1.4999999621068127e-05,1780381970.72778
93159,Loss/learning_rate,1.4999999621068127e-05,1780381991.2645245
93164,Loss/learning_rate,1.4999999621068127e-05,1780382012.1224859
93169,Loss/learning_rate,9.999999747378752e-06,1780382032.8797004
93174,Loss/learning_rate,1.4999999621068127e-05,1780382053.397293
93179,Loss/learning_rate,1.4999999621068127e-05,1780382077.4212053
93184,Loss/learning_rate,1.4999999621068127e-05,1780382101.7845695
93189,Loss/learning_rate,9.999999747378752e-06,1780382125.9262462
93194,Loss/learning_rate,1.4999999621068127e-05,1780382150.2475278
93199,Loss/learning_rate,2.2500000341096893e-05,1780382175.090697
93204,Loss/learning_rate,9.999999747378752e-06,1780382200.639011
93209,Loss/learning_rate,9.999999747378752e-06,1780382225.1689534
93214,Loss/learning_rate,1.4999999621068127e-05,1780382246.8691974
93219,Loss/learning_rate,9.999999747378752e-06,1780382267.996572
93224,Loss/learning_rate,9.999999747378752e-06,1780382290.6866813
93229,Loss/learning_rate,1.4999999621068127e-05,1780382315.348796
93234,Loss/learning_rate,9.999999747378752e-06,1780382336.504925
93239,Loss/learning_rate,1.4999999621068127e-05,1780382361.4049046
93244,Loss/learning_rate,1.4999999621068127e-05,1780382384.2141917
93249,Loss/learning_rate,1.4999999621068127e-05,1780382409.43566
93254,Loss/learning_rate,9.999999747378752e-06,1780382434.496494
93259,Loss/learning_rate,9.999999747378752e-06,1780382458.1418343
93264,Loss/learning_rate,9.999999747378752e-06,1780382479.858987
93269,Loss/learning_rate,1.4999999621068127e-05,1780382501.047143
93274,Loss/learning_rate,1.4999999621068127e-05,1780382521.7887623
93279,Loss/learning_rate,9.999999747378752e-06,1780382542.9334176
93284,Loss/learning_rate,1.4999999621068127e-05,1780382566.6052587
93289,Loss/learning_rate,1.4999999621068127e-05,1780382591.0020502
93294,Loss/learning_rate,2.2500000341096893e-05,1780382613.1930819
93299,Loss/learning_rate,9.999999747378752e-06,1780382633.7310264
93304,Loss/learning_rate,1.4999999621068127e-05,1780382654.8034585
93309,Loss/learning_rate,9.999999747378752e-06,1780382675.8969545
93314,Loss/learning_rate,1.4999999621068127e-05,1780382697.2960565
93319,Loss/learning_rate,9.999999747378752e-06,1780382718.2652018
93324,Loss/learning_rate,1.4999999621068127e-05,1780382739.531935
93329,Loss/learning_rate,1.4999999621068127e-05,1780382760.8531008
93334,Loss/learning_rate,1.4999999621068127e-05,1780382786.0674505
93339,Loss/learning_rate,9.999999747378752e-06,1780382811.51622
93344,Loss/learning_rate,9.999999747378752e-06,1780382836.912094
93349,Loss/learning_rate,1.4999999621068127e-05,1780382861.778653
93354,Loss/learning_rate,1.4999999621068127e-05,1780382887.212726
93359,Loss/learning_rate,9.999999747378752e-06,1780382908.7525923
93364,Loss/learning_rate,9.999999747378752e-06,1780382931.558224
93369,Loss/learning_rate,1.4999999621068127e-05,1780382956.4797642
93374,Loss/learning_rate,9.999999747378752e-06,1780382981.1555917
93379,Loss/learning_rate,9.999999747378752e-06,1780383006.0767572
93384,Loss/learning_rate,1.4999999621068127e-05,1780383031.2387877
93389,Loss/learning_rate,1.4999999621068127e-05,1780383056.268203
93394,Loss/learning_rate,9.999999747378752e-06,1780383080.7128239
93399,Loss/learning_rate,1.4999999621068127e-05,1780383102.020002
93404,Loss/learning_rate,1.4999999621068127e-05,1780383123.0431368
93409,Loss/learning_rate,9.999999747378752e-06,1780383144.138919
93414,Loss/learning_rate,2.2500000341096893e-05,1780383165.205796
93419,Loss/learning_rate,1.4999999621068127e-05,1780383185.9861221
93424,Loss/learning_rate,1.4999999621068127e-05,1780383211.6761336
93429,Loss/learning_rate,9.999999747378752e-06,1780383237.0732627
93434,Loss/learning_rate,9.999999747378752e-06,1780383262.3891284
93439,Loss/learning_rate,1.4999999621068127e-05,1780383287.6170185
93444,Loss/learning_rate,1.4999999621068127e-05,1780383313.0946639
93449,Loss/learning_rate,9.999999747378752e-06,1780383337.9671056
93454,Loss/learning_rate,1.4999999621068127e-05,1780383362.787499
93459,Loss/learning_rate,1.4999999621068127e-05,1780383386.7909465
93464,Loss/learning_rate,1.4999999621068127e-05,1780383408.3056796
93469,Loss/learning_rate,9.999999747378752e-06,1780383429.914736
93474,Loss/learning_rate,2.2500000341096893e-05,1780383453.2601185
93479,Loss/learning_rate,1.4999999621068127e-05,1780383478.3641744
93484,Loss/learning_rate,9.999999747378752e-06,1780383503.170843
93489,Loss/learning_rate,2.2500000341096893e-05,1780383527.2998116
93494,Loss/learning_rate,1.4999999621068127e-05,1780383548.718612
93499,Loss/learning_rate,9.999999747378752e-06,1780383569.3746128
93504,Loss/learning_rate,2.2500000341096893e-05,1780383590.7783184
93509,Loss/learning_rate,2.2500000341096893e-05,1780383611.9250906
93514,Loss/learning_rate,9.999999747378752e-06,1780383632.6385148
93519,Loss/learning_rate,2.2500000341096893e-05,1780383657.5474668
93524,Loss/learning_rate,1.4999999621068127e-05,1780383682.950957
93529,Loss/learning_rate,9.999999747378752e-06,1780383707.957045
93534,Loss/learning_rate,9.999999747378752e-06,1780383733.1132057
93539,Loss/learning_rate,9.999999747378752e-06,1780383758.3598306
93544,Loss/learning_rate,9.999999747378752e-06,1780383783.0942974
93549,Loss/learning_rate,9.999999747378752e-06,1780383807.684618
93554,Loss/learning_rate,9.999999747378752e-06,1780383828.9040349
93559,Loss/learning_rate,9.999999747378752e-06,1780383852.293903
93564,Loss/learning_rate,1.4999999621068127e-05,1780383874.4124043
93569,Loss/learning_rate,1.4999999621068127e-05,1780383895.8630834
93574,Loss/learning_rate,9.999999747378752e-06,1780383919.238917
93579,Loss/learning_rate,2.2500000341096893e-05,1780383941.1999702
93584,Loss/learning_rate,9.999999747378752e-06,1780383965.6974936
93589,Loss/learning_rate,1.4999999621068127e-05,1780383990.3698344
93594,Loss/learning_rate,1.4999999621068127e-05,1780384014.8905392
93599,Loss/learning_rate,9.999999747378752e-06,1780384037.989661
93604,Loss/learning_rate,9.999999747378752e-06,1780384059.28433
93609,Loss/learning_rate,9.999999747378752e-06,1780384080.314202
93614,Loss/learning_rate,9.999999747378752e-06,1780384101.1244764
93619,Loss/learning_rate,9.999999747378752e-06,1780384121.7119334
93624,Loss/learning_rate,3.3749998692655936e-05,1780384141.7399113
93629,Loss/learning_rate,2.2500000341096893e-05,1780384164.1819234
93634,Loss/learning_rate,9.999999747378752e-06,1780384188.0942082
93639,Loss/learning_rate,3.3749998692655936e-05,1780384212.009653
93644,Loss/learning_rate,1.4999999621068127e-05,1780384234.1118364
93649,Loss/learning_rate,2.2500000341096893e-05,1780384253.9105062
93654,Loss/learning_rate,1.4999999621068127e-05,1780384274.4372752
93659,Loss/learning_rate,2.2500000341096893e-05,1780384294.6278877
93664,Loss/learning_rate,2.2500000341096893e-05,1780384314.7734184
93669,Loss/learning_rate,2.2500000341096893e-05,1780384334.5328536
93674,Loss/learning_rate,2.2500000341096893e-05,1780384354.400643
93679,Loss/learning_rate,2.2500000341096893e-05,1780384374.479384
93684,Loss/learning_rate,2.2500000341096893e-05,1780384394.120311
93689,Loss/learning_rate,2.2500000341096893e-05,1780384413.8799918
93694,Loss/learning_rate,2.2500000341096893e-05,1780384432.8301082
93699,Loss/learning_rate,2.2500000341096893e-05,1780384452.21948
93704,Loss/learning_rate,3.3749998692655936e-05,1780384471.852967
93709,Loss/learning_rate,2.2500000341096893e-05,1780384492.8618233
93714,Loss/learning_rate,1.4999999621068127e-05,1780384517.0930867
93719,Loss/learning_rate,1.4999999621068127e-05,1780384537.8906314
93724,Loss/learning_rate,2.2500000341096893e-05,1780384558.1697333
93729,Loss/learning_rate,9.999999747378752e-06,1780384577.7114105
93734,Loss/learning_rate,2.2500000341096893e-05,1780384597.5864878
93739,Loss/learning_rate,2.2500000341096893e-05,1780384617.499773
93744,Loss/learning_rate,1.4999999621068127e-05,1780384637.5028539
93749,Loss/learning_rate,2.2500000341096893e-05,1780384657.6492538
93754,Loss/learning_rate,3.3749998692655936e-05,1780384678.1861558
93759,Loss/learning_rate,2.2500000341096893e-05,1780384698.4841723
93764,Loss/learning_rate,2.2500000341096893e-05,1780384718.7083313
93769,Loss/learning_rate,1.4999999621068127e-05,1780384742.359137
93774,Loss/learning_rate,3.3749998692655936e-05,1780384765.8527777
93779,Loss/learning_rate,9.999999747378752e-06,1780384790.6002493
93784,Loss/learning_rate,2.2500000341096893e-05,1780384814.9759977
93789,Loss/learning_rate,9.999999747378752e-06,1780384839.2653198
93794,Loss/learning_rate,3.3749998692655936e-05,1780384863.4235337
93799,Loss/learning_rate,2.2500000341096893e-05,1780384887.681012
93804,Loss/learning_rate,2.2500000341096893e-05,1780384911.6641326
93809,Loss/learning_rate,3.3749998692655936e-05,1780384936.582923
93814,Loss/learning_rate,2.2500000341096893e-05,1780384958.1634684
93819,Loss/learning_rate,2.2500000341096893e-05,1780384978.6997738
93824,Loss/learning_rate,9.999999747378752e-06,1780385000.221569
93829,Loss/learning_rate,1.4999999621068127e-05,1780385021.1036224
93834,Loss/learning_rate,1.4999999621068127e-05,1780385041.6650412
93839,Loss/learning_rate,3.3749998692655936e-05,1780385063.1703212
93844,Loss/learning_rate,2.2500000341096893e-05,1780385087.6214142
93849,Loss/learning_rate,2.2500000341096893e-05,1780385112.900785
93854,Loss/learning_rate,1.4999999621068127e-05,1780385137.7623892
93859,Loss/learning_rate,2.2500000341096893e-05,1780385161.9086545
93864,Loss/learning_rate,3.3749998692655936e-05,1780385186.2566423
93869,Loss/learning_rate,3.3749998692655936e-05,1780385210.5193148
93874,Loss/learning_rate,1.4999999621068127e-05,1780385234.5256193
93879,Loss/learning_rate,2.2500000341096893e-05,1780385257.2761645
93884,Loss/learning_rate,3.3749998692655936e-05,1780385277.939707
93889,Loss/learning_rate,3.3749998692655936e-05,1780385298.4923098
93894,Loss/learning_rate,9.999999747378752e-06,1780385319.0295668
93899,Loss/learning_rate,2.2500000341096893e-05,1780385339.4279904
93904,Loss/learning_rate,1.4999999621068127e-05,1780385362.9849522
93909,Loss/learning_rate,3.3749998692655936e-05,1780385387.4972599
93914,Loss/learning_rate,3.3749998692655936e-05,1780385411.5304487
93919,Loss/learning_rate,3.3749998692655936e-05,1780385434.2399719
93924,Loss/learning_rate,1.4999999621068127e-05,1780385457.4737236
93929,Loss/learning_rate,1.4999999621068127e-05,1780385481.5134573
93934,Loss/learning_rate,2.2500000341096893e-05,1780385505.8392875
93939,Loss/learning_rate,2.2500000341096893e-05,1780385530.0172722
93944,Loss/learning_rate,2.2500000341096893e-05,1780385554.714489
93949,Loss/learning_rate,2.2500000341096893e-05,1780385579.3378332
93954,Loss/learning_rate,3.3749998692655936e-05,1780385603.6066113
93959,Loss/learning_rate,2.2500000341096893e-05,1780385627.7816737
93964,Loss/learning_rate,2.2500000341096893e-05,1780385652.0306287
93969,Loss/learning_rate,2.2500000341096893e-05,1780385675.1381943
93974,Loss/learning_rate,1.4999999621068127e-05,1780385699.545626
93979,Loss/learning_rate,2.2500000341096893e-05,1780385724.1581666
93984,Loss/learning_rate,2.2500000341096893e-05,1780385748.8475344
93989,Loss/learning_rate,2.2500000341096893e-05,1780385772.9125764
93994,Loss/learning_rate,2.2500000341096893e-05,1780385797.1024692
93999,Loss/learning_rate,3.3749998692655936e-05,1780385820.8795202
94004,Loss/learning_rate,2.2500000341096893e-05,1780385845.0150943
94009,Loss/learning_rate,3.3749998692655936e-05,1780385869.0359018
94014,Loss/learning_rate,2.2500000341096893e-05,1780385893.2245102
94019,Loss/learning_rate,1.4999999621068127e-05,1780385917.3552651
94024,Loss/learning_rate,3.3749998692655936e-05,1780385941.5943272
94029,Loss/learning_rate,1.4999999621068127e-05,1780385966.0938153
94034,Loss/learning_rate,1.4999999621068127e-05,1780385989.2993653
94039,Loss/learning_rate,3.3749998692655936e-05,1780386011.4411664
94044,Loss/learning_rate,3.3749998692655936e-05,1780386031.631085
94049,Loss/learning_rate,9.999999747378752e-06,1780386051.7619896
94054,Loss/learning_rate,3.3749998692655936e-05,1780386072.2433333
94059,Loss/learning_rate,5.062499985797331e-05,1780386092.0511217
94064,Loss/learning_rate,2.2500000341096893e-05,1780386112.0969954
94069,Loss/learning_rate,2.2500000341096893e-05,1780386132.1798418
94074,Loss/learning_rate,3.3749998692655936e-05,1780386155.4205782
94079,Loss/learning_rate,2.2500000341096893e-05,1780386180.073356
94084,Loss/learning_rate,2.2500000341096893e-05,1780386204.396405
94089,Loss/learning_rate,1.4999999621068127e-05,1780386228.472256
94094,Loss/learning_rate,2.2500000341096893e-05,1780386251.465644
94099,Loss/learning_rate,2.2500000341096893e-05,1780386272.114062
94104,Loss/learning_rate,2.2500000341096893e-05,1780386292.8705864
94109,Loss/learning_rate,2.2500000341096893e-05,1780386313.4886687
94114,Loss/learning_rate,2.2500000341096893e-05,1780386336.4769847
94119,Loss/learning_rate,3.3749998692655936e-05,1780386360.588287
94124,Loss/learning_rate,2.2500000341096893e-05,1780386385.2943099
94129,Loss/learning_rate,2.2500000341096893e-05,1780386409.4108791
94134,Loss/learning_rate,2.2500000341096893e-05,1780386433.399992
94139,Loss/learning_rate,2.2500000341096893e-05,1780386457.5585675
94144,Loss/learning_rate,2.2500000341096893e-05,1780386482.273091
94149,Loss/learning_rate,3.3749998692655936e-05,1780386506.644159
94154,Loss/learning_rate,5.062499985797331e-05,1780386531.2855515
94159,Loss/learning_rate,3.3749998692655936e-05,1780386555.3842738
94164,Loss/learning_rate,2.2500000341096893e-05,1780386579.6656578
94169,Loss/learning_rate,9.999999747378752e-06,1780386604.1359165
94174,Loss/learning_rate,1.4999999621068127e-05,1780386628.7105787
94179,Loss/learning_rate,2.2500000341096893e-05,1780386652.5894923
94184,Loss/learning_rate,2.2500000341096893e-05,1780386677.003833
94189,Loss/learning_rate,9.999999747378752e-06,1780386701.4795024
94194,Loss/learning_rate,3.3749998692655936e-05,1780386725.5518324
94199,Loss/learning_rate,2.2500000341096893e-05,1780386749.8867414
94204,Loss/learning_rate,3.3749998692655936e-05,1780386774.225711
94209,Loss/learning_rate,1.4999999621068127e-05,1780386798.3027585
94214,Loss/learning_rate,2.2500000341096893e-05,1780386823.1625829
94219,Loss/learning_rate,2.2500000341096893e-05,1780386847.4253545
94224,Loss/learning_rate,1.4999999621068127e-05,1780386872.1079128
94229,Loss/learning_rate,2.2500000341096893e-05,1780386896.227129
94234,Loss/learning_rate,1.4999999621068127e-05,1780386920.4334936
94239,Loss/learning_rate,2.2500000341096893e-05,1780386944.7510817
94244,Loss/learning_rate,3.3749998692655936e-05,1780386969.0131705
94249,Loss/learning_rate,2.2500000341096893e-05,1780386993.4053152
94254,Loss/learning_rate,3.3749998692655936e-05,1780387017.8707893
94259,Loss/learning_rate,2.2500000341096893e-05,1780387041.6147585
94264,Loss/learning_rate,3.3749998692655936e-05,1780387065.7487912
94269,Loss/learning_rate,3.3749998692655936e-05,1780387089.9865317
94274,Loss/learning_rate,9.999999747378752e-06,1780387113.6896906
94279,Loss/learning_rate,3.3749998692655936e-05,1780387137.642179
94284,Loss/learning_rate,3.3749998692655936e-05,1780387162.5811687
94289,Loss/learning_rate,1.4999999621068127e-05,1780387186.563111
94294,Loss/learning_rate,2.2500000341096893e-05,1780387210.5974772
94299,Loss/learning_rate,2.2500000341096893e-05,1780387234.9914398
94304,Loss/learning_rate,2.2500000341096893e-05,1780387259.0428543
94309,Loss/learning_rate,3.3749998692655936e-05,1780387282.4164107
94314,Loss/learning_rate,3.3749998692655936e-05,1780387306.2380548
94319,Loss/learning_rate,3.3749998692655936e-05,1780387330.3739607
94324,Loss/learning_rate,2.2500000341096893e-05,1780387353.7766206
94329,Loss/learning_rate,1.4999999621068127e-05,1780387377.364526
94334,Loss/learning_rate,3.3749998692655936e-05,1780387400.8100648
94339,Loss/learning_rate,1.4999999621068127e-05,1780387424.6135688
94344,Loss/learning_rate,2.2500000341096893e-05,1780387448.1142576
94349,Loss/learning_rate,2.2500000341096893e-05,1780387472.1113298
94354,Loss/learning_rate,2.2500000341096893e-05,1780387495.5516396
94359,Loss/learning_rate,2.2500000341096893e-05,1780387519.1389427
94364,Loss/learning_rate,2.2500000341096893e-05,1780387542.8393977
94369,Loss/learning_rate,3.3749998692655936e-05,1780387566.405851
94374,Loss/learning_rate,1.4999999621068127e-05,1780387590.272262
94379,Loss/learning_rate,2.2500000341096893e-05,1780387613.883985
94384,Loss/learning_rate,3.3749998692655936e-05,1780387637.4623964
94389,Loss/learning_rate,2.2500000341096893e-05,1780387660.9501567
94394,Loss/learning_rate,3.3749998692655936e-05,1780387684.7066061
94399,Loss/learning_rate,3.3749998692655936e-05,1780387708.482776
94404,Loss/learning_rate,2.2500000341096893e-05,1780387731.8626344
94409,Loss/learning_rate,1.4999999621068127e-05,1780387755.3075392
94414,Loss/learning_rate,2.2500000341096893e-05,1780387778.8321133
94419,Loss/learning_rate,3.3749998692655936e-05,1780387802.719372
94424,Loss/learning_rate,1.4999999621068127e-05,1780387826.5137663
94429,Loss/learning_rate,3.3749998692655936e-05,1780387850.0891168
94434,Loss/learning_rate,3.3749998692655936e-05,1780387873.233735
94439,Loss/learning_rate,2.2500000341096893e-05,1780387895.3276987
94444,Loss/learning_rate,3.3749998692655936e-05,1780387916.2585928
94449,Loss/learning_rate,1.4999999621068127e-05,1780387937.3118758
94454,Loss/learning_rate,3.3749998692655936e-05,1780387957.7028828
94459,Loss/learning_rate,2.2500000341096893e-05,1780387977.9217844
94464,Loss/learning_rate,1.4999999621068127e-05,1780387997.7952938
94469,Loss/learning_rate,1.4999999621068127e-05,1780388017.9093995
94474,Loss/learning_rate,2.2500000341096893e-05,1780388037.0758255
94479,Loss/learning_rate,2.2500000341096893e-05,1780388056.4841974
94484,Loss/learning_rate,3.3749998692655936e-05,1780388076.674626
94489,Loss/learning_rate,3.3749998692655936e-05,1780388096.494867
94494,Loss/learning_rate,1.4999999621068127e-05,1780388116.7860403
94499,Loss/learning_rate,2.2500000341096893e-05,1780388139.2604916
94504,Loss/learning_rate,2.2500000341096893e-05,1780388163.193114
94509,Loss/learning_rate,1.4999999621068127e-05,1780388187.0093873
94514,Loss/learning_rate,3.3749998692655936e-05,1780388210.6948936
94519,Loss/learning_rate,1.4999999621068127e-05,1780388234.1845148
94524,Loss/learning_rate,1.4999999621068127e-05,1780388257.7071822
94529,Loss/learning_rate,9.999999747378752e-06,1780388278.0850322
94534,Loss/learning_rate,2.2500000341096893e-05,1780388297.9852896
94539,Loss/learning_rate,2.2500000341096893e-05,1780388318.7196558
94544,Loss/learning_rate,3.3749998692655936e-05,1780388342.116273
94549,Loss/learning_rate,2.2500000341096893e-05,1780388365.7042131
94554,Loss/learning_rate,1.4999999621068127e-05,1780388389.4885192
94559,Loss/learning_rate,2.2500000341096893e-05,1780388413.028155
94564,Loss/learning_rate,1.4999999621068127e-05,1780388437.1243837
94569,Loss/learning_rate,3.3749998692655936e-05,1780388461.2721229
94574,Loss/learning_rate,3.3749998692655936e-05,1780388485.0646915
94579,Loss/learning_rate,3.3749998692655936e-05,1780388508.8589134
94584,Loss/learning_rate,2.2500000341096893e-05,1780388532.5915143
94589,Loss/learning_rate,3.3749998692655936e-05,1780388556.188037
94594,Loss/learning_rate,3.3749998692655936e-05,1780388580.026761
94599,Loss/learning_rate,2.2500000341096893e-05,1780388603.6828687
94604,Loss/learning_rate,9.999999747378752e-06,1780388627.2911708
94609,Loss/learning_rate,2.2500000341096893e-05,1780388651.0207827
94614,Loss/learning_rate,9.999999747378752e-06,1780388674.575877
94619,Loss/learning_rate,2.2500000341096893e-05,1780388698.0296087
94624,Loss/learning_rate,1.4999999621068127e-05,1780388721.906769
94629,Loss/learning_rate,2.2500000341096893e-05,1780388746.1627605
94634,Loss/learning_rate,1.4999999621068127e-05,1780388769.6961792
94639,Loss/learning_rate,1.4999999621068127e-05,1780388793.3278797
94644,Loss/learning_rate,3.3749998692655936e-05,1780388817.3339586
94649,Loss/learning_rate,2.2500000341096893e-05,1780388840.8883052
94654,Loss/learning_rate,3.3749998692655936e-05,1780388864.5997596
94659,Loss/learning_rate,2.2500000341096893e-05,1780388888.288049
94664,Loss/learning_rate,3.3749998692655936e-05,1780388911.7086208
94669,Loss/learning_rate,2.2500000341096893e-05,1780388935.588494
94674,Loss/learning_rate,1.4999999621068127e-05,1780388959.5800211
94679,Loss/learning_rate,3.3749998692655936e-05,1780388983.294116
94684,Loss/learning_rate,2.2500000341096893e-05,1780389007.077314
94689,Loss/learning_rate,3.3749998692655936e-05,1780389031.1314204
94694,Loss/learning_rate,1.4999999621068127e-05,1780389054.9624243
94699,Loss/learning_rate,1.4999999621068127e-05,1780389079.200243
94704,Loss/learning_rate,3.3749998692655936e-05,1780389102.938147
94709,Loss/learning_rate,3.3749998692655936e-05,1780389127.2069898
94714,Loss/learning_rate,2.2500000341096893e-05,1780389151.2415576
94719,Loss/learning_rate,2.2500000341096893e-05,1780389175.5235655
94724,Loss/learning_rate,2.2500000341096893e-05,1780389199.4965866
94729,Loss/learning_rate,2.2500000341096893e-05,1780389223.3692865
94734,Loss/learning_rate,3.3749998692655936e-05,1780389247.4772365
94739,Loss/learning_rate,3.3749998692655936e-05,1780389271.6560931
94744,Loss/learning_rate,2.2500000341096893e-05,1780389295.729529
94749,Loss/learning_rate,2.2500000341096893e-05,1780389319.9738493
94754,Loss/learning_rate,2.2500000341096893e-05,1780389344.1432471
94759,Loss/learning_rate,3.3749998692655936e-05,1780389367.9480762
94764,Loss/learning_rate,3.3749998692655936e-05,1780389392.1549351
94769,Loss/learning_rate,1.4999999621068127e-05,1780389416.7255137
94774,Loss/learning_rate,2.2500000341096893e-05,1780389437.6617181
94779,Loss/learning_rate,2.2500000341096893e-05,1780389460.799176
94784,Loss/learning_rate,2.2500000341096893e-05,1780389485.2803044
94789,Loss/learning_rate,2.2500000341096893e-05,1780389509.6318905
94794,Loss/learning_rate,2.2500000341096893e-05,1780389534.3581502
94799,Loss/learning_rate,1.4999999621068127e-05,1780389558.6373627
94804,Loss/learning_rate,2.2500000341096893e-05,1780389583.520463
94809,Loss/learning_rate,3.3749998692655936e-05,1780389607.3797839
94814,Loss/learning_rate,1.4999999621068127e-05,1780389631.5056102
94819,Loss/learning_rate,3.3749998692655936e-05,1780389655.4945471
94824,Loss/learning_rate,2.2500000341096893e-05,1780389679.2332485
94829,Loss/learning_rate,3.3749998692655936e-05,1780389703.3453975
94834,Loss/learning_rate,2.2500000341096893e-05,1780389727.5667224
94839,Loss/learning_rate,3.3749998692655936e-05,1780389750.0973704
94844,Loss/learning_rate,1.4999999621068127e-05,1780389773.7290184
94849,Loss/learning_rate,2.2500000341096893e-05,1780389795.8418846
94854,Loss/learning_rate,1.4999999621068127e-05,1780389820.262405
94859,Loss/learning_rate,3.3749998692655936e-05,1780389844.8144047
94864,Loss/learning_rate,3.3749998692655936e-05,1780389868.8201904
94869,Loss/learning_rate,1.4999999621068127e-05,1780389889.6221955
94874,Loss/learning_rate,1.4999999621068127e-05,1780389911.5727355
94879,Loss/learning_rate,3.3749998692655936e-05,1780389935.8874567
94884,Loss/learning_rate,2.2500000341096893e-05,1780389960.7185054
94889,Loss/learning_rate,2.2500000341096893e-05,1780389985.7032747
94894,Loss/learning_rate,5.062499985797331e-05,1780390010.28121
94899,Loss/learning_rate,2.2500000341096893e-05,1780390033.9748182
94904,Loss/learning_rate,3.3749998692655936e-05,1780390056.2217202
94909,Loss/learning_rate,1.4999999621068127e-05,1780390081.2584312
94914,Loss/learning_rate,3.3749998692655936e-05,1780390105.7896361
94919,Loss/learning_rate,2.2500000341096893e-05,1780390130.1452737
94924,Loss/learning_rate,3.3749998692655936e-05,1780390154.462458
94929,Loss/learning_rate,2.2500000341096893e-05,1780390174.6252635
94934,Loss/learning_rate,2.2500000341096893e-05,1780390197.1825492
94939,Loss/learning_rate,2.2500000341096893e-05,1780390220.9669085
94944,Loss/learning_rate,1.4999999621068127e-05,1780390244.8339493
94949,Loss/learning_rate,3.3749998692655936e-05,1780390269.1669188
94954,Loss/learning_rate,2.2500000341096893e-05,1780390293.5809202
94959,Loss/learning_rate,1.4999999621068127e-05,1780390314.9726837
94964,Loss/learning_rate,1.4999999621068127e-05,1780390336.619672
94969,Loss/learning_rate,1.4999999621068127e-05,1780390359.681977
94974,Loss/learning_rate,2.2500000341096893e-05,1780390379.8207488
94979,Loss/learning_rate,2.2500000341096893e-05,1780390399.9631112
94984,Loss/learning_rate,2.2500000341096893e-05,1780390420.8826847
94989,Loss/learning_rate,2.2500000341096893e-05,1780390441.9388156
94994,Loss/learning_rate,3.3749998692655936e-05,1780390462.9535198
94999,Loss/learning_rate,2.2500000341096893e-05,1780390486.2790692
95004,Loss/learning_rate,9.999999747378752e-06,1780390510.040389
95009,Loss/learning_rate,2.2500000341096893e-05,1780390534.152952
95014,Loss/learning_rate,2.2500000341096893e-05,1780390557.974855
95019,Loss/learning_rate,1.4999999621068127e-05,1780390581.8121977
95024,Loss/learning_rate,3.3749998692655936e-05,1780390605.8241298
95029,Loss/learning_rate,2.2500000341096893e-05,1780390629.48354
95034,Loss/learning_rate,3.3749998692655936e-05,1780390653.3114269
95039,Loss/learning_rate,3.3749998692655936e-05,1780390676.9261017
95044,Loss/learning_rate,2.2500000341096893e-05,1780390700.2169118
95049,Loss/learning_rate,3.3749998692655936e-05,1780390723.938835
95054,Loss/learning_rate,2.2500000341096893e-05,1780390747.6125216
95059,Loss/learning_rate,1.4999999621068127e-05,1780390771.1108315
95064,Loss/learning_rate,2.2500000341096893e-05,1780390794.7484057
95069,Loss/learning_rate,2.2500000341096893e-05,1780390818.6309614
95074,Loss/learning_rate,3.3749998692655936e-05,1780390842.2607124
95079,Loss/learning_rate,1.4999999621068127e-05,1780390866.0758405
95084,Loss/learning_rate,2.2500000341096893e-05,1780390890.1983988
95089,Loss/learning_rate,2.2500000341096893e-05,1780390913.973898
95094,Loss/learning_rate,2.2500000341096893e-05,1780390937.528364
95099,Loss/learning_rate,1.4999999621068127e-05,1780390961.2377818
95104,Loss/learning_rate,9.999999747378752e-06,1780390985.1217313
95109,Loss/learning_rate,1.4999999621068127e-05,1780391008.7087765
95114,Loss/learning_rate,2.2500000341096893e-05,1780391032.36332
95119,Loss/learning_rate,2.2500000341096893e-05,1780391056.1030273
95124,Loss/learning_rate,2.2500000341096893e-05,1780391079.554069
95129,Loss/learning_rate,3.3749998692655936e-05,1780391103.204883
95134,Loss/learning_rate,3.3749998692655936e-05,1780391126.9909432
95139,Loss/learning_rate,3.3749998692655936e-05,1780391150.2808752
95144,Loss/learning_rate,1.4999999621068127e-05,1780391173.6726615
95149,Loss/learning_rate,2.2500000341096893e-05,1780391197.19633
95154,Loss/learning_rate,1.4999999621068127e-05,1780391221.1848543
95159,Loss/learning_rate,1.4999999621068127e-05,1780391245.7412763
95164,Loss/learning_rate,2.2500000341096893e-05,1780391269.6518285
95169,Loss/learning_rate,2.2500000341096893e-05,1780391293.3559363
95174,Loss/learning_rate,2.2500000341096893e-05,1780391317.315603
95179,Loss/learning_rate,2.2500000341096893e-05,1780391341.4336088
95184,Loss/learning_rate,9.999999747378752e-06,1780391365.3410983
95189,Loss/learning_rate,2.2500000341096893e-05,1780391389.4548416
95194,Loss/learning_rate,9.999999747378752e-06,1780391413.2164383
95199,Loss/learning_rate,9.999999747378752e-06,1780391436.7128718
95204,Loss/learning_rate,3.3749998692655936e-05,1780391460.5723898
95209,Loss/learning_rate,2.2500000341096893e-05,1780391484.5656753
95214,Loss/learning_rate,2.2500000341096893e-05,1780391508.317173
95219,Loss/learning_rate,2.2500000341096893e-05,1780391531.708461
95224,Loss/learning_rate,2.2500000341096893e-05,1780391555.5149586
95229,Loss/learning_rate,3.3749998692655936e-05,1780391579.3989177
95234,Loss/learning_rate,2.2500000341096893e-05,1780391602.6754014
95239,Loss/learning_rate,2.2500000341096893e-05,1780391626.3740625
95244,Loss/learning_rate,1.4999999621068127e-05,1780391650.2684345
95249,Loss/learning_rate,3.3749998692655936e-05,1780391673.7422082
95254,Loss/learning_rate,1.4999999621068127e-05,1780391697.3193288
95259,Loss/learning_rate,2.2500000341096893e-05,1780391720.9376168
95264,Loss/learning_rate,1.4999999621068127e-05,1780391745.2762356
95269,Loss/learning_rate,3.3749998692655936e-05,1780391769.174627
95274,Loss/learning_rate,2.2500000341096893e-05,1780391793.1345878
95279,Loss/learning_rate,1.4999999621068127e-05,1780391816.5484624
95284,Loss/learning_rate,3.3749998692655936e-05,1780391840.696179
95289,Loss/learning_rate,3.3749998692655936e-05,1780391864.70772
95294,Loss/learning_rate,9.999999747378752e-06,1780391888.8215113
95299,Loss/learning_rate,1.4999999621068127e-05,1780391912.924601
95304,Loss/learning_rate,3.3749998692655936e-05,1780391936.6993473
95309,Loss/learning_rate,1.4999999621068127e-05,1780391960.4105406
95314,Loss/learning_rate,3.3749998692655936e-05,1780391984.1845007
95319,Loss/learning_rate,9.999999747378752e-06,1780392008.1886
95324,Loss/learning_rate,2.2500000341096893e-05,1780392032.0602725
95329,Loss/learning_rate,3.3749998692655936e-05,1780392055.6465485
95334,Loss/learning_rate,2.2500000341096893e-05,1780392079.954072
95339,Loss/learning_rate,2.2500000341096893e-05,1780392104.0035133
95344,Loss/learning_rate,1.4999999621068127e-05,1780392126.8010411
95349,Loss/learning_rate,3.3749998692655936e-05,1780392147.0541842
95354,Loss/learning_rate,2.2500000341096893e-05,1780392166.9627213
95359,Loss/learning_rate,1.4999999621068127e-05,1780392188.7088761
95364,Loss/learning_rate,3.3749998692655936e-05,1780392209.279862
95369,Loss/learning_rate,1.4999999621068127e-05,1780392229.1850338
95374,Loss/learning_rate,3.3749998692655936e-05,1780392252.0189478
95379,Loss/learning_rate,2.2500000341096893e-05,1780392276.0060172
95384,Loss/learning_rate,2.2500000341096893e-05,1780392300.0615761
95389,Loss/learning_rate,1.4999999621068127e-05,1780392324.3600416
95394,Loss/learning_rate,2.2500000341096893e-05,1780392348.1022732
95399,Loss/learning_rate,9.999999747378752e-06,1780392371.4322338
95404,Loss/learning_rate,1.4999999621068127e-05,1780392395.0317578
95409,Loss/learning_rate,2.2500000341096893e-05,1780392418.6858432
95414,Loss/learning_rate,1.4999999621068127e-05,1780392442.4429104
95419,Loss/learning_rate,3.3749998692655936e-05,1780392466.3273013
95424,Loss/learning_rate,9.999999747378752e-06,1780392490.5318716
95429,Loss/learning_rate,3.3749998692655936e-05,1780392514.0716667
95434,Loss/learning_rate,1.4999999621068127e-05,1780392537.6792636
95439,Loss/learning_rate,2.2500000341096893e-05,1780392561.0318987
95444,Loss/learning_rate,9.999999747378752e-06,1780392584.5015225
95449,Loss/learning_rate,9.999999747378752e-06,1780392608.4538686
95454,Loss/learning_rate,1.4999999621068127e-05,1780392632.0628061
95459,Loss/learning_rate,1.4999999621068127e-05,1780392655.4741032
95464,Loss/learning_rate,1.4999999621068127e-05,1780392679.2638326
95469,Loss/learning_rate,3.3749998692655936e-05,1780392702.9125724
95474,Loss/learning_rate,9.999999747378752e-06,1780392726.327809
95479,Loss/learning_rate,1.4999999621068127e-05,1780392749.9047694
95484,Loss/learning_rate,1.4999999621068127e-05,1780392773.625731
95489,Loss/learning_rate,2.2500000341096893e-05,1780392797.1049724
95494,Loss/learning_rate,2.2500000341096893e-05,1780392820.8159828
95499,Loss/learning_rate,3.3749998692655936e-05,1780392844.4083197
95504,Loss/learning_rate,1.4999999621068127e-05,1780392868.2313464
95509,Loss/learning_rate,2.2500000341096893e-05,1780392891.7609065
95514,Loss/learning_rate,1.4999999621068127e-05,1780392915.5850282
95519,Loss/learning_rate,2.2500000341096893e-05,1780392936.9265797
95524,Loss/learning_rate,2.2500000341096893e-05,1780392957.7858677
95529,Loss/learning_rate,9.999999747378752e-06,1780392979.9840057
95534,Loss/learning_rate,2.2500000341096893e-05,1780393004.0295923
95539,Loss/learning_rate,2.2500000341096893e-05,1780393028.0218022
95544,Loss/learning_rate,3.3749998692655936e-05,1780393051.9305966
95549,Loss/learning_rate,2.2500000341096893e-05,1780393075.5669026
95554,Loss/learning_rate,2.2500000341096893e-05,1780393099.7706692
95559,Loss/learning_rate,1.4999999621068127e-05,1780393123.8343048
95564,Loss/learning_rate,2.2500000341096893e-05,1780393147.8734095
95569,Loss/learning_rate,2.2500000341096893e-05,1780393172.0675814
95574,Loss/learning_rate,2.2500000341096893e-05,1780393196.185786
95579,Loss/learning_rate,1.4999999621068127e-05,1780393220.283725
95584,Loss/learning_rate,9.999999747378752e-06,1780393243.1564188
95589,Loss/learning_rate,9.999999747378752e-06,1780393264.827522
95594,Loss/learning_rate,3.3749998692655936e-05,1780393289.2616115
95599,Loss/learning_rate,3.3749998692655936e-05,1780393313.4302707
95604,Loss/learning_rate,1.4999999621068127e-05,1780393335.1672833
95609,Loss/learning_rate,3.3749998692655936e-05,1780393358.4784732
95614,Loss/learning_rate,9.999999747378752e-06,1780393382.7542975
95619,Loss/learning_rate,2.2500000341096893e-05,1780393407.0070357
95624,Loss/learning_rate,3.3749998692655936e-05,1780393431.0214436
95629,Loss/learning_rate,2.2500000341096893e-05,1780393455.57845
95634,Loss/learning_rate,3.3749998692655936e-05,1780393479.1037493
95639,Loss/learning_rate,2.2500000341096893e-05,1780393499.7479513
95644,Loss/learning_rate,2.2500000341096893e-05,1780393520.0455308
95649,Loss/learning_rate,2.2500000341096893e-05,1780393541.3439682
95654,Loss/learning_rate,2.2500000341096893e-05,1780393561.7896776
95659,Loss/learning_rate,2.2500000341096893e-05,1780393582.8694947
95664,Loss/learning_rate,2.2500000341096893e-05,1780393605.5677824
95669,Loss/learning_rate,2.2500000341096893e-05,1780393626.5902338
95674,Loss/learning_rate,2.2500000341096893e-05,1780393647.4714022
95679,Loss/learning_rate,9.999999747378752e-06,1780393667.5057821
95684,Loss/learning_rate,1.4999999621068127e-05,1780393691.001229
95689,Loss/learning_rate,9.999999747378752e-06,1780393715.356231
95694,Loss/learning_rate,9.999999747378752e-06,1780393739.244046
95699,Loss/learning_rate,3.3749998692655936e-05,1780393763.558682
95704,Loss/learning_rate,2.2500000341096893e-05,1780393788.0665243
95709,Loss/learning_rate,1.4999999621068127e-05,1780393812.707896
95714,Loss/learning_rate,2.2500000341096893e-05,1780393834.3491945
95719,Loss/learning_rate,1.4999999621068127e-05,1780393857.063747
95724,Loss/learning_rate,9.999999747378752e-06,1780393880.8936307
95729,Loss/learning_rate,1.4999999621068127e-05,1780393905.2856681
95734,Loss/learning_rate,2.2500000341096893e-05,1780393929.2895873
95739,Loss/learning_rate,2.2500000341096893e-05,1780393952.9137433
95744,Loss/learning_rate,2.2500000341096893e-05,1780393976.5710745
95749,Loss/learning_rate,3.3749998692655936e-05,1780394000.6197147
95754,Loss/learning_rate,2.2500000341096893e-05,1780394024.626173
95759,Loss/learning_rate,2.2500000341096893e-05,1780394048.7237816
95764,Loss/learning_rate,9.999999747378752e-06,1780394072.4811888
95769,Loss/learning_rate,9.999999747378752e-06,1780394095.952668
95774,Loss/learning_rate,2.2500000341096893e-05,1780394117.5285263
95779,Loss/learning_rate,3.3749998692655936e-05,1780394140.730533
95784,Loss/learning_rate,9.999999747378752e-06,1780394165.0166657
95789,Loss/learning_rate,9.999999747378752e-06,1780394189.2189946
95794,Loss/learning_rate,9.999999747378752e-06,1780394212.892528
95799,Loss/learning_rate,1.4999999621068127e-05,1780394236.4363897
95804,Loss/learning_rate,2.2500000341096893e-05,1780394260.3076484
95809,Loss/learning_rate,2.2500000341096893e-05,1780394283.495921
95814,Loss/learning_rate,1.4999999621068127e-05,1780394303.6096342
95819,Loss/learning_rate,3.3749998692655936e-05,1780394323.2410176
95824,Loss/learning_rate,2.2500000341096893e-05,1780394343.030497
95829,Loss/learning_rate,2.2500000341096893e-05,1780394363.0425906
95834,Loss/learning_rate,9.999999747378752e-06,1780394383.272649
95839,Loss/learning_rate,1.4999999621068127e-05,1780394403.2198536
95844,Loss/learning_rate,1.4999999621068127e-05,1780394423.1502788
95849,Loss/learning_rate,2.2500000341096893e-05,1780394446.1295388
95854,Loss/learning_rate,9.999999747378752e-06,1780394469.8491347
95859,Loss/learning_rate,3.3749998692655936e-05,1780394493.618824
95864,Loss/learning_rate,1.4999999621068127e-05,1780394517.5137362
95869,Loss/learning_rate,2.2500000341096893e-05,1780394541.2938085
95874,Loss/learning_rate,2.2500000341096893e-05,1780394565.3945954
95879,Loss/learning_rate,1.4999999621068127e-05,1780394585.948658
95884,Loss/learning_rate,2.2500000341096893e-05,1780394610.5136542
95889,Loss/learning_rate,2.2500000341096893e-05,1780394634.6732552
95894,Loss/learning_rate,3.3749998692655936e-05,1780394658.9216824
95899,Loss/learning_rate,1.4999999621068127e-05,1780394682.9013803
95904,Loss/learning_rate,1.4999999621068127e-05,1780394706.7992828
95909,Loss/learning_rate,2.2500000341096893e-05,1780394730.4302227
95914,Loss/learning_rate,9.999999747378752e-06,1780394754.5495648
95919,Loss/learning_rate,1.4999999621068127e-05,1780394778.7583869
95924,Loss/learning_rate,1.4999999621068127e-05,1780394802.5124052
95929,Loss/learning_rate,1.4999999621068127e-05,1780394826.4983153
95934,Loss/learning_rate,2.2500000341096893e-05,1780394850.7714076
95939,Loss/learning_rate,3.3749998692655936e-05,1780394874.391256
95944,Loss/learning_rate,2.2500000341096893e-05,1780394898.222054
95949,Loss/learning_rate,1.4999999621068127e-05,1780394922.675231
95954,Loss/learning_rate,1.4999999621068127e-05,1780394947.0380716
95959,Loss/learning_rate,1.4999999621068127e-05,1780394967.347457
95964,Loss/learning_rate,1.4999999621068127e-05,1780394989.766119
95969,Loss/learning_rate,2.2500000341096893e-05,1780395010.2437878
95974,Loss/learning_rate,2.2500000341096893e-05,1780395034.6497977
95979,Loss/learning_rate,2.2500000341096893e-05,1780395058.8641803
95984,Loss/learning_rate,2.2500000341096893e-05,1780395082.7902012
95989,Loss/learning_rate,3.3749998692655936e-05,1780395106.4298236
95994,Loss/learning_rate,1.4999999621068127e-05,1780395130.8432
95999,Loss/learning_rate,1.4999999621068127e-05,1780395153.3540485
96004,Loss/learning_rate,2.2500000341096893e-05,1780395177.5999086
96009,Loss/learning_rate,2.2500000341096893e-05,1780395199.085559
96014,Loss/learning_rate,1.4999999621068127e-05,1780395223.4536066
96019,Loss/learning_rate,2.2500000341096893e-05,1780395245.7612534
96024,Loss/learning_rate,3.3749998692655936e-05,1780395269.9258356
96029,Loss/learning_rate,3.3749998692655936e-05,1780395293.9717338
96034,Loss/learning_rate,1.4999999621068127e-05,1780395317.9318876
96039,Loss/learning_rate,9.999999747378752e-06,1780395341.9720247
96044,Loss/learning_rate,9.999999747378752e-06,1780395366.0491054
96049,Loss/learning_rate,2.2500000341096893e-05,1780395390.387851
96054,Loss/learning_rate,1.4999999621068127e-05,1780395414.1770017
96059,Loss/learning_rate,2.2500000341096893e-05,1780395437.974966
96064,Loss/learning_rate,2.2500000341096893e-05,1780395462.0965283
96069,Loss/learning_rate,1.4999999621068127e-05,1780395486.2409632
96074,Loss/learning_rate,2.2500000341096893e-05,1780395510.0523329
96079,Loss/learning_rate,1.4999999621068127e-05,1780395534.1574624
96084,Loss/learning_rate,3.3749998692655936e-05,1780395558.1483183
96089,Loss/learning_rate,2.2500000341096893e-05,1780395581.9551222
96094,Loss/learning_rate,9.999999747378752e-06,1780395606.284498
96099,Loss/learning_rate,9.999999747378752e-06,1780395630.6809924
96104,Loss/learning_rate,9.999999747378752e-06,1780395654.7653697
96109,Loss/learning_rate,9.999999747378752e-06,1780395679.2617111
96114,Loss/learning_rate,2.2500000341096893e-05,1780395703.275355
96119,Loss/learning_rate,2.2500000341096893e-05,1780395727.4334195
96124,Loss/learning_rate,1.4999999621068127e-05,1780395751.5442438
96129,Loss/learning_rate,2.2500000341096893e-05,1780395775.6539578
96134,Loss/learning_rate,1.4999999621068127e-05,1780395799.9876885
96139,Loss/learning_rate,2.2500000341096893e-05,1780395824.7712774
96144,Loss/learning_rate,2.2500000341096893e-05,1780395849.4780772
96149,Loss/learning_rate,2.2500000341096893e-05,1780395874.32529
96154,Loss/learning_rate,1.4999999621068127e-05,1780395899.30382
96159,Loss/learning_rate,1.4999999621068127e-05,1780395924.2305024
96164,Loss/learning_rate,9.999999747378752e-06,1780395949.0663218
96169,Loss/learning_rate,9.999999747378752e-06,1780395973.7526968
96174,Loss/learning_rate,2.2500000341096893e-05,1780395996.9538894
96179,Loss/learning_rate,9.999999747378752e-06,1780396018.0010552
96184,Loss/learning_rate,9.999999747378752e-06,1780396038.5437841
96189,Loss/learning_rate,2.2500000341096893e-05,1780396058.8730202
96194,Loss/learning_rate,1.4999999621068127e-05,1780396079.2513897
96199,Loss/learning_rate,1.4999999621068127e-05,1780396099.4633324
96204,Loss/learning_rate,1.4999999621068127e-05,1780396120.499627
96209,Loss/learning_rate,1.4999999621068127e-05,1780396140.8690352
96214,Loss/learning_rate,2.2500000341096893e-05,1780396164.8120546
96219,Loss/learning_rate,2.2500000341096893e-05,1780396189.2453146
96224,Loss/learning_rate,2.2500000341096893e-05,1780396213.5195184
96229,Loss/learning_rate,2.2500000341096893e-05,1780396237.893031
96234,Loss/learning_rate,2.2500000341096893e-05,1780396261.9661355
96239,Loss/learning_rate,2.2500000341096893e-05,1780396285.9655113
96244,Loss/learning_rate,9.999999747378752e-06,1780396310.6176918
96249,Loss/learning_rate,2.2500000341096893e-05,1780396334.0896637
96254,Loss/learning_rate,3.3749998692655936e-05,1780396358.6340687
96259,Loss/learning_rate,9.999999747378752e-06,1780396383.3717782
96264,Loss/learning_rate,1.4999999621068127e-05,1780396407.9927607
96269,Loss/learning_rate,2.2500000341096893e-05,1780396432.218824
96274,Loss/learning_rate,1.4999999621068127e-05,1780396456.5084507
96279,Loss/learning_rate,1.4999999621068127e-05,1780396481.245413
96284,Loss/learning_rate,1.4999999621068127e-05,1780396505.9238594
96289,Loss/learning_rate,9.999999747378752e-06,1780396530.118775
96294,Loss/learning_rate,1.4999999621068127e-05,1780396554.3408365
96299,Loss/learning_rate,2.2500000341096893e-05,1780396575.4766471
96304,Loss/learning_rate,9.999999747378752e-06,1780396596.1441584
96309,Loss/learning_rate,2.2500000341096893e-05,1780396619.8879695
96314,Loss/learning_rate,2.2500000341096893e-05,1780396642.9815304
96319,Loss/learning_rate,1.4999999621068127e-05,1780396667.9184542
96324,Loss/learning_rate,9.999999747378752e-06,1780396692.2302215
96329,Loss/learning_rate,9.999999747378752e-06,1780396717.082231
96334,Loss/learning_rate,1.4999999621068127e-05,1780396741.536404
96339,Loss/learning_rate,2.2500000341096893e-05,1780396766.247655
96344,Loss/learning_rate,2.2500000341096893e-05,1780396791.4599812
96349,Loss/learning_rate,2.2500000341096893e-05,1780396816.7043812
96354,Loss/learning_rate,9.999999747378752e-06,1780396841.742794
96359,Loss/learning_rate,2.2500000341096893e-05,1780396865.5822158
96364,Loss/learning_rate,2.2500000341096893e-05,1780396889.6385565
96369,Loss/learning_rate,3.3749998692655936e-05,1780396913.4561055
96374,Loss/learning_rate,3.3749998692655936e-05,1780396937.0262167
96379,Loss/learning_rate,2.2500000341096893e-05,1780396960.9867318
96384,Loss/learning_rate,1.4999999621068127e-05,1780396984.9486043
96389,Loss/learning_rate,9.999999747378752e-06,1780397005.7633939
96394,Loss/learning_rate,2.2500000341096893e-05,1780397028.6927161
96399,Loss/learning_rate,1.4999999621068127e-05,1780397053.3230035
96404,Loss/learning_rate,1.4999999621068127e-05,1780397077.432269
96409,Loss/learning_rate,3.3749998692655936e-05,1780397101.9198592
96414,Loss/learning_rate,2.2500000341096893e-05,1780397125.6903996
96419,Loss/learning_rate,1.4999999621068127e-05,1780397149.3356464
96424,Loss/learning_rate,2.2500000341096893e-05,1780397173.3540413
96429,Loss/learning_rate,1.4999999621068127e-05,1780397197.4466462
96434,Loss/learning_rate,9.999999747378752e-06,1780397221.0763285
96439,Loss/learning_rate,1.4999999621068127e-05,1780397245.050257
96444,Loss/learning_rate,2.2500000341096893e-05,1780397268.9663124
96449,Loss/learning_rate,9.999999747378752e-06,1780397292.7070966
96454,Loss/learning_rate,1.4999999621068127e-05,1780397315.784103
96459,Loss/learning_rate,2.2500000341096893e-05,1780397336.6749089
96464,Loss/learning_rate,2.2500000341096893e-05,1780397361.0524518
96469,Loss/learning_rate,2.2500000341096893e-05,1780397384.986142
96474,Loss/learning_rate,2.2500000341096893e-05,1780397408.7510996
96479,Loss/learning_rate,1.4999999621068127e-05,1780397432.526774
96484,Loss/learning_rate,3.3749998692655936e-05,1780397456.6823266
96489,Loss/learning_rate,1.4999999621068127e-05,1780397480.428736
96494,Loss/learning_rate,3.3749998692655936e-05,1780397504.2694674
96499,Loss/learning_rate,2.2500000341096893e-05,1780397528.1506546
96504,Loss/learning_rate,1.4999999621068127e-05,1780397551.6828046
96509,Loss/learning_rate,2.2500000341096893e-05,1780397575.5939069
96514,Loss/learning_rate,9.999999747378752e-06,1780397599.2583303
96519,Loss/learning_rate,2.2500000341096893e-05,1780397622.7557669
96524,Loss/learning_rate,2.2500000341096893e-05,1780397646.378544
96529,Loss/learning_rate,1.4999999621068127e-05,1780397670.1567278
96534,Loss/learning_rate,9.999999747378752e-06,1780397693.8304882
96539,Loss/learning_rate,1.4999999621068127e-05,1780397718.1948953
96544,Loss/learning_rate,1.4999999621068127e-05,1780397742.5524106
96549,Loss/learning_rate,2.2500000341096893e-05,1780397766.7727153
96554,Loss/learning_rate,2.2500000341096893e-05,1780397791.207182
96559,Loss/learning_rate,2.2500000341096893e-05,1780397815.4646227
96564,Loss/learning_rate,1.4999999621068127e-05,1780397839.098326
96569,Loss/learning_rate,3.3749998692655936e-05,1780397862.8959317
96574,Loss/learning_rate,1.4999999621068127e-05,1780397886.8686697
96579,Loss/learning_rate,2.2500000341096893e-05,1780397910.6966019
96584,Loss/learning_rate,2.2500000341096893e-05,1780397934.391414
96589,Loss/learning_rate,2.2500000341096893e-05,1780397958.2116277
96594,Loss/learning_rate,1.4999999621068127e-05,1780397982.5937614
96599,Loss/learning_rate,3.3749998692655936e-05,1780398007.034929
96604,Loss/learning_rate,2.2500000341096893e-05,1780398031.6825628
96609,Loss/learning_rate,1.4999999621068127e-05,1780398055.6925578
96614,Loss/learning_rate,1.4999999621068127e-05,1780398079.5428867
96619,Loss/learning_rate,2.2500000341096893e-05,1780398103.6609228
96624,Loss/learning_rate,2.2500000341096893e-05,1780398127.4232478
96629,Loss/learning_rate,1.4999999621068127e-05,1780398151.2894258
96634,Loss/learning_rate,9.999999747378752e-06,1780398175.2972603
96639,Loss/learning_rate,1.4999999621068127e-05,1780398199.1326437
96644,Loss/learning_rate,9.999999747378752e-06,1780398223.0495853
96649,Loss/learning_rate,1.4999999621068127e-05,1780398247.4760208
96654,Loss/learning_rate,2.2500000341096893e-05,1780398271.1892192
96659,Loss/learning_rate,3.3749998692655936e-05,1780398295.1751895
96664,Loss/learning_rate,2.2500000341096893e-05,1780398319.087701
96669,Loss/learning_rate,2.2500000341096893e-05,1780398342.9223728
96674,Loss/learning_rate,3.3749998692655936e-05,1780398366.874544
96679,Loss/learning_rate,2.2500000341096893e-05,1780398391.1311033
96684,Loss/learning_rate,9.999999747378752e-06,1780398415.0393279
96689,Loss/learning_rate,2.2500000341096893e-05,1780398438.633208
96694,Loss/learning_rate,2.2500000341096893e-05,1780398462.5196455
96699,Loss/learning_rate,1.4999999621068127e-05,1780398486.329819
96704,Loss/learning_rate,1.4999999621068127e-05,1780398511.013063
96709,Loss/learning_rate,9.999999747378752e-06,1780398533.2857747
96714,Loss/learning_rate,9.999999747378752e-06,1780398554.4550476
96719,Loss/learning_rate,1.4999999621068127e-05,1780398578.2599814
96724,Loss/learning_rate,2.2500000341096893e-05,1780398602.6899574
96729,Loss/learning_rate,9.999999747378752e-06,1780398626.546943
96734,Loss/learning_rate,2.2500000341096893e-05,1780398647.2590683
96739,Loss/learning_rate,1.4999999621068127e-05,1780398668.9289923
96744,Loss/learning_rate,2.2500000341096893e-05,1780398693.382633
96749,Loss/learning_rate,1.4999999621068127e-05,1780398717.7064772
96754,Loss/learning_rate,1.4999999621068127e-05,1780398742.095698
96759,Loss/learning_rate,2.2500000341096893e-05,1780398766.402519
96764,Loss/learning_rate,2.2500000341096893e-05,1780398790.4057987
96769,Loss/learning_rate,2.2500000341096893e-05,1780398814.4121866
96774,Loss/learning_rate,2.2500000341096893e-05,1780398838.511714
96779,Loss/learning_rate,1.4999999621068127e-05,1780398860.5131822
96784,Loss/learning_rate,1.4999999621068127e-05,1780398885.567257
96789,Loss/learning_rate,1.4999999621068127e-05,1780398909.9566805
96794,Loss/learning_rate,2.2500000341096893e-05,1780398930.7589016
96799,Loss/learning_rate,1.4999999621068127e-05,1780398952.1134217
96804,Loss/learning_rate,2.2500000341096893e-05,1780398976.2458014
96809,Loss/learning_rate,2.2500000341096893e-05,1780399000.336667
96814,Loss/learning_rate,1.4999999621068127e-05,1780399024.3563094
96819,Loss/learning_rate,1.4999999621068127e-05,1780399048.4575694
96824,Loss/learning_rate,2.2500000341096893e-05,1780399072.4721487
96829,Loss/learning_rate,9.999999747378752e-06,1780399096.1166363
96834,Loss/learning_rate,1.4999999621068127e-05,1780399120.1063316
96839,Loss/learning_rate,2.2500000341096893e-05,1780399144.0972667
96844,Loss/learning_rate,2.2500000341096893e-05,1780399168.2596653
96849,Loss/learning_rate,2.2500000341096893e-05,1780399192.642086
96854,Loss/learning_rate,2.2500000341096893e-05,1780399216.4698675
96859,Loss/learning_rate,1.4999999621068127e-05,1780399240.5943646
96864,Loss/learning_rate,3.3749998692655936e-05,1780399265.038638
96869,Loss/learning_rate,2.2500000341096893e-05,1780399288.8954732
96874,Loss/learning_rate,2.2500000341096893e-05,1780399313.9786713
96879,Loss/learning_rate,2.2500000341096893e-05,1780399334.9240832
96884,Loss/learning_rate,2.2500000341096893e-05,1780399358.6559024
96889,Loss/learning_rate,2.2500000341096893e-05,1780399383.818865
96894,Loss/learning_rate,1.4999999621068127e-05,1780399408.0179727
96899,Loss/learning_rate,1.4999999621068127e-05,1780399432.1436052
96904,Loss/learning_rate,2.2500000341096893e-05,1780399456.870846
96909,Loss/learning_rate,1.4999999621068127e-05,1780399480.7498884
96914,Loss/learning_rate,2.2500000341096893e-05,1780399505.455801
96919,Loss/learning_rate,2.2500000341096893e-05,1780399530.1431637
96924,Loss/learning_rate,1.4999999621068127e-05,1780399554.3801742
96929,Loss/learning_rate,2.2500000341096893e-05,1780399578.719041
96934,Loss/learning_rate,1.4999999621068127e-05,1780399602.9464488
96939,Loss/learning_rate,3.3749998692655936e-05,1780399626.8721712
96944,Loss/learning_rate,2.2500000341096893e-05,1780399650.8921752
96949,Loss/learning_rate,1.4999999621068127e-05,1780399674.9967866
96954,Loss/learning_rate,9.999999747378752e-06,1780399698.7577362
96959,Loss/learning_rate,2.2500000341096893e-05,1780399722.9560852
96964,Loss/learning_rate,2.2500000341096893e-05,1780399747.1448393
96969,Loss/learning_rate,2.2500000341096893e-05,1780399771.252957
96974,Loss/learning_rate,1.4999999621068127e-05,1780399795.6167395
96979,Loss/learning_rate,1.4999999621068127e-05,1780399819.4964652
96984,Loss/learning_rate,1.4999999621068127e-05,1780399843.7924745
96989,Loss/learning_rate,2.2500000341096893e-05,1780399868.2656813
96994,Loss/learning_rate,1.4999999621068127e-05,1780399892.7741497
96999,Loss/learning_rate,1.4999999621068127e-05,1780399917.0304313
97004,Loss/learning_rate,2.2500000341096893e-05,1780399941.37055
97009,Loss/learning_rate,2.2500000341096893e-05,1780399965.7161644
97014,Loss/learning_rate,2.2500000341096893e-05,1780399989.929874
97019,Loss/learning_rate,2.2500000341096893e-05,1780400013.8577075
97024,Loss/learning_rate,2.2500000341096893e-05,1780400034.4970603
97029,Loss/learning_rate,2.2500000341096893e-05,1780400058.9603794
97034,Loss/learning_rate,9.999999747378752e-06,1780400082.7489243
97039,Loss/learning_rate,1.4999999621068127e-05,1780400106.7423916
97044,Loss/learning_rate,9.999999747378752e-06,1780400131.0925267
97049,Loss/learning_rate,9.999999747378752e-06,1780400155.2084634
97054,Loss/learning_rate,9.999999747378752e-06,1780400179.360128
97059,Loss/learning_rate,2.2500000341096893e-05,1780400203.3466418
97064,Loss/learning_rate,2.2500000341096893e-05,1780400227.065825
97069,Loss/learning_rate,2.2500000341096893e-05,1780400251.4087024
97074,Loss/learning_rate,1.4999999621068127e-05,1780400272.988985
97079,Loss/learning_rate,1.4999999621068127e-05,1780400296.690096
97084,Loss/learning_rate,1.4999999621068127e-05,1780400320.7757113
97089,Loss/learning_rate,1.4999999621068127e-05,1780400344.4917722
97094,Loss/learning_rate,2.2500000341096893e-05,1780400368.6701527
97099,Loss/learning_rate,2.2500000341096893e-05,1780400392.9192188
97104,Loss/learning_rate,2.2500000341096893e-05,1780400417.328667
97109,Loss/learning_rate,1.4999999621068127e-05,1780400441.8838007
97114,Loss/learning_rate,2.2500000341096893e-05,1780400466.4158962
97119,Loss/learning_rate,1.4999999621068127e-05,1780400490.5989697
97124,Loss/learning_rate,1.4999999621068127e-05,1780400514.7170966
97129,Loss/learning_rate,2.2500000341096893e-05,1780400539.0453932
97134,Loss/learning_rate,1.4999999621068127e-05,1780400563.2317758
97139,Loss/learning_rate,2.2500000341096893e-05,1780400587.7299297
97144,Loss/learning_rate,2.2500000341096893e-05,1780400611.8977287
97149,Loss/learning_rate,2.2500000341096893e-05,1780400636.0898285
97154,Loss/learning_rate,3.3749998692655936e-05,1780400660.3596761
97159,Loss/learning_rate,1.4999999621068127e-05,1780400685.0061157
97164,Loss/learning_rate,1.4999999621068127e-05,1780400709.4021285
97169,Loss/learning_rate,1.4999999621068127e-05,1780400733.687763
97174,Loss/learning_rate,1.4999999621068127e-05,1780400758.4568489
97179,Loss/learning_rate,1.4999999621068127e-05,1780400783.4020398
97184,Loss/learning_rate,2.2500000341096893e-05,1780400807.6801922
97189,Loss/learning_rate,2.2500000341096893e-05,1780400831.9063344
97194,Loss/learning_rate,2.2500000341096893e-05,1780400856.2361212
97199,Loss/learning_rate,2.2500000341096893e-05,1780400880.3553321
97204,Loss/learning_rate,1.4999999621068127e-05,1780400904.4417083
97209,Loss/learning_rate,2.2500000341096893e-05,1780400928.6373305
97214,Loss/learning_rate,2.2500000341096893e-05,1780400952.554293
97219,Loss/learning_rate,2.2500000341096893e-05,1780400976.6400735
97224,Loss/learning_rate,2.2500000341096893e-05,1780401000.9784048
97229,Loss/learning_rate,1.4999999621068127e-05,1780401025.193471
97234,Loss/learning_rate,1.4999999621068127e-05,1780401049.4010735
97239,Loss/learning_rate,1.4999999621068127e-05,1780401073.5779562
97244,Loss/learning_rate,2.2500000341096893e-05,1780401097.5583568
97249,Loss/learning_rate,1.4999999621068127e-05,1780401122.0843797
97254,Loss/learning_rate,2.2500000341096893e-05,1780401144.090264
97259,Loss/learning_rate,2.2500000341096893e-05,1780401166.2044673
97264,Loss/learning_rate,2.2500000341096893e-05,1780401191.452456
97269,Loss/learning_rate,3.3749998692655936e-05,1780401215.8865805
97274,Loss/learning_rate,2.2500000341096893e-05,1780401240.0002036
97279,Loss/learning_rate,1.4999999621068127e-05,1780401261.844872
97284,Loss/learning_rate,1.4999999621068127e-05,1780401285.5842729
97289,Loss/learning_rate,2.2500000341096893e-05,1780401308.8623705
97294,Loss/learning_rate,2.2500000341096893e-05,1780401329.5790467
97299,Loss/learning_rate,1.4999999621068127e-05,1780401349.6718554
97304,Loss/learning_rate,9.999999747378752e-06,1780401370.8971827
97309,Loss/learning_rate,9.999999747378752e-06,1780401393.8436406
97314,Loss/learning_rate,2.2500000341096893e-05,1780401414.1059783
97319,Loss/learning_rate,1.4999999621068127e-05,1780401434.348597
97324,Loss/learning_rate,2.2500000341096893e-05,1780401454.3168426
97329,Loss/learning_rate,2.2500000341096893e-05,1780401474.3374786
97334,Loss/learning_rate,2.2500000341096893e-05,1780401494.0453908
97339,Loss/learning_rate,2.2500000341096893e-05,1780401513.9729226
97344,Loss/learning_rate,9.999999747378752e-06,1780401533.8508794
97349,Loss/learning_rate,9.999999747378752e-06,1780401554.0393307
97354,Loss/learning_rate,1.4999999621068127e-05,1780401575.573116
97359,Loss/learning_rate,9.999999747378752e-06,1780401599.674907
97364,Loss/learning_rate,2.2500000341096893e-05,1780401623.6429935
97369,Loss/learning_rate,1.4999999621068127e-05,1780401647.0991821
97374,Loss/learning_rate,2.2500000341096893e-05,1780401671.329396
97379,Loss/learning_rate,2.2500000341096893e-05,1780401693.8454797
97384,Loss/learning_rate,9.999999747378752e-06,1780401713.7890365
97389,Loss/learning_rate,2.2500000341096893e-05,1780401736.0179253
97394,Loss/learning_rate,1.4999999621068127e-05,1780401759.7213008
97399,Loss/learning_rate,2.2500000341096893e-05,1780401782.3186288
97404,Loss/learning_rate,1.4999999621068127e-05,1780401806.7829359
97409,Loss/learning_rate,1.4999999621068127e-05,1780401827.6329045
97414,Loss/learning_rate,2.2500000341096893e-05,1780401848.4654362
97419,Loss/learning_rate,2.2500000341096893e-05,1780401868.5532763
97424,Loss/learning_rate,2.2500000341096893e-05,1780401889.0063248
97429,Loss/learning_rate,9.999999747378752e-06,1780401909.0019054
97434,Loss/learning_rate,1.4999999621068127e-05,1780401932.2490945
97439,Loss/learning_rate,2.2500000341096893e-05,1780401956.229787
97444,Loss/learning_rate,9.999999747378752e-06,1780401979.833411
97449,Loss/learning_rate,1.4999999621068127e-05,1780402003.6997957
97454,Loss/learning_rate,2.2500000341096893e-05,1780402027.850143
97459,Loss/learning_rate,1.4999999621068127e-05,1780402051.6809084
97464,Loss/learning_rate,9.999999747378752e-06,1780402075.6777902
97469,Loss/learning_rate,1.4999999621068127e-05,1780402098.622675
97474,Loss/learning_rate,2.2500000341096893e-05,1780402119.0706854
97479,Loss/learning_rate,1.4999999621068127e-05,1780402142.6165662
97484,Loss/learning_rate,3.3749998692655936e-05,1780402166.5870204
97489,Loss/learning_rate,2.2500000341096893e-05,1780402191.0688868
97494,Loss/learning_rate,2.2500000341096893e-05,1780402215.222689
97499,Loss/learning_rate,2.2500000341096893e-05,1780402239.1378632
97504,Loss/learning_rate,3.3749998692655936e-05,1780402263.3153803
97509,Loss/learning_rate,2.2500000341096893e-05,1780402287.126907
97514,Loss/learning_rate,2.2500000341096893e-05,1780402311.2406516
97519,Loss/learning_rate,2.2500000341096893e-05,1780402335.3151567
97524,Loss/learning_rate,9.999999747378752e-06,1780402358.916621
97529,Loss/learning_rate,2.2500000341096893e-05,1780402383.077299
97534,Loss/learning_rate,2.2500000341096893e-05,1780402407.0067317
97539,Loss/learning_rate,2.2500000341096893e-05,1780402430.6423156
97544,Loss/learning_rate,1.4999999621068127e-05,1780402454.8095684
97549,Loss/learning_rate,1.4999999621068127e-05,1780402479.2026372
97554,Loss/learning_rate,3.3749998692655936e-05,1780402503.2243335
97559,Loss/learning_rate,1.4999999621068127e-05,1780402527.4798894
97564,Loss/learning_rate,2.2500000341096893e-05,1780402551.4963617
97569,Loss/learning_rate,1.4999999621068127e-05,1780402575.2442036
97574,Loss/learning_rate,1.4999999621068127e-05,1780402599.411439
97579,Loss/learning_rate,1.4999999621068127e-05,1780402623.325646
97584,Loss/learning_rate,9.999999747378752e-06,1780402647.6116214
97589,Loss/learning_rate,3.3749998692655936e-05,1780402671.84703
97594,Loss/learning_rate,2.2500000341096893e-05,1780402696.0687444
97598,Loss/learning_rate,1.4999999621068127e-05,1780402715.7838461
