step,time_s,command_vx,actual_vx,actual_vy,speed_error_xy,vx_error,vy_error,hand_pos_error,torso_ang_vel_xy,pelvis_ang_vel_xy,action_rate,done,timeout,terminated
10,0.2,0.25,0.24372194707393646,0.011056995019316673,0.012714995071291924,-0.006278052926063538,0.011056995019316673,0.4799988269805908,0.12413917481899261,0.6313455104827881,0.43237045407295227,0,0,0
11,0.22,0.25,0.2540302872657776,0.008658056147396564,0.009550138376653194,0.004030287265777588,0.008658056147396564,0.4877678155899048,0.09431403130292892,0.6210772395133972,0.4076586961746216,0,0,0
12,0.24,0.25,0.25855687260627747,0.0023213797248899937,0.008866164833307266,0.008556872606277466,0.0023213797248899937,0.4933452606201172,0.05961993709206581,0.5013337731361389,0.4170064926147461,0,0,0
13,0.26,0.25,0.25260138511657715,-0.004330570809543133,0.005051836371421814,0.0026013851165771484,-0.004330570809543133,0.4965764582157135,0.023104479536414146,0.5324992537498474,0.29801511764526367,0,0,0
14,0.28,0.25,0.25151997804641724,-0.01024623867124319,0.010358365252614021,0.0015199780464172363,-0.01024623867124319,0.4976837635040283,0.01172858476638794,0.5364692807197571,0.28598061203956604,0,0,0
15,0.3,0.25,0.2587279677391052,-0.01238976325839758,0.015155317261815071,0.008727967739105225,-0.01238976325839758,0.4971206486225128,0.04356690123677254,0.4824616611003876,0.2809275686740875,0,0,0
16,0.32,0.25,0.2608332931995392,-0.011543212458491325,0.015830539166927338,0.010833293199539185,-0.011543212458491325,0.4952709674835205,0.06649143993854523,0.5596219301223755,0.28064438700675964,0,0,0
17,0.34,0.25,0.26783522963523865,-0.01333430502563715,0.022268792614340782,0.017835229635238647,-0.01333430502563715,0.4924904406070709,0.12843945622444153,0.608807384967804,0.3356471359729767,0,0,0
18,0.36,0.25,0.2648167312145233,-0.015479055233299732,0.021427474915981293,0.014816731214523315,-0.015479055233299732,0.48896145820617676,0.14481373131275177,0.6737078428268433,0.3112402558326721,0,0,0
19,0.38,0.25,0.2629435360431671,-0.017965370789170265,0.022142484784126282,0.012943536043167114,-0.017965370789170265,0.4847707152366638,0.13330958783626556,0.763526976108551,0.4438578188419342,0,0,0
20,0.4,0.25,0.269816517829895,-0.026890598237514496,0.03340357169508934,0.01981651782989502,-0.026890598237514496,0.48021191358566284,0.10831281542778015,0.7487083077430725,0.3897102475166321,0,0,0
21,0.42,0.25,0.2593420445919037,-0.026218315586447716,0.027832962572574615,0.009342044591903687,-0.026218315586447716,0.4754372239112854,0.10993819683790207,0.8177542686462402,0.4704413115978241,0,0,0
22,0.44,0.25,0.25432220101356506,-0.02145620808005333,0.021887218579649925,0.0043222010135650635,-0.02145620808005333,0.47042879462242126,0.09049342572689056,0.7406943440437317,0.5515334010124207,0,0,0
23,0.46,0.25,0.2496194839477539,-0.016771020367741585,0.016775336116552353,-0.00038051605224609375,-0.016771020367741585,0.4653959274291992,0.07723038643598557,0.5635325312614441,0.6538563966751099,0,0,0
24,0.48,0.25,0.23941054940223694,-0.01000838354229927,0.014570662751793861,-0.010589450597763062,-0.01000838354229927,0.4605562686920166,0.05051836371421814,0.501976490020752,0.5873337984085083,0,0,0
25,0.5,0.25,0.23743464052677155,-0.0037315543740987778,0.013107736594974995,-0.012565359473228455,-0.0037315543740987778,0.4560333490371704,0.039516717195510864,0.28705865144729614,0.4453977346420288,0,0,0
26,0.52,0.25,0.23506110906600952,0.003215900855138898,0.015281114727258682,-0.014938890933990479,0.003215900855138898,0.45207780599594116,0.03936733305454254,0.16987012326717377,0.3018006384372711,0,0,0
27,0.54,0.25,0.23643359541893005,0.005592029541730881,0.014673721976578236,-0.013566404581069946,0.005592029541730881,0.4490357041358948,0.03698248416185379,0.14812305569648743,0.2942964732646942,0,0,0
28,0.56,0.25,0.23280249536037445,0.010576985776424408,0.020189769566059113,-0.01719750463962555,0.010576985776424408,0.4467957019805908,0.0778822973370552,0.32134315371513367,0.3401031792163849,0,0,0
29,0.58,0.25,0.23681378364562988,0.014635816216468811,0.019699832424521446,-0.013186216354370117,0.014635816216468811,0.4451647102832794,0.07994210720062256,0.4048062860965729,0.2596145272254944,0,0,0
30,0.6,0.25,0.24132855236530304,0.011294949799776077,0.014239728450775146,-0.00867144763469696,0.011294949799776077,0.44431954622268677,0.015909429639577866,0.40337130427360535,0.31201907992362976,0,0,0
31,0.62,0.25,0.24197492003440857,0.0028624285478144884,0.008520293980836868,-0.00802507996559143,0.0028624285478144884,0.44380319118499756,0.007117269095033407,0.3748936355113983,0.22586490213871002,0,0,0
32,0.64,0.25,0.24247430264949799,-0.005565035156905651,0.009359793737530708,-0.007525697350502014,-0.005565035156905651,0.44333112239837646,0.01429834496229887,0.32740703225135803,0.30009710788726807,0,0,0
33,0.66,0.25,0.23860839009284973,-0.01281935628503561,0.017149480059742928,-0.011391609907150269,-0.01281935628503561,0.4428602457046509,0.0421961210668087,0.34304556250572205,0.2833695709705353,0,0,0
34,0.68,0.25,0.24071240425109863,-0.01797989197075367,0.020236995071172714,-0.009287595748901367,-0.01797989197075367,0.4425545334815979,0.04613811895251274,0.3857749104499817,0.2614806592464447,0,0,0
35,0.7000000000000001,0.25,0.24400119483470917,-0.022998057305812836,0.02376754768192768,-0.0059988051652908325,-0.022998057305812836,0.44243329763412476,0.04822096973657608,0.44596660137176514,0.24315765500068665,0,0,0
36,0.72,0.25,0.24788235127925873,-0.023954523727297783,0.02404794469475746,-0.002117648720741272,-0.023954523727297783,0.44239407777786255,0.03778383508324623,0.4492873549461365,0.2608090043067932,0,0,0
37,0.74,0.25,0.2504909038543701,-0.022196240723133087,0.022201668471097946,0.0004909038543701172,-0.022196240723133087,0.4424343407154083,0.03378520533442497,0.42883726954460144,0.2566700577735901,0,0,0
38,0.76,0.25,0.2470533400774002,-0.018168212845921516,0.018405618146061897,-0.0029466599225997925,-0.018168212845921516,0.44214892387390137,0.048772525042295456,0.37963950634002686,0.18543756008148193,0,0,0
39,0.78,0.25,0.24898208677768707,-0.010201700031757355,0.010252357460558414,-0.0010179132223129272,-0.010201700031757355,0.44134780764579773,0.056548502296209335,0.3064984381198883,0.23909731209278107,0,0,0
40,0.8,0.25,0.25085726380348206,-0.007421090733259916,0.007470441050827503,0.0008572638034820557,-0.007421090733259916,0.44024229049682617,0.062351420521736145,0.2793697714805603,0.3045792281627655,0,0,0
41,0.8200000000000001,0.25,0.2516014277935028,-0.006709452252835035,0.006897921673953533,0.0016014277935028076,-0.006709452252835035,0.4389422535896301,0.05289234593510628,0.2360704392194748,0.19562885165214539,0,0,0
42,0.84,0.25,0.2519184648990631,-0.008879600092768669,0.009084481745958328,0.0019184648990631104,-0.008879600092768669,0.4376857876777649,0.036199815571308136,0.1875203251838684,0.16063512861728668,0,0,0
43,0.86,0.25,0.24891239404678345,-0.011312813498079777,0.011364973150193691,-0.0010876059532165527,-0.011312813498079777,0.43666717410087585,0.10925080627202988,0.1654704511165619,0.23755641281604767,0,0,0
44,0.88,0.25,0.25829291343688965,-0.0024209460243582726,0.008639061823487282,0.008292913436889648,-0.0024209460243582726,0.4360261559486389,0.07907916605472565,0.19245117902755737,0.2596515715122223,0,0,0
45,0.9,0.25,0.25947001576423645,0.0017247513169422746,0.009625797159969807,0.00947001576423645,0.0017247513169422746,0.43574193120002747,0.04642220586538315,0.2956695258617401,0.26734644174575806,0,0,0
46,0.92,0.25,0.25441011786460876,0.0011875104391947389,0.004567200783640146,0.004410117864608765,0.0011875104391947389,0.43591490387916565,0.03185015544295311,0.41539186239242554,0.34542161226272583,0,0,0
47,0.9400000000000001,0.25,0.2540796399116516,0.001366921467706561,0.004302550107240677,0.004079639911651611,0.001366921467706561,0.4362229108810425,0.03412487357854843,0.3999151587486267,0.3394874930381775,0,0,0
48,0.96,0.25,0.25365540385246277,0.00199259165674448,0.004163219593465328,0.0036554038524627686,0.00199259165674448,0.4364382028579712,0.03536636754870415,0.430818110704422,0.3277588486671448,0,0,0
49,0.98,0.25,0.25423091650009155,0.0022395143751055002,0.004787074401974678,0.004230916500091553,0.0022395143751055002,0.4365524351596832,0.03389282152056694,0.43808791041374207,0.3064645230770111,0,0,0
50,1.0,0.25,0.256242573261261,0.004148602019995451,0.007495373021811247,0.006242573261260986,0.004148602019995451,0.4365614652633667,0.031053150072693825,0.3876037895679474,0.3160838782787323,0,0,0
51,1.02,0.25,0.25931593775749207,0.005907425191253424,0.01103106327354908,0.009315937757492065,0.005907425191253424,0.4365638196468353,0.024053795263171196,0.30464354157447815,0.3438931703567505,0,0,0
52,1.04,0.25,0.2588880658149719,0.00317209935747087,0.009437156841158867,0.008888065814971924,0.00317209935747087,0.43656355142593384,0.0260611604899168,0.21779878437519073,0.3291768729686737,0,0,0
53,1.06,0.25,0.26036009192466736,0.004913622513413429,0.011466262862086296,0.010360091924667358,0.004913622513413429,0.43650877475738525,0.024171559140086174,0.13374337553977966,0.2414816915988922,0,0,0
54,1.08,0.25,0.2589755952358246,0.0065340762957930565,0.011102047748863697,0.008975595235824585,0.0065340762957930565,0.4364111125469208,0.011019550263881683,0.057347580790519714,0.17386533319950104,0,0,0
55,1.1,0.25,0.2538526654243469,0.005488437134772539,0.006705667357891798,0.003852665424346924,0.005488437134772539,0.4360387921333313,0.04188418760895729,0.11637383699417114,0.18763388693332672,0,0,0
56,1.12,0.25,0.2591252326965332,0.009581992402672768,0.013231948018074036,0.009125232696533203,0.009581992402672768,0.4355095624923706,0.03821992874145508,0.22433438897132874,0.20794735848903656,0,0,0
57,1.1400000000000001,0.25,0.2569763958454132,0.011848927475512028,0.013750170357525349,0.006976395845413208,0.011848927475512028,0.4350029230117798,0.065638966858387,0.26908057928085327,0.17008309066295624,0,0,0
58,1.16,0.25,0.25210702419281006,0.014185275882482529,0.014340906403958797,0.0021070241928100586,0.014185275882482529,0.4344915747642517,0.07477137446403503,0.2724562883377075,0.18060727417469025,0,0,0
59,1.18,0.25,0.25618043541908264,0.01396067813038826,0.015267557464540005,0.006180435419082642,0.01396067813038826,0.43403029441833496,0.08044201880693436,0.38576292991638184,0.15228763222694397,0,0,0
60,1.2,0.25,0.2608641982078552,0.009327405132353306,0.014318914152681828,0.010864198207855225,0.009327405132353306,0.4337767958641052,0.05908510833978653,0.44666630029678345,0.12179748713970184,0,0,0
61,1.22,0.25,0.2642572224140167,0.0066208732314407825,0.01571955345571041,0.014257222414016724,0.0066208732314407825,0.43389779329299927,0.05052567645907402,0.4394548535346985,0.20860549807548523,0,0,0
62,1.24,0.25,0.26277437806129456,0.0030450893100351095,0.013132300227880478,0.012774378061294556,0.0030450893100351095,0.4343116283416748,0.053681377321481705,0.41665294766426086,0.1947847306728363,0,0,0
63,1.26,0.25,0.263994038105011,0.0007682936848141253,0.014015112072229385,0.013994038105010986,0.0007682936848141253,0.4346839189529419,0.04813334718346596,0.43857792019844055,0.14948990941047668,0,0,0
64,1.28,0.25,0.26260268688201904,-0.0017109739128500223,0.012718300335109234,0.012602686882019043,-0.0017109739128500223,0.43521419167518616,0.04138021543622017,0.375361829996109,0.21660704910755157,0,0,0
65,1.3,0.25,0.2588129937648773,-0.00313928141258657,0.009355423972010612,0.00881299376487732,-0.00313928141258657,0.43598389625549316,0.032860562205314636,0.311382919549942,0.17747507989406586,0,0,0
66,1.32,0.25,0.26562950015068054,-0.0018249438144266605,0.015735682100057602,0.015629500150680542,-0.0018249438144266605,0.43668675422668457,0.04267948493361473,0.3731956481933594,0.22842805087566376,0,0,0
67,1.34,0.25,0.26429688930511475,-0.0010278585832566023,0.01433379016816616,0.014296889305114746,-0.0010278585832566023,0.4373626112937927,0.04353940859436989,0.28068605065345764,0.25958624482154846,0,0,0
68,1.36,0.25,0.26230093836784363,-0.0026280684396624565,0.012578546069562435,0.012300938367843628,-0.0026280684396624565,0.4377894997596741,0.039082881063222885,0.18896089494228363,0.2824345827102661,0,0,0
69,1.3800000000000001,0.25,0.26127156615257263,-0.00441216304898262,0.012104353867471218,0.011271566152572632,-0.00441216304898262,0.43796083331108093,0.0304652638733387,0.14662931859493256,0.3021880090236664,0,0,0
70,1.4000000000000001,0.25,0.26009929180145264,-0.005122390575706959,0.011324071325361729,0.010099291801452637,-0.005122390575706959,0.43784958124160767,0.04312773421406746,0.2420012652873993,0.3921351134777069,0,0,0
71,1.42,0.25,0.26498883962631226,-0.0030861401464790106,0.015303254127502441,0.014988839626312256,-0.0030861401464790106,0.4371821880340576,0.0943313017487526,0.3375938832759857,0.4139065444469452,0,0,0
72,1.44,0.25,0.2691015899181366,-0.00944969430565834,0.021311204880475998,0.019101589918136597,-0.00944969430565834,0.4361985921859741,0.08591999858617783,0.49666935205459595,0.46531882882118225,0,0,0
73,1.46,0.25,0.2674501836299896,-0.005537928082048893,0.01830785535275936,0.017450183629989624,-0.005537928082048893,0.43515318632125854,0.08297672867774963,0.5242801904678345,0.5219584107398987,0,0,0
74,1.48,0.25,0.27186688780784607,-0.004665645305067301,0.02235909178853035,0.02186688780784607,-0.004665645305067301,0.4340624213218689,0.08295579254627228,0.47271645069122314,0.5130151510238647,0,0,0
75,1.5,0.25,0.2735855281352997,-0.004151797853410244,0.02394816465675831,0.023585528135299683,-0.004151797853410244,0.4330911636352539,0.08025974780321121,0.4129745066165924,0.47032430768013,0,0,0
76,1.52,0.25,0.2682299315929413,-0.0019489050609990954,0.018333811312913895,0.018229931592941284,-0.0019489050609990954,0.4321786165237427,0.060937583446502686,0.3094390630722046,0.47548532485961914,0,0,0
77,1.54,0.25,0.26139503717422485,0.005434899125248194,0.012624776922166348,0.011395037174224854,0.005434899125248194,0.4313114881515503,0.029387442395091057,0.16780729591846466,0.3280608057975769,0,0,0
78,1.56,0.25,0.2530285716056824,0.011375569738447666,0.011771824210882187,0.003028571605682373,0.011375569738447666,0.4306703805923462,0.0018273703753948212,0.1407233625650406,0.24264875054359436,0,0,0
79,1.58,0.25,0.254978209733963,0.014766503125429153,0.01558307372033596,0.004978209733963013,0.014766503125429153,0.43031972646713257,0.023051004856824875,0.20667262375354767,0.18067210912704468,0,0,0
80,1.6,0.25,0.2578471601009369,0.012891119346022606,0.015091681852936745,0.00784716010093689,0.012891119346022606,0.4302115738391876,0.05257546901702881,0.314895361661911,0.25550511479377747,0,0,0
81,1.62,0.25,0.2536347508430481,0.010420180857181549,0.011035922914743423,0.0036347508430480957,0.010420180857181549,0.4302501976490021,0.08620788902044296,0.38426461815834045,0.20316700637340546,0,0,0
82,1.6400000000000001,0.25,0.24986247718334198,0.008585401810705662,0.008586502633988857,-0.00013752281665802002,0.008585401810705662,0.43034276366233826,0.10803443193435669,0.4069945514202118,0.18620271980762482,0,0,0
83,1.6600000000000001,0.25,0.25246599316596985,0.00838104821741581,0.00873630866408348,0.0024659931659698486,0.00838104821741581,0.43040114641189575,0.10899009555578232,0.4452197551727295,0.23273944854736328,0,0,0
84,1.68,0.25,0.25369423627853394,0.006972617469727993,0.00789080373942852,0.0036942362785339355,0.006972617469727993,0.4307379424571991,0.06754854321479797,0.36002248525619507,0.27142927050590515,0,0,0
85,1.7,0.25,0.2509385645389557,0.001943817245773971,0.0021585477516055107,0.0009385645389556885,0.001943817245773971,0.43126267194747925,0.06787670403718948,0.3122401535511017,0.20453907549381256,0,0,0
86,1.72,0.25,0.2520611584186554,-0.0014376703184098005,0.0025130200665444136,0.0020611584186553955,-0.0014376703184098005,0.4315650463104248,0.0440148301422596,0.30378827452659607,0.243819460272789,0,0,0
87,1.74,0.25,0.2470950186252594,-0.0017875703051686287,0.003410912584513426,-0.0029049813747406006,-0.0017875703051686287,0.43157100677490234,0.04407089576125145,0.29447898268699646,0.21815533936023712,0,0,0
88,1.76,0.25,0.24116002023220062,-0.005942387972027063,0.01065162941813469,-0.008839979767799377,-0.005942387972027063,0.43130409717559814,0.035585470497608185,0.25479310750961304,0.22285020351409912,0,0,0
89,1.78,0.25,0.24403496086597443,-0.008924762718379498,0.01073466707020998,-0.005965039134025574,-0.008924762718379498,0.4310135543346405,0.02341643162071705,0.2545858323574066,0.20792314410209656,0,0,0
90,1.8,0.25,0.25095218420028687,-0.008681554347276688,0.008733616210520267,0.0009521842002868652,-0.008681554347276688,0.4309324026107788,0.04178089275956154,0.2313869446516037,0.21811455488204956,0,0,0
91,1.82,0.25,0.2540169656276703,-0.010478198528289795,0.011221793480217457,0.004016965627670288,-0.010478198528289795,0.4309423565864563,0.03817146271467209,0.28833961486816406,0.2620735466480255,0,0,0
92,1.84,0.25,0.25246456265449524,-0.009967828169465065,0.010267992503941059,0.0024645626544952393,-0.009967828169465065,0.4308735728263855,0.029754776507616043,0.29088282585144043,0.2487124502658844,0,0,0
93,1.86,0.25,0.2483428716659546,-0.009145225398242474,0.009294150397181511,-0.0016571283340454102,-0.009145225398242474,0.43061989545822144,0.03217373043298721,0.2564522624015808,0.21967871487140656,0,0,0
94,1.8800000000000001,0.25,0.2514288127422333,-0.008353814482688904,0.008475123904645443,0.0014288127422332764,-0.008353814482688904,0.43029147386550903,0.025165336206555367,0.26195070147514343,0.20968568325042725,0,0,0
95,1.9000000000000001,0.25,0.25229740142822266,-0.00596716720610857,0.006394148804247379,0.0022974014282226562,-0.00596716720610857,0.4301891326904297,0.03680573031306267,0.28571733832359314,0.23840071260929108,0,0,0
96,1.92,0.25,0.2506360709667206,-0.0019515572348609567,0.0020525988657027483,0.0006360709667205811,-0.0019515572348609567,0.4301915764808655,0.02368900366127491,0.2989254891872406,0.21821604669094086,0,0,0
97,1.94,0.25,0.24139833450317383,0.004743033554404974,0.009822678752243519,-0.008601665496826172,0.004743033554404974,0.4301753044128418,0.11273792386054993,0.284909188747406,0.26766857504844666,0,0,0
98,1.96,0.25,0.24292035400867462,0.003155310405418277,0.007750959135591984,-0.007079645991325378,0.003155310405418277,0.430086612701416,0.10112746059894562,0.277134507894516,0.28457123041152954,0,0,0
99,1.98,0.25,0.24196341633796692,0.0017423153622075915,0.008223280310630798,-0.008036583662033081,0.0017423153622075915,0.4301948547363281,0.09019297361373901,0.27987203001976013,0.26704007387161255,0,0,0
100,2.0,0.25,0.2405937761068344,-0.0014810514403507113,0.009522109292447567,-0.009406223893165588,-0.0014810514403507113,0.4306755065917969,0.07822398841381073,0.3404107391834259,0.22818908095359802,0,0,0
101,2.02,0.25,0.23806121945381165,-0.0005797508638352156,0.011952848173677921,-0.011938780546188354,-0.0005797508638352156,0.4314225912094116,0.07311444729566574,0.4105631709098816,0.2789306044578552,0,0,0
102,2.04,0.25,0.24333426356315613,0.004396660719066858,0.00798515323549509,-0.006665736436843872,0.004396660719066858,0.4323444366455078,0.06473659723997116,0.41544046998023987,0.3476480543613434,0,0,0
103,2.06,0.25,0.2505035400390625,0.003352823667228222,0.0033904246520251036,0.0005035400390625,0.003352823667228222,0.4336889982223511,0.05490594729781151,0.3880307972431183,0.293650358915329,0,0,0
104,2.08,0.25,0.2502773106098175,0.0014262020122259855,0.001452911994419992,0.0002773106098175049,0.0014262020122259855,0.435243159532547,0.037288617342710495,0.3782617151737213,0.3204081952571869,0,0,0
105,2.1,0.25,0.25168079137802124,0.0007702087750658393,0.001848859479650855,0.0016807913780212402,0.0007702087750658393,0.4366137981414795,0.039329852908849716,0.3289072811603546,0.2981495261192322,0,0,0
106,2.12,0.25,0.2531248927116394,-0.00034428428625687957,0.0031438011210411787,0.0031248927116394043,-0.00034428428625687957,0.4378463625907898,0.03959786146879196,0.26325586438179016,0.31175658106803894,0,0,0
107,2.14,0.25,0.25041434168815613,0.0009985251817852259,0.001081078895367682,0.00041434168815612793,0.0009985251817852259,0.43882977962493896,0.030825743451714516,0.1605907827615738,0.2311689406633377,0,0,0
108,2.16,0.25,0.25332963466644287,-8.735695155337453e-05,0.003330780426040292,0.003329634666442871,-8.735695155337453e-05,0.43958020210266113,0.022240130230784416,0.07354956865310669,0.1883392035961151,0,0,0
109,2.18,0.25,0.2539730370044708,-0.00014257727889344096,0.003975594416260719,0.003973037004470825,-0.00014257727889344096,0.4401811361312866,0.014327514916658401,0.06900156289339066,0.152883380651474,0,0,0
110,2.2,0.25,0.2529929280281067,0.00253885705024004,0.003924718126654625,0.0029929280281066895,0.00253885705024004,0.44056323170661926,0.019731666892766953,0.13383567333221436,0.13833440840244293,0,0,0
111,2.22,0.25,0.25759896636009216,0.0037854211404919624,0.008489622734487057,0.007598966360092163,0.0037854211404919624,0.4410219192504883,0.027117788791656494,0.19599248468875885,0.12204913794994354,0,0,0
112,2.24,0.25,0.2579413950443268,0.0014960381668061018,0.008081081323325634,0.007941395044326782,0.0014960381668061018,0.441636860370636,0.04218284785747528,0.24001607298851013,0.186208114027977,0,0,0
113,2.2600000000000002,0.25,0.25889039039611816,-0.002662170445546508,0.009280419908463955,0.008890390396118164,-0.002662170445546508,0.44240325689315796,0.06529515236616135,0.24510489404201508,0.13456621766090393,0,0,0
114,2.2800000000000002,0.25,0.2582349479198456,-0.006725471932440996,0.01063232496380806,0.008234947919845581,-0.006725471932440996,0.44337785243988037,0.06058536097407341,0.3005704879760742,0.19229832291603088,0,0,0
115,2.3000000000000003,0.25,0.25449860095977783,-0.008161962032318115,0.009319605305790901,0.004498600959777832,-0.008161962032318115,0.4442513883113861,0.03459659963846207,0.36265838146209717,0.20492126047611237,0,0,0
116,2.32,0.25,0.25110799074172974,-0.00804117415100336,0.008117150515317917,0.0011079907417297363,-0.00804117415100336,0.44487273693084717,0.039872560650110245,0.3753253221511841,0.11580466479063034,0,0,0
117,2.34,0.25,0.2513379454612732,-0.006251034792512655,0.006392615381628275,0.0013379454612731934,-0.006251034792512655,0.4453832805156708,0.061620309948921204,0.3468632400035858,0.1570163518190384,0,0,0
118,2.36,0.25,0.2550770342350006,-0.0017034251941367984,0.005355178378522396,0.00507703423500061,-0.0017034251941367984,0.4459218382835388,0.10596401244401932,0.3257524371147156,0.13688595592975616,0,0,0
119,2.38,0.25,0.25532957911491394,0.000353735318640247,0.005341305397450924,0.00532957911491394,0.000353735318640247,0.4463542699813843,0.11756682395935059,0.34785598516464233,0.18213237822055817,0,0,0
120,2.4,0.25,0.25819408893585205,-0.004240226466208696,0.00922619178891182,0.00819408893585205,-0.004240226466208696,0.44673633575439453,0.11492215842008591,0.357595294713974,0.16316086053848267,0,0,0
121,2.42,0.25,0.25750550627708435,-0.0042213196866214275,0.00861116498708725,0.007505506277084351,-0.0042213196866214275,0.4471815824508667,0.12826016545295715,0.27837973833084106,0.24354951083660126,0,0,0
122,2.44,0.25,0.2604047954082489,-0.00404718704521656,0.011164205148816109,0.010404795408248901,-0.00404718704521656,0.44738465547561646,0.10347301512956619,0.25832876563072205,0.20243071019649506,0,0,0
123,2.46,0.25,0.2530929744243622,-0.005374031141400337,0.006200540345162153,0.0030929744243621826,-0.005374031141400337,0.4473225176334381,0.07808032631874084,0.1990363597869873,0.25832751393318176,0,0,0
124,2.48,0.25,0.24943505227565765,-0.005352441221475601,0.0053821736946702,-0.0005649477243423462,-0.005352441221475601,0.4468229115009308,0.059563376009464264,0.17288647592067719,0.2718946635723114,0,0,0
125,2.5,0.25,0.24092888832092285,-0.0007684240699745715,0.00910360086709261,-0.009071111679077148,-0.0007684240699745715,0.4460761547088623,0.06949309259653091,0.23109756410121918,0.28548625111579895,0,0,0
126,2.52,0.25,0.24290268123149872,0.0025634097401052713,0.007546058855950832,-0.007097318768501282,0.0025634097401052713,0.4448933005332947,0.10207877308130264,0.3008856773376465,0.3625588119029999,0,0,0
127,2.54,0.25,0.2499682456254959,0.0005277450545690954,0.0005286995437927544,-3.1754374504089355e-05,0.0005277450545690954,0.4433286786079407,0.12146291136741638,0.3628205955028534,0.4128631353378296,0,0,0
128,2.56,0.25,0.24760738015174866,-0.0057059964165091515,0.0061873276717960835,-0.0023926198482513428,-0.0057059964165091515,0.44185417890548706,0.11500401794910431,0.5169097781181335,0.43883636593818665,0,0,0
129,2.58,0.25,0.24997742474079132,-0.003142164321616292,0.0031422453466802835,-2.25752592086792e-05,-0.003142164321616292,0.4401552379131317,0.09266337007284164,0.4103935956954956,0.4139045774936676,0,0,0
130,2.6,0.25,0.2532467544078827,-0.0009927706560119987,0.0033951448276638985,0.0032467544078826904,-0.0009927706560119987,0.4382561445236206,0.09376057982444763,0.36261987686157227,0.4801770746707916,0,0,0
131,2.62,0.25,0.25790247321128845,0.00043696811189875007,0.007914545014500618,0.007902473211288452,0.00043696811189875007,0.4364566504955292,0.10360697656869888,0.31267184019088745,0.5108544826507568,0,0,0
132,2.64,0.25,0.25056934356689453,0.0015804588329046965,0.0016798815922811627,0.0005693435668945312,0.0015804588329046965,0.4348241090774536,0.05304307863116264,0.15894392132759094,0.46955767273902893,0,0,0
133,2.66,0.25,0.24192339181900024,0.0020939544774591923,0.008343635126948357,-0.008076608180999756,0.0020939544774591923,0.4333851635456085,0.017455721274018288,0.13277281820774078,0.331598162651062,0,0,0
134,2.68,0.25,0.244875967502594,0.007597162388265133,0.00916365534067154,-0.005124032497406006,0.007597162388265133,0.43237602710723877,0.03883437067270279,0.13775792717933655,0.26773032546043396,0,0,0
135,2.7,0.25,0.2491675168275833,0.011716173030436039,0.011745711788535118,-0.000832483172416687,0.011716173030436039,0.4317232370376587,0.03068937361240387,0.27997642755508423,0.24179942905902863,0,0,0
136,2.72,0.25,0.25102823972702026,0.016067219898104668,0.016100088134407997,0.0010282397270202637,0.016067219898104668,0.43141067028045654,0.035875678062438965,0.35317400097846985,0.19867229461669922,0,0,0
137,2.74,0.25,0.24858452379703522,0.015062203630805016,0.01512856688350439,-0.0014154762029647827,0.015062203630805016,0.43137073516845703,0.042302295565605164,0.4333787262439728,0.2747940123081207,0,0,0
138,2.7600000000000002,0.25,0.24575017392635345,0.014324771240353584,0.014941890724003315,-0.004249826073646545,0.014324771240353584,0.43136903643608093,0.05017528682947159,0.45859017968177795,0.19986075162887573,0,0,0
139,2.7800000000000002,0.25,0.24460534751415253,0.013969643972814083,0.014975086785852909,-0.005394652485847473,0.013969643972814083,0.43143871426582336,0.03414023667573929,0.41247376799583435,0.1842990219593048,0,0,0
140,2.8000000000000003,0.25,0.2494944930076599,0.01104646921157837,0.011058029718697071,-0.0005055069923400879,0.01104646921157837,0.43153706192970276,0.032455138862133026,0.4443168640136719,0.23243644833564758,0,0,0
141,2.82,0.25,0.24448463320732117,0.007727460470050573,0.00949383620172739,-0.005515366792678833,0.007727460470050573,0.4317728579044342,0.008814099244773388,0.3218558728694916,0.20049427449703217,0,0,0
142,2.84,0.25,0.24418450891971588,0.003274229820817709,0.006673868279904127,-0.005815491080284119,0.003274229820817709,0.4319267272949219,0.016778796911239624,0.32881370186805725,0.25076693296432495,0,0,0
143,2.86,0.25,0.24809978902339935,0.002473492408171296,0.0031191292218863964,-0.001900210976600647,0.002473492408171296,0.4319532513618469,0.01575568877160549,0.29747000336647034,0.21974460780620575,0,0,0
144,2.88,0.25,0.24870604276657104,0.002606899943202734,0.002910369774326682,-0.001293957233428955,0.002606899943202734,0.43187135457992554,0.02798204869031906,0.27373412251472473,0.19568666815757751,0,0,0
145,2.9,0.25,0.25203320384025574,0.0019035112345591187,0.0027851881459355354,0.0020332038402557373,0.0019035112345591187,0.43151915073394775,0.03984309732913971,0.28628233075141907,0.22425149381160736,0,0,0
146,2.92,0.25,0.24835674464702606,0.0005239263991825283,0.001724757137708366,-0.001643255352973938,0.0005239263991825283,0.43107613921165466,0.0402936153113842,0.26864463090896606,0.2329690307378769,0,0,0
147,2.94,0.25,0.24919863045215607,-0.001338546397164464,0.0015600960468873382,-0.0008013695478439331,-0.001338546397164464,0.4303572475910187,0.01651463843882084,0.2714087665081024,0.22116486728191376,0,0,0
148,2.96,0.25,0.24880920350551605,-0.0016159488586708903,0.002007308416068554,-0.0011907964944839478,-0.0016159488586708903,0.42949455976486206,0.02533608116209507,0.18256966769695282,0.18610939383506775,0,0,0
149,2.98,0.25,0.24295766651630402,-0.0027966012712568045,0.007577297743409872,-0.007042333483695984,-0.0027966012712568045,0.42858457565307617,0.018526654690504074,0.19864869117736816,0.24137118458747864,0,0,0
150,3.0,0.25,0.24447716772556305,-0.0018519589211791754,0.005825068801641464,-0.005522832274436951,-0.0018519589211791754,0.42761045694351196,0.02027853950858116,0.18345454335212708,0.2071898877620697,0,0,0
151,3.02,0.25,0.25124627351760864,-0.002786414697766304,0.0030524260364472866,0.0012462735176086426,-0.002786414697766304,0.42710182070732117,0.007437035441398621,0.2590886056423187,0.21995577216148376,0,0,0
152,3.04,0.25,0.2544867992401123,-0.003199663944542408,0.00551082706078887,0.004486799240112305,-0.003199663944542408,0.42719757556915283,0.01130107045173645,0.3111666738986969,0.2186591476202011,0,0,0
153,3.06,0.25,0.2503805160522461,0.0020402148365974426,0.0020753962453454733,0.00038051605224609375,0.0020402148365974426,0.4277007579803467,0.07108821719884872,0.36119046807289124,0.29575738310813904,0,0,0
154,3.08,0.25,0.24373362958431244,0.001286185230128467,0.006397004704922438,-0.006266370415687561,0.001286185230128467,0.4283382296562195,0.060858696699142456,0.4538789987564087,0.3340632915496826,0,0,0
155,3.1,0.25,0.23669783771038055,-0.0025899172760546207,0.013551943935453892,-0.013302162289619446,-0.0025899172760546207,0.428849458694458,0.05640583857893944,0.4463280439376831,0.31380799412727356,0,0,0
156,3.12,0.25,0.23797136545181274,-0.003868201281875372,0.0126353083178401,-0.012028634548187256,-0.003868201281875372,0.4293034076690674,0.0551813542842865,0.38509899377822876,0.34126538038253784,0,0,0
157,3.14,0.25,0.24277840554714203,-0.0016884859651327133,0.007416361011564732,-0.007221594452857971,-0.0016884859651327133,0.4299823045730591,0.03889235109090805,0.3631437122821808,0.3080776333808899,0,0,0
158,3.16,0.25,0.24706363677978516,-0.0011392434826120734,0.0031496197916567326,-0.0029363632202148438,-0.0011392434826120734,0.43092623353004456,0.022515717893838882,0.3595999479293823,0.2831012010574341,0,0,0
159,3.18,0.25,0.2480749636888504,-0.0010566733544692397,0.002195978770032525,-0.0019250363111495972,-0.0010566733544692397,0.4320075511932373,0.024757960811257362,0.3375091850757599,0.2845732867717743,0,0,0
160,3.2,0.25,0.2534727156162262,-0.002375711454078555,0.004207583609968424,0.0034727156162261963,-0.002375711454078555,0.43325287103652954,0.007830600254237652,0.3051043748855591,0.30237138271331787,0,0,0
161,3.22,0.25,0.2550728917121887,-0.005166576709598303,0.007240700535476208,0.005072891712188721,-0.005166576709598303,0.43461281061172485,0.01000493299216032,0.24918200075626373,0.2540346682071686,0,0,0
162,3.24,0.25,0.2549695670604706,-0.006006947252899408,0.007796153891831636,0.004969567060470581,-0.006006947252899408,0.43586021661758423,0.008986761793494225,0.1841210126876831,0.2427879124879837,0,0,0
163,3.2600000000000002,0.25,0.24983814358711243,-0.0018622743664309382,0.0018692949088290334,-0.00016185641288757324,-0.0018622743664309382,0.43681108951568604,0.02623157575726509,0.1315530240535736,0.2516455352306366,0,0,0
164,3.2800000000000002,0.25,0.25431039929389954,-0.0008179011638276279,0.004387311637401581,0.004310399293899536,-0.0008179011638276279,0.43741124868392944,0.05101810023188591,0.02836945652961731,0.18736593425273895,0,0,0
165,3.3000000000000003,0.25,0.2538639008998871,-0.00012054425315000117,0.0038657807745039463,0.003863900899887085,-0.00012054425315000117,0.4380238652229309,0.05113770440220833,0.06740891933441162,0.20984302461147308,0,0,0
166,3.3200000000000003,0.25,0.2607741355895996,-0.00393526628613472,0.01147032342851162,0.01077413558959961,-0.00393526628613472,0.43876025080680847,0.05982561409473419,0.15067215263843536,0.1533336490392685,0,0,0
167,3.34,0.25,0.25640732049942017,-0.003378608962520957,0.007243532221764326,0.006407320499420166,-0.003378608962520957,0.43955397605895996,0.047143980860710144,0.1935500055551529,0.23986168205738068,0,0,0
168,3.36,0.25,0.2530979812145233,-0.005332059692591429,0.00616671284660697,0.0030979812145233154,-0.005332059692591429,0.4400404989719391,0.05453142896294594,0.30646079778671265,0.17325107753276825,0,0,0
169,3.38,0.25,0.24576015770435333,-0.008815523236989975,0.009782112203538418,-0.0042398422956466675,-0.008815523236989975,0.44019579887390137,0.07667797058820724,0.3905387818813324,0.21423575282096863,0,0,0
170,3.4,0.25,0.24262818694114685,-0.012631737627089024,0.014625472016632557,-0.007371813058853149,-0.012631737627089024,0.44008100032806396,0.0793919488787651,0.4141991436481476,0.1327490508556366,0,0,0
171,3.42,0.25,0.2448197454214096,-0.014566903002560139,0.015460585243999958,-0.005180254578590393,-0.014566903002560139,0.44009482860565186,0.06379365175962448,0.3918556869029999,0.15789984166622162,0,0,0
172,3.44,0.25,0.24588625133037567,-0.011677851900458336,0.012381242588162422,-0.004113748669624329,-0.011677851900458336,0.4403432011604309,0.06526556611061096,0.37354549765586853,0.15322108566761017,0,0,0
173,3.46,0.25,0.2442687451839447,-0.010944047011435032,0.012353924103081226,-0.005731254816055298,-0.010944047011435032,0.4407826364040375,0.062404830008745193,0.3159184455871582,0.13099165260791779,0,0,0
174,3.48,0.25,0.23619487881660461,-0.008581746369600296,0.016255084425210953,-0.013805121183395386,-0.008581746369600296,0.44137853384017944,0.07648791372776031,0.23312905430793762,0.20788437128067017,0,0,0
175,3.5,0.25,0.23307105898857117,-0.007339793723076582,0.018451601266860962,-0.016928941011428833,-0.007339793723076582,0.44193458557128906,0.09093118458986282,0.2165050208568573,0.22684483230113983,0,0,0
176,3.52,0.25,0.23299236595630646,-0.011151054874062538,0.020337296649813652,-0.017007634043693542,-0.011151054874062538,0.4425230026245117,0.08343284577131271,0.18688060343265533,0.2552667558193207,0,0,0
177,3.54,0.25,0.22941860556602478,-0.011300129815936089,0.02347949519753456,-0.02058139443397522,-0.011300129815936089,0.44307559728622437,0.07317271083593369,0.12986871600151062,0.21393007040023804,0,0,0
178,3.56,0.25,0.23249414563179016,-0.014121241867542267,0.02249142900109291,-0.01750585436820984,-0.014121241867542267,0.4434353709220886,0.07530678808689117,0.18639715015888214,0.2536126971244812,0,0,0
179,3.58,0.25,0.23808659613132477,-0.01366813201457262,0.018131382763385773,-0.011913403868675232,-0.01366813201457262,0.44372808933258057,0.07684627175331116,0.25385525822639465,0.30123239755630493,0,0,0
180,3.6,0.25,0.23851712048053741,-0.010036303661763668,0.01525070145726204,-0.011482879519462585,-0.010036303661763668,0.44391363859176636,0.09739305824041367,0.36728635430336,0.34604451060295105,0,0,0
181,3.62,0.25,0.2417546659708023,-0.01704460196197033,0.018934201449155807,-0.008245334029197693,-0.01704460196197033,0.44379639625549316,0.08423121273517609,0.44675585627555847,0.39837419986724854,0,0,0
182,3.64,0.25,0.23815803229808807,-0.018582547083497047,0.02203504741191864,-0.011841967701911926,-0.018582547083497047,0.4433259069919586,0.072568379342556,0.5169201493263245,0.460922509431839,0,0,0
183,3.66,0.25,0.23729586601257324,-0.016174238175153732,0.020566988736391068,-0.012704133987426758,-0.016174238175153732,0.4424302577972412,0.07572575658559799,0.5130637288093567,0.5250456929206848,0,0,0
184,3.68,0.25,0.24469399452209473,-0.014589820988476276,0.015524707734584808,-0.0053060054779052734,-0.014589820988476276,0.44145628809928894,0.07941451668739319,0.4144667685031891,0.5888888239860535,0,0,0
185,3.7,0.25,0.24718621373176575,-0.008318694308400154,0.00878168921917677,-0.002813786268234253,-0.008318694308400154,0.440487802028656,0.07631447911262512,0.21600431203842163,0.490776389837265,0,0,0
186,3.72,0.25,0.23660051822662354,-0.0014339382760226727,0.013475989922881126,-0.013399481773376465,-0.0014339382760226727,0.43937909603118896,0.053937312215566635,0.12832753360271454,0.3566167950630188,0,0,0
187,3.74,0.25,0.236313596367836,0.0031674494966864586,0.014048145152628422,-0.013686403632164001,0.0031674494966864586,0.43819934129714966,0.02945508249104023,0.1172351986169815,0.2661011517047882,0,0,0
188,3.7600000000000002,0.25,0.23908109962940216,0.006072170566767454,0.012493744492530823,-0.01091890037059784,0.006072170566767454,0.43730542063713074,0.010015234351158142,0.2102927714586258,0.2305036038160324,0,0,0
189,3.7800000000000002,0.25,0.23987598717212677,0.007263938430696726,0.012460354715585709,-0.01012401282787323,0.007263938430696726,0.43697458505630493,0.03093995898962021,0.30515819787979126,0.22768184542655945,0,0,0
190,3.8000000000000003,0.25,0.24123266339302063,0.007636117283254862,0.01162654161453247,-0.00876733660697937,0.007636117283254862,0.43701210618019104,0.03731834143400192,0.3640850782394409,0.19553959369659424,0,0,0
191,3.8200000000000003,0.25,0.24286197125911713,0.009515775367617607,0.011895437724888325,-0.0071380287408828735,0.009515775367617607,0.4370806813240051,0.03173891827464104,0.4279310405254364,0.19059616327285767,0,0,0
192,3.84,0.25,0.24200224876403809,0.0075485119596123695,0.010997457429766655,-0.007997751235961914,0.0075485119596123695,0.4370625615119934,0.017649710178375244,0.43979328870773315,0.28541669249534607,0,0,0
193,3.86,0.25,0.23936906456947327,0.0017791081918403506,0.010778776369988918,-0.010630935430526733,0.0017791081918403506,0.43684491515159607,0.014190210029482841,0.4538912773132324,0.31319430470466614,0,0,0
194,3.88,0.25,0.23829548060894012,-0.002748643746599555,0.012022929266095161,-0.011704519391059875,-0.002748643746599555,0.4364973306655884,0.009995589964091778,0.3886660039424896,0.21956008672714233,0,0,0
195,3.9,0.25,0.24502438306808472,-0.005731943994760513,0.007590253371745348,-0.004975616931915283,-0.005731943994760513,0.4361717700958252,0.021969612687826157,0.40613535046577454,0.2517601251602173,0,0,0
196,3.92,0.25,0.24494069814682007,-0.006915336474776268,0.008568454533815384,-0.005059301853179932,-0.006915336474776268,0.4360872507095337,0.03954363241791725,0.3325447738170624,0.2086150050163269,0,0,0
197,3.94,0.25,0.2488768845796585,-0.009424496442079544,0.009491181001067162,-0.0011231154203414917,-0.009424496442079544,0.43621698021888733,0.06533704698085785,0.32390835881233215,0.22740119695663452,0,0,0
198,3.96,0.25,0.2535415291786194,-0.00870885606855154,0.009401414543390274,0.0035415291786193848,-0.00870885606855154,0.43644747138023376,0.062131207436323166,0.33735793828964233,0.2169414758682251,0,0,0
199,3.98,0.25,0.2503596842288971,-0.005142257083207369,0.005154821090400219,0.0003596842288970947,-0.005142257083207369,0.4364987909793854,0.04683934524655342,0.26508668065071106,0.24407611787319183,0,0,0
200,4.0,0.25,0.2498375028371811,-0.005025697406381369,0.005028323736041784,-0.0001624971628189087,-0.005025697406381369,0.4361945390701294,0.02419448271393776,0.25441446900367737,0.16182704269886017,0,0,0
201,4.0200000000000005,0.25,0.2506735622882843,-0.00675301905721426,0.00678652711212635,0.0006735622882843018,-0.00675301905721426,0.43570220470428467,0.014880437403917313,0.24092334508895874,0.22453948855400085,0,0,0
202,4.04,0.25,0.24828393757343292,-0.005256445612758398,0.005529474932700396,-0.0017160624265670776,-0.005256445612758398,0.43511268496513367,0.012478457763791084,0.20213590562343597,0.1779007613658905,0,0,0
203,4.0600000000000005,0.25,0.24278029799461365,-0.0025062111672014,0.007642329204827547,-0.0072197020053863525,-0.0025062111672014,0.4344782829284668,0.015312224626541138,0.2135579138994217,0.19993169605731964,0,0,0
204,4.08,0.25,0.24742461740970612,-0.0025367652997374535,0.0036149376537650824,-0.0025753825902938843,-0.0025367652997374535,0.43382468819618225,0.010422918014228344,0.22911444306373596,0.22900976240634918,0,0,0
205,4.1,0.25,0.2450968623161316,-0.003934025298804045,0.006286279764026403,-0.004903137683868408,-0.003934025298804045,0.4333680272102356,0.005695316940546036,0.3319395184516907,0.17145594954490662,0,0,0
206,4.12,0.25,0.23935694992542267,0.0036497898399829865,0.011251465417444706,-0.010643050074577332,0.0036497898399829865,0.433036208152771,0.07907138764858246,0.33091169595718384,0.28485342860221863,0,0,0
207,4.14,0.25,0.24101538956165314,0.004836246371269226,0.01020355336368084,-0.008984610438346863,0.004836246371269226,0.4329288899898529,0.08247631043195724,0.34260833263397217,0.26644355058670044,0,0,0
208,4.16,0.25,0.2408021092414856,0.0010782796889543533,0.009260878898203373,-0.009197890758514404,0.0010782796889543533,0.433219313621521,0.0827130526304245,0.3808775842189789,0.2467447817325592,0,0,0
209,4.18,0.25,0.2422671765089035,-0.001203299849294126,0.007825885899364948,-0.007732823491096497,-0.001203299849294126,0.43368250131607056,0.07973188161849976,0.3694188892841339,0.30590030550956726,0,0,0
210,4.2,0.25,0.2413099706172943,-0.0010470651322975755,0.008752882480621338,-0.008690029382705688,-0.0010470651322975755,0.43422725796699524,0.07102368772029877,0.4327126741409302,0.3586573004722595,0,0,0
211,4.22,0.25,0.2498365044593811,0.0021600008476525545,0.002166179707273841,-0.00016349554061889648,0.0021600008476525545,0.4348030388355255,0.07307034730911255,0.38144901394844055,0.34129080176353455,0,0,0
212,4.24,0.25,0.25352317094802856,0.006024612113833427,0.006979160476475954,0.0035231709480285645,0.006024612113833427,0.4354112148284912,0.0555640310049057,0.3167550563812256,0.32014521956443787,0,0,0
213,4.26,0.25,0.25463417172431946,0.0026163163129240274,0.005321715492755175,0.004634171724319458,0.0026163163129240274,0.4360960125923157,0.045634739100933075,0.27069488167762756,0.3507612645626068,0,0,0
214,4.28,0.25,0.25301796197891235,0.0006256530177779496,0.0030821317341178656,0.0030179619789123535,0.0006256530177779496,0.43690264225006104,0.05316464230418205,0.23162783682346344,0.27546197175979614,0,0,0
215,4.3,0.25,0.2487821877002716,0.003937851171940565,0.004121860954910517,-0.0012178122997283936,0.003937851171940565,0.43753159046173096,0.04186009615659714,0.18095123767852783,0.2529781460762024,0,0,0
216,4.32,0.25,0.24978294968605042,0.006149983964860439,0.006153813097625971,-0.00021705031394958496,0.006149983964860439,0.4377009868621826,0.012684396468102932,0.02110920660197735,0.17217102646827698,0,0,0
217,4.34,0.25,0.24583537876605988,0.009288051165640354,0.010178996250033379,-0.0041646212339401245,0.009288051165640354,0.4375396966934204,0.007524391636252403,0.05048250034451485,0.20495018362998962,0,0,0
218,4.36,0.25,0.2429003119468689,0.00448965560644865,0.008400153368711472,-0.0070996880531311035,0.00448965560644865,0.4371858835220337,0.02158787101507187,0.14335276186466217,0.2110273241996765,0,0,0
219,4.38,0.25,0.24444931745529175,0.0001730267540551722,0.0055533782579004765,-0.005550682544708252,0.0001730267540551722,0.436833918094635,0.021413035690784454,0.24722649157047272,0.15288974344730377,0,0,0
220,4.4,0.25,0.2475542575120926,-0.0012058308348059654,0.0027268449775874615,-0.0024457424879074097,-0.0012058308348059654,0.4366953372955322,0.006639568135142326,0.3001285493373871,0.12891791760921478,0,0,0
221,4.42,0.25,0.25124838948249817,0.001303222612477839,0.0018046788172796369,0.001248389482498169,0.001303222612477839,0.43679481744766235,0.02795790694653988,0.3471047282218933,0.1612500548362732,0,0,0
222,4.44,0.25,0.2542078197002411,0.003212930401787162,0.005294210743159056,0.004207819700241089,0.003212930401787162,0.43707194924354553,0.04214046522974968,0.38673385977745056,0.16117355227470398,0,0,0
223,4.46,0.25,0.2522394359111786,-0.0011658959556370974,0.0025247547309845686,0.002239435911178589,-0.0011658959556370974,0.4375189542770386,0.03485717624425888,0.37530601024627686,0.1986459493637085,0,0,0
224,4.48,0.25,0.254151314496994,-0.005327922757714987,0.006754270754754543,0.0041513144969940186,-0.005327922757714987,0.43799278140068054,0.0148075046017766,0.4358813762664795,0.17635610699653625,0,0,0
225,4.5,0.25,0.2491515874862671,-0.007517639547586441,0.007565362378954887,-0.0008484125137329102,-0.007517639547586441,0.4385378360748291,0.030003350228071213,0.3428119421005249,0.14213141798973083,0,0,0
226,4.5200000000000005,0.25,0.24441809952259064,-0.008174761198461056,0.009898703545331955,-0.005581900477409363,-0.008174761198461056,0.43902233242988586,0.006169043015688658,0.3257577419281006,0.20641767978668213,0,0,0
227,4.54,0.25,0.24186158180236816,-0.004919028840959072,0.009509505704045296,-0.008138418197631836,-0.004919028840959072,0.43925559520721436,0.03153589367866516,0.31866124272346497,0.19469822943210602,0,0,0
228,4.5600000000000005,0.25,0.2470157891511917,-0.005309442989528179,0.006090623792260885,-0.0029842108488082886,-0.005309442989528179,0.43952566385269165,0.019446657970547676,0.26382434368133545,0.21117447316646576,0,0,0
229,4.58,0.25,0.24540726840496063,-0.003482002764940262,0.005763464607298374,-0.004592731595039368,-0.003482002764940262,0.4400402903556824,0.029330873861908913,0.1825052946805954,0.28960421681404114,0,0,0
230,4.6000000000000005,0.25,0.23694302141666412,-0.005834846291691065,0.014301402494311333,-0.013056978583335876,-0.005834846291691065,0.4402366876602173,0.037936266511678696,0.17599520087242126,0.3152740001678467,0,0,0
231,4.62,0.25,0.22970080375671387,-0.005657366942614317,0.021072806790471077,-0.020299196243286133,-0.005657366942614317,0.4398607015609741,0.04302500933408737,0.2175721526145935,0.3243720531463623,0,0,0
232,4.64,0.25,0.23163297772407532,-0.005249432288110256,0.019102461636066437,-0.018367022275924683,-0.005249432288110256,0.43900665640830994,0.0684649720788002,0.2500075697898865,0.39462190866470337,0,0,0
233,4.66,0.25,0.2485704869031906,-0.007906410843133926,0.008034602738916874,-0.0014295130968093872,-0.007906410843133926,0.43799394369125366,0.06112672761082649,0.32641810178756714,0.435413122177124,0,0,0
234,4.68,0.25,0.24536387622356415,-0.004253170918673277,0.006291511002928019,-0.004636123776435852,-0.004253170918673277,0.437289834022522,0.08357053995132446,0.5046635866165161,0.48734477162361145,0,0,0
235,4.7,0.25,0.24475346505641937,-0.0013055048184469342,0.005406521260738373,-0.0052465349435806274,-0.0013055048184469342,0.4364708960056305,0.07956206798553467,0.4735043942928314,0.39139217138290405,0,0,0
236,4.72,0.25,0.25391918420791626,-0.0014686484355479479,0.004185323603451252,0.00391918420791626,-0.0014686484355479479,0.4355630874633789,0.09328749775886536,0.3982056975364685,0.5510528087615967,0,0,0
237,4.74,0.25,0.2540963590145111,-0.002081600483506918,0.00459491228684783,0.004096359014511108,-0.002081600483506918,0.4346977770328522,0.08502455800771713,0.3211211562156677,0.4892047047615051,0,0,0
238,4.76,0.25,0.24790243804454803,-0.001629742793738842,0.0026562807615846395,-0.0020975619554519653,-0.001629742793738842,0.43378713726997375,0.0602741539478302,0.21190769970417023,0.4124629497528076,0,0,0
239,4.78,0.25,0.24546080827713013,0.0005136297550052404,0.004568159114569426,-0.004539191722869873,0.0005136297550052404,0.4328773021697998,0.0615573488175869,0.11705586314201355,0.25486406683921814,0,0,0
240,4.8,0.25,0.24519547820091248,0.0060082124546170235,0.007692986633628607,-0.004804521799087524,0.0060082124546170235,0.4320225417613983,0.06415128707885742,0.16402988135814667,0.20083209872245789,0,0,0
241,4.82,0.25,0.25162699818611145,0.010600495152175426,0.010724627412855625,0.0016269981861114502,0.010600495152175426,0.43141138553619385,0.06725066155195236,0.25871390104293823,0.20337560772895813,0,0,0
242,4.84,0.25,0.24970103800296783,0.011447330005466938,0.011451233178377151,-0.00029896199703216553,0.011447330005466938,0.43113279342651367,0.07117967307567596,0.34064981341362,0.27169930934906006,0,0,0
243,4.86,0.25,0.25313282012939453,0.013572579249739647,0.01392944622784853,0.0031328201293945312,0.013572579249739647,0.43089616298675537,0.05717219412326813,0.41066214442253113,0.18582013249397278,0,0,0
244,4.88,0.25,0.2501358389854431,0.014070580713450909,0.014071236364543438,0.00013583898544311523,0.014070580713450909,0.43081846833229065,0.06579478830099106,0.38684526085853577,0.24799847602844238,0,0,0
245,4.9,0.25,0.2461404651403427,0.010964766144752502,0.011624203063547611,-0.0038595348596572876,0.010964766144752502,0.43077927827835083,0.0512634739279747,0.3765583336353302,0.2174435555934906,0,0,0
246,4.92,0.25,0.25124117732048035,0.009020349942147732,0.009105341508984566,0.0012411773204803467,0.009020349942147732,0.430806428194046,0.0394289456307888,0.37183958292007446,0.22966614365577698,0,0,0
247,4.94,0.25,0.24735188484191895,0.0091306883841753,0.009506944566965103,-0.0026481151580810547,0.0091306883841753,0.4311848282814026,0.03400910273194313,0.29995712637901306,0.13987232744693756,0,0,0
248,4.96,0.25,0.24841351807117462,0.008927209302783012,0.009067082777619362,-0.0015864819288253784,0.008927209302783012,0.4315907955169678,0.002910675946623087,0.3338702619075775,0.211693674325943,0,0,0
249,4.98,0.25,0.24890343844890594,0.009409180842339993,0.00947286281734705,-0.0010965615510940552,0.009409180842339993,0.4320189952850342,0.011596319265663624,0.31547513604164124,0.20776638388633728,0,0,0
250,5.0,0.25,0.2425820231437683,0.003718271851539612,0.00829770602285862,-0.0074179768562316895,0.003718271851539612,0.43245089054107666,0.022886667400598526,0.2791140675544739,0.2698845863342285,0,0,0
251,5.0200000000000005,0.25,0.24684056639671326,0.0007834575371816754,0.0032551230397075415,-0.003159433603286743,0.0007834575371816754,0.4327487647533417,0.019000379368662834,0.3049772381782532,0.2078455537557602,0,0,0
252,5.04,0.25,0.24727436900138855,-0.0005325647071003914,0.002777172951027751,-0.00272563099861145,-0.0005325647071003914,0.4330311417579651,0.015749242156744003,0.282063752412796,0.2221885472536087,0,0,0
253,5.0600000000000005,0.25,0.24666720628738403,-0.0002564253518357873,0.0033426438458263874,-0.003332793712615967,-0.0002564253518357873,0.4333034157752991,0.021328141912817955,0.2237209677696228,0.2747255265712738,0,0,0
254,5.08,0.25,0.24343624711036682,0.0010977082420140505,0.00665490934625268,-0.006563752889633179,0.0010977082420140505,0.43333926796913147,0.014740309678018093,0.15498507022857666,0.24850721657276154,0,0,0
255,5.1000000000000005,0.25,0.24740472435951233,0.0026612663641572,0.0037172294687479734,-0.002595275640487671,0.0026612663641572,0.4330078959465027,0.025116030126810074,0.1389075368642807,0.21707254648208618,0,0,0
256,5.12,0.25,0.25100040435791016,0.0020801827777177095,0.0023082394618541002,0.0010004043579101562,0.0020801827777177095,0.4326704144477844,0.017046581953763962,0.1774500012397766,0.2555539309978485,0,0,0
257,5.14,0.25,0.24992936849594116,-0.0006748033920302987,0.0006784897996112704,-7.063150405883789e-05,-0.0006748033920302987,0.43250036239624023,0.030314577743411064,0.27552762627601624,0.19077907502651215,0,0,0
258,5.16,0.25,0.23839238286018372,0.005262891761958599,0.012744991108775139,-0.011607617139816284,0.005262891761958599,0.4325951933860779,0.10345842689275742,0.3233964443206787,0.2232610136270523,0,0,0
259,5.18,0.25,0.23946349322795868,0.009433858096599579,0.014142689295113087,-0.01053650677204132,0.009433858096599579,0.43291279673576355,0.06714720278978348,0.326596200466156,0.4063165783882141,0,0,0
260,5.2,0.25,0.24190537631511688,0.00811030063778162,0.011458617635071278,-0.008094623684883118,0.00811030063778162,0.43348947167396545,0.08238698542118073,0.30199354887008667,0.32624152302742004,0,0,0
261,5.22,0.25,0.2498704493045807,0.004721820820122957,0.0047235977835953236,-0.00012955069541931152,0.004721820820122957,0.43470892310142517,0.0643998235464096,0.3135444223880768,0.3169592022895813,0,0,0
262,5.24,0.25,0.2510581612586975,0.0014141211286187172,0.001766194705851376,0.0010581612586975098,0.0014141211286187172,0.43657708168029785,0.051866866648197174,0.38739654421806335,0.2873843312263489,0,0,0
263,5.26,0.25,0.25073450803756714,0.0012797733070328832,0.0014755751471966505,0.0007345080375671387,0.0012797733070328832,0.4386696219444275,0.0527447946369648,0.3983938992023468,0.2722405195236206,0,0,0
264,5.28,0.25,0.25202423334121704,0.0030944098252803087,0.003697687527164817,0.002024233341217041,0.0030944098252803087,0.4406794309616089,0.03885483741760254,0.36165496706962585,0.28360515832901,0,0,0
265,5.3,0.25,0.25231125950813293,0.000945614418014884,0.0024972197134047747,0.0023112595081329346,0.000945614418014884,0.4423919916152954,0.018782082945108414,0.3573443591594696,0.290518581867218,0,0,0
266,5.32,0.25,0.24728144705295563,0.00018654366431292146,0.002724945778027177,-0.0027185529470443726,0.00018654366431292146,0.44375815987586975,0.014115292578935623,0.32689380645751953,0.3233232796192169,0,0,0
267,5.34,0.25,0.24918332695960999,0.0030706562101840973,0.0031774023082107306,-0.0008166730403900146,0.0030706562101840973,0.4446825385093689,0.010895402170717716,0.22132235765457153,0.31747040152549744,0,0,0
268,5.36,0.25,0.2522738575935364,-0.0002152174711227417,0.0022840199526399374,0.002273857593536377,-0.0002152174711227417,0.445309042930603,0.024484356865286827,0.1455383598804474,0.2324654459953308,0,0,0
269,5.38,0.25,0.25057506561279297,-0.002262306399643421,0.002334251767024398,0.0005750656127929688,-0.002262306399643421,0.4457390308380127,0.028504865244030952,0.04790685698390007,0.23289041221141815,0,0,0
270,5.4,0.25,0.24881592392921448,-0.0037586092948913574,0.003940708003938198,-0.0011840760707855225,-0.0037586092948913574,0.4457935094833374,0.030483124777674675,0.07979677617549896,0.16037270426750183,0,0,0
271,5.42,0.25,0.2477625459432602,-0.004384845029562712,0.0049227094277739525,-0.002237454056739807,-0.004384845029562712,0.44553014636039734,0.013052848167717457,0.18045485019683838,0.19231587648391724,0,0,0
272,5.44,0.25,0.2471807450056076,-0.005262552760541439,0.00597014743834734,-0.002819254994392395,-0.005262552760541439,0.44516390562057495,0.022413309663534164,0.24774044752120972,0.13017001748085022,0,0,0
273,5.46,0.25,0.24740532040596008,-0.009043584577739239,0.009408442303538322,-0.002594679594039917,-0.009043584577739239,0.444774329662323,0.008404741995036602,0.3370994031429291,0.22792008519172668,0,0,0
274,5.48,0.25,0.2499648630619049,-0.012019241228699684,0.012019292451441288,-3.5136938095092773e-05,-0.012019241228699684,0.4443261921405792,0.016677776351571083,0.4271947145462036,0.17199642956256866,0,0,0
275,5.5,0.25,0.24260912835597992,-0.010507888160645962,0.012846816331148148,-0.007390871644020081,-0.010507888160645962,0.44385427236557007,0.02472192607820034,0.3706822991371155,0.20079998672008514,0,0,0
276,5.5200000000000005,0.25,0.23999175429344177,-0.011654005385935307,0.015361667610704899,-0.010008245706558228,-0.011654005385935307,0.44329211115837097,0.04488781839609146,0.39778438210487366,0.11300891637802124,0,0,0
277,5.54,0.25,0.2443893849849701,-0.011366617865860462,0.012675922363996506,-0.005610615015029907,-0.011366617865860462,0.44272559881210327,0.05195381119847298,0.41095784306526184,0.19546926021575928,0,0,0
278,5.5600000000000005,0.25,0.23897308111190796,-0.011295413598418236,0.01578541472554207,-0.011026918888092041,-0.011295413598418236,0.4423016905784607,0.04305468127131462,0.2881889343261719,0.14170582592487335,0,0,0
279,5.58,0.25,0.23627066612243652,-0.013707551173865795,0.019400814548134804,-0.013729333877563477,-0.013707551173865795,0.4418828785419464,0.03847276419401169,0.27139320969581604,0.1795971542596817,0,0,0
280,5.6000000000000005,0.25,0.23506903648376465,-0.013324756175279617,0.020012065768241882,-0.014930963516235352,-0.013324756175279617,0.44143474102020264,0.04845726117491722,0.21867895126342773,0.22562077641487122,0,0,0
281,5.62,0.25,0.23931480944156647,-0.013497109524905682,0.017214681953191757,-0.010685190558433533,-0.013497109524905682,0.44109970331192017,0.03882495313882828,0.17234954237937927,0.22159278392791748,0,0,0
282,5.64,0.25,0.24486689269542694,-0.015563718043267727,0.01638835296034813,-0.005133107304573059,-0.015563718043267727,0.44095557928085327,0.03762504458427429,0.14983129501342773,0.2724911868572235,0,0,0
283,5.66,0.25,0.24403472244739532,-0.015173924155533314,0.016304370015859604,-0.005965277552604675,-0.015173924155533314,0.44091203808784485,0.05109639838337898,0.18248265981674194,0.20274926722049713,0,0,0
284,5.68,0.25,0.2421763390302658,-0.013159598223865032,0.01530962809920311,-0.007823660969734192,-0.013159598223865032,0.4406780004501343,0.06074387580156326,0.2358126938343048,0.31322935223579407,0,0,0
285,5.7,0.25,0.24049635231494904,-0.01251382939517498,0.015713537111878395,-0.009503647685050964,-0.01251382939517498,0.4399643838405609,0.09866583347320557,0.3255847990512848,0.3620443642139435,0,0,0
286,5.72,0.25,0.2422916740179062,-0.018957752734422684,0.020464962348341942,-0.007708325982093811,-0.018957752734422684,0.43908095359802246,0.08544754981994629,0.45114195346832275,0.35851243138313293,0,0,0
287,5.74,0.25,0.23436276614665985,-0.015672726556658745,0.022139498963952065,-0.01563723385334015,-0.015672726556658745,0.43821731209754944,0.09692554920911789,0.49418026208877563,0.5050270557403564,0,0,0
288,5.76,0.25,0.23943577706813812,-0.012481027282774448,0.016351722180843353,-0.010564222931861877,-0.012481027282774448,0.43725043535232544,0.09064171463251114,0.3676389157772064,0.544670045375824,0,0,0
289,5.78,0.25,0.24224424362182617,-0.00712566077709198,0.010532178916037083,-0.007755756378173828,-0.00712566077709198,0.4364359676837921,0.09740462154150009,0.31796929240226746,0.4695341885089874,0,0,0
290,5.8,0.25,0.24347972869873047,-0.0023736334405839443,0.006938881240785122,-0.006520271301269531,-0.0023736334405839443,0.4356951117515564,0.10741201788187027,0.19428040087223053,0.4888527989387512,0,0,0
291,5.82,0.25,0.24173299968242645,0.0015936109703034163,0.008419197984039783,-0.008267000317573547,0.0015936109703034163,0.4349055588245392,0.08045148104429245,0.045731186866760254,0.40833017230033875,0,0,0
292,5.84,0.25,0.24346375465393066,0.0031826328486204147,0.007269914261996746,-0.006536245346069336,0.0031826328486204147,0.43428993225097656,0.04298381507396698,0.13229219615459442,0.2620980143547058,0,0,0
293,5.86,0.25,0.23920801281929016,0.003963807597756386,0.01149690244346857,-0.010791987180709839,0.003963807597756386,0.43421822786331177,0.015448532998561859,0.21711470186710358,0.1951761394739151,0,0,0
294,5.88,0.25,0.2436390221118927,0.0028321307618170977,0.006962974090129137,-0.0063609778881073,0.0028321307618170977,0.4345874786376953,0.04400229826569557,0.2798537015914917,0.18741479516029358,0,0,0
295,5.9,0.25,0.24017249047756195,0.003033124376088381,0.01028493046760559,-0.00982750952243805,0.003033124376088381,0.43518367409706116,0.02631358429789543,0.37306660413742065,0.26393425464630127,0,0,0
296,5.92,0.25,0.2406618446111679,0.0036740584764629602,0.01003493182361126,-0.009338155388832092,0.0036740584764629602,0.43576985597610474,0.013127053156495094,0.3841356933116913,0.16477859020233154,0,0,0
297,5.94,0.25,0.23876343667507172,0.004613208118826151,0.012146688997745514,-0.011236563324928284,0.004613208118826151,0.43631765246391296,0.013659079559147358,0.361777126789093,0.23678810894489288,0,0,0
298,5.96,0.25,0.24190163612365723,0.0029327617958188057,0.008613047190010548,-0.008098363876342773,0.0029327617958188057,0.4365818500518799,0.0436045378446579,0.34244173765182495,0.24710941314697266,0,0,0
299,5.98,0.25,0.241669163107872,0.0002567244810052216,0.008334791287779808,-0.00833083689212799,0.0002567244810052216,0.4366587996482849,0.04870874434709549,0.27413052320480347,0.22818219661712646,0,0,0
300,6.0,0.25,0.24034307897090912,-0.004836536478251219,0.010800380259752274,-0.009656921029090881,-0.004836536478251219,0.4364891052246094,0.05514208599925041,0.2887219488620758,0.2195686548948288,0,0,0
301,6.0200000000000005,0.25,0.2360600382089615,-0.008221951313316822,0.016184035688638687,-0.013939961791038513,-0.008221951313316822,0.43603581190109253,0.034488826990127563,0.2490139752626419,0.2817300856113434,0,0,0
302,6.04,0.25,0.23329737782478333,-0.008872859179973602,0.01891309581696987,-0.016702622175216675,-0.008872859179973602,0.4353199005126953,0.04133908450603485,0.22183199226856232,0.23464493453502655,0,0,0
303,6.0600000000000005,0.25,0.2377520054578781,-0.0020246871281415224,0.012414215132594109,-0.012247994542121887,-0.0020246871281415224,0.4345024824142456,0.05353935807943344,0.23599566519260406,0.17431187629699707,0,0,0
304,6.08,0.25,0.23958763480186462,0.00300414115190506,0.010837076231837273,-0.010412365198135376,0.00300414115190506,0.433804988861084,0.07532619684934616,0.20395778119564056,0.19440878927707672,0,0,0
305,6.1000000000000005,0.25,0.2338806539773941,0.004695911891758442,0.016789428889751434,-0.016119346022605896,0.004695911891758442,0.4330553412437439,0.08403921872377396,0.19110219180583954,0.35385820269584656,0,0,0
306,6.12,0.25,0.23076145350933075,0.00244843028485775,0.01939372345805168,-0.01923854649066925,0.00244843028485775,0.4319300055503845,0.07308870553970337,0.22792096436023712,0.20022544264793396,0,0,0
307,6.140000000000001,0.25,0.22783181071281433,0.0007866052910685539,0.02218214049935341,-0.02216818928718567,0.0007866052910685539,0.430695116519928,0.05386878177523613,0.21135994791984558,0.19771969318389893,0,0,0
308,6.16,0.25,0.2272508144378662,0.00111056724563241,0.022776275873184204,-0.02274918556213379,0.00111056724563241,0.4297218918800354,0.03131234645843506,0.24620915949344635,0.21719323098659515,0,0,0
309,6.18,0.25,0.23167479038238525,0.001455396763049066,0.018382912501692772,-0.018325209617614746,0.001455396763049066,0.42915695905685425,0.021965621039271355,0.2843344509601593,0.22423014044761658,0,0,0
310,6.2,0.25,0.2371133416891098,0.001795838470570743,0.013011187314987183,-0.012886658310890198,0.001795838470570743,0.42896267771720886,0.028005564585328102,0.3201375901699066,0.19449423253536224,0,0,0
311,6.22,0.25,0.23493796586990356,0.00921146385371685,0.017655478790402412,-0.015062034130096436,0.00921146385371685,0.42904800176620483,0.05098646506667137,0.2826571762561798,0.25763949751853943,0,0,0
312,6.24,0.25,0.23286761343479156,0.008209223859012127,0.01899763196706772,-0.017132386565208435,0.008209223859012127,0.42941248416900635,0.03902366757392883,0.338858038187027,0.27950718998908997,0,0,0
313,6.26,0.25,0.23403245210647583,0.006253799889236689,0.017148545011878014,-0.01596754789352417,0.006253799889236689,0.4300311505794525,0.042507097125053406,0.307829886674881,0.3453633487224579,0,0,0
314,6.28,0.25,0.24215489625930786,0.004966749809682369,0.009285163134336472,-0.007845103740692139,0.004966749809682369,0.4310039281845093,0.03074360452592373,0.27625322341918945,0.3182116448879242,0,0,0
315,6.3,0.25,0.2410123497247696,0.0054930211044847965,0.01053333468735218,-0.008987650275230408,0.0054930211044847965,0.43224596977233887,0.025647403672337532,0.3007945120334625,0.2490702122449875,0,0,0
316,6.32,0.25,0.23920698463916779,0.005467685870826244,0.012098957784473896,-0.010793015360832214,0.005467685870826244,0.43338578939437866,0.05083431303501129,0.2868446409702301,0.3332035541534424,0,0,0
317,6.34,0.25,0.2393908053636551,0.0070099798031151295,0.012715928256511688,-0.01060919463634491,0.0070099798031151295,0.43452954292297363,0.041265200823545456,0.3382813632488251,0.318758100271225,0,0,0
318,6.36,0.25,0.24110211431980133,0.004472707398235798,0.009958789683878422,-0.00889788568019867,0.004472707398235798,0.4358670115470886,0.03638336434960365,0.27996525168418884,0.39092138409614563,0,0,0
319,6.38,0.25,0.23948919773101807,0.002374876756221056,0.010775759816169739,-0.010510802268981934,0.002374876756221056,0.43733417987823486,0.03517564758658409,0.22608518600463867,0.3055451810359955,0,0,0
320,6.4,0.25,0.24232807755470276,0.002735849004238844,0.008145137690007687,-0.007671922445297241,0.002735849004238844,0.4387776255607605,0.01621331460773945,0.14074762165546417,0.23057131469249725,0,0,0
321,6.42,0.25,0.24218116700649261,0.005300389602780342,0.00944607239216566,-0.007818832993507385,0.005300389602780342,0.4400727450847626,0.015321813523769379,0.03403235226869583,0.206260547041893,0,0,0
322,6.44,0.25,0.2403310239315033,0.004541079048067331,0.010682251304388046,-0.009668976068496704,0.004541079048067331,0.44105207920074463,0.016898801550269127,0.06368958950042725,0.1812729686498642,0,0,0
323,6.46,0.25,0.240529403090477,0.006499848328530788,0.011486523784697056,-0.00947059690952301,0.006499848328530788,0.4417555332183838,0.01571049354970455,0.16549600660800934,0.16600632667541504,0,0,0
324,6.48,0.25,0.23401372134685516,0.005307397339493036,0.01684427447617054,-0.015986278653144836,0.005307397339493036,0.44233423471450806,0.03240411356091499,0.22803503274917603,0.19127319753170013,0,0,0
325,6.5,0.25,0.23632611334323883,0.0031872731633484364,0.014040437527000904,-0.01367388665676117,0.0031872731633484364,0.4428374469280243,0.0443890355527401,0.348579466342926,0.1252107173204422,0,0,0
326,6.5200000000000005,0.25,0.23969735205173492,-0.0003321637341286987,0.010308001190423965,-0.010302647948265076,-0.0003321637341286987,0.44318413734436035,0.05538373440504074,0.4541609585285187,0.17004840075969696,0,0,0
327,6.54,0.25,0.23306158185005188,-0.0026272013783454895,0.0171409510076046,-0.01693841814994812,-0.0026272013783454895,0.4433501362800598,0.050845254212617874,0.42400676012039185,0.20692415535449982,0,0,0
328,6.5600000000000005,0.25,0.23337695002555847,-0.004770255647599697,0.017293963581323624,-0.01662304997444153,-0.004770255647599697,0.4434884786605835,0.050654493272304535,0.4396338164806366,0.18275046348571777,0,0,0
329,6.58,0.25,0.23438140749931335,-0.005940705072134733,0.016710249707102776,-0.015618592500686646,-0.005940705072134733,0.4436788558959961,0.039894457906484604,0.4197523891925812,0.19489912688732147,0,0,0
330,6.6000000000000005,0.25,0.2267715483903885,-0.0072212195955216885,0.02432502806186676,-0.02322845160961151,-0.0072212195955216885,0.4438357949256897,0.0631498470902443,0.38108786940574646,0.21198470890522003,0,0,0
331,6.62,0.25,0.22288259863853455,-0.008532898500561714,0.028428221121430397,-0.027117401361465454,-0.008532898500561714,0.4440065622329712,0.05851057544350624,0.30738213658332825,0.17699050903320312,0,0,0
332,6.640000000000001,0.25,0.22278618812561035,-0.008648433722555637,0.02855498157441616,-0.02721381187438965,-0.008648433722555637,0.44424933195114136,0.04757031798362732,0.24480199813842773,0.23126129806041718,0,0,0
333,6.66,0.25,0.21894001960754395,-0.005585941486060619,0.03155828267335892,-0.031059980392456055,-0.005585941486060619,0.4443527162075043,0.04562164470553398,0.16810242831707,0.16829976439476013,0,0,0
334,6.68,0.25,0.221621572971344,0.0006406795000657439,0.02838565781712532,-0.028378427028656006,0.0006406795000657439,0.4442088007926941,0.052407946437597275,0.10812447220087051,0.19334544241428375,0,0,0
335,6.7,0.25,0.23031209409236908,0.0010495466412976384,0.01971586048603058,-0.01968790590763092,0.0010495466412976384,0.44380566477775574,0.07522089779376984,0.1242254227399826,0.29672613739967346,0,0,0
336,6.72,0.25,0.23544429242610931,-0.0041086021810770035,0.015124457888305187,-0.014555707573890686,-0.0041086021810770035,0.44322824478149414,0.06100377067923546,0.20503008365631104,0.4611254334449768,0,0,0
337,6.74,0.25,0.24738803505897522,-0.007780241314321756,0.008206979371607304,-0.0026119649410247803,-0.007780241314321756,0.4427090883255005,0.03669770807027817,0.22656305134296417,0.3861153721809387,0,0,0
338,6.76,0.25,0.2503126561641693,-0.012954938225448132,0.012958711013197899,0.0003126561641693115,-0.012954938225448132,0.44243061542510986,0.07699785381555557,0.4249063730239868,0.3322063684463501,0,0,0
339,6.78,0.25,0.24686938524246216,-0.007556071970611811,0.008178934454917908,-0.003130614757537842,-0.007556071970611811,0.44209223985671997,0.07431498914957047,0.43250057101249695,0.43331703543663025,0,0,0
340,6.8,0.25,0.24664001166820526,-0.004137879703193903,0.005330250598490238,-0.0033599883317947388,-0.004137879703193903,0.4415800869464874,0.07555651664733887,0.38482430577278137,0.438067764043808,0,0,0
341,6.82,0.25,0.2497267723083496,-0.0026387982070446014,0.0026529058814048767,-0.0002732276916503906,-0.0026387982070446014,0.44091641902923584,0.08353936672210693,0.33121755719184875,0.5098492503166199,0,0,0
342,6.84,0.25,0.24355244636535645,-0.001893820590339601,0.006719933357089758,-0.006447553634643555,-0.001893820590339601,0.4401724934577942,0.06979713588953018,0.2715463638305664,0.48125970363616943,0,0,0
343,6.86,0.25,0.23976457118988037,0.0011736531741917133,0.010302498005330563,-0.010235428810119629,0.0011736531741917133,0.4391585886478424,0.04456229507923126,0.1369490623474121,0.37434127926826477,0,0,0
344,6.88,0.25,0.2370176464319229,0.004948373418301344,0.013893447816371918,-0.012982353568077087,0.004948373418301344,0.43807944655418396,0.05404720827937126,0.09805996716022491,0.21858832240104675,0,0,0
345,6.9,0.25,0.23577973246574402,0.007654128130525351,0.016149355098605156,-0.014220267534255981,0.007654128130525351,0.4370667338371277,0.051893990486860275,0.16797399520874023,0.24371883273124695,0,0,0
346,6.92,0.25,0.2349490076303482,0.010774929076433182,0.018510308116674423,-0.015050992369651794,0.010774929076433182,0.43618279695510864,0.04287300258874893,0.30386409163475037,0.22128815948963165,0,0,0
347,6.94,0.25,0.24047759175300598,0.00740306219086051,0.01206157449632883,-0.009522408246994019,0.00740306219086051,0.43555277585983276,0.051350049674510956,0.34213384985923767,0.22560901939868927,0,0,0
348,6.96,0.25,0.23984430730342865,0.006991416681557894,0.012329557910561562,-0.01015569269657135,0.006991416681557894,0.4351920485496521,0.05719972774386406,0.3578606843948364,0.2263515442609787,0,0,0
349,6.98,0.25,0.23925457894802094,0.006362821441143751,0.012487976811826229,-0.010745421051979065,0.006362821441143751,0.43481025099754333,0.045673616230487823,0.38167163729667664,0.2113860696554184,0,0,0
350,7.0,0.25,0.2353467047214508,0.00410814955830574,0.015218277461826801,-0.014653295278549194,0.00410814955830574,0.43440645933151245,0.04134197160601616,0.3574109971523285,0.17252618074417114,0,0,0
351,7.0200000000000005,0.25,0.2364727407693863,-0.00043180392822250724,0.013534149155020714,-0.013527259230613708,-0.00043180392822250724,0.4340096116065979,0.03695701062679291,0.3313363492488861,0.19011498987674713,0,0,0
352,7.04,0.25,0.24086986482143402,-0.0028971147257834673,0.009578759782016277,-0.009130135178565979,-0.0028971147257834673,0.43371841311454773,0.01723804697394371,0.31764116883277893,0.19379469752311707,0,0,0
353,7.0600000000000005,0.25,0.24239328503608704,-0.0045758881606161594,0.008876984938979149,-0.007606714963912964,-0.0045758881606161594,0.4334014654159546,0.007597393821924925,0.3228314518928528,0.22206079959869385,0,0,0
354,7.08,0.25,0.239491268992424,-0.010032501071691513,0.014528747648000717,-0.010508731007575989,-0.010032501071691513,0.4329391121864319,0.010478715412318707,0.2842518389225006,0.23614108562469482,0,0,0
355,7.1000000000000005,0.25,0.23712904751300812,-0.011567705310881138,0.017305295914411545,-0.012870952486991882,-0.011567705310881138,0.43227317929267883,0.010058131068944931,0.2815841734409332,0.28354668617248535,0,0,0
356,7.12,0.25,0.2397724688053131,-0.00825034361332655,0.013140417635440826,-0.01022753119468689,-0.00825034361332655,0.4312845766544342,0.031056681647896767,0.2938605844974518,0.25953298807144165,0,0,0
357,7.140000000000001,0.25,0.237312912940979,-0.0037785754539072514,0.013237817212939262,-0.012687087059020996,-0.0037785754539072514,0.4301278591156006,0.03701116889715195,0.2408069521188736,0.23905019462108612,0,0,0
358,7.16,0.25,0.2413615882396698,-0.0024657845497131348,0.00898344349116087,-0.0086384117603302,-0.0024657845497131348,0.4288961887359619,0.029121195897459984,0.22160710394382477,0.23308932781219482,0,0,0
359,7.18,0.25,0.24482445418834686,0.0017645892221480608,0.005468093790113926,-0.005175545811653137,0.0017645892221480608,0.4279245138168335,0.019990693777799606,0.19377855956554413,0.2680188715457916,0,0,0
360,7.2,0.25,0.24695846438407898,-0.0008911092882044613,0.003169387113302946,-0.0030415356159210205,-0.0008911092882044613,0.42729002237319946,0.03043902851641178,0.2635631263256073,0.22999149560928345,0,0,0
361,7.22,0.25,0.2485576719045639,-0.0033743628300726414,0.0036696915049105883,-0.0014423280954360962,-0.0033743628300726414,0.4269912838935852,0.010679222643375397,0.29506948590278625,0.19554007053375244,0,0,0
362,7.24,0.25,0.24586863815784454,0.001086741336621344,0.004271903075277805,-0.0041313618421554565,0.001086741336621344,0.4272134304046631,0.10607396811246872,0.2966092526912689,0.20347754657268524,0,0,0
363,7.26,0.25,0.24551647901535034,0.0031183604151010513,0.005461330525577068,-0.004483520984649658,0.0031183604151010513,0.4278687536716461,0.07258877158164978,0.3317749798297882,0.34526100754737854,0,0,0
364,7.28,0.25,0.2495502084493637,0.003783545223996043,0.0038101873360574245,-0.0004497915506362915,0.003783545223996043,0.42883017659187317,0.06578493118286133,0.3473179340362549,0.27507299184799194,0,0,0
365,7.3,0.25,0.2513398826122284,0.004651087336242199,0.004840237554162741,0.0013398826122283936,0.004651087336242199,0.43019700050354004,0.05053834244608879,0.3997762203216553,0.3013823628425598,0,0,0
366,7.32,0.25,0.24732030928134918,0.002825477160513401,0.003894106252118945,-0.002679690718650818,0.002825477160513401,0.4319673776626587,0.04838626831769943,0.4881899058818817,0.32556092739105225,0,0,0
367,7.34,0.25,0.24821209907531738,0.0028948469553142786,0.0034024592023342848,-0.0017879009246826172,0.0028948469553142786,0.43382713198661804,0.03853408619761467,0.43185102939605713,0.2590797245502472,0,0,0
368,7.36,0.25,0.2474757581949234,0.006247617304325104,0.0067382873967289925,-0.002524241805076599,0.006247617304325104,0.4355212450027466,0.038561537861824036,0.3897692561149597,0.29792776703834534,0,0,0
369,7.38,0.25,0.2481018602848053,0.007771015167236328,0.007999476045370102,-0.0018981397151947021,0.007771015167236328,0.4371034502983093,0.023550229147076607,0.373258113861084,0.32047146558761597,0,0,0
370,7.4,0.25,0.25204792618751526,0.0066052633337676525,0.006915454287081957,0.002047926187515259,0.0066052633337676525,0.4386831521987915,0.0038500658702105284,0.3344098925590515,0.32218578457832336,0,0,0
371,7.42,0.25,0.25180917978286743,0.005005817394703627,0.005322718992829323,0.0018091797828674316,0.005005817394703627,0.4401172995567322,0.02417236939072609,0.30399736762046814,0.2841038405895233,0,0,0
372,7.44,0.25,0.25357484817504883,0.003275347175076604,0.004848447162657976,0.003574848175048828,0.003275347175076604,0.44125714898109436,0.03721635416150093,0.1968565434217453,0.2497393637895584,0,0,0
373,7.46,0.25,0.2506212294101715,0.0007412895793095231,0.0009671795414760709,0.0006212294101715088,0.0007412895793095231,0.4419690668582916,0.010850436985492706,0.02398943528532982,0.20088908076286316,0,0,0
374,7.48,0.25,0.2468574047088623,-0.0004228599136695266,0.0031709172762930393,-0.0031425952911376953,-0.0004228599136695266,0.4422953724861145,0.005345070734620094,0.04490669071674347,0.19084812700748444,0,0,0
375,7.5,0.25,0.2478153556585312,0.00033290591090917587,0.0022098636254668236,-0.002184644341468811,0.00033290591090917587,0.4424656629562378,0.016855880618095398,0.16627252101898193,0.12347009032964706,0,0,0
376,7.5200000000000005,0.25,0.2464422881603241,0.0024582911282777786,0.004324408248066902,-0.0035577118396759033,0.0024582911282777786,0.442577600479126,0.029205450788140297,0.23584066331386566,0.12549442052841187,0,0,0
377,7.54,0.25,0.24899105727672577,0.0004303692257963121,0.0010968970600515604,-0.001008942723274231,0.0004303692257963121,0.4427797794342041,0.02373252995312214,0.29210686683654785,0.1369796097278595,0,0,0
378,7.5600000000000005,0.25,0.24449369311332703,0.00012149498797953129,0.005507647059857845,-0.005506306886672974,0.00012149498797953129,0.4430561661720276,0.02825506590306759,0.2985573709011078,0.1996627002954483,0,0,0
379,7.58,0.25,0.2430666983127594,0.0010547543643042445,0.00701307225972414,-0.006933301687240601,0.0010547543643042445,0.44325757026672363,0.04520878195762634,0.3081306517124176,0.12910062074661255,0,0,0
380,7.6000000000000005,0.25,0.23644933104515076,0.0028224883135408163,0.013841498643159866,-0.013550668954849243,0.0028224883135408163,0.44338205456733704,0.05766918882727623,0.3084017336368561,0.16287073493003845,0,0,0
381,7.62,0.25,0.23664861917495728,-0.0009710149606689811,0.013386644423007965,-0.013351380825042725,-0.0009710149606689811,0.44337305426597595,0.04316713288426399,0.29864752292633057,0.16919444501399994,0,0,0
382,7.640000000000001,0.25,0.23702633380889893,-0.006806075572967529,0.014650551602244377,-0.012973666191101074,-0.006806075572967529,0.4433896541595459,0.022913677617907524,0.34179452061653137,0.13344083726406097,0,0,0
383,7.66,0.25,0.23635756969451904,-0.006792000029236078,0.015239657834172249,-0.013642430305480957,-0.006792000029236078,0.44344601035118103,0.021348528563976288,0.2836392819881439,0.19046202301979065,0,0,0
384,7.68,0.25,0.2360353022813797,-0.003237725468352437,0.014335119165480137,-0.0139646977186203,-0.003237725468352437,0.4436693787574768,0.04300136864185333,0.2559988796710968,0.21312767267227173,0,0,0
385,7.7,0.25,0.2370835840702057,0.0005123791052028537,0.012926574796438217,-0.012916415929794312,0.0005123791052028537,0.44375139474868774,0.08585191518068314,0.3061812222003937,0.2557202875614166,0,0,0
386,7.72,0.25,0.24093866348266602,0.0006555959116667509,0.009085021913051605,-0.009061336517333984,0.0006555959116667509,0.44371843338012695,0.08349672704935074,0.22453008592128754,0.21880465745925903,0,0,0
387,7.74,0.25,0.24249152839183807,-0.0049659195356070995,0.009002082981169224,-0.007508471608161926,-0.0049659195356070995,0.44381043314933777,0.06372347474098206,0.16794754564762115,0.26752421259880066,0,0,0
388,7.76,0.25,0.24160726368427277,-0.006128891836851835,0.010392368771135807,-0.008392736315727234,-0.006128891836851835,0.44389089941978455,0.052052091807127,0.17730572819709778,0.28537723422050476,0,0,0
389,7.78,0.25,0.24165888130664825,-0.002347587374970317,0.008665185421705246,-0.008341118693351746,-0.002347587374970317,0.4437105059623718,0.07034578919410706,0.2645103931427002,0.28142866492271423,0,0,0
390,7.8,0.25,0.2460634410381317,-0.0009624810772947967,0.004052513744682074,-0.003936558961868286,-0.0009624810772947967,0.442984402179718,0.11127148568630219,0.3381974995136261,0.38224002718925476,0,0,0
391,7.82,0.25,0.2501083016395569,-0.0080332662910223,0.0080339964479208,0.00010830163955688477,-0.0080332662910223,0.4419374465942383,0.10160436481237411,0.44358915090560913,0.4533229172229767,0,0,0
392,7.84,0.25,0.2489534169435501,-0.004492786712944508,0.0046130758710205555,-0.0010465830564498901,-0.004492786712944508,0.4407663941383362,0.10960172861814499,0.4948226511478424,0.49730440974235535,0,0,0
393,7.86,0.25,0.2497764378786087,-0.00458635576069355,0.004591801203787327,-0.0002235621213912964,-0.00458635576069355,0.43941986560821533,0.104575514793396,0.44268032908439636,0.4636761546134949,0,0,0
394,7.88,0.25,0.25156018137931824,-0.005801893305033445,0.006008005701005459,0.0015601813793182373,-0.005801893305033445,0.43803420662879944,0.09051792323589325,0.3477742075920105,0.5511322617530823,0,0,0
395,7.9,0.25,0.2542681396007538,-0.006331914570182562,0.00763610890135169,0.004268139600753784,-0.006331914570182562,0.4367854595184326,0.07141712307929993,0.24150772392749786,0.43908122181892395,0,0,0
396,7.92,0.25,0.25072354078292847,-0.003203458385542035,0.003284152364358306,0.0007235407829284668,-0.003203458385542035,0.4356893301010132,0.04206380620598793,0.09993160516023636,0.3333616852760315,0,0,0
397,7.94,0.25,0.24365234375,0.004175182897597551,0.007597689982503653,-0.00634765625,0.004175182897597551,0.434713751077652,0.05948856472969055,0.16394461691379547,0.241415336728096,0,0,0
398,7.96,0.25,0.24055632948875427,0.009918944910168648,0.01369556039571762,-0.009443670511245728,0.009918944910168648,0.4337480068206787,0.04481324926018715,0.23948825895786285,0.241200789809227,0,0,0
399,7.98,0.25,0.24599000811576843,0.010684526525437832,0.011412236839532852,-0.004009991884231567,0.010684526525437832,0.4328293204307556,0.02981850877404213,0.3052434027194977,0.21730315685272217,0,0,0
400,8.0,0.25,0.242909774184227,0.010973876342177391,0.013065115548670292,-0.00709022581577301,0.010973876342177391,0.43222203850746155,0.02789839170873165,0.36617064476013184,0.2443043738603592,0,0,0
401,8.02,0.25,0.24600617587566376,0.008636045269668102,0.0095148254185915,-0.003993824124336243,0.008636045269668102,0.43186354637145996,0.01879568211734295,0.43617501854896545,0.14607790112495422,0,0,0
402,8.040000000000001,0.25,0.24854271113872528,0.007192108780145645,0.007338264025747776,-0.0014572888612747192,0.007192108780145645,0.43172210454940796,0.023776816204190254,0.47001320123672485,0.18490365147590637,0,0,0
403,8.06,0.25,0.24412107467651367,0.005426296964287758,0.008000403642654419,-0.005878925323486328,0.005426296964287758,0.4317397475242615,0.013869778253138065,0.4170776307582855,0.20763631165027618,0,0,0
404,8.08,0.25,0.23916396498680115,0.004414835479110479,0.011700873263180256,-0.010836035013198853,0.004414835479110479,0.43187934160232544,0.009069493040442467,0.3093414902687073,0.20303304493427277,0,0,0
405,8.1,0.25,0.24346034228801727,0.0035841292701661587,0.00745741929858923,-0.006539657711982727,0.0035841292701661587,0.431959867477417,0.02616136334836483,0.3652200400829315,0.27044716477394104,0,0,0
406,8.120000000000001,0.25,0.24161875247955322,0.0020320622716099024,0.008624070324003696,-0.008381247520446777,0.0020320622716099024,0.43195217847824097,0.03152936324477196,0.33040961623191833,0.2466476559638977,0,0,0
407,8.14,0.25,0.24270418286323547,-0.0019228131277486682,0.007544942665845156,-0.007295817136764526,-0.0019228131277486682,0.43194806575775146,0.037138164043426514,0.3095261752605438,0.20909704267978668,0,0,0
408,8.16,0.25,0.24759738147258759,-0.0038012515287846327,0.00449689757078886,-0.0024026185274124146,-0.0038012515287846327,0.43205371499061584,0.04232238978147507,0.2934677004814148,0.18320216238498688,0,0,0
409,8.18,0.25,0.25296565890312195,-0.000492725579533726,0.0030063120648264885,0.0029656589031219482,-0.000492725579533726,0.4321966767311096,0.03717702999711037,0.27558547258377075,0.2238154262304306,0,0,0
410,8.2,0.25,0.2547018826007843,-0.0004381491453386843,0.004722252953797579,0.004701882600784302,-0.0004381491453386843,0.4323550760746002,0.039823491126298904,0.26886168122291565,0.24762870371341705,0,0,0
411,8.22,0.25,0.25072574615478516,-0.0006930481176823378,0.0010035054292529821,0.0007257461547851562,-0.0006930481176823378,0.4326581358909607,0.04299332574009895,0.21245062351226807,0.1653548777103424,0,0,0
412,8.24,0.25,0.2497481405735016,0.0018150235991925001,0.001832414767704904,-0.0002518594264984131,0.0018150235991925001,0.43294912576675415,0.03340345248579979,0.19555939733982086,0.1860370934009552,0,0,0
413,8.26,0.25,0.2457641363143921,0.0004796317662112415,0.004262931644916534,-0.00423586368560791,0.0004796317662112415,0.43313300609588623,0.042921148240566254,0.24215655028820038,0.22449538111686707,0,0,0
414,8.28,0.25,0.2452445924282074,0.00027349096490070224,0.004763265606015921,-0.0047554075717926025,0.00027349096490070224,0.43334823846817017,0.02554401196539402,0.2793945372104645,0.2515185475349426,0,0,0
415,8.3,0.25,0.24836206436157227,-0.001194292795844376,0.002027108334004879,-0.0016379356384277344,-0.001194292795844376,0.4337185025215149,0.013930857181549072,0.2901163399219513,0.20968131721019745,0,0,0
416,8.32,0.25,0.24725167453289032,0.007254030089825392,0.007757205981761217,-0.00274832546710968,0.007254030089825392,0.4343385100364685,0.08846515417098999,0.3705885410308838,0.3108311593532562,0,0,0
417,8.34,0.25,0.2440883219242096,0.00728408619761467,0.009381143376231194,-0.005911678075790405,0.00728408619761467,0.43498557806015015,0.07564519345760345,0.37551066279411316,0.2527709901332855,0,0,0
418,8.36,0.25,0.24348631501197815,0.005794078577309847,0.008717765100300312,-0.006513684988021851,0.005794078577309847,0.43564939498901367,0.057642146944999695,0.3688766360282898,0.285868376493454,0,0,0
419,8.38,0.25,0.24888791143894196,0.0031530731357634068,0.0033434429205954075,-0.0011120885610580444,0.0031530731357634068,0.43670162558555603,0.051220085471868515,0.3878568112850189,0.2603522539138794,0,0,0
420,8.4,0.25,0.2484016865491867,0.0020164325833320618,0.0025730538181960583,-0.0015983134508132935,0.0020164325833320618,0.4379638135433197,0.03495420143008232,0.3718879520893097,0.26975274085998535,0,0,0
421,8.42,0.25,0.2503006160259247,0.002763773314654827,0.002780074253678322,0.0003006160259246826,0.002763773314654827,0.43911170959472656,0.03184540197253227,0.37662431597709656,0.3143889009952545,0,0,0
422,8.44,0.25,0.25607120990753174,0.0051044863648712635,0.007931920699775219,0.006071209907531738,0.0051044863648712635,0.4401785731315613,0.028718359768390656,0.31442791223526,0.2718459963798523,0,0,0
423,8.46,0.25,0.25337597727775574,0.0021890082862228155,0.004023553337901831,0.0033759772777557373,0.0021890082862228155,0.4411278963088989,0.018917182460427284,0.32042068243026733,0.3143547475337982,0,0,0
424,8.48,0.25,0.25501033663749695,-0.0004551614401862025,0.005030968692153692,0.005010336637496948,-0.0004551614401862025,0.441917359828949,0.012006161734461784,0.2706952393054962,0.28778597712516785,0,0,0
425,8.5,0.25,0.25552552938461304,0.001152397831901908,0.005644422024488449,0.005525529384613037,0.001152397831901908,0.44263482093811035,0.01124764047563076,0.1938258558511734,0.2913905680179596,0,0,0
426,8.52,0.25,0.2554803490638733,-0.0017626448534429073,0.005756834521889687,0.005480349063873291,-0.0017626448534429073,0.4430314004421234,0.020874960348010063,0.05562726780772209,0.23959797620773315,0,0,0
427,8.540000000000001,0.25,0.25179481506347656,-0.005298788193613291,0.0055945077911019325,0.0017948150634765625,-0.005298788193613291,0.4429916739463806,0.01661764457821846,0.012420178391039371,0.1387922316789627,0,0,0
428,8.56,0.25,0.2520582973957062,-0.0063990321941673756,0.006721919402480125,0.0020582973957061768,-0.0063990321941673756,0.4426018297672272,0.024137232452630997,0.09427815675735474,0.20803400874137878,0,0,0
429,8.58,0.25,0.24718359112739563,-0.007141354028135538,0.0076766591519117355,-0.00281640887260437,-0.007141354028135538,0.4419993460178375,0.03576129302382469,0.16867798566818237,0.16727320849895477,0,0,0
430,8.6,0.25,0.24752871692180634,-0.004172895569354296,0.004849772900342941,-0.0024712830781936646,-0.004172895569354296,0.4411887526512146,0.051703691482543945,0.2661653459072113,0.17680269479751587,0,0,0
431,8.620000000000001,0.25,0.24452970921993256,-0.004709057044237852,0.007217984180897474,-0.005470290780067444,-0.004709057044237852,0.4403643310070038,0.06530973315238953,0.32405245304107666,0.16837544739246368,0,0,0
432,8.64,0.25,0.24520209431648254,-0.007856965065002441,0.00920607428997755,-0.004797905683517456,-0.007856965065002441,0.4397885799407959,0.05143998563289642,0.34188535809516907,0.15390416979789734,0,0,0
433,8.66,0.25,0.24939149618148804,-0.008602498099207878,0.008623992092907429,-0.0006085038185119629,-0.008602498099207878,0.43959251046180725,0.03797127678990364,0.3661908507347107,0.1526276022195816,0,0,0
434,8.68,0.25,0.2514350414276123,-0.009680620394647121,0.00978640653192997,0.0014350414276123047,-0.009680620394647121,0.43977677822113037,0.019131163135170937,0.33123084902763367,0.13714466989040375,0,0,0
435,8.700000000000001,0.25,0.25312158465385437,-0.012419573962688446,0.012805862352252007,0.00312158465385437,-0.012419573962688446,0.44017577171325684,0.02490350976586342,0.35619473457336426,0.16035263240337372,0,0,0
436,8.72,0.25,0.2450798898935318,-0.012375760823488235,0.01331791840493679,-0.004920110106468201,-0.012375760823488235,0.4405810534954071,0.04231473058462143,0.28996071219444275,0.22545064985752106,0,0,0
437,8.74,0.25,0.24446143209934235,-0.013498649001121521,0.014590725302696228,-0.005538567900657654,-0.013498649001121521,0.4409220218658447,0.06115753576159477,0.29706859588623047,0.14247722923755646,0,0,0
438,8.76,0.25,0.2438601553440094,-0.015397053211927414,0.016576094552874565,-0.006139844655990601,-0.015397053211927414,0.4413679838180542,0.03670224919915199,0.21613454818725586,0.21907493472099304,0,0,0
439,8.78,0.25,0.24497771263122559,-0.014199972152709961,0.015061957761645317,-0.005022287368774414,-0.014199972152709961,0.4417792558670044,0.04035019129514694,0.17250248789787292,0.21814601123332977,0,0,0
440,8.8,0.25,0.2447255551815033,-0.016221188008785248,0.017057159915566444,-0.005274444818496704,-0.016221188008785248,0.44221851229667664,0.03401336446404457,0.18309131264686584,0.25892189145088196,0,0,0
441,8.82,0.25,0.2441987246274948,-0.015382559038698673,0.01644013077020645,-0.005801275372505188,-0.015382559038698673,0.44258394837379456,0.040299538522958755,0.223668172955513,0.22302237153053284,0,0,0
442,8.84,0.25,0.24536503851413727,-0.0157923623919487,0.016458479687571526,-0.004634961485862732,-0.0157923623919487,0.4425796568393707,0.05379316583275795,0.26851895451545715,0.3240172564983368,0,0,0
443,8.86,0.25,0.24612164497375488,-0.015549459494650364,0.016025833785533905,-0.003878355026245117,-0.015549459494650364,0.4421786069869995,0.07562530785799026,0.2991391718387604,0.3926435708999634,0,0,0
444,8.88,0.25,0.2508820593357086,-0.023016486316919327,0.02303338050842285,0.0008820593357086182,-0.023016486316919327,0.44171541929244995,0.05539809912443161,0.44191184639930725,0.42429205775260925,0,0,0
445,8.9,0.25,0.24360142648220062,-0.017349010333418846,0.018491346389055252,-0.0063985735177993774,-0.017349010333418846,0.44131895899772644,0.07328935712575912,0.559676468372345,0.49346715211868286,0,0,0
446,8.92,0.25,0.2499013990163803,-0.01439344510436058,0.014393783174455166,-9.860098361968994e-05,-0.01439344510436058,0.4406871795654297,0.06997788697481155,0.443622887134552,0.4925811290740967,0,0,0
447,8.94,0.25,0.25736919045448303,-0.01247977651655674,0.014493094757199287,0.007369190454483032,-0.01247977651655674,0.44008976221084595,0.09504330158233643,0.36595645546913147,0.6130971312522888,0,0,0
448,8.96,0.25,0.25380751490592957,-0.009961034171283245,0.010663928464055061,0.0038075149059295654,-0.009961034171283245,0.4395989179611206,0.0793704017996788,0.26126691699028015,0.4602227509021759,0,0,0
449,8.98,0.25,0.24639518558979034,-0.003685198724269867,0.005155131220817566,-0.0036048144102096558,-0.003685198724269867,0.4391353130340576,0.06593449413776398,0.20584365725517273,0.3248649537563324,0,0,0
450,9.0,0.25,0.24239405989646912,0.002995489165186882,0.008174550719559193,-0.007605940103530884,0.002995489165186882,0.43863362073898315,0.05755908414721489,0.19974417984485626,0.2302505075931549,0,0,0
451,9.02,0.25,0.2414633184671402,0.003267979947850108,0.009140822105109692,-0.008536681532859802,0.003267979947850108,0.4379481077194214,0.03879151493310928,0.2562691271305084,0.2609432637691498,0,0,0
452,9.040000000000001,0.25,0.24528659880161285,0.004094591364264488,0.006243543233722448,-0.004713401198387146,0.004094591364264488,0.43717485666275024,0.03934633731842041,0.3644450604915619,0.21315841376781464,0,0,0
453,9.06,0.25,0.24711401760578156,0.006860393565148115,0.007442707661539316,-0.002885982394218445,0.006860393565148115,0.4366116225719452,0.040246929973363876,0.4163252115249634,0.20179027318954468,0,0,0
454,9.08,0.25,0.25120076537132263,0.0067357877269387245,0.006841978989541531,0.0012007653713226318,0.0067357877269387245,0.43630146980285645,0.03938741609454155,0.45316675305366516,0.227646142244339,0,0,0
455,9.1,0.25,0.24950677156448364,0.007894561626017094,0.007909954525530338,-0.0004932284355163574,0.007894561626017094,0.4362010359764099,0.03819318860769272,0.4117634892463684,0.22342590987682343,0,0,0
456,9.120000000000001,0.25,0.24763481318950653,0.0057092406786978245,0.006179768592119217,-0.0023651868104934692,0.0057092406786978245,0.4360683262348175,0.009587611071765423,0.40568411350250244,0.26793769001960754,0,0,0
457,9.14,0.25,0.245449036359787,0.0027636357117444277,0.005324373487383127,-0.004550963640213013,0.0027636357117444277,0.43583548069000244,0.019328052178025246,0.3733766973018646,0.22113536298274994,0,0,0
458,9.16,0.25,0.2490568608045578,-0.0009795241057872772,0.001359771704301238,-0.0009431391954421997,-0.0009795241057872772,0.4356113076210022,0.034430187195539474,0.38501089811325073,0.19518648087978363,0,0,0
459,9.18,0.25,0.2481556236743927,-0.006498168688267469,0.006754843983799219,-0.0018443763256072998,-0.006498168688267469,0.4355155825614929,0.01955876499414444,0.31374770402908325,0.1958659589290619,0,0,0
460,9.200000000000001,0.25,0.2529738247394562,-0.009287853725254536,0.009752325713634491,0.0029738247394561768,-0.009287853725254536,0.4354874789714813,0.037423472851514816,0.29463160037994385,0.1809675693511963,0,0,0
461,9.22,0.25,0.2590271234512329,-0.0076516191475093365,0.011833691038191319,0.00902712345123291,-0.0076516191475093365,0.435391366481781,0.05711750313639641,0.2942628860473633,0.21565838158130646,0,0,0
462,9.24,0.25,0.2674584686756134,-0.0051275575533509254,0.018195878714323044,0.017458468675613403,-0.0051275575533509254,0.4352436065673828,0.08222861588001251,0.29641789197921753,0.21636644005775452,0,0,0
463,9.26,0.25,0.2642131447792053,-0.00394450081512332,0.014750340953469276,0.014213144779205322,-0.00394450081512332,0.4350818395614624,0.07261544466018677,0.26512232422828674,0.22553379833698273,0,0,0
464,9.28,0.25,0.2613791525363922,-0.003099326975643635,0.011793681420385838,0.011379152536392212,-0.003099326975643635,0.4346076548099518,0.06126902997493744,0.2677430808544159,0.2676909863948822,0,0,0
465,9.3,0.25,0.2521963119506836,-0.0015255541075021029,0.0026741542387753725,0.0021963119506835938,-0.0015255541075021029,0.4337834119796753,0.030055144801735878,0.21884287893772125,0.19099849462509155,0,0,0
466,9.32,0.25,0.24784009158611298,0.0008887898875400424,0.002335626631975174,-0.002159908413887024,0.0008887898875400424,0.4327278733253479,0.012871903367340565,0.2115601897239685,0.19990643858909607,0,0,0
467,9.34,0.25,0.2479628473520279,-0.0003350121551193297,0.002064515370875597,-0.002037152647972107,-0.0003350121551193297,0.43175920844078064,0.007382899988442659,0.27321556210517883,0.19115173816680908,0,0,0
468,9.36,0.25,0.24873429536819458,-0.004355562850832939,0.004535739775747061,-0.00126570463180542,-0.004355562850832939,0.43119800090789795,0.008141132071614265,0.36691930890083313,0.2450956553220749,0,0,0
469,9.38,0.25,0.2435654103755951,0.0017038756050169468,0.006656360346823931,-0.006434589624404907,0.0017038756050169468,0.4312143623828888,0.07256587594747543,0.42010629177093506,0.22922812402248383,0,0,0
470,9.4,0.25,0.24423088133335114,0.002582662971690297,0.0063208285719156265,-0.005769118666648865,0.002582662971690297,0.43169987201690674,0.05901002138853073,0.41472184658050537,0.32801559567451477,0,0,0
471,9.42,0.25,0.2473338097333908,0.004458128474652767,0.005194562487304211,-0.002666190266609192,0.004458128474652767,0.43243658542633057,0.03752145916223526,0.40418967604637146,0.3583087623119354,0,0,0
472,9.44,0.25,0.24958139657974243,0.0019436359871178865,0.001988202566280961,-0.00041860342025756836,0.0019436359871178865,0.4333728849887848,0.026058707386255264,0.41091641783714294,0.3476802408695221,0,0,0
473,9.46,0.25,0.2489812821149826,-0.0001917951158247888,0.0010366153437644243,-0.001018717885017395,-0.0001917951158247888,0.4343017637729645,0.03178483247756958,0.40652820467948914,0.34919604659080505,0,0,0
474,9.48,0.25,0.245604008436203,-0.0009406288154423237,0.00449550012126565,-0.004395991563796997,-0.0009406288154423237,0.43515831232070923,0.04151351377367973,0.4205622971057892,0.3712810277938843,0,0,0
475,9.5,0.25,0.24535976350307465,-0.0025708372704684734,0.00530480919405818,-0.004640236496925354,-0.0025708372704684734,0.4359346628189087,0.03274134173989296,0.38927510380744934,0.2928067743778229,0,0,0
476,9.52,0.25,0.2504647374153137,-0.002188106533139944,0.0022369155194610357,0.0004647374153137207,-0.002188106533139944,0.4366748332977295,0.024231337010860443,0.3463635742664337,0.35996606945991516,0,0,0
477,9.540000000000001,0.25,0.25166916847229004,0.0003561693010851741,0.0017067453591153026,0.001669168472290039,0.0003561693010851741,0.43751436471939087,0.05430154502391815,0.3294546902179718,0.28578171133995056,0,0,0
478,9.56,0.25,0.25302717089653015,0.0021314199548214674,0.0037022579926997423,0.0030271708965301514,0.0021314199548214674,0.43846595287323,0.07829234004020691,0.2401341199874878,0.1814253181219101,0,0,0
479,9.58,0.25,0.24848133325576782,0.004118002485483885,0.004389110952615738,-0.0015186667442321777,0.004118002485483885,0.43915796279907227,0.049007974565029144,0.06834729760885239,0.21603484451770782,0,0,0
480,9.6,0.25,0.24324290454387665,0.00465607363730669,0.008205934427678585,-0.006757095456123352,0.00465607363730669,0.43907657265663147,0.05637264624238014,0.14473164081573486,0.22334186732769012,0,0,0
481,9.620000000000001,0.25,0.24602052569389343,0.0024114721454679966,0.004653107840567827,-0.003979474306106567,0.0024114721454679966,0.43882662057876587,0.048317305743694305,0.23359310626983643,0.129337340593338,0,0,0
482,9.64,0.25,0.2447398453950882,0.001815493917092681,0.005564642604440451,-0.005260154604911804,0.001815493917092681,0.43898189067840576,0.046712473034858704,0.2547277510166168,0.20106494426727295,0,0,0
483,9.66,0.25,0.24245327711105347,0.0004139572265557945,0.007558067794889212,-0.007546722888946533,0.0004139572265557945,0.43931519985198975,0.03250141814351082,0.3190218508243561,0.1609453558921814,0,0,0
484,9.68,0.25,0.24187929928302765,-0.0003230265574529767,0.0081271231174469,-0.008120700716972351,-0.0003230265574529767,0.4397454857826233,0.03079545684158802,0.40261581540107727,0.15839169919490814,0,0,0
485,9.700000000000001,0.25,0.2436278760433197,-0.0036658071912825108,0.007351333741098642,-0.006372123956680298,-0.0036658071912825108,0.4403117597103119,0.017303066328167915,0.41293856501579285,0.16296610236167908,0,0,0
486,9.72,0.25,0.24236978590488434,-0.005229339003562927,0.009250197559595108,-0.007630214095115662,-0.005229339003562927,0.44113603234291077,0.03552467003464699,0.35445281863212585,0.15343141555786133,0,0,0
487,9.74,0.25,0.24066650867462158,-0.00453536119312048,0.010377069003880024,-0.009333491325378418,-0.00453536119312048,0.4420554041862488,0.0525142140686512,0.32020455598831177,0.16844280064105988,0,0,0
488,9.76,0.25,0.24092257022857666,4.615407669916749e-05,0.009077547118067741,-0.00907742977142334,4.615407669916749e-05,0.44284045696258545,0.047859176993370056,0.3555598855018616,0.16256625950336456,0,0,0
489,9.78,0.25,0.24161794781684875,-0.00048374413745477796,0.008395999670028687,-0.008382052183151245,-0.00048374413745477796,0.44352391362190247,0.05081003159284592,0.34522199630737305,0.19324681162834167,0,0,0
490,9.8,0.25,0.2468125820159912,-0.005511492490768433,0.00636680331081152,-0.003187417984008789,-0.005511492490768433,0.4441976547241211,0.04845699667930603,0.37482479214668274,0.2448786199092865,0,0,0
491,9.82,0.25,0.24478815495967865,-0.006635619793087244,0.008437699638307095,-0.00521184504032135,-0.006635619793087244,0.44492143392562866,0.050465866923332214,0.2611302137374878,0.22385704517364502,0,0,0
492,9.84,0.25,0.24014191329479218,-0.004743935074657202,0.010940145701169968,-0.009858086705207825,-0.004743935074657202,0.44557297229766846,0.03603483736515045,0.19123490154743195,0.27665403485298157,0,0,0
493,9.86,0.25,0.23637932538986206,-0.006497771944850683,0.015091183595359325,-0.01362067461013794,-0.006497771944850683,0.4458816647529602,0.0428929477930069,0.17674429714679718,0.3406073749065399,0,0,0
494,9.88,0.25,0.23685351014137268,-0.004823131486773491,0.014003313146531582,-0.01314648985862732,-0.004823131486773491,0.44576263427734375,0.05802033469080925,0.18292200565338135,0.28159821033477783,0,0,0
495,9.9,0.25,0.23398348689079285,-0.004572953563183546,0.016656549647450447,-0.016016513109207153,-0.004572953563183546,0.44514358043670654,0.07657600939273834,0.283648282289505,0.40714719891548157,0,0,0
496,9.92,0.25,0.23873448371887207,-0.008226325735449791,0.013949346728622913,-0.01126551628112793,-0.008226325735449791,0.4440149962902069,0.06663019210100174,0.3828074336051941,0.4017885625362396,0,0,0
497,9.94,0.25,0.24714840948581696,-0.00859109964221716,0.009051991626620293,-0.0028515905141830444,-0.00859109964221716,0.44271185994148254,0.08510188013315201,0.4372319281101227,0.4342583119869232,0,0,0
498,9.96,0.25,0.25210458040237427,-0.006464443169534206,0.00679840287193656,0.0021045804023742676,-0.006464443169534206,0.44125133752822876,0.09963375329971313,0.4232048988342285,0.36006197333335876,0,0,0
499,9.98,0.25,0.2548042833805084,-0.005934065207839012,0.0076350681483745575,0.004804283380508423,-0.005934065207839012,0.43981021642684937,0.1066579818725586,0.4020628333091736,0.40007299184799194,0,0,0
500,10.0,0.25,0.2513987421989441,-0.005193586926907301,0.00537864537909627,0.0013987421989440918,-0.005193586926907301,0.4384147524833679,0.09311629831790924,0.3335362672805786,0.4868558943271637,0,0,0
501,10.02,0.25,0.24838899075984955,-0.00546378456056118,0.005696340464055538,-0.0016110092401504517,-0.00546378456056118,0.4367666244506836,0.05976115167140961,0.1882525533437729,0.43787476420402527,0,0,0
502,10.040000000000001,0.25,0.24187016487121582,-0.003912310115993023,0.009022216312587261,-0.00812983512878418,-0.003912310115993023,0.4349466860294342,0.04317886754870415,0.03747938945889473,0.3774188458919525,0,0,0
503,10.06,0.25,0.23378007113933563,0.0016212963964790106,0.016300756484270096,-0.016219928860664368,0.0016212963964790106,0.43346622586250305,0.02259634993970394,0.13104675710201263,0.2708674371242523,0,0,0
504,10.08,0.25,0.23514123260974884,0.0011894658673554659,0.014906300231814384,-0.01485876739025116,0.0011894658673554659,0.43256381154060364,0.03890949487686157,0.1891772598028183,0.2142724096775055,0,0,0
505,10.1,0.25,0.24081873893737793,0.0024963251780718565,0.009514577686786652,-0.00918126106262207,0.0024963251780718565,0.4321225881576538,0.06458744406700134,0.3016860783100128,0.1851312518119812,0,0,0
506,10.120000000000001,0.25,0.24356338381767273,0.0018860306590795517,0.006707245018333197,-0.0064366161823272705,0.0018860306590795517,0.43206512928009033,0.07240573316812515,0.33291932940483093,0.20411263406276703,0,0,0
507,10.14,0.25,0.24390293657779694,-0.0020381384529173374,0.006428700406104326,-0.006097063422203064,-0.0020381384529173374,0.43211668729782104,0.0783911645412445,0.3806271553039551,0.24128594994544983,0,0,0
508,10.16,0.25,0.24508744478225708,-0.0049824463203549385,0.00699699716642499,-0.00491255521774292,-0.0049824463203549385,0.4321655035018921,0.07644250988960266,0.4097098410129547,0.20576703548431396,0,0,0
509,10.18,0.25,0.2502754032611847,-0.004281714558601379,0.004290562588721514,0.0002754032611846924,-0.004281714558601379,0.4323095679283142,0.06451234221458435,0.44442451000213623,0.15639859437942505,0,0,0
510,10.200000000000001,0.25,0.25236961245536804,-0.0013277631951496005,0.002716250717639923,0.002369612455368042,-0.0013277631951496005,0.43267616629600525,0.03824564814567566,0.4375455975532532,0.21430867910385132,0,0,0
511,10.22,0.25,0.24886983633041382,-0.0019009292591363192,0.0022115157917141914,-0.0011301636695861816,-0.0019009292591363192,0.43326401710510254,0.031965672969818115,0.3896268308162689,0.21189278364181519,0,0,0
512,10.24,0.25,0.24848295748233795,-0.007361713331192732,0.007516398094594479,-0.0015170425176620483,-0.007361713331192732,0.4340284466743469,0.010410190559923649,0.335190087556839,0.2490755021572113,0,0,0
513,10.26,0.25,0.2522425949573517,-0.0076814331114292145,0.008002102375030518,0.0022425949573516846,-0.0076814331114292145,0.434844434261322,0.016649918630719185,0.3131694793701172,0.2111746072769165,0,0,0
514,10.28,0.25,0.25243425369262695,-0.007261535618454218,0.007658686954528093,0.002434253692626953,-0.007261535618454218,0.43547606468200684,0.012752894312143326,0.29948335886001587,0.170209139585495,0,0,0
515,10.3,0.25,0.25317490100860596,-0.008160131983458996,0.008756011724472046,0.003174901008605957,-0.008160131983458996,0.43589702248573303,0.015239540487527847,0.2870936989784241,0.2236320972442627,0,0,0
516,10.32,0.25,0.252485454082489,-0.009681162424385548,0.009995118714869022,0.0024854540824890137,-0.009681162424385548,0.4361598491668701,0.008149693720042706,0.25932416319847107,0.22552882134914398,0,0,0
517,10.34,0.25,0.24734170734882355,-0.00853599701076746,0.008940344676375389,-0.0026582926511764526,-0.00853599701076746,0.43625035881996155,0.018388181924819946,0.18910816311836243,0.17490467429161072,0,0,0
518,10.36,0.25,0.24741250276565552,-0.006389150395989418,0.006893212907016277,-0.0025874972343444824,-0.006389150395989418,0.4361191391944885,0.018445121124386787,0.1855175644159317,0.24302227795124054,0,0,0
519,10.38,0.25,0.24904240667819977,-0.004250738769769669,0.0043572657741606236,-0.0009575933218002319,-0.004250738769769669,0.43593695759773254,0.014897619374096394,0.2214512825012207,0.2216774970293045,0,0,0
520,10.4,0.25,0.2521359920501709,-0.0006724721170030534,0.002239348366856575,0.0021359920501708984,-0.0006724721170030534,0.4359477162361145,0.02937065064907074,0.25120779871940613,0.2113550454378128,0,0,0
521,10.42,0.25,0.2584874629974365,-0.001720411702990532,0.008660071529448032,0.008487462997436523,-0.001720411702990532,0.43627429008483887,0.057300686836242676,0.3283297121524811,0.2889149785041809,0,0,0
522,10.44,0.25,0.25654780864715576,0.0021181299816817045,0.006881880108267069,0.006547808647155762,0.0021181299816817045,0.4369862675666809,0.07376440614461899,0.2888030409812927,0.2060350924730301,0,0,0
523,10.46,0.25,0.24643516540527344,-0.00014080875553190708,0.003567614359781146,-0.0035648345947265625,-0.00014080875553190708,0.43769341707229614,0.04553331434726715,0.3213532865047455,0.24378210306167603,0,0,0
524,10.48,0.25,0.23967859148979187,0.0012471871450543404,0.010396487079560757,-0.01032140851020813,0.0012471871450543404,0.43828874826431274,0.052620839327573776,0.3903030455112457,0.358657568693161,0,0,0
525,10.5,0.25,0.24373894929885864,0.0006895802798680961,0.006298910826444626,-0.006261050701141357,0.0006895802798680961,0.4391093850135803,0.05164681747555733,0.36540400981903076,0.3855149447917938,0,0,0
526,10.52,0.25,0.24564345180988312,-0.0018488280475139618,0.004732618574053049,-0.004356548190116882,-0.0018488280475139618,0.4401663839817047,0.031736940145492554,0.39949867129325867,0.3154769539833069,0,0,0
527,10.540000000000001,0.25,0.2509859800338745,-0.003604642581194639,0.0037370582576841116,0.0009859800338745117,-0.003604642581194639,0.4411596655845642,0.02934231050312519,0.37115538120269775,0.3219537138938904,0,0,0
528,10.56,0.25,0.2519189417362213,-0.002563666319474578,0.00320229958742857,0.0019189417362213135,-0.002563666319474578,0.44187647104263306,0.026038801297545433,0.3361758887767792,0.3008776903152466,0,0,0
529,10.58,0.25,0.24914613366127014,-0.005453886929899454,0.005520323291420937,-0.0008538663387298584,-0.005453886929899454,0.4421669542789459,0.024370543658733368,0.30060505867004395,0.3414691984653473,0,0,0
530,10.6,0.25,0.2517341077327728,-0.004438821226358414,0.004765528719872236,0.0017341077327728271,-0.004438821226358414,0.4422047734260559,0.0185035802423954,0.25255894660949707,0.28460559248924255,0,0,0
531,10.620000000000001,0.25,0.251552939414978,-0.004964333958923817,0.005201560910791159,0.0015529394149780273,-0.004964333958923817,0.44221746921539307,0.008466306142508984,0.1884796917438507,0.22507834434509277,0,0,0
532,10.64,0.25,0.25079548358917236,-0.005773924291133881,0.005828464403748512,0.0007954835891723633,-0.005773924291133881,0.44204777479171753,0.027473747730255127,0.06534218043088913,0.22512246668338776,0,0,0
533,10.66,0.25,0.24549593031406403,-0.005745734553784132,0.007300692144781351,-0.004504069685935974,-0.005745734553784132,0.4416996240615845,0.03976069390773773,0.017089009284973145,0.1791364848613739,0,0,0
534,10.68,0.25,0.24150393903255463,-0.008004410192370415,0.011672772467136383,-0.008496060967445374,-0.008004410192370415,0.44126683473587036,0.05213235691189766,0.0761687383055687,0.14439167082309723,0,0,0
535,10.700000000000001,0.25,0.2411477118730545,-0.007697917055338621,0.011731194332242012,-0.008852288126945496,-0.007697917055338621,0.4409583508968353,0.03862207755446434,0.10599109530448914,0.13912838697433472,0,0,0
536,10.72,0.25,0.24166753888130188,-0.006147627718746662,0.010354865342378616,-0.00833246111869812,-0.006147627718746662,0.44080469012260437,0.03581700846552849,0.15657031536102295,0.16814997792243958,0,0,0
537,10.74,0.25,0.24238991737365723,-0.0022848695516586304,0.007945689372718334,-0.0076100826263427734,-0.0022848695516586304,0.440696120262146,0.05278138071298599,0.23225964605808258,0.1632084846496582,0,0,0
538,10.76,0.25,0.24526946246623993,-0.001407527131959796,0.004935495555400848,-0.004730537533760071,-0.001407527131959796,0.44082367420196533,0.06716448813676834,0.3153313398361206,0.1361464112997055,0,0,0
539,10.78,0.25,0.24276190996170044,-0.008067131042480469,0.010838290676474571,-0.0072380900382995605,-0.008067131042480469,0.4412611722946167,0.05772135779261589,0.31599220633506775,0.17176561057567596,0,0,0
540,10.8,0.25,0.2455931156873703,-0.011886652559041977,0.012677268125116825,-0.0044068843126297,-0.011886652559041977,0.4417855739593506,0.055479422211647034,0.3699333965778351,0.09261152148246765,0,0,0
541,10.82,0.25,0.24098801612854004,-0.011677287518978119,0.014750420115888119,-0.009011983871459961,-0.011677287518978119,0.4423605799674988,0.049992635846138,0.32304948568344116,0.16022856533527374,0,0,0
542,10.84,0.25,0.2444920390844345,-0.011349501088261604,0.012615419924259186,-0.005507960915565491,-0.011349501088261604,0.4429253041744232,0.04803359508514404,0.33783215284347534,0.23568260669708252,0,0,0
543,10.86,0.25,0.23994067311286926,-0.008480045013129711,0.013156794011592865,-0.010059326887130737,-0.008480045013129711,0.44358593225479126,0.06082512065768242,0.27369019389152527,0.20920291543006897,0,0,0
544,10.88,0.25,0.2365846335887909,-0.007222844287753105,0.01523619145154953,-0.013415366411209106,-0.007222844287753105,0.44421377778053284,0.07848221063613892,0.22043564915657043,0.2517629861831665,0,0,0
545,10.9,0.25,0.232530415058136,-0.009879871271550655,0.02006983384490013,-0.017469584941864014,-0.009879871271550655,0.44470393657684326,0.08918467909097672,0.1642419695854187,0.233814537525177,0,0,0
546,10.92,0.25,0.23592394590377808,-0.01005635317414999,0.017299292609095573,-0.014076054096221924,-0.01005635317414999,0.4451303482055664,0.0748295858502388,0.14854639768600464,0.21437640488147736,0,0,0
547,10.94,0.25,0.24469180405139923,-0.008751084096729755,0.010235155932605267,-0.005308195948600769,-0.008751084096729755,0.4457578659057617,0.05641451105475426,0.19906550645828247,0.2281876802444458,0,0,0
548,10.96,0.25,0.2485537976026535,-0.005870291497558355,0.006045810412615538,-0.0014462023973464966,-0.005870291497558355,0.44630610942840576,0.08893106877803802,0.268103688955307,0.38284507393836975,0,0,0
549,10.98,0.25,0.24812859296798706,-0.007102312985807657,0.00734472693875432,-0.0018714070320129395,-0.007102312985807657,0.44645631313323975,0.09722737967967987,0.3857730031013489,0.3939211666584015,0,0,0
550,11.0,0.25,0.2512933611869812,-0.014552352949976921,0.014609714969992638,0.0012933611869812012,-0.014552352949976921,0.44631528854370117,0.08278786391019821,0.44423386454582214,0.45521438121795654,0,0,0
551,11.02,0.25,0.25375896692276,-0.010979657992720604,0.011605288833379745,0.0037589669227600098,-0.010979657992720604,0.44596177339553833,0.08021868765354156,0.43080246448516846,0.50748610496521,0,0,0
552,11.040000000000001,0.25,0.25822755694389343,-0.010062680579721928,0.012998086400330067,0.008227556943893433,-0.010062680579721928,0.445573627948761,0.08486127108335495,0.37310734391212463,0.49169355630874634,0,0,0
553,11.06,0.25,0.24951297044754028,-0.008843970485031605,0.008857370354235172,-0.0004870295524597168,-0.008843970485031605,0.4450111389160156,0.06488648802042007,0.3141564428806305,0.5291551351547241,0,0,0
554,11.08,0.25,0.23971405625343323,-0.006349130067974329,0.012087683193385601,-0.010285943746566772,-0.006349130067974329,0.4439488649368286,0.057491887360811234,0.2023848593235016,0.4391758441925049,0,0,0
555,11.1,0.25,0.23862595856189728,0.0016091136494651437,0.011487300507724285,-0.011374041438102722,0.0016091136494651437,0.4424920082092285,0.02863493375480175,0.061382222920656204,0.34059497714042664,0,0,0
556,11.120000000000001,0.25,0.24197229743003845,0.006228315643966198,0.010160508565604687,-0.008027702569961548,0.006228315643966198,0.4412519931793213,0.013427728787064552,0.1080717220902443,0.2019122689962387,0,0,0
557,11.14,0.25,0.24442645907402039,0.011256774887442589,0.012561025097966194,-0.005573540925979614,0.011256774887442589,0.4403122663497925,0.021500421687960625,0.23986698687076569,0.2037026733160019,0,0,0
558,11.16,0.25,0.24115514755249023,0.012526272796094418,0.015334240160882473,-0.008844852447509766,0.012526272796094418,0.4395596981048584,0.04274838790297508,0.28320062160491943,0.2335619032382965,0,0,0
559,11.18,0.25,0.24029205739498138,0.013943581841886044,0.01699022203683853,-0.009707942605018616,0.013943581841886044,0.4388730525970459,0.046213988214731216,0.3541703522205353,0.13347455859184265,0,0,0
560,11.200000000000001,0.25,0.24637755751609802,0.012834242545068264,0.013335661962628365,-0.0036224424839019775,0.012834242545068264,0.43812477588653564,0.03316566348075867,0.41432952880859375,0.19324661791324615,0,0,0
561,11.22,0.25,0.25181931257247925,0.010093575343489647,0.010256225243210793,0.001819312572479248,0.010093575343489647,0.4376295208930969,0.047272566705942154,0.399822860956192,0.1908702403306961,0,0,0
562,11.24,0.25,0.2520582973957062,0.007396883796900511,0.007677921559661627,0.0020582973957061768,0.007396883796900511,0.43728625774383545,0.03858981281518936,0.40380746126174927,0.2320680469274521,0,0,0
563,11.26,0.25,0.24717842042446136,0.005098898429423571,0.005827527027577162,-0.0028215795755386353,0.005098898429423571,0.4367789328098297,0.013116154819726944,0.38686513900756836,0.2435397505760193,0,0,0
564,11.28,0.25,0.2459232062101364,0.0017074374482035637,0.00441990839317441,-0.004076793789863586,0.0017074374482035637,0.43609482049942017,0.007883796468377113,0.33127644658088684,0.15288862586021423,0,0,0
565,11.3,0.25,0.24560052156448364,-0.00028655846836045384,0.004408800974488258,-0.004399478435516357,-0.00028655846836045384,0.4353271722793579,0.021254124119877815,0.3159053325653076,0.18666362762451172,0,0,0
566,11.32,0.25,0.24680912494659424,0.0010337885469198227,0.0033541619777679443,-0.0031908750534057617,0.0010337885469198227,0.4344486892223358,0.03254086896777153,0.31232795119285583,0.21758776903152466,0,0,0
567,11.34,0.25,0.245066836476326,0.00025190372252836823,0.00493959104642272,-0.004933163523674011,0.00025190372252836823,0.43338125944137573,0.045186661183834076,0.26159119606018066,0.216532900929451,0,0,0
568,11.36,0.25,0.24691727757453918,6.852095248177648e-05,0.0030834837816655636,-0.0030827224254608154,6.852095248177648e-05,0.43229061365127563,0.0625133290886879,0.23924104869365692,0.24892202019691467,0,0,0
569,11.38,0.25,0.24797910451889038,0.002684622770175338,0.0033602407202124596,-0.002020895481109619,0.002684622770175338,0.43131858110427856,0.058228783309459686,0.2042459100484848,0.22477199137210846,0,0,0
570,11.4,0.25,0.24870358407497406,0.0041731493547558784,0.004369881935417652,-0.00129641592502594,0.0041731493547558784,0.43044665455818176,0.04724521189928055,0.20011763274669647,0.2356751561164856,0,0,0
571,11.42,0.25,0.25158584117889404,0.003379488829523325,0.0037330733612179756,0.001585841178894043,0.003379488829523325,0.42978644371032715,0.053231678903102875,0.2261504977941513,0.1921585649251938,0,0,0
572,11.44,0.25,0.2504803538322449,0.004353759810328484,0.004380178637802601,0.00048035383224487305,0.004353759810328484,0.42939215898513794,0.047470878809690475,0.23711705207824707,0.20743876695632935,0,0,0
573,11.46,0.25,0.25401782989501953,0.0016806765925139189,0.004355184268206358,0.004017829895019531,0.0016806765925139189,0.42923325300216675,0.04212231934070587,0.27813073992729187,0.19682343304157257,0,0,0
574,11.48,0.25,0.24385061860084534,0.007084486540406942,0.009381089359521866,-0.006149381399154663,0.007084486540406942,0.4294496178627014,0.08942080289125443,0.31975263357162476,0.220867320895195,0,0,0
575,11.5,0.25,0.24090765416622162,0.007694536354392767,0.011911198496818542,-0.009092345833778381,0.007694536354392767,0.42988407611846924,0.056393083184957504,0.43432748317718506,0.3508218824863434,0,0,0
576,11.52,0.25,0.2433537393808365,0.010875279083848,0.012745370157063007,-0.006646260619163513,0.010875279083848,0.4302559494972229,0.0247619841247797,0.38794755935668945,0.3260047137737274,0,0,0
577,11.540000000000001,0.25,0.24611885845661163,0.008565309457480907,0.00940360501408577,-0.0038811415433883667,0.008565309457480907,0.4307239353656769,0.033484943211078644,0.3522300720214844,0.2650347054004669,0,0,0
578,11.56,0.25,0.24527399241924286,0.0054685380309820175,0.007227728143334389,-0.004726007580757141,0.0054685380309820175,0.43159663677215576,0.0644414871931076,0.4624398648738861,0.3337356448173523,0,0,0
579,11.58,0.25,0.24967491626739502,0.0037412215024232864,0.0037553186994045973,-0.00032508373260498047,0.0037412215024232864,0.432659775018692,0.06777257472276688,0.380056232213974,0.2918376326560974,0,0,0
580,11.6,0.25,0.2523540258407593,0.008112329989671707,0.008446971885859966,0.0023540258407592773,0.008112329989671707,0.4336481988430023,0.04105008766055107,0.29962167143821716,0.2187577784061432,0,0,0
581,11.620000000000001,0.25,0.25250640511512756,0.007128048688173294,0.00755586801096797,0.0025064051151275635,0.007128048688173294,0.43450927734375,0.020312685519456863,0.2651817798614502,0.3268145024776459,0,0,0
582,11.64,0.25,0.2519354224205017,0.0011433415347710252,0.0022479079198092222,0.001935422420501709,0.0011433415347710252,0.4353486895561218,0.04553890600800514,0.28430265188217163,0.2808723747730255,0,0,0
583,11.66,0.25,0.2549937963485718,-0.0013229072792455554,0.00516605144366622,0.004993796348571777,-0.0013229072792455554,0.4362426996231079,0.05626728758215904,0.21066658198833466,0.24877028167247772,0,0,0
584,11.68,0.25,0.24987390637397766,-1.2521166354417801e-05,0.00012671377044171095,-0.00012609362602233887,-1.2521166354417801e-05,0.43707773089408875,0.057557497173547745,0.19943895936012268,0.3536067306995392,0,0,0
585,11.700000000000001,0.25,0.25292515754699707,0.003416435793042183,0.004497619345784187,0.0029251575469970703,0.003416435793042183,0.4375801980495453,0.02192375808954239,0.0073858401738107204,0.2249191403388977,0,0,0
586,11.72,0.25,0.2516200542449951,0.005753586068749428,0.005977317690849304,0.0016200542449951172,0.005753586068749428,0.43790754675865173,0.020805723965168,0.10005959123373032,0.18298432230949402,0,0,0
587,11.74,0.25,0.25070419907569885,0.0007370039820671082,0.0010193483904004097,0.0007041990756988525,0.0007370039820671082,0.4380851089954376,0.010209320113062859,0.22474385797977448,0.17334316670894623,0,0,0
588,11.76,0.25,0.24844539165496826,-0.0017470789607614279,0.0023386089596897364,-0.0015546083450317383,-0.0017470789607614279,0.4381936490535736,0.01272687129676342,0.28211817145347595,0.13005560636520386,0,0,0
589,11.78,0.25,0.24221180379390717,4.24837926402688e-05,0.007788312155753374,-0.0077881962060928345,4.24837926402688e-05,0.4381372034549713,0.01583501137793064,0.31555309891700745,0.18846535682678223,0,0,0
590,11.8,0.25,0.24569088220596313,-0.0008067055605351925,0.004383978899568319,-0.004309117794036865,-0.0008067055605351925,0.4380212426185608,0.021715272217988968,0.3754614293575287,0.17435701191425323,0,0,0
591,11.82,0.25,0.2411193549633026,-0.0029091571923345327,0.00934500154107809,-0.008880645036697388,-0.0029091571923345327,0.43815457820892334,0.0353531539440155,0.3754376769065857,0.24583010375499725,0,0,0
592,11.84,0.25,0.24020233750343323,-0.003953104838728905,0.010565094649791718,-0.009797662496566772,-0.003953104838728905,0.4383445382118225,0.04638279974460602,0.39060890674591064,0.1567794233560562,0,0,0
593,11.86,0.25,0.2393246740102768,-0.004034306854009628,0.011412195861339569,-0.010675325989723206,-0.004034306854009628,0.4386523962020874,0.0495847687125206,0.37285158038139343,0.16953939199447632,0,0,0
594,11.88,0.25,0.2367105782032013,-0.002644403837621212,0.013549966737627983,-0.013289421796798706,-0.002644403837621212,0.43906354904174805,0.03958863019943237,0.293364942073822,0.15754015743732452,0,0,0
595,11.9,0.25,0.23656359314918518,-0.0037428790237754583,0.013947980478405952,-0.01343640685081482,-0.0037428790237754583,0.4395373463630676,0.03933797404170036,0.27173885703086853,0.15930312871932983,0,0,0
596,11.92,0.25,0.23472483456134796,-0.005165835842490196,0.0161250289529562,-0.015275165438652039,-0.005165835842490196,0.439896821975708,0.03456832468509674,0.2506462335586548,0.14149531722068787,0,0,0
597,11.94,0.25,0.23628078401088715,-0.0016047621611505747,0.01381275337189436,-0.013719215989112854,-0.0016047621611505747,0.4400458335876465,0.05270566791296005,0.22269748151302338,0.23966634273529053,0,0,0
598,11.96,0.25,0.23553255200386047,0.00045461737317964435,0.014474589377641678,-0.014467447996139526,0.00045461737317964435,0.4402032196521759,0.058902591466903687,0.15542326867580414,0.22584222257137299,0,0,0
599,11.98,0.25,0.23988214135169983,-0.001398244989104569,0.010214017704129219,-0.010117858648300171,-0.001398244989104569,0.4405413269996643,0.05518462881445885,0.14861196279525757,0.20113728940486908,0,0,0
600,12.0,0.25,0.2465248852968216,-0.003921884577721357,0.005240000318735838,-0.0034751147031784058,-0.003921884577721357,0.4410349130630493,0.06441956013441086,0.20128972828388214,0.3418491780757904,0,0,0
601,12.02,0.25,0.24486754834651947,-0.0026286630891263485,0.005766448564827442,-0.00513245165348053,-0.0026286630891263485,0.44139960408210754,0.06602419912815094,0.30497491359710693,0.3788270056247711,0,0,0
602,12.040000000000001,0.25,0.24803556501865387,-0.004405347630381584,0.004823493771255016,-0.0019644349813461304,-0.004405347630381584,0.4413350820541382,0.07859306782484055,0.36780858039855957,0.3159586787223816,0,0,0
603,12.06,0.25,0.24729833006858826,-0.009978918358683586,0.010338174179196358,-0.002701669931411743,-0.009978918358683586,0.44093817472457886,0.0736478716135025,0.45013734698295593,0.4555068612098694,0,0,0
604,12.08,0.25,0.24401608109474182,-0.008912378922104836,0.01073488686233759,-0.005983918905258179,-0.008912378922104836,0.4402036964893341,0.06360829621553421,0.4642087519168854,0.49633094668388367,0,0,0
605,12.1,0.25,0.2508974075317383,-0.006592842750251293,0.006653639022260904,0.0008974075317382812,-0.006592842750251293,0.4392988979816437,0.06121015176177025,0.38824692368507385,0.47000929713249207,0,0,0
606,12.120000000000001,0.25,0.2508235573768616,-0.0045609562657773495,0.004634713288396597,0.0008235573768615723,-0.0045609562657773495,0.4383929669857025,0.06234756484627724,0.3468019366264343,0.4398823380470276,0,0,0
607,12.14,0.25,0.25099819898605347,-0.002981568221002817,0.0031442248728126287,0.0009981989860534668,-0.002981568221002817,0.4372219443321228,0.043836940079927444,0.16549356281757355,0.4306345283985138,0,0,0
608,12.16,0.25,0.2449677586555481,0.000902237428817898,0.005112483166158199,-0.005032241344451904,0.000902237428817898,0.436090886592865,0.01609913259744644,0.09335626661777496,0.33303290605545044,0,0,0
609,12.18,0.25,0.24526137113571167,0.005731963086873293,0.007437069434672594,-0.00473862886428833,0.005731963086873293,0.4354044198989868,0.025890450924634933,0.1170954555273056,0.2565816640853882,0,0,0
610,12.200000000000001,0.25,0.2511557340621948,0.009702468290925026,0.009771060198545456,0.0011557340621948242,0.009702468290925026,0.43490612506866455,0.03840034827589989,0.2609725594520569,0.20359815657138824,0,0,0
611,12.22,0.25,0.2469501793384552,0.01200378593057394,0.012385164387524128,-0.0030498206615448,0.01200378593057394,0.4345022141933441,0.045537397265434265,0.29806816577911377,0.22891385853290558,0,0,0
612,12.24,0.25,0.24499619007110596,0.01133241318166256,0.012387965805828571,-0.005003809928894043,0.01133241318166256,0.43404608964920044,0.06108924373984337,0.3797793686389923,0.1939156949520111,0,0,0
613,12.26,0.25,0.24706009030342102,0.009581560268998146,0.010022442787885666,-0.0029399096965789795,0.009581560268998146,0.433438777923584,0.06861384958028793,0.42792943120002747,0.20476458966732025,0,0,0
614,12.280000000000001,0.25,0.2456657886505127,0.008297007530927658,0.009360861033201218,-0.004334211349487305,0.008297007530927658,0.4329158365726471,0.06252074241638184,0.37341785430908203,0.16816042363643646,0,0,0
615,12.3,0.25,0.2474365532398224,0.004736131057143211,0.005385368596762419,-0.0025634467601776123,0.004736131057143211,0.4325522780418396,0.059907954186201096,0.3721153140068054,0.2009175568819046,0,0,0
616,12.32,0.25,0.24918943643569946,0.0025238930247724056,0.002650858135893941,-0.0008105635643005371,0.0025238930247724056,0.4323943853378296,0.04912496358156204,0.3403749465942383,0.18348070979118347,0,0,0
617,12.34,0.25,0.2548955976963043,0.0003086563665419817,0.00490531837567687,0.004895597696304321,0.0003086563665419817,0.432370126247406,0.018904896453022957,0.30216920375823975,0.23358945548534393,0,0,0
618,12.36,0.25,0.25511282682418823,0.0011189342476427555,0.0052338335663080215,0.005112826824188232,0.0011189342476427555,0.4323742985725403,0.005137723870575428,0.2722780704498291,0.2811603248119354,0,0,0
619,12.38,0.25,0.24933037161827087,0.0017542541027069092,0.0018777139484882355,-0.000669628381729126,0.0017542541027069092,0.4322975277900696,0.025654993951320648,0.21382486820220947,0.16693487763404846,0,0,0
620,12.4,0.25,0.2546520233154297,0.0003044906770810485,0.004661977756768465,0.0046520233154296875,0.0003044906770810485,0.43217551708221436,0.04624888673424721,0.28302502632141113,0.2053142935037613,0,0,0
621,12.42,0.25,0.25536176562309265,-0.0024617468006908894,0.005899892188608646,0.005361765623092651,-0.0024617468006908894,0.4322507381439209,0.03132680058479309,0.2534888982772827,0.20600645244121552,0,0,0
622,12.44,0.25,0.25739791989326477,-0.0030440976843237877,0.00799973402172327,0.0073979198932647705,-0.0030440976843237877,0.4325839877128601,0.02604561299085617,0.1993466019630432,0.19589632749557495,0,0,0
623,12.46,0.25,0.25812825560569763,-0.0005769693525508046,0.008148707449436188,0.008128255605697632,-0.0005769693525508046,0.4330538511276245,0.02568884752690792,0.16845913231372833,0.2183821052312851,0,0,0
624,12.48,0.25,0.2538456916809082,-0.002193116582930088,0.004427087493240833,0.003845691680908203,-0.002193116582930088,0.4332563281059265,0.00945950485765934,0.20610322058200836,0.26047375798225403,0,0,0
625,12.5,0.25,0.24978205561637878,-0.004981080070137978,0.004985845647752285,-0.00021794438362121582,-0.004981080070137978,0.43316060304641724,0.007891452871263027,0.2668052315711975,0.23147013783454895,0,0,0
626,12.52,0.25,0.25100430846214294,-0.004597968887537718,0.004706373438239098,0.0010043084621429443,-0.004597968887537718,0.43307584524154663,0.007653180044144392,0.30849936604499817,0.3162267208099365,0,0,0
627,12.540000000000001,0.25,0.2589637041091919,-0.005942624062299728,0.010754662565886974,0.008963704109191895,-0.005942624062299728,0.43322086334228516,0.04515068605542183,0.36155664920806885,0.23758390545845032,0,0,0
628,12.56,0.25,0.24919603765010834,0.0007466202368959785,0.0010971769224852324,-0.0008039623498916626,0.0007466202368959785,0.43357324600219727,0.06700529903173447,0.35956287384033203,0.18212568759918213,0,0,0
629,12.58,0.25,0.246852844953537,-0.0002578400308266282,0.003157699480652809,-0.0031471550464630127,-0.0002578400308266282,0.4337913990020752,0.044343385845422745,0.3615463972091675,0.360677570104599,0,0,0
630,12.6,0.25,0.2504611313343048,-0.0003044357290491462,0.0005525606102310121,0.00046113133430480957,-0.0003044357290491462,0.43398189544677734,0.03644834831357002,0.3277738690376282,0.34465712308883667,0,0,0
631,12.620000000000001,0.25,0.254084050655365,-0.0011122318683192134,0.004232792183756828,0.00408405065536499,-0.0011122318683192134,0.43434572219848633,0.021707771345973015,0.2993707060813904,0.31442728638648987,0,0,0
632,12.64,0.25,0.2510095238685608,-0.001449009869247675,0.0017660034354776144,0.001009523868560791,-0.001449009869247675,0.43490681052207947,0.02058836817741394,0.35916492342948914,0.2664150595664978,0,0,0
633,12.66,0.25,0.2494126409292221,-0.002247047144919634,0.0023225441109389067,-0.0005873590707778931,-0.002247047144919634,0.4355817139148712,0.021662935614585876,0.3847638666629791,0.29279544949531555,0,0,0
634,12.68,0.25,0.25323566794395447,-0.00412209564819932,0.005240345373749733,0.0032356679439544678,-0.00412209564819932,0.4361812472343445,0.01703501120209694,0.29414600133895874,0.316243052482605,0,0,0
635,12.700000000000001,0.25,0.25228583812713623,-0.00510338693857193,0.005591923836618662,0.0022858381271362305,-0.00510338693857193,0.4367401897907257,0.0247732475399971,0.3125231862068176,0.35840925574302673,0,0,0
636,12.72,0.25,0.2505614161491394,-0.004124298691749573,0.004162334371358156,0.0005614161491394043,-0.004124298691749573,0.43723738193511963,0.0114279268309474,0.2694151699542999,0.24289079010486603,0,0,0
637,12.74,0.25,0.24780406057834625,-0.0028934008441865444,0.0036323433741927147,-0.0021959394216537476,-0.0028934008441865444,0.43746721744537354,0.01105260755866766,0.18091264367103577,0.35532912611961365,0,0,0
638,12.76,0.25,0.24814142286777496,-0.002624587854370475,0.003216017736122012,-0.0018585771322250366,-0.002624587854370475,0.43766653537750244,0.03253176063299179,0.1322048008441925,0.15971221029758453,0,0,0
639,12.780000000000001,0.25,0.25193431973457336,-0.002634868025779724,0.0032686577178537846,0.0019343197345733643,-0.002634868025779724,0.437883198261261,0.01767640933394432,0.05097564682364464,0.20045435428619385,0,0,0
640,12.8,0.25,0.24953322112560272,-0.003668949706479907,0.0036985231563448906,-0.00046677887439727783,-0.003668949706479907,0.43799588084220886,0.01772758737206459,0.16465644538402557,0.16664111614227295,0,0,0
641,12.82,0.25,0.2484889179468155,-0.0036988970823585987,0.003995648585259914,-0.0015110820531845093,-0.0036988970823585987,0.43791890144348145,0.02812555804848671,0.2542587220668793,0.14200007915496826,0,0,0
642,12.84,0.25,0.24527870118618011,-0.005697942804545164,0.007399811875075102,-0.004721298813819885,-0.005697942804545164,0.43788278102874756,0.024633552879095078,0.249470517039299,0.1429978311061859,0,0,0
643,12.86,0.25,0.24581730365753174,-0.007865896448493004,0.008908831514418125,-0.004182696342468262,-0.007865896448493004,0.43800437450408936,0.019794246181845665,0.2970978319644928,0.1296704113483429,0,0,0
644,12.88,0.25,0.2463509440422058,-0.00939272902905941,0.010076654143631458,-0.0036490559577941895,-0.00939272902905941,0.43819135427474976,0.02436274290084839,0.34581345319747925,0.1807575225830078,0,0,0
645,12.9,0.25,0.2433597296476364,-0.011752394028007984,0.01349859032779932,-0.006640270352363586,-0.011752394028007984,0.43844273686408997,0.027957526966929436,0.35304269194602966,0.15826117992401123,0,0,0
646,12.92,0.25,0.24696142971515656,-0.014847369864583015,0.015155107714235783,-0.003038570284843445,-0.014847369864583015,0.43878304958343506,0.029100961983203888,0.41315457224845886,0.15629662573337555,0,0,0
647,12.94,0.25,0.25008487701416016,-0.01706087402999401,0.017061086371541023,8.487701416015625e-05,-0.01706087402999401,0.43927058577537537,0.039873890578746796,0.3983713388442993,0.16226990520954132,0,0,0
648,12.96,0.25,0.24665725231170654,-0.01690775528550148,0.017235027626156807,-0.003342747688293457,-0.01690775528550148,0.4398016333580017,0.03040941432118416,0.3925052881240845,0.16521236300468445,0,0,0
649,12.98,0.25,0.24994492530822754,-0.01504889503121376,0.015048995614051819,-5.507469177246094e-05,-0.01504889503121376,0.44024819135665894,0.03597137704491615,0.3817170560359955,0.22974155843257904,0,0,0
650,13.0,0.25,0.24089743196964264,-0.014015162363648415,0.01671171747148037,-0.00910256803035736,-0.014015162363648415,0.4407327473163605,0.041176196187734604,0.2539655864238739,0.22844812273979187,0,0,0
651,13.02,0.25,0.23710311949253082,-0.013194750063121319,0.018450770527124405,-0.012896880507469177,-0.013194750063121319,0.4410390853881836,0.04960965737700462,0.18594317138195038,0.22369012236595154,0,0,0
652,13.040000000000001,0.25,0.23325742781162262,-0.014573616907000542,0.0221969373524189,-0.01674257218837738,-0.014573616907000542,0.44122907519340515,0.05085313692688942,0.14526011049747467,0.26538780331611633,0,0,0
653,13.06,0.25,0.23309703171253204,-0.017076272517442703,0.02402726374566555,-0.016902968287467957,-0.017076272517442703,0.441234827041626,0.05331280827522278,0.19056396186351776,0.18636173009872437,0,0,0
654,13.08,0.25,0.23676849901676178,-0.014101658016443253,0.019337253645062447,-0.01323150098323822,-0.014101658016443253,0.44114696979522705,0.06898687034845352,0.2385995090007782,0.26303839683532715,0,0,0
655,13.1,0.25,0.23941969871520996,-0.015241570770740509,0.018553927540779114,-0.010580301284790039,-0.015241570770740509,0.4410935640335083,0.06425896286964417,0.3568264842033386,0.38976073265075684,0,0,0
656,13.120000000000001,0.25,0.2493474930524826,-0.025000937283039093,0.025009451434016228,-0.000652506947517395,-0.025000937283039093,0.44098424911499023,0.06151212006807327,0.44098255038261414,0.390293151140213,0,0,0
657,13.14,0.25,0.23988386988639832,-0.01929692178964615,0.021787777543067932,-0.010116130113601685,-0.01929692178964615,0.440535306930542,0.07482138276100159,0.5083329081535339,0.4107767939567566,0,0,0
658,13.16,0.25,0.2387041449546814,-0.012567354366183281,0.01689777337014675,-0.011295855045318604,-0.012567354366183281,0.43947601318359375,0.09502348303794861,0.42927950620651245,0.530517041683197,0,0,0
659,13.18,0.25,0.24292540550231934,-0.007537711411714554,0.010337648913264275,-0.007074594497680664,-0.007537711411714554,0.4382402300834656,0.10788235813379288,0.3796282708644867,0.4691431224346161,0,0,0
660,13.200000000000001,0.25,0.2422465682029724,-0.004249632358551025,0.00884166732430458,-0.007753431797027588,-0.004249632358551025,0.4371525049209595,0.08816202729940414,0.27144062519073486,0.5219753980636597,0,0,0
661,13.22,0.25,0.2422868013381958,-0.0017262408509850502,0.007904008030891418,-0.007713198661804199,-0.0017262408509850502,0.43611764907836914,0.06251226365566254,0.13120177388191223,0.35843440890312195,0,0,0
662,13.24,0.25,0.23766712844371796,0.0027672545984387398,0.012639517895877361,-0.012332871556282043,0.0027672545984387398,0.43518245220184326,0.02755008265376091,0.10195214301347733,0.2486327439546585,0,0,0
663,13.26,0.25,0.2327890247106552,0.005933803506195545,0.018205156549811363,-0.017210975289344788,0.005933803506195545,0.43443793058395386,0.006718425080180168,0.19546085596084595,0.246597558259964,0,0,0
664,13.280000000000001,0.25,0.23557241261005402,0.009432751685380936,0.017237519845366478,-0.014427587389945984,0.009432751685380936,0.4339538812637329,0.0166296549141407,0.31072884798049927,0.18478089570999146,0,0,0
665,13.3,0.25,0.24105502665042877,0.012121619656682014,0.015064734034240246,-0.008944973349571228,0.012121619656682014,0.4337778091430664,0.030609847977757454,0.3752109706401825,0.18820397555828094,0,0,0
666,13.32,0.25,0.24178291857242584,0.012883011251688004,0.015280458144843578,-0.008217081427574158,0.012883011251688004,0.4337363839149475,0.03611069545149803,0.401767373085022,0.2265329360961914,0,0,0
667,13.34,0.25,0.24030448496341705,0.014735029079020023,0.017638709396123886,-0.009695515036582947,0.014735029079020023,0.4333975315093994,0.038327090442180634,0.46382397413253784,0.22665278613567352,0,0,0
668,13.36,0.25,0.2386578768491745,0.012098461389541626,0.016583621501922607,-0.0113421231508255,0.012098461389541626,0.43278181552886963,0.04984832927584648,0.44613561034202576,0.2211783230304718,0,0,0
669,13.38,0.25,0.24181288480758667,0.007040192373096943,0.010797831229865551,-0.00818711519241333,0.007040192373096943,0.4323166608810425,0.054956160485744476,0.41594910621643066,0.1921880841255188,0,0,0
670,13.4,0.25,0.2454976886510849,0.001401566551066935,0.004715421237051487,-0.0045023113489151,0.001401566551066935,0.43225783109664917,0.045917440205812454,0.3912164270877838,0.19096319377422333,0,0,0
671,13.42,0.25,0.2509312033653259,-0.0016379745211452246,0.0018841709243133664,0.0009312033653259277,-0.0016379745211452246,0.43254992365837097,0.054578833281993866,0.3883587121963501,0.19720111787319183,0,0,0
672,13.44,0.25,0.250680148601532,-0.0034110741689801216,0.0034782220609486103,0.0006801486015319824,-0.0034110741689801216,0.4330829977989197,0.06768728792667389,0.34437212347984314,0.285471647977829,0,0,0
673,13.46,0.25,0.24926438927650452,-0.0025798440910875797,0.002682670019567013,-0.0007356107234954834,-0.0025798440910875797,0.43355196714401245,0.06927058845758438,0.3335454761981964,0.2647542357444763,0,0,0
674,13.48,0.25,0.2425563633441925,0.0014119064435362816,0.007576358504593372,-0.007443636655807495,0.0014119064435362816,0.4336981177330017,0.05808902531862259,0.2798388600349426,0.20450694859027863,0,0,0
675,13.5,0.25,0.24440279603004456,0.0010103643871843815,0.00568766426295042,-0.005597203969955444,0.0010103643871843815,0.43355822563171387,0.05493978410959244,0.26770344376564026,0.17303532361984253,0,0,0
676,13.52,0.25,0.24592213332653046,-0.0009400836424902081,0.004184824414551258,-0.0040778666734695435,-0.0009400836424902081,0.4333201050758362,0.030738741159439087,0.2203412652015686,0.18871095776557922,0,0,0
677,13.540000000000001,0.25,0.2517321705818176,-0.001513893250375986,0.0023004973772913218,0.001732170581817627,-0.001513893250375986,0.4330250024795532,0.02046852931380272,0.19369272887706757,0.23150065541267395,0,0,0
678,13.56,0.25,0.25120148062705994,-0.0012825087178498507,0.0017573799705132842,0.0012014806270599365,-0.0012825087178498507,0.4327528178691864,0.030224300920963287,0.21221254765987396,0.25741177797317505,0,0,0
679,13.58,0.25,0.252006858587265,-0.003071056678891182,0.0036686332896351814,0.0020068585872650146,-0.003071056678891182,0.43247103691101074,0.02641613781452179,0.2512313723564148,0.19133305549621582,0,0,0
680,13.6,0.25,0.25343403220176697,-0.0009458027780056,0.0035618983674794436,0.0034340322017669678,-0.0009458027780056,0.43250054121017456,0.04551040008664131,0.32190966606140137,0.19948452711105347,0,0,0
681,13.620000000000001,0.25,0.24297131597995758,0.009526977315545082,0.01183915976434946,-0.007028684020042419,0.009526977315545082,0.4327925145626068,0.04198797792196274,0.3265632092952728,0.21929383277893066,0,0,0
682,13.64,0.25,0.2390265166759491,0.0113438805565238,0.015782931819558144,-0.010973483324050903,0.0113438805565238,0.43316251039505005,0.037042949348688126,0.38717883825302124,0.4194414019584656,0,0,0
683,13.66,0.25,0.23957540094852448,0.009625139646232128,0.014188571833074093,-0.010424599051475525,0.009625139646232128,0.4337314963340759,0.02222403511404991,0.3924884498119354,0.27241671085357666,0,0,0
684,13.68,0.25,0.2429739236831665,0.007258477620780468,0.010102041065692902,-0.007026076316833496,0.007258477620780468,0.43440279364585876,0.032014936208724976,0.35849931836128235,0.3469989001750946,0,0,0
685,13.700000000000001,0.25,0.24306704103946686,0.004121533595025539,0.0080655412748456,-0.006932958960533142,0.004121533595025539,0.4352715015411377,0.04845068231225014,0.38176798820495605,0.3620956540107727,0,0,0
686,13.72,0.25,0.24327963590621948,0.003071295330300927,0.0073889209888875484,-0.006720364093780518,0.003071295330300927,0.4363822937011719,0.046976421028375626,0.3939836025238037,0.2931846082210541,0,0,0
687,13.74,0.25,0.2419789433479309,0.0028849465306848288,0.008524099364876747,-0.008021056652069092,0.0028849465306848288,0.43755602836608887,0.05520857125520706,0.3934711813926697,0.2637374699115753,0,0,0
688,13.76,0.25,0.2438579499721527,0.002884193090721965,0.006785525009036064,-0.00614205002784729,0.002884193090721965,0.438561350107193,0.0461338646709919,0.3304773271083832,0.2959013283252716,0,0,0
689,13.780000000000001,0.25,0.2360297441482544,0.0006747632287442684,0.013986541889607906,-0.013970255851745605,0.0006747632287442684,0.4394116699695587,0.050560880452394485,0.281126469373703,0.26231756806373596,0,0,0
690,13.8,0.25,0.23320849239826202,-0.0004015103913843632,0.016796307638287544,-0.016791507601737976,-0.0004015103913843632,0.43994972109794617,0.05887000635266304,0.19067522883415222,0.28338566422462463,0,0,0
691,13.82,0.25,0.2427808940410614,0.0004946064436808228,0.007236029952764511,-0.007219105958938599,0.0004946064436808228,0.4402317404747009,0.039088841527700424,0.07477147877216339,0.2828315496444702,0,0,0
692,13.84,0.25,0.24125972390174866,0.003891688771545887,0.009567531757056713,-0.008740276098251343,0.003891688771545887,0.4402378797531128,0.019169881939888,0.03451931104063988,0.20383423566818237,0,0,0
693,13.86,0.25,0.24341538548469543,0.0047978986985981464,0.008147206157445908,-0.006584614515304565,0.0047978986985981464,0.44000256061553955,0.03291231393814087,0.08471657335758209,0.16892746090888977,0,0,0
694,13.88,0.25,0.24437369406223297,0.004813767038285732,0.007404570933431387,-0.005626305937767029,0.004813767038285732,0.4397379159927368,0.018349412828683853,0.22065937519073486,0.21317827701568604,0,0,0
695,13.9,0.25,0.24289020895957947,0.0014039688976481557,0.007247086148709059,-0.007109791040420532,0.0014039688976481557,0.4394955635070801,0.021419942378997803,0.28027233481407166,0.155597522854805,0,0,0
696,13.92,0.25,0.23952001333236694,-0.0014520494733005762,0.010580102913081646,-0.010479986667633057,-0.0014520494733005762,0.4393203556537628,0.0027755890041589737,0.35834062099456787,0.17206096649169922,0,0,0
697,13.94,0.25,0.24030335247516632,-0.002756854984909296,0.010080933570861816,-0.00969664752483368,-0.002756854984909296,0.43901771306991577,0.028486791998147964,0.4710701107978821,0.15376420319080353,0,0,0
698,13.96,0.25,0.2382957637310028,-0.004440653137862682,0.012518328614532948,-0.011704236268997192,-0.004440653137862682,0.4388093948364258,0.01309030782431364,0.4058105945587158,0.14939138293266296,0,0,0
699,13.98,0.25,0.24210166931152344,-0.0021553582046180964,0.008187135681509972,-0.007898330688476562,-0.0021553582046180964,0.43887728452682495,0.027793845161795616,0.35893380641937256,0.17286020517349243,0,0,0
700,14.0,0.25,0.24200107157230377,-0.006297362968325615,0.010180355980992317,-0.007998928427696228,-0.006297362968325615,0.4391811788082123,0.02684498019516468,0.33898282051086426,0.200844407081604,0,0,0
701,14.02,0.25,0.2421170324087143,-0.010138769634068012,0.012842734344303608,-0.007882967591285706,-0.010138769634068012,0.4395928978919983,0.015179178677499294,0.32608163356781006,0.16065086424350739,0,0,0
702,14.040000000000001,0.25,0.23970158398151398,-0.01009797677397728,0.014423123560845852,-0.010298416018486023,-0.01009797677397728,0.4400264024734497,0.003268530825152993,0.29812195897102356,0.1411823034286499,0,0,0
703,14.06,0.25,0.2395961433649063,-0.0073442617431283,0.012734929099678993,-0.010403856635093689,-0.0073442617431283,0.4405761957168579,0.00897142942994833,0.22798888385295868,0.18857988715171814,0,0,0
704,14.08,0.25,0.23736505210399628,-0.005678003188222647,0.013852134346961975,-0.012634947896003723,-0.005678003188222647,0.4412153959274292,0.031158974394202232,0.18469473719596863,0.1800556182861328,0,0,0
705,14.1,0.25,0.23957151174545288,-0.0030920165590941906,0.010877220891416073,-0.01042848825454712,-0.0030920165590941906,0.44180530309677124,0.05004417151212692,0.16837036609649658,0.21823754906654358,0,0,0
706,14.120000000000001,0.25,0.2402714490890503,-0.0036699771881103516,0.01039776112884283,-0.009728550910949707,-0.0036699771881103516,0.44230806827545166,0.041011959314346313,0.169696643948555,0.19458238780498505,0,0,0
707,14.14,0.25,0.23208504915237427,-0.0044177379459142685,0.01845160871744156,-0.017914950847625732,-0.0044177379459142685,0.44250619411468506,0.0646868497133255,0.23363344371318817,0.41038328409194946,0,0,0
708,14.16,0.25,0.22859631478786469,-0.007483151741325855,0.022674111649394035,-0.021403685212135315,-0.007483151741325855,0.44230061769485474,0.07750510424375534,0.3179797828197479,0.363452285528183,0,0,0
709,14.18,0.25,0.23226606845855713,-0.015663474798202515,0.023660870268940926,-0.01773393154144287,-0.015663474798202515,0.44177061319351196,0.06020186096429825,0.4042508006095886,0.4504360556602478,0,0,0
710,14.200000000000001,0.25,0.22939622402191162,-0.00886631291359663,0.02243049442768097,-0.02060377597808838,-0.00886631291359663,0.4410192370414734,0.06733763217926025,0.45559021830558777,0.5462146401405334,0,0,0
711,14.22,0.25,0.2335648387670517,-0.003294800641015172,0.01676216535270214,-0.016435161232948303,-0.003294800641015172,0.44011303782463074,0.07832974940538406,0.38541510701179504,0.46660491824150085,0,0,0
712,14.24,0.25,0.23652546107769012,9.967666119337082e-05,0.013474907726049423,-0.013474538922309875,9.967666119337082e-05,0.43908095359802246,0.09285109490156174,0.33377939462661743,0.49933746457099915,0,0,0
713,14.26,0.25,0.23611748218536377,0.0021894462406635284,0.01405410934239626,-0.01388251781463623,0.0021894462406635284,0.4379068613052368,0.07817193120718002,0.22947080433368683,0.45948436856269836,0,0,0
714,14.280000000000001,0.25,0.23707476258277893,0.0013575437478721142,0.01299633365124464,-0.01292523741722107,0.0013575437478721142,0.4368622899055481,0.02979365736246109,0.0837649255990982,0.3868030905723572,0,0,0
715,14.3,0.25,0.23598769307136536,0.005913375411182642,0.01520896889269352,-0.014012306928634644,0.005913375411182642,0.43627506494522095,0.02270655333995819,0.14304617047309875,0.24207398295402527,0,0,0
716,14.32,0.25,0.23479090631008148,0.011143524199724197,0.018854565918445587,-0.015209093689918518,0.011143524199724197,0.4359579086303711,0.024545853957533836,0.22316618263721466,0.20477743446826935,0,0,0
717,14.34,0.25,0.23486830294132233,0.014598350040614605,0.021025700494647026,-0.015131697058677673,0.014598350040614605,0.43555665016174316,0.03517454117536545,0.3309056758880615,0.2536584138870239,0,0,0
718,14.36,0.25,0.23545284569263458,0.013697515241801739,0.019981032237410545,-0.014547154307365417,0.013697515241801739,0.434944212436676,0.05049276351928711,0.39242303371429443,0.1991240531206131,0,0,0
719,14.38,0.25,0.23786571621894836,0.010601853020489216,0.01611335203051567,-0.012134283781051636,0.010601853020489216,0.4343005418777466,0.05130366235971451,0.4227815270423889,0.20988738536834717,0,0,0
720,14.4,0.25,0.2379274070262909,0.005530909169465303,0.013279248960316181,-0.012072592973709106,0.005530909169465303,0.4338259696960449,0.049466703087091446,0.34478509426116943,0.2157508134841919,0,0,0
721,14.42,0.25,0.2475714087486267,0.0026309615932404995,0.003580504795536399,-0.002428591251373291,0.0026309615932404995,0.43350937962532043,0.049744825810194016,0.36411938071250916,0.20348888635635376,0,0,0
722,14.44,0.25,0.24534782767295837,0.003022652817890048,0.005547895096242428,-0.004652172327041626,0.003022652817890048,0.43330129981040955,0.030563563108444214,0.2977287471294403,0.22688710689544678,0,0,0
723,14.46,0.25,0.24493172764778137,0.004065489396452904,0.006497352384030819,-0.005068272352218628,0.004065489396452904,0.43289297819137573,0.017893413081765175,0.32495957612991333,0.18592369556427002,0,0,0
724,14.48,0.25,0.241982564330101,0.002428662497550249,0.008377211168408394,-0.008017435669898987,0.002428662497550249,0.4324941039085388,0.013147929683327675,0.2589966058731079,0.25822606682777405,0,0,0
725,14.5,0.25,0.23701068758964539,0.0022498576436191797,0.013182719238102436,-0.012989312410354614,0.0022498576436191797,0.4320487976074219,0.03620123863220215,0.21002401411533356,0.16096562147140503,0,0,0
726,14.52,0.25,0.24365274608135223,-0.0009280247613787651,0.006414738018065691,-0.006347253918647766,-0.0009280247613787651,0.43147939443588257,0.018417999148368835,0.24817177653312683,0.22347085177898407,0,0,0
727,14.540000000000001,0.25,0.24586455523967743,-0.0006643687374889851,0.004188471008092165,-0.004135444760322571,-0.0006643687374889851,0.43096575140953064,0.019260196015238762,0.250213086605072,0.22594624757766724,0,0,0
728,14.56,0.25,0.24446618556976318,0.0025674444623291492,0.006100399419665337,-0.005533814430236816,0.0025674444623291492,0.430388480424881,0.01100527960807085,0.17880189418792725,0.1809878945350647,0,0,0
729,14.58,0.25,0.24911484122276306,0.0032399860210716724,0.0033587224315851927,-0.0008851587772369385,0.0032399860210716724,0.4297657907009125,0.0201554037630558,0.19999271631240845,0.2484787553548813,0,0,0
730,14.6,0.25,0.2509450316429138,0.004796825814992189,0.0048890309408307076,0.0009450316429138184,0.004796825814992189,0.4292125701904297,0.004020644351840019,0.1884404867887497,0.19788503646850586,0,0,0
731,14.620000000000001,0.25,0.24770162999629974,0.005787824746221304,0.006227473262697458,-0.0022983700037002563,0.005787824746221304,0.4286401867866516,0.01599780283868313,0.19221512973308563,0.2458251267671585,0,0,0
732,14.64,0.25,0.24659185111522675,0.0032507197465747595,0.004709846805781126,-0.0034081488847732544,0.0032507197465747595,0.4280731678009033,0.023538213223218918,0.2587423622608185,0.19698359072208405,0,0,0
733,14.66,0.25,0.2469528317451477,0.0030932892113924026,0.004342081490904093,-0.003047168254852295,0.0030932892113924026,0.42787736654281616,0.01757933385670185,0.3256283104419708,0.19680173695087433,0,0,0
734,14.68,0.25,0.2439272254705429,0.010758667252957821,0.012354250997304916,-0.006072774529457092,0.010758667252957821,0.42822781205177307,0.07981427013874054,0.4003705084323883,0.2905038297176361,0,0,0
735,14.700000000000001,0.25,0.24015629291534424,0.01052548736333847,0.014411261305212975,-0.009843707084655762,0.01052548736333847,0.4289511442184448,0.05669381842017174,0.4632175862789154,0.3212106227874756,0,0,0
736,14.72,0.25,0.24268163740634918,0.008049104362726212,0.010878718458116055,-0.007318362593650818,0.008049104362726212,0.42980098724365234,0.057998087257146835,0.44803792238235474,0.2832041084766388,0,0,0
737,14.74,0.25,0.24301393330097198,0.0039434414356946945,0.00802221056073904,-0.006986066699028015,0.0039434414356946945,0.4308895468711853,0.06044325605034828,0.4609110355377197,0.34413543343544006,0,0,0
738,14.76,0.25,0.24632631242275238,0.0024414868094027042,0.004410990513861179,-0.0036736875772476196,0.0024414868094027042,0.4322163164615631,0.04782280698418617,0.39342769980430603,0.3228311538696289,0,0,0
739,14.780000000000001,0.25,0.25366270542144775,0.002853390062227845,0.004642977844923735,0.003662705421447754,0.002853390062227845,0.43373867869377136,0.04022229090332985,0.3710031807422638,0.32640981674194336,0,0,0
740,14.8,0.25,0.25874707102775574,0.0036209162790328264,0.009466905146837234,0.008747071027755737,0.0036209162790328264,0.43530237674713135,0.0498129278421402,0.34426918625831604,0.34208035469055176,0,0,0
741,14.82,0.25,0.25838401913642883,0.0021473008673638105,0.008654632605612278,0.008384019136428833,0.0021473008673638105,0.4367176294326782,0.050947435200214386,0.29116520285606384,0.34980061650276184,0,0,0
742,14.84,0.25,0.25536873936653137,-0.002072908915579319,0.005755024962127209,0.005368739366531372,-0.002072908915579319,0.4379560351371765,0.05473092570900917,0.24751780927181244,0.30691155791282654,0,0,0
743,14.86,0.25,0.25698450207710266,-0.0023964906577020884,0.007384201977401972,0.006984502077102661,-0.0023964906577020884,0.43891438841819763,0.020268993452191353,0.061910901218652725,0.19354024529457092,0,0,0
744,14.88,0.25,0.24678798019886017,-0.0007109453435987234,0.0032897591590881348,-0.0032120198011398315,-0.0007109453435987234,0.4396219253540039,0.0036087047774344683,0.05290369689464569,0.1775582730770111,0,0,0
745,14.9,0.25,0.24920602142810822,-0.0014552467036992311,0.0016577530186623335,-0.0007939785718917847,-0.0014552467036992311,0.4400172233581543,0.03347722440958023,0.148385152220726,0.1689886450767517,0,0,0
746,14.92,0.25,0.2511349022388458,-0.0019802935421466827,0.0022824471816420555,0.0011349022388458252,-0.0019802935421466827,0.44034117460250854,0.028806807473301888,0.20965181291103363,0.1449684351682663,0,0,0
747,14.94,0.25,0.25001221895217896,-0.003571523819118738,0.003571544773876667,1.2218952178955078e-05,-0.003571523819118738,0.4406511187553406,0.03196170553565025,0.2885046601295471,0.181517094373703,0,0,0
748,14.96,0.25,0.24946314096450806,-0.0037759514525532722,0.0038139254320412874,-0.0005368590354919434,-0.0037759514525532722,0.4409275949001312,0.01883825659751892,0.30543625354766846,0.18183650076389313,0,0,0
749,14.98,0.25,0.25243422389030457,-0.00358206732198596,0.004330895375460386,0.0024342238903045654,-0.00358206732198596,0.4413311183452606,0.0181850865483284,0.3473234176635742,0.1401655226945877,0,0,0
750,15.0,0.25,0.25266551971435547,-0.004549418576061726,0.005272779613733292,0.0026655197143554688,-0.004549418576061726,0.44191867113113403,0.03471190109848976,0.356555700302124,0.1904197633266449,0,0,0
751,15.02,0.25,0.2563004195690155,-0.004549975506961346,0.007771586999297142,0.006300419569015503,-0.004549975506961346,0.4425715208053589,0.06221500784158707,0.3917334973812103,0.15003538131713867,0,0,0
752,15.040000000000001,0.25,0.25228413939476013,-0.0035163911525160074,0.004193125292658806,0.002284139394760132,-0.0035163911525160074,0.4433223605155945,0.06538936495780945,0.3575325608253479,0.13925853371620178,0,0,0
753,15.06,0.25,0.2508942186832428,-0.003151737852022052,0.0032761376351118088,0.0008942186832427979,-0.003151737852022052,0.4440445005893707,0.06943590939044952,0.3316922187805176,0.15623785555362701,0,0,0
754,15.08,0.25,0.2516411244869232,-0.006704166065901518,0.006902110762894154,0.0016411244869232178,-0.006704166065901518,0.4447031617164612,0.057383421808481216,0.3005620241165161,0.1932034194469452,0,0,0
755,15.1,0.25,0.25321313738822937,-0.00549967959523201,0.006369515787810087,0.00321313738822937,-0.00549967959523201,0.4453069567680359,0.07227201759815216,0.2856792211532593,0.2029259204864502,0,0,0
756,15.120000000000001,0.25,0.2533586621284485,-0.003547806991264224,0.004885442089289427,0.0033586621284484863,-0.003547806991264224,0.44574201107025146,0.074791818857193,0.21157845854759216,0.23724550008773804,0,0,0
757,15.14,0.25,0.2507000267505646,-0.005242545623332262,0.005289075896143913,0.0007000267505645752,-0.005242545623332262,0.4459720253944397,0.08015765249729156,0.18430837988853455,0.25424689054489136,0,0,0
758,15.16,0.25,0.24711665511131287,-0.007563726045191288,0.00809466652572155,-0.002883344888687134,-0.007563726045191288,0.4458768367767334,0.07676587998867035,0.1664128303527832,0.283261239528656,0,0,0
759,15.18,0.25,0.23960255086421967,-0.010116427205502987,0.014506861567497253,-0.010397449135780334,-0.010116427205502987,0.4455193877220154,0.06859900057315826,0.2602539658546448,0.29641011357307434,0,0,0
760,15.200000000000001,0.25,0.2320796549320221,-0.00717307161539793,0.01930263452231884,-0.017920345067977905,-0.00717307161539793,0.4447706341743469,0.08568187057971954,0.3926831781864166,0.4687308669090271,0,0,0
761,15.22,0.25,0.23983566462993622,-0.011507105082273483,0.015353409573435783,-0.010164335370063782,-0.011507105082273483,0.4437100291252136,0.06840876489877701,0.4670395255088806,0.4460771977901459,0,0,0
762,15.24,0.25,0.23436713218688965,-0.0027981309685856104,0.015881313011050224,-0.01563286781311035,-0.0027981309685856104,0.44268763065338135,0.09515614807605743,0.5935084223747253,0.5233139395713806,0,0,0
763,15.26,0.25,0.24319183826446533,0.0001858547329902649,0.006810698192566633,-0.006808161735534668,0.0001858547329902649,0.4413851499557495,0.11163389682769775,0.4487515985965729,0.5111576318740845,0,0,0
764,15.280000000000001,0.25,0.24772216379642487,0.00033849896863102913,0.002302850130945444,-0.0022778362035751343,0.00033849896863102913,0.440046489238739,0.11073553562164307,0.44101935625076294,0.4750342071056366,0,0,0
765,15.3,0.25,0.2465672641992569,8.449843153357506e-05,0.003433775622397661,-0.003432735800743103,8.449843153357506e-05,0.43864181637763977,0.08542535454034805,0.30040058493614197,0.459688663482666,0,0,0
766,15.32,0.25,0.23723204433918,0.0028274485375732183,0.01307727675884962,-0.012767955660820007,0.0028274485375732183,0.4370554983615875,0.03897761180996895,0.19682560861110687,0.37543123960494995,0,0,0
767,15.34,0.25,0.23550458252429962,0.005688996519893408,0.015571827068924904,-0.014495417475700378,0.005688996519893408,0.43539848923683167,0.029996996745467186,0.12020273506641388,0.24093927443027496,0,0,0
768,15.36,0.25,0.23787358403205872,0.006495316978543997,0.013756420463323593,-0.012126415967941284,0.006495316978543997,0.43385106325149536,0.04575473442673683,0.21570885181427002,0.20087987184524536,0,0,0
769,15.38,0.25,0.23968704044818878,0.007879583165049553,0.012978634797036648,-0.010312959551811218,0.007879583165049553,0.4325152635574341,0.05948697775602341,0.3202280104160309,0.22413910925388336,0,0,0
770,15.4,0.25,0.24329212307929993,0.009698345325887203,0.011792095378041267,-0.006707876920700073,0.009698345325887203,0.4312629699707031,0.0510542057454586,0.459364652633667,0.22856192290782928,0,0,0
771,15.42,0.25,0.24438244104385376,0.010049678385257721,0.01151316612958908,-0.00561755895614624,0.010049678385257721,0.4301832318305969,0.05171722173690796,0.4963713586330414,0.19346094131469727,0,0,0
772,15.44,0.25,0.24502430856227875,0.011654509231448174,0.012672217562794685,-0.0049756914377212524,0.011654509231448174,0.4293755292892456,0.043094146996736526,0.4745704233646393,0.17887967824935913,0,0,0
773,15.46,0.25,0.25125256180763245,0.01075690146535635,0.010829581879079342,0.0012525618076324463,0.01075690146535635,0.42881107330322266,0.020206108689308167,0.46142181754112244,0.22998394072055817,0,0,0
774,15.48,0.25,0.25381553173065186,0.008237021043896675,0.009077819064259529,0.0038155317306518555,0.008237021043896675,0.42875024676322937,0.024762466549873352,0.38184139132499695,0.208440363407135,0,0,0
775,15.5,0.25,0.25535523891448975,0.005067069083452225,0.007372500840574503,0.005355238914489746,0.005067069083452225,0.4290699362754822,0.04026162251830101,0.31678909063339233,0.2448502480983734,0,0,0
776,15.52,0.25,0.2538941502571106,0.0049397083930671215,0.006290081422775984,0.0038941502571105957,0.0049397083930671215,0.4294195771217346,0.057986535131931305,0.2467668056488037,0.22740089893341064,0,0,0
777,15.540000000000001,0.25,0.25223657488822937,0.004525851458311081,0.005048326216638088,0.00223657488822937,0.004525851458311081,0.4295998215675354,0.045155324041843414,0.24809429049491882,0.1783263236284256,0,0,0
778,15.56,0.25,0.2553552985191345,0.006560352630913258,0.00846861582249403,0.0053552985191345215,0.006560352630913258,0.42966681718826294,0.040039852261543274,0.291894793510437,0.1771041750907898,0,0,0
779,15.58,0.25,0.2562742829322815,0.010144148953258991,0.011927714571356773,0.006274282932281494,0.010144148953258991,0.4299604296684265,0.04545764625072479,0.2149999886751175,0.19551558792591095,0,0,0
780,15.6,0.25,0.2538066804409027,0.009005054831504822,0.00977659597992897,0.00380668044090271,0.009005054831504822,0.4303586483001709,0.03377071022987366,0.19930905103683472,0.2250845581293106,0,0,0
781,15.620000000000001,0.25,0.25149330496788025,0.007335820235311985,0.007486268877983093,0.001493304967880249,0.007335820235311985,0.43067851662635803,0.019368235021829605,0.19670411944389343,0.18501722812652588,0,0,0
782,15.64,0.25,0.24955084919929504,0.005155414342880249,0.005174942780286074,-0.00044915080070495605,0.005155414342880249,0.43080005049705505,0.03694622591137886,0.22216375172138214,0.2210899442434311,0,0,0
783,15.66,0.25,0.24979054927825928,0.007734271697700024,0.0077371071092784405,-0.00020945072174072266,0.007734271697700024,0.43079107999801636,0.021016323938965797,0.2211327999830246,0.24359992146492004,0,0,0
784,15.68,0.25,0.2487814575433731,0.014758270233869553,0.014808489941060543,-0.001218542456626892,0.014758270233869553,0.430844783782959,0.02438417263329029,0.24571135640144348,0.31918659806251526,0,0,0
785,15.700000000000001,0.25,0.2521481513977051,0.013417832553386688,0.01358870044350624,0.002148151397705078,0.013417832553386688,0.4309599697589874,0.039369676262140274,0.3157903254032135,0.21133767068386078,0,0,0
786,15.72,0.25,0.24421796202659607,0.012933026067912579,0.014166690409183502,-0.005782037973403931,0.012933026067912579,0.4314921498298645,0.0795525386929512,0.41463732719421387,0.2218719720840454,0,0,0
787,15.74,0.25,0.2377929538488388,0.009664785116910934,0.015569844283163548,-0.012207046151161194,0.009664785116910934,0.43215155601501465,0.07238000631332397,0.4418916702270508,0.3798752725124359,0,0,0
788,15.76,0.25,0.23674198985099792,0.005215473473072052,0.014246964827179909,-0.013258010149002075,0.005215473473072052,0.43285441398620605,0.08248292654752731,0.4044053554534912,0.3345724046230316,0,0,0
789,15.780000000000001,0.25,0.2431216984987259,0.004299136810004711,0.008111326023936272,-0.006878301501274109,0.004299136810004711,0.4340476095676422,0.08278308808803558,0.41704079508781433,0.3041468560695648,0,0,0
790,15.8,0.25,0.24725808203220367,0.0071019139140844345,0.007612837478518486,-0.0027419179677963257,0.0071019139140844345,0.43555116653442383,0.051983658224344254,0.3239445984363556,0.30092427134513855,0,0,0
791,15.82,0.25,0.24453924596309662,0.007141862064599991,0.008990329690277576,-0.005460754036903381,0.007141862064599991,0.43691548705101013,0.040809549391269684,0.34966030716896057,0.30094093084335327,0,0,0
792,15.84,0.25,0.24586398899555206,0.008318806998431683,0.009290271438658237,-0.004136011004447937,0.008318806998431683,0.43792930245399475,0.03005634993314743,0.2721346616744995,0.2662385404109955,0,0,0
793,15.860000000000001,0.25,0.24901126325130463,0.006882088258862495,0.006952750496566296,-0.0009887367486953735,0.006882088258862495,0.4388499855995178,0.023644944652915,0.2557229995727539,0.3868720829486847,0,0,0
794,15.88,0.25,0.2464025616645813,0.004379172343760729,0.00566733768209815,-0.003597438335418701,0.004379172343760729,0.4399072527885437,0.0356239452958107,0.22290271520614624,0.2813464105129242,0,0,0
795,15.9,0.25,0.2487310767173767,0.0035372052807360888,0.003757923375815153,-0.001268923282623291,0.0035372052807360888,0.44090697169303894,0.044209569692611694,0.1328137367963791,0.27321502566337585,0,0,0
796,15.92,0.25,0.2529613673686981,0.0010896718595176935,0.0031554843299090862,0.00296136736869812,0.0010896718595176935,0.4416828155517578,0.03643231838941574,0.043325211852788925,0.19830277562141418,0,0,0
797,15.94,0.25,0.25026610493659973,0.0009708239231258631,0.0010066335089504719,0.00026610493659973145,0.0009708239231258631,0.442131370306015,0.02445506490767002,0.15020079910755157,0.22298386693000793,0,0,0
798,15.96,0.25,0.2375231385231018,-0.00386757287196815,0.013062548823654652,-0.012476861476898193,-0.00386757287196815,0.4422144293785095,0.04074756056070328,0.20283837616443634,0.19320999085903168,0,0,0
799,15.98,0.25,0.24192996323108673,-0.003920217975974083,0.008971822448074818,-0.008070036768913269,-0.003920217975974083,0.4420621395111084,0.035817455500364304,0.3221149742603302,0.17414435744285583,0,0,0
800,16.0,0.25,0.24644581973552704,-0.0037734396755695343,0.005183728877454996,-0.0035541802644729614,-0.0037734396755695343,0.4420706033706665,0.0020287134684622288,0.35581642389297485,0.11897268891334534,0,0,0
801,16.02,0.25,0.24908223748207092,-0.0038384709041565657,0.0039466628804802895,-0.0009177625179290771,-0.0038384709041565657,0.4422992467880249,0.031043382361531258,0.37548771500587463,0.17429332435131073,0,0,0
802,16.04,0.25,0.2491212636232376,-0.005862023215740919,0.0059275198727846146,-0.0008787363767623901,-0.005862023215740919,0.4426075220108032,0.04153748229146004,0.37744447588920593,0.22078107297420502,0,0,0
803,16.06,0.25,0.2409559190273285,-0.006025464273989201,0.010867456905543804,-0.009044080972671509,-0.006025464273989201,0.4427739977836609,0.011338925920426846,0.3706083297729492,0.21021276712417603,0,0,0
804,16.080000000000002,0.25,0.23460769653320312,-0.007459111511707306,0.01710442453622818,-0.015392303466796875,-0.007459111511707306,0.4426693916320801,0.02753850258886814,0.37374937534332275,0.16109594702720642,0,0,0
805,16.1,0.25,0.23870298266410828,-0.0073745232075452805,0.013490966521203518,-0.011297017335891724,-0.0073745232075452805,0.4424484670162201,0.033913202583789825,0.40064558386802673,0.15620768070220947,0,0,0
806,16.12,0.25,0.23601646721363068,-0.007107457146048546,0.015686145052313805,-0.013983532786369324,-0.007107457146048546,0.44246500730514526,0.034705162048339844,0.26896926760673523,0.20076723396778107,0,0,0
807,16.14,0.25,0.2383987158536911,-0.004523538053035736,0.01245199516415596,-0.011601284146308899,-0.004523538053035736,0.4425871968269348,0.03937486559152603,0.25596535205841064,0.160382941365242,0,0,0
808,16.16,0.25,0.23856104910373688,-0.006503398064523935,0.013158410787582397,-0.011438950896263123,-0.006503398064523935,0.4426296353340149,0.05688166990876198,0.2861535847187042,0.3083990216255188,0,0,0
809,16.18,0.25,0.23801970481872559,-0.009186629205942154,0.015097074210643768,-0.011980295181274414,-0.009186629205942154,0.4426865577697754,0.040372543036937714,0.17187604308128357,0.23896756768226624,0,0,0
810,16.2,0.25,0.24018149077892303,-0.010654550045728683,0.01448870450258255,-0.009818509221076965,-0.010654550045728683,0.44278836250305176,0.04329816624522209,0.1692405343055725,0.2804170846939087,0,0,0
811,16.22,0.25,0.24143609404563904,-0.012574360705912113,0.015213645994663239,-0.008563905954360962,-0.012574360705912113,0.44261595606803894,0.041544023901224136,0.22008900344371796,0.24001048505306244,0,0,0
812,16.240000000000002,0.25,0.243068665266037,-0.0078093260526657104,0.010441694408655167,-0.006931334733963013,-0.0078093260526657104,0.44214928150177,0.07555919885635376,0.3261822760105133,0.32915690541267395,0,0,0
813,16.26,0.25,0.24530820548534393,-0.011655379086732864,0.012564266100525856,-0.004691794514656067,-0.011655379086732864,0.44148921966552734,0.06721051037311554,0.41116851568222046,0.358175128698349,0,0,0
814,16.28,0.25,0.245645672082901,-0.009240929037332535,0.010215426795184612,-0.004354327917098999,-0.009240929037332535,0.4407252073287964,0.0941445380449295,0.497161328792572,0.4933454096317291,0,0,0
815,16.3,0.25,0.252147912979126,-0.005956381093710661,0.0063318246975541115,0.0021479129791259766,-0.005956381093710661,0.4400780200958252,0.09398218989372253,0.42911940813064575,0.5343326330184937,0,0,0
816,16.32,0.25,0.25781869888305664,-0.006619582884013653,0.01024455577135086,0.00781869888305664,-0.006619582884013653,0.4397156834602356,0.08690719306468964,0.33935582637786865,0.4459783732891083,0,0,0
817,16.34,0.25,0.252246230840683,-0.0065805851481854916,0.006953391712158918,0.0022462308406829834,-0.0065805851481854916,0.4394669234752655,0.0656583234667778,0.28524911403656006,0.4414386451244354,0,0,0
818,16.36,0.25,0.2459728717803955,-0.004483813885599375,0.006026802584528923,-0.004027128219604492,-0.004483813885599375,0.4390166997909546,0.027840452268719673,0.14721257984638214,0.39444848895072937,0,0,0
819,16.38,0.25,0.2374887764453888,0.0011641450691968203,0.012565267272293568,-0.012511223554611206,0.0011641450691968203,0.4384746551513672,0.009481535293161869,0.09916882961988449,0.3019946813583374,0,0,0
820,16.4,0.25,0.2371538132429123,0.004304088186472654,0.013548051007091999,-0.012846186757087708,0.004304088186472654,0.4380776584148407,0.029932448640465736,0.16123643517494202,0.19487257301807404,0,0,0
821,16.42,0.25,0.241222083568573,0.008503993041813374,0.012221690267324448,-0.008777916431427002,0.008503993041813374,0.4377354383468628,0.03538511320948601,0.25716954469680786,0.18770985305309296,0,0,0
822,16.44,0.25,0.23886729776859283,0.012291940860450268,0.016583994030952454,-0.011132702231407166,0.012291940860450268,0.43726465106010437,0.03511066362261772,0.34437933564186096,0.23275387287139893,0,0,0
823,16.46,0.25,0.24072687327861786,0.009357518516480923,0.01317399088293314,-0.009273126721382141,0.009357518516480923,0.43665701150894165,0.03586084395647049,0.37135249376296997,0.27165648341178894,0,0,0
824,16.48,0.25,0.24011501669883728,0.006618533283472061,0.01189612876623869,-0.00988498330116272,0.006618533283472061,0.4360896348953247,0.04474471136927605,0.3717219829559326,0.1721273958683014,0,0,0
825,16.5,0.25,0.23798531293869019,0.0037983981892466545,0.012600814923644066,-0.012014687061309814,0.0037983981892466545,0.43559861183166504,0.05204492434859276,0.35735583305358887,0.207704558968544,0,0,0
826,16.52,0.25,0.24226875603199005,0.0033946121111512184,0.00844366755336523,-0.007731243968009949,0.0033946121111512184,0.4351802468299866,0.05553721636533737,0.3887750506401062,0.19034169614315033,0,0,0
827,16.54,0.25,0.24182265996932983,0.0021598380990326405,0.008457764983177185,-0.008177340030670166,0.0021598380990326405,0.4348750114440918,0.05391467362642288,0.3458763659000397,0.2526460886001587,0,0,0
828,16.56,0.25,0.24314267933368683,-0.002741218078881502,0.007384925615042448,-0.006857320666313171,-0.002741218078881502,0.4346427917480469,0.02767964079976082,0.301231324672699,0.23127518594264984,0,0,0
829,16.580000000000002,0.25,0.24306565523147583,-0.006073504686355591,0.009218058548867702,-0.00693434476852417,-0.006073504686355591,0.43430227041244507,0.013512707315385342,0.27654391527175903,0.2237934172153473,0,0,0
830,16.6,0.25,0.24940179288387299,-0.0024485888425260782,0.002520602894946933,-0.0005982071161270142,-0.0024485888425260782,0.4337387979030609,0.026729298755526543,0.27818024158477783,0.23686549067497253,0,0,0
831,16.62,0.25,0.24777117371559143,0.0007892127614468336,0.0023644287139177322,-0.0022288262844085693,0.0007892127614468336,0.43313145637512207,0.05665310472249985,0.26912692189216614,0.2750982940196991,0,0,0
832,16.64,0.25,0.24421902000904083,0.005021221935749054,0.007657179608941078,-0.0057809799909591675,0.005021221935749054,0.4322555959224701,0.06992141157388687,0.23334847390651703,0.21157443523406982,0,0,0
833,16.66,0.25,0.2407214343547821,0.0058637214824557304,0.010976110585033894,-0.009278565645217896,0.0058637214824557304,0.4311310648918152,0.08687657117843628,0.2445034682750702,0.2013058066368103,0,0,0
834,16.68,0.25,0.240312397480011,0.005619050934910774,0.011199258267879486,-0.009687602519989014,0.005619050934910774,0.4300118684768677,0.08076504617929459,0.2516644299030304,0.24824011325836182,0,0,0
835,16.7,0.25,0.23850853741168976,0.0063131507486104965,0.013111429288983345,-0.011491462588310242,0.0063131507486104965,0.42911115288734436,0.07016211003065109,0.2570871412754059,0.2123609036207199,0,0,0
836,16.72,0.25,0.24068118631839752,0.0067298999056220055,0.011494861915707588,-0.009318813681602478,0.0067298999056220055,0.42844563722610474,0.04181947559118271,0.2814787030220032,0.2279304414987564,0,0,0
837,16.740000000000002,0.25,0.24320992827415466,0.004033735953271389,0.00789785385131836,-0.006790071725845337,0.004033735953271389,0.42817699909210205,0.020484501495957375,0.3948446214199066,0.2667020559310913,0,0,0
838,16.76,0.25,0.23777273297309875,0.008583429269492626,0.014939254149794579,-0.012227267026901245,0.008583429269492626,0.42830270528793335,0.04674653708934784,0.4509352743625641,0.2011384814977646,0,0,0
839,16.78,0.25,0.2352936714887619,0.009390795603394508,0.017448872327804565,-0.014706328511238098,0.009390795603394508,0.42855197191238403,0.032071348279714584,0.45060330629348755,0.3638134300708771,0,0,0
840,16.8,0.25,0.2334672212600708,0.007692862302064896,0.018234936520457268,-0.0165327787399292,0.007692862302064896,0.42877501249313354,0.061174426227808,0.392033189535141,0.32028621435165405,0,0,0
841,16.82,0.25,0.2389272153377533,0.0079734418541193,0.013644864782691002,-0.011072784662246704,0.0079734418541193,0.42906713485717773,0.06122565269470215,0.35793742537498474,0.34666815400123596,0,0,0
842,16.84,0.25,0.24036619067192078,0.008023187518119812,0.012537216767668724,-0.009633809328079224,0.008023187518119812,0.4296775758266449,0.05890067666769028,0.3563326597213745,0.30147114396095276,0,0,0
843,16.86,0.25,0.240401953458786,0.006173464469611645,0.011412018910050392,-0.00959804654121399,0.006173464469611645,0.4306212365627289,0.03561874106526375,0.40822818875312805,0.2998129725456238,0,0,0
844,16.88,0.25,0.23945729434490204,0.0024099776055663824,0.010814649052917957,-0.010542705655097961,0.0024099776055663824,0.43181127309799194,0.033740561455488205,0.387311190366745,0.2806810736656189,0,0,0
845,16.9,0.25,0.23863571882247925,0.0005901094991713762,0.01137959212064743,-0.011364281177520752,0.0005901094991713762,0.43300071358680725,0.04740070179104805,0.31239965558052063,0.2525116801261902,0,0,0
846,16.92,0.25,0.23961569368839264,0.0036460976116359234,0.011005809530615807,-0.01038430631160736,0.0036460976116359234,0.4340987801551819,0.03574167191982269,0.2726529538631439,0.3354484438896179,0,0,0
847,16.94,0.25,0.24648517370224,0.0027955067344009876,0.004490975756198168,-0.0035148262977600098,0.0027955067344009876,0.43504589796066284,0.04122692719101906,0.10117559134960175,0.25642791390419006,0,0,0
848,16.96,0.25,0.24656696617603302,0.0008807529229670763,0.0035442132502794266,-0.00343303382396698,0.0008807529229670763,0.4358872175216675,0.030182097107172012,0.02551146410405636,0.20418131351470947,0,0,0
849,16.98,0.25,0.24079735577106476,4.141358658671379e-05,0.009202737361192703,-0.009202644228935242,4.141358658671379e-05,0.4365112781524658,0.05139787122607231,0.052674245089292526,0.20190583169460297,0,0,0
850,17.0,0.25,0.23943351209163666,-0.0004392862319946289,0.010575615800917149,-0.010566487908363342,-0.0004392862319946289,0.4368935823440552,0.07681769132614136,0.1625795215368271,0.16043634712696075,0,0,0
851,17.02,0.25,0.24106483161449432,-0.0024302671663463116,0.009259775280952454,-0.008935168385505676,-0.0024302671663463116,0.4372859597206116,0.07467261701822281,0.24072067439556122,0.15018071234226227,0,0,0
852,17.04,0.25,0.24266178905963898,-0.0013645756989717484,0.0074640074744820595,-0.007338210940361023,-0.0013645756989717484,0.43786948919296265,0.05891343206167221,0.25373411178588867,0.17056025564670563,0,0,0
853,17.06,0.25,0.24387356638908386,-0.001735852099955082,0.006367602851241827,-0.006126433610916138,-0.001735852099955082,0.43871501088142395,0.05638328567147255,0.3054657578468323,0.1576240211725235,0,0,0
854,17.080000000000002,0.25,0.24225109815597534,-0.006186810787767172,0.009915750473737717,-0.007748901844024658,-0.006186810787767172,0.43981611728668213,0.0491759367287159,0.334219366312027,0.16650260984897614,0,0,0
855,17.1,0.25,0.24405339360237122,-0.010479122400283813,0.012048822827637196,-0.005946606397628784,-0.010479122400283813,0.4410892426967621,0.031480640172958374,0.3568364381790161,0.13555550575256348,0,0,0
856,17.12,0.25,0.24288350343704224,-0.009334718808531761,0.011738036759197712,-0.007116496562957764,-0.009334718808531761,0.4423988163471222,0.024095632135868073,0.325803279876709,0.18748028576374054,0,0,0
857,17.14,0.25,0.235213041305542,-0.006978618446737528,0.0163510013371706,-0.014786958694458008,-0.006978618446737528,0.44353365898132324,0.03418298065662384,0.24946872889995575,0.20471954345703125,0,0,0
858,17.16,0.25,0.23587781190872192,-0.006778711453080177,0.015664836391806602,-0.014122188091278076,-0.006778711453080177,0.44428035616874695,0.06183391064405441,0.30224132537841797,0.14194563031196594,0,0,0
859,17.18,0.25,0.2377709150314331,-0.007425551302731037,0.01430696714669466,-0.012229084968566895,-0.007425551302731037,0.44489914178848267,0.04588637501001358,0.2560375928878784,0.19523891806602478,0,0,0
860,17.2,0.25,0.23660144209861755,-0.00723342364653945,0.015226416289806366,-0.013398557901382446,-0.00723342364653945,0.44550228118896484,0.02823072485625744,0.18402494490146637,0.12308914959430695,0,0,0
861,17.22,0.25,0.23642732203006744,-0.006739614065736532,0.015153877437114716,-0.013572677969932556,-0.006739614065736532,0.4457675814628601,0.0491926409304142,0.18973705172538757,0.2859686017036438,0,0,0
862,17.240000000000002,0.25,0.2378234565258026,-0.007377968169748783,0.014237366616725922,-0.012176543474197388,-0.007377968169748783,0.4457894265651703,0.03170470893383026,0.12176962941884995,0.18970373272895813,0,0,0
863,17.26,0.25,0.24841833114624023,-0.008710188791155815,0.008852630853652954,-0.0015816688537597656,-0.008710188791155815,0.44565314054489136,0.048285599797964096,0.16729484498500824,0.35205841064453125,0,0,0
864,17.28,0.25,0.24479557573795319,-0.006864673923701048,0.008614509366452694,-0.005204424262046814,-0.006864673923701048,0.44521093368530273,0.07064548134803772,0.23500889539718628,0.3913412094116211,0,0,0
865,17.3,0.25,0.2466745674610138,-0.008051527664065361,0.008711233735084534,-0.003325432538986206,-0.008051527664065361,0.4443608820438385,0.07533445209264755,0.3241550624370575,0.3979712724685669,0,0,0
866,17.32,0.25,0.24853557348251343,-0.01197022944688797,0.012059475295245647,-0.0014644265174865723,-0.01197022944688797,0.44342905282974243,0.08453194797039032,0.4356551766395569,0.36699485778808594,0,0,0
867,17.34,0.25,0.2419329732656479,-0.007291918620467186,0.010874235071241856,-0.008067026734352112,-0.007291918620467186,0.44237571954727173,0.08540631085634232,0.46886885166168213,0.4882720410823822,0,0,0
868,17.36,0.25,0.24816399812698364,-0.00539121450856328,0.00569526944309473,-0.0018360018730163574,-0.00539121450856328,0.44112589955329895,0.09402663260698318,0.3991430997848511,0.4747160077095032,0,0,0
869,17.38,0.25,0.2510712444782257,-0.005361617077142,0.0054675862193107605,0.001071244478225708,-0.005361617077142,0.4398537278175354,0.08881392329931259,0.35252198576927185,0.48899516463279724,0,0,0
870,17.400000000000002,0.25,0.25406262278556824,-0.006958743557333946,0.008057854138314724,0.004062622785568237,-0.006958743557333946,0.4385857582092285,0.05906017869710922,0.23082944750785828,0.39773300290107727,0,0,0
871,17.42,0.25,0.2469797134399414,-0.0038533415645360947,0.004895954858511686,-0.0030202865600585938,-0.0038533415645360947,0.43744057416915894,0.041754089295864105,0.15441147983074188,0.33226728439331055,0,0,0
872,17.44,0.25,0.24511846899986267,0.002080762293189764,0.005306497681885958,-0.004881531000137329,0.002080762293189764,0.4363557696342468,0.02106279507279396,0.10616615414619446,0.25845155119895935,0,0,0
873,17.46,0.25,0.24144752323627472,0.007336452603340149,0.011268025264143944,-0.00855247676372528,0.007336452603340149,0.43545299768447876,0.027238603681325912,0.20100226998329163,0.21564942598342896,0,0,0
874,17.48,0.25,0.2393796741962433,0.008889519609510899,0.013849725015461445,-0.010620325803756714,0.008889519609510899,0.4347591698169708,0.04204866290092468,0.27111485600471497,0.2120816558599472,0,0,0
875,17.5,0.25,0.24340581893920898,0.010361997410655022,0.012282272800803185,-0.006594181060791016,0.010361997410655022,0.43434470891952515,0.05999957397580147,0.3422487676143646,0.17621149122714996,0,0,0
876,17.52,0.25,0.24710918962955475,0.009458848275244236,0.009890733286738396,-0.0028908103704452515,0.009458848275244236,0.43425947427749634,0.0513884499669075,0.35986268520355225,0.17707081139087677,0,0,0
877,17.54,0.25,0.25093868374824524,0.00985744595527649,0.009902038611471653,0.0009386837482452393,0.00985744595527649,0.43439003825187683,0.044276874512434006,0.3826017379760742,0.1378505825996399,0,0,0
878,17.56,0.25,0.25735729932785034,0.008549163118004799,0.011279097758233547,0.007357299327850342,0.008549163118004799,0.4348677694797516,0.05315582826733589,0.3406370282173157,0.16039055585861206,0,0,0
879,17.580000000000002,0.25,0.25887519121170044,0.004441758152097464,0.009924627840518951,0.00887519121170044,0.004441758152097464,0.43562057614326477,0.06307727098464966,0.3121030926704407,0.2756984531879425,0,0,0
880,17.6,0.25,0.258652001619339,0.003283805213868618,0.009254216216504574,0.00865200161933899,0.003283805213868618,0.4362407326698303,0.0521797277033329,0.3195410966873169,0.1917070597410202,0,0,0
881,17.62,0.25,0.26018568873405457,0.0019604188855737448,0.010372632183134556,0.010185688734054565,0.0019604188855737448,0.4365363121032715,0.0344252847135067,0.3641151785850525,0.23148877918720245,0,0,0
882,17.64,0.25,0.25539520382881165,-0.0006399708800017834,0.005433027632534504,0.0053952038288116455,-0.0006399708800017834,0.4365428686141968,0.01716802641749382,0.3395934998989105,0.24203388392925262,0,0,0
883,17.66,0.25,0.25231191515922546,-0.00371107691898942,0.004372304305434227,0.002311915159225464,-0.00371107691898942,0.4363344609737396,0.033331483602523804,0.2417500913143158,0.23130755126476288,0,0,0
884,17.68,0.25,0.25191736221313477,-0.0046107955276966095,0.004993567243218422,0.0019173622131347656,-0.0046107955276966095,0.4359855055809021,0.02706173062324524,0.2151963710784912,0.2117152214050293,0,0,0
885,17.7,0.25,0.24818730354309082,-0.0052207764238119125,0.005526515655219555,-0.0018126964569091797,-0.0052207764238119125,0.4354100227355957,0.01664395071566105,0.2163817286491394,0.27602407336235046,0,0,0
886,17.72,0.25,0.25021690130233765,-0.0065713743679225445,0.0065749529749155045,0.00021690130233764648,-0.0065713743679225445,0.4346250891685486,0.012861710041761398,0.24674302339553833,0.26640063524246216,0,0,0
887,17.740000000000002,0.25,0.25459203124046326,-0.0033846162259578705,0.005704592913389206,0.004592031240463257,-0.0033846162259578705,0.4339416027069092,0.012158948928117752,0.19276495277881622,0.18138577044010162,0,0,0
888,17.76,0.25,0.25937315821647644,-0.001462290994822979,0.009486537426710129,0.00937315821647644,-0.001462290994822979,0.4334518313407898,0.022394495084881783,0.18748609721660614,0.20739565789699554,0,0,0
889,17.78,0.25,0.25976839661598206,-0.001560079399496317,0.009892189875245094,0.009768396615982056,-0.001560079399496317,0.43318450450897217,0.04763445630669594,0.2689698040485382,0.19726426899433136,0,0,0
890,17.8,0.25,0.2578117847442627,-0.0027404832653701305,0.008278540335595608,0.007811784744262695,-0.0027404832653701305,0.4330681562423706,0.050907693803310394,0.3290328085422516,0.24259236454963684,0,0,0
891,17.82,0.25,0.2523968815803528,0.0046276855282485485,0.005211574956774712,0.002396881580352783,0.0046276855282485485,0.43296271562576294,0.08518131822347641,0.3070647418498993,0.3023982346057892,0,0,0
892,17.84,0.25,0.24947895109653473,0.003563225269317627,0.0036011200863868,-0.000521048903465271,0.003563225269317627,0.43307024240493774,0.07513317465782166,0.3850773572921753,0.28532302379608154,0,0,0
893,17.86,0.25,0.2486228495836258,0.0023978364188224077,0.0027651696000248194,-0.0013771504163742065,0.0023978364188224077,0.4334205389022827,0.06066577509045601,0.37790220975875854,0.3340563476085663,0,0,0
894,17.88,0.25,0.25515028834342957,-0.0007506292313337326,0.005204701330512762,0.005150288343429565,-0.0007506292313337326,0.4340416491031647,0.0582255981862545,0.3186872601509094,0.2415928989648819,0,0,0
895,17.900000000000002,0.25,0.25795748829841614,-0.003320926334708929,0.008622654713690281,0.007957488298416138,-0.003320926334708929,0.4350588321685791,0.0697089359164238,0.3346424698829651,0.35229572653770447,0,0,0
896,17.92,0.25,0.2614131271839142,-0.0008672545664012432,0.011446029879152775,0.011413127183914185,-0.0008672545664012432,0.43620479106903076,0.06603113561868668,0.3207096755504608,0.3746647834777832,0,0,0
897,17.94,0.25,0.2546711564064026,-0.002415712922811508,0.005258837249130011,0.004671156406402588,-0.002415712922811508,0.4374154806137085,0.054705660790205,0.34527942538261414,0.3292187750339508,0,0,0
898,17.96,0.25,0.2539447844028473,-0.0019931327551603317,0.004419717472046614,0.00394478440284729,-0.0019931327551603317,0.4384286403656006,0.019882692024111748,0.23204581439495087,0.33129167556762695,0,0,0
899,17.98,0.25,0.249317929148674,-0.005255485884845257,0.005299561657011509,-0.0006820708513259888,-0.005255485884845257,0.4391857385635376,0.025835126638412476,0.19834433495998383,0.3004310131072998,0,0,0
900,18.0,0.25,0.24871627986431122,-0.007393221370875835,0.007503842934966087,-0.0012837201356887817,-0.007393221370875835,0.4396041929721832,0.01141559612005949,0.06492678076028824,0.21070465445518494,0,0,0
901,18.02,0.25,0.24605315923690796,-0.0051340628415346146,0.006475812755525112,-0.003946840763092041,-0.0051340628415346146,0.4397578835487366,0.021090971305966377,0.026694972068071365,0.1937708705663681,0,0,0
902,18.04,0.25,0.250886470079422,-0.003032540902495384,0.0031594515312463045,0.0008864700794219971,-0.003032540902495384,0.43966805934906006,0.03183627873659134,0.10797964781522751,0.17565102875232697,0,0,0
903,18.06,0.25,0.2523828446865082,-0.002970748580992222,0.0038083193358033895,0.0023828446865081787,-0.002970748580992222,0.43952676653862,0.048017505556344986,0.1995006650686264,0.19453245401382446,0,0,0
904,18.080000000000002,0.25,0.25328725576400757,-0.00566699868068099,0.006551406346261501,0.0032872557640075684,-0.00566699868068099,0.43948423862457275,0.04632164537906647,0.29334521293640137,0.1791822761297226,0,0,0
905,18.1,0.25,0.25004303455352783,-0.010221623815596104,0.010221715085208416,4.303455352783203e-05,-0.010221623815596104,0.4395471215248108,0.0345582477748394,0.3311768174171448,0.17638567090034485,0,0,0
906,18.12,0.25,0.24850258231163025,-0.013348577544093132,0.013432303443551064,-0.001497417688369751,-0.013348577544093132,0.4395591616630554,0.02082706242799759,0.3913773000240326,0.16491147875785828,0,0,0
907,18.14,0.25,0.23832038044929504,-0.011672920547425747,0.016512740403413773,-0.011679619550704956,-0.011672920547425747,0.43949949741363525,0.018742306157946587,0.3632601797580719,0.18322442471981049,0,0,0
908,18.16,0.25,0.24015235900878906,-0.011661726981401443,0.015263416804373264,-0.009847640991210938,-0.011661726981401443,0.43940621614456177,0.03790106624364853,0.40211808681488037,0.18730585277080536,0,0,0
909,18.18,0.25,0.23282675445079803,-0.010258728638291359,0.020004047080874443,-0.017173245549201965,-0.010258728638291359,0.4394392669200897,0.048455193638801575,0.3296739459037781,0.19526849687099457,0,0,0
910,18.2,0.25,0.22813738882541656,-0.012203271500766277,0.025037843734025955,-0.021862611174583435,-0.012203271500766277,0.43941015005111694,0.04840270057320595,0.2994038760662079,0.16148912906646729,0,0,0
911,18.22,0.25,0.23099367320537567,-0.013500066474080086,0.023312920704483986,-0.01900632679462433,-0.013500066474080086,0.4394448399543762,0.04189160838723183,0.26309269666671753,0.15022757649421692,0,0,0
912,18.240000000000002,0.25,0.23014183342456818,-0.01390113029628992,0.024240218102931976,-0.019858166575431824,-0.01390113029628992,0.4396657347679138,0.04739708825945854,0.2191639393568039,0.22644691169261932,0,0,0
913,18.26,0.25,0.2297028750181198,-0.013433374464511871,0.024339860305190086,-0.020297124981880188,-0.013433374464511871,0.439920037984848,0.04818987846374512,0.1458359807729721,0.16081175208091736,0,0,0
914,18.28,0.25,0.2352375090122223,-0.011462651193141937,0.01869019865989685,-0.01476249098777771,-0.011462651193141937,0.44025737047195435,0.06520071625709534,0.12897057831287384,0.2307594120502472,0,0,0
915,18.3,0.25,0.2355516254901886,-0.01248387061059475,0.019094567745923996,-0.014448374509811401,-0.01248387061059475,0.440554678440094,0.06717640906572342,0.14671474695205688,0.33703354001045227,0,0,0
916,18.32,0.25,0.23818667232990265,-0.01357593759894371,0.017996132373809814,-0.011813327670097351,-0.01357593759894371,0.4406125545501709,0.06353311240673065,0.2201012820005417,0.4199627935886383,0,0,0
917,18.34,0.25,0.23644883930683136,-0.012730203568935394,0.018592795357108116,-0.01355116069316864,-0.012730203568935394,0.44037461280822754,0.09369374811649323,0.3408403694629669,0.3361929655075073,0,0,0
918,18.36,0.25,0.24339528381824493,-0.020017702132463455,0.021079152822494507,-0.006604716181755066,-0.020017702132463455,0.43987321853637695,0.08265349268913269,0.4330998361110687,0.4583835005760193,0,0,0
919,18.38,0.25,0.23940317332744598,-0.015816334635019302,0.01903809793293476,-0.010596826672554016,-0.015816334635019302,0.4391239583492279,0.10225185751914978,0.4552634060382843,0.4013635814189911,0,0,0
920,18.400000000000002,0.25,0.2389533966779709,-0.011008622124791145,0.015595422126352787,-0.011046603322029114,-0.011008622124791145,0.4378247857093811,0.11291604489088058,0.36448875069618225,0.47923415899276733,0,0,0
921,18.42,0.25,0.24374669790267944,-0.009458034299314022,0.011338350363075733,-0.006253302097320557,-0.009458034299314022,0.43633905053138733,0.11895111203193665,0.28246456384658813,0.5069770216941833,0,0,0
922,18.44,0.25,0.23832690715789795,-0.008101021870970726,0.0142087172716856,-0.01167309284210205,-0.008101021870970726,0.43493956327438354,0.10844378173351288,0.19316446781158447,0.48853930830955505,0,0,0
923,18.46,0.25,0.23661336302757263,-0.006552679929882288,0.014904350973665714,-0.013386636972427368,-0.006552679929882288,0.43358030915260315,0.06748729199171066,0.03289685398340225,0.3558187186717987,0,0,0
924,18.48,0.25,0.23375172913074493,-0.0012599690817296505,0.016297049820423126,-0.016248270869255066,-0.0012599690817296505,0.4325422942638397,0.033302050083875656,0.12481101602315903,0.2504761517047882,0,0,0
925,18.5,0.25,0.23735907673835754,0.0010769478976726532,0.012686715461313725,-0.012640923261642456,0.0010769478976726532,0.4318470358848572,0.024855194613337517,0.23160512745380402,0.18083250522613525,0,0,0
926,18.52,0.25,0.242470845580101,-0.000886161345988512,0.007581124547868967,-0.007529154419898987,-0.000886161345988512,0.4316648840904236,0.033463988453149796,0.3340018689632416,0.2149508148431778,0,0,0
927,18.54,0.25,0.2436065822839737,-0.0022379253059625626,0.006773780565708876,-0.006393417716026306,-0.0022379253059625626,0.43223124742507935,0.029966488480567932,0.3588606119155884,0.2036418914794922,0,0,0
928,18.56,0.25,0.24438413977622986,-0.001809460110962391,0.005900172051042318,-0.005615860223770142,-0.001809460110962391,0.43341439962387085,0.02877574786543846,0.3291405141353607,0.20312362909317017,0,0,0
929,18.580000000000002,0.25,0.24645622074604034,0.001102544367313385,0.0037113307043910027,-0.0035437792539596558,0.001102544367313385,0.43479323387145996,0.016347438097000122,0.374826043844223,0.15462499856948853,0,0,0
930,18.6,0.25,0.23968830704689026,0.002132005523890257,0.01052978914231062,-0.010311692953109741,0.002132005523890257,0.4360603094100952,0.01430103462189436,0.3086170554161072,0.19482852518558502,0,0,0
931,18.62,0.25,0.24395808577537537,0.0004082252271473408,0.006055689416825771,-0.006041914224624634,0.0004082252271473408,0.4370483458042145,0.031844403594732285,0.34459805488586426,0.23727110028266907,0,0,0
932,18.64,0.25,0.23883846402168274,-0.0012246989645063877,0.011228525079786777,-0.01116153597831726,-0.0012246989645063877,0.43781667947769165,0.046006862074136734,0.27361926436424255,0.22365841269493103,0,0,0
933,18.66,0.25,0.23618867993354797,-0.004002622794359922,0.014379622414708138,-0.013811320066452026,-0.004002622794359922,0.4383130669593811,0.061486098915338516,0.29524853825569153,0.19556063413619995,0,0,0
934,18.68,0.25,0.23671261966228485,-0.0076334839686751366,0.015323986299335957,-0.013287380337715149,-0.0076334839686751366,0.4387093782424927,0.043351877480745316,0.2625546455383301,0.18525578081607819,0,0,0
935,18.7,0.25,0.2405826598405838,-0.008594215847551823,0.01274938602000475,-0.009417340159416199,-0.008594215847551823,0.4389972686767578,0.026271261274814606,0.25323545932769775,0.2027989625930786,0,0,0
936,18.72,0.25,0.248142808675766,-0.01172291487455368,0.011869114823639393,-0.0018571913242340088,-0.01172291487455368,0.43909817934036255,0.02080715447664261,0.3321971595287323,0.19510796666145325,0,0,0
937,18.740000000000002,0.25,0.252991259098053,-0.011001082137227058,0.011400502175092697,0.0029912590980529785,-0.011001082137227058,0.4389260411262512,0.030028000473976135,0.34174907207489014,0.27947667241096497,0,0,0
938,18.76,0.25,0.24940849840641022,-0.011129816994071007,0.011145523749291897,-0.0005915015935897827,-0.011129816994071007,0.4385288953781128,0.021200621500611305,0.25627797842025757,0.24175673723220825,0,0,0
939,18.78,0.25,0.25047874450683594,-0.013892531394958496,0.013900777325034142,0.0004787445068359375,-0.013892531394958496,0.4379178285598755,0.03344406932592392,0.24639441072940826,0.305042028427124,0,0,0
940,18.8,0.25,0.2474837452173233,-0.011966630816459656,0.01222831942141056,-0.0025162547826766968,-0.011966630816459656,0.4370487928390503,0.025495214387774467,0.24375149607658386,0.2769615352153778,0,0,0
941,18.82,0.25,0.24472838640213013,-0.006237991154193878,0.008167156018316746,-0.005271613597869873,-0.006237991154193878,0.4358253479003906,0.020906195044517517,0.2219572365283966,0.22161456942558289,0,0,0
942,18.84,0.25,0.2469480186700821,-0.005018753465265036,0.005873880814760923,-0.0030519813299179077,-0.005018753465265036,0.43458735942840576,0.01752397231757641,0.25168895721435547,0.25420108437538147,0,0,0
943,18.86,0.25,0.2410980612039566,-0.0010182978585362434,0.008959991857409477,-0.008901938796043396,-0.0010182978585362434,0.4339572787284851,0.10757492482662201,0.3775298595428467,0.22611850500106812,0,0,0
944,18.88,0.25,0.25014835596084595,-0.0013514542952179909,0.0013595728669315577,0.00014835596084594727,-0.0013514542952179909,0.433825820684433,0.09202779084444046,0.3734942078590393,0.32001298666000366,0,0,0
945,18.900000000000002,0.25,0.252765417098999,0.00035130884498357773,0.002787642180919647,0.0027654170989990234,0.00035130884498357773,0.4341007471084595,0.07531800866127014,0.35826146602630615,0.2856113314628601,0,0,0
946,18.92,0.25,0.25371024012565613,-0.0019791508093476295,0.004205106291919947,0.003710240125656128,-0.0019791508093476295,0.43466949462890625,0.051448795944452286,0.37239840626716614,0.34972697496414185,0,0,0
947,18.94,0.25,0.2516327202320099,-0.0018603801727294922,0.002475235378369689,0.0016327202320098877,-0.0018603801727294922,0.4354206919670105,0.047186873853206635,0.428284615278244,0.34916171431541443,0,0,0
948,18.96,0.25,0.2540056109428406,0.0007744482718408108,0.004079790320247412,0.004005610942840576,0.0007744482718408108,0.43637800216674805,0.04636508971452713,0.47508376836776733,0.27399924397468567,0,0,0
949,18.98,0.25,0.2533447742462158,0.002593858167529106,0.004232684150338173,0.0033447742462158203,0.002593858167529106,0.4375048279762268,0.03694123029708862,0.46897125244140625,0.3089541494846344,0,0,0
950,19.0,0.25,0.2551881670951843,0.004993659909814596,0.007200952619314194,0.005188167095184326,0.004993659909814596,0.438484787940979,0.038027144968509674,0.4477587342262268,0.3376653492450714,0,0,0
951,19.02,0.25,0.25715839862823486,0.006184837780892849,0.009460173547267914,0.007158398628234863,0.006184837780892849,0.4392932653427124,0.042412158101797104,0.37852662801742554,0.31193041801452637,0,0,0
952,19.04,0.25,0.2544092833995819,0.0030472162179648876,0.005359786096960306,0.004409283399581909,0.0030472162179648876,0.4398435354232788,0.034780360758304596,0.2975514233112335,0.2663719654083252,0,0,0
953,19.06,0.25,0.2536776065826416,-0.0017461087554693222,0.004071079194545746,0.0036776065826416016,-0.0017461087554693222,0.4399797320365906,0.04262096807360649,0.20434176921844482,0.2540993094444275,0,0,0
954,19.080000000000002,0.25,0.25266033411026,-0.0021324739791452885,0.0034095195587724447,0.0026603341102600098,-0.0021324739791452885,0.4398825764656067,0.04902983456850052,0.10449986904859543,0.16153515875339508,0,0,0
955,19.1,0.25,0.24991896748542786,-0.0028446833603084087,0.0028458372689783573,-8.103251457214355e-05,-0.0028446833603084087,0.43964868783950806,0.032045017927885056,0.011371597647666931,0.179454043507576,0,0,0
956,19.12,0.25,0.2533861994743347,-0.0031049144454300404,0.004594217985868454,0.003386199474334717,-0.0031049144454300404,0.4393903315067291,0.03507053107023239,0.14888326823711395,0.1551656574010849,0,0,0
957,19.14,0.25,0.255453497171402,0.0001226053573191166,0.005454875063151121,0.0054534971714019775,0.0001226053573191166,0.43920376896858215,0.054421182721853256,0.21212635934352875,0.14960743486881256,0,0,0
958,19.16,0.25,0.25317081809043884,0.0014153462834656239,0.003472361247986555,0.0031708180904388428,0.0014153462834656239,0.43908169865608215,0.05025027319788933,0.28894567489624023,0.18178588151931763,0,0,0
959,19.18,0.25,0.24991630017757416,0.00020361505448818207,0.00022014712158124894,-8.369982242584229e-05,0.00020361505448818207,0.4390204846858978,0.049276202917099,0.3036530315876007,0.24517275393009186,0,0,0
960,19.2,0.25,0.24545809626579285,-0.0007685092277824879,0.004606462549418211,-0.004541903734207153,-0.0007685092277824879,0.4388842284679413,0.03034535050392151,0.37952688336372375,0.16462939977645874,0,0,0
961,19.22,0.25,0.24120591580867767,-0.00521915964782238,0.010226218029856682,-0.008794084191322327,-0.00521915964782238,0.4387853145599365,0.03296303749084473,0.3862293064594269,0.1785784512758255,0,0,0
962,19.240000000000002,0.25,0.23884937167167664,-0.012091076001524925,0.01644781604409218,-0.011150628328323364,-0.012091076001524925,0.4388505220413208,0.022164499387145042,0.39864909648895264,0.11897865682840347,0,0,0
963,19.26,0.25,0.23550358414649963,-0.014279652386903763,0.020348330959677696,-0.014496415853500366,-0.014279652386903763,0.43907421827316284,0.009958288632333279,0.3413901627063751,0.17841246724128723,0,0,0
964,19.28,0.25,0.2353673279285431,-0.011419016867876053,0.018560953438282013,-0.01463267207145691,-0.011419016867876053,0.4393487870693207,0.008515621535480022,0.30146026611328125,0.15473714470863342,0,0,0
965,19.3,0.25,0.23552310466766357,-0.008192089386284351,0.016634026542305946,-0.014476895332336426,-0.008192089386284351,0.4395882487297058,0.03602979704737663,0.2872092127799988,0.2042706459760666,0,0,0
966,19.32,0.25,0.23728547990322113,-0.006242368370294571,0.014164256863296032,-0.01271452009677887,-0.006242368370294571,0.4397328197956085,0.05370462313294411,0.25093406438827515,0.22748138010501862,0,0,0
967,19.34,0.25,0.23711279034614563,-0.007789550349116325,0.01505846157670021,-0.01288720965385437,-0.007789550349116325,0.439849317073822,0.04560502618551254,0.1721443086862564,0.2638511657714844,0,0,0
968,19.36,0.25,0.2343573272228241,-0.011384504847228527,0.01934683881700039,-0.015642672777175903,-0.011384504847228527,0.4399324655532837,0.04491777345538139,0.1439163237810135,0.2059432417154312,0,0,0
969,19.38,0.25,0.23019932210445404,-0.011500751599669456,0.022898344323039055,-0.01980067789554596,-0.011500751599669456,0.43985694646835327,0.05582943558692932,0.20879636704921722,0.3207579255104065,0,0,0
970,19.400000000000002,0.25,0.23192378878593445,-0.00983462668955326,0.02057836949825287,-0.018076211214065552,-0.00983462668955326,0.43965137004852295,0.056211743503808975,0.352029025554657,0.40995511412620544,0,0,0
971,19.42,0.25,0.23910082876682281,-0.012798743322491646,0.01681070402264595,-0.010899171233177185,-0.012798743322491646,0.43947285413742065,0.04660030081868172,0.44318512082099915,0.3327542543411255,0,0,0
972,19.44,0.25,0.24429647624492645,-0.01365029439330101,0.014793941751122475,-0.005703523755073547,-0.01365029439330101,0.43926936388015747,0.05952906981110573,0.4783991873264313,0.47855597734451294,0,0,0
973,19.46,0.25,0.24553033709526062,-0.0099430400878191,0.010901465080678463,-0.00446966290473938,-0.0099430400878191,0.43887969851493835,0.05473901703953743,0.4238298535346985,0.42822322249412537,0,0,0
974,19.48,0.25,0.24992717802524567,-0.007703792303800583,0.007704136427491903,-7.28219747543335e-05,-0.007703792303800583,0.43816226720809937,0.06590331345796585,0.27734965085983276,0.4996411204338074,0,0,0
975,19.5,0.25,0.24816974997520447,-0.006368621252477169,0.006626398302614689,-0.0018302500247955322,-0.006368621252477169,0.4370535612106323,0.08276736736297607,0.19986394047737122,0.5228985548019409,0,0,0
976,19.52,0.25,0.23794634640216827,-0.0023617795668542385,0.012282856740057468,-0.012053653597831726,-0.0023617795668542385,0.43579161167144775,0.04697112366557121,0.15662714838981628,0.4448883533477783,0,0,0
977,19.54,0.25,0.235387921333313,0.004156921058893204,0.015191867016255856,-0.014612078666687012,0.004156921058893204,0.4346265196800232,0.01450189296156168,0.13250303268432617,0.2744745910167694,0,0,0
978,19.56,0.25,0.24396610260009766,0.008107025176286697,0.010106026194989681,-0.006033897399902344,0.008107025176286697,0.4337846040725708,0.01920955814421177,0.1592254489660263,0.23174184560775757,0,0,0
979,19.580000000000002,0.25,0.2475414127111435,0.010610021650791168,0.01089115347713232,-0.0024585872888565063,0.010610021650791168,0.4334653615951538,0.040115728974342346,0.25406110286712646,0.2323862910270691,0,0,0
980,19.6,0.25,0.25114572048187256,0.012021573260426521,0.01207604631781578,0.0011457204818725586,0.012021573260426521,0.43357810378074646,0.049546245485544205,0.3364797532558441,0.19264163076877594,0,0,0
981,19.62,0.25,0.251877099275589,0.01070498302578926,0.010868309997022152,0.0018770992755889893,0.01070498302578926,0.4339137077331543,0.060886234045028687,0.3772403299808502,0.2628038823604584,0,0,0
982,19.64,0.25,0.2514047622680664,0.006705133710056543,0.006850705947726965,0.0014047622680664062,0.006705133710056543,0.4341840445995331,0.045616935938596725,0.3999882638454437,0.25450649857521057,0,0,0
983,19.66,0.25,0.24320021271705627,0.0021616537123918533,0.007135114166885614,-0.006799787282943726,0.0021616537123918533,0.4344104528427124,0.051324065774679184,0.31886881589889526,0.18473157286643982,0,0,0
984,19.68,0.25,0.24477392435073853,0.0006287023425102234,0.0052637564949691296,-0.005226075649261475,0.0006287023425102234,0.4344162344932556,0.02450222708284855,0.3414328992366791,0.22692358493804932,0,0,0
985,19.7,0.25,0.23788608610630035,-0.0007517794147133827,0.012137218378484249,-0.012113913893699646,-0.0007517794147133827,0.4342804551124573,0.020093295723199844,0.2631783187389374,0.2141934484243393,0,0,0
986,19.72,0.25,0.2368646115064621,4.246225580573082e-05,0.013135457411408424,-0.013135388493537903,4.246225580573082e-05,0.4340263605117798,0.03465715050697327,0.2721916437149048,0.22247937321662903,0,0,0
987,19.740000000000002,0.25,0.23904874920845032,-0.0026912791654467583,0.011277095414698124,-0.010951250791549683,-0.0026912791654467583,0.4338550269603729,0.030898217111825943,0.27402350306510925,0.19063468277454376,0,0,0
988,19.76,0.25,0.24592676758766174,-0.005058015696704388,0.006494208704680204,-0.004073232412338257,-0.005058015696704388,0.4338451623916626,0.018659457564353943,0.3088853061199188,0.2716011703014374,0,0,0
989,19.78,0.25,0.25232553482055664,-0.005396982654929161,0.0058766938745975494,0.0023255348205566406,-0.005396982654929161,0.43388646841049194,0.016745559871196747,0.3388115167617798,0.2700328528881073,0,0,0
990,19.8,0.25,0.25399690866470337,-0.003917221911251545,0.0055964188650250435,0.003996908664703369,-0.003917221911251545,0.43397068977355957,0.039907991886138916,0.23738038539886475,0.23978573083877563,0,0,0
991,19.82,0.25,0.2503545582294464,-0.003329731058329344,0.003348554950207472,0.00035455822944641113,-0.003329731058329344,0.43385833501815796,0.018731020390987396,0.2008979767560959,0.23359911143779755,0,0,0
992,19.84,0.25,0.2453959882259369,-0.0020755412988364697,0.005050227511674166,-0.00460401177406311,-0.0020755412988364697,0.4333040416240692,0.01619972288608551,0.19459682703018188,0.19611971080303192,0,0,0
993,19.86,0.25,0.2378774881362915,-0.001916948240250349,0.01227314118295908,-0.012122511863708496,-0.001916948240250349,0.4326191246509552,0.02794175036251545,0.2588915228843689,0.2314799278974533,0,0,0
994,19.88,0.25,0.24408206343650818,-0.000448490958660841,0.005934906657785177,-0.005917936563491821,-0.000448490958660841,0.4321187138557434,0.025696782395243645,0.27653831243515015,0.244830921292305,0,0,0
995,19.900000000000002,0.25,0.25036633014678955,0.0004936736077070236,0.0006147450185380876,0.0003663301467895508,0.0004936736077070236,0.43216267228126526,0.017038848251104355,0.3493543267250061,0.1992301493883133,0,0,0
996,19.92,0.25,0.24503585696220398,0.007772536017000675,0.009222527965903282,-0.0049641430377960205,0.007772536017000675,0.4325358271598816,0.08467505872249603,0.3985452950000763,0.27333706617355347,0,0,0
997,19.94,0.25,0.24329878389835358,0.00756632536649704,0.01010720431804657,-0.006701216101646423,0.00756632536649704,0.4328746199607849,0.075909823179245,0.3917502164840698,0.278158962726593,0,0,0
998,19.96,0.25,0.23927758634090424,0.00517679238691926,0.011906692758202553,-0.010722413659095764,0.00517679238691926,0.4333454370498657,0.07738575339317322,0.4004223942756653,0.2895032465457916,0,0,0
999,19.98,0.25,0.0,0.0,0.25,-0.25,0.0,0.400650292634964,0.08084838837385178,0.0,0.3138209283351898,1,1,0
1000,20.0,0.25,0.15835832059383392,-0.01115449983626604,0.09231804311275482,-0.09164167940616608,-0.01115449983626604,0.40108633041381836,0.07530631870031357,1.4959352016448975,2.692412853240967,0,0,0
1001,20.02,0.25,0.19616319239139557,0.0069191004149615765,0.05427960678935051,-0.05383680760860443,0.0069191004149615765,0.40536803007125854,0.27642032504081726,1.4330921173095703,0.9125368595123291,0,0,0
1002,20.04,0.25,0.2192697823047638,0.02126428484916687,0.0373699888586998,-0.030730217695236206,0.02126428484916687,0.4120253920555115,0.247329980134964,1.2136836051940918,0.8795737028121948,0,0,0
1003,20.06,0.25,0.23171058297157288,0.018735095858573914,0.026182182133197784,-0.018289417028427124,0.018735095858573914,0.4202615022659302,0.2684786021709442,0.9853383302688599,0.5715215802192688,0,0,0
1004,20.080000000000002,0.25,0.237288698554039,0.024581681936979294,0.02767374739050865,-0.012711301445960999,0.024581681936979294,0.42982780933380127,0.22961987555027008,0.6906932592391968,0.44833052158355713,0,0,0
1005,20.1,0.25,0.22987645864486694,0.031383074820041656,0.03728074952960014,-0.020123541355133057,0.031383074820041656,0.44040340185165405,0.19614548981189728,0.361103355884552,0.4639759659767151,0,0,0
1006,20.12,0.25,0.22298261523246765,0.03911399096250534,0.04753781110048294,-0.02701738476753235,0.03911399096250534,0.45122283697128296,0.1384974867105484,0.3938678503036499,0.44917669892311096,0,0,0
1007,20.14,0.25,0.22866269946098328,0.03724128007888794,0.042920779436826706,-0.021337300539016724,0.03724128007888794,0.46204888820648193,0.1287771314382553,0.4508739113807678,0.47035208344459534,0,0,0
1008,20.16,0.25,0.2394241988658905,0.033418238162994385,0.03505176305770874,-0.010575801134109497,0.033418238162994385,0.4728734493255615,0.12941385805606842,0.5412003993988037,0.4229588806629181,0,0,0
1009,20.18,0.25,0.24893376231193542,0.017340825870633125,0.017373574897646904,-0.0010662376880645752,0.017340825870633125,0.48297494649887085,0.11623513698577881,0.5045204162597656,0.49949994683265686,0,0,0
1010,20.2,0.25,0.24400140345096588,0.010387484915554523,0.011995123699307442,-0.005998596549034119,0.010387484915554523,0.49180692434310913,0.08830675482749939,0.5813341736793518,0.42732882499694824,0,0,0
1011,20.22,0.25,0.24499890208244324,0.006574299652129412,0.008260290138423443,-0.005001097917556763,0.006574299652129412,0.49861982464790344,0.05019513517618179,0.552374005317688,0.400849848985672,0,0,0
1012,20.240000000000002,0.25,0.2422744631767273,0.008578094653785229,0.011544160544872284,-0.007725536823272705,0.008578094653785229,0.5031500458717346,0.07874426245689392,0.5138494968414307,0.3508245050907135,0,0,0
1013,20.26,0.25,0.24077947437763214,0.011843369342386723,0.015009447000920773,-0.009220525622367859,0.011843369342386723,0.5053679943084717,0.12123199552297592,0.5545142889022827,0.3034191429615021,0,0,0
1014,20.28,0.25,0.24955403804779053,0.008609025739133358,0.008620568551123142,-0.00044596195220947266,0.008609025739133358,0.5055624842643738,0.15418341755867004,0.4483878016471863,0.37885212898254395,0,0,0
1015,20.3,0.25,0.25572672486305237,0.007694442290812731,0.009591653943061829,0.005726724863052368,0.007694442290812731,0.5042812824249268,0.14042934775352478,0.5247406363487244,0.3497188687324524,0,0,0
1016,20.32,0.25,0.2425466626882553,0.0046453108079731464,0.008782434277236462,-0.00745333731174469,0.0046453108079731464,0.5015485286712646,0.11199092119932175,0.685673177242279,0.3094087243080139,0,0,0
1017,20.34,0.25,0.23546378314495087,-0.0025623177643865347,0.014760321006178856,-0.014536216855049133,-0.0025623177643865347,0.4972758889198303,0.14971381425857544,0.6640412211418152,0.40190431475639343,0,0,0
1018,20.36,0.25,0.23384442925453186,7.738839485682547e-05,0.016155755147337914,-0.01615557074546814,7.738839485682547e-05,0.4918439984321594,0.16165335476398468,0.7052891850471497,0.396028995513916,0,0,0
1019,20.38,0.25,0.24048444628715515,-0.001784833031706512,0.00968149770051241,-0.009515553712844849,-0.001784833031706512,0.4857673645019531,0.16842573881149292,0.6925975680351257,0.48016485571861267,0,0,0
1020,20.400000000000002,0.25,0.24402904510498047,-0.005883246194571257,0.008382415398955345,-0.005970954895019531,-0.005883246194571257,0.4795731008052826,0.10036994516849518,0.8079809546470642,0.4479704201221466,0,0,0
1021,20.42,0.25,0.24268803000450134,-0.0036933121737092733,0.008191792294383049,-0.007311969995498657,-0.0036933121737092733,0.4735720157623291,0.07727661728858948,0.7771316170692444,0.5399580597877502,0,0,0
1022,20.44,0.25,0.23847253620624542,-0.004635423421859741,0.01242455467581749,-0.011527463793754578,-0.004635423421859741,0.4678308367729187,0.059601958841085434,0.7138299345970154,0.5878745317459106,0,0,0
1023,20.46,0.25,0.23462441563606262,-0.004500343464314938,0.01602066308259964,-0.015375584363937378,-0.004500343464314938,0.46234825253486633,0.03622983396053314,0.5827703475952148,0.6009877324104309,0,0,0
1024,20.48,0.25,0.22862187027931213,-0.0013063845690339804,0.0214180089533329,-0.021378129720687866,-0.0013063845690339804,0.45742592215538025,0.024616776034235954,0.4984741508960724,0.5365867018699646,0,0,0
1025,20.5,0.25,0.22358666360378265,0.004713195376098156,0.026830552145838737,-0.026413336396217346,0.004713195376098156,0.45304664969444275,0.0508732907474041,0.34084561467170715,0.3112591803073883,0,0,0
1026,20.52,0.25,0.2258252054452896,0.008749181404709816,0.02570931427180767,-0.024174794554710388,0.008749181404709816,0.4490840435028076,0.06512521952390671,0.1706228405237198,0.3016562759876251,0,0,0
1027,20.54,0.25,0.22770042717456818,0.01341687049716711,0.026024669408798218,-0.022299572825431824,0.01341687049716711,0.4458625912666321,0.05602821707725525,0.23031918704509735,0.2787992060184479,0,0,0
1028,20.56,0.25,0.23235619068145752,0.019350232556462288,0.02618655189871788,-0.01764380931854248,0.019350232556462288,0.443379282951355,0.057181015610694885,0.3391415774822235,0.2696532607078552,0,0,0
1029,20.580000000000002,0.25,0.2337944209575653,0.015474187210202217,0.02240694686770439,-0.016205579042434692,0.015474187210202217,0.4415169656276703,0.05487576127052307,0.3793037533760071,0.35111531615257263,0,0,0
1030,20.6,0.25,0.23168426752090454,0.010603238828480244,0.021163523197174072,-0.01831573247909546,0.010603238828480244,0.43998983502388,0.058884814381599426,0.3826574683189392,0.22017410397529602,0,0,0
1031,20.62,0.25,0.2364341914653778,0.007956131361424923,0.015726767480373383,-0.013565808534622192,0.007956131361424923,0.4387331008911133,0.05754956230521202,0.3900270164012909,0.21771182119846344,0,0,0
1032,20.64,0.25,0.2460332214832306,0.00554977310821414,0.006821679417043924,-0.003966778516769409,0.00554977310821414,0.43777936697006226,0.05073324963450432,0.43763288855552673,0.22049477696418762,0,0,0
1033,20.66,0.25,0.24940380454063416,0.0021377105731517076,0.0022192916367202997,-0.0005961954593658447,0.0021377105731517076,0.4373559057712555,0.0037025792989879847,0.33928635716438293,0.2117839902639389,0,0,0
1034,20.68,0.25,0.2591295540332794,-0.0031515276059508324,0.009658202528953552,0.009129554033279419,-0.0031515276059508324,0.43739694356918335,0.021810248494148254,0.39080294966697693,0.2142273336648941,0,0,0
1035,20.7,0.25,0.26408565044403076,-0.010402822867035866,0.017510689795017242,0.014085650444030762,-0.010402822867035866,0.43780577182769775,0.045359499752521515,0.405227392911911,0.2908175587654114,0,0,0
1036,20.72,0.25,0.2655847668647766,-0.016084250062704086,0.022396162152290344,0.015584766864776611,-0.016084250062704086,0.43844300508499146,0.05475803464651108,0.41311031579971313,0.34769684076309204,0,0,0
1037,20.740000000000002,0.25,0.2625141441822052,-0.014145761728286743,0.01888667233288288,0.0125141441822052,-0.014145761728286743,0.4389941096305847,0.05315529555082321,0.3588820993900299,0.21152682602405548,0,0,0
1038,20.76,0.25,0.25989556312561035,-0.008959170430898666,0.013348741456866264,0.009895563125610352,-0.008959170430898666,0.43922659754753113,0.031223267316818237,0.34122157096862793,0.20623378455638885,0,0,0
1039,20.78,0.25,0.2552966773509979,-0.006199087481945753,0.00815374031662941,0.005296677350997925,-0.006199087481945753,0.43894076347351074,0.02905157394707203,0.318782776594162,0.18951158225536346,0,0,0
1040,20.8,0.25,0.251737505197525,-0.005182754714041948,0.005466248374432325,0.0017375051975250244,-0.005182754714041948,0.4382627606391907,0.025525443255901337,0.2629920244216919,0.2426353394985199,0,0,0
1041,20.82,0.25,0.25591057538986206,-0.0033950626384466887,0.006816256791353226,0.0059105753898620605,-0.0033950626384466887,0.43731820583343506,0.014227011241018772,0.22412791848182678,0.24941489100456238,0,0,0
1042,20.84,0.25,0.2629234194755554,-0.0037456355057656765,0.013455280102789402,0.01292341947555542,-0.0037456355057656765,0.4362521767616272,0.03403756394982338,0.22585870325565338,0.19374777376651764,0,0,0
1043,20.86,0.25,0.2620798647403717,-0.0006057579885236919,0.012095043435692787,0.012079864740371704,-0.0006057579885236919,0.4352697432041168,0.11195822805166245,0.15057726204395294,0.22213512659072876,0,0,0
1044,20.88,0.25,0.25661230087280273,0.0038462590891867876,0.007649590261280537,0.006612300872802734,0.0038462590891867876,0.43440502882003784,0.07555273920297623,0.21942979097366333,0.24396774172782898,0,0,0
1045,20.900000000000002,0.25,0.25528469681739807,0.0069624558091163635,0.008740927092730999,0.005284696817398071,0.0069624558091163635,0.43362855911254883,0.05991286039352417,0.28224849700927734,0.34034547209739685,0,0,0
1046,20.92,0.25,0.25384682416915894,0.011118459515273571,0.011765126138925552,0.0038468241691589355,0.011118459515273571,0.43341225385665894,0.037909384816884995,0.32972344756126404,0.30407315492630005,0,0,0
1047,20.94,0.25,0.2561269998550415,0.011512846685945988,0.013041693717241287,0.006126999855041504,0.011512846685945988,0.43372535705566406,0.0447334423661232,0.3937072157859802,0.29919299483299255,0,0,0
1048,20.96,0.25,0.2614511549472809,0.010303317569196224,0.01540413312613964,0.011451154947280884,0.010303317569196224,0.4345468282699585,0.048340968787670135,0.3751491904258728,0.2541554570198059,0,0,0
1049,20.98,0.25,0.26040977239608765,0.010491800494492054,0.014779757708311081,0.010409772396087646,0.010491800494492054,0.43544548749923706,0.03284905105829239,0.3465440571308136,0.29126831889152527,0,0,0
1050,21.0,0.25,0.26029810309410095,0.009230815805494785,0.013829637318849564,0.010298103094100952,0.009230815805494785,0.4362470209598541,0.015375803224742413,0.266968309879303,0.3183893859386444,0,0,0
1051,21.02,0.25,0.25891196727752686,0.006441103294491768,0.010995952412486076,0.008911967277526855,0.006441103294491768,0.4368818700313568,0.01959303766489029,0.21562860906124115,0.2761346697807312,0,0,0
1052,21.04,0.25,0.2563170790672302,0.009258290752768517,0.011208096519112587,0.006317079067230225,0.009258290752768517,0.4373958110809326,0.007003517355769873,0.2557682693004608,0.3145139813423157,0,0,0
1053,21.06,0.25,0.25732550024986267,0.010244825854897499,0.012594419531524181,0.007325500249862671,0.010244825854897499,0.437892347574234,0.03460720181465149,0.16715660691261292,0.29640308022499084,0,0,0
1054,21.080000000000002,0.25,0.25541940331459045,0.013117656111717224,0.014193056151270866,0.005419403314590454,0.013117656111717224,0.4381347894668579,0.036402229219675064,0.03127774968743324,0.22005866467952728,0,0,0
1055,21.1,0.25,0.25144872069358826,0.012014743871986866,0.01210177130997181,0.0014487206935882568,0.012014743871986866,0.43799102306365967,0.05156395211815834,0.06537504494190216,0.2083759754896164,0,0,0
1056,21.12,0.25,0.25281962752342224,0.010081740096211433,0.010468609631061554,0.002819627523422241,0.010081740096211433,0.4376859962940216,0.05274253711104393,0.195551797747612,0.13243235647678375,0,0,0
1057,21.14,0.25,0.25957223773002625,0.009079068899154663,0.01319307554513216,0.009572237730026245,0.009079068899154663,0.4374160170555115,0.05323588103055954,0.33752164244651794,0.2115294188261032,0,0,0
1058,21.16,0.25,0.2583966553211212,0.008518395014107227,0.011961055919528008,0.008396655321121216,0.008518395014107227,0.4372931718826294,0.06363540887832642,0.349185049533844,0.20472843945026398,0,0,0
1059,21.18,0.25,0.25566890835762024,0.005893788766115904,0.00817760732024908,0.005668908357620239,0.005893788766115904,0.43723100423812866,0.0780600756406784,0.4127081334590912,0.14776422083377838,0,0,0
1060,21.2,0.25,0.2488030642271042,0.0031984078232198954,0.0034150355495512486,-0.001196935772895813,0.0031984078232198954,0.43721988797187805,0.07104906439781189,0.35987579822540283,0.16750994324684143,0,0,0
1061,21.22,0.25,0.2505449056625366,8.794925815891474e-05,0.0005519576370716095,0.0005449056625366211,8.794925815891474e-05,0.437374472618103,0.05803808197379112,0.3741260766983032,0.11069672554731369,0,0,0
1062,21.240000000000002,0.25,0.24967069923877716,-0.003076085587963462,0.003093661507591605,-0.00032930076122283936,-0.003076085587963462,0.4378277063369751,0.049093566834926605,0.36255916953086853,0.2027207314968109,0,0,0
1063,21.26,0.25,0.2501407563686371,-0.0014122083084657788,0.0014192056842148304,0.00014075636863708496,-0.0014122083084657788,0.43836575746536255,0.032561954110860825,0.3082554042339325,0.11760209500789642,0,0,0
1064,21.28,0.25,0.2462194412946701,-0.001211891882121563,0.003970051184296608,-0.003780558705329895,-0.001211891882121563,0.439050555229187,0.04554910212755203,0.24394145607948303,0.16670817136764526,0,0,0
1065,21.3,0.25,0.2523926794528961,-0.0007181787514127791,0.002498138463124633,0.002392679452896118,-0.0007181787514127791,0.43950408697128296,0.057585470378398895,0.3004800081253052,0.1604953110218048,0,0,0
1066,21.32,0.25,0.25576382875442505,-0.0033253394067287445,0.00665429187938571,0.005763828754425049,-0.0033253394067287445,0.4399833679199219,0.06339270621538162,0.22825907170772552,0.23030304908752441,0,0,0
1067,21.34,0.25,0.25292399525642395,-0.0026574188377708197,0.00395115464925766,0.00292399525642395,-0.0026574188377708197,0.4405127167701721,0.05611336976289749,0.14841696619987488,0.15254227817058563,0,0,0
1068,21.36,0.25,0.25649356842041016,-0.004045238718390465,0.007650515530258417,0.006493568420410156,-0.004045238718390465,0.44078999757766724,0.06541077047586441,0.1721602827310562,0.24456721544265747,0,0,0
1069,21.38,0.25,0.25664567947387695,-0.0037580823991447687,0.0076346732676029205,0.006645679473876953,-0.0037580823991447687,0.440707802772522,0.0781269297003746,0.15156148374080658,0.299111008644104,0,0,0
1070,21.400000000000002,0.25,0.25319811701774597,-0.004314162768423557,0.005370284430682659,0.0031981170177459717,-0.004314162768423557,0.44028234481811523,0.08215543627738953,0.22797569632530212,0.4018421173095703,0,0,0
1071,21.42,0.25,0.24816106259822845,-0.00784993078559637,0.008062450215220451,-0.0018389374017715454,-0.00784993078559637,0.439675509929657,0.08250810950994492,0.4119950234889984,0.4275597333908081,0,0,0
1072,21.44,0.25,0.24877995252609253,-0.013081113807857037,0.013137886300683022,-0.0012200474739074707,-0.013081113807857037,0.43880319595336914,0.07129214704036713,0.5195260047912598,0.5538081526756287,0,0,0
1073,21.46,0.25,0.24811439216136932,-0.00826718844473362,0.008479500189423561,-0.0018856078386306763,-0.00826718844473362,0.4376654624938965,0.0998704582452774,0.4557906985282898,0.39156654477119446,0,0,0
1074,21.48,0.25,0.2550497055053711,-0.00722097884863615,0.008811473846435547,0.005049705505371094,-0.00722097884863615,0.43637019395828247,0.0917811244726181,0.39363643527030945,0.49560120701789856,0,0,0
1075,21.5,0.25,0.2554508149623871,-0.00818659644573927,0.009835230186581612,0.005450814962387085,-0.00818659644573927,0.43539881706237793,0.07985065132379532,0.38410305976867676,0.5511739253997803,0,0,0
1076,21.52,0.25,0.2536119818687439,-0.010894743725657463,0.011477884836494923,0.0036119818687438965,-0.010894743725657463,0.43448883295059204,0.04716650769114494,0.2181415557861328,0.45290160179138184,0,0,0
1077,21.54,0.25,0.24067705869674683,-0.0051193153485655785,0.010636006481945515,-0.009322941303253174,-0.0051193153485655785,0.4334378242492676,0.027891015633940697,0.1396065503358841,0.33408743143081665,0,0,0
1078,21.56,0.25,0.24221551418304443,0.002443458419293165,0.008158965036273003,-0.007784485816955566,0.002443458419293165,0.43220043182373047,0.041660405695438385,0.1413511335849762,0.17728449404239655,0,0,0
1079,21.580000000000002,0.25,0.24009253084659576,0.005795540288090706,0.011478075757622719,-0.009907469153404236,0.005795540288090706,0.43123432993888855,0.027346184477210045,0.2394958734512329,0.2671741247177124,0,0,0
1080,21.6,0.25,0.23771889507770538,0.007642027456313372,0.014464651234447956,-0.012281104922294617,0.007642027456313372,0.4305329918861389,0.03415641933679581,0.31609979271888733,0.19998161494731903,0,0,0
1081,21.62,0.25,0.24285154044628143,0.009530465118587017,0.011913447640836239,-0.007148459553718567,0.009530465118587017,0.43012505769729614,0.02219909057021141,0.3615610897541046,0.21003802120685577,0,0,0
1082,21.64,0.25,0.2501262426376343,0.008311202749609947,0.008312161080539227,0.00012624263763427734,0.008311202749609947,0.4299395680427551,0.014557944610714912,0.41705310344696045,0.2618969976902008,0,0,0
1083,21.66,0.25,0.24665893614292145,0.005904926918447018,0.006784605327993631,-0.0033410638570785522,0.005904926918447018,0.42989104986190796,0.014702984131872654,0.4139576852321625,0.28200188279151917,0,0,0
1084,21.68,0.25,0.2451343834400177,0.003195749828591943,0.005821257829666138,-0.0048656165599823,0.003195749828591943,0.42974039912223816,0.021437102928757668,0.39029011130332947,0.17551620304584503,0,0,0
1085,21.7,0.25,0.24978499114513397,0.00014035587082616985,0.00025676560471765697,-0.00021500885486602783,0.00014035587082616985,0.42957445979118347,0.02841569297015667,0.4256765842437744,0.20829318463802338,0,0,0
1086,21.72,0.25,0.25189927220344543,-0.001973218284547329,0.002738763578236103,0.0018992722034454346,-0.001973218284547329,0.4296391010284424,0.018267076462507248,0.39721086621284485,0.2173662930727005,0,0,0
1087,21.740000000000002,0.25,0.25363248586654663,-0.00427810475230217,0.005612230859696865,0.003632485866546631,-0.00427810475230217,0.42983824014663696,0.020045608282089233,0.3944726586341858,0.20172862708568573,0,0,0
1088,21.76,0.25,0.2542111277580261,-0.007488152477890253,0.008591043762862682,0.004211127758026123,-0.007488152477890253,0.430053174495697,0.02974122390151024,0.36883974075317383,0.26848429441452026,0,0,0
1089,21.78,0.25,0.2538066506385803,-0.007816308178007603,0.008693978190422058,0.0038066506385803223,-0.007816308178007603,0.4301406145095825,0.024874268099665642,0.35825151205062866,0.2885807752609253,0,0,0
1090,21.8,0.25,0.25462689995765686,-0.007433117367327213,0.008755537681281567,0.00462689995765686,-0.007433117367327213,0.4299580156803131,0.014478164725005627,0.3302696943283081,0.21046841144561768,0,0,0
1091,21.82,0.25,0.25105032324790955,-0.0080613037571311,0.008129440248012543,0.001050323247909546,-0.0080613037571311,0.42957302927970886,0.007829653099179268,0.27950453758239746,0.2333429753780365,0,0,0
1092,21.84,0.25,0.24789991974830627,-0.009764022193849087,0.00998731516301632,-0.0021000802516937256,-0.009764022193849087,0.42897364497184753,0.008008134551346302,0.2374592274427414,0.20373030006885529,0,0,0
1093,21.86,0.25,0.24864844977855682,-0.007696092128753662,0.007813867181539536,-0.0013515502214431763,-0.007696092128753662,0.4282808303833008,0.006576842628419399,0.20742742717266083,0.2162538319826126,0,0,0
1094,21.88,0.25,0.25125908851623535,-0.008887656964361668,0.008976398967206478,0.0012590885162353516,-0.008887656964361668,0.4277985692024231,0.023054394870996475,0.2528451383113861,0.2149939388036728,0,0,0
1095,21.900000000000002,0.25,0.2526718080043793,-0.007426650729030371,0.007892635650932789,0.0026718080043792725,-0.007426650729030371,0.4276132881641388,0.03430518880486488,0.2905772626399994,0.18359598517417908,0,0,0
1096,21.92,0.25,0.2486303299665451,-0.0005051554180681705,0.0014598554698750377,-0.001369670033454895,-0.0005051554180681705,0.4276605248451233,0.08636298030614853,0.31517207622528076,0.23986583948135376,0,0,0
1097,21.94,0.25,0.24931372702121735,0.0015609037363901734,0.0017051073955371976,-0.0006862729787826538,0.0015609037363901734,0.4279842972755432,0.07166711986064911,0.38346368074417114,0.33855822682380676,0,0,0
1098,21.96,0.25,0.25304481387138367,0.0035114081110805273,0.0046476745046675205,0.003044813871383667,0.0035114081110805273,0.42851704359054565,0.045349378138780594,0.35455337166786194,0.3355039358139038,0,0,0
1099,21.98,0.25,0.2601642608642578,0.00171481107827276,0.010307898744940758,0.010164260864257812,0.00171481107827276,0.4295506477355957,0.052862267941236496,0.34346267580986023,0.27035394310951233,0,0,0
1100,22.0,0.25,0.25952985882759094,-0.00043279098463244736,0.009539681486785412,0.009529858827590942,-0.00043279098463244736,0.43098247051239014,0.031415220350027084,0.3395063877105713,0.2688128650188446,0,0,0
1101,22.02,0.25,0.252145916223526,8.571374928578734e-05,0.0021476272959262133,0.002145916223526001,8.571374928578734e-05,0.4322996139526367,0.009678277187049389,0.395356148481369,0.3521115779876709,0,0,0
1102,22.04,0.25,0.254993736743927,-0.0007653568172827363,0.005052046850323677,0.004993736743927002,-0.0007653568172827363,0.4335826635360718,0.005723201669752598,0.36354175209999084,0.31664320826530457,0,0,0
1103,22.06,0.25,0.2598414719104767,-0.0018070829100906849,0.010006004013121128,0.009841471910476685,-0.0018070829100906849,0.4349800944328308,0.031071849167346954,0.37115222215652466,0.32598838210105896,0,0,0
1104,22.080000000000002,0.25,0.2579857409000397,-0.005852591712027788,0.009900751523673534,0.007985740900039673,-0.005852591712027788,0.43660712242126465,0.0493636392056942,0.3717970848083496,0.34189745783805847,0,0,0
1105,22.1,0.25,0.25296106934547424,-0.005184822250157595,0.005970788653939962,0.002961069345474243,-0.005184822250157595,0.4381859302520752,0.04628400877118111,0.33282870054244995,0.25768178701400757,0,0,0
1106,22.12,0.25,0.25189557671546936,-0.00329254986718297,0.00379922310821712,0.0018955767154693604,-0.00329254986718297,0.43940672278404236,0.045888613909482956,0.25104615092277527,0.2591950297355652,0,0,0
1107,22.14,0.25,0.2516469955444336,-0.001986846560612321,0.0025807274505496025,0.0016469955444335938,-0.001986846560612321,0.44025129079818726,0.03294903039932251,0.09622108936309814,0.14261184632778168,0,0,0
1108,22.16,0.25,0.24986353516578674,8.642094326205552e-05,0.00016152780153788626,-0.00013646483421325684,8.642094326205552e-05,0.44074487686157227,0.04188641533255577,0.013897116295993328,0.15593384206295013,0,0,0
1109,22.18,0.25,0.2514714300632477,-0.0004895366728305817,0.0015507264761254191,0.0014714300632476807,-0.0004895366728305817,0.4408016502857208,0.05451682582497597,0.12935420870780945,0.15476837754249573,0,0,0
1110,22.2,0.25,0.24687202274799347,-0.0004934981698170304,0.0031666674185544252,-0.0031279772520065308,-0.0004934981698170304,0.4405538737773895,0.052187856286764145,0.20637769997119904,0.2384137362241745,0,0,0
1111,22.22,0.25,0.2393052726984024,-0.0018508759094402194,0.010853705927729607,-0.010694727301597595,-0.0018508759094402194,0.44009655714035034,0.03266559913754463,0.24314802885055542,0.1540292203426361,0,0,0
1112,22.240000000000002,0.25,0.24195274710655212,-0.005521129351109266,0.009759156964719296,-0.008047252893447876,-0.005521129351109266,0.4397551417350769,0.023008182644844055,0.3192625939846039,0.13950005173683167,0,0,0
1113,22.26,0.25,0.24501939117908478,-0.008432287722826004,0.009793362580239773,-0.004980608820915222,-0.008432287722826004,0.4396739602088928,0.023912573233246803,0.37220701575279236,0.17191097140312195,0,0,0
1114,22.28,0.25,0.24404971301555634,-0.00975106656551361,0.011423187330365181,-0.0059502869844436646,-0.00975106656551361,0.4397631287574768,0.021298468112945557,0.4113272428512573,0.17113633453845978,0,0,0
1115,22.3,0.25,0.24502995610237122,-0.01159061398357153,0.012611252255737782,-0.004970043897628784,-0.01159061398357153,0.43992286920547485,0.027022333815693855,0.3945067822933197,0.13652880489826202,0,0,0
1116,22.32,0.25,0.2437649518251419,-0.010073971934616566,0.011847393587231636,-0.006235048174858093,-0.010073971934616566,0.44029954075813293,0.058932576328516006,0.2950182259082794,0.20090126991271973,0,0,0
1117,22.34,0.25,0.23806855082511902,-0.00835951417684555,0.014568491838872433,-0.011931449174880981,-0.00835951417684555,0.44067829847335815,0.04764390364289284,0.2684080898761749,0.15877899527549744,0,0,0
1118,22.36,0.25,0.24230417609214783,-0.007945382036268711,0.011061410419642925,-0.007695823907852173,-0.007945382036268711,0.4408811330795288,0.0529952272772789,0.33546164631843567,0.21981218457221985,0,0,0
1119,22.38,0.25,0.24045583605766296,-0.008185078389942646,0.012573248706758022,-0.009544163942337036,-0.008185078389942646,0.4410913586616516,0.054587848484516144,0.2946664094924927,0.2676222026348114,0,0,0
1120,22.400000000000002,0.25,0.24117091298103333,-0.009829048998653889,0.013212228193879128,-0.008829087018966675,-0.009829048998653889,0.44111958146095276,0.05102420598268509,0.2401379644870758,0.2674279808998108,0,0,0
1121,22.42,0.25,0.2438454031944275,-0.013778210617601871,0.015090333297848701,-0.00615459680557251,-0.013778210617601871,0.4411873519420624,0.04264017567038536,0.17236672341823578,0.28714045882225037,0,0,0
1122,22.44,0.25,0.2449912577867508,-0.013026935048401356,0.013956665992736816,-0.0050087422132492065,-0.013026935048401356,0.44127917289733887,0.04513340815901756,0.13826797902584076,0.2635684013366699,0,0,0
1123,22.46,0.25,0.25198179483413696,-0.0106227807700634,0.010806062258780003,0.001981794834136963,-0.0106227807700634,0.44141656160354614,0.06561125069856644,0.2355123609304428,0.39924708008766174,0,0,0
1124,22.48,0.25,0.2610880732536316,-0.016527501866221428,0.01990235224366188,0.011088073253631592,-0.016527501866221428,0.4416879415512085,0.07025974988937378,0.30615782737731934,0.3327403664588928,0,0,0
1125,22.5,0.25,0.2565547525882721,-0.017079824581742287,0.018294403329491615,0.006554752588272095,-0.017079824581742287,0.44198423624038696,0.09228410571813583,0.44817793369293213,0.44593843817710876,0,0,0
1126,22.52,0.25,0.24858883023262024,-0.012517284601926804,0.012596579268574715,-0.0014111697673797607,-0.012517284601926804,0.4419592618942261,0.09240599721670151,0.4584476351737976,0.500342071056366,0,0,0
1127,22.54,0.25,0.2491326928138733,-0.010769552551209927,0.010804419405758381,-0.000867307186126709,-0.010769552551209927,0.44143909215927124,0.09229474514722824,0.33257851004600525,0.5240848660469055,0,0,0
1128,22.56,0.25,0.24431996047496796,-0.009880646131932735,0.011396930553019047,-0.0056800395250320435,-0.009880646131932735,0.44077396392822266,0.07570001482963562,0.28228509426116943,0.5016415119171143,0,0,0
1129,22.580000000000002,0.25,0.24247682094573975,-0.0064998771995306015,0.009942163713276386,-0.007523179054260254,-0.0064998771995306015,0.4401658773422241,0.043985765427351,0.15363794565200806,0.361253947019577,0,0,0
1130,22.6,0.25,0.23716510832309723,-0.004605601541697979,0.013636202551424503,-0.012834891676902771,-0.004605601541697979,0.4396786689758301,0.029206611216068268,0.14352047443389893,0.2781735062599182,0,0,0
1131,22.62,0.25,0.2364715337753296,-0.0004987810389138758,0.01353765744715929,-0.01352846622467041,-0.0004987810389138758,0.4392338991165161,0.038178883492946625,0.18967929482460022,0.22648084163665771,0,0,0
1132,22.64,0.25,0.23130975663661957,0.0023734322749078274,0.01884033903479576,-0.018690243363380432,0.0023734322749078274,0.438897967338562,0.031413063406944275,0.26901209354400635,0.2623383402824402,0,0,0
1133,22.66,0.25,0.2335207313299179,0.005962527822703123,0.017524782568216324,-0.016479268670082092,0.005962527822703123,0.4384375810623169,0.025962797924876213,0.36719247698783875,0.1559366136789322,0,0,0
1134,22.68,0.25,0.2391785830259323,0.008114958181977272,0.013526108115911484,-0.010821416974067688,0.008114958181977272,0.43805044889450073,0.013711623847484589,0.40686407685279846,0.24880725145339966,0,0,0
1135,22.7,0.25,0.24533113837242126,0.00857669860124588,0.009765143506228924,-0.004668861627578735,0.00857669860124588,0.4376217722892761,0.031973425298929214,0.46347272396087646,0.27087491750717163,0,0,0
1136,22.72,0.25,0.2436613291501999,0.004088280256837606,0.007542730309069157,-0.00633867084980011,0.004088280256837606,0.43748027086257935,0.05723320320248604,0.37642982602119446,0.24753794074058533,0,0,0
1137,22.740000000000002,0.25,0.24299168586730957,-0.0003874445683322847,0.007019015960395336,-0.00700831413269043,-0.0003874445683322847,0.43747323751449585,0.05392058938741684,0.34828656911849976,0.22532919049263,0,0,0
1138,22.76,0.25,0.24256381392478943,-0.005085770972073078,0.009008991532027721,-0.007436186075210571,-0.005085770972073078,0.43751275539398193,0.03441575914621353,0.3773501217365265,0.1911037117242813,0,0,0
1139,22.78,0.25,0.23938140273094177,-0.007106586825102568,0.012777253054082394,-0.010618597269058228,-0.007106586825102568,0.43772003054618835,0.04342246800661087,0.39590299129486084,0.2231713831424713,0,0,0
1140,22.8,0.25,0.2385110855102539,-0.010637402534484863,0.015657249838113785,-0.011488914489746094,-0.010637402534484863,0.4380277991294861,0.04878704622387886,0.3675176203250885,0.1866748034954071,0,0,0
1141,22.82,0.25,0.24191012978553772,-0.01253376342356205,0.014917816035449505,-0.00808987021446228,-0.01253376342356205,0.43843141198158264,0.032486312091350555,0.33971408009529114,0.23547154664993286,0,0,0
1142,22.84,0.25,0.24039554595947266,-0.010405899956822395,0.014160800725221634,-0.009604454040527344,-0.010405899956822395,0.4387560486793518,0.03519074618816376,0.2703738510608673,0.2146318256855011,0,0,0
1143,22.86,0.25,0.24275217950344086,-0.008936136029660702,0.011505886912345886,-0.007247820496559143,-0.008936136029660702,0.43860188126564026,0.030891194939613342,0.2833295464515686,0.2195291370153427,0,0,0
1144,22.88,0.25,0.24780884385108948,-0.01060391217470169,0.010827932506799698,-0.0021911561489105225,-0.01060391217470169,0.4381300210952759,0.03470531478524208,0.3373684883117676,0.26030901074409485,0,0,0
1145,22.900000000000002,0.25,0.25139525532722473,-0.009831497445702553,0.00993000902235508,0.0013952553272247314,-0.009831497445702553,0.4375033378601074,0.03325215354561806,0.3090881407260895,0.2060801386833191,0,0,0
1146,22.92,0.25,0.2479224056005478,-0.006669238209724426,0.0069853514432907104,-0.0020775943994522095,-0.006669238209724426,0.4368581175804138,0.020681461319327354,0.19836348295211792,0.18822136521339417,0,0,0
1147,22.94,0.25,0.24506627023220062,-0.007777053397148848,0.009210008196532726,-0.0049337297677993774,-0.007777053397148848,0.4362470507621765,0.009452075697481632,0.2088036984205246,0.24728348851203918,0,0,0
1148,22.96,0.25,0.24303042888641357,-0.007534319534897804,0.01026357151567936,-0.006969571113586426,-0.007534319534897804,0.4356743097305298,0.007933950051665306,0.2634606957435608,0.19905561208724976,0,0,0
1149,22.98,0.25,0.2426585555076599,-0.0013706352328881621,0.007468296214938164,-0.007341444492340088,-0.0013706352328881621,0.43511849641799927,0.08664563298225403,0.3042295575141907,0.27142736315727234,0,0,0
1150,23.0,0.25,0.24255035817623138,0.0008185304468497634,0.00749447476118803,-0.007449641823768616,0.0008185304468497634,0.4348014295101166,0.07377798855304718,0.33420443534851074,0.30126744508743286,0,0,0
1151,23.02,0.25,0.2456289678812027,0.0011588498018682003,0.004522040951997042,-0.004371032118797302,0.0011588498018682003,0.43483448028564453,0.049148205667734146,0.34666913747787476,0.33182936906814575,0,0,0
1152,23.04,0.25,0.25047552585601807,0.0020045293495059013,0.0020601609721779823,0.0004755258560180664,0.0020045293495059013,0.4355006217956543,0.016372138634324074,0.36722397804260254,0.3446425497531891,0,0,0
1153,23.06,0.25,0.2497706562280655,0.0025947035755962133,0.0026048196014016867,-0.00022934377193450928,0.0025947035755962133,0.43660759925842285,0.005451505538076162,0.4238658845424652,0.29142698645591736,0,0,0
1154,23.080000000000002,0.25,0.24838705360889435,0.0026274709962308407,0.0030830504838377237,-0.0016129463911056519,0.0026274709962308407,0.4377862513065338,0.006328395567834377,0.4701225459575653,0.3657047152519226,0,0,0
1155,23.1,0.25,0.2495908886194229,0.003596394555643201,0.003619589377194643,-0.0004091113805770874,0.003596394555643201,0.4389644265174866,0.027844196185469627,0.46809813380241394,0.3020009994506836,0,0,0
1156,23.12,0.25,0.2489033043384552,0.0036551658995449543,0.0038161471020430326,-0.0010966956615447998,0.0036551658995449543,0.4400164484977722,0.03529343381524086,0.4468384385108948,0.27474650740623474,0,0,0
1157,23.14,0.25,0.25218668580055237,0.005794001743197441,0.006192903500050306,0.002186685800552368,0.005794001743197441,0.44075044989585876,0.02230728790163994,0.3292090594768524,0.2836242914199829,0,0,0
1158,23.16,0.25,0.24691499769687653,0.004303449299186468,0.005294989328831434,-0.003085002303123474,0.004303449299186468,0.4412584900856018,0.0077571445144712925,0.32357847690582275,0.29376697540283203,0,0,0
1159,23.18,0.25,0.2488555908203125,0.005034588277339935,0.00516301766037941,-0.0011444091796875,0.005034588277339935,0.441447913646698,0.026087189093232155,0.16500632464885712,0.25310614705085754,0,0,0
1160,23.2,0.25,0.25026413798332214,0.003954303916543722,0.003963116090744734,0.00026413798332214355,0.003954303916543722,0.4414902329444885,0.029980817809700966,0.0932350903749466,0.20622530579566956,0,0,0
1161,23.22,0.25,0.24693557620048523,0.0041488721035420895,0.005157890263944864,-0.0030644237995147705,0.0041488721035420895,0.44138675928115845,0.029129717499017715,0.048894401639699936,0.17331765592098236,0,0,0
1162,23.240000000000002,0.25,0.2534530758857727,0.0037877566646784544,0.005125508178025484,0.003453075885772705,0.0037877566646784544,0.44099146127700806,0.016827313229441643,0.14644023776054382,0.17032450437545776,0,0,0
1163,23.26,0.25,0.251459002494812,0.0023124036379158497,0.002734208945184946,0.0014590024948120117,0.0023124036379158497,0.4406037926673889,0.0265535619109869,0.19545795023441315,0.199152410030365,0,0,0
1164,23.28,0.25,0.24932728707790375,0.00365659361705184,0.0037179591599851847,-0.0006727129220962524,0.00365659361705184,0.44019949436187744,0.023967357352375984,0.268489271402359,0.13357013463974,0,0,0
1165,23.3,0.25,0.2553250789642334,0.0062516131438314915,0.008212133310735226,0.0053250789642333984,0.0062516131438314915,0.4398553669452667,0.04091370105743408,0.3335878252983093,0.1994515210390091,0,0,0
1166,23.32,0.25,0.2497517317533493,0.004378944635391235,0.004385977052152157,-0.0002482682466506958,0.004378944635391235,0.4396721124649048,0.04186302050948143,0.3255181610584259,0.2205282747745514,0,0,0
1167,23.34,0.25,0.2506931722164154,0.0005625062040053308,0.0008926931186579168,0.0006931722164154053,0.0005625062040053308,0.4394390285015106,0.03363063931465149,0.35470661520957947,0.14024627208709717,0,0,0
1168,23.36,0.25,0.24811263382434845,-0.0031312324572354555,0.0036560590378940105,-0.0018873661756515503,-0.0031312324572354555,0.43943309783935547,0.01391406636685133,0.3250150680541992,0.15922203660011292,0,0,0
1169,23.38,0.25,0.24208037555217743,-0.008033579215407372,0.01128090638667345,-0.00791962444782257,-0.008033579215407372,0.43971219658851624,0.011245569214224815,0.27155056595802307,0.20934516191482544,0,0,0
1170,23.400000000000002,0.25,0.24082519114017487,-0.006594482343643904,0.011298863217234612,-0.009174808859825134,-0.006594482343643904,0.4399409294128418,0.001992402831092477,0.27383238077163696,0.2097282111644745,0,0,0
1171,23.42,0.25,0.23587262630462646,-0.004740141332149506,0.014901396818459034,-0.014127373695373535,-0.004740141332149506,0.43998026847839355,0.023648984730243683,0.2529143989086151,0.23800083994865417,0,0,0
1172,23.44,0.25,0.2297055572271347,-0.005285035353153944,0.02097131311893463,-0.020294442772865295,-0.005285035353153944,0.439693808555603,0.03999035060405731,0.20688851177692413,0.22661486268043518,0,0,0
1173,23.46,0.25,0.22963501513004303,-0.004044832196086645,0.020762786269187927,-0.02036498486995697,-0.004044832196086645,0.4391937255859375,0.03740912675857544,0.16018450260162354,0.27645519375801086,0,0,0
1174,23.48,0.25,0.23405931890010834,-0.0065393950790166855,0.01722988672554493,-0.015940681099891663,-0.0065393950790166855,0.4387989044189453,0.008611459285020828,0.20288150012493134,0.2865592837333679,0,0,0
1175,23.5,0.25,0.2368289679288864,-0.004893321078270674,0.014050646685063839,-0.013171032071113586,-0.004893321078270674,0.4386853575706482,0.03754338622093201,0.3159075975418091,0.3650575876235962,0,0,0
1176,23.52,0.25,0.24316683411598206,-0.006748710293322802,0.009604021906852722,-0.006833165884017944,-0.006748710293322802,0.43854212760925293,0.044354263693094254,0.3685883581638336,0.35595977306365967,0,0,0
1177,23.54,0.25,0.25129979848861694,-0.012469284236431122,0.012536847032606602,0.0012997984886169434,-0.012469284236431122,0.4382972717285156,0.04138559103012085,0.3937186896800995,0.43711110949516296,0,0,0
1178,23.56,0.25,0.24630126357078552,-0.006837298162281513,0.007773628458380699,-0.0036987364292144775,-0.006837298162281513,0.4378291368484497,0.05361661687493324,0.4213656783103943,0.4165186882019043,0,0,0
1179,23.580000000000002,0.25,0.2486075907945633,-0.0051760440692305565,0.005360059440135956,-0.0013924092054367065,-0.0051760440692305565,0.437122106552124,0.04939449578523636,0.3585333526134491,0.5160040855407715,0,0,0
1180,23.6,0.25,0.25959691405296326,-0.008272910490632057,0.01267050951719284,0.009596914052963257,-0.008272910490632057,0.4365723133087158,0.06222470477223396,0.31178560853004456,0.5100381374359131,0,0,0
1181,23.62,0.25,0.25641030073165894,-0.0073377760127186775,0.009743454866111279,0.0064103007316589355,-0.0073377760127186775,0.4362114667892456,0.05447694659233093,0.2533782422542572,0.47858384251594543,0,0,0
1182,23.64,0.25,0.25154292583465576,-0.003417299361899495,0.003749473951756954,0.0015429258346557617,-0.003417299361899495,0.43575412034988403,0.025273770093917847,0.07372540235519409,0.3485569655895233,0,0,0
1183,23.66,0.25,0.24465712904930115,0.003942423965781927,0.00663995323702693,-0.0053428709506988525,0.003942423965781927,0.4354328513145447,0.049830008298158646,0.15182802081108093,0.2637174129486084,0,0,0
1184,23.68,0.25,0.24424660205841064,0.007949026301503181,0.009812676347792149,-0.0057533979415893555,0.007949026301503181,0.43516796827316284,0.05536959320306778,0.24122630059719086,0.18166351318359375,0,0,0
1185,23.7,0.25,0.2470252811908722,0.008932681754231453,0.009414974600076675,-0.0029747188091278076,0.008932681754231453,0.4350705146789551,0.06492704898118973,0.31241804361343384,0.213259756565094,0,0,0
1186,23.72,0.25,0.24600180983543396,0.009681147523224354,0.01047426089644432,-0.00399819016456604,0.009681147523224354,0.4350559115409851,0.056105129420757294,0.3531631827354431,0.20374695956707,0,0,0
1187,23.740000000000002,0.25,0.24463893473148346,0.011073521338403225,0.012303004041314125,-0.0053610652685165405,0.011073521338403225,0.43510687351226807,0.04444045573472977,0.3632282316684723,0.17787136137485504,0,0,0
1188,23.76,0.25,0.2502225339412689,0.010665279813110828,0.010667601600289345,0.0002225339412689209,0.010665279813110828,0.4351884722709656,0.040432967245578766,0.4575182795524597,0.18569079041481018,0,0,0
1189,23.78,0.25,0.25685369968414307,0.008606242015957832,0.011001845821738243,0.006853699684143066,0.008606242015957832,0.43535229563713074,0.020111223682761192,0.47792208194732666,0.2231309860944748,0,0,0
1190,23.8,0.25,0.2541513741016388,0.0056447722017765045,0.00700695114210248,0.004151374101638794,0.0056447722017765045,0.43564367294311523,0.010511776432394981,0.39823269844055176,0.18875430524349213,0,0,0
1191,23.82,0.25,0.2528066635131836,0.004741403739899397,0.0055098338052630424,0.0028066635131835938,0.004741403739899397,0.43586158752441406,0.012080400250852108,0.33654066920280457,0.26426711678504944,0,0,0
1192,23.84,0.25,0.2514903247356415,0.006450656335800886,0.0066205766052007675,0.0014903247356414795,0.006450656335800886,0.43596601486206055,0.031866468489170074,0.2795601189136505,0.16632716357707977,0,0,0
1193,23.86,0.25,0.2512378692626953,0.00600680336356163,0.006133025977760553,0.0012378692626953125,0.00600680336356163,0.4359966814517975,0.044373705983161926,0.2592836320400238,0.22503045201301575,0,0,0
1194,23.88,0.25,0.2520741820335388,3.882218152284622e-05,0.0020745452493429184,0.0020741820335388184,3.882218152284622e-05,0.43574708700180054,0.03372163325548172,0.32928571105003357,0.2833007872104645,0,0,0
1195,23.900000000000002,0.25,0.24788810312747955,-0.001404152368195355,0.0025360898580402136,-0.0021118968725204468,-0.001404152368195355,0.43526124954223633,0.028992725536227226,0.2780682146549225,0.22583052515983582,0,0,0
1196,23.92,0.25,0.24789203703403473,-0.00010984751861542463,0.002110823057591915,-0.002107962965965271,-0.00010984751861542463,0.4346535801887512,0.0323733352124691,0.2512732744216919,0.19871850311756134,0,0,0
1197,23.94,0.25,0.2495366632938385,0.0010665334993973374,0.0011628303909674287,-0.000463336706161499,0.0010665334993973374,0.4339712858200073,0.017703978344798088,0.2003755420446396,0.22055524587631226,0,0,0
1198,23.96,0.25,0.24575766921043396,0.00349119259044528,0.005494160111993551,-0.00424233078956604,0.00349119259044528,0.43328189849853516,0.018078461289405823,0.20230337977409363,0.22276411950588226,0,0,0
1199,23.98,0.25,0.2462019920349121,0.004638572223484516,0.0059950994327664375,-0.0037980079650878906,0.004638572223484516,0.4323015511035919,0.03442757576704025,0.2158496230840683,0.22314898669719696,0,0,0
1200,24.0,0.25,0.25040993094444275,0.004094803240150213,0.004115271382033825,0.000409930944442749,0.004094803240150213,0.4313838481903076,0.024196023121476173,0.25323906540870667,0.18547947704792023,0,0,0
1201,24.02,0.25,0.2516072988510132,0.0026100557297468185,0.0030652571003884077,0.0016072988510131836,0.0026100557297468185,0.43093469738960266,0.05255850777029991,0.27254417538642883,0.2621203064918518,0,0,0
1202,24.04,0.25,0.24334841966629028,0.01327975932508707,0.014852458611130714,-0.006651580333709717,0.01327975932508707,0.4309232234954834,0.05886272341012955,0.40372687578201294,0.3013599216938019,0,0,0
1203,24.060000000000002,0.25,0.24607516825199127,0.013214094564318657,0.013784651644527912,-0.003924831748008728,0.013214094564318657,0.4312514662742615,0.034833088517189026,0.3816941976547241,0.27428457140922546,0,0,0
1204,24.080000000000002,0.25,0.24464811384677887,0.011147200129926205,0.012365384958684444,-0.00535188615322113,0.011147200129926205,0.43199092149734497,0.013876051642000675,0.37657594680786133,0.3252888023853302,0,0,0
1205,24.1,0.25,0.24645932018756866,0.007341723423451185,0.008150909096002579,-0.0035406798124313354,0.007341723423451185,0.4327559471130371,0.03856045380234718,0.33466044068336487,0.33148208260536194,0,0,0
1206,24.12,0.25,0.2504981458187103,0.003835040843114257,0.0038672583177685738,0.0004981458187103271,0.003835040843114257,0.43366187810897827,0.042223669588565826,0.36862632632255554,0.2822076082229614,0,0,0
1207,24.14,0.25,0.2515910565853119,0.004743241239339113,0.005002978723496199,0.0015910565853118896,0.004743241239339113,0.4347712993621826,0.04265540465712547,0.37099117040634155,0.27042168378829956,0,0,0
1208,24.16,0.25,0.2516794502735138,0.005860285367816687,0.006096187513321638,0.001679450273513794,0.005860285367816687,0.43590885400772095,0.031251680105924606,0.3381462097167969,0.36943721771240234,0,0,0
1209,24.18,0.25,0.2485111951828003,0.0032270022202283144,0.0035538827069103718,-0.001488804817199707,0.0032270022202283144,0.4369315207004547,0.02175229601562023,0.30802592635154724,0.36154410243034363,0,0,0
1210,24.2,0.25,0.24189049005508423,0.005405114963650703,0.009745738469064236,-0.008109509944915771,0.005405114963650703,0.437671422958374,0.051710229367017746,0.22156867384910583,0.2819366753101349,0,0,0
1211,24.22,0.25,0.24315689504146576,0.004583840258419514,0.008236484602093697,-0.006843104958534241,0.004583840258419514,0.4380728602409363,0.05066398158669472,0.1032206267118454,0.23850958049297333,0,0,0
1212,24.240000000000002,0.25,0.24894355237483978,0.005534972529858351,0.005634891334921122,-0.0010564476251602173,0.005534972529858351,0.4384004473686218,0.03438222035765648,0.0282970629632473,0.16335049271583557,0,0,0
1213,24.26,0.25,0.24457190930843353,0.006350514944642782,0.00835423357784748,-0.005428090691566467,0.006350514944642782,0.43861740827560425,0.026171714067459106,0.025815324857831,0.2066098302602768,0,0,0
1214,24.28,0.25,0.2378517985343933,0.006479468196630478,0.01376816350966692,-0.01214820146560669,0.006479468196630478,0.4385904371738434,0.04403722286224365,0.11309747397899628,0.18576672673225403,0,0,0
1215,24.3,0.25,0.23413941264152527,0.0035627526231110096,0.016255812719464302,-0.01586058735847473,0.0035627526231110096,0.43817150592803955,0.07364793121814728,0.2530016303062439,0.1546992063522339,0,0,0
1216,24.32,0.25,0.23260538280010223,-0.0012729107402265072,0.017441129311919212,-0.017394617199897766,-0.0012729107402265072,0.43778860569000244,0.06712263822555542,0.3098381757736206,0.13583846390247345,0,0,0
1217,24.34,0.25,0.23443208634853363,-0.006249740719795227,0.016775554046034813,-0.01556791365146637,-0.006249740719795227,0.437572717666626,0.054282575845718384,0.35515305399894714,0.14390546083450317,0,0,0
1218,24.36,0.25,0.23725132644176483,-0.0076122223399579525,0.01484838780015707,-0.012748673558235168,-0.0076122223399579525,0.4375072717666626,0.028443152084946632,0.3530443012714386,0.14205260574817657,0,0,0
1219,24.38,0.25,0.24374249577522278,-0.007926744408905506,0.01009899191558361,-0.006257504224777222,-0.007926744408905506,0.4376978874206543,0.01883111149072647,0.3686058223247528,0.15374623239040375,0,0,0
1220,24.400000000000002,0.25,0.24591173231601715,-0.005688769742846489,0.007005428895354271,-0.004088267683982849,-0.005688769742846489,0.4382712244987488,0.05679154768586159,0.3191946744918823,0.1870497763156891,0,0,0
1221,24.42,0.25,0.2495645433664322,-0.004712425637990236,0.004732502158731222,-0.00043545663356781006,-0.004712425637990236,0.4389423727989197,0.07216762006282806,0.3225044310092926,0.19450610876083374,0,0,0
1222,24.44,0.25,0.2418653517961502,-0.007653999142348766,0.01116943173110485,-0.008134648203849792,-0.007653999142348766,0.4395563006401062,0.03428221866488457,0.3250396251678467,0.24378104507923126,0,0,0
1223,24.46,0.25,0.2342705875635147,-0.010499943047761917,0.01891198568046093,-0.01572941243648529,-0.010499943047761917,0.4397904574871063,0.03766130283474922,0.2876262068748474,0.20625990629196167,0,0,0
1224,24.48,0.25,0.23533174395561218,-0.01064241211861372,0.018122324720025063,-0.014668256044387817,-0.01064241211861372,0.4399105906486511,0.040887292474508286,0.23506826162338257,0.24823957681655884,0,0,0
1225,24.5,0.25,0.23907816410064697,-0.010921211913228035,0.015445367433130741,-0.010921835899353027,-0.010921211913228035,0.44004181027412415,0.038574375212192535,0.17746089398860931,0.26741066575050354,0,0,0
1226,24.52,0.25,0.24306504428386688,-0.00716877356171608,0.009974213317036629,-0.006934955716133118,-0.00716877356171608,0.44015687704086304,0.05095529928803444,0.15534144639968872,0.28263938426971436,0,0,0
1227,24.54,0.25,0.24766990542411804,-0.00463495310395956,0.005187690258026123,-0.002330094575881958,-0.00463495310395956,0.44029393792152405,0.0895828902721405,0.27903833985328674,0.3265579640865326,0,0,0
1228,24.560000000000002,0.25,0.25150614976882935,-0.0030882302671670914,0.003435935592278838,0.0015061497688293457,-0.0030882302671670914,0.4400136470794678,0.10477779060602188,0.3193555772304535,0.3493348956108093,0,0,0
1229,24.580000000000002,0.25,0.2512074112892151,-0.011495877988636494,0.011559111066162586,0.0012074112892150879,-0.011495877988636494,0.43936848640441895,0.07967938482761383,0.4187488257884979,0.5118839740753174,0,0,0
1230,24.6,0.25,0.2485293745994568,-0.01195346750319004,0.012043592520058155,-0.0014706254005432129,-0.01195346750319004,0.43890172243118286,0.0664016604423523,0.45230522751808167,0.4869604706764221,0,0,0
1231,24.62,0.25,0.2523858845233917,-0.011623148806393147,0.011865497566759586,0.0023858845233917236,-0.011623148806393147,0.43839746713638306,0.05800978094339371,0.3597789406776428,0.3984125852584839,0,0,0
1232,24.64,0.25,0.24485310912132263,-0.008342263288795948,0.009802237153053284,-0.005146890878677368,-0.008342263288795948,0.4379228949546814,0.0612742155790329,0.3695169985294342,0.5021057724952698,0,0,0
1233,24.66,0.25,0.24106070399284363,-0.0050133648328483105,0.010249138809740543,-0.008939296007156372,-0.0050133648328483105,0.43756330013275146,0.04238076135516167,0.2507970333099365,0.41808199882507324,0,0,0
1234,24.68,0.25,0.23989100754261017,-0.00024749833391979337,0.010112022049725056,-0.010108992457389832,-0.00024749833391979337,0.4373210668563843,0.018554629758000374,0.1787785291671753,0.32142874598503113,0,0,0
1235,24.7,0.25,0.24175655841827393,0.0025354449171572924,0.0086245471611619,-0.008243441581726074,0.0025354449171572924,0.43738415837287903,0.04508359730243683,0.15844839811325073,0.2273632287979126,0,0,0
1236,24.72,0.25,0.24399365484714508,0.005938355345278978,0.008446315303444862,-0.006006345152854919,0.005938355345278978,0.4375084936618805,0.038205575197935104,0.20080889761447906,0.2364937663078308,0,0,0
1237,24.740000000000002,0.25,0.2410261332988739,0.009913424029946327,0.013371845707297325,-0.008973866701126099,0.009913424029946327,0.4375479519367218,0.041646260768175125,0.2835856080055237,0.21441291272640228,0,0,0
1238,24.76,0.25,0.23728428781032562,0.010357550345361233,0.016400249674916267,-0.012715712189674377,0.010357550345361233,0.43763500452041626,0.04391481727361679,0.3270121216773987,0.2289116531610489,0,0,0
1239,24.78,0.25,0.23842042684555054,0.00754317082464695,0.013819766230881214,-0.011579573154449463,0.00754317082464695,0.4376961588859558,0.04986637458205223,0.3663069009780884,0.1724863499403,0,0,0
1240,24.8,0.25,0.2451844960451126,0.007305887062102556,0.008750146254897118,-0.00481550395488739,0.007305887062102556,0.43763235211372375,0.040554385632276535,0.4274062514305115,0.23042713105678558,0,0,0
1241,24.82,0.25,0.2480306327342987,0.005271888338029385,0.005627718288451433,-0.001969367265701294,0.005271888338029385,0.43743330240249634,0.03199589252471924,0.40994563698768616,0.23760929703712463,0,0,0
1242,24.84,0.25,0.24893872439861298,0.004359779879450798,0.004487091209739447,-0.001061275601387024,0.004359779879450798,0.43713024258613586,0.019250962883234024,0.40498173236846924,0.2098984569311142,0,0,0
1243,24.86,0.25,0.24349570274353027,0.002994498470798135,0.007160509936511517,-0.0065042972564697266,0.002994498470798135,0.4367341697216034,0.016503598541021347,0.3325125277042389,0.2719337046146393,0,0,0
1244,24.88,0.25,0.24144279956817627,-0.0009797490201890469,0.008613105863332748,-0.00855720043182373,-0.0009797490201890469,0.43620967864990234,0.012040175497531891,0.3025191128253937,0.1771222949028015,0,0,0
1245,24.900000000000002,0.25,0.24240514636039734,-0.001914278487674892,0.00783238559961319,-0.007594853639602661,-0.001914278487674892,0.43580564856529236,0.027968309819698334,0.2609345614910126,0.19421765208244324,0,0,0
1246,24.92,0.25,0.25102701783180237,0.00010361601016484201,0.0010322314919903874,0.0010270178318023682,0.00010361601016484201,0.4355364143848419,0.04315880313515663,0.3113270103931427,0.1796293407678604,0,0,0
1247,24.94,0.25,0.25073423981666565,0.0031156898476183414,0.0032010360155254602,0.0007342398166656494,0.0031156898476183414,0.4354652762413025,0.0714985579252243,0.23716077208518982,0.1815004050731659,0,0,0
1248,24.96,0.25,0.25355401635169983,0.004868038929998875,0.0060273404233157635,0.003554016351699829,0.004868038929998875,0.4353582262992859,0.07419899851083755,0.23792330920696259,0.26058146357536316,0,0,0
1249,24.98,0.25,0.25757700204849243,0.0039404635317623615,0.008540387265384197,0.007577002048492432,0.0039404635317623615,0.4349757432937622,0.06408173590898514,0.29124489426612854,0.2523576319217682,0,0,0
1250,25.0,0.25,0.26187846064567566,0.004133530892431736,0.01257711835205555,0.01187846064567566,0.004133530892431736,0.43444502353668213,0.0612996444106102,0.30035898089408875,0.27992427349090576,0,0,0
1251,25.02,0.25,0.25369319319725037,0.0032972211483865976,0.004950893111526966,0.003693193197250366,0.0032972211483865976,0.4339721202850342,0.03597963973879814,0.2313704639673233,0.1904664933681488,0,0,0
1252,25.04,0.25,0.2466629296541214,0.0034885606728494167,0.0048276386223733425,-0.003337070345878601,0.0034885606728494167,0.43340134620666504,0.01785402186214924,0.2508080005645752,0.19790901243686676,0,0,0
1253,25.060000000000002,0.25,0.2467198520898819,0.0044242143630981445,0.00550754414871335,-0.003280147910118103,0.0044242143630981445,0.4328945279121399,0.01256528403609991,0.3295261561870575,0.25671693682670593,0,0,0
1254,25.080000000000002,0.25,0.23751115798950195,0.011121395044028759,0.016722936183214188,-0.012488842010498047,0.011121395044028759,0.4328039884567261,0.07430794835090637,0.4135116934776306,0.32037293910980225,0,0,0
1255,25.1,0.25,0.24411818385124207,0.010517992079257965,0.012050888501107693,-0.005881816148757935,0.010517992079257965,0.4330294728279114,0.05735277384519577,0.38612866401672363,0.3247508704662323,0,0,0
1256,25.12,0.25,0.24538981914520264,0.010307922959327698,0.01129190158098936,-0.004610180854797363,0.010307922959327698,0.43373924493789673,0.04406818747520447,0.38862255215644836,0.33349665999412537,0,0,0
1257,25.14,0.25,0.24743133783340454,0.00963658094406128,0.009973050095140934,-0.002568662166595459,0.00963658094406128,0.4346522092819214,0.04626883193850517,0.39360570907592773,0.3498575687408447,0,0,0
1258,25.16,0.25,0.24509471654891968,0.006794952787458897,0.008380524814128876,-0.004905283451080322,0.006794952787458897,0.4357031583786011,0.04930470138788223,0.41617757081985474,0.27001097798347473,0,0,0
1259,25.18,0.25,0.24900491535663605,0.005148583557456732,0.00524386391043663,-0.0009950846433639526,0.005148583557456732,0.4367619752883911,0.05770578607916832,0.3926326036453247,0.3139823079109192,0,0,0
1260,25.2,0.25,0.249386265873909,0.005352627951651812,0.005387698300182819,-0.0006137341260910034,0.005352627951651812,0.4377698302268982,0.036860670894384384,0.32637232542037964,0.370430052280426,0,0,0
1261,25.22,0.25,0.249142587184906,0.0018359770765528083,0.0020263190381228924,-0.0008574128150939941,0.0018359770765528083,0.4386829137802124,0.041249830275774,0.2768944799900055,0.3111489713191986,0,0,0
1262,25.240000000000002,0.25,0.2445564866065979,0.004343939479440451,0.0069643124006688595,-0.0054435133934021,0.004343939479440451,0.43948793411254883,0.033268578350543976,0.21670089662075043,0.25946590304374695,0,0,0
1263,25.26,0.25,0.2419934719800949,0.0021181588526815176,0.00828197319060564,-0.00800652801990509,0.0021181588526815176,0.4396859407424927,0.015679337084293365,0.08598733693361282,0.20256023108959198,0,0,0
1264,25.28,0.25,0.24052539467811584,0.0006684733089059591,0.00949815846979618,-0.009474605321884155,0.0006684733089059591,0.4396166503429413,0.018759150058031082,0.009923359379172325,0.20020121335983276,0,0,0
1265,25.3,0.25,0.24099566042423248,-0.0017694470006972551,0.009176550433039665,-0.009004339575767517,-0.0017694470006972551,0.43950003385543823,0.017680030316114426,0.13402236998081207,0.18218261003494263,0,0,0
1266,25.32,0.25,0.24588225781917572,-0.0010723022278398275,0.00425507128238678,-0.00411774218082428,-0.0010723022278398275,0.4393249750137329,0.016540292650461197,0.26699674129486084,0.14282283186912537,0,0,0
1267,25.34,0.25,0.24839824438095093,-0.0022152536548674107,0.0027336732018738985,-0.0016017556190490723,-0.0022152536548674107,0.4394955039024353,0.02990145981311798,0.27902206778526306,0.18770582973957062,0,0,0
1268,25.36,0.25,0.2507472038269043,-0.007911035791039467,0.007946244440972805,0.0007472038269042969,-0.007911035791039467,0.4400166869163513,0.03759191185235977,0.3447628915309906,0.19553972780704498,0,0,0
1269,25.38,0.25,0.2473302185535431,-0.007162833586335182,0.007644208148121834,-0.002669781446456909,-0.007162833586335182,0.44057321548461914,0.031723666936159134,0.3467644453048706,0.18546287715435028,0,0,0
1270,25.400000000000002,0.25,0.24097806215286255,-0.005502158310264349,0.010567360557615757,-0.009021937847137451,-0.005502158310264349,0.4409679174423218,0.014327519573271275,0.3643372356891632,0.13096967339515686,0,0,0
1271,25.42,0.25,0.23277947306632996,-0.008628356270492077,0.019261233508586884,-0.017220526933670044,-0.008628356270492077,0.44115495681762695,0.018203146755695343,0.35836705565452576,0.23320873081684113,0,0,0
1272,25.44,0.25,0.2376684993505478,-0.007407496217638254,0.014385301619768143,-0.01233150064945221,-0.007407496217638254,0.4412263035774231,0.027068020775914192,0.3784159719944,0.16768917441368103,0,0,0
1273,25.46,0.25,0.23749446868896484,-0.006143238861113787,0.01393297128379345,-0.012505531311035156,-0.006143238861113787,0.4415205717086792,0.05371546745300293,0.31550803780555725,0.15939083695411682,0,0,0
1274,25.48,0.25,0.2374657839536667,-0.005298557225614786,0.013608132489025593,-0.012534216046333313,-0.005298557225614786,0.441864550113678,0.06599437445402145,0.2926381230354309,0.210386261343956,0,0,0
1275,25.5,0.25,0.23603029549121857,-0.009937777183949947,0.017143864184617996,-0.013969704508781433,-0.009937777183949947,0.4421897530555725,0.04951872676610947,0.2630603015422821,0.21049581468105316,0,0,0
1276,25.52,0.25,0.23908166587352753,-0.010436125099658966,0.015103732235729694,-0.010918334126472473,-0.010436125099658966,0.4424659311771393,0.052710652351379395,0.1702166646718979,0.22036691009998322,0,0,0
1277,25.54,0.25,0.24271005392074585,-0.009836520999670029,0.01224338449537754,-0.00728994607925415,-0.009836520999670029,0.44270241260528564,0.04878349229693413,0.12607501447200775,0.24451175332069397,0,0,0
1278,25.560000000000002,0.25,0.24179551005363464,-0.008216576650738716,0.011611451394855976,-0.008204489946365356,-0.008216576650738716,0.4426470994949341,0.036713607609272,0.11488829553127289,0.31550073623657227,0,0,0
1279,25.580000000000002,0.25,0.24212011694908142,-0.008402463980019093,0.011519286781549454,-0.007879883050918579,-0.008402463980019093,0.442202091217041,0.04820483922958374,0.2033703625202179,0.2800717055797577,0,0,0
1280,25.6,0.25,0.24460522830486298,-0.01168965082615614,0.012874451465904713,-0.005394771695137024,-0.01168965082615614,0.44155260920524597,0.06192416697740555,0.3229621350765228,0.3996988534927368,0,0,0
1281,25.62,0.25,0.24154315888881683,-0.016645967960357666,0.018671004101634026,-0.008456841111183167,-0.016645967960357666,0.4407692551612854,0.04458877071738243,0.4061424136161804,0.40333670377731323,0,0,0
1282,25.64,0.25,0.23603582382202148,-0.012333773076534271,0.018631160259246826,-0.013964176177978516,-0.012333773076534271,0.4398269057273865,0.06499870121479034,0.42450639605522156,0.5055534839630127,0,0,0
1283,25.66,0.25,0.2385869026184082,-0.008755438961088657,0.01438459288328886,-0.011413097381591797,-0.008755438961088657,0.4389244318008423,0.07631450891494751,0.3848124146461487,0.4243103265762329,0,0,0
1284,25.68,0.25,0.24344636499881744,-0.006261756177991629,0.009064200334250927,-0.006553635001182556,-0.006261756177991629,0.4380415678024292,0.07557880133390427,0.3176104724407196,0.5011019706726074,0,0,0
1285,25.7,0.25,0.24482394754886627,-0.007815970107913017,0.009374481625854969,-0.005176052451133728,-0.007815970107913017,0.43733298778533936,0.07708717882633209,0.2784237861633301,0.450668603181839,0,0,0
1286,25.72,0.25,0.23803874850273132,-0.007437590043991804,0.0140850730240345,-0.011961251497268677,-0.007437590043991804,0.4365733861923218,0.018301093950867653,0.1307036131620407,0.3945130705833435,0,0,0
1287,25.740000000000002,0.25,0.2336258590221405,-0.006936198566108942,0.01778266951441765,-0.016374140977859497,-0.006936198566108942,0.43561479449272156,0.03588462993502617,0.11300860345363617,0.2528388500213623,0,0,0
1288,25.76,0.25,0.22918224334716797,-0.0027426304295659065,0.02099764347076416,-0.02081775665283203,-0.0027426304295659065,0.4348243474960327,0.05555114522576332,0.22211652994155884,0.2163839340209961,0,0,0
1289,25.78,0.25,0.23380322754383087,0.0018728249706327915,0.01630469039082527,-0.01619677245616913,0.0018728249706327915,0.43426042795181274,0.0424567349255085,0.295402854681015,0.16802339255809784,0,0,0
1290,25.8,0.25,0.24296391010284424,0.002017279388383031,0.007319561205804348,-0.007036089897155762,0.002017279388383031,0.43406814336776733,0.02474662847816944,0.3604583442211151,0.24700887501239777,0,0,0
1291,25.82,0.25,0.2411964386701584,0.0053603434935212135,0.01030708383768797,-0.008803561329841614,0.0053603434935212135,0.4342101812362671,0.030943557620048523,0.37687671184539795,0.23784561455249786,0,0,0
1292,25.84,0.25,0.2404562532901764,0.003234178526327014,0.010076855309307575,-0.009543746709823608,0.003234178526327014,0.4342525005340576,0.014462314546108246,0.40225881338119507,0.20937888324260712,0,0,0
1293,25.86,0.25,0.23430880904197693,0.0014504840364679694,0.01575808972120285,-0.01569119095802307,0.0014504840364679694,0.434259295463562,0.010270372964441776,0.340094655752182,0.1886332929134369,0,0,0
1294,25.88,0.25,0.23300041258335114,-0.0008542309515178204,0.01702103577554226,-0.016999587416648865,-0.0008542309515178204,0.43406420946121216,0.022584887221455574,0.34626033902168274,0.1776895374059677,0,0,0
1295,25.900000000000002,0.25,0.23385000228881836,-0.003948053810745478,0.016625570133328438,-0.01614999771118164,-0.003948053810745478,0.4339073896408081,0.04297269880771637,0.34923508763313293,0.16979056596755981,0,0,0
1296,25.92,0.25,0.23715326189994812,-0.0046018147841095924,0.013646075502038002,-0.01284673810005188,-0.0046018147841095924,0.43377044796943665,0.05755026638507843,0.3872281014919281,0.20675714313983917,0,0,0
1297,25.94,0.25,0.23712058365345,-0.009573105722665787,0.01604754664003849,-0.012879416346549988,-0.009573105722665787,0.43362653255462646,0.061123326420784,0.3374568223953247,0.29522550106048584,0,0,0
1298,25.96,0.25,0.23654823005199432,-0.010530808940529823,0.017083561047911644,-0.013451769948005676,-0.010530808940529823,0.4334801137447357,0.05216220021247864,0.2652960419654846,0.27339935302734375,0,0,0
1299,25.98,0.25,0.23557889461517334,-0.007778867147862911,0.016385329887270927,-0.01442110538482666,-0.007778867147862911,0.4331226050853729,0.058935441076755524,0.24362987279891968,0.21334394812583923,0,0,0
1300,26.0,0.25,0.23545464873313904,-0.008304605260491371,0.01674913987517357,-0.014545351266860962,-0.008304605260491371,0.4326211214065552,0.06261914223432541,0.23461486399173737,0.18697968125343323,0,0,0
1301,26.02,0.25,0.2424929291009903,-0.0081782266497612,0.011101328767836094,-0.007507070899009705,-0.0081782266497612,0.43210452795028687,0.05548032745718956,0.22928966581821442,0.23463979363441467,0,0,0
1302,26.04,0.25,0.2372915893793106,-0.012286114506423473,0.017676321789622307,-0.012708410620689392,-0.012286114506423473,0.43173015117645264,0.023516537621617317,0.21226628124713898,0.2448614537715912,0,0,0
1303,26.060000000000002,0.25,0.23542137444019318,-0.01094958744943142,0.01823265664279461,-0.014578625559806824,-0.01094958744943142,0.4312853217124939,0.023725662380456924,0.22997112572193146,0.2568166255950928,0,0,0
1304,26.080000000000002,0.25,0.23945985734462738,-0.008926563896238804,0.013812246732413769,-0.01054014265537262,-0.008926563896238804,0.4309384822845459,0.036642029881477356,0.24790480732917786,0.19006793200969696,0,0,0
1305,26.1,0.25,0.24031472206115723,-0.01172638963907957,0.015208971686661243,-0.009685277938842773,-0.01172638963907957,0.43096503615379333,0.0420592799782753,0.33212271332740784,0.16240163147449493,0,0,0
1306,26.12,0.25,0.2351185381412506,0.0009853079682216048,0.014914045110344887,-0.01488146185874939,0.0009853079682216048,0.43115371465682983,0.09914093464612961,0.3030630350112915,0.3187203109264374,0,0,0
1307,26.14,0.25,0.23996268212795258,0.0048646219074726105,0.011154025793075562,-0.010037317872047424,0.0048646219074726105,0.4316152036190033,0.07332722842693329,0.3210473954677582,0.30632665753364563,0,0,0
1308,26.16,0.25,0.2419022023677826,0.004440798424184322,0.009235530160367489,-0.008097797632217407,0.004440798424184322,0.43251773715019226,0.04361629858613014,0.37746042013168335,0.27470502257347107,0,0,0
1309,26.18,0.25,0.24832765758037567,0.0045596943236887455,0.0048567005433142185,-0.0016723424196243286,0.0045596943236887455,0.43364787101745605,0.050816308706998825,0.35048988461494446,0.2707426846027374,0,0,0
1310,26.2,0.25,0.2424747198820114,0.0036289049312472343,0.008354566991329193,-0.007525280117988586,0.0036289049312472343,0.43487119674682617,0.058562058955430984,0.4272371828556061,0.3818272352218628,0,0,0
1311,26.22,0.25,0.2398170828819275,0.004260694142431021,0.011038356460630894,-0.01018291711807251,0.004260694142431021,0.4360678195953369,0.07340716570615768,0.4292576014995575,0.39532628655433655,0,0,0
1312,26.240000000000002,0.25,0.24562181532382965,0.003966289106756449,0.005907617975026369,-0.004378184676170349,0.003966289106756449,0.4373806416988373,0.05612928420305252,0.3991549611091614,0.23364746570587158,0,0,0
1313,26.26,0.25,0.2472965270280838,-0.0010406645014882088,0.0028968516271561384,-0.0027034729719161987,-0.0010406645014882088,0.4388340413570404,0.019991450011730194,0.4273706078529358,0.38271453976631165,0,0,0
1314,26.28,0.25,0.24455517530441284,-0.0014480729587376118,0.005634095519781113,-0.005444824695587158,-0.0014480729587376118,0.44017037749290466,0.04115134850144386,0.3409217894077301,0.2869495451450348,0,0,0
1315,26.3,0.25,0.23825187981128693,-0.0005879447562620044,0.011762822978198528,-0.011748120188713074,-0.0005879447562620044,0.4411921203136444,0.054959215223789215,0.2779999375343323,0.28131428360939026,0,0,0
1316,26.32,0.25,0.23663531243801117,0.0015586204826831818,0.013455266132950783,-0.01336468756198883,0.0015586204826831818,0.4417691230773926,0.0814705491065979,0.12754933536052704,0.2532499134540558,0,0,0
1317,26.34,0.25,0.24164363741874695,0.003514764830470085,0.009065449237823486,-0.008356362581253052,0.003514764830470085,0.44206154346466064,0.06331992149353027,0.011689463630318642,0.1534237563610077,0,0,0
1318,26.36,0.25,0.2438308596611023,0.007406953256577253,0.009639566764235497,-0.006169140338897705,0.007406953256577253,0.44233542680740356,0.0520298071205616,0.031122570857405663,0.20822465419769287,0,0,0
1319,26.38,0.25,0.24570560455322266,0.0035487646237015724,0.005570956971496344,-0.004294395446777344,0.0035487646237015724,0.44229671359062195,0.06544949114322662,0.17130161821842194,0.21026670932769775,0,0,0
1320,26.400000000000002,0.25,0.24697604775428772,0.0038246021140366793,0.004875640384852886,-0.0030239522457122803,0.0038246021140366793,0.4420643448829651,0.046793971210718155,0.22397790849208832,0.1564236879348755,0,0,0
1321,26.42,0.25,0.245148167014122,-0.0005685640498995781,0.004885033238679171,-0.004851832985877991,-0.0005685640498995781,0.44200795888900757,0.025933807715773582,0.21803297102451324,0.1610538512468338,0,0,0
1322,26.44,0.25,0.2497922033071518,-0.002619612030684948,0.002627840731292963,-0.00020779669284820557,-0.002619612030684948,0.4421091079711914,0.011364053934812546,0.30303362011909485,0.1489502340555191,0,0,0
1323,26.46,0.25,0.25376856327056885,-0.0035861218348145485,0.005202147644013166,0.0037685632705688477,-0.0035861218348145485,0.44255778193473816,0.03127908706665039,0.3247677981853485,0.16018317639827728,0,0,0
1324,26.48,0.25,0.2467188984155655,-0.00440990598872304,0.005496625788509846,-0.0032811015844345093,-0.00440990598872304,0.44311845302581787,0.006773215718567371,0.36980050802230835,0.22479964792728424,0,0,0
1325,26.5,0.25,0.25076648592948914,-0.007967151701450348,0.00800393708050251,0.0007664859294891357,-0.007967151701450348,0.4436430335044861,0.01298252772539854,0.39716625213623047,0.18652068078517914,0,0,0
1326,26.52,0.25,0.24612870812416077,-0.010359063744544983,0.011058801785111427,-0.0038712918758392334,-0.010359063744544983,0.4443490505218506,0.022030331194400787,0.32555124163627625,0.26558050513267517,0,0,0
1327,26.54,0.25,0.2375529259443283,-0.012428132817149162,0.01758943311870098,-0.012447074055671692,-0.012428132817149162,0.4447326064109802,0.015486113727092743,0.2927232086658478,0.2358454018831253,0,0,0
1328,26.560000000000002,0.25,0.23290984332561493,-0.009469162672758102,0.01953812874853611,-0.01709015667438507,-0.009469162672758102,0.4447268545627594,0.030359838157892227,0.21015027165412903,0.1690530776977539,0,0,0
1329,26.580000000000002,0.25,0.2317768931388855,-0.00796425435692072,0.01988745853304863,-0.018223106861114502,-0.00796425435692072,0.44460970163345337,0.028577493503689766,0.16457714140415192,0.23798148334026337,0,0,0
1330,26.6,0.25,0.2323194444179535,-0.006271638907492161,0.018759943544864655,-0.01768055558204651,-0.006271638907492161,0.4442320168018341,0.025636617094278336,0.1254095435142517,0.18185704946517944,0,0,0
1331,26.62,0.25,0.24059927463531494,-0.010342246852815151,0.013976255431771278,-0.009400725364685059,-0.010342246852815151,0.4438093900680542,0.01776665635406971,0.152643084526062,0.303875207901001,0,0,0
1332,26.64,0.25,0.24391163885593414,-0.01195996068418026,0.013420461677014828,-0.006088361144065857,-0.01195996068418026,0.4435148239135742,0.03933671861886978,0.27871841192245483,0.4678308367729187,0,0,0
1333,26.66,0.25,0.247407928109169,-0.016224989667534828,0.01643073745071888,-0.0025920718908309937,-0.016224989667534828,0.44292986392974854,0.041014719754457474,0.376030296087265,0.38703760504722595,0,0,0
1334,26.68,0.25,0.2435918152332306,-0.017749404534697533,0.018870776519179344,-0.006408184766769409,-0.017749404534697533,0.4419485926628113,0.029446877539157867,0.43373632431030273,0.48330941796302795,0,0,0
1335,26.7,0.25,0.2449476420879364,-0.01512060221284628,0.015942363068461418,-0.005052357912063599,-0.01512060221284628,0.4404255449771881,0.037419840693473816,0.35684698820114136,0.44807955622673035,0,0,0
1336,26.72,0.25,0.24842040240764618,-0.012912403792142868,0.0130086624994874,-0.0015795975923538208,-0.012912403792142868,0.4387305974960327,0.05367333069443703,0.3684205710887909,0.4586925804615021,0,0,0
1337,26.740000000000002,0.25,0.2519175708293915,-0.010289732366800308,0.010466884821653366,0.0019175708293914795,-0.010289732366800308,0.43719398975372314,0.067745141685009,0.33380013704299927,0.38491469621658325,0,0,0
1338,26.76,0.25,0.24561651051044464,-0.009400133043527603,0.01037195697426796,-0.004383489489555359,-0.009400133043527603,0.4359200596809387,0.047725871205329895,0.25065678358078003,0.4782852232456207,0,0,0
1339,26.78,0.25,0.24227871000766754,-0.006782215088605881,0.010277001187205315,-0.0077212899923324585,-0.006782215088605881,0.43478846549987793,0.03504680469632149,0.1297093629837036,0.38252219557762146,0,0,0
1340,26.8,0.25,0.24222174286842346,-0.001145262853242457,0.007862119004130363,-0.007778257131576538,-0.001145262853242457,0.4337659478187561,0.04075351729989052,0.14611992239952087,0.2119549959897995,0,0,0
1341,26.82,0.25,0.2405725121498108,0.0038956841453909874,0.01020068023353815,-0.009427487850189209,0.0038956841453909874,0.432851105928421,0.03705070912837982,0.22968581318855286,0.20059381425380707,0,0,0
1342,26.84,0.25,0.24204282462596893,0.007142258808016777,0.010692451149225235,-0.007957175374031067,0.007142258808016777,0.4323941469192505,0.04807065799832344,0.30843091011047363,0.2300311028957367,0,0,0
1343,26.86,0.25,0.2434389591217041,0.007839363068342209,0.01022266410291195,-0.0065610408782958984,0.007839363068342209,0.43242523074150085,0.06250891834497452,0.32039839029312134,0.17318879067897797,0,0,0
1344,26.88,0.25,0.24402521550655365,0.010226058773696423,0.011843577027320862,-0.00597478449344635,0.010226058773696423,0.43275344371795654,0.04590190574526787,0.38169583678245544,0.23454537987709045,0,0,0
1345,26.900000000000002,0.25,0.24746958911418915,0.008014850318431854,0.008404809050261974,-0.002530410885810852,0.008014850318431854,0.43307551741600037,0.03880228474736214,0.4569772183895111,0.279496967792511,0,0,0
1346,26.92,0.25,0.2404850423336029,0.0062737781554460526,0.011397136375308037,-0.009514957666397095,0.0062737781554460526,0.43351924419403076,0.036678653210401535,0.3670153021812439,0.15890410542488098,0,0,0
1347,26.94,0.25,0.23957926034927368,0.004106668755412102,0.01120073813945055,-0.010420739650726318,0.004106668755412102,0.43408408761024475,0.05130034312605858,0.4046952426433563,0.21543508768081665,0,0,0
1348,26.96,0.25,0.2413620799779892,0.0024647079408168793,0.008982675150036812,-0.008637920022010803,0.0024647079408168793,0.43466633558273315,0.043373651802539825,0.38982298970222473,0.20616668462753296,0,0,0
1349,26.98,0.25,0.23934321105480194,0.004777617286890745,0.011678732000291348,-0.010656788945198059,0.004777617286890745,0.43519890308380127,0.04048916697502136,0.2776247560977936,0.23340894281864166,0,0,0
1350,27.0,0.25,0.2411726415157318,0.0040545156225562096,0.009713977575302124,-0.008827358484268188,0.0040545156225562096,0.43550583720207214,0.05338050425052643,0.27679774165153503,0.18766160309314728,0,0,0
1351,27.02,0.25,0.24233783781528473,0.0014800012577325106,0.007803789805620909,-0.007662162184715271,0.0014800012577325106,0.4355258345603943,0.03445926308631897,0.2874469757080078,0.25826558470726013,0,0,0
1352,27.04,0.25,0.23878450691699982,0.0012241698568686843,0.011282104067504406,-0.011215493083000183,0.0012241698568686843,0.43522191047668457,0.014876142144203186,0.23396599292755127,0.1755077987909317,0,0,0
1353,27.060000000000002,0.25,0.24115796387195587,0.002531785750761628,0.009197366423904896,-0.008842036128044128,0.002531785750761628,0.43462008237838745,0.006757206749171019,0.23743200302124023,0.18234364688396454,0,0,0
1354,27.080000000000002,0.25,0.24782101809978485,0.0026235668919980526,0.003410434816032648,-0.002178981900215149,0.0026235668919980526,0.4339885115623474,0.012671777978539467,0.23979991674423218,0.23154579102993011,0,0,0
1355,27.1,0.25,0.24891892075538635,0.004663407802581787,0.004787076730281115,-0.0010810792446136475,0.004663407802581787,0.4337484836578369,0.0304813701659441,0.2054688185453415,0.16312259435653687,0,0,0
1356,27.12,0.25,0.24610042572021484,0.0058565991930663586,0.007036081049591303,-0.0038995742797851562,0.0058565991930663586,0.43364375829696655,0.035064589232206345,0.23700924217700958,0.2747515141963959,0,0,0
1357,27.14,0.25,0.24482642114162445,0.005050269886851311,0.007229878567159176,-0.005173578858375549,0.005050269886851311,0.43367359042167664,0.03217088803648949,0.25556257367134094,0.20813292264938354,0,0,0
1358,27.16,0.25,0.24158446490764618,0.004552841652184725,0.009568155743181705,-0.00841553509235382,0.004552841652184725,0.4340497851371765,0.030390383675694466,0.3374875485897064,0.20658841729164124,0,0,0
1359,27.18,0.25,0.2353609949350357,0.008122344501316547,0.016741354018449783,-0.014639005064964294,0.008122344501316547,0.4342990517616272,0.07652514427900314,0.3142400085926056,0.38688647747039795,0,0,0
1360,27.2,0.25,0.2369251698255539,0.0055373068898916245,0.014199047349393368,-0.013074830174446106,0.0055373068898916245,0.43488410115242004,0.07379623502492905,0.33290377259254456,0.2907518446445465,0,0,0
1361,27.22,0.25,0.24108169972896576,0.005128375720232725,0.010287677869200706,-0.00891830027103424,0.005128375720232725,0.4357655644416809,0.061401285231113434,0.32285574078559875,0.3141220808029175,0,0,0
1362,27.240000000000002,0.25,0.24523259699344635,0.00535139674320817,0.007166977971792221,-0.00476740300655365,0.00535139674320817,0.4369969367980957,0.04638887196779251,0.3203204870223999,0.29956507682800293,0,0,0
1363,27.26,0.25,0.24194258451461792,0.00694420887157321,0.01063691545277834,-0.00805741548538208,0.00694420887157321,0.4385179281234741,0.025688307359814644,0.397752046585083,0.2628747224807739,0,0,0
1364,27.28,0.25,0.24189044535160065,0.010791490785777569,0.01349893119186163,-0.008109554648399353,0.010791490785777569,0.43972575664520264,0.029236752539873123,0.3963364064693451,0.36947813630104065,0,0,0
1365,27.3,0.25,0.24165315926074982,0.011044614017009735,0.01384388841688633,-0.008346840739250183,0.011044614017009735,0.44061070680618286,0.04486885666847229,0.3493523597717285,0.3313756287097931,0,0,0
1366,27.32,0.25,0.2444332093000412,0.009837166406214237,0.011303053237497807,-0.005566790699958801,0.009837166406214237,0.4414466917514801,0.03783200681209564,0.30708086490631104,0.3124641180038452,0,0,0
1367,27.34,0.25,0.24237008392810822,0.008550992235541344,0.01146015152335167,-0.007629916071891785,0.008550992235541344,0.44221365451812744,0.02323964610695839,0.31386518478393555,0.34974634647369385,0,0,0
1368,27.36,0.25,0.24674946069717407,0.006136844865977764,0.006944557186216116,-0.0032505393028259277,0.006136844865977764,0.44282257556915283,0.018677178770303726,0.2104373425245285,0.2852804958820343,0,0,0
1369,27.38,0.25,0.2475394308567047,0.00580926239490509,0.006308876909315586,-0.002460569143295288,0.00580926239490509,0.44330716133117676,0.0143937598913908,0.1265360563993454,0.16905127465724945,0,0,0
1370,27.400000000000002,0.25,0.2461739331483841,0.004507836885750294,0.005912645719945431,-0.0038260668516159058,0.004507836885750294,0.44351133704185486,0.02533591166138649,0.029774440452456474,0.15438729524612427,0,0,0
1371,27.42,0.25,0.24826675653457642,0.005888730753213167,0.006138508208096027,-0.001733243465423584,0.005888730753213167,0.4434170722961426,0.029222702607512474,0.11476275324821472,0.12791667878627777,0,0,0
1372,27.44,0.25,0.24937783181667328,0.005625640042126179,0.005659939721226692,-0.0006221681833267212,0.005625640042126179,0.4432527422904968,0.026977352797985077,0.2003837376832962,0.12417680770158768,0,0,0
1373,27.46,0.25,0.2479586899280548,0.001558947842568159,0.0025685143191367388,-0.0020413100719451904,0.001558947842568159,0.4430593252182007,0.01591605879366398,0.24601076543331146,0.1739167422056198,0,0,0
1374,27.48,0.25,0.24624043703079224,-0.00048506344319321215,0.003790725488215685,-0.0037595629692077637,-0.00048506344319321215,0.4428647756576538,0.009465523064136505,0.2827693521976471,0.21364223957061768,0,0,0
1375,27.5,0.25,0.2429453283548355,-0.0008157768752425909,0.007101681549102068,-0.00705467164516449,-0.0008157768752425909,0.44252145290374756,0.014332110993564129,0.31448647379875183,0.18022006750106812,0,0,0
1376,27.52,0.25,0.2524796426296234,-0.0005505841691046953,0.002540033543482423,0.002479642629623413,-0.0005505841691046953,0.44221121072769165,0.022885777056217194,0.38230302929878235,0.14237086474895477,0,0,0
1377,27.54,0.25,0.24584561586380005,-0.0018259361386299133,0.0045379456132650375,-0.004154384136199951,-0.0018259361386299133,0.44215691089630127,0.04328756406903267,0.3097304105758667,0.23479333519935608,0,0,0
1378,27.560000000000002,0.25,0.23913085460662842,-0.0016901536146178842,0.010999769903719425,-0.010869145393371582,-0.0016901536146178842,0.4419136047363281,0.024928484112024307,0.30020958185195923,0.15139222145080566,0,0,0
1379,27.580000000000002,0.25,0.23615503311157227,-0.00238345586694777,0.014048628509044647,-0.013844966888427734,-0.00238345586694777,0.4416818618774414,0.018805071711540222,0.2888052761554718,0.16304123401641846,0,0,0
1380,27.6,0.25,0.23748376965522766,4.09182466682978e-05,0.012516297399997711,-0.012516230344772339,4.09182466682978e-05,0.44157809019088745,0.025389011949300766,0.25351205468177795,0.18413826823234558,0,0,0
1381,27.62,0.25,0.23952914774417877,-0.0019486191449686885,0.010650627315044403,-0.010470852255821228,-0.0019486191449686885,0.4413888454437256,0.043990787118673325,0.3057767152786255,0.21504980325698853,0,0,0
1382,27.64,0.25,0.24176673591136932,-0.002801271388307214,0.008696767501533031,-0.008233264088630676,-0.002801271388307214,0.44108426570892334,0.04074151813983917,0.25017625093460083,0.26757684350013733,0,0,0
1383,27.66,0.25,0.2437019795179367,-0.003570839064195752,0.007239886559545994,-0.0062980204820632935,-0.003570839064195752,0.44095706939697266,0.030585259199142456,0.17874814569950104,0.25685080885887146,0,0,0
1384,27.68,0.25,0.24468816816806793,-0.002834138460457325,0.006020622793585062,-0.005311831831932068,-0.002834138460457325,0.44100046157836914,0.04321052134037018,0.15948931872844696,0.2579667270183563,0,0,0
1385,27.7,0.25,0.24559690058231354,-0.002684633247554302,0.005156989209353924,-0.004403099417686462,-0.002684633247554302,0.4410325288772583,0.055418770760297775,0.24600732326507568,0.3660776615142822,0,0,0
1386,27.72,0.25,0.24707338213920593,-0.005605023819953203,0.006323083769530058,-0.0029266178607940674,-0.005605023819953203,0.44078248739242554,0.053376976400613785,0.30748921632766724,0.43370237946510315,0,0,0
1387,27.740000000000002,0.25,0.25310590863227844,-0.012112288735806942,0.01250416785478592,0.0031059086322784424,-0.012112288735806942,0.4403834640979767,0.04800815507769585,0.36175376176834106,0.44593295454978943,0,0,0
1388,27.76,0.25,0.25285837054252625,-0.00957570318132639,0.009993216022849083,0.002858370542526245,-0.00957570318132639,0.43990275263786316,0.059320613741874695,0.3928298056125641,0.43498390913009644,0,0,0
1389,27.78,0.25,0.2552189528942108,-0.009765165857970715,0.011072305031120777,0.005218952894210815,-0.009765165857970715,0.43916547298431396,0.06746336072683334,0.36561521887779236,0.4486324191093445,0,0,0
1390,27.8,0.25,0.25140509009361267,-0.009968687780201435,0.010067224502563477,0.001405090093612671,-0.009968687780201435,0.43825000524520874,0.04972899705171585,0.31030920147895813,0.45452067255973816,0,0,0
1391,27.82,0.25,0.24510370194911957,-0.01046516839414835,0.011553937569260597,-0.004896298050880432,-0.01046516839414835,0.43737292289733887,0.0267329178750515,0.20884113013744354,0.457744836807251,0,0,0
1392,27.84,0.25,0.23841765522956848,-0.0033640521578490734,0.01206099335104227,-0.011582344770431519,-0.0033640521578490734,0.43660983443260193,0.021513519808650017,0.13549354672431946,0.3342147171497345,0,0,0
1393,27.86,0.25,0.24623563885688782,0.002112539717927575,0.004316623788326979,-0.0037643611431121826,0.002112539717927575,0.43589258193969727,0.028149133548140526,0.1259741336107254,0.22068308293819427,0,0,0
1394,27.88,0.25,0.24051864445209503,0.007528422866016626,0.012106743641197681,-0.009481355547904968,0.007528422866016626,0.4353615641593933,0.05287961661815643,0.21009619534015656,0.23952463269233704,0,0,0
1395,27.900000000000002,0.25,0.24684789776802063,0.009784230031073093,0.010279441252350807,-0.00315210223197937,0.009784230031073093,0.4348738193511963,0.03289336711168289,0.3008584976196289,0.19160093367099762,0,0,0
1396,27.92,0.25,0.2446967363357544,0.010482238605618477,0.011747422628104687,-0.0053032636642456055,0.010482238605618477,0.43471288681030273,0.06068986654281616,0.3231140077114105,0.26706358790397644,0,0,0
1397,27.94,0.25,0.24079309403896332,0.008551201783120632,0.012565435841679573,-0.009206905961036682,0.008551201783120632,0.4347285330295563,0.05622396618127823,0.33658432960510254,0.23356109857559204,0,0,0
1398,27.96,0.25,0.2404407113790512,0.005968660581856966,0.0112696448341012,-0.009559288620948792,0.005968660581856966,0.4345299005508423,0.04520803689956665,0.38728463649749756,0.21250243484973907,0,0,0
1399,27.98,0.25,0.23999394476413727,0.0031716772355139256,0.010496698319911957,-0.010006055235862732,0.0031716772355139256,0.43441182374954224,0.03792950138449669,0.3586306869983673,0.20179979503154755,0,0,0
1400,28.0,0.25,0.2393784523010254,0.0016448519891127944,0.010748153552412987,-0.01062154769897461,0.0016448519891127944,0.4342339038848877,0.043251559138298035,0.3837249279022217,0.19468174874782562,0,0,0
1401,28.02,0.25,0.23726795613765717,0.0024471941869705915,0.012965095229446888,-0.012732043862342834,0.0024471941869705915,0.43406790494918823,0.022533580660820007,0.31440621614456177,0.1572001725435257,0,0,0
1402,28.04,0.25,0.24047917127609253,0.0013013298157602549,0.009609351865947247,-0.00952082872390747,0.0013013298157602549,0.43398308753967285,0.022982480004429817,0.32982805371284485,0.21526560187339783,0,0,0
1403,28.060000000000002,0.25,0.2396460622549057,0.00026360919582657516,0.010357293300330639,-0.0103539377450943,0.00026360919582657516,0.4339062571525574,0.027487708255648613,0.3052866756916046,0.2666698396205902,0,0,0
1404,28.080000000000002,0.25,0.24146753549575806,-0.002407657215371728,0.008865650743246078,-0.008532464504241943,-0.002407657215371728,0.43370717763900757,0.027307745069265366,0.25035130977630615,0.2322075366973877,0,0,0
1405,28.1,0.25,0.2407984733581543,-0.003570850705727935,0.00987011007964611,-0.009201526641845703,-0.003570850705727935,0.4336108863353729,0.038500864058732986,0.1735236495733261,0.16991950571537018,0,0,0
1406,28.12,0.25,0.24663209915161133,-0.001255052862688899,0.003594149835407734,-0.003367900848388672,-0.001255052862688899,0.4333319365978241,0.02324368990957737,0.21292005479335785,0.20632533729076385,0,0,0
1407,28.14,0.25,0.24703410267829895,0.004022042732685804,0.004997336771339178,-0.00296589732170105,0.004022042732685804,0.433000385761261,0.04475516080856323,0.1959410160779953,0.22681277990341187,0,0,0
1408,28.16,0.25,0.2447344958782196,0.00831329170614481,0.009840546175837517,-0.0052655041217803955,0.00831329170614481,0.43252629041671753,0.05909678339958191,0.2078908532857895,0.22240230441093445,0,0,0
1409,28.18,0.25,0.24422772228717804,0.006126187741756439,0.008417205885052681,-0.0057722777128219604,0.006126187741756439,0.4319225549697876,0.05830884352326393,0.2606579661369324,0.23490697145462036,0,0,0
1410,28.2,0.25,0.2431676834821701,0.0014321228954941034,0.0069807968102395535,-0.006832316517829895,0.0014321228954941034,0.43135061860084534,0.03803291916847229,0.3072969615459442,0.24518448114395142,0,0,0
1411,28.22,0.25,0.2454315572977066,-0.0010079850908368826,0.004678322467952967,-0.004568442702293396,-0.0010079850908368826,0.4311424493789673,0.020730994641780853,0.3299022614955902,0.2333286702632904,0,0,0
1412,28.240000000000002,0.25,0.23872052133083344,0.006600741297006607,0.01306891068816185,-0.011279478669166565,0.006600741297006607,0.4312256872653961,0.06319066137075424,0.3485666513442993,0.24485692381858826,0,0,0
1413,28.26,0.25,0.23839862644672394,0.0076945144683122635,0.01392111461609602,-0.011601373553276062,0.0076945144683122635,0.43133825063705444,0.03749719262123108,0.34955066442489624,0.2742002308368683,0,0,0
1414,28.28,0.25,0.2383609116077423,0.008885905146598816,0.014643349684774876,-0.01163908839225769,0.008885905146598816,0.4315853714942932,0.03428402543067932,0.3690432608127594,0.3208707273006439,0,0,0
1415,28.3,0.25,0.2433292716741562,0.007262378931045532,0.009861073456704617,-0.006670728325843811,0.007262378931045532,0.43226078152656555,0.02703716792166233,0.40326154232025146,0.28566521406173706,0,0,0
1416,28.32,0.25,0.24792037904262543,0.0033359318040311337,0.003931064158678055,-0.0020796209573745728,0.0033359318040311337,0.4334666430950165,0.03316381946206093,0.40305429697036743,0.26333773136138916,0,0,0
1417,28.34,0.25,0.24634979665279388,0.003122457303106785,0.004803511779755354,-0.0036502033472061157,0.003122457303106785,0.4349430799484253,0.03352911025285721,0.4310585558414459,0.2715054750442505,0,0,0
1418,28.36,0.25,0.2451906055212021,0.0019668913446366787,0.005196049809455872,-0.004809394478797913,0.0019668913446366787,0.43611782789230347,0.028993802145123482,0.3043103516101837,0.32474276423454285,0,0,0
1419,28.38,0.25,0.2475842386484146,0.002710296306759119,0.003630648599937558,-0.002415761351585388,0.002710296306759119,0.4371424913406372,0.00667215883731842,0.30368199944496155,0.3185478150844574,0,0,0
1420,28.400000000000002,0.25,0.24778787791728973,0.005277201533317566,0.005722092464566231,-0.002212122082710266,0.005277201533317566,0.4381997287273407,0.016512807458639145,0.3119765520095825,0.31803297996520996,0,0,0
1421,28.42,0.25,0.2451249361038208,0.0034731554333120584,0.005985737778246403,-0.004875063896179199,0.0034731554333120584,0.43922725319862366,0.03133442625403404,0.2849390208721161,0.30807602405548096,0,0,0
1422,28.44,0.25,0.24194131791591644,0.003519883845001459,0.008793857879936695,-0.008058682084083557,0.003519883845001459,0.43998366594314575,0.024390269070863724,0.18081903457641602,0.2539515793323517,0,0,0
1423,28.46,0.25,0.2406369000673294,0.004006882198154926,0.010184437036514282,-0.009363099932670593,0.004006882198154926,0.4402664303779602,0.02731437049806118,0.08586146682500839,0.2574659585952759,0,0,0
1424,28.48,0.25,0.24412287771701813,0.0051946453750133514,0.007843781262636185,-0.0058771222829818726,0.0051946453750133514,0.4404086768627167,0.038306139409542084,0.06532622128725052,0.18625201284885406,0,0,0
1425,28.5,0.25,0.24718067049980164,0.006538732443004847,0.007120648864656687,-0.0028193295001983643,0.006538732443004847,0.44033241271972656,0.04824239760637283,0.19898496568202972,0.160658597946167,0,0,0
1426,28.52,0.25,0.2450619786977768,0.0038684052415192127,0.006272847298532724,-0.004938021302223206,0.0038684052415192127,0.44032755494117737,0.05818167328834534,0.2574573755264282,0.19913721084594727,0,0,0
1427,28.54,0.25,0.2348901331424713,0.000811794598121196,0.015131658874452114,-0.015109866857528687,0.000811794598121196,0.4402455687522888,0.0306767039000988,0.318949818611145,0.20150138437747955,0,0,0
1428,28.560000000000002,0.25,0.23693884909152985,-0.0006022379966452718,0.013075027614831924,-0.013061150908470154,-0.0006022379966452718,0.44004467129707336,0.02366775833070278,0.37971198558807373,0.13534091413021088,0,0,0
1429,28.580000000000002,0.25,0.23643389344215393,-0.0017229754012078047,0.01367508340626955,-0.01356610655784607,-0.0017229754012078047,0.44010961055755615,0.02086409367620945,0.4266485869884491,0.2491702288389206,0,0,0
1430,28.6,0.25,0.24107207357883453,-0.005188295152038336,0.010325999930500984,-0.008927926421165466,-0.005188295152038336,0.44019564986228943,0.02104315720498562,0.4663264751434326,0.1772664338350296,0,0,0
1431,28.62,0.25,0.23949165642261505,-0.007316879462450743,0.01280476525425911,-0.010508343577384949,-0.007316879462450743,0.4405962824821472,0.05474388226866722,0.36452174186706543,0.20245836675167084,0,0,0
1432,28.64,0.25,0.23487886786460876,-0.010168371722102165,0.018222086131572723,-0.015121132135391235,-0.010168371722102165,0.44108080863952637,0.0435425341129303,0.34182706475257874,0.18603993952274323,0,0,0
1433,28.66,0.25,0.23610548675060272,-0.010447032749652863,0.017383843660354614,-0.013894513249397278,-0.010447032749652863,0.4413948059082031,0.024746574461460114,0.3598802983760834,0.21234014630317688,0,0,0
1434,28.68,0.25,0.2335955649614334,-0.00787345040589571,0.018196063116192818,-0.01640443503856659,-0.00787345040589571,0.44149112701416016,0.01040645968168974,0.28477415442466736,0.2411111444234848,0,0,0
1435,28.7,0.25,0.2442638874053955,-0.007258441764861345,0.009251376613974571,-0.005736112594604492,-0.007258441764861345,0.4414849579334259,0.01629333198070526,0.2907802164554596,0.24962057173252106,0,0,0
1436,28.72,0.25,0.2529142200946808,-0.010951722972095013,0.01133282482624054,0.002914220094680786,-0.010951722972095013,0.4419515132904053,0.05157178267836571,0.2130749225616455,0.3312638998031616,0,0,0
1437,28.740000000000002,0.25,0.24625712633132935,-0.009807296097278595,0.01049724593758583,-0.0037428736686706543,-0.009807296097278595,0.4427400231361389,0.058741942048072815,0.18074321746826172,0.2318924516439438,0,0,0
1438,28.76,0.25,0.23999935388565063,-0.007292505353689194,0.012377138249576092,-0.010000646114349365,-0.007292505353689194,0.44313594698905945,0.06160572171211243,0.2680491805076599,0.27300605177879333,0,0,0
1439,28.78,0.25,0.2358873039484024,-0.006488531827926636,0.01553284376859665,-0.014112696051597595,-0.006488531827926636,0.4429967999458313,0.07156349718570709,0.3722893297672272,0.4216027557849884,0,0,0
1440,28.8,0.25,0.24486836791038513,-0.011956889182329178,0.013011566363275051,-0.005131632089614868,-0.011956889182329178,0.44254228472709656,0.06057809293270111,0.3695636987686157,0.4343697130680084,0,0,0
1441,28.82,0.25,0.25141194462776184,-0.011600391007959843,0.01168600283563137,0.0014119446277618408,-0.011600391007959843,0.4420100450515747,0.07898463308811188,0.4135810136795044,0.3775807023048401,0,0,0
1442,28.84,0.25,0.25067222118377686,-0.011678352020680904,0.011697683483362198,0.0006722211837768555,-0.011678352020680904,0.4415762424468994,0.06002676486968994,0.3874465227127075,0.4497877359390259,0,0,0
1443,28.86,0.25,0.24736519157886505,-0.009912177920341492,0.010256387293338776,-0.0026348084211349487,-0.009912177920341492,0.4411194324493408,0.045822128653526306,0.33271658420562744,0.4855252504348755,0,0,0
1444,28.88,0.25,0.23883022367954254,-0.008344635367393494,0.013942626304924488,-0.011169776320457458,-0.008344635367393494,0.44055742025375366,0.02631058730185032,0.2634665369987488,0.5009863376617432,0,0,0
1445,28.900000000000002,0.25,0.23760344088077545,-0.007636088877916336,0.014559688977897167,-0.012396559119224548,-0.007636088877916336,0.4397101402282715,0.04766349121928215,0.07559074461460114,0.31915825605392456,0,0,0
1446,28.92,0.25,0.24009118974208832,-0.0026153225917369127,0.01024814322590828,-0.009908810257911682,-0.0026153225917369127,0.43912196159362793,0.03577621653676033,0.10082602500915527,0.29035332798957825,0,0,0
1447,28.94,0.25,0.23922470211982727,0.004889244679361582,0.01183265633881092,-0.01077529788017273,0.004889244679361582,0.43907904624938965,0.039118800312280655,0.2067628800868988,0.22249576449394226,0,0,0
1448,28.96,0.25,0.2432723045349121,0.007890773005783558,0.010369483381509781,-0.006727695465087891,0.007890773005783558,0.43900805711746216,0.03232189267873764,0.30238717794418335,0.15906281769275665,0,0,0
1449,28.98,0.25,0.2465180903673172,0.008902635425329208,0.009559321217238903,-0.0034819096326828003,0.008902635425329208,0.4391745924949646,0.03499886766076088,0.38407981395721436,0.22435753047466278,0,0,0
1450,29.0,0.25,0.24542398750782013,0.008036971092224121,0.009248394519090652,-0.004576012492179871,0.008036971092224121,0.43953797221183777,0.04638821631669998,0.3825286328792572,0.20267051458358765,0,0,0
1451,29.02,0.25,0.24463984370231628,0.007778641767799854,0.009446615353226662,-0.005360156297683716,0.007778641767799854,0.43983399868011475,0.026620104908943176,0.4042140543460846,0.23229141533374786,0,0,0
1452,29.04,0.25,0.24541394412517548,0.005363328382372856,0.007056713104248047,-0.004586055874824524,0.005363328382372856,0.439855694770813,0.009047279134392738,0.4194921851158142,0.1818169504404068,0,0,0
1453,29.060000000000002,0.25,0.24364152550697327,0.002129907254129648,0.006705721374601126,-0.006358474493026733,0.002129907254129648,0.43974101543426514,0.010145232081413269,0.3722694218158722,0.25775599479675293,0,0,0
1454,29.080000000000002,0.25,0.23833127319812775,-0.0008519801194779575,0.011699788272380829,-0.011668726801872253,-0.0008519801194779575,0.43932777643203735,0.0185121838003397,0.3032929599285126,0.14084887504577637,0,0,0
1455,29.1,0.25,0.23764964938163757,-0.003726799739524722,0.012900395318865776,-0.012350350618362427,-0.003726799739524722,0.4387366771697998,0.02225743606686592,0.2502059042453766,0.27938342094421387,0,0,0
1456,29.12,0.25,0.23860995471477509,-0.005079370923340321,0.012471293099224567,-0.011390045285224915,-0.005079370923340321,0.4382302761077881,0.017798053100705147,0.2601202130317688,0.22071079909801483,0,0,0
1457,29.14,0.25,0.24284034967422485,-0.004315119702368975,0.008359476923942566,-0.0071596503257751465,-0.004315119702368975,0.4377341568470001,0.026314448565244675,0.2909978926181793,0.2055671364068985,0,0,0
1458,29.16,0.25,0.24619047343730927,-0.00041357261943630874,0.0038319099694490433,-0.003809526562690735,-0.00041357261943630874,0.43730396032333374,0.040435969829559326,0.30107417702674866,0.2818182110786438,0,0,0
1459,29.18,0.25,0.24261252582073212,0.0009721973910927773,0.007451170589774847,-0.007387474179267883,0.0009721973910927773,0.43687379360198975,0.044502776116132736,0.23843705654144287,0.25543567538261414,0,0,0
1460,29.2,0.25,0.243987575173378,0.004270422272384167,0.00737467035651207,-0.006012424826622009,0.004270422272384167,0.43626195192337036,0.051639918237924576,0.21227142214775085,0.18327096104621887,0,0,0
1461,29.22,0.25,0.24351368844509125,0.002338253427296877,0.006894901394844055,-0.0064863115549087524,0.002338253427296877,0.43563610315322876,0.05449675768613815,0.22572875022888184,0.2516010105609894,0,0,0
1462,29.240000000000002,0.25,0.24341115355491638,0.00491286488249898,0.008218828588724136,-0.006588846445083618,0.00491286488249898,0.4351247549057007,0.045829225331544876,0.22011245787143707,0.2596381902694702,0,0,0
1463,29.26,0.25,0.24503839015960693,-0.0002608765207696706,0.004968463443219662,-0.004961609840393066,-0.0002608765207696706,0.4348628520965576,0.03132922202348709,0.2901974022388458,0.21864786744117737,0,0,0
1464,29.28,0.25,0.24896253645420074,0.004607087001204491,0.00472245505079627,-0.0010374635457992554,0.004607087001204491,0.4350419342517853,0.07941436767578125,0.3120916187763214,0.2319021373987198,0,0,0
1465,29.3,0.25,0.24383428692817688,0.006779683753848076,0.00916406698524952,-0.00616571307182312,0.006779683753848076,0.43561023473739624,0.05693681538105011,0.40403497219085693,0.32256147265434265,0,0,0
1466,29.32,0.25,0.24242055416107178,0.0069027794525027275,0.010251651518046856,-0.007579445838928223,0.0069027794525027275,0.4360855519771576,0.029107216745615005,0.3478710353374481,0.3170969486236572,0,0,0
1467,29.34,0.25,0.24604809284210205,0.005306240636855364,0.00661617424339056,-0.003951907157897949,0.005306240636855364,0.43662208318710327,0.0132577084004879,0.3576790392398834,0.35093027353286743,0,0,0
1468,29.36,0.25,0.2416231781244278,0.005912956781685352,0.010253497399389744,-0.008376821875572205,0.005912956781685352,0.4373530149459839,0.010743588209152222,0.41554462909698486,0.3394562602043152,0,0,0
1469,29.38,0.25,0.24068647623062134,0.008088397793471813,0.012335473671555519,-0.009313523769378662,0.008088397793471813,0.43805232644081116,0.006132562179118395,0.4100394546985626,0.3270758092403412,0,0,0
1470,29.400000000000002,0.25,0.23988965153694153,0.007676222361624241,0.012694232165813446,-0.010110348463058472,0.007676222361624241,0.43863797187805176,0.01814883016049862,0.3658696711063385,0.3319755792617798,0,0,0
1471,29.42,0.25,0.23921580612659454,0.009397449903190136,0.014304226264357567,-0.010784193873405457,0.009397449903190136,0.4390612542629242,0.026024073362350464,0.33574509620666504,0.2700763940811157,0,0,0
1472,29.44,0.25,0.24074897170066833,0.004805348813533783,0.010424629785120487,-0.009251028299331665,0.004805348813533783,0.4394890069961548,0.006247506011277437,0.3170856535434723,0.32566311955451965,0,0,0
1473,29.46,0.25,0.23961952328681946,0.0046499306336045265,0.011374364607036114,-0.010380476713180542,0.0046499306336045265,0.44002583622932434,0.0187505092471838,0.21560460329055786,0.28728586435317993,0,0,0
1474,29.48,0.25,0.24015189707279205,0.005015733186155558,0.011051819659769535,-0.009848102927207947,0.005015733186155558,0.44026070833206177,0.03375137224793434,0.07070371508598328,0.22971414029598236,0,0,0
1475,29.5,0.25,0.23682768642902374,0.004574595019221306,0.013944058679044247,-0.013172313570976257,0.004574595019221306,0.4401451647281647,0.044694893062114716,0.0509420707821846,0.1973629742860794,0,0,0
1476,29.52,0.25,0.23864956200122833,0.005998158827424049,0.012837848626077175,-0.011350437998771667,0.005998158827424049,0.43959686160087585,0.052543893456459045,0.1552036553621292,0.1768205761909485,0,0,0
1477,29.54,0.25,0.24118250608444214,0.006696196272969246,0.01107191201299429,-0.008817493915557861,0.006696196272969246,0.4391644299030304,0.034526508301496506,0.1767905205488205,0.13780967891216278,0,0,0
1478,29.560000000000002,0.25,0.24282018840312958,0.005717877298593521,0.009178442880511284,-0.007179811596870422,0.005717877298593521,0.4389503598213196,0.019693734124302864,0.22920608520507812,0.1977524608373642,0,0,0
1479,29.580000000000002,0.25,0.24292507767677307,0.0017964710714295506,0.007299440447241068,-0.007074922323226929,0.0017964710714295506,0.438953697681427,0.02017397992312908,0.27035996317863464,0.1691417396068573,0,0,0
1480,29.6,0.25,0.2362888902425766,0.002734390553086996,0.013981109485030174,-0.013711109757423401,0.002734390553086996,0.43905898928642273,0.017391320317983627,0.2787283957004547,0.15262195467948914,0,0,0
1481,29.62,0.25,0.23826764523983002,0.001020986819639802,0.01177669595927,-0.011732354760169983,0.001020986819639802,0.43924278020858765,0.027154942974448204,0.3290596902370453,0.1656304895877838,0,0,0
1482,29.64,0.25,0.24274137616157532,-0.0005020326352678239,0.007275964133441448,-0.007258623838424683,-0.0005020326352678239,0.43962329626083374,0.03588258847594261,0.34367918968200684,0.17095224559307098,0,0,0
1483,29.66,0.25,0.24851062893867493,-0.0021177977323532104,0.0025890718679875135,-0.0014893710613250732,-0.0021177977323532104,0.44021040201187134,0.049343548715114594,0.35842904448509216,0.16145631670951843,0,0,0
1484,29.68,0.25,0.24718287587165833,-0.0018488930072635412,0.003369657788425684,-0.002817124128341675,-0.0018488930072635412,0.44097837805747986,0.0652996078133583,0.29318973422050476,0.2174745798110962,0,0,0
1485,29.7,0.25,0.24721474945545197,-0.00021218671463429928,0.0027933213859796524,-0.0027852505445480347,-0.00021218671463429928,0.44157612323760986,0.04414420574903488,0.32460054755210876,0.18138721585273743,0,0,0
1486,29.72,0.25,0.24736541509628296,-0.002983163809403777,0.003979987930506468,-0.002634584903717041,-0.002983163809403777,0.44194406270980835,0.028804969042539597,0.3163391649723053,0.292188435792923,0,0,0
1487,29.740000000000002,0.25,0.24465352296829224,-0.00619788933545351,0.008185270242393017,-0.005346477031707764,-0.00619788933545351,0.44202977418899536,0.012565054930746555,0.21878884732723236,0.18003599345684052,0,0,0
1488,29.76,0.25,0.25081631541252136,-0.004103532060980797,0.004183939192444086,0.0008163154125213623,-0.004103532060980797,0.4420381486415863,0.02406209334731102,0.1629338562488556,0.28082165122032166,0,0,0
1489,29.78,0.25,0.25139644742012024,-0.004683587700128555,0.004887336399406195,0.0013964474201202393,-0.004683587700128555,0.4420100748538971,0.038355544209480286,0.1959795206785202,0.34896209836006165,0,0,0
1490,29.8,0.25,0.2505022883415222,-0.0016825128113850951,0.001755888108164072,0.0005022883415222168,-0.0016825128113850951,0.44166290760040283,0.06552457809448242,0.3122362792491913,0.2948946952819824,0,0,0
1491,29.82,0.25,0.24954216182231903,-0.003984879702329636,0.004011094570159912,-0.00045783817768096924,-0.003984879702329636,0.4410149157047272,0.07376319915056229,0.40230098366737366,0.38335925340652466,0,0,0
1492,29.84,0.25,0.2505858540534973,-0.011212670244276524,0.011227965354919434,0.0005858540534973145,-0.011212670244276524,0.4401412606239319,0.05882855877280235,0.46430954337120056,0.43205079436302185,0,0,0
1493,29.86,0.25,0.24377477169036865,-0.009398631751537323,0.011273320764303207,-0.006225228309631348,-0.009398631751537323,0.43924424052238464,0.05996853858232498,0.5410273671150208,0.4856436550617218,0,0,0
1494,29.88,0.25,0.24679891765117645,-0.01020278874784708,0.010693167336285114,-0.0032010823488235474,-0.01020278874784708,0.43814966082572937,0.05792064964771271,0.40336939692497253,0.5774102807044983,0,0,0
1495,29.900000000000002,0.25,0.24447911977767944,-0.008932052180171013,0.010500555858016014,-0.005520880222320557,-0.008932052180171013,0.4369182288646698,0.04984372481703758,0.34387436509132385,0.4990086555480957,0,0,0
1496,29.92,0.25,0.2441754788160324,-0.004962279461324215,0.007651749067008495,-0.00582452118396759,-0.004962279461324215,0.4356083869934082,0.03259039670228958,0.18116581439971924,0.42064332962036133,0,0,0
1497,29.94,0.25,0.24128110706806183,-1.5910190995782614e-05,0.008718907833099365,-0.008718892931938171,-1.5910190995782614e-05,0.4346412122249603,0.013327885419130325,0.14146052300930023,0.32765811681747437,0,0,0
1498,29.96,0.25,0.24175290763378143,0.0017400202341377735,0.008428653702139854,-0.008247092366218567,0.0017400202341377735,0.4339958131313324,0.024141615256667137,0.1408536583185196,0.22708284854888916,0,0,0
1499,29.98,0.25,0.2475554645061493,0.006936335936188698,0.00735448906198144,-0.002444535493850708,0.006936335936188698,0.43349671363830566,0.031118987128138542,0.2644009590148926,0.18711809813976288,0,0,0
1500,30.0,0.25,0.24539175629615784,0.009660066105425358,0.010702933184802532,-0.004608243703842163,0.009660066105425358,0.43350687623023987,0.04976348578929901,0.32065901160240173,0.2303978055715561,0,0,0
1501,30.02,0.25,0.24711009860038757,0.008550719358026981,0.009025870822370052,-0.0028899013996124268,0.008550719358026981,0.43360069394111633,0.03628384694457054,0.3814513087272644,0.20143702626228333,0,0,0
1502,30.04,0.25,0.24438786506652832,0.007670887280255556,0.009504660032689571,-0.00561213493347168,0.007670887280255556,0.43355002999305725,0.031614236533641815,0.421126127243042,0.18641871213912964,0,0,0
1503,30.060000000000002,0.25,0.2422993779182434,0.005215778946876526,0.009300748817622662,-0.007700622081756592,0.005215778946876526,0.43334054946899414,0.02580965869128704,0.4165915548801422,0.2174193561077118,0,0,0
1504,30.080000000000002,0.25,0.24190542101860046,0.0003424733877182007,0.008101820945739746,-0.008094578981399536,0.0003424733877182007,0.4330505132675171,0.030099298804998398,0.40503498911857605,0.24095477163791656,0,0,0
1505,30.1,0.25,0.24000953137874603,-0.0021013845689594746,0.010209077969193459,-0.009990468621253967,-0.0021013845689594746,0.4327724874019623,0.013088901527225971,0.3118061125278473,0.27490755915641785,0,0,0
1506,30.12,0.25,0.2380479872226715,-0.0035315172281116247,0.012462833896279335,-0.011952012777328491,-0.0035315172281116247,0.4323928654193878,0.024146458134055138,0.2935383915901184,0.18400369584560394,0,0,0
1507,30.14,0.25,0.23957592248916626,-0.007570966612547636,0.012883358635008335,-0.01042407751083374,-0.007570966612547636,0.43197712302207947,0.023755844682455063,0.29540541768074036,0.19993062317371368,0,0,0
1508,30.16,0.25,0.2421216517686844,-0.01102500595152378,0.013550613075494766,-0.007878348231315613,-0.01102500595152378,0.4316282868385315,0.015437627211213112,0.2827538251876831,0.23691792786121368,0,0,0
1509,30.18,0.25,0.24193641543388367,-0.012023014016449451,0.01447668019682169,-0.008063584566116333,-0.012023014016449451,0.4313393831253052,0.013432562351226807,0.2454553097486496,0.20104996860027313,0,0,0
1510,30.2,0.25,0.2405737191438675,-0.010134007781744003,0.013840262778103352,-0.009426280856132507,-0.010134007781744003,0.4309353828430176,0.041671425104141235,0.26326119899749756,0.2599884271621704,0,0,0
1511,30.22,0.25,0.23623120784759521,-0.006779981777071953,0.015347565524280071,-0.013768792152404785,-0.006779981777071953,0.4302110970020294,0.05416475608944893,0.19868268072605133,0.2469921112060547,0,0,0
1512,30.240000000000002,0.25,0.24054089188575745,-0.004234070423990488,0.010363497771322727,-0.009459108114242554,-0.004234070423990488,0.429448664188385,0.05124536156654358,0.16414956748485565,0.23101140558719635,0,0,0
1513,30.26,0.25,0.2446434199810028,-0.008646780624985695,0.010171517729759216,-0.005356580018997192,-0.008646780624985695,0.42895346879959106,0.04509308189153671,0.24470870196819305,0.27096712589263916,0,0,0
1514,30.28,0.25,0.24376888573169708,-0.011359809897840023,0.012956544756889343,-0.0062311142683029175,-0.011359809897840023,0.4288748502731323,0.018515270203351974,0.2809496819972992,0.24940569698810577,0,0,0
1515,30.3,0.25,0.24239233136177063,-0.011795170605182648,0.014035764150321484,-0.00760766863822937,-0.011795170605182648,0.42928534746170044,0.017940843477845192,0.3497063219547272,0.2298591583967209,0,0,0
1516,30.32,0.25,0.23837468028068542,-0.0022875918075442314,0.01184825412929058,-0.011625319719314575,-0.0022875918075442314,0.4299001097679138,0.06951183825731277,0.29222244024276733,0.2661833167076111,0,0,0
1517,30.34,0.25,0.23650901019573212,0.002051962073892355,0.013646148145198822,-0.013490989804267883,0.002051962073892355,0.4304715394973755,0.057757072150707245,0.3351740837097168,0.35907745361328125,0,0,0
1518,30.36,0.25,0.2409881055355072,0.0034227343276143074,0.009639986790716648,-0.009011894464492798,0.0034227343276143074,0.4311192035675049,0.07008765637874603,0.2804480791091919,0.2947317957878113,0,0,0
1519,30.38,0.25,0.2444084882736206,0.004399909637868404,0.007115068845450878,-0.0055915117263793945,0.004399909637868404,0.4322255253791809,0.03193088620901108,0.3438657820224762,0.29653117060661316,0,0,0
1520,30.400000000000002,0.25,0.23980316519737244,0.002606583060696721,0.010524719022214413,-0.010196834802627563,0.002606583060696721,0.4340367913246155,0.007532984483987093,0.4680403769016266,0.2752564251422882,0,0,0
1521,30.42,0.25,0.24331247806549072,0.0022948337718844414,0.007070304825901985,-0.006687521934509277,0.0022948337718844414,0.43597811460494995,0.013715370558202267,0.41414934396743774,0.2954283058643341,0,0,0
1522,30.44,0.25,0.24430058896541595,0.001337320194579661,0.005854204762727022,-0.005699411034584045,0.001337320194579661,0.4377893805503845,0.011293521150946617,0.38478371500968933,0.3211047351360321,0,0,0
1523,30.46,0.25,0.2434454709291458,0.0012371032498776913,0.006670253351330757,-0.006554529070854187,0.0012371032498776913,0.4393230080604553,0.031096726655960083,0.30650433897972107,0.3126422166824341,0,0,0
1524,30.48,0.25,0.23722270131111145,-0.0013238608371466398,0.012845698744058609,-0.01277729868888855,-0.0013238608371466398,0.4405515789985657,0.02768724039196968,0.3060488700866699,0.3044649064540863,0,0,0
1525,30.5,0.25,0.2378065139055252,-0.0026987313758581877,0.012488565407693386,-0.012193486094474792,-0.0026987313758581877,0.4415072500705719,0.031710490584373474,0.18055269122123718,0.26061463356018066,0,0,0
1526,30.52,0.25,0.2358749806880951,-0.001936797983944416,0.014257186092436314,-0.014125019311904907,-0.001936797983944416,0.44236624240875244,0.016963167116045952,0.1982814222574234,0.22601282596588135,0,0,0
1527,30.54,0.25,0.23486503958702087,0.0005451795877888799,0.015144776552915573,-0.015134960412979126,0.0005451795877888799,0.442915141582489,0.013445422053337097,0.06390230357646942,0.184016153216362,0,0,0
1528,30.560000000000002,0.25,0.22924773395061493,-0.0005935209337621927,0.020760752260684967,-0.02075226604938507,-0.0005935209337621927,0.44299110770225525,0.02599945291876793,0.0652368813753128,0.14939852058887482,0,0,0
1529,30.580000000000002,0.25,0.2290564924478531,-0.002664776286110282,0.021112356334924698,-0.02094350755214691,-0.002664776286110282,0.442694753408432,0.02943306788802147,0.17373712360858917,0.13903018832206726,0,0,0
1530,30.6,0.25,0.23130686581134796,-0.0036292250733822584,0.019042178988456726,-0.01869313418865204,-0.0036292250733822584,0.4422762095928192,0.02682691253721714,0.26802578568458557,0.16105565428733826,0,0,0
1531,30.62,0.25,0.2328932285308838,-0.00622731726616621,0.018204975873231888,-0.01710677146911621,-0.00622731726616621,0.44202858209609985,0.020461052656173706,0.3327276110649109,0.1693039834499359,0,0,0
1532,30.64,0.25,0.23347921669483185,-0.008094352670013905,0.018397141247987747,-0.016520783305168152,-0.008094352670013905,0.4421278238296509,0.02139534242451191,0.3419819474220276,0.1479249745607376,0,0,0
1533,30.66,0.25,0.23505620658397675,-0.008085258305072784,0.01699083298444748,-0.014943793416023254,-0.008085258305072784,0.4424175024032593,0.02672002650797367,0.3838830292224884,0.205433189868927,0,0,0
1534,30.68,0.25,0.241352841258049,-0.0075630126520991325,0.01148792915046215,-0.008647158741950989,-0.0075630126520991325,0.4427076578140259,0.038031041622161865,0.42947080731391907,0.13470958173274994,0,0,0
1535,30.7,0.25,0.24141860008239746,-0.009272187948226929,0.01263383962213993,-0.008581399917602539,-0.009272187948226929,0.4433659315109253,0.05706162750720978,0.3717913329601288,0.1600259691476822,0,0,0
1536,30.72,0.25,0.2331099510192871,-0.008854617364704609,0.019070344045758247,-0.01689004898071289,-0.008854617364704609,0.44408804178237915,0.06252168864011765,0.25194087624549866,0.1879325658082962,0,0,0
1537,30.740000000000002,0.25,0.2302890121936798,-0.009057766757905483,0.021692536771297455,-0.01971098780632019,-0.009057766757905483,0.4445454776287079,0.05188826844096184,0.2554710805416107,0.15674999356269836,0,0,0
1538,30.76,0.25,0.23358191549777985,-0.008720196783542633,0.01859019510447979,-0.016418084502220154,-0.008720196783542633,0.4448182284832001,0.06339573115110397,0.26401180028915405,0.15555891394615173,0,0,0
1539,30.78,0.25,0.23866118490695953,-0.008576822467148304,0.014217264950275421,-0.011338815093040466,-0.008576822467148304,0.4450666606426239,0.0638214647769928,0.21138344705104828,0.14287571609020233,0,0,0
1540,30.8,0.25,0.24324986338615417,-0.011740541085600853,0.01354269776493311,-0.006750136613845825,-0.011740541085600853,0.4455189108848572,0.07457263022661209,0.15056942403316498,0.18037128448486328,0,0,0
1541,30.82,0.25,0.24863338470458984,-0.014415149576961994,0.014479785226285458,-0.0013666152954101562,-0.014415149576961994,0.4460362195968628,0.07538539171218872,0.13827434182167053,0.23598738014698029,0,0,0
1542,30.84,0.25,0.24666675925254822,-0.014991600066423416,0.015357687138020992,-0.0033332407474517822,-0.014991600066423416,0.44626161456108093,0.07710185647010803,0.18257999420166016,0.23622752726078033,0,0,0
1543,30.86,0.25,0.24831482768058777,-0.012200753204524517,0.012316581793129444,-0.0016851723194122314,-0.012200753204524517,0.44612401723861694,0.08219003677368164,0.2593552768230438,0.32810696959495544,0,0,0
1544,30.88,0.25,0.25037094950675964,-0.01417886558920145,0.014183716848492622,0.00037094950675964355,-0.01417886558920145,0.4458730220794678,0.08875495195388794,0.36469700932502747,0.3602573573589325,0,0,0
1545,30.900000000000002,0.25,0.2517309784889221,-0.017033305019140244,0.017121031880378723,0.0017309784889221191,-0.017033305019140244,0.4455534517765045,0.09085149317979813,0.43345582485198975,0.40856462717056274,0,0,0
1546,30.92,0.25,0.251838743686676,-0.01385667733848095,0.013978143222630024,0.0018387436866760254,-0.01385667733848095,0.4450255036354065,0.10325640439987183,0.45751237869262695,0.49329379200935364,0,0,0
1547,30.94,0.25,0.2517968714237213,-0.01152704656124115,0.011666256934404373,0.0017968714237213135,-0.01152704656124115,0.4443114995956421,0.08412357419729233,0.35896220803260803,0.46793368458747864,0,0,0
1548,30.96,0.25,0.24978764355182648,-0.008901683613657951,0.008904216811060905,-0.00021235644817352295,-0.008901683613657951,0.44342881441116333,0.06996534019708633,0.27814826369285583,0.4713250398635864,0,0,0
1549,30.98,0.25,0.24524566531181335,-0.008371218107640743,0.00962709728628397,-0.0047543346881866455,-0.008371218107640743,0.44264116883277893,0.04700857773423195,0.2010801136493683,0.405959814786911,0,0,0
1550,31.0,0.25,0.23245203495025635,-0.004120345693081617,0.018025213852524757,-0.017547965049743652,-0.004120345693081617,0.4417172074317932,0.03240317478775978,0.09908585995435715,0.3520154356956482,0,0,0
1551,31.02,0.25,0.23007410764694214,-0.0002032936317846179,0.019926929846405983,-0.01992589235305786,-0.0002032936317846179,0.44066861271858215,0.04342861473560333,0.1295369416475296,0.26688751578330994,0,0,0
1552,31.04,0.25,0.2319103330373764,0.002460910240188241,0.01825628988444805,-0.018089666962623596,0.002460910240188241,0.4399639368057251,0.050379641354084015,0.22107015550136566,0.21785645186901093,0,0,0
1553,31.060000000000002,0.25,0.23652483522891998,0.005381985101848841,0.014510197564959526,-0.013475164771080017,0.005381985101848841,0.4394679665565491,0.04956400394439697,0.3125326931476593,0.19298064708709717,0,0,0
1554,31.080000000000002,0.25,0.24170918762683868,0.005746887065470219,0.010087828151881695,-0.008290812373161316,0.005746887065470219,0.4391862154006958,0.04416889697313309,0.34833595156669617,0.1880572885274887,0,0,0
1555,31.1,0.25,0.24695611000061035,0.006510745733976364,0.007187146693468094,-0.0030438899993896484,0.006510745733976364,0.4389345049858093,0.025958145037293434,0.40740618109703064,0.23622697591781616,0,0,0
1556,31.12,0.25,0.24574284255504608,0.005367390811443329,0.006850713398307562,-0.0042571574449539185,0.005367390811443329,0.4385407567024231,0.013878057710826397,0.3893499970436096,0.23836646974086761,0,0,0
1557,31.14,0.25,0.2479170709848404,0.0056433179415762424,0.006015449296683073,-0.002082929015159607,0.0056433179415762424,0.4380788803100586,0.00632239505648613,0.39261651039123535,0.18345685303211212,0,0,0
1558,31.16,0.25,0.24847199022769928,0.002287935931235552,0.0027512661181390285,-0.0015280097723007202,0.002287935931235552,0.4378993511199951,0.014741015620529652,0.3370603024959564,0.19628165662288666,0,0,0
1559,31.18,0.25,0.24757570028305054,-0.0011361601063981652,0.0026773286517709494,-0.002424299716949463,-0.0011361601063981652,0.43792077898979187,0.016887126490473747,0.3118691146373749,0.23467101156711578,0,0,0
1560,31.2,0.25,0.24212893843650818,-0.004040517844259739,0.008847564458847046,-0.007871061563491821,-0.004040517844259739,0.4378858506679535,0.013315177522599697,0.2428753525018692,0.16224685311317444,0,0,0
1561,31.220000000000002,0.25,0.24037496745586395,-0.006884189322590828,0.011833567172288895,-0.009625032544136047,-0.006884189322590828,0.43780001997947693,0.015092084184288979,0.21028418838977814,0.1924591064453125,0,0,0
1562,31.240000000000002,0.25,0.23995333909988403,-0.007617485709488392,0.012607992626726627,-0.010046660900115967,-0.007617485709488392,0.43759918212890625,0.03225070983171463,0.2290799468755722,0.15863189101219177,0,0,0
1563,31.26,0.25,0.2441125512123108,-0.0037799132987856865,0.006996413227170706,-0.005887448787689209,-0.0037799132987856865,0.43722620606422424,0.0358300656080246,0.22661320865154266,0.19665494561195374,0,0,0
1564,31.28,0.25,0.25193580985069275,-0.00283126812428236,0.0034297870006412268,0.001935809850692749,-0.00283126812428236,0.4368855953216553,0.017115233466029167,0.21895959973335266,0.15477465093135834,0,0,0
1565,31.3,0.25,0.2553357183933258,-0.004018700215965509,0.006679808720946312,0.005335718393325806,-0.004018700215965509,0.43659549951553345,0.01885310560464859,0.20297493040561676,0.2213142067193985,0,0,0
1566,31.32,0.25,0.25521931052207947,-0.003927430137991905,0.006531914696097374,0.005219310522079468,-0.003927430137991905,0.43629416823387146,0.019171306863427162,0.21313020586967468,0.20991434156894684,0,0,0
1567,31.34,0.25,0.2586337924003601,-0.005974175874143839,0.01049919705837965,0.008633792400360107,-0.005974175874143839,0.4360521733760834,0.026635881513357162,0.252227246761322,0.18962550163269043,0,0,0
1568,31.36,0.25,0.25099870562553406,-0.0051696207374334335,0.005265205632895231,0.0009987056255340576,-0.0051696207374334335,0.4359613060951233,0.008631893433630466,0.27915000915527344,0.23414936661720276,0,0,0
1569,31.38,0.25,0.24645300209522247,-0.0007461939239874482,0.00362463784404099,-0.003546997904777527,-0.0007461939239874482,0.4357845187187195,0.07644069194793701,0.2640331983566284,0.2748599946498871,0,0,0
1570,31.400000000000002,0.25,0.24557922780513763,0.0012833840446546674,0.004603292793035507,-0.004420772194862366,0.0012833840446546674,0.4357457756996155,0.0708644688129425,0.39695000648498535,0.37967708706855774,0,0,0
1571,31.42,0.25,0.24280180037021637,0.0015376282390207052,0.007360596209764481,-0.00719819962978363,0.0015376282390207052,0.4359768033027649,0.055522143840789795,0.4306113123893738,0.36019036173820496,0,0,0
1572,31.44,0.25,0.2469056099653244,0.002772711683064699,0.004154898226261139,-0.003094390034675598,0.002772711683064699,0.4363948702812195,0.030288103967905045,0.3976466953754425,0.32992860674858093,0,0,0
1573,31.46,0.25,0.2514989972114563,0.0047867875546216965,0.005016006994992495,0.0014989972114562988,0.0047867875546216965,0.43700462579727173,0.0172065868973732,0.38449209928512573,0.29922130703926086,0,0,0
1574,31.48,0.25,0.24859090149402618,0.006223452277481556,0.006380980834364891,-0.001409098505973816,0.006223452277481556,0.43780505657196045,0.016033316031098366,0.3982715904712677,0.2992907464504242,0,0,0
1575,31.5,0.25,0.24754907190799713,0.00602392852306366,0.0065034423023462296,-0.0024509280920028687,0.00602392852306366,0.43860897421836853,0.01864408329129219,0.3706296384334564,0.3043612539768219,0,0,0
1576,31.52,0.25,0.2503018081188202,0.004358641337603331,0.004369077738374472,0.00030180811882019043,0.004358641337603331,0.43927502632141113,0.009427985176444054,0.28948718309402466,0.28634074330329895,0,0,0
1577,31.54,0.25,0.24611881375312805,-0.0014375874307006598,0.004138872027397156,-0.0038811862468719482,-0.0014375874307006598,0.43963104486465454,0.028091739863157272,0.2309260070323944,0.29657691717147827,0,0,0
1578,31.560000000000002,0.25,0.2476624995470047,-0.000837711850181222,0.002483076648786664,-0.0023375004529953003,-0.000837711850181222,0.4398323893547058,0.019859297201037407,0.14847393333911896,0.30316245555877686,0,0,0
1579,31.580000000000002,0.25,0.2498057633638382,0.0011677616275846958,0.0011838054051622748,-0.0001942366361618042,0.0011677616275846958,0.43995028734207153,0.012781556695699692,0.04814223572611809,0.21484701335430145,0,0,0
1580,31.6,0.25,0.24752549827098846,0.0029896111227571964,0.003880841890349984,-0.0024745017290115356,0.0029896111227571964,0.4401881694793701,0.03237427398562431,0.06422131508588791,0.17282435297966003,0,0,0
1581,31.62,0.25,0.24432168900966644,0.005191507283598185,0.007693826220929623,-0.005678310990333557,0.005191507283598185,0.44036024808883667,0.043042488396167755,0.1003570631146431,0.17715179920196533,0,0,0
1582,31.64,0.25,0.24476923048496246,0.005220746621489525,0.007390341255813837,-0.005230769515037537,0.005220746621489525,0.440151184797287,0.07161445170640945,0.24725441634655,0.14786064624786377,0,0,0
1583,31.66,0.25,0.24453133344650269,0.005699308589100838,0.007898635230958462,-0.0054686665534973145,0.005699308589100838,0.43991997838020325,0.057253289967775345,0.216340109705925,0.16786201298236847,0,0,0
1584,31.68,0.25,0.24443520605564117,0.0038502817042171955,0.006766948848962784,-0.005564793944358826,0.0038502817042171955,0.4398701786994934,0.04256712272763252,0.284196674823761,0.15769809484481812,0,0,0
1585,31.7,0.25,0.2453579157590866,0.0020736237056553364,0.005084177479147911,-0.004642084240913391,0.0020736237056553364,0.43994852900505066,0.04071766883134842,0.32300156354904175,0.1755763590335846,0,0,0
1586,31.720000000000002,0.25,0.2408866584300995,0.002459930721670389,0.009439505636692047,-0.009113341569900513,0.002459930721670389,0.44017112255096436,0.041726745665073395,0.3297654092311859,0.18074005842208862,0,0,0
1587,31.740000000000002,0.25,0.23982107639312744,-0.0012598808389157057,0.010256597772240639,-0.010178923606872559,-0.0012598808389157057,0.44040626287460327,0.04281739145517349,0.35281816124916077,0.2114817500114441,0,0,0
1588,31.76,0.25,0.23991557955741882,-0.0020581893622875214,0.010292311199009418,-0.010084420442581177,-0.0020581893622875214,0.4406997561454773,0.05123257264494896,0.341213196516037,0.17644931375980377,0,0,0
1589,31.78,0.25,0.239828959107399,-0.0027799506206065416,0.010544107295572758,-0.010171040892601013,-0.0027799506206065416,0.440910279750824,0.032526373863220215,0.4020586311817169,0.2026214301586151,0,0,0
1590,31.8,0.25,0.234618678689003,-0.00407777726650238,0.015912678092718124,-0.01538132131099701,-0.00407777726650238,0.4411850571632385,0.03885500505566597,0.3029628098011017,0.27037540078163147,0,0,0
1591,31.82,0.25,0.2323163002729416,-0.0026051276363432407,0.01787456125020981,-0.01768369972705841,-0.0026051276363432407,0.44150370359420776,0.018746865913271904,0.22139209508895874,0.16502586007118225,0,0,0
1592,31.84,0.25,0.2406562715768814,-0.002912213560193777,0.009787045419216156,-0.009343728423118591,-0.002912213560193777,0.4418049156665802,0.019442176446318626,0.21722522377967834,0.28453436493873596,0,0,0
1593,31.86,0.25,0.24271395802497864,-0.006019446067512035,0.009450932964682579,-0.007286041975021362,-0.006019446067512035,0.44208312034606934,0.034227851778268814,0.1555439680814743,0.2941642999649048,0,0,0
1594,31.88,0.25,0.24075457453727722,-0.008260768838226795,0.012398314662277699,-0.009245425462722778,-0.008260768838226795,0.4421418011188507,0.027624834328889847,0.1884857416152954,0.2818170487880707,0,0,0
1595,31.900000000000002,0.25,0.24291004240512848,-0.009653850458562374,0.011977659538388252,-0.007089957594871521,-0.009653850458562374,0.44187694787979126,0.04048489034175873,0.28095120191574097,0.31534597277641296,0,0,0
1596,31.92,0.25,0.24587541818618774,-0.009952048771083355,0.010772903449833393,-0.004124581813812256,-0.009952048771083355,0.44133883714675903,0.04313862696290016,0.35353243350982666,0.4104241728782654,0,0,0
1597,31.94,0.25,0.242463156580925,-0.012323837727308273,0.014445794746279716,-0.007536843419075012,-0.012323837727308273,0.4406495690345764,0.03419159725308418,0.44545698165893555,0.3868490755558014,0,0,0
1598,31.96,0.25,0.23786422610282898,-0.007196764927357435,0.0141092324629426,-0.01213577389717102,-0.007196764927357435,0.43955034017562866,0.05298444256186485,0.3863142430782318,0.4964362680912018,0,0,0
1599,31.98,0.25,0.240225151181221,-0.0036368193104863167,0.010429483838379383,-0.009774848818778992,-0.0036368193104863167,0.4383481740951538,0.05841425061225891,0.35909852385520935,0.4919392466545105,0,0,0
1600,32.0,0.25,0.24361532926559448,-0.0023090983740985394,0.006789400242269039,-0.006384670734405518,-0.0023090983740985394,0.4374358057975769,0.05293089151382446,0.3277212679386139,0.4614386260509491,0,0,0
1601,32.02,0.25,0.24067242443561554,-0.0006702844984829426,0.00935162790119648,-0.00932757556438446,-0.0006702844984829426,0.43682852387428284,0.01956772990524769,0.17688657343387604,0.3993575870990753,0,0,0
1602,32.04,0.25,0.23670941591262817,0.001692391699180007,0.013397904112935066,-0.013290584087371826,0.001692391699180007,0.4363810122013092,0.036097969859838486,0.05907542631030083,0.3163585364818573,0,0,0
1603,32.06,0.25,0.2409977912902832,0.004767260514199734,0.01018658559769392,-0.009002208709716797,0.004767260514199734,0.43624359369277954,0.05812458693981171,0.1643049120903015,0.2222760021686554,0,0,0
1604,32.08,0.25,0.2367599755525589,0.007724633906036615,0.015328672714531422,-0.013240024447441101,0.007724633906036615,0.43642759323120117,0.07079579681158066,0.24526602029800415,0.20334871113300323,0,0,0
1605,32.1,0.25,0.23775365948677063,0.008570260368287563,0.014947314746677876,-0.01224634051322937,0.008570260368287563,0.43663284182548523,0.088102325797081,0.34149253368377686,0.1843269020318985,0,0,0
1606,32.12,0.25,0.23679625988006592,0.009778065606951714,0.01643013395369053,-0.013203740119934082,0.009778065606951714,0.4368038773536682,0.10825315862894058,0.42984306812286377,0.17549702525138855,0,0,0
1607,32.14,0.25,0.23622313141822815,0.012445444241166115,0.018565861508250237,-0.01377686858177185,0.012445444241166115,0.4370054304599762,0.09957139194011688,0.44697585701942444,0.167282834649086,0,0,0
1608,32.160000000000004,0.25,0.23633860051631927,0.01075751706957817,0.017388444393873215,-0.013661399483680725,0.01075751706957817,0.43731725215911865,0.08182936161756516,0.4263085424900055,0.23775145411491394,0,0,0
1609,32.18,0.25,0.24000348150730133,0.008762468583881855,0.013293278403580189,-0.00999651849269867,0.008762468583881855,0.43766939640045166,0.053525011986494064,0.37602490186691284,0.21171338856220245,0,0,0
1610,32.2,0.25,0.2441675066947937,0.008059677667915821,0.009948687627911568,-0.005832493305206299,0.008059677667915821,0.43799319863319397,0.02622910961508751,0.3483412563800812,0.23656150698661804,0,0,0
1611,32.22,0.25,0.24333223700523376,0.0057785906828939915,0.008823331445455551,-0.006667762994766235,0.0057785906828939915,0.4383481740951538,0.013503698632121086,0.2687433958053589,0.17368236184120178,0,0,0
1612,32.24,0.25,0.24043487012386322,0.003083628136664629,0.010049899108707905,-0.00956512987613678,0.003083628136664629,0.4386462867259979,0.012446410022675991,0.277187317609787,0.20216938853263855,0,0,0
1613,32.26,0.25,0.24062798917293549,-0.00028007739456370473,0.009376195259392262,-0.009372010827064514,-0.00028007739456370473,0.4385894238948822,0.02168700098991394,0.2862473726272583,0.21018172800540924,0,0,0
1614,32.28,0.25,0.2385232001543045,-0.002205942990258336,0.011686878278851509,-0.011476799845695496,-0.002205942990258336,0.4382912516593933,0.023280862718820572,0.21531569957733154,0.17679639160633087,0,0,0
1615,32.3,0.25,0.23655405640602112,-0.004166365135461092,0.014076647348701954,-0.013445943593978882,-0.004166365135461092,0.43783828616142273,0.03906445577740669,0.16150565445423126,0.2084977626800537,0,0,0
1616,32.32,0.25,0.24425561726093292,-0.0017562874127179384,0.006006869021803141,-0.005744382739067078,-0.0017562874127179384,0.43728798627853394,0.02542291395366192,0.19528988003730774,0.2297290563583374,0,0,0
1617,32.34,0.25,0.2448817640542984,-0.0014930584002286196,0.005331562831997871,-0.005118235945701599,-0.0014930584002286196,0.4367101490497589,0.028908615931868553,0.18917129933834076,0.1849866807460785,0,0,0
1618,32.36,0.25,0.24550460278987885,-0.004072949290275574,0.00606609508395195,-0.004495397210121155,-0.004072949290275574,0.4362521171569824,0.03288739547133446,0.2114538848400116,0.2099907398223877,0,0,0
1619,32.38,0.25,0.23623405396938324,-0.003463241970166564,0.014194903895258904,-0.01376594603061676,-0.003463241970166564,0.43571943044662476,0.03265988826751709,0.26348212361335754,0.21283599734306335,0,0,0
1620,32.4,0.25,0.23628824949264526,-0.0025288716424256563,0.013943001627922058,-0.013711750507354736,-0.0025288716424256563,0.4349172115325928,0.03632086515426636,0.2736316919326782,0.21313261985778809,0,0,0
1621,32.42,0.25,0.23633338510990143,-0.0038149901665747166,0.014189098961651325,-0.013666614890098572,-0.0038149901665747166,0.43418946862220764,0.020637361332774162,0.37257787585258484,0.2819107174873352,0,0,0
1622,32.44,0.25,0.2330908626317978,0.00519429100677371,0.017688967287540436,-0.01690913736820221,0.00519429100677371,0.4339132010936737,0.08822093158960342,0.36530396342277527,0.2639102041721344,0,0,0
1623,32.46,0.25,0.23614880442619324,0.004830870311707258,0.014669455587863922,-0.013851195573806763,0.004830870311707258,0.43406251072883606,0.07419794797897339,0.33438220620155334,0.30616599321365356,0,0,0
1624,32.480000000000004,0.25,0.23606263101100922,0.00541094271466136,0.014950871467590332,-0.013937368988990784,0.00541094271466136,0.4345993399620056,0.06285680085420609,0.3670327961444855,0.24851956963539124,0,0,0
1625,32.5,0.25,0.24000395834445953,0.005581042263656855,0.011448532342910767,-0.009996041655540466,0.005581042263656855,0.43545812368392944,0.04906454682350159,0.3606495261192322,0.295447438955307,0,0,0
1626,32.52,0.25,0.24092185497283936,0.005471675656735897,0.010599620640277863,-0.009078145027160645,0.005471675656735897,0.43656492233276367,0.03127572685480118,0.40613678097724915,0.2601015269756317,0,0,0
1627,32.54,0.25,0.24037222564220428,0.005114763043820858,0.010902056470513344,-0.009627774357795715,0.005114763043820858,0.4378107488155365,0.0258160587400198,0.43007978796958923,0.34572622179985046,0,0,0
1628,32.56,0.25,0.24325327575206757,0.002827917691320181,0.007315422408282757,-0.006746724247932434,0.002827917691320181,0.4390815198421478,0.02957981638610363,0.3472326695919037,0.38007062673568726,0,0,0
1629,32.58,0.25,0.2489289939403534,0.0024299556389451027,0.002655510790646076,-0.0010710060596466064,0.0024299556389451027,0.4401896595954895,0.014240069314837456,0.28360477089881897,0.32667607069015503,0,0,0
1630,32.6,0.25,0.24582155048847198,-0.002156830159947276,0.004702271427959204,-0.004178449511528015,-0.002156830159947276,0.4413382411003113,0.020502284169197083,0.27229830622673035,0.2969155013561249,0,0,0
1631,32.62,0.25,0.245138019323349,-0.0031539862975478172,0.005795384757220745,-0.004861980676651001,-0.0031539862975478172,0.4422191381454468,0.019360750913619995,0.1430116444826126,0.2577556371688843,0,0,0
1632,32.64,0.25,0.24621957540512085,-0.001448518829420209,0.0040484340861439705,-0.0037804245948791504,-0.001448518829420209,0.44269925355911255,0.008340760134160519,0.06458120048046112,0.1918361634016037,0,0,0
1633,32.660000000000004,0.25,0.25100940465927124,0.0024761308450251818,0.0026739712338894606,0.0010094046592712402,0.0024761308450251818,0.4429953694343567,0.028717391192913055,0.044557392597198486,0.1921093761920929,0,0,0
1634,32.68,0.25,0.24571242928504944,0.0033965385518968105,0.00546989357098937,-0.0042875707149505615,0.0033965385518968105,0.44316330552101135,0.03988737240433693,0.0781928151845932,0.20749802887439728,0,0,0
1635,32.7,0.25,0.24297140538692474,0.0011681243777275085,0.007125002332031727,-0.007028594613075256,0.0011681243777275085,0.4430012106895447,0.038168881088495255,0.20397506654262543,0.1533069908618927,0,0,0
1636,32.72,0.25,0.24680721759796143,-0.0005437829531729221,0.003238758770748973,-0.0031927824020385742,-0.0005437829531729221,0.44265323877334595,0.03789924830198288,0.31345266103744507,0.13852982223033905,0,0,0
1637,32.74,0.25,0.2442951649427414,-0.003490189556032419,0.006687792483717203,-0.005704835057258606,-0.003490189556032419,0.442584365606308,0.03879772871732712,0.29734933376312256,0.20840010046958923,0,0,0
1638,32.76,0.25,0.23783035576343536,-0.003714458318427205,0.012723891995847225,-0.012169644236564636,-0.003714458318427205,0.4426148533821106,0.043510980904102325,0.3128363788127899,0.13869774341583252,0,0,0
1639,32.78,0.25,0.23774005472660065,-0.004562304355204105,0.013081317767500877,-0.012259945273399353,-0.004562304355204105,0.44256263971328735,0.05066492035984993,0.36764198541641235,0.18074104189872742,0,0,0
1640,32.8,0.25,0.23683562874794006,-0.003223920240998268,0.01355338841676712,-0.013164371252059937,-0.003223920240998268,0.44242537021636963,0.03403281420469284,0.31516343355178833,0.16243192553520203,0,0,0
1641,32.82,0.25,0.24478787183761597,-0.005573940463364124,0.007631191983819008,-0.005212128162384033,-0.005573940463364124,0.4425390362739563,0.05769189074635506,0.292544960975647,0.21227160096168518,0,0,0
1642,32.84,0.25,0.24212433397769928,-0.0043899426236748695,0.009016524069011211,-0.00787566602230072,-0.0043899426236748695,0.442820280790329,0.056615881621837616,0.2727603614330292,0.22415532171726227,0,0,0
1643,32.86,0.25,0.24169562757015228,-0.004213462583720684,0.00931213516741991,-0.008304372429847717,-0.004213462583720684,0.4428805112838745,0.06070258468389511,0.27101191878318787,0.22195082902908325,0,0,0
1644,32.88,0.25,0.2397339940071106,-0.0038444814272224903,0.010962249711155891,-0.010266005992889404,-0.0038444814272224903,0.4427544176578522,0.037684760987758636,0.2264554798603058,0.23051266372203827,0,0,0
1645,32.9,0.25,0.2395317554473877,-0.008712179027497768,0.013619331642985344,-0.010468244552612305,-0.008712179027497768,0.44229185581207275,0.033183857798576355,0.20468124747276306,0.3054291903972626,0,0,0
1646,32.92,0.25,0.23768484592437744,-0.007600958459079266,0.014471958391368389,-0.012315154075622559,-0.007600958459079266,0.44165194034576416,0.02994353137910366,0.12304642051458359,0.28994354605674744,0,0,0
1647,32.94,0.25,0.24208378791809082,-0.005484363995492458,0.00963040255010128,-0.00791621208190918,-0.005484363995492458,0.4409075975418091,0.06326718628406525,0.19169899821281433,0.34875982999801636,0,0,0
1648,32.96,0.25,0.24727816879749298,-0.005272349342703819,0.005933466833084822,-0.002721831202507019,-0.005272349342703819,0.43999040126800537,0.08865883946418762,0.24544616043567657,0.3984113335609436,0,0,0
1649,32.980000000000004,0.25,0.2501305043697357,-0.012079646810889244,0.012080350890755653,0.00013050436973571777,-0.012079646810889244,0.439205527305603,0.0779302641749382,0.3531947433948517,0.3996996283531189,0,0,0
1650,33.0,0.25,0.2471972554922104,-0.011687073856592178,0.012018446810543537,-0.002802744507789612,-0.011687073856592178,0.43845731019973755,0.09081403911113739,0.41639262437820435,0.49396541714668274,0,0,0
1651,33.02,0.25,0.24567891657352448,-0.01195552945137024,0.012712452560663223,-0.004321083426475525,-0.01195552945137024,0.43776655197143555,0.07950818538665771,0.3965150713920593,0.4748658537864685,0,0,0
1652,33.04,0.25,0.24567468464374542,-0.01034931093454361,0.011216799728572369,-0.004325315356254578,-0.01034931093454361,0.4369359016418457,0.0763806477189064,0.29295581579208374,0.4552217721939087,0,0,0
1653,33.06,0.25,0.2443901151418686,-0.008312873542308807,0.01002869289368391,-0.005609884858131409,-0.008312873542308807,0.4361560344696045,0.0723336786031723,0.22461090981960297,0.4827308654785156,0,0,0
1654,33.08,0.25,0.24424415826797485,-0.004254091531038284,0.00715730432420969,-0.0057558417320251465,-0.004254091531038284,0.43563586473464966,0.04804350063204765,0.10420839488506317,0.27852779626846313,0,0,0
1655,33.1,0.25,0.24478189647197723,0.0006842059083282948,0.005262769293040037,-0.005218103528022766,0.0006842059083282948,0.43527865409851074,0.03355051204562187,0.09625948965549469,0.2810060679912567,0,0,0
1656,33.12,0.25,0.23745256662368774,0.008222188800573349,0.015001415275037289,-0.012547433376312256,0.008222188800573349,0.4351637363433838,0.027811966836452484,0.2182457447052002,0.2102327197790146,0,0,0
1657,33.14,0.25,0.239695742726326,0.01129052322357893,0.0152857331559062,-0.010304257273674011,0.01129052322357893,0.4351065158843994,0.023878777399659157,0.3183614909648895,0.23414961993694305,0,0,0
1658,33.160000000000004,0.25,0.24041514098644257,0.009452118538320065,0.013461503200232983,-0.009584859013557434,0.009452118538320065,0.43516093492507935,0.008542153052985668,0.3751009702682495,0.2476353943347931,0,0,0
1659,33.18,0.25,0.24140611290931702,0.0074174231849610806,0.011352228000760078,-0.008593887090682983,0.0074174231849610806,0.43538495898246765,0.013965681195259094,0.39083990454673767,0.18116410076618195,0,0,0
1660,33.2,0.25,0.24277867376804352,0.004977798089385033,0.008770748041570187,-0.007221326231956482,0.004977798089385033,0.4356999397277832,0.007119936868548393,0.4063875675201416,0.22561627626419067,0,0,0
1661,33.22,0.25,0.2424136847257614,0.0032251900993287563,0.008243423886597157,-0.007586315274238586,0.0032251900993287563,0.43601638078689575,0.006433520000427961,0.40355348587036133,0.23548105359077454,0,0,0
1662,33.24,0.25,0.24402622878551483,0.0015511764213442802,0.006171878892928362,-0.0059737712144851685,0.0015511764213442802,0.4363953769207001,0.029867758974432945,0.41701585054397583,0.20645487308502197,0,0,0
1663,33.26,0.25,0.2436257302761078,0.0014872030587866902,0.006545463111251593,-0.006374269723892212,0.0014872030587866902,0.4367600679397583,0.041216425597667694,0.37727296352386475,0.18588119745254517,0,0,0
1664,33.28,0.25,0.24222055077552795,-0.0025057741440832615,0.008173049427568913,-0.007779449224472046,-0.0025057741440832615,0.4370805025100708,0.045655861496925354,0.314689964056015,0.17740373313426971,0,0,0
1665,33.3,0.25,0.23912744224071503,-0.005345312412828207,0.012115481309592724,-0.010872557759284973,-0.005345312412828207,0.4372568428516388,0.04262891039252281,0.2355038970708847,0.2269795835018158,0,0,0
1666,33.32,0.25,0.24553260207176208,-0.008250419050455093,0.009382274001836777,-0.004467397928237915,-0.008250419050455093,0.43701666593551636,0.040869779884815216,0.34281080961227417,0.2470892071723938,0,0,0
1667,33.34,0.25,0.24705299735069275,-0.005622645374387503,0.006348146591335535,-0.002947002649307251,-0.005622645374387503,0.43667885661125183,0.03322239965200424,0.23785129189491272,0.23763975501060486,0,0,0
1668,33.36,0.25,0.24951905012130737,-0.00376869086176157,0.0037992557045072317,-0.00048094987869262695,-0.00376869086176157,0.43647629022598267,0.0514395609498024,0.21963448822498322,0.18619827926158905,0,0,0
1669,33.38,0.25,0.24905194342136383,-0.001763160340487957,0.0020018855575472116,-0.0009480565786361694,-0.001763160340487957,0.4361230731010437,0.04838987812399864,0.21760253608226776,0.21551679074764252,0,0,0
1670,33.4,0.25,0.24224959313869476,-0.0015244258102029562,0.007898903451859951,-0.007750406861305237,-0.0015244258102029562,0.43558430671691895,0.033459436148405075,0.187260240316391,0.20623117685317993,0,0,0
1671,33.42,0.25,0.23917806148529053,-0.0021043098531663418,0.01102463062852621,-0.010821938514709473,-0.0021043098531663418,0.4348478317260742,0.04275073483586311,0.22495318949222565,0.17222733795642853,0,0,0
1672,33.44,0.25,0.2434389889240265,-0.006029242649674416,0.008910591714084148,-0.006561011075973511,-0.006029242649674416,0.4341713488101959,0.033341240137815475,0.2800198793411255,0.2749161422252655,0,0,0
1673,33.46,0.25,0.24939684569835663,-0.00851394608616829,0.008535284548997879,-0.0006031543016433716,-0.00851394608616829,0.4340307116508484,0.03541264683008194,0.3285653591156006,0.20522895455360413,0,0,0
1674,33.480000000000004,0.25,0.24417199194431305,-0.0031065349467098713,0.00660425890237093,-0.005828008055686951,-0.0031065349467098713,0.434386283159256,0.0953543558716774,0.3466368615627289,0.20352163910865784,0,0,0
1675,33.5,0.25,0.2424125224351883,-0.0033882607240229845,0.008309640921652317,-0.0075874775648117065,-0.0033882607240229845,0.43479984998703003,0.07552109658718109,0.3936598002910614,0.2784940302371979,0,0,0
1676,33.52,0.25,0.24123556911945343,-0.00375655060634017,0.009535560384392738,-0.00876443088054657,-0.00375655060634017,0.4350888133049011,0.05399109423160553,0.34107282757759094,0.2554948925971985,0,0,0
1677,33.54,0.25,0.23781818151474,-0.0038139200769364834,0.012764900922775269,-0.01218181848526001,-0.0038139200769364834,0.4353068172931671,0.05423737317323685,0.37561333179473877,0.31442272663116455,0,0,0
1678,33.56,0.25,0.24134816229343414,-0.004451954737305641,0.009730066172778606,-0.008651837706565857,-0.004451954737305641,0.4357997179031372,0.04527880623936653,0.3779117465019226,0.21201151609420776,0,0,0
1679,33.58,0.25,0.2422734498977661,-0.00556536391377449,0.009522229433059692,-0.007726550102233887,-0.00556536391377449,0.4365292191505432,0.040352512151002884,0.4183557331562042,0.35235682129859924,0,0,0
1680,33.6,0.25,0.24434000253677368,-0.005217911209911108,0.007698192726820707,-0.005659997463226318,-0.005217911209911108,0.4372503161430359,0.019912008196115494,0.4331406354904175,0.314134806394577,0,0,0
1681,33.62,0.25,0.2454948127269745,-0.0028717212844640017,0.005342611577361822,-0.004505187273025513,-0.0028717212844640017,0.4379649758338928,0.03701763227581978,0.4525848627090454,0.3736661672592163,0,0,0
1682,33.64,0.25,0.2408248633146286,-0.004782291129231453,0.010346663184463978,-0.009175136685371399,-0.004782291129231453,0.43867915868759155,0.021424083039164543,0.38293442130088806,0.3575403690338135,0,0,0
1683,33.660000000000004,0.25,0.24754565954208374,-0.0010448331013321877,0.002667482476681471,-0.0024543404579162598,-0.0010448331013321877,0.43912312388420105,0.03184223920106888,0.2381480187177658,0.3112697899341583,0,0,0
1684,33.68,0.25,0.24889443814754486,-7.720757275819778e-05,0.0011082545388489962,-0.0011055618524551392,-7.720757275819778e-05,0.4395211338996887,0.04898589104413986,0.13920120894908905,0.2286631315946579,0,0,0
1685,33.7,0.25,0.24189354479312897,-0.003133635502308607,0.008691046386957169,-0.008106455206871033,-0.003133635502308607,0.4394772946834564,0.027607815340161324,0.02264280430972576,0.20043030381202698,0,0,0
1686,33.72,0.25,0.23811228573322296,-0.0033556518610566854,0.012352253310382366,-0.011887714266777039,-0.0033556518610566854,0.4391535520553589,0.016593758016824722,0.04056081920862198,0.17837616801261902,0,0,0
1687,33.74,0.25,0.2363024652004242,-0.00585608696565032,0.014896852895617485,-0.013697534799575806,-0.00585608696565032,0.43874484300613403,0.024403033778071404,0.15896393358707428,0.16963909566402435,0,0,0
1688,33.76,0.25,0.2402218133211136,-0.005739470012485981,0.011338185518980026,-0.009778186678886414,-0.005739470012485981,0.43832623958587646,0.030131163075566292,0.24751941859722137,0.1407245397567749,0,0,0
1689,33.78,0.25,0.24153569340705872,-0.004843751899898052,0.009752252139151096,-0.008464306592941284,-0.004843751899898052,0.4382167458534241,0.052516210824251175,0.25901269912719727,0.12408681958913803,0,0,0
1690,33.8,0.25,0.2376011461019516,-0.0052359504625201225,0.01345907710492611,-0.012398853898048401,-0.0052359504625201225,0.43835723400115967,0.05635219067335129,0.25238165259361267,0.19798076152801514,0,0,0
1691,33.82,0.25,0.2358291745185852,-0.006825532764196396,0.015728959813714027,-0.014170825481414795,-0.006825532764196396,0.43856289982795715,0.05520742014050484,0.271222323179245,0.13907307386398315,0,0,0
1692,33.84,0.25,0.23732176423072815,-0.006936410441994667,0.014451693743467331,-0.01267823576927185,-0.006936410441994667,0.4389623999595642,0.056333865970373154,0.2841169834136963,0.18892602622509003,0,0,0
1693,33.86,0.25,0.2451399862766266,-0.010162102989852428,0.01126446109265089,-0.004860013723373413,-0.010162102989852428,0.4395979046821594,0.0673845112323761,0.3476437032222748,0.2062695324420929,0,0,0
1694,33.88,0.25,0.24429704248905182,-0.008262792602181435,0.010039794258773327,-0.005702957510948181,-0.008262792602181435,0.44044074416160583,0.07807870954275131,0.287078320980072,0.16597850620746613,0,0,0
1695,33.9,0.25,0.23811548948287964,-0.008352680131793022,0.014526143670082092,-0.011884510517120361,-0.008352680131793022,0.4412713646888733,0.053312577307224274,0.26176804304122925,0.20576398074626923,0,0,0
1696,33.92,0.25,0.23419225215911865,-0.010470532812178135,0.01896093226969242,-0.015807747840881348,-0.010470532812178135,0.44195204973220825,0.028751185163855553,0.2330903708934784,0.19545890390872955,0,0,0
1697,33.94,0.25,0.2359316647052765,-0.00979435071349144,0.017141975462436676,-0.01406833529472351,-0.00979435071349144,0.44245994091033936,0.03118036687374115,0.22780682146549225,0.30201947689056396,0,0,0
1698,33.96,0.25,0.22393916547298431,-0.008493026718497276,0.027409827336668968,-0.026060834527015686,-0.008493026718497276,0.44262027740478516,0.035260312259197235,0.17008036375045776,0.2923754155635834,0,0,0
1699,33.980000000000004,0.25,0.22662456333637238,-0.0073850336484611034,0.024514276534318924,-0.023375436663627625,-0.0073850336484611034,0.4423188865184784,0.049457576125860214,0.16696852445602417,0.33885517716407776,0,0,0
1700,34.0,0.25,0.22918176651000977,-0.008224396035075188,0.022383913397789,-0.020818233489990234,-0.008224396035075188,0.44209933280944824,0.06365898996591568,0.2968725860118866,0.3321048319339752,0,0,0
1701,34.02,0.25,0.23889337480068207,-0.010291154496371746,0.015141499228775501,-0.011106625199317932,-0.010291154496371746,0.44191041588783264,0.07127797603607178,0.3400660753250122,0.3940500319004059,0,0,0
1702,34.04,0.25,0.244953915476799,-0.013958447612822056,0.014842547476291656,-0.005046084523200989,-0.013958447612822056,0.4416999816894531,0.06554888188838959,0.37584754824638367,0.40034452080726624,0,0,0
1703,34.06,0.25,0.24233704805374146,-0.010681921616196632,0.013146264478564262,-0.007662951946258545,-0.010681921616196632,0.44131791591644287,0.07139787077903748,0.3926634192466736,0.4999011158943176,0,0,0
1704,34.08,0.25,0.24620729684829712,-0.007343627046793699,0.008265195414423943,-0.003792703151702881,-0.007343627046793699,0.44079673290252686,0.08179715275764465,0.3363831639289856,0.46841320395469666,0,0,0
1705,34.1,0.25,0.2451903522014618,-0.005208531394600868,0.007089535240083933,-0.004809647798538208,-0.005208531394600868,0.4403596818447113,0.07543797045946121,0.2927485704421997,0.5175284743309021,0,0,0
1706,34.12,0.25,0.2378789633512497,-0.0051238685846328735,0.013159542344510555,-0.012121036648750305,-0.0051238685846328735,0.44014525413513184,0.045192521065473557,0.2276138812303543,0.4474683701992035,0,0,0
1707,34.14,0.25,0.2392098754644394,-0.0024435827508568764,0.011063357815146446,-0.010790124535560608,-0.0024435827508568764,0.44001153111457825,0.03544510528445244,0.09329567849636078,0.2548102140426636,0,0,0
1708,34.160000000000004,0.25,0.23969818651676178,0.0029200189746916294,0.010707654990255833,-0.01030181348323822,0.0029200189746916294,0.4401100277900696,0.0418039932847023,0.14858102798461914,0.29553815722465515,0,0,0
1709,34.18,0.25,0.23746003210544586,0.006433299742639065,0.014093904756009579,-0.012539967894554138,0.006433299742639065,0.44028425216674805,0.041667379438877106,0.2716439962387085,0.2275533527135849,0,0,0
1710,34.2,0.25,0.23715785145759583,0.007088975049555302,0.014668822288513184,-0.012842148542404175,0.007088975049555302,0.44024938344955444,0.04112178087234497,0.38748666644096375,0.19279064238071442,0,0,0
1711,34.22,0.25,0.23645536601543427,0.006572803482413292,0.015055193565785885,-0.013544633984565735,0.006572803482413292,0.4401344954967499,0.048791248351335526,0.42541566491127014,0.19570991396903992,0,0,0
1712,34.24,0.25,0.24348615109920502,0.004516968037933111,0.007926741614937782,-0.006513848900794983,0.004516968037933111,0.4399976134300232,0.04679820314049721,0.48672792315483093,0.14445212483406067,0,0,0
1713,34.26,0.25,0.24713276326656342,0.004620627500116825,0.005437945015728474,-0.0028672367334365845,0.004620627500116825,0.4400343894958496,0.026296941563487053,0.4502992033958435,0.19012199342250824,0,0,0
1714,34.28,0.25,0.24525323510169983,0.004498125519603491,0.006539488676935434,-0.004746764898300171,0.004498125519603491,0.44008883833885193,0.023341836407780647,0.38362276554107666,0.22041071951389313,0,0,0
1715,34.300000000000004,0.25,0.2417512685060501,0.0021305219270288944,0.008519429713487625,-0.00824873149394989,0.0021305219270288944,0.44007307291030884,0.03619583696126938,0.3242214620113373,0.21832586824893951,0,0,0
1716,34.32,0.25,0.238077774643898,0.0007181252585723996,0.011943833902478218,-0.01192222535610199,0.0007181252585723996,0.43980711698532104,0.029349632561206818,0.32164523005485535,0.22169089317321777,0,0,0
1717,34.34,0.25,0.24174442887306213,-0.0039246706292033195,0.009140978567302227,-0.008255571126937866,-0.0039246706292033195,0.4393124580383301,0.04562680423259735,0.34542039036750793,0.31690460443496704,0,0,0
1718,34.36,0.25,0.24184481799602509,-0.005668647587299347,0.009931795299053192,-0.008155182003974915,-0.005668647587299347,0.4387347102165222,0.034287746995687485,0.29751139879226685,0.2416340410709381,0,0,0
1719,34.38,0.25,0.24035803973674774,-0.003505599219352007,0.01025946531444788,-0.009641960263252258,-0.003505599219352007,0.4379565715789795,0.02494257502257824,0.26530352234840393,0.1763380467891693,0,0,0
1720,34.4,0.25,0.2448596954345703,-0.001951121841557324,0.005498145706951618,-0.0051403045654296875,-0.001951121841557324,0.4371006190776825,0.0293942429125309,0.3125552237033844,0.24743132293224335,0,0,0
1721,34.42,0.25,0.2479536533355713,0.0006917145801708102,0.0021600935142487288,-0.002046346664428711,0.0006917145801708102,0.4362611770629883,0.030344223603606224,0.2722840905189514,0.23716677725315094,0,0,0
1722,34.44,0.25,0.24941682815551758,0.005591623950749636,0.005621952470391989,-0.0005831718444824219,0.005591623950749636,0.4352838099002838,0.03176122531294823,0.21891020238399506,0.21554063260555267,0,0,0
1723,34.46,0.25,0.2500341534614563,0.007667177822440863,0.007667254190891981,3.415346145629883e-05,0.007667177822440863,0.4343718886375427,0.026569770649075508,0.16814270615577698,0.20254504680633545,0,0,0
1724,34.480000000000004,0.25,0.25042158365249634,0.005937191192060709,0.005952140316367149,0.0004215836524963379,0.005937191192060709,0.43368953466415405,0.015035945922136307,0.19561345875263214,0.18077632784843445,0,0,0
1725,34.5,0.25,0.24786075949668884,0.004924120381474495,0.005368734709918499,-0.0021392405033111572,0.004924120381474495,0.4332692623138428,0.012686334550380707,0.2914010286331177,0.17463335394859314,0,0,0
1726,34.52,0.25,0.2353728711605072,0.011717966757714748,0.01874202862381935,-0.014627128839492798,0.011717966757714748,0.4331139922142029,0.09712858498096466,0.3864998519420624,0.2362459897994995,0,0,0
1727,34.54,0.25,0.2380462884902954,0.012393902987241745,0.01721917651593685,-0.01195371150970459,0.012393902987241745,0.4331212043762207,0.06462638080120087,0.4017529785633087,0.35779160261154175,0,0,0
1728,34.56,0.25,0.2369353026151657,0.016333336010575294,0.020915644243359566,-0.01306469738483429,0.016333336010575294,0.4332887530326843,0.06151115894317627,0.4196580946445465,0.2958168387413025,0,0,0
1729,34.58,0.25,0.2382616102695465,0.014399101957678795,0.018577512353658676,-0.011738389730453491,0.014399101957678795,0.43370383977890015,0.05593353137373924,0.4222020208835602,0.28369778394699097,0,0,0
1730,34.6,0.25,0.2438792586326599,0.01146876160055399,0.01299984473735094,-0.006120741367340088,0.01146876160055399,0.43454617261886597,0.051298901438713074,0.40894246101379395,0.3000968098640442,0,0,0
1731,34.62,0.25,0.2444504350423813,0.009614032693207264,0.01110077928751707,-0.005549564957618713,0.009614032693207264,0.4357433319091797,0.057039525359869,0.43011313676834106,0.32379889488220215,0,0,0
1732,34.64,0.25,0.240178182721138,0.008984087966382504,0.013310970738530159,-0.009821817278862,0.008984087966382504,0.4368606507778168,0.06372224539518356,0.4120481312274933,0.28648024797439575,0,0,0
1733,34.660000000000004,0.25,0.23683440685272217,0.010866595432162285,0.01707090251147747,-0.013165593147277832,0.010866595432162285,0.4375675618648529,0.07910703122615814,0.33664196729660034,0.330003947019577,0,0,0
1734,34.68,0.25,0.23389051854610443,0.010292120277881622,0.019116567447781563,-0.01610948145389557,0.010292120277881622,0.43798965215682983,0.06331802159547806,0.3374316394329071,0.3481743633747101,0,0,0
1735,34.7,0.25,0.23517106473445892,0.013814966194331646,0.020266983658075333,-0.014828935265541077,0.013814966194331646,0.4384319484233856,0.04309564456343651,0.2699124813079834,0.26723024249076843,0,0,0
1736,34.72,0.25,0.24059858918190002,0.013838513754308224,0.016729943454265594,-0.009401410818099976,0.013838513754308224,0.4389163553714752,0.022592725232243538,0.15477143228054047,0.18697087466716766,0,0,0
1737,34.74,0.25,0.24478447437286377,0.010913213714957237,0.012095451354980469,-0.0052155256271362305,0.010913213714957237,0.43923524022102356,0.02901923842728138,0.016068940982222557,0.22394953668117523,0,0,0
1738,34.76,0.25,0.2410002499818802,0.0051332637667655945,0.010360786691308022,-0.008999750018119812,0.0051332637667655945,0.43940141797065735,0.03341401368379593,0.0751006156206131,0.17869652807712555,0,0,0
1739,34.78,0.25,0.23513048887252808,0.0007559851510450244,0.014888716861605644,-0.014869511127471924,0.0007559851510450244,0.43940141797065735,0.04933863878250122,0.1529904305934906,0.17433655261993408,0,0,0
1740,34.800000000000004,0.25,0.22849437594413757,0.001945622731000185,0.021593455225229263,-0.021505624055862427,0.001945622731000185,0.4393077492713928,0.06431993097066879,0.17450091242790222,0.16400161385536194,0,0,0
1741,34.82,0.25,0.2364521324634552,0.00323319248855114,0.013928324915468693,-0.0135478675365448,0.00323319248855114,0.4391134977340698,0.07110533118247986,0.30858004093170166,0.11090783774852753,0,0,0
1742,34.84,0.25,0.23731864988803864,0.0022590109147131443,0.01288098469376564,-0.012681350111961365,0.0022590109147131443,0.43916070461273193,0.05809531733393669,0.3484463691711426,0.18789084255695343,0,0,0
1743,34.86,0.25,0.24001362919807434,0.002589064883068204,0.010316533036530018,-0.00998637080192566,0.002589064883068204,0.43931299448013306,0.047516074031591415,0.3769669532775879,0.16827334463596344,0,0,0
1744,34.88,0.25,0.23891356587409973,-0.0010945743415504694,0.011140337213873863,-0.011086434125900269,-0.0010945743415504694,0.4395994544029236,0.044015977531671524,0.3810715079307556,0.16030868887901306,0,0,0
1745,34.9,0.25,0.23906421661376953,-0.0008839815855026245,0.010971453040838242,-0.010935783386230469,-0.0008839815855026245,0.43989497423171997,0.056915026158094406,0.39309021830558777,0.14409460127353668,0,0,0
1746,34.92,0.25,0.23002216219902039,-0.003172212513163686,0.020228123292326927,-0.019977837800979614,-0.003172212513163686,0.44016557931900024,0.05832747742533684,0.31117844581604004,0.14122647047042847,0,0,0
1747,34.94,0.25,0.23454250395298004,-0.007262076251208782,0.017078405246138573,-0.015457496047019958,-0.007262076251208782,0.44058430194854736,0.025367233902215958,0.2794458270072937,0.22812218964099884,0,0,0
1748,34.96,0.25,0.23624533414840698,-0.005960362963378429,0.014990556053817272,-0.013754665851593018,-0.005960362963378429,0.44118452072143555,0.026330923661589622,0.2646614611148834,0.19333608448505402,0,0,0
1749,34.980000000000004,0.25,0.23640166223049164,-0.005408558063209057,0.014634455554187298,-0.013598337769508362,-0.005408558063209057,0.4414929151535034,0.039634283632040024,0.23232100903987885,0.20098739862442017,0,0,0
1750,35.0,0.25,0.2426994889974594,-0.005209746770560741,0.008968775160610676,-0.007300511002540588,-0.005209746770560741,0.44167137145996094,0.03698223829269409,0.20227134227752686,0.2380068451166153,0,0,0
1751,35.02,0.25,0.246613010764122,-0.006303724832832813,0.007156021427363157,-0.0033869892358779907,-0.006303724832832813,0.44195666909217834,0.020159993320703506,0.15019288659095764,0.26897668838500977,0,0,0
1752,35.04,0.25,0.2477015256881714,-0.00993301346898079,0.010195476934313774,-0.0022984743118286133,-0.00993301346898079,0.44206470251083374,0.019711807370185852,0.2031736522912979,0.25722676515579224,0,0,0
1753,35.06,0.25,0.2510022819042206,-0.01306635420769453,0.013104738667607307,0.001002281904220581,-0.01306635420769453,0.44163990020751953,0.03736687824130058,0.2323845475912094,0.2637750804424286,0,0,0
1754,35.08,0.25,0.2542046904563904,-0.016391200944781303,0.016921905800700188,0.004204690456390381,-0.016391200944781303,0.440917432308197,0.03312332183122635,0.3351384997367859,0.3874817490577698,0,0,0
1755,35.1,0.25,0.24493898451328278,-0.015202232636511326,0.016022538766264915,-0.005061015486717224,-0.015202232636511326,0.4400032162666321,0.02614077553153038,0.4681780934333801,0.5094883441925049,0,0,0
1756,35.12,0.25,0.2478676438331604,-0.011218218132853508,0.011419079266488552,-0.0021323561668395996,-0.011218218132853508,0.43892472982406616,0.05499113351106644,0.44626614451408386,0.5718477368354797,0,0,0
1757,35.14,0.25,0.2501053512096405,-0.009041104465723038,0.00904171820729971,0.00010535120964050293,-0.009041104465723038,0.4380662441253662,0.0632031112909317,0.4382994771003723,0.4896160960197449,0,0,0
1758,35.160000000000004,0.25,0.24959696829319,-0.009266825392842293,0.009275585412979126,-0.00040303170680999756,-0.009266825392842293,0.43729618191719055,0.04815417155623436,0.3429252803325653,0.44480210542678833,0,0,0
1759,35.18,0.25,0.2457084059715271,-0.006226672790944576,0.007562356069684029,-0.0042915940284729,-0.006226672790944576,0.4365970492362976,0.008245446719229221,0.18545496463775635,0.3634459972381592,0,0,0
1760,35.2,0.25,0.23900176584720612,-0.0024948783684521914,0.011277657933533192,-0.010998234152793884,-0.0024948783684521914,0.4358202815055847,0.02657918632030487,0.10861317068338394,0.3046856224536896,0,0,0
1761,35.22,0.25,0.24053756892681122,0.0005687524098902941,0.009479508735239506,-0.009462431073188782,0.0005687524098902941,0.43505221605300903,0.046739719808101654,0.17110660672187805,0.20886436104774475,0,0,0
1762,35.24,0.25,0.24569442868232727,0.0039680046029388905,0.0058551691472530365,-0.0043055713176727295,0.0039680046029388905,0.43457943201065063,0.04885924607515335,0.2724953293800354,0.19149859249591827,0,0,0
1763,35.26,0.25,0.24676300585269928,0.00784431304782629,0.008485951460897923,-0.00323699414730072,0.00784431304782629,0.43432873487472534,0.03509531542658806,0.3401472270488739,0.2343538999557495,0,0,0
1764,35.28,0.25,0.24653340876102448,0.007032831199467182,0.007840788923203945,-0.003466591238975525,0.007032831199467182,0.43409955501556396,0.02653278410434723,0.37221217155456543,0.20504695177078247,0,0,0
1765,35.300000000000004,0.25,0.2495182901620865,0.004985293373465538,0.0050085121765732765,-0.0004817098379135132,0.004985293373465538,0.4338560104370117,0.02847185917198658,0.41484978795051575,0.20686949789524078,0,0,0
1766,35.32,0.25,0.24639979004859924,0.003626979887485504,0.0051104300655424595,-0.003600209951400757,0.003626979887485504,0.4334537088871002,0.04069412499666214,0.42350468039512634,0.1575670689344406,0,0,0
1767,35.34,0.25,0.25013765692710876,0.0017641158774495125,0.0017694785492494702,0.00013765692710876465,0.0017641158774495125,0.43304282426834106,0.03181328624486923,0.42188218235969543,0.22419346868991852,0,0,0
1768,35.36,0.25,0.25004541873931885,-0.0015702133532613516,0.0015708700520917773,4.5418739318847656e-05,-0.0015702133532613516,0.4328760504722595,0.03612483665347099,0.3527522683143616,0.20222172141075134,0,0,0
1769,35.38,0.25,0.2473624348640442,-0.003900730749592185,0.004708763211965561,-0.0026375651359558105,-0.003900730749592185,0.4327246844768524,0.034995999187231064,0.2707352638244629,0.2876429855823517,0,0,0
1770,35.4,0.25,0.250557541847229,-0.006250621750950813,0.006275438237935305,0.0005575418472290039,-0.006250621750950813,0.43249422311782837,0.03443479537963867,0.2611660361289978,0.23153267800807953,0,0,0
1771,35.42,0.25,0.25554534792900085,-0.008634628728032112,0.010261953808367252,0.0055453479290008545,-0.008634628728032112,0.4323139786720276,0.040721818804740906,0.3036137521266937,0.2526950240135193,0,0,0
1772,35.44,0.25,0.2533693015575409,-0.010300563648343086,0.010837610810995102,0.0033693015575408936,-0.010300563648343086,0.43207064270973206,0.03556443750858307,0.276464581489563,0.24169060587882996,0,0,0
1773,35.46,0.25,0.25413811206817627,-0.009445145726203918,0.010311874561011791,0.0041381120681762695,-0.009445145726203918,0.43149951100349426,0.047755010426044464,0.2723582684993744,0.17182894051074982,0,0,0
1774,35.480000000000004,0.25,0.25441232323646545,-0.006344436667859554,0.007727902382612228,0.004412323236465454,-0.006344436667859554,0.4307745099067688,0.05289033427834511,0.26179763674736023,0.2933652102947235,0,0,0
1775,35.5,0.25,0.2578287720680237,-0.0010705073364078999,0.007901623845100403,0.007828772068023682,-0.0010705073364078999,0.4299740195274353,0.062358930706977844,0.23743778467178345,0.27246665954589844,0,0,0
1776,35.52,0.25,0.26459425687789917,0.0034670173190534115,0.015000417828559875,0.01459425687789917,0.0034670173190534115,0.42938297986984253,0.06307855993509293,0.20720890164375305,0.1594034880399704,0,0,0
1777,35.54,0.25,0.2597016394138336,0.0033063716255128384,0.010249580256640911,0.009701639413833618,0.0033063716255128384,0.429161012172699,0.05976070836186409,0.2964117228984833,0.23540441691875458,0,0,0
1778,35.56,0.25,0.26037663221359253,-0.00216002413071692,0.010599066503345966,0.01037663221359253,-0.00216002413071692,0.4290007948875427,0.05695125088095665,0.3495696485042572,0.2230733335018158,0,0,0
1779,35.58,0.25,0.2535053789615631,0.001191146089695394,0.003702230518683791,0.0035053789615631104,0.001191146089695394,0.4289649426937103,0.05341459438204765,0.3259507417678833,0.24546578526496887,0,0,0
1780,35.6,0.25,0.2498904913663864,0.0005183941684663296,0.0005298345349729061,-0.00010950863361358643,0.0005183941684663296,0.4291840195655823,0.04177577793598175,0.3985625207424164,0.26009565591812134,0,0,0
1781,35.62,0.25,0.2488878071308136,0.0013980144867673516,0.0017864538822323084,-0.0011121928691864014,0.0013980144867673516,0.4295772314071655,0.03552808612585068,0.4416095018386841,0.3080451190471649,0,0,0
1782,35.64,0.25,0.24973905086517334,0.002302809152752161,0.0023175470996648073,-0.00026094913482666016,0.002302809152752161,0.4303221106529236,0.004002257715910673,0.5313435196876526,0.36384108662605286,0,0,0
1783,35.660000000000004,0.25,0.2589150369167328,0.0026550856418907642,0.009302008897066116,0.008915036916732788,0.0026550856418907642,0.4313119649887085,0.01393696665763855,0.4512158930301666,0.2769167423248291,0,0,0
1784,35.68,0.25,0.26035964488983154,0.002849220298230648,0.010744314640760422,0.010359644889831543,0.002849220298230648,0.43240517377853394,0.03278888761997223,0.4773206114768982,0.3062905967235565,0,0,0
1785,35.7,0.25,0.25385788083076477,0.001634483109228313,0.004189842380583286,0.0038578808307647705,0.001634483109228313,0.4335497319698334,0.029189933091402054,0.45125123858451843,0.26220056414604187,0,0,0
1786,35.72,0.25,0.2504099905490875,-0.0033245424274355173,0.0033497274853289127,0.0004099905490875244,-0.0033245424274355173,0.43446284532546997,0.03735487908124924,0.38408032059669495,0.3031029999256134,0,0,0
1787,35.74,0.25,0.24942617118358612,-0.004074031487107277,0.004114245064556599,-0.0005738288164138794,-0.004074031487107277,0.4352349042892456,0.037980739027261734,0.3186163306236267,0.3318425118923187,0,0,0
1788,35.76,0.25,0.24851396679878235,-0.0013002320192754269,0.00197456288151443,-0.0014860332012176514,-0.0013002320192754269,0.4358726143836975,0.04107564687728882,0.2473278045654297,0.34020641446113586,0,0,0
1789,35.78,0.25,0.24885423481464386,0.00036058551631867886,0.0012011659564450383,-0.0011457651853561401,0.00036058551631867886,0.43637457489967346,0.06070489063858986,0.1668945550918579,0.18242985010147095,0,0,0
1790,35.800000000000004,0.25,0.24637669324874878,0.00040461914613842964,0.003645828925073147,-0.0036233067512512207,0.00040461914613842964,0.43671613931655884,0.06148605793714523,0.08334352821111679,0.15340478718280792,0,0,0
1791,35.82,0.25,0.25253093242645264,-0.0013004010543227196,0.002845463342964649,0.0025309324264526367,-0.0013004010543227196,0.43690577149391174,0.0654655396938324,0.07019411027431488,0.14617286622524261,0,0,0
1792,35.84,0.25,0.25255024433135986,-0.0034905222710222006,0.0043229032307863235,0.0025502443313598633,-0.0034905222710222006,0.43706995248794556,0.06239396706223488,0.1510019749403,0.1900746077299118,0,0,0
1793,35.86,0.25,0.24650046229362488,-0.004866105038672686,0.0059938086196780205,-0.003499537706375122,-0.004866105038672686,0.4371994137763977,0.06565281748771667,0.1980135291814804,0.2078501135110855,0,0,0
1794,35.88,0.25,0.2439304143190384,-0.005194644443690777,0.0079890051856637,-0.006069585680961609,-0.005194644443690777,0.437125563621521,0.06287887692451477,0.3033353388309479,0.15732158720493317,0,0,0
1795,35.9,0.25,0.25040745735168457,-0.0065788384526968,0.006591444369405508,0.0004074573516845703,-0.0065788384526968,0.4371076822280884,0.06616008281707764,0.37151873111724854,0.12610699236392975,0,0,0
1796,35.92,0.25,0.25076761841773987,-0.008545600809156895,0.008580007590353489,0.0007676184177398682,-0.008545600809156895,0.43757903575897217,0.08460783213376999,0.33159783482551575,0.2212083637714386,0,0,0
1797,35.94,0.25,0.24595707654953003,-0.010977068915963173,0.011697917245328426,-0.004042923450469971,-0.010977068915963173,0.438197523355484,0.06243377551436424,0.3235915005207062,0.18447308242321014,0,0,0
1798,35.96,0.25,0.2482825517654419,-0.0135653642937541,0.013673651032149792,-0.0017174482345581055,-0.0135653642937541,0.4389282763004303,0.04957536235451698,0.35611584782600403,0.1471678614616394,0,0,0
1799,35.980000000000004,0.25,0.2516597509384155,-0.013307755813002586,0.013410859741270542,0.0016597509384155273,-0.013307755813002586,0.43968382477760315,0.049448464065790176,0.38080310821533203,0.1582787185907364,0,0,0
1800,36.0,0.25,0.24942442774772644,-0.01514698937535286,0.015157921239733696,-0.0005755722522735596,-0.01514698937535286,0.4403899013996124,0.05632380023598671,0.3128349781036377,0.19318491220474243,0,0,0
1801,36.02,0.25,0.25458499789237976,-0.015943851321935654,0.016590014100074768,0.004584997892379761,-0.015943851321935654,0.44119125604629517,0.07978031784296036,0.2525697648525238,0.1597069948911667,0,0,0
1802,36.04,0.25,0.24801978468894958,-0.015422736294567585,0.015549342148005962,-0.001980215311050415,-0.015422736294567585,0.4421594738960266,0.08121399581432343,0.13392764329910278,0.15342716872692108,0,0,0
1803,36.06,0.25,0.2463584840297699,-0.014717652462422848,0.015161462128162384,-0.0036415159702301025,-0.014717652462422848,0.44286954402923584,0.04955974966287613,0.16844314336776733,0.3082675635814667,0,0,0
1804,36.08,0.25,0.24372150003910065,-0.011950036510825157,0.013498997315764427,-0.006278499960899353,-0.011950036510825157,0.4431348443031311,0.052570588886737823,0.15252648293972015,0.24023137986660004,0,0,0
1805,36.1,0.25,0.24354514479637146,-0.01269145030528307,0.014238611795008183,-0.00645485520362854,-0.01269145030528307,0.44306454062461853,0.05461595207452774,0.16309936344623566,0.30404865741729736,0,0,0
1806,36.12,0.25,0.2445143163204193,-0.012653352692723274,0.013791303150355816,-0.0054856836795806885,-0.012653352692723274,0.44276511669158936,0.06190454959869385,0.2527500092983246,0.4224206507205963,0,0,0
1807,36.14,0.25,0.2488737255334854,-0.018335692584514618,0.0183702502399683,-0.0011262744665145874,-0.018335692584514618,0.4424377679824829,0.06131028011441231,0.35527610778808594,0.43991100788116455,0,0,0
1808,36.160000000000004,0.25,0.24580278992652893,-0.019565492868423462,0.020010624080896378,-0.004197210073471069,-0.019565492868423462,0.44210296869277954,0.06424733996391296,0.46066364645957947,0.48231565952301025,0,0,0
1809,36.18,0.25,0.24753041565418243,-0.01268649473786354,0.012924627400934696,-0.002469584345817566,-0.01268649473786354,0.4416358470916748,0.07507871091365814,0.4084988832473755,0.5281012654304504,0,0,0
1810,36.2,0.25,0.2505212128162384,-0.008273782208561897,0.008290182799100876,0.0005212128162384033,-0.008273782208561897,0.44121497869491577,0.08894140273332596,0.3867679834365845,0.4912581145763397,0,0,0
1811,36.22,0.25,0.2534123659133911,-0.006939406041055918,0.0077330200001597404,0.0034123659133911133,-0.006939406041055918,0.4409356117248535,0.08932126313447952,0.30963221192359924,0.41602692008018494,0,0,0
1812,36.24,0.25,0.2435876429080963,-0.004363527521491051,0.0077562034130096436,-0.0064123570919036865,-0.004363527521491051,0.44071656465530396,0.04882345721125603,0.21125631034374237,0.393592894077301,0,0,0
1813,36.26,0.25,0.24051862955093384,-0.002530468627810478,0.009813238866627216,-0.009481370449066162,-0.002530468627810478,0.44017094373703003,0.025259284302592278,0.04808535426855087,0.3016304671764374,0,0,0
1814,36.28,0.25,0.23360618948936462,0.001498999074101448,0.01646219938993454,-0.016393810510635376,0.001498999074101448,0.43955981731414795,0.04985963925719261,0.1794128119945526,0.23336225748062134,0,0,0
1815,36.300000000000004,0.25,0.23879584670066833,0.005087871104478836,0.012305262498557568,-0.011204153299331665,0.005087871104478836,0.43915992975234985,0.05631675571203232,0.3056333363056183,0.16988229751586914,0,0,0
1816,36.32,0.25,0.24695312976837158,0.007841313257813454,0.008412467315793037,-0.003046870231628418,0.007841313257813454,0.43913736939430237,0.026694875210523605,0.33403074741363525,0.20022206008434296,0,0,0
1817,36.34,0.25,0.24427516758441925,0.010618563741445541,0.012063481844961643,-0.0057248324155807495,0.010618563741445541,0.4396803379058838,0.04511241242289543,0.35890111327171326,0.25100579857826233,0,0,0
1818,36.36,0.25,0.24009326100349426,0.00816528033465147,0.012838040478527546,-0.009906738996505737,0.00816528033465147,0.44033941626548767,0.04693883657455444,0.38330093026161194,0.20894773304462433,0,0,0
1819,36.38,0.25,0.24132077395915985,0.0045569343492388725,0.009802785702049732,-0.008679226040840149,0.0045569343492388725,0.44088220596313477,0.04815961420536041,0.38402944803237915,0.1960870325565338,0,0,0
1820,36.4,0.25,0.24257853627204895,0.0017202855087816715,0.00761823495849967,-0.00742146372795105,0.0017202855087816715,0.441281795501709,0.046819720417261124,0.38936373591423035,0.12232068181037903,0,0,0
1821,36.42,0.25,0.24625656008720398,-0.0021724735852330923,0.00432816194370389,-0.0037434399127960205,-0.0021724735852330923,0.4416041970252991,0.035296861082315445,0.4041397273540497,0.2284523993730545,0,0,0
1822,36.44,0.25,0.24386262893676758,-0.00564496498554945,0.008338642306625843,-0.006137371063232422,-0.00564496498554945,0.4419582486152649,0.015219157561659813,0.3189743161201477,0.20102976262569427,0,0,0
1823,36.46,0.25,0.2418729066848755,-0.009717302396893501,0.012667897157371044,-0.008127093315124512,-0.009717302396893501,0.44226908683776855,0.017920585349202156,0.2844964265823364,0.1630157232284546,0,0,0
1824,36.480000000000004,0.25,0.24528273940086365,-0.012181362137198448,0.013062853366136551,-0.0047172605991363525,-0.012181362137198448,0.44230493903160095,0.01922299526631832,0.32156258821487427,0.21372205018997192,0,0,0
1825,36.5,0.25,0.24398034811019897,-0.013590741902589798,0.014864200726151466,-0.006019651889801025,-0.013590741902589798,0.44202160835266113,0.02794770337641239,0.27820906043052673,0.19298946857452393,0,0,0
1826,36.52,0.25,0.2467218041419983,-0.01413631159812212,0.014511439949274063,-0.003278195858001709,-0.01413631159812212,0.4414746165275574,0.030667006969451904,0.28475478291511536,0.17913609743118286,0,0,0
1827,36.54,0.25,0.24907898902893066,-0.014038925990462303,0.014069104567170143,-0.0009210109710693359,-0.014038925990462303,0.4405668377876282,0.03054981492459774,0.2866227626800537,0.2602558135986328,0,0,0
1828,36.56,0.25,0.2513628304004669,-0.014311105944216251,0.01437584962695837,0.001362830400466919,-0.014311105944216251,0.439238965511322,0.029395192861557007,0.2816760838031769,0.19747625291347504,0,0,0
1829,36.58,0.25,0.2533605694770813,-0.014728764072060585,0.015107279643416405,0.003360569477081299,-0.014728764072060585,0.43786054849624634,0.035797204822301865,0.2619010806083679,0.2627387046813965,0,0,0
1830,36.6,0.25,0.255293071269989,-0.014986159279942513,0.015893444418907166,0.005293071269989014,-0.014986159279942513,0.4365004897117615,0.02717513218522072,0.25297582149505615,0.17116962373256683,0,0,0
1831,36.62,0.25,0.25120219588279724,-0.012670308351516724,0.012727214954793453,0.0012021958827972412,-0.012670308351516724,0.43533992767333984,0.05020340532064438,0.26038306951522827,0.20609363913536072,0,0,0
1832,36.64,0.25,0.24797676503658295,-0.007538572419434786,0.007805353961884975,-0.0020232349634170532,-0.007538572419434786,0.4343678951263428,0.12182993441820145,0.23843614757061005,0.2264014482498169,0,0,0
1833,36.660000000000004,0.25,0.2419559508562088,-0.005531555041670799,0.009762419387698174,-0.008044049143791199,-0.005531555041670799,0.43343693017959595,0.11164087802171707,0.3608810305595398,0.30979570746421814,0,0,0
1834,36.68,0.25,0.2458173781633377,-0.00395035557448864,0.005753227975219488,-0.0041826218366622925,-0.00395035557448864,0.4328267574310303,0.08657325059175491,0.3399134874343872,0.3120129704475403,0,0,0
1835,36.7,0.25,0.24541302025318146,-0.0032447578851133585,0.005618615075945854,-0.0045869797468185425,-0.0032447578851133585,0.43276554346084595,0.07423167675733566,0.3987436294555664,0.33782875537872314,0,0,0
1836,36.72,0.25,0.24899756908416748,-0.004672632552683353,0.00477895000949502,-0.0010024309158325195,-0.004672632552683353,0.43305033445358276,0.06899340450763702,0.38583481311798096,0.27326443791389465,0,0,0
1837,36.74,0.25,0.24951007962226868,-0.004675624426454306,0.004701221827417612,-0.0004899203777313232,-0.004675624426454306,0.4335860013961792,0.06694232672452927,0.402408242225647,0.281745582818985,0,0,0
1838,36.76,0.25,0.2453303337097168,-0.005601262208074331,0.007292456459254026,-0.004669666290283203,-0.005601262208074331,0.434245765209198,0.061794549226760864,0.41672590374946594,0.3433111608028412,0,0,0
1839,36.78,0.25,0.24787642061710358,-0.0024046264588832855,0.003208086360245943,-0.0021235793828964233,-0.0024046264588832855,0.4349502921104431,0.04348396509885788,0.3491209149360657,0.29494839906692505,0,0,0
1840,36.800000000000004,0.25,0.24726831912994385,0.0015630226116627455,0.0031472400296479464,-0.0027316808700561523,0.0015630226116627455,0.43586063385009766,0.033563680946826935,0.36612367630004883,0.3478648364543915,0,0,0
1841,36.82,0.25,0.24929313361644745,0.0022444850765168667,0.002353162504732609,-0.0007068663835525513,0.0022444850765168667,0.4367241859436035,0.022117188200354576,0.26222434639930725,0.3108493983745575,0,0,0
1842,36.84,0.25,0.2494298666715622,0.0030583711341023445,0.0031110586132854223,-0.0005701333284378052,0.0030583711341023445,0.4373437762260437,0.012820245698094368,0.16152237355709076,0.2196594774723053,0,0,0
1843,36.86,0.25,0.2476087212562561,0.001836620387621224,0.0030151931568980217,-0.0023912787437438965,0.001836620387621224,0.43774285912513733,0.00501320930197835,0.05514899268746376,0.18999890983104706,0,0,0
1844,36.88,0.25,0.2427593469619751,-0.0006285237614065409,0.0072678811848163605,-0.007240653038024902,-0.0006285237614065409,0.43801748752593994,0.01939455047249794,0.061083510518074036,0.14824196696281433,0,0,0
1845,36.9,0.25,0.2379777729511261,-0.001505829393863678,0.012116165831685066,-0.012022227048873901,-0.001505829393863678,0.43804818391799927,0.04937011003494263,0.16357265412807465,0.16881383955478668,0,0,0
1846,36.92,0.25,0.24325965344905853,-0.0032940777018666267,0.007502214517444372,-0.006740346550941467,-0.0032940777018666267,0.4379065930843353,0.051658570766448975,0.2723366618156433,0.16412922739982605,0,0,0
1847,36.94,0.25,0.24973644316196442,-0.004947812296450138,0.004954827018082142,-0.0002635568380355835,-0.004947812296450138,0.43811243772506714,0.028518468141555786,0.3037411868572235,0.18176312744617462,0,0,0
1848,36.96,0.25,0.24910259246826172,-0.004331793636083603,0.004423773847520351,-0.0008974075317382812,-0.004331793636083603,0.43853238224983215,0.03344283625483513,0.28904545307159424,0.14034661650657654,0,0,0
1849,36.980000000000004,0.25,0.25095486640930176,-0.0036221432965248823,0.00374588998965919,0.0009548664093017578,-0.0036221432965248823,0.43915095925331116,0.04400445520877838,0.32893142104148865,0.13587118685245514,0,0,0
1850,37.0,0.25,0.24691876769065857,-0.004436404909938574,0.0054014516063034534,-0.0030812323093414307,-0.004436404909938574,0.4399840831756592,0.0526571199297905,0.317656010389328,0.17156442999839783,0,0,0
1851,37.02,0.25,0.24370500445365906,-0.006729721091687679,0.009214994497597218,-0.006294995546340942,-0.006729721091687679,0.4406658709049225,0.05269927531480789,0.3237457275390625,0.14475691318511963,0,0,0
1852,37.04,0.25,0.24929872155189514,-0.005477709695696831,0.0055224173702299595,-0.0007012784481048584,-0.005477709695696831,0.44132760167121887,0.042856473475694656,0.3178248405456543,0.14463461935520172,0,0,0
1853,37.06,0.25,0.24519523978233337,-0.007763342000544071,0.009129907004535198,-0.004804760217666626,-0.007763342000544071,0.44209370017051697,0.03300607204437256,0.2403688132762909,0.17277351021766663,0,0,0
1854,37.08,0.25,0.2475683093070984,-0.004529996309429407,0.005141399335116148,-0.0024316906929016113,-0.004529996309429407,0.4426993727684021,0.0337015800178051,0.2039087414741516,0.15782994031906128,0,0,0
1855,37.1,0.25,0.24971091747283936,-0.001250248635187745,0.001283234334550798,-0.00028908252716064453,-0.001250248635187745,0.44335073232650757,0.055050671100616455,0.17025813460350037,0.20671451091766357,0,0,0
1856,37.12,0.25,0.24702787399291992,-0.0003516795113682747,0.0029928600415587425,-0.002972126007080078,-0.0003516795113682747,0.44384291768074036,0.07048234343528748,0.18916602432727814,0.24931977689266205,0,0,0
1857,37.14,0.25,0.24252896010875702,-0.0022296560928225517,0.00779665308073163,-0.007471039891242981,-0.0022296560928225517,0.4438232183456421,0.05611368268728256,0.18080057203769684,0.2222069352865219,0,0,0
1858,37.160000000000004,0.25,0.2452230304479599,-0.004570021294057369,0.006610940210521221,-0.0047769695520401,-0.004570021294057369,0.443556547164917,0.0548131950199604,0.20448656380176544,0.3488021492958069,0,0,0
1859,37.18,0.25,0.25149005651474,-0.002428895328193903,0.002849526470527053,0.0014900565147399902,-0.002428895328193903,0.44320783019065857,0.07113609462976456,0.25017863512039185,0.25744330883026123,0,0,0
1860,37.2,0.25,0.2550916075706482,-0.0031304764561355114,0.0059769852086901665,0.005091607570648193,-0.0031304764561355114,0.44263821840286255,0.08475418388843536,0.3419351577758789,0.37539127469062805,0,0,0
1861,37.22,0.25,0.26397332549095154,-0.011714260093867779,0.018233971670269966,0.013973325490951538,-0.011714260093867779,0.442055881023407,0.0939464271068573,0.42463135719299316,0.3807147741317749,0,0,0
1862,37.24,0.25,0.2569206953048706,-0.010838069021701813,0.012859228998422623,0.0069206953048706055,-0.010838069021701813,0.4414522051811218,0.0815027505159378,0.46858057379722595,0.4552801847457886,0,0,0
1863,37.26,0.25,0.2577706575393677,-0.011931493878364563,0.014238808304071426,0.007770657539367676,-0.011931493878364563,0.44058021903038025,0.06134617701172829,0.38793623447418213,0.5199712514877319,0,0,0
1864,37.28,0.25,0.2572891116142273,-0.012215901166200638,0.014225308783352375,0.007289111614227295,-0.012215901166200638,0.4396098554134369,0.05737415701150894,0.3458579182624817,0.5371782183647156,0,0,0
1865,37.300000000000004,0.25,0.2556225657463074,-0.010781580582261086,0.01215959433466196,0.005622565746307373,-0.010781580582261086,0.43858954310417175,0.05213793367147446,0.25640225410461426,0.4605056643486023,0,0,0
1866,37.32,0.25,0.2479095309972763,-0.007626374717801809,0.007907696068286896,-0.002090469002723694,-0.007626374717801809,0.43771106004714966,0.015394658781588078,0.16113503277301788,0.38780614733695984,0,0,0
1867,37.34,0.25,0.24148310720920563,-0.0027413154020905495,0.008947193622589111,-0.008516892790794373,-0.0027413154020905495,0.4368519186973572,0.03048696182668209,0.12144634127616882,0.2602522075176239,0,0,0
1868,37.36,0.25,0.2427491843700409,0.0021004178561270237,0.007548912428319454,-0.0072508156299591064,0.0021004178561270237,0.4360122084617615,0.03961586207151413,0.19706223905086517,0.2035832703113556,0,0,0
1869,37.38,0.25,0.24562522768974304,0.0054032644256949425,0.006952258758246899,-0.004374772310256958,0.0054032644256949425,0.4354269206523895,0.0359814316034317,0.28725969791412354,0.19507557153701782,0,0,0
1870,37.4,0.25,0.24759593605995178,0.007028641179203987,0.0074284132570028305,-0.0024040639400482178,0.007028641179203987,0.4351351261138916,0.03213541954755783,0.35535576939582825,0.2059699296951294,0,0,0
1871,37.42,0.25,0.24868059158325195,0.006895469501614571,0.007020565215498209,-0.0013194084167480469,0.006895469501614571,0.43505966663360596,0.03603506088256836,0.4215753972530365,0.2105790078639984,0,0,0
1872,37.44,0.25,0.2533973455429077,0.0042675635777413845,0.005454727914184332,0.003397345542907715,0.0042675635777413845,0.4350986182689667,0.02675013616681099,0.4312930107116699,0.23498603701591492,0,0,0
1873,37.46,0.25,0.249710351228714,0.004782474599778652,0.0047912378795444965,-0.00028964877128601074,0.004782474599778652,0.4352676272392273,0.020845292136073112,0.3786317706108093,0.184442937374115,0,0,0
1874,37.480000000000004,0.25,0.24549181759357452,0.0018065535696223378,0.004856680519878864,-0.004508182406425476,0.0018065535696223378,0.43526679277420044,0.030784735456109047,0.35557520389556885,0.21707172691822052,0,0,0
1875,37.5,0.25,0.24186958372592926,-0.0016284463927149773,0.008291893638670444,-0.00813041627407074,-0.0016284463927149773,0.4351792633533478,0.04728875681757927,0.3090190291404724,0.2397499978542328,0,0,0
1876,37.52,0.25,0.23914290964603424,-0.003943153657019138,0.011550968512892723,-0.01085709035396576,-0.003943153657019138,0.4349686801433563,0.04539492726325989,0.2584607005119324,0.23738491535186768,0,0,0
1877,37.54,0.25,0.24536223709583282,-0.008055685088038445,0.00929531641304493,-0.004637762904167175,-0.008055685088038445,0.4347360134124756,0.028804752975702286,0.2877541780471802,0.19672831892967224,0,0,0
1878,37.56,0.25,0.24751560389995575,-0.009726973250508308,0.010039234533905983,-0.0024843961000442505,-0.009726973250508308,0.43458306789398193,0.011320456862449646,0.2628205120563507,0.28935229778289795,0,0,0
1879,37.58,0.25,0.24751713871955872,-0.011163868010044098,0.01143663190305233,-0.002482861280441284,-0.011163868010044098,0.43429967761039734,0.01756652258336544,0.2743167579174042,0.21968694031238556,0,0,0
1880,37.6,0.25,0.2475741058588028,-0.009664070792496204,0.009963896125555038,-0.0024258941411972046,-0.009664070792496204,0.43390363454818726,0.03002690151333809,0.25859004259109497,0.2314259260892868,0,0,0
1881,37.62,0.25,0.24495108425617218,-0.008193295449018478,0.009624013677239418,-0.00504891574382782,-0.008193295449018478,0.4332914352416992,0.0376809686422348,0.22231167554855347,0.17637860774993896,0,0,0
1882,37.64,0.25,0.2405722439289093,-0.008577292785048485,0.012745686806738377,-0.009427756071090698,-0.008577292785048485,0.4326798915863037,0.04348147287964821,0.1997682750225067,0.2902020812034607,0,0,0
1883,37.660000000000004,0.25,0.24394094944000244,-0.008031141944229603,0.0100603848695755,-0.006059050559997559,-0.008031141944229603,0.43202775716781616,0.06091021001338959,0.21145427227020264,0.24227353930473328,0,0,0
1884,37.68,0.25,0.24883809685707092,-0.0061387172900140285,0.006247709039598703,-0.0011619031429290771,-0.0061387172900140285,0.4316938817501068,0.05843158811330795,0.22706735134124756,0.2355169653892517,0,0,0
1885,37.7,0.25,0.2481480836868286,-0.006398619152605534,0.006661225110292435,-0.0018519163131713867,-0.006398619152605534,0.4318341910839081,0.09477487951517105,0.3358147144317627,0.26313889026641846,0,0,0
1886,37.72,0.25,0.24761925637722015,0.0014726859517395496,0.0027994185220450163,-0.002380743622779846,0.0014726859517395496,0.43230414390563965,0.05038696527481079,0.3874654173851013,0.29077354073524475,0,0,0
1887,37.74,0.25,0.24537287652492523,0.003032425418496132,0.005532257724553347,-0.004627123475074768,0.003032425418496132,0.43254056572914124,0.06727669388055801,0.35070887207984924,0.2741338312625885,0,0,0
1888,37.76,0.25,0.24841216206550598,0.004490641411393881,0.004763096570968628,-0.0015878379344940186,0.004490641411393881,0.43273159861564636,0.08472558110952377,0.3146776556968689,0.36518946290016174,0,0,0
1889,37.78,0.25,0.25003835558891296,0.0029714603442698717,0.0029717078432440758,3.835558891296387e-05,0.0029714603442698717,0.4334014356136322,0.05009092018008232,0.41029638051986694,0.3232566714286804,0,0,0
1890,37.800000000000004,0.25,0.25304925441741943,0.001393388956785202,0.00335253425873816,0.0030492544174194336,0.001393388956785202,0.4346332252025604,0.024368762969970703,0.44486626982688904,0.33952096104621887,0,0,0
1891,37.82,0.25,0.25385138392448425,0.00022330018691718578,0.0038578519597649574,0.003851383924484253,0.00022330018691718578,0.4361881911754608,0.020618241280317307,0.4368344843387604,0.27136194705963135,0,0,0
1892,37.84,0.25,0.25163182616233826,-0.0021647359244525433,0.0027108925860375166,0.0016318261623382568,-0.0021647359244525433,0.4376722276210785,0.025485403835773468,0.3922029733657837,0.27863821387290955,0,0,0
1893,37.86,0.25,0.24917073547840118,-0.0027611064724624157,0.002882947912439704,-0.0008292645215988159,-0.0027611064724624157,0.43886232376098633,0.03145755082368851,0.361958384513855,0.3212839365005493,0,0,0
1894,37.88,0.25,0.24761728942394257,-0.0037122159264981747,0.004411105997860432,-0.002382710576057434,-0.0037122159264981747,0.43970954418182373,0.031714580953121185,0.29485341906547546,0.27371999621391296,0,0,0
1895,37.9,0.25,0.2504757046699524,-0.002297251485288143,0.002345987828448415,0.0004757046699523926,-0.002297251485288143,0.44043025374412537,0.011131075210869312,0.23559227585792542,0.23301517963409424,0,0,0
1896,37.92,0.25,0.25129032135009766,-0.003083582501858473,0.00334266503341496,0.0012903213500976562,-0.003083582501858473,0.440920352935791,0.015110879205167294,0.12250879406929016,0.23436269164085388,0,0,0
1897,37.94,0.25,0.24958910048007965,-0.004386443179100752,0.004405646584928036,-0.0004108995199203491,-0.004386443179100752,0.4408912658691406,0.03236829861998558,0.026342948898673058,0.18224230408668518,0,0,0
1898,37.96,0.25,0.24449288845062256,-0.005252433009445667,0.007610278204083443,-0.005507111549377441,-0.005252433009445667,0.4404236078262329,0.05327500402927399,0.11018623411655426,0.15318286418914795,0,0,0
1899,37.980000000000004,0.25,0.24655070900917053,-0.004150391556322575,0.005396606400609016,-0.0034492909908294678,-0.004150391556322575,0.43981367349624634,0.04969653859734535,0.2160559743642807,0.18903370201587677,0,0,0
1900,38.0,0.25,0.24978715181350708,-0.00835384801030159,0.008356559090316296,-0.00021284818649291992,-0.00835384801030159,0.43942737579345703,0.03488709405064583,0.28496989607810974,0.1476895958185196,0,0,0
1901,38.02,0.25,0.2516581118106842,-0.011964141391217709,0.01207849383354187,0.001658111810684204,-0.011964141391217709,0.4392620325088501,0.017827579751610756,0.32002371549606323,0.1775084137916565,0,0,0
1902,38.04,0.25,0.25278207659721375,-0.01582236774265766,0.016065094619989395,0.002782076597213745,-0.01582236774265766,0.4392974078655243,0.025981511920690536,0.33822131156921387,0.1431104838848114,0,0,0
1903,38.06,0.25,0.2516697347164154,-0.015946365892887115,0.01603354699909687,0.0016697347164154053,-0.015946365892887115,0.4395659565925598,0.02293936349451542,0.37115487456321716,0.17215780913829803,0,0,0
1904,38.08,0.25,0.24980123341083527,-0.012928048148751259,0.012929576449096203,-0.0001987665891647339,-0.012928048148751259,0.44003820419311523,0.04794377461075783,0.3283185362815857,0.16477686166763306,0,0,0
1905,38.1,0.25,0.24926422536373138,-0.01211819238960743,0.012140507809817791,-0.0007357746362686157,-0.01211819238960743,0.4405691921710968,0.04634508118033409,0.3351934850215912,0.10983122140169144,0,0,0
1906,38.12,0.25,0.24266742169857025,-0.014008942991495132,0.01581193134188652,-0.0073325783014297485,-0.014008942991495132,0.44116270542144775,0.04268990457057953,0.3067183792591095,0.24029967188835144,0,0,0
1907,38.14,0.25,0.2365320920944214,-0.01909662038087845,0.023368043825030327,-0.013467907905578613,-0.01909662038087845,0.4416220188140869,0.0420231856405735,0.2538420259952545,0.18437473475933075,0,0,0
1908,38.160000000000004,0.25,0.23613615334033966,-0.01707141101360321,0.021991800516843796,-0.01386384665966034,-0.01707141101360321,0.4421520531177521,0.03746112436056137,0.17519938945770264,0.2654024064540863,0,0,0
1909,38.18,0.25,0.23715995252132416,-0.01649867743253708,0.020906295627355576,-0.012840047478675842,-0.01649867743253708,0.44267839193344116,0.040334805846214294,0.15192213654518127,0.1994169056415558,0,0,0
1910,38.2,0.25,0.23498176038265228,-0.015918239951133728,0.021884649991989136,-0.015018239617347717,-0.015918239951133728,0.4431517720222473,0.03935106098651886,0.18731017410755157,0.23257718980312347,0,0,0
1911,38.22,0.25,0.23613929748535156,-0.015051228925585747,0.020461147651076317,-0.013860702514648438,-0.015051228925585747,0.44323503971099854,0.05117864906787872,0.20269803702831268,0.23180392384529114,0,0,0
1912,38.24,0.25,0.23827755451202393,-0.01589147001504898,0.019747266545891762,-0.011722445487976074,-0.01589147001504898,0.4427673816680908,0.055629804730415344,0.25144416093826294,0.4236891567707062,0,0,0
1913,38.26,0.25,0.24519044160842896,-0.02129858359694481,0.02183486893773079,-0.004809558391571045,-0.02129858359694481,0.44200149178504944,0.03465156629681587,0.3338683545589447,0.4014134109020233,0,0,0
1914,38.28,0.25,0.24756397306919098,-0.024034487083554268,0.024157622829079628,-0.002436026930809021,-0.024034487083554268,0.4413321912288666,0.03255313262343407,0.4206836223602295,0.42692816257476807,0,0,0
1915,38.300000000000004,0.25,0.2511228322982788,-0.01847715489566326,0.01851123943924904,0.0011228322982788086,-0.01847715489566326,0.4406498968601227,0.050142064690589905,0.3892943263053894,0.5253645777702332,0,0,0
1916,38.32,0.25,0.25143295526504517,-0.013078616932034492,0.013156883418560028,0.001432955265045166,-0.013078616932034492,0.44033730030059814,0.081009142100811,0.4231495261192322,0.5215582847595215,0,0,0
1917,38.34,0.25,0.2505694031715393,-0.00920070894062519,0.009218310937285423,0.0005694031715393066,-0.00920070894062519,0.44005635380744934,0.09050010144710541,0.3406907021999359,0.46800729632377625,0,0,0
1918,38.36,0.25,0.24631020426750183,-0.005904018878936768,0.006962185725569725,-0.003689795732498169,-0.005904018878936768,0.43954479694366455,0.06594696640968323,0.18803638219833374,0.3928181827068329,0,0,0
1919,38.38,0.25,0.24340803921222687,-0.0008143186569213867,0.006642067804932594,-0.006591960787773132,-0.0008143186569213867,0.4388948082923889,0.02830377221107483,0.05787840113043785,0.2875358760356903,0,0,0
1920,38.4,0.25,0.241116002202034,0.004149947315454483,0.009805481880903244,-0.008883997797966003,0.004149947315454483,0.4384500980377197,0.05080002173781395,0.17394812405109406,0.2557411193847656,0,0,0
1921,38.42,0.25,0.23869359493255615,0.00771641731262207,0.013688604347407818,-0.011306405067443848,0.00771641731262207,0.438368022441864,0.05259522795677185,0.23893578350543976,0.18793365359306335,0,0,0
1922,38.44,0.25,0.23745320737361908,0.009529396891593933,0.015755360946059227,-0.01254679262638092,0.009529396891593933,0.4385415017604828,0.048555608838796616,0.3089379668235779,0.21209070086479187,0,0,0
1923,38.46,0.25,0.24191954731941223,0.008427787572145462,0.011675672605633736,-0.008080452680587769,0.008427787572145462,0.4386940598487854,0.048486240208148956,0.41893112659454346,0.17336507141590118,0,0,0
1924,38.480000000000004,0.25,0.2439594715833664,0.007552017457783222,0.009670623578131199,-0.006040528416633606,0.007552017457783222,0.43880629539489746,0.027606556192040443,0.42663392424583435,0.17161543667316437,0,0,0
1925,38.5,0.25,0.2456335425376892,0.009290758520364761,0.01026567816734314,-0.004366457462310791,0.009290758520364761,0.43894097208976746,0.01659369096159935,0.43072831630706787,0.17795628309249878,0,0,0
1926,38.52,0.25,0.24725350737571716,0.006754414178431034,0.007291456218808889,-0.002746492624282837,0.006754414178431034,0.4389312267303467,0.011774894781410694,0.4598780870437622,0.24964135885238647,0,0,0
1927,38.54,0.25,0.2428518682718277,0.0038371537812054157,0.008112924173474312,-0.007148131728172302,0.0038371537812054157,0.4387773871421814,0.016604401171207428,0.4095291793346405,0.20836471021175385,0,0,0
1928,38.56,0.25,0.2437470704317093,-0.0013781893067061901,0.006403009872883558,-0.0062529295682907104,-0.0013781893067061901,0.4384242296218872,0.010693120770156384,0.42368215322494507,0.2038843333721161,0,0,0
1929,38.58,0.25,0.2462526261806488,-0.006311771459877491,0.007340386044234037,-0.0037473738193511963,-0.006311771459877491,0.4379546642303467,0.013186097145080566,0.39907658100128174,0.2851487398147583,0,0,0
1930,38.6,0.25,0.2457462102174759,-0.006771029904484749,0.007996347732841969,-0.004253789782524109,-0.006771029904484749,0.43741652369499207,0.02462216094136238,0.320697546005249,0.24032071232795715,0,0,0
1931,38.62,0.25,0.2451876401901245,-0.006771046668291092,0.008306978270411491,-0.004812359809875488,-0.006771046668291092,0.437042236328125,0.04481686279177666,0.2401696741580963,0.18500138819217682,0,0,0
1932,38.64,0.25,0.2478903979063034,-0.008885711431503296,0.009132704697549343,-0.0021096020936965942,-0.008885711431503296,0.43670153617858887,0.03975481912493706,0.2591865360736847,0.160111665725708,0,0,0
1933,38.660000000000004,0.25,0.24916301667690277,-0.005699483677744865,0.005760612431913614,-0.000836983323097229,-0.005699483677744865,0.43629956245422363,0.011596676893532276,0.259131520986557,0.2574799656867981,0,0,0
1934,38.68,0.25,0.24770554900169373,-0.0067197238095104694,0.0071006473153829575,-0.0022944509983062744,-0.0067197238095104694,0.4357934594154358,0.0097215436398983,0.23292304575443268,0.1961781233549118,0,0,0
1935,38.7,0.25,0.24935922026634216,-0.004965372383594513,0.0050065480172634125,-0.0006407797336578369,-0.004965372383594513,0.4353424608707428,0.019953224807977676,0.20914077758789062,0.2234572470188141,0,0,0
1936,38.72,0.25,0.2603774070739746,-0.003839723765850067,0.011064992286264896,0.01037740707397461,-0.003839723765850067,0.4350697994232178,0.018268419429659843,0.21913762390613556,0.2552908957004547,0,0,0
1937,38.74,0.25,0.26389411091804504,-0.005744638852775097,0.015034865587949753,0.013894110918045044,-0.005744638852775097,0.43532595038414,0.08396686613559723,0.13709445297718048,0.19369827210903168,0,0,0
1938,38.76,0.25,0.26084089279174805,0.0027454160153865814,0.011183124035596848,0.010840892791748047,0.0027454160153865814,0.43598872423171997,0.10772248357534409,0.2784437835216522,0.27024009823799133,0,0,0
1939,38.78,0.25,0.2585448920726776,0.006900399923324585,0.010983200743794441,0.008544892072677612,0.006900399923324585,0.43677738308906555,0.08808640390634537,0.3653452396392822,0.31366416811943054,0,0,0
1940,38.800000000000004,0.25,0.25228703022003174,0.008700599893927574,0.008996162563562393,0.0022870302200317383,0.008700599893927574,0.43745824694633484,0.044288087636232376,0.35756030678749084,0.30197107791900635,0,0,0
1941,38.82,0.25,0.24951601028442383,0.009394794702529907,0.009407253004610538,-0.0004839897155761719,0.009394794702529907,0.43811047077178955,0.026555530726909637,0.3853203058242798,0.26587286591529846,0,0,0
1942,38.84,0.25,0.2487437129020691,0.008746675215661526,0.008836435154080391,-0.0012562870979309082,0.008746675215661526,0.43896326422691345,0.019229982048273087,0.43750613927841187,0.39179712533950806,0,0,0
1943,38.86,0.25,0.2481994479894638,0.0065241288393735886,0.006768031045794487,-0.0018005520105361938,0.0065241288393735886,0.43979310989379883,0.01563289389014244,0.39609795808792114,0.3595852255821228,0,0,0
1944,38.88,0.25,0.25064125657081604,0.004951215349137783,0.004992568865418434,0.00064125657081604,0.004951215349137783,0.4404532313346863,0.02845819666981697,0.3652811348438263,0.38929831981658936,0,0,0
1945,38.9,0.25,0.2514808475971222,0.0030068722553551197,0.0033517442643642426,0.0014808475971221924,0.0030068722553551197,0.44118988513946533,0.045820046216249466,0.3149130642414093,0.2845802903175354,0,0,0
1946,38.92,0.25,0.25085777044296265,0.006212851032614708,0.006271785125136375,0.0008577704429626465,0.006212851032614708,0.4415736794471741,0.02358829975128174,0.19008418917655945,0.25970765948295593,0,0,0
1947,38.94,0.25,0.2488783597946167,0.006970944814383984,0.007060605101287365,-0.0011216402053833008,0.006970944814383984,0.441562294960022,0.004882136359810829,0.08165808767080307,0.20791900157928467,0,0,0
1948,38.96,0.25,0.24541537463665009,0.005806503351777792,0.007398261222988367,-0.0045846253633499146,0.005806503351777792,0.4412730634212494,0.01634037494659424,0.03443465754389763,0.19421914219856262,0,0,0
1949,38.980000000000004,0.25,0.2476271241903305,0.006268129218369722,0.006702237296849489,-0.0023728758096694946,0.006268129218369722,0.4408375024795532,0.019821731373667717,0.09472397714853287,0.17326323688030243,0,0,0
1950,39.0,0.25,0.25204208493232727,0.0018904453609138727,0.0027827853336930275,0.0020420849323272705,0.0018904453609138727,0.44048142433166504,0.02922738902270794,0.1916937679052353,0.15958547592163086,0,0,0
1951,39.02,0.25,0.259633332490921,-0.002045696135610342,0.009848145768046379,0.00963333249092102,-0.002045696135610342,0.4404129981994629,0.034476231783628464,0.31826040148735046,0.15451613068580627,0,0,0
1952,39.04,0.25,0.26127511262893677,-0.0043716151267290115,0.01209293957799673,0.011275112628936768,-0.0043716151267290115,0.4405980706214905,0.04049965366721153,0.37521225214004517,0.18668611347675323,0,0,0
1953,39.06,0.25,0.2523104250431061,-0.005951798986643553,0.006384510546922684,0.002310425043106079,-0.005951798986643553,0.44087570905685425,0.041847046464681625,0.3310234248638153,0.19121374189853668,0,0,0
1954,39.08,0.25,0.24957036972045898,-0.005553542170673609,0.00557013601064682,-0.0004296302795410156,-0.005553542170673609,0.4410836100578308,0.027896327897906303,0.3369585871696472,0.14308103919029236,0,0,0
1955,39.1,0.25,0.24921245872974396,-0.0059012374840676785,0.005953555461019278,-0.0007875412702560425,-0.0059012374840676785,0.4413226246833801,0.031261127442121506,0.33351272344589233,0.16322395205497742,0,0,0
1956,39.12,0.25,0.25263822078704834,-0.0062561300583183765,0.006789651699364185,0.00263822078704834,-0.0062561300583183765,0.4416590929031372,0.02986191026866436,0.36150580644607544,0.11595641076564789,0,0,0
1957,39.14,0.25,0.25159528851509094,-0.00794929452240467,0.008107787929475307,0.0015952885150909424,-0.00794929452240467,0.4422854483127594,0.039181534200906754,0.31004223227500916,0.2061110883951187,0,0,0
1958,39.160000000000004,0.25,0.2554819583892822,-0.006949710194021463,0.008851572871208191,0.0054819583892822266,-0.006949710194021463,0.443007230758667,0.03881194442510605,0.2906126379966736,0.21734914183616638,0,0,0
1959,39.18,0.25,0.25522950291633606,-0.00611899932846427,0.008049214258790016,0.00522950291633606,-0.00611899932846427,0.4438186287879944,0.04043060541152954,0.2328859269618988,0.20884045958518982,0,0,0
1960,39.2,0.25,0.25140514969825745,-0.005395926535129547,0.005575882736593485,0.0014051496982574463,-0.005395926535129547,0.44454365968704224,0.049173448234796524,0.22444742918014526,0.2588382363319397,0,0,0
1961,39.22,0.25,0.2466132938861847,-0.005680687725543976,0.006613621953874826,-0.0033867061138153076,-0.005680687725543976,0.44481801986694336,0.06517016887664795,0.2183201164007187,0.30400821566581726,0,0,0
1962,39.24,0.25,0.24049890041351318,-0.005779922939836979,0.011121079325675964,-0.009501099586486816,-0.005779922939836979,0.4445958733558655,0.06372128427028656,0.245707169175148,0.2576885521411896,0,0,0
1963,39.26,0.25,0.24198362231254578,-0.0041181896813213825,0.009012313559651375,-0.008016377687454224,-0.0041181896813213825,0.4440174400806427,0.07769381999969482,0.3182115852832794,0.31953439116477966,0,0,0
1964,39.28,0.25,0.2501426339149475,-0.008005987852811813,0.008007258176803589,0.00014263391494750977,-0.008005987852811813,0.443186491727829,0.06626652181148529,0.3731848895549774,0.4432413876056671,0,0,0
1965,39.300000000000004,0.25,0.24360470473766327,-0.0082582738250494,0.010445041581988335,-0.006395295262336731,-0.0082582738250494,0.4421917200088501,0.08072102069854736,0.49862655997276306,0.3598467707633972,0,0,0
1966,39.32,0.25,0.23815974593162537,-0.006098241079598665,0.01331841479986906,-0.011840254068374634,-0.006098241079598665,0.4406169056892395,0.11587599664926529,0.4271450638771057,0.5054275989532471,0,0,0
1967,39.34,0.25,0.24259990453720093,-0.007640502415597439,0.010636667720973492,-0.007400095462799072,-0.007640502415597439,0.4388766586780548,0.09762520343065262,0.36673611402511597,0.5571969151496887,0,0,0
1968,39.36,0.25,0.24985551834106445,-0.008475849404931068,0.00847708061337471,-0.00014448165893554688,-0.008475849404931068,0.4375295042991638,0.07038997113704681,0.2363465577363968,0.4718645215034485,0,0,0
1969,39.38,0.25,0.24583736062049866,-0.006177033297717571,0.007448711898177862,-0.004162639379501343,-0.006177033297717571,0.4366796016693115,0.021424999460577965,0.1907011717557907,0.4274067282676697,0,0,0
1970,39.4,0.25,0.24083776772022247,-0.003570989705622196,0.009833537973463535,-0.009162232279777527,-0.003570989705622196,0.4360271096229553,0.029092058539390564,0.13446223735809326,0.24871832132339478,0,0,0
1971,39.42,0.25,0.24184900522232056,0.00027353689074516296,0.008155583404004574,-0.008150994777679443,0.00027353689074516296,0.43535658717155457,0.044265180826187134,0.17976872622966766,0.24392667412757874,0,0,0
1972,39.44,0.25,0.2380746304988861,0.004556973464787006,0.012766379863023758,-0.011925369501113892,0.004556973464787006,0.4349308907985687,0.04352713003754616,0.2841566503047943,0.2304888218641281,0,0,0
1973,39.46,0.25,0.24470338225364685,0.005476399324834347,0.007618734147399664,-0.005296617746353149,0.005476399324834347,0.43470269441604614,0.03137345612049103,0.33640241622924805,0.19442597031593323,0,0,0
1974,39.480000000000004,0.25,0.24894432723522186,0.006114788353443146,0.006205246318131685,-0.0010556727647781372,0.006114788353443146,0.4346930980682373,0.024697275832295418,0.3975140154361725,0.2190927118062973,0,0,0
1975,39.5,0.25,0.24669192731380463,0.003440860193222761,0.004773139953613281,-0.0033080726861953735,0.003440860193222761,0.434706449508667,0.023447033017873764,0.36599522829055786,0.2420203983783722,0,0,0
1976,39.52,0.25,0.24762073159217834,-0.00036839302629232407,0.002407619496807456,-0.0023792684078216553,-0.00036839302629232407,0.4345407485961914,0.015909941866993904,0.36082923412323,0.2588177025318146,0,0,0
1977,39.54,0.25,0.24197007715702057,-0.0022671115584671497,0.008343826979398727,-0.008029922842979431,-0.0022671115584671497,0.4342324435710907,0.03590816259384155,0.2261834293603897,0.2646738588809967,0,0,0
1978,39.56,0.25,0.23474423587322235,-0.0030433121137320995,0.015556352213025093,-0.015255764126777649,-0.0030433121137320995,0.43370869755744934,0.014456345699727535,0.18795658648014069,0.1715870499610901,0,0,0
1979,39.58,0.25,0.23500141501426697,-0.005853492300957441,0.016100339591503143,-0.014998584985733032,-0.005853492300957441,0.43273311853408813,0.03409861773252487,0.25579991936683655,0.20342233777046204,0,0,0
1980,39.6,0.25,0.23341436684131622,-0.009048597887158394,0.018893394619226456,-0.016585633158683777,-0.009048597887158394,0.4317157566547394,0.035753462463617325,0.20321786403656006,0.23688848316669464,0,0,0
1981,39.62,0.25,0.23489497601985931,-0.011426779441535473,0.01894024945795536,-0.015105023980140686,-0.011426779441535473,0.43081986904144287,0.03217751905322075,0.20497898757457733,0.2227007895708084,0,0,0
1982,39.64,0.25,0.240054652094841,-0.009498514235019684,0.013752516359090805,-0.009945347905158997,-0.009498514235019684,0.4301402270793915,0.03411580249667168,0.15380822122097015,0.2061537504196167,0,0,0
1983,39.660000000000004,0.25,0.248070627450943,-0.006474338471889496,0.0067557040601968765,-0.0019293725490570068,-0.006474338471889496,0.4298619031906128,0.041954368352890015,0.17024590075016022,0.19220004975795746,0,0,0
1984,39.68,0.25,0.2485278993844986,-0.004574274644255638,0.004805316682904959,-0.0014721006155014038,-0.004574274644255638,0.42996805906295776,0.04377873241901398,0.16966009140014648,0.22455862164497375,0,0,0
1985,39.7,0.25,0.24579516053199768,-0.004750529769808054,0.0063441479578614235,-0.004204839468002319,-0.004750529769808054,0.43025991320610046,0.03702316805720329,0.20948895812034607,0.1487635374069214,0,0,0
1986,39.72,0.25,0.23984327912330627,-0.003835119307041168,0.010856661945581436,-0.010156720876693726,-0.003835119307041168,0.4304712116718292,0.030261827632784843,0.24827247858047485,0.22136400640010834,0,0,0
1987,39.74,0.25,0.23694635927677155,-0.004527770448476076,0.0138165932148695,-0.013053640723228455,-0.004527770448476076,0.43030938506126404,0.04240044578909874,0.2850850820541382,0.24048525094985962,0,0,0
1988,39.76,0.25,0.22978372871875763,0.0009602564387023449,0.02023906446993351,-0.02021627128124237,0.0009602564387023449,0.43019258975982666,0.07067764550447464,0.27379247546195984,0.18947994709014893,0,0,0
1989,39.78,0.25,0.23062239587306976,0.0025825295597314835,0.019548937678337097,-0.019377604126930237,0.0025825295597314835,0.4300679862499237,0.08451195806264877,0.2763436436653137,0.35378432273864746,0,0,0
1990,39.800000000000004,0.25,0.22866801917552948,0.004999822471290827,0.021910080686211586,-0.02133198082447052,0.004999822471290827,0.43009763956069946,0.07722889631986618,0.3490796685218811,0.322162002325058,0,0,0
1991,39.82,0.25,0.2332807034254074,0.004932757001370192,0.017431780695915222,-0.01671929657459259,0.004932757001370192,0.4305773079395294,0.057532455772161484,0.34685665369033813,0.28944656252861023,0,0,0
1992,39.84,0.25,0.23523828387260437,0.006092080380767584,0.015969399362802505,-0.01476171612739563,0.006092080380767584,0.4314802885055542,0.04382507875561714,0.3518581986427307,0.372763454914093,0,0,0
1993,39.86,0.25,0.23855160176753998,0.007021777331829071,0.013430234044790268,-0.011448398232460022,0.007021777331829071,0.43267035484313965,0.034332357347011566,0.31432607769966125,0.320125937461853,0,0,0
1994,39.88,0.25,0.2456987500190735,0.007536075543612242,0.008677165023982525,-0.004301249980926514,0.007536075543612242,0.4340013563632965,0.018078872933983803,0.26009801030158997,0.3060937821865082,0,0,0
1995,39.9,0.25,0.24998867511749268,0.005465663503855467,0.0054656751453876495,-1.1324882507324219e-05,0.005465663503855467,0.43546262383461,0.031010286882519722,0.2834535837173462,0.3175998330116272,0,0,0
1996,39.92,0.25,0.2515157461166382,0.005822022911161184,0.006016097962856293,0.0015157461166381836,0.005822022911161184,0.43708932399749756,0.03650875389575958,0.23306070268154144,0.3062839210033417,0,0,0
1997,39.94,0.25,0.24752016365528107,0.005441111512482166,0.005979572422802448,-0.002479836344718933,0.005441111512482166,0.43847137689590454,0.018857982009649277,0.1577492207288742,0.2914855182170868,0,0,0
1998,39.96,0.25,0.24582724273204803,0.00432395888492465,0.0060090371407568455,-0.004172757267951965,0.00432395888492465,0.43961554765701294,0.01731567271053791,0.061917513608932495,0.18277882039546967,0,0,0
1999,39.980000000000004,0.25,0.0,0.0,0.25,-0.25,0.0,0.400650292634964,0.02392449602484703,0.0,0.1813027411699295,1,1,0
